date,topic,text,text_clean
2025-11-01T18:01:06+00:00,3,"Главные новости к вечеру Правительство утвердило перенос реформы утильсбора. Теперь россияне могут заселяться в гостиницы, предъявив вместо российского паспорта загранпаспорт, а с 1 января 2026 года — водительское удостоверение. Активы экс-главы Крымского района Кубани Сергея Леся и его семьи арестованы. Онлайн-банк Revolut закрывает счета российских клиентов, у которых нет вида на жительство в ЕС или европейского гражданства. В Белгородской области сбежал задержанный за убийство и изнасилование военнослужащий. #главноеквечеру",главные новости к вечеру правительство утвердило перенос реформы утильсбора теперь россияне могут заселяться в гостиницы предъявив вместо российского паспорта загранпаспорт а с января года водительское удостоверение активы экс главы крымского района кубани сергея леся и его семьи арестованы онлайн банк revolut закрывает счета российских клиентов у которых нет вида на жительство в ес или европейского гражданства в белгородской области сбежал задержанный за убийство и изнасилование военнослужащий
2025-11-01T17:34:42+00:00,3,"Атомная подводная лодка «Хабаровск» спущена на воду в Северодвинске, сообщили в Минобороны. Этот носитель подводного оружия и роботизированных средств позволит успешно решать задачи по защите интересов России в Мировом океане, отметили в ведомстве. Подписывайтесь на «Ъ»|Оставляйте «бусты»",атомная подводная лодка хабаровск спущена на воду в северодвинске сообщили в минобороны этот носитель подводного оружия и роботизированных средств позволит успешно решать задачи по защите интересов россии в мировом океане отметили в ведомстве подписывайтесь на ъ оставляйте бусты
2025-11-01T17:14:39+00:00,4,"Онлайн-банк Revolut начал блокировать счета российских клиентов, у которых нет вида на жительство в Евросоюзе или европейского гражданства. Финансовое учреждение, ссылаясь на недавно принятый ЕС 19-й пакет санкций против России, с коротким интервалом разослало россиянам два сообщения. В первом была просьба предоставить копию вида на жительство, во втором — уведомление о закрытии счета. Такие сообщения получили россияне, живущие в странах ЕС с долгосрочными визами или видом на жительство. Revolut оставался одной из немногих финансовых организаций, готовых открывать счета российским гражданам, которые уехали из страны после начала военных действий на Украине. Подписывайтесь на «Ъ»|Оставляйте «бусты»",онлайн банк revolut начал блокировать счета российских клиентов у которых нет вида на жительство в евросоюзе или европейского гражданства финансовое учреждение ссылаясь на недавно принятый ес й пакет санкций против россии с коротким интервалом разослало россиянам два сообщения в первом была просьба предоставить копию вида на жительство во втором уведомление о закрытии счета такие сообщения получили россияне живущие в странах ес с долгосрочными визами или видом на жительство revolut оставался одной из немногих финансовых организаций готовых открывать счета российским гражданам которые уехали из страны после начала военных действий на украине подписывайтесь на ъ оставляйте бусты
2025-11-01T16:24:55+00:00,3,"Образование, ЖКХ, здравоохранение и туризм должны стать первыми отраслями, где появятся стандарты обработки персональных данных вместо согласий, сообщили ""Ъ FM"" в РКН. Ранее глава Роскомнадзора Андрей Липов предложил вместо института согласий на обработку персональных данных ввести отраслевые стандарты. По его словам, собирать согласия на «каждое действие» — устаревший способ. Как заявили ""Ъ FM"" в РКН, концепция отраслевых стандартов уже сформирована и поддержана рядом федеральных ведомств: Стандарты — это конкретные «правила игры» для каждой отрасли. Они будут включать: перечень необходимых данных, сроки хранения и порядок уничтожения информации, правовые основания обработки (договор или закон), источники данных (госcистемы, уполномоченные органы, документы) и порядок взаимодействия с человеком по вопросам обработки данных. В стандарты будут «вшиты» принципы закона «О персональных данных», прежде всего минимизация данных. Это даст понятные инструкции организациям, которые хотят работать честно, но не имеют ресурсов на юристов. В первую очередь стандарты появятся в сферах, где обработка данных критична и затрагивает массового потребителя: образование, ЖКХ, здравоохранение и туризм. Работа экспертов и представителей бизнеса над содержанием стандартов уже начата на площадке Центра компетенций в сфере персональных данных Главного радиочастотного центра. Задача стандарта — защитить человека от избыточного сбора данных и злоупотреблений со стороны организаций, которые принуждают предоставлять многочисленные согласия, чтобы снять с себя ответственность и переложить риски на граждан. Слушать прямой эфир",образование жкх здравоохранение и туризм должны стать первыми отраслями где появятся стандарты обработки персональных данных вместо согласий сообщили ъ fm в ркн ранее глава роскомнадзора андрей липов предложил вместо института согласий на обработку персональных данных ввести отраслевые стандарты по его словам собирать согласия на каждое действие устаревший способ как заявили ъ fm в ркн концепция отраслевых стандартов уже сформирована и поддержана рядом федеральных ведомств стандарты это конкретные правила игры для каждой отрасли они будут включать перечень необходимых данных сроки хранения и порядок уничтожения информации правовые основания обработки договор или закон источники данных госcистемы уполномоченные органы документы и порядок взаимодействия с человеком по вопросам обработки данных в стандарты будут вшиты принципы закона о персональных данных прежде всего минимизация данных это даст понятные инструкции организациям которые хотят работать честно но не имеют ресурсов на юристов в первую очередь стандарты появятся в сферах где обработка данных критична и затрагивает массового потребителя образование жкх здравоохранение и туризм работа экспертов и представителей бизнеса над содержанием стандартов уже начата на площадке центра компетенций в сфере персональных данных главного радиочастотного центра задача стандарта защитить человека от избыточного сбора данных и злоупотреблений со стороны организаций которые принуждают предоставлять многочисленные согласия чтобы снять с себя ответственность и переложить риски на граждан слушать прямой эфир
2025-11-01T16:09:31+00:00,3,"Премьер-министр Венгрии Виктор Обран назвал вопрос о российских нефти и газе одним из центральных на переговорах с Дональдом Трампом в Вашингтоне, которые состоятся на будущей неделе. Господин Орбан добивается исключения Венгрии из санкций против российских энергетических компаний. Это позволит стране продолжить закупки нефти и газа из России. Кроме того, он назвал мир на Украине «одной из важных тем переговоров в Вашингтоне». Переговоры могут вернуть идею российско-американского саммита в Будапеште. Проведение такого саммита и продолжение поставок российских энергоносителей в Венгрию во многом определит политическое будущее Виктора Орбана. _ Подробнее — в материале «Битва за Будапешт»._ Подписывайтесь на «Ъ»|Оставляйте «бусты»",премьер министр венгрии виктор обран назвал вопрос о российских нефти и газе одним из центральных на переговорах с дональдом трампом в вашингтоне которые состоятся на будущей неделе господин орбан добивается исключения венгрии из санкций против российских энергетических компаний это позволит стране продолжить закупки нефти и газа из россии кроме того он назвал мир на украине одной из важных тем переговоров в вашингтоне переговоры могут вернуть идею российско американского саммита в будапеште проведение такого саммита и продолжение поставок российских энергоносителей в венгрию во многом определит политическое будущее виктора орбана подробнее в материале битва за будапешт подписывайтесь на ъ оставляйте бусты
2025-11-01T15:13:46+00:00,4,"Российские металлурги могут поднять цены на стальную заготовку в черноморских портах вслед за укреплением рубля и повышением стоимости полуфабрикатов из Китая, стало известно «Ъ». Экспортеры из стран СНГ планируют повышение цен до $443–447 за тонну в портах Черного моря. Поддержать котировки должен в том числе ожидаемый рост импорта турецкими заводами. В то же время китайские металлурги усиливают присутствие на соседних с Россией рынках, что ужесточает конкуренцию для российских компаний. #Ъузнал",российские металлурги могут поднять цены на стальную заготовку в черноморских портах вслед за укреплением рубля и повышением стоимости полуфабрикатов из китая стало известно ъ экспортеры из стран снг планируют повышение цен до за тонну в портах черного моря поддержать котировки должен в том числе ожидаемый рост импорта турецкими заводами в то же время китайские металлурги усиливают присутствие на соседних с россией рынках что ужесточает конкуренцию для российских компаний
2025-11-01T14:41:44+00:00,2,"За третий квартал 2025 года в России было зафиксировано более 42 тыс. кибератак, 7,6 тыс. из которых признали высококритичными. По данным ИБ-компании RED Security SOC, это на 73% больше показателей прошлого года и составляет 40% от всех годовых инцидентов. Основными целями злоумышленников стали телекоммуникации, ИТ, финансовый сектор и медиаиндустрия. Наибольший рост продемонстрировали атаки на медиаотрасль (43%). Аналитики также сообщают о росте сложных целевых атак, фишинговых кампаний и использовании злоумышленниками легитимных инструментов, которые сложно обнаружить. Сети меняются. Мы следим. Подписывайтесь.",за третий квартал года в россии было зафиксировано более тыс кибератак тыс из которых признали высококритичными по данным иб компании red security soc это на больше показателей прошлого года и составляет от всех годовых инцидентов основными целями злоумышленников стали телекоммуникации ит финансовый сектор и медиаиндустрия наибольший рост продемонстрировали атаки на медиаотрасль аналитики также сообщают о росте сложных целевых атак фишинговых кампаний и использовании злоумышленниками легитимных инструментов которые сложно обнаружить сети меняются мы следим подписывайтесь
2025-11-01T14:17:16+00:00,3,"Тысячи человек вышли на акцию протеста в Рио-де-Жанейро после масштабной полицейской операции против банд наркоторговцев, в ходе которой погиб по меньшей мере 121 человек, сообщает The Guardian. Как отмечает издание, она стала самой кровопролитной полицейской операцией в истории Бразилии. Протестующие требуют расследования обстоятельств этой операции и отказа от такой политики в сфере безопасности, которая превращает бедные кварталы города «в зону военных действий». Подписывайтесь на «Ъ»|Оставляйте «бусты»",тысячи человек вышли на акцию протеста в рио де жанейро после масштабной полицейской операции против банд наркоторговцев в ходе которой погиб по меньшей мере человек сообщает the guardian как отмечает издание она стала самой кровопролитной полицейской операцией в истории бразилии протестующие требуют расследования обстоятельств этой операции и отказа от такой политики в сфере безопасности которая превращает бедные кварталы города в зону военных действий подписывайтесь на ъ оставляйте бусты
2025-11-01T14:06:59+00:00,0,"В ночь с 31 октября на 1 ноября в мире отметили Хэллоуин. В честь праздника принято наряжаться в костюмы, а его символом считается фонарь из тыквы с вырезанной гримасой. Кадры с парадов и вечеринок из разных стран — в фотогалерее «Ъ». Подписывайтесь на «Ъ»|Оставляйте «бусты»",в ночь с октября на ноября в мире отметили хэллоуин в честь праздника принято наряжаться в костюмы а его символом считается фонарь из тыквы с вырезанной гримасой кадры с парадов и вечеринок из разных стран в фотогалерее ъ подписывайтесь на ъ оставляйте бусты
2025-11-01T13:53:08+00:00,10,"Генпрокуратура утвердила обвинение по уголовному делу в отношении экс-гендиректора ООО «Крокус наноэлектроника» Андрея Кушнарева о растрате 7,5 млрд руб., сообщили в ведомстве. По версии следствия, господин Кушнарев совместно с экс-руководителем АО «Роснано» Юрием Удальцовым и группой неустановленных лиц растратили более 7,5 млрд руб. компании, вверенных господину Удальцову. Денежные средства предназначались для реализации проекта «MRAM: Создание производства магниторезистивной оперативной памяти в России». Отмечается, что Андрей Кушнарев находится под стражей, а Юрий Удальцов объявлен в международный уголовный розыск. Расследование дела в отношении неустановленных лиц продолжается. _ Суды общей юрисдикции Москвы_ Подписывайтесь на «Ъ»|Оставляйте «бусты»",генпрокуратура утвердила обвинение по уголовному делу в отношении экс гендиректора ооо крокус наноэлектроника андрея кушнарева о растрате млрд руб сообщили в ведомстве по версии следствия господин кушнарев совместно с экс руководителем ао роснано юрием удальцовым и группой неустановленных лиц растратили более млрд руб компании вверенных господину удальцову денежные средства предназначались для реализации проекта mram создание производства магниторезистивной оперативной памяти в россии отмечается что андрей кушнарев находится под стражей а юрий удальцов объявлен в международный уголовный розыск расследование дела в отношении неустановленных лиц продолжается суды общей юрисдикции москвы подписывайтесь на ъ оставляйте бусты
2025-11-01T13:42:19+00:00,3,"«Ъ» узнал, как парламентские партии отметят учрежденный 20 лет назад День народного единства: «Единая Россия»: Акцент на поддержку СВО. Партия проведет акцию «Тепло для бойцов» (передача зимней одежды, генераторов), организует экскурсии и концерты для военнослужащих. В основе лежит идея единства в условиях спецоперации. «Справедливая Россия»: Главная тема — также СВО. Как сообщили «Ъ» в пресс-службе партии, активисты региональных отделений навестят и поздравят семьи участников СВО, посетят на передовой подшефные подразделения партии и вручат им гуманитарную помощь. В крупных городах пройдут общегородские митинг-концерты, ярмарки, народные гулянья. У ЛДПР заготовлена самая обширная программа. Запланированы десятки митингов и автопробегов, благотворительные концерты, вручение медалей «За помощь СВО». В Москве — митинг с выступлением лидера партии. «Новые люди» выбрали более «мирный» и даже «семейный» формат торжеств. Партия проведет акцию «Россия — большая семья» с интерактивными фотозонами, где можно примерить национальные костюмы с помощью ИИ и поучаствовать в исторических викторинах. КПРФ по традиции проигнорирует дату 4 ноября, отметив вместо нее годовщину Октябрьской революции 7 ноября. Главное событие — международный медиафорум «Правда против неофашизма», митинг в центре Москвы и возложение цветов к Мавзолею Ленина. #Ъузнал",ъ узнал как парламентские партии отметят учрежденный лет назад день народного единства единая россия акцент на поддержку сво партия проведет акцию тепло для бойцов передача зимней одежды генераторов организует экскурсии и концерты для военнослужащих в основе лежит идея единства в условиях спецоперации справедливая россия главная тема также сво как сообщили ъ в пресс службе партии активисты региональных отделений навестят и поздравят семьи участников сво посетят на передовой подшефные подразделения партии и вручат им гуманитарную помощь в крупных городах пройдут общегородские митинг концерты ярмарки народные гулянья у лдпр заготовлена самая обширная программа запланированы десятки митингов и автопробегов благотворительные концерты вручение медалей за помощь сво в москве митинг с выступлением лидера партии новые люди выбрали более мирный и даже семейный формат торжеств партия проведет акцию россия большая семья с интерактивными фотозонами где можно примерить национальные костюмы с помощью ии и поучаствовать в исторических викторинах кпрф по традиции проигнорирует дату ноября отметив вместо нее годовщину октябрьской революции ноября главное событие международный медиафорум правда против неофашизма митинг в центре москвы и возложение цветов к мавзолею ленина
2025-11-01T13:12:14+00:00,4,"Туристический центр Финляндии теряет €1 млн в день из-за закрытия границы с Россией, сообщает Bloomberg. Безработица в Иматре, популярном курортном городе Финляндии, достигла 15%, значительно превышая средний показатель по стране в 9,1%. В городе, где проживает около 25 тыс. человек, многие магазины закрыты, а компании сокращают персонал, сообщает агентство. Руководитель направления маркетинга и туризма в администрации Иматры Якко Яппинен разрабатывает новую стратегию для восстановления экономики. Город планирует привлекать туристов из других стран. Подписывайтесь на «Ъ»|Оставляйте «бусты»",туристический центр финляндии теряет млн в день из за закрытия границы с россией сообщает bloomberg безработица в иматре популярном курортном городе финляндии достигла значительно превышая средний показатель по стране в в городе где проживает около тыс человек многие магазины закрыты а компании сокращают персонал сообщает агентство руководитель направления маркетинга и туризма в администрации иматры якко яппинен разрабатывает новую стратегию для восстановления экономики город планирует привлекать туристов из других стран подписывайтесь на ъ оставляйте бусты
2025-11-01T13:11:04+00:00,3,"Правительство РФ перенесло ввод новых правил расчета утильсбора для легковых автомобилей на 1 декабря 2025 года. Новый механизм расчета будет учитывать тип и объем двигателя, а мощность повлияет на коэффициент по прогрессивной шкале. Перенос сроков позволит избежать проблем для граждан, которые уже заказали автомобили мощностью свыше 160 л.с., но столкнулись с задержками поставок. Утвержденные параметры не затронут тех, кто оплатил утильсбор до их вступления в силу. Подписывайтесь на «Ъ»|Оставляйте «бусты»",правительство рф перенесло ввод новых правил расчета утильсбора для легковых автомобилей на декабря года новый механизм расчета будет учитывать тип и объем двигателя а мощность повлияет на коэффициент по прогрессивной шкале перенос сроков позволит избежать проблем для граждан которые уже заказали автомобили мощностью свыше л с но столкнулись с задержками поставок утвержденные параметры не затронут тех кто оплатил утильсбор до их вступления в силу подписывайтесь на ъ оставляйте бусты
2025-11-01T12:37:06+00:00,3,"Депозитарий Euroclear начал разблокировку активов россиян без американской лицензии OFAC. Юрист адвокатского бюро NSP Глеб Бойко заявил, что известно уже о трех успешных случаях такой разблокировки у разных брокеров. Теперь процесс возможен без участия американского регулятора, если: в транзакции не участвуют американские лица или финансовые институты; перестановка активов осуществляется внутри Euroclear; у инвестора есть лицензия Казначейства Бельгии. В 2022 году активы российских инвесторов были заблокированы в европейских депозитариях Euroclear и Clearstream. Объем замороженных средств оценивался в 6 трлн руб. Подписывайтесь на «Ъ»|Оставляйте «бусты»",депозитарий euroclear начал разблокировку активов россиян без американской лицензии ofac юрист адвокатского бюро nsp глеб бойко заявил что известно уже о трех успешных случаях такой разблокировки у разных брокеров теперь процесс возможен без участия американского регулятора если в транзакции не участвуют американские лица или финансовые институты перестановка активов осуществляется внутри euroclear у инвестора есть лицензия казначейства бельгии в году активы российских инвесторов были заблокированы в европейских депозитариях euroclear и clearstream объем замороженных средств оценивался в трлн руб подписывайтесь на ъ оставляйте бусты
2025-11-01T12:19:34+00:00,3,"Президент Венесуэлы Николас Мадуро обратился за помощью к России, Китаю и Ирану на фоне усиливающегося военного давления со стороны США, сообщила газета The Washington Post. В частности, Владимира Путина он попросил помочь в укреплении системы ПВО Венесуэлы, в том числе за счет ремонта закупленных у Москвы истребителей Су-30. По данным газеты, он также попросил поставить партию российских ракет и предоставить логистическую помощь. Американские СМИ узнали об утверждении списка целей для ударов по Венесуэле, которые, как утверждает Вашингтон, связаны с наркокартелями. Дональд Трамп отрицает подготовку к нападению. Подписывайтесь на «Ъ»|Оставляйте «бусты»",президент венесуэлы николас мадуро обратился за помощью к россии китаю и ирану на фоне усиливающегося военного давления со стороны сша сообщила газета the washington post в частности владимира путина он попросил помочь в укреплении системы пво венесуэлы в том числе за счет ремонта закупленных у москвы истребителей су по данным газеты он также попросил поставить партию российских ракет и предоставить логистическую помощь американские сми узнали об утверждении списка целей для ударов по венесуэле которые как утверждает вашингтон связаны с наркокартелями дональд трамп отрицает подготовку к нападению подписывайтесь на ъ оставляйте бусты
2025-11-01T11:49:29+00:00,10,"Активы экс-главы Крымского района Кубани Сергея Леся и его семьи арестованы, стало известно «Ъ-Кубань». Ранее его задержали по подозрению в хищении государственных участков на сумму 2 млрд руб. Прокуратура подала иск об обращении в доход государства имущества Сергея Леся, его родных и знакомых. Истцами также выступают Минфин, Федеральное казначейство и ФССП. _Telegram-канал Сергея Леся_ Подписывайтесь на «Ъ»|Оставляйте «бусты»",активы экс главы крымского района кубани сергея леся и его семьи арестованы стало известно ъ кубань ранее его задержали по подозрению в хищении государственных участков на сумму млрд руб прокуратура подала иск об обращении в доход государства имущества сергея леся его родных и знакомых истцами также выступают минфин федеральное казначейство и фссп telegram канал сергея леся подписывайтесь на ъ оставляйте бусты
2025-11-01T11:38:40+00:00,3,"Банк России ужесточил регулирование для кредитования заемщиков с высокой долговой нагрузкой как в розничном, так и в корпоративном сегменте. С начала 2026 года для ипотечных кредитов под индивидуальное жилье и для нецелевых кредитов под залог недвижимости будут снижены лимиты выдачи кредитов для закредитованных граждан. Для кредитов крупным компаниям с высокой долговой нагрузкой с 1 декабря 2025 года будет удвоена надбавка к коэффициенту риска (повысится с 20% до 40%). Банк России отмечает, что высокая долговая нагрузка покупателей жилья способствовала существенному ухудшению качества ипотеки на ИЖС. Эксперты считают, что Банк России ужесточил регулирование наиболее рисковых сегментов, но эффект эти меры дадут только в долгосрочной перспективе. Подписывайтесь на «Ъ»|Оставляйте «бусты»",банк россии ужесточил регулирование для кредитования заемщиков с высокой долговой нагрузкой как в розничном так и в корпоративном сегменте с начала года для ипотечных кредитов под индивидуальное жилье и для нецелевых кредитов под залог недвижимости будут снижены лимиты выдачи кредитов для закредитованных граждан для кредитов крупным компаниям с высокой долговой нагрузкой с декабря года будет удвоена надбавка к коэффициенту риска повысится с до банк россии отмечает что высокая долговая нагрузка покупателей жилья способствовала существенному ухудшению качества ипотеки на ижс эксперты считают что банк россии ужесточил регулирование наиболее рисковых сегментов но эффект эти меры дадут только в долгосрочной перспективе подписывайтесь на ъ оставляйте бусты
2025-11-01T11:23:39+00:00,3,"Росгвардия разработала расширенный перечень служебного оружия, разрешенного для использования в частной охранной деятельности. Проект разрешает ЧОПовцам применять газовые пистолеты, револьверы, электрошокеры, а также распылители со слезоточивыми веществами. Предполагается, что обновленный перечень оружия вступит в силу с 1 сентября 2026 года одновременно с законом о расширении полномочий ЧОП. Подписывайтесь на «Ъ»|Оставляйте «бусты»",росгвардия разработала расширенный перечень служебного оружия разрешенного для использования в частной охранной деятельности проект разрешает чоповцам применять газовые пистолеты револьверы электрошокеры а также распылители со слезоточивыми веществами предполагается что обновленный перечень оружия вступит в силу с сентября года одновременно с законом о расширении полномочий чоп подписывайтесь на ъ оставляйте бусты
2025-11-01T11:05:06+00:00,3,"Владимир Путин провел встречу со своим помощником и спецпредставителем по вопросам климата Русланом Эдельгериевым, сообщили в Кремле. Тема встречи — международное регулирование использования водных ресурсов. Президент отметил, что России важно выбрать такой вариант диалога по экологической повестке, чтобы не забывать и о своих интересах. По его словам, проблема водных ресурсов в мире становится более острой. Ранее сообщалось, что господин Эдельгериев возглавит российскую делегацию на климатической конференции ООН в Бразилии. _пресс-служба Кремля_ Подписывайтесь на «Ъ»|Оставляйте «бусты»",владимир путин провел встречу со своим помощником и спецпредставителем по вопросам климата русланом эдельгериевым сообщили в кремле тема встречи международное регулирование использования водных ресурсов президент отметил что россии важно выбрать такой вариант диалога по экологической повестке чтобы не забывать и о своих интересах по его словам проблема водных ресурсов в мире становится более острой ранее сообщалось что господин эдельгериев возглавит российскую делегацию на климатической конференции оон в бразилии пресс служба кремля подписывайтесь на ъ оставляйте бусты
2025-11-01T10:39:12+00:00,3,"Король Испании Филипп VI с 11 по 13 ноября совершит первый за время своего правления госвизит в Китай. Подготовка к первой за семь лет поездке европейского монарха в Пекин проходит в условиях ожесточенной торговой войны между Китаем и США и углубляющихся противоречий между Европой и Америкой. Китай — главный торговый партнер Испании вне Евросоюза: в 2024 году Мадрид импортировал китайских товаров и услуг на €45 млрд. Китайские инвестиции в страну также растут. Предстоящий визит Филиппа VI демонстрирует приоритетность торгово-экономических интересов в отношениях с Китаем. По сообщениям испанских СМИ, короля в поездке будет сопровождать группа лидеров бизнеса из таких секторов, как автомобилестроение, производство продуктов питания, энергетика и фармацевтика. Подписывайтесь на «Ъ» в Telegram | в MAX | Оставляйте «бусты»",король испании филипп vi с по ноября совершит первый за время своего правления госвизит в китай подготовка к первой за семь лет поездке европейского монарха в пекин проходит в условиях ожесточенной торговой войны между китаем и сша и углубляющихся противоречий между европой и америкой китай главный торговый партнер испании вне евросоюза в году мадрид импортировал китайских товаров и услуг на млрд китайские инвестиции в страну также растут предстоящий визит филиппа vi демонстрирует приоритетность торгово экономических интересов в отношениях с китаем по сообщениям испанских сми короля в поездке будет сопровождать группа лидеров бизнеса из таких секторов как автомобилестроение производство продуктов питания энергетика и фармацевтика подписывайтесь на ъ в telegram в max оставляйте бусты
2025-11-01T07:59:55+00:00,5,"За последние 25 лет число врачей в России выросло, но их все равно недостаточно. Чаще всего не хватает участковых терапевтов, сотрудников скорой помощи и в целом лечащих врачей в государственных медучреждениях. К таким выводам пришли исследователи проекта «Если быть точным», изучив открытые данные Росстата, Минздрава и подведомственных ему структур. Аналитики связывают кадровую нехватку специалистов с низкими зарплатами и высокой нагрузкой — две трети медиков работают больше чем на одну ставку. Медицинские профсоюзы подтверждают наличие этих проблем, отмечая, что переработки есть везде, даже в Москве. Однако в подведомственном Минздраву институте раскритиковали исследование, не согласившись с методикой оценки статистики. В самом министерстве напомнили про «последовательную модернизацию системы здравоохранения» и заявили про регулярное повышение зарплат медработников. Подробнее — в материале «Ъ». #Ъузнал",за последние лет число врачей в россии выросло но их все равно недостаточно чаще всего не хватает участковых терапевтов сотрудников скорой помощи и в целом лечащих врачей в государственных медучреждениях к таким выводам пришли исследователи проекта если быть точным изучив открытые данные росстата минздрава и подведомственных ему структур аналитики связывают кадровую нехватку специалистов с низкими зарплатами и высокой нагрузкой две трети медиков работают больше чем на одну ставку медицинские профсоюзы подтверждают наличие этих проблем отмечая что переработки есть везде даже в москве однако в подведомственном минздраву институте раскритиковали исследование не согласившись с методикой оценки статистики в самом министерстве напомнили про последовательную модернизацию системы здравоохранения и заявили про регулярное повышение зарплат медработников подробнее в материале ъ
2025-11-01T02:34:49+00:00,8,"Еще в одном зимнем виде спорта отстранение россиян признано незаконным. Спортивный арбитражный суд (CAS) частично удовлетворил апелляцию отечественных саночников, фактически признав действующее с 2022 года решение Международной федерации санного спорта (FIL) об их отстранении от участия в топовых турнирах незаконным. Такими же ранее были признаны санкции, примененные к российским бобслеистам и скелетонистам. Впрочем, как победы полноценные эти события воспринимать все-таки не стоит. В обоих случаях речь идет о «частичных» отменах, с важными оговорками. Подробности — в материале «Ъ». Подписывайтесь на «Ъ»|Оставляйте «бусты»",еще в одном зимнем виде спорта отстранение россиян признано незаконным спортивный арбитражный суд cas частично удовлетворил апелляцию отечественных саночников фактически признав действующее с года решение международной федерации санного спорта fil об их отстранении от участия в топовых турнирах незаконным такими же ранее были признаны санкции примененные к российским бобслеистам и скелетонистам впрочем как победы полноценные эти события воспринимать все таки не стоит в обоих случаях речь идет о частичных отменах с важными оговорками подробности в материале ъ подписывайтесь на ъ оставляйте бусты
2025-10-31T19:58:00+00:00,5,"Европейский медицинский центр (ЕМЦ) приобрел 75% акций в сети клиник «Семейный доктор». Сумма сделки, по экспертным оценкам, могла достигнуть 15 млрд руб. Для ЕМЦ эта покупка — выход в новый сегмент рынка. Компания ориентируется на премиальных клиентов, с массовым отъездом из России в 2022 году экспатов бизнес компании практически перестал расти. «Семейный доктор», работающий в более бюджетом сегменте, может способствовать улучшению финансовых показателей ЕМЦ. Подписывайтесь на «Ъ»|Оставляйте «бусты»",европейский медицинский центр емц приобрел акций в сети клиник семейный доктор сумма сделки по экспертным оценкам могла достигнуть млрд руб для емц эта покупка выход в новый сегмент рынка компания ориентируется на премиальных клиентов с массовым отъездом из россии в году экспатов бизнес компании практически перестал расти семейный доктор работающий в более бюджетом сегменте может способствовать улучшению финансовых показателей емц подписывайтесь на ъ оставляйте бусты
2025-10-31T05:39:09+00:00,2,"«Авито» планирует запустить собственного ИИ-ассистента «Ави». По словам источника «Ъ», близкого к компании, стоимость разработки могла составить около 500 млн руб. Заявка на регистрацию товарного знака уже направлена в Роспатент. В «Авито» рассказали, что сейчас проводится тестирование модели, а полноценный запуск во всех вертикалях платформы планируется на следующий год. Технология строится на базе большой языковой модели и будет помогать пользователям решать ежедневные задачи в формате диалога: уточнять, для какой цели интересует товар или услуга, их параметры, а также объяснять отличия между вариантами и предлагать наиболее подходящие. Запуск подобных ИИ-решений крупными компаниями для узкой специализации — тренд на рынке, отмечают эксперты. Сети меняются. Мы следим. Подписывайтесь.",авито планирует запустить собственного ии ассистента ави по словам источника ъ близкого к компании стоимость разработки могла составить около млн руб заявка на регистрацию товарного знака уже направлена в роспатент в авито рассказали что сейчас проводится тестирование модели а полноценный запуск во всех вертикалях платформы планируется на следующий год технология строится на базе большой языковой модели и будет помогать пользователям решать ежедневные задачи в формате диалога уточнять для какой цели интересует товар или услуга их параметры а также объяснять отличия между вариантами и предлагать наиболее подходящие запуск подобных ии решений крупными компаниями для узкой специализации тренд на рынке отмечают эксперты сети меняются мы следим подписывайтесь
2025-10-30T23:12:15+00:00,8,"Российский теннисист, 13-я ракетка мира, Даниил Медведев вышел в четвертьфинал турнира Masters в Париже. Он одержал победу над итальянцем Лоренцо Сонего в матче третьего круга. Встреча завершилась в пользу россиянина со счетом 3:6, 7:6 (7:5), 6:4. В четвертьфинале Медведев встретится с победителем пары Алехандро Давидович-Фокина (Испания) — Александр Зверев (Германия). Подписывайтесь на «Ъ»|Оставляйте «бусты»",российский теннисист я ракетка мира даниил медведев вышел в четвертьфинал турнира masters в париже он одержал победу над итальянцем лоренцо сонего в матче третьего круга встреча завершилась в пользу россиянина со счетом в четвертьфинале медведев встретится с победителем пары алехандро давидович фокина испания александр зверев германия подписывайтесь на ъ оставляйте бусты
2025-10-30T21:04:14+00:00,3,"Законопроект об обязательных отработках для выпускников медицинских вузов принят Госдумой со значительными поправками. Как стало известно «Ъ», перед заседанием представители фракции КПРФ просили снять документ с рассмотрения: по их оценке, он явно «сырой», к тому же «медицинская общественность» выступает против инициативы. Однако спикер Вячеслав Володин призвал коммунистов «не девальвировать себя и не уходить от необходимости принять решение». «Врачей нет в больницах. А общественность бывает разная»,— сказал господин Володин. Тем не менее законопроект Госдума значительно смягчила по сравнению с первым вариантом. Теперь обязанность заключать целевые договоры будет распространяться только на бюджетное образование по программам ординатуры, а отработка будет длиться не строго три года для всех, а до трех лет в зависимости от специальности. Подробнее — в материале «Выпускникам медвузов легчает». #Ъузнал",законопроект об обязательных отработках для выпускников медицинских вузов принят госдумой со значительными поправками как стало известно ъ перед заседанием представители фракции кпрф просили снять документ с рассмотрения по их оценке он явно сырой к тому же медицинская общественность выступает против инициативы однако спикер вячеслав володин призвал коммунистов не девальвировать себя и не уходить от необходимости принять решение врачей нет в больницах а общественность бывает разная сказал господин володин тем не менее законопроект госдума значительно смягчила по сравнению с первым вариантом теперь обязанность заключать целевые договоры будет распространяться только на бюджетное образование по программам ординатуры а отработка будет длиться не строго три года для всех а до трех лет в зависимости от специальности подробнее в материале выпускникам медвузов легчает
2025-10-30T17:00:39+00:00,4,"В Цифровом деловом пространстве в Москве 5 ноября пройдет конференция «Brand Analytics Conference 2025», сообщается в пресс-релизе организаторов. Мероприятие посвящено использованию аналитики соцмедиа для повышения эффективности бизнеса в условиях сжатия экономики. На конференции продемонстрируют новые технологические решения, представят первую в России карту индустрии: как компании применяют аналитику соцмедиа. Участники смогут ознакомиться с кейсами от крупных брендов, а также посетить практические мастер-классы по работе с аналитическими инструментами. ___Пресс-служба Brand Analytics_ Подписывайтесь на «Ъ»|Оставляйте «бусты»",в цифровом деловом пространстве в москве ноября пройдет конференция brand analytics conference сообщается в пресс релизе организаторов мероприятие посвящено использованию аналитики соцмедиа для повышения эффективности бизнеса в условиях сжатия экономики на конференции продемонстрируют новые технологические решения представят первую в россии карту индустрии как компании применяют аналитику соцмедиа участники смогут ознакомиться с кейсами от крупных брендов а также посетить практические мастер классы по работе с аналитическими инструментами пресс служба brand analytics подписывайтесь на ъ оставляйте бусты
2025-10-30T16:36:59+00:00,4,"Если реальные располагаемые денежные доходы населения в первом полугодии 2025 года выросли на 7,8%, то оборот розничной торговли — всего на 2,1%, рассказал в интервью «Ъ» начальник отдела аналитических исследований Института комплексных стратегических исследований Сергей Заверский. «В июле—августе эта тенденция сохранилась. По непродовольственным товарам замедление роста продаж еще более существенное, а по целому ряду групп прослеживается именно сокращение потребительских расходов год к году. Это, например, бытовая техника, мебель, товары для строительства и ремонта, одежда и обувь». По словам господина Заверского, объем средств граждан на банковских вкладах растет быстрее, чем проценты по депозитам, пока еще наблюдается чистый приток средств. Но многое зависит от того, о каких доходных группах идет речь. Так, согласно опросам, утверждает он, около 60% россиян вообще не имеют сбережений. _Из личного архива Сергея Заверского_ Подписывайтесь на «Ъ»|Оставляйте «бусты»",если реальные располагаемые денежные доходы населения в первом полугодии года выросли на то оборот розничной торговли всего на рассказал в интервью ъ начальник отдела аналитических исследований института комплексных стратегических исследований сергей заверский в июле августе эта тенденция сохранилась по непродовольственным товарам замедление роста продаж еще более существенное а по целому ряду групп прослеживается именно сокращение потребительских расходов год к году это например бытовая техника мебель товары для строительства и ремонта одежда и обувь по словам господина заверского объем средств граждан на банковских вкладах растет быстрее чем проценты по депозитам пока еще наблюдается чистый приток средств но многое зависит от того о каких доходных группах идет речь так согласно опросам утверждает он около россиян вообще не имеют сбережений из личного архива сергея заверского подписывайтесь на ъ оставляйте бусты
2025-10-30T06:28:47+00:00,5,"В России снижается число операций по уменьшению желудка для борьбы с лишним весом, обратил внимание «Ъ». Если в 2023 году было проведено 9,6 тыс. таких операций, то за девять месяцев 2025 года — всего 6,7 тыс. Параллельно растет популярность медикаментозных препаратов для снижения веса на основе семаглутида и тирзепатида. На аналоги «Оземпика» россияне за январь—август 2025 года потратили 16,8 млрд руб. Опрошенные «Ъ» врачи согласны, что многим пациентам стоит начать с медикаментозного лечения и лишь потом прибегать к хирургическому вмешательству. Однако они предупреждают, что новые препараты должны приниматься по медицинским показаниям и под контролем врача, а после их отмены вес может быстро вернуться обратно. #Ъузнал",в россии снижается число операций по уменьшению желудка для борьбы с лишним весом обратил внимание ъ если в году было проведено тыс таких операций то за девять месяцев года всего тыс параллельно растет популярность медикаментозных препаратов для снижения веса на основе семаглутида и тирзепатида на аналоги оземпика россияне за январь август года потратили млрд руб опрошенные ъ врачи согласны что многим пациентам стоит начать с медикаментозного лечения и лишь потом прибегать к хирургическому вмешательству однако они предупреждают что новые препараты должны приниматься по медицинским показаниям и под контролем врача а после их отмены вес может быстро вернуться обратно
2025-10-29T22:58:10+00:00,2,"Средняя скорость мобильного интернета в московском метро в 2025 году достигла 94,7 Мбит/с, говорится в исследовании TelecomDaily, с которым ознакомился «Ъ». Это больше, чем год назад (85,5 Мбит/с), но меньше пикового значения 2023 года (95,6 Мбит/с). Достичь показателя 2023 года пока сложно в том числе из-за возросшей нагрузки на сеть — количество пользователей Wi-Fi в метрополитене сократилось, люди стали больше пользоваться мобильным интернетом. Операторы говорят, что объем трафика в метро вырос на 12–20%, а сами они продолжают обновлять оборудование. При этом полностью отказаться от Wi-Fi в метро пока невозможно, отмечают эксперты. Сети меняются. Мы следим. Подписывайтесь.",средняя скорость мобильного интернета в московском метро в году достигла мбит с говорится в исследовании telecomdaily с которым ознакомился ъ это больше чем год назад мбит с но меньше пикового значения года мбит с достичь показателя года пока сложно в том числе из за возросшей нагрузки на сеть количество пользователей wi fi в метрополитене сократилось люди стали больше пользоваться мобильным интернетом операторы говорят что объем трафика в метро вырос на а сами они продолжают обновлять оборудование при этом полностью отказаться от wi fi в метро пока невозможно отмечают эксперты сети меняются мы следим подписывайтесь
2025-10-29T16:58:24+00:00,10,"Актер и режиссер дубляжа Андрей Гриневич умер в возрасте 69 лет Об этом сообщил его коллега, актер озвучки Ислам Ганджаев. Как актер дубляжа он работал над озвучанием более 400 проектов, а срежиссировал — более 150. Андрей Гриневич дублировал Брюса Уиллиса («Крепкий орешек 2», «Осада»), Алека Болдуина («Деловая женщина»), Чарли Шина («Горячие головы»), Шона Коннери («Робин Гуд: Принц воров»), Майкла Мэдсена («Бладрейн», «Город грехов») и многих других. Вспоминаем героев, которым Андрей Гриневич подарил голос. _ Подписывайтесь на Weekend_",актер и режиссер дубляжа андрей гриневич умер в возрасте лет об этом сообщил его коллега актер озвучки ислам ганджаев как актер дубляжа он работал над озвучанием более проектов а срежиссировал более андрей гриневич дублировал брюса уиллиса крепкий орешек осада алека болдуина деловая женщина чарли шина горячие головы шона коннери робин гуд принц воров майкла мэдсена бладрейн город грехов и многих других вспоминаем героев которым андрей гриневич подарил голос подписывайтесь на weekend
2025-10-29T11:11:44+00:00,6,Елена Булукова назначена генеральным директором Московского художественного академического театра имени М. Горького. Об этом сообщили в Минкультуры РФ. Ранее она занимала должность директора Государственного академического Центрального театра кукол имени С. В. Образцова. ___ Telegram/mincultrussia_ Подписывайтесь на «Ъ»|Оставляйте «бусты»,елена булукова назначена генеральным директором московского художественного академического театра имени м горького об этом сообщили в минкультуры рф ранее она занимала должность директора государственного академического центрального театра кукол имени с в образцова telegram mincultrussia подписывайтесь на ъ оставляйте бусты
2025-10-28T08:44:41+00:00,3,"Президент Франции Эмманюэль Макрон грезит военной интервенцией на Украину, чтобы войти в историю в качестве полководца. Об этом говорится в сообщении пресс-бюро Службы внешней разведки РФ. «Наполеон, Карл XII, Макрон — траектория падения. По поступающей в СВР информации, президент Франции Макрон грезит военной интервенцией на Украину. Провалившись как политик и отчаявшись вывести страну из затяжного социально-экономического кризиса, он не оставляет надежды войти в историю в качестве полководца», — говорится в материале. Подписывайтесь на «Ъ»|Оставляйте «бусты»",президент франции эмманюэль макрон грезит военной интервенцией на украину чтобы войти в историю в качестве полководца об этом говорится в сообщении пресс бюро службы внешней разведки рф наполеон карл xii макрон траектория падения по поступающей в свр информации президент франции макрон грезит военной интервенцией на украину провалившись как политик и отчаявшись вывести страну из затяжного социально экономического кризиса он не оставляет надежды войти в историю в качестве полководца говорится в материале подписывайтесь на ъ оставляйте бусты
2025-10-27T09:09:52+00:00,5,"В России впервые появились профильные клинические рекомендации по лечению алкогольного амнестического синдрома. Это тяжелое нарушение памяти, при котором человек теряет способность запоминать новую информацию. Эксперт отмечает, что расстройство развивается у 5–8% людей с тяжелым алкоголизмом и часто остается недиагностированным, поэтому клинические рекомендации так важны. Согласно клиническим рекомендациям, обследование на предмет заболевания включает: осмотр психиатра-нарколога и невролога, лабораторные анализы, тестирование умственных способностей по шкале MoCA и МРТ, из-за нарушений памяти критически важен опрос родственников. Лечение должно быть комплексным и пожизненным. Его основа — полный отказ от алкоголя. Подписывайтесь на «Ъ» в Telegram | в MAX | Оставляйте «бусты»",в россии впервые появились профильные клинические рекомендации по лечению алкогольного амнестического синдрома это тяжелое нарушение памяти при котором человек теряет способность запоминать новую информацию эксперт отмечает что расстройство развивается у людей с тяжелым алкоголизмом и часто остается недиагностированным поэтому клинические рекомендации так важны согласно клиническим рекомендациям обследование на предмет заболевания включает осмотр психиатра нарколога и невролога лабораторные анализы тестирование умственных способностей по шкале moca и мрт из за нарушений памяти критически важен опрос родственников лечение должно быть комплексным и пожизненным его основа полный отказ от алкоголя подписывайтесь на ъ в telegram в max оставляйте бусты
2025-10-27T08:57:44+00:00,2,"Оператор Т2 может представить новую платформу для закупки рекламы в интернете или кабинет для запуска промоакций в Telegram, рассказал «Ъ» источник на медиарынке. Компания планирует объединить приобретенные ранее проекты Yabbi, Redllama и Plazkart для создания нового бренда. Эксперты не исключают возможность выпуска DSP-платформы (программный инструмент для автоматической закупки рекламы в интернете). Представители отрасли отмечают, что наличие у Т2 данных о поведении и геолокации абонентов даст компании возможность создать точную персонализацию и повысить эффективность рекламных кампаний. Сети меняются. Мы следим. Подписывайтесь.",оператор т может представить новую платформу для закупки рекламы в интернете или кабинет для запуска промоакций в telegram рассказал ъ источник на медиарынке компания планирует объединить приобретенные ранее проекты yabbi redllama и plazkart для создания нового бренда эксперты не исключают возможность выпуска dsp платформы программный инструмент для автоматической закупки рекламы в интернете представители отрасли отмечают что наличие у т данных о поведении и геолокации абонентов даст компании возможность создать точную персонализацию и повысить эффективность рекламных кампаний сети меняются мы следим подписывайтесь
2025-10-27T02:29:26+00:00,5,"Минздрав предоставил «Ъ» статистику по контролю качества медпомощи в федеральных больницах и поликлиниках. Речь идет о данных после 2021 года, когда этот контроль был передан от медицинских страховых организаций самому федеральному фонду ОМС, который эту помощь финансирует. Поводом для обращения стали отчеты Счетной палаты. По ним жалобы в 2022-2024 годах застрахованных в этот период не рассматривались, а экспертизы не проводились. В самом Минздраве фиксируют, что качество услуг федеральных медцентров в итоге не снизилось, а страховщики и пациентские организации отмечают, что число разбирательств под контролем фонда ОМС и активность привлечения экспертов резко сократились. Пациенты же по-прежнему жалуются страховщикам, и в 70% случаев обоснованно. Подробности — в материале «Ъ» «Больной вопрос лечения». #Ъузнал",минздрав предоставил ъ статистику по контролю качества медпомощи в федеральных больницах и поликлиниках речь идет о данных после года когда этот контроль был передан от медицинских страховых организаций самому федеральному фонду омс который эту помощь финансирует поводом для обращения стали отчеты счетной палаты по ним жалобы в годах застрахованных в этот период не рассматривались а экспертизы не проводились в самом минздраве фиксируют что качество услуг федеральных медцентров в итоге не снизилось а страховщики и пациентские организации отмечают что число разбирательств под контролем фонда омс и активность привлечения экспертов резко сократились пациенты же по прежнему жалуются страховщикам и в случаев обоснованно подробности в материале ъ больной вопрос лечения
2025-10-26T11:49:34+00:00,3,"Исправление неточностей в протоколах ГИБДД и отказ от повторной «продувки» у врача не являются поводом для отмены лишения прав водителя, которого подозревали в пьяном вождении. К такому выводу пришел Верховный суд (ВС), рассматривая дело полицейского из Забайкальского края, который был наказан за отказ от медицинского освидетельствования. Опрошенные «Ъ» эксперты назвали позицию ВС «логичной». Подробнее — в материале «Ъ». Подписывайтесь на «Ъ» в Telegram | в MAX | Оставляйте «бусты»",исправление неточностей в протоколах гибдд и отказ от повторной продувки у врача не являются поводом для отмены лишения прав водителя которого подозревали в пьяном вождении к такому выводу пришел верховный суд вс рассматривая дело полицейского из забайкальского края который был наказан за отказ от медицинского освидетельствования опрошенные ъ эксперты назвали позицию вс логичной подробнее в материале ъ подписывайтесь на ъ в telegram в max оставляйте бусты
2025-10-26T11:12:22+00:00,9,"«Патологическое пристрастие к кощунству, подлому, нарочито мерзкому» 22 октября 1870 года родился Иван Бунин — хранитель ностальгии по утраченной России, первый нобелевский лауреат от русской литературы и ее неутомимый и страстный критик. Как Иван Бунин ругал русских писателей — в материале Weekend. ___ Государственный Литературный Музей_ Подписывайтесь на «Ъ»|Оставляйте «бусты»",патологическое пристрастие к кощунству подлому нарочито мерзкому октября года родился иван бунин хранитель ностальгии по утраченной россии первый нобелевский лауреат от русской литературы и ее неутомимый и страстный критик как иван бунин ругал русских писателей в материале weekend государственный литературный музей подписывайтесь на ъ оставляйте бусты
2025-10-26T03:31:32+00:00,6,"Имя новосибирской художницы Янины Болдыревой (р. 1986) не сходит с выставочных афиш. Только что в августе и сентябре на новой петербургской площадке «Фабрика лимонной кислоты» она участвовала в групповом проекте «Сибирская готика». А до этого весной в Москве галерея Pennlab показывала ее экспозицию «Долевая нить» про осмысление коллективной и семейной истории. Янина Болдырева занимается и монументальной живописью, и фотографией, и графикой, и поэзией, и инсталляцией, и мультимедийными книгами художника. Читайте, что рассказывал о ней Weekend в материале от 3 марта 2023 года. _Янина Болдырева. Из книги «Березовые люди», 2022_ Подписывайтесь на «Ъ»|Оставляйте «бусты»",имя новосибирской художницы янины болдыревой р не сходит с выставочных афиш только что в августе и сентябре на новой петербургской площадке фабрика лимонной кислоты она участвовала в групповом проекте сибирская готика а до этого весной в москве галерея pennlab показывала ее экспозицию долевая нить про осмысление коллективной и семейной истории янина болдырева занимается и монументальной живописью и фотографией и графикой и поэзией и инсталляцией и мультимедийными книгами художника читайте что рассказывал о ней weekend в материале от марта года янина болдырева из книги березовые люди подписывайтесь на ъ оставляйте бусты
2025-10-26T00:05:53+00:00,6,"Музей-мастерская сценографа Давида Боровского открылся после капитального ремонта. За время реставрации пространство музея приросло площадями. Теперь посетителям доступен не только рабочий кабинет Давида Боровского. С ним соединена площадка, на которой в ближайшие полгода идет выставка «От и до». Рядом появились библиотека с читальным залом и коворкинг, а также макетная мастерская для занятий и мастер-классов по сценографии. Подробнее — в материале Weekend. _предоставлено музеем_ Подписывайтесь на «Ъ»|Оставляйте «бусты»",музей мастерская сценографа давида боровского открылся после капитального ремонта за время реставрации пространство музея приросло площадями теперь посетителям доступен не только рабочий кабинет давида боровского с ним соединена площадка на которой в ближайшие полгода идет выставка от и до рядом появились библиотека с читальным залом и коворкинг а также макетная мастерская для занятий и мастер классов по сценографии подробнее в материале weekend предоставлено музеем подписывайтесь на ъ оставляйте бусты
2025-10-25T21:02:35+00:00,9,"20 октября мог бы отпраздновать 61-й день рождения Константин Рябинов — культовый музыкант-авангардист, поэт и соратник Егора Летова по «Гражданской обороне» и «Коммунизму». Именно он, наравне с Александром Введенским, оказал наибольшее влияние на поэтический стиль своего именитого друга. Причем в быту Константин Валентинович был не меньшим оригиналом, чем на сцене. О мирском в жизни незабвенного Кузи — в интервью с его дочерью Серафимой Далиной эксклюзивно для Weekend. _из личного архива Серафимы Далиной_ Подписывайтесь на «Ъ»|Оставляйте «бусты»",октября мог бы отпраздновать й день рождения константин рябинов культовый музыкант авангардист поэт и соратник егора летова по гражданской обороне и коммунизму именно он наравне с александром введенским оказал наибольшее влияние на поэтический стиль своего именитого друга причем в быту константин валентинович был не меньшим оригиналом чем на сцене о мирском в жизни незабвенного кузи в интервью с его дочерью серафимой далиной эксклюзивно для weekend из личного архива серафимы далиной подписывайтесь на ъ оставляйте бусты
2025-10-25T20:00:31+00:00,9,"65 лет назад в Лондоне состоялся суд по делу о публикации романа Дэвида Лоуренса. Рассказываем, как развивался этот процесс и чем он стал для общества. _Paul Hogarth; Regina v. Penguin Books Ltd._ Подписывайтесь на «Ъ»|Оставляйте «бусты»",лет назад в лондоне состоялся суд по делу о публикации романа дэвида лоуренса рассказываем как развивался этот процесс и чем он стал для общества paul hogarth regina v penguin books ltd подписывайтесь на ъ оставляйте бусты
2025-10-25T12:24:02+00:00,7,"Сериальные новинки: «Дом Гиннессов» и «Чужестранка: Кровь от крови моей» Пиво, друиды, сепаратизм и (не)много мелодрамы В сентябре почти одновременно вышли сериалы про борьбу ирландцев с английским влиянием в XIX веке и про противостояние шотландцев англичанам в конце XVIII. Однако, в итоге победила мелодрама. Сюжет «Острых козырьков» смешиваются с «Наследниками» в «Доме Гиннессов» как сусло и дрожжи, пока в приквеле «Чужестранки» влюбленные томятся друг по другу, а на фоне мелькает политика. _ Подписывайтесь на Weekend_",сериальные новинки дом гиннессов и чужестранка кровь от крови моей пиво друиды сепаратизм и не много мелодрамы в сентябре почти одновременно вышли сериалы про борьбу ирландцев с английским влиянием в xix веке и про противостояние шотландцев англичанам в конце xviii однако в итоге победила мелодрама сюжет острых козырьков смешиваются с наследниками в доме гиннессов как сусло и дрожжи пока в приквеле чужестранки влюбленные томятся друг по другу а на фоне мелькает политика подписывайтесь на weekend
2025-10-24T14:53:06+00:00,2,"25 октября в Ханое состоится церемония открытия к подписанию Конвенции ООН по борьбе с киберпреступностью. Изначально с инициативой выработки такого соглашения выступила Россия, которую не устраивает единственный имеющийся у части международного сообщества инструмент борьбы с преступлениями в киберпространстве — Будапештская конвенция Совета Европы. У нового документа, впрочем, есть и противники, прежде всего в бизнес-среде и некоммерческом секторе западных стран. Отраслевое объединение Cybersecurity Tech Accord назвало конвенцию «договором о слежке». В ООН настаивают, что документ обеспечивает гарантии прав человека и содержит оговорки, позволяющие государствам не удовлетворять запросы других стран, если они противоречат международному праву. Принятие документа в организации называют «историческим». Для того чтобы новая конвенция вступила в силу, подписать и ратифицировать ее должны 40 государств. В ООН надеются, что это произойдет в 2026 году. Подписывайтесь на «Ъ» в Telegram | в MAX | Оставляйте «бусты»",октября в ханое состоится церемония открытия к подписанию конвенции оон по борьбе с киберпреступностью изначально с инициативой выработки такого соглашения выступила россия которую не устраивает единственный имеющийся у части международного сообщества инструмент борьбы с преступлениями в киберпространстве будапештская конвенция совета европы у нового документа впрочем есть и противники прежде всего в бизнес среде и некоммерческом секторе западных стран отраслевое объединение cybersecurity tech accord назвало конвенцию договором о слежке в оон настаивают что документ обеспечивает гарантии прав человека и содержит оговорки позволяющие государствам не удовлетворять запросы других стран если они противоречат международному праву принятие документа в организации называют историческим для того чтобы новая конвенция вступила в силу подписать и ратифицировать ее должны государств в оон надеются что это произойдет в году подписывайтесь на ъ в telegram в max оставляйте бусты
2025-10-24T07:32:41+00:00,3,"24 октября в Москве проходит ежегодная профильная конференция ИД «Коммерсантъ» «Банкротство-2025». Юристы обсудят главные вопросы банкротного права, изучат последнюю судебную практику, проанализируют сложные вопросы поиска имущества и активов, ответственности собственников и менеджмента, а также попытаются понять, что ждет эту область в будущем. Смотрите трансляцию по ссылке.",октября в москве проходит ежегодная профильная конференция ид коммерсантъ банкротство юристы обсудят главные вопросы банкротного права изучат последнюю судебную практику проанализируют сложные вопросы поиска имущества и активов ответственности собственников и менеджмента а также попытаются понять что ждет эту область в будущем смотрите трансляцию по ссылке
2025-10-23T22:47:03+00:00,1,"Илон Маск заявил о планах Tesla по созданию «миллионной армии» человекоподобных роботов Optimus. По его словам, планируется подготовить серийный прототип Optimus к февралю-марту 2026 года. На встрече с инвесторами господин Маск выразил обеспокоенность по поводу контроля над Tesla в будущем, учитывая потенциальное влияние «армии роботов». В ноябре акционеры Tesla проголосуют за предложение совета директоров выплатить Илону Маску $1 трлн в течение следующих 10 лет. Однако господин Маск получит такую сумму, только если достигнет нужных показателей. Подписывайтесь на «Ъ» в Telegram | в MAX | Оставляйте «бусты»",илон маск заявил о планах tesla по созданию миллионной армии человекоподобных роботов optimus по его словам планируется подготовить серийный прототип optimus к февралю марту года на встрече с инвесторами господин маск выразил обеспокоенность по поводу контроля над tesla в будущем учитывая потенциальное влияние армии роботов в ноябре акционеры tesla проголосуют за предложение совета директоров выплатить илону маску трлн в течение следующих лет однако господин маск получит такую сумму только если достигнет нужных показателей подписывайтесь на ъ в telegram в max оставляйте бусты
2025-10-23T07:44:34+00:00,6,"Онлайн‑кинотеатры могут обязать заполнять формы на соответствие релизов традиционным ценностям. Критерии уже разрабатывают в Минкультуры и Минцифры. Отмечается, что данные о фильмах учтут при распределении госгрантов. Оценка будет включать соцопросы, просмотры, досматриваемость и медиа‑аналитику. Участники рынка называют меру избыточной и указывают, что контент и так проверяют при выдаче госфинансирования, а с 1 марта 2026 года будет введен запрет на прокат фильмов, «дискредитирующих традиционные ценности». Сети меняются. Мы следим. Подписывайтесь.",онлайн кинотеатры могут обязать заполнять формы на соответствие релизов традиционным ценностям критерии уже разрабатывают в минкультуры и минцифры отмечается что данные о фильмах учтут при распределении госгрантов оценка будет включать соцопросы просмотры досматриваемость и медиа аналитику участники рынка называют меру избыточной и указывают что контент и так проверяют при выдаче госфинансирования а с марта года будет введен запрет на прокат фильмов дискредитирующих традиционные ценности сети меняются мы следим подписывайтесь
2025-10-23T06:00:15+00:00,0,"Эксклюзивные материалы свежего номера газеты «Коммерсантъ»: Контент онлайн-кинотеатров будут проверять на соответствие традиционным ценностям. Структура Российского фонда прямых инвестиций вышла из проекта по производству замороженных полуфабрикатов хлеба. Сбербанк намерен обанкротить бизнес внука скульптора Зураба Церетели. Спрос на молочную продукцию падает, больше всего — на маргарин и масло. В основном это связано с заметным ростом цен на продукцию из-за инфляции и давления издержек. Власти склоняются к отказу от введения НДС на российское программное обеспечение. Крупная промышленность раскритиковала проект Минэнерго по созданию «Росэнергопроекта». ВТБ выставил на продажу портфель долгов на 16 млрд руб., что является рекордным предложением на рынке цессии в последние годы. Бывшие активы шведского производителя санитарно-гигиенических изделий Essity (бренды Zewa и Libresse), входящие сейчас в группу «ЭвоКом», перейдут Светогорскому ЦБК. Операторы связи «не спешат» блокировать иностранных абонентов, не сдавших обязательную биометрию, без которой им формально нельзя оказывать услуги. Бывший замминистра обороны Тимур Иванов хочет отправиться на передовую в зону спецоперации майором. _ Читайте другие эксклюзивные заметки на сайте «Ъ». _ #Ъузнал",эксклюзивные материалы свежего номера газеты коммерсантъ контент онлайн кинотеатров будут проверять на соответствие традиционным ценностям структура российского фонда прямых инвестиций вышла из проекта по производству замороженных полуфабрикатов хлеба сбербанк намерен обанкротить бизнес внука скульптора зураба церетели спрос на молочную продукцию падает больше всего на маргарин и масло в основном это связано с заметным ростом цен на продукцию из за инфляции и давления издержек власти склоняются к отказу от введения ндс на российское программное обеспечение крупная промышленность раскритиковала проект минэнерго по созданию росэнергопроекта втб выставил на продажу портфель долгов на млрд руб что является рекордным предложением на рынке цессии в последние годы бывшие активы шведского производителя санитарно гигиенических изделий essity бренды zewa и libresse входящие сейчас в группу эвоком перейдут светогорскому цбк операторы связи не спешат блокировать иностранных абонентов не сдавших обязательную биометрию без которой им формально нельзя оказывать услуги бывший замминистра обороны тимур иванов хочет отправиться на передовую в зону спецоперации майором читайте другие эксклюзивные заметки на сайте ъ
2025-10-22T19:12:01+00:00,8,"Международный олимпийский комитет (МОК) проявил удивительную принципиальность в вопросе защиты прав израильских спортсменов, которых индонезийские власти не пустили на чемпионат мира по спортивной гимнастике. Он рекомендовал не проводить в Индонезии международные соревнования, а также пообещал обязать федерации обеспечить доступ к олимпийской квалификации «всем атлетам». Последняя поправка, существуй она сейчас, очень пригодилась бы России. Именно из-за жесткой позиции международных федераций, отказывающих российским спортсменам в допуске, она рискует отправить на ближайшую зимнюю Олимпиаду минимальную по численности делегацию. _Claudia Greco / Reuters_ Подписывайтесь на «Ъ»|Оставляйте «бусты»",международный олимпийский комитет мок проявил удивительную принципиальность в вопросе защиты прав израильских спортсменов которых индонезийские власти не пустили на чемпионат мира по спортивной гимнастике он рекомендовал не проводить в индонезии международные соревнования а также пообещал обязать федерации обеспечить доступ к олимпийской квалификации всем атлетам последняя поправка существуй она сейчас очень пригодилась бы россии именно из за жесткой позиции международных федераций отказывающих российским спортсменам в допуске она рискует отправить на ближайшую зимнюю олимпиаду минимальную по численности делегацию claudia greco reuters подписывайтесь на ъ оставляйте бусты
2025-10-22T15:14:30+00:00,6,"Клуб Коммерсантъ разыгрывает одну пару билетов на спектакль «4 дня в 25 кадре» по пьесе Оли Мухиной, который покажут в театре «Мастерская Петра Фоменко». Билеты разыгрываются на ближайший показ, который состоится 31 октября в 19:00. Подробнее об условиях розыгрыша читайте здесь. Итоги подведут 28 октября. _Пресс-служба театра «Мастерская Петра Фоменко»._ Подписывайтесь на «Ъ»|Оставляйте «бусты»",клуб коммерсантъ разыгрывает одну пару билетов на спектакль дня в кадре по пьесе оли мухиной который покажут в театре мастерская петра фоменко билеты разыгрываются на ближайший показ который состоится октября в подробнее об условиях розыгрыша читайте здесь итоги подведут октября пресс служба театра мастерская петра фоменко подписывайтесь на ъ оставляйте бусты
2025-10-22T14:44:30+00:00,0,"Оператор бизнес-центра «Белая площадь» в районе Белорусского вокзала в центре Москвы после смены владельца начал переговоры по сдаче в аренду пустующих офисов в комплексе. Так, около 20 тыс. кв. м в здании может арендовать «Яндекс». В случае заключения сделки IT-холдинг будет платить за комплекс более 2 млрд руб. в год. Сейчас крупные офисные блоки практически отсутствуют на рынке, и арендаторы ограничены в выборе. #Ъузнал",оператор бизнес центра белая площадь в районе белорусского вокзала в центре москвы после смены владельца начал переговоры по сдаче в аренду пустующих офисов в комплексе так около тыс кв м в здании может арендовать яндекс в случае заключения сделки it холдинг будет платить за комплекс более млрд руб в год сейчас крупные офисные блоки практически отсутствуют на рынке и арендаторы ограничены в выборе
2025-10-22T12:55:24+00:00,5,Владимир Путин наградил орденом Пирогова коллектив Курской областной клинической больницы. Подписывайтесь на «Ъ»|Оставляйте «бусты»,владимир путин наградил орденом пирогова коллектив курской областной клинической больницы подписывайтесь на ъ оставляйте бусты
2025-10-22T08:06:06+00:00,6,"«Уход глобальных игроков создал окно возможностей для отечественных фешен-брендов. Сейчас, в период экономической турбулентности, выживут только профессионалы»,— заявила руководитель проекта по поддержке экспорта услуг ЭКСАР (группа РЭЦ) Екатерина Кондакова на дискуссии о будущем российской моды в рамках международного экспортного форума «Сделано в России». Как отметили эксперты индустрии на сессии «Уйти нельзя остаться», перед брендами стоит дилемма — укреплять внутренний рынок или начинать международную экспансию. Среди основных барьеров для экспорта спикеры выделили логистику, финансирование и высокую конкуренцию. В дискуссии участвовали основатели Monochrome, Poison Drop, MUUS, представители Минпромторга РФ и международные эксперты. Доля модной индустрии в России составляет около 1% ВВП, средний сегмент занимает 30% рынка одежды. _АО «ЭКСАР» 18+ #реклама __#промо_",уход глобальных игроков создал окно возможностей для отечественных фешен брендов сейчас в период экономической турбулентности выживут только профессионалы заявила руководитель проекта по поддержке экспорта услуг эксар группа рэц екатерина кондакова на дискуссии о будущем российской моды в рамках международного экспортного форума сделано в россии как отметили эксперты индустрии на сессии уйти нельзя остаться перед брендами стоит дилемма укреплять внутренний рынок или начинать международную экспансию среди основных барьеров для экспорта спикеры выделили логистику финансирование и высокую конкуренцию в дискуссии участвовали основатели monochrome poison drop muus представители минпромторга рф и международные эксперты доля модной индустрии в россии составляет около ввп средний сегмент занимает рынка одежды ао эксар
2025-10-21T20:02:21+00:00,8,"Россия, видимо, лишилась последнего шанса получить достаточно солидное представительство на зимней Олимпиаде 2026 года. Его отняла отвечающая за гигантский и всегда приносивший отечественной команде много медалей пласт олимпийской программы Международная федерация лыжных видов спорта. Она вслед за большинством других структур вопреки рекомендациям Международного олимпийского комитета отказалась санкционировать допуск россиян на соревнования в Милане и Кортина-д’Ампеццо. Подписывайтесь на «Ъ»|Оставляйте «бусты»",россия видимо лишилась последнего шанса получить достаточно солидное представительство на зимней олимпиаде года его отняла отвечающая за гигантский и всегда приносивший отечественной команде много медалей пласт олимпийской программы международная федерация лыжных видов спорта она вслед за большинством других структур вопреки рекомендациям международного олимпийского комитета отказалась санкционировать допуск россиян на соревнования в милане и кортина д ампеццо подписывайтесь на ъ оставляйте бусты
2025-10-21T18:00:23+00:00,6,"22 октября свой день рождения отмечает Катрин Денев. В 1968 году американский журнал назвал ее самой красивой женщиной в мире. Будучи бесстрашной актрисой, Катрин Денев воплощалась в слепую, немую, алкоголичку, психически больную, безногую калеку, даже женщину-собаку, а одна из ее недавних героинь не на шутку была влюблена в самца шимпанзе. Катрин Денев удалось сыграть у самых провокативных режиссеров своего времени — Ларса фон Триера, Франсуа Озона, Хирокадзу Корээды, чуть раньше — у Леоса Каракса, Рауля Руиса, Мануэла ди Оливейры. На днях стало известно, что 82-летняя актриса сыграет в картине «Параллельные истории» иранского режиссера, оскароносца Асгара Фархади. _ Андрей Плахов о дне рождения Катрин Денев в материале «Ъ»__._ Подписывайтесь на «Ъ»|Оставляйте «бусты»",октября свой день рождения отмечает катрин денев в году американский журнал назвал ее самой красивой женщиной в мире будучи бесстрашной актрисой катрин денев воплощалась в слепую немую алкоголичку психически больную безногую калеку даже женщину собаку а одна из ее недавних героинь не на шутку была влюблена в самца шимпанзе катрин денев удалось сыграть у самых провокативных режиссеров своего времени ларса фон триера франсуа озона хирокадзу корээды чуть раньше у леоса каракса рауля руиса мануэла ди оливейры на днях стало известно что летняя актриса сыграет в картине параллельные истории иранского режиссера оскароносца асгара фархади андрей плахов о дне рождения катрин денев в материале ъ подписывайтесь на ъ оставляйте бусты
2025-10-21T13:00:21+00:00,2,"Т-Бизнес запустил сервис подготовки исследований для крупных и средних компаний на основе аналитической платформы T-Data. Сервис проводит анализ аудитории, ассортимента, лояльности и каналов коммуникации, позволяет получать больше практических выводов о потенциальных клиентах. Благодаря этому бизнес может принимать стратегические решения в ускоренном темпе. База для аналитических отчетов строится на обезличенных данных по транзакциям более 52 млн клиентов-физлиц и 1,5 млн клиентов-юрлиц Т-Банка, включая пользователей лайфстайл-сервиса Т-Город, а также на основе данных чеков. Инструмент будет полезен для управляющих предприятиями, связанными с FMCG, HoReCa, электронной коммерцией, fashion, аптеками и другими отраслями с широкой потребительской аудиторией._ __#Review_",т бизнес запустил сервис подготовки исследований для крупных и средних компаний на основе аналитической платформы t data сервис проводит анализ аудитории ассортимента лояльности и каналов коммуникации позволяет получать больше практических выводов о потенциальных клиентах благодаря этому бизнес может принимать стратегические решения в ускоренном темпе база для аналитических отчетов строится на обезличенных данных по транзакциям более млн клиентов физлиц и млн клиентов юрлиц т банка включая пользователей лайфстайл сервиса т город а также на основе данных чеков инструмент будет полезен для управляющих предприятиями связанными с fmcg horeca электронной коммерцией fashion аптеками и другими отраслями с широкой потребительской аудиторией
2025-10-21T07:50:47+00:00,6,"С 28 октября по 1 ноября в Новом Манеже пройдет пятая Неделя итальянского дизайна IDEM La Dolce Vita del Design, организованная компанией W.W.T.S.. Юбилейное мероприятие соберет более 30 ведущих итальянских брендов, включая Barovier & Toso, Officine Gullo, L’Ottocento, Henge, Bellavista, а также Arcahorn, Ludovica Mascheroni, Quagliotti, Casamilano, Paola Lenti и Edra. Цель проекта — продвижение наследия итальянского дизайна, сочетающего традиции ремесла с инновациями и высоким качеством. IDEM становится заметным культурным мостом между Россией и Италией, ежегодно привлекая дизайнеров, архитекторов и студентов, интересующихся новыми тенденциями и технологиями. В деловой программе — лекции, мастер-классы и дискуссии с участием российских и итальянских экспертов, среди которых Майк Шилов, Наталья Зеленова, Массимо Кастанья, Лучо Асквини и Сержио Капоферри. Вход свободный по предварительной регистрации. _ООО «ИНШЕЙП» #реклама_",с октября по ноября в новом манеже пройдет пятая неделя итальянского дизайна idem la dolce vita del design организованная компанией w w t s юбилейное мероприятие соберет более ведущих итальянских брендов включая barovier toso officine gullo l ottocento henge bellavista а также arcahorn ludovica mascheroni quagliotti casamilano paola lenti и edra цель проекта продвижение наследия итальянского дизайна сочетающего традиции ремесла с инновациями и высоким качеством idem становится заметным культурным мостом между россией и италией ежегодно привлекая дизайнеров архитекторов и студентов интересующихся новыми тенденциями и технологиями в деловой программе лекции мастер классы и дискуссии с участием российских и итальянских экспертов среди которых майк шилов наталья зеленова массимо кастанья лучо асквини и сержио капоферри вход свободный по предварительной регистрации ооо иншейп
2025-10-21T04:35:48+00:00,8,"Россия, кажется, одержала важную победу в борьбе с зимними федерациями за возвращение на международные соревнования. На нее очень похоже решение апелляционного трибунала Международной федерации бобслея и скелетона (IBSF) о «частичной» отмене введенного конгрессом структуры запрета на участие отечественных спортсменов в международных соревнованиях. Формально оно даже обеспечивает им допуск на отборочные соревнования к Олимпиаде 2026 года, хотя попасть на нее бобслеистам и скелетонистам из-за нюансов квалификационного регламента, судя по всему, будет непросто. В Министерстве спорта РФ, однако, этот вердикт предпочитают рассматривать прежде всего как значимый прецедент для остальных федераций, упорно отказывающихся вернуть россиян,— например, для Международной федерации лыжных видов спорта (FIS), которая 21 октября рассмотрит вопрос об их допуске на Олимпийские игры. Подробнее — в материале «Ъ». Подписывайтесь на «Ъ»|Оставляйте «бусты»",россия кажется одержала важную победу в борьбе с зимними федерациями за возвращение на международные соревнования на нее очень похоже решение апелляционного трибунала международной федерации бобслея и скелетона ibsf о частичной отмене введенного конгрессом структуры запрета на участие отечественных спортсменов в международных соревнованиях формально оно даже обеспечивает им допуск на отборочные соревнования к олимпиаде года хотя попасть на нее бобслеистам и скелетонистам из за нюансов квалификационного регламента судя по всему будет непросто в министерстве спорта рф однако этот вердикт предпочитают рассматривать прежде всего как значимый прецедент для остальных федераций упорно отказывающихся вернуть россиян например для международной федерации лыжных видов спорта fis которая октября рассмотрит вопрос об их допуске на олимпийские игры подробнее в материале ъ подписывайтесь на ъ оставляйте бусты
2025-10-21T00:37:57+00:00,6,"Вклад телесериалов в структуру телепросмотра в январе—сентябре вырос до 29%, в то время как у развлекательных программ показатель сократился с 18% до 17%, следует из данных Mediascope, с которыми ознакомился «Ъ». Аналогичная ситуация у новостей — их вклад в телепросмотр сократился с 14% до 13%. ТВ-смотрение в целом вышло на плато, говорит собеседник «Ъ» в одной из студий кинопроизводства. Как отмечает источник «Ъ» на медиарынке, по итогам года предпочтения россиян вряд ли изменятся по двум причинам: пересечение аудитории ТВ и онлайн-кинотеатров, которая смотрит сначала в онлайне, а потом по телевизору одни и те же проекты; отсутствие «особо важных политических событий, которые подстегнули бы потребление новостей и, соответственно, социально-политических программ». Сети меняются. Мы следим. Подписывайтесь.",вклад телесериалов в структуру телепросмотра в январе сентябре вырос до в то время как у развлекательных программ показатель сократился с до следует из данных mediascope с которыми ознакомился ъ аналогичная ситуация у новостей их вклад в телепросмотр сократился с до тв смотрение в целом вышло на плато говорит собеседник ъ в одной из студий кинопроизводства как отмечает источник ъ на медиарынке по итогам года предпочтения россиян вряд ли изменятся по двум причинам пересечение аудитории тв и онлайн кинотеатров которая смотрит сначала в онлайне а потом по телевизору одни и те же проекты отсутствие особо важных политических событий которые подстегнули бы потребление новостей и соответственно социально политических программ сети меняются мы следим подписывайтесь
2025-10-20T17:40:46+00:00,6,"Новый роман Александра Проханова «Лемнер», навеянный мятежом ЧВК «Вагнер», появился и исчез с прилавков. После скандала вокруг презентации книги, купить ее стало непросто. Михаил Трофименков, которому удалось прочитать роман, считает, что это вершинная проза 87-летнего писателя. _Подробнее — в материале «Ъ» «Есть рыбоженщины в русских селеньях»._ Подписывайтесь на «Ъ»|Оставляйте «бусты",новый роман александра проханова лемнер навеянный мятежом чвк вагнер появился и исчез с прилавков после скандала вокруг презентации книги купить ее стало непросто михаил трофименков которому удалось прочитать роман считает что это вершинная проза летнего писателя подробнее в материале ъ есть рыбоженщины в русских селеньях подписывайтесь на ъ оставляйте бусты
2025-11-01T18:03:23+00:00,3,"Спущенная на воду АПЛ ""Хабаровск"" специально спроектирована и построена для ядерного подводного комплекса ""Посейдон"", сообщил экс-начальник главного штаба ВМФ адмирал Виктор Кравченко. Подписаться на РИА Новости",спущенная на воду апл хабаровск специально спроектирована и построена для ядерного подводного комплекса посейдон сообщил экс начальник главного штаба вмф адмирал виктор кравченко подписаться на риа новости
2025-11-01T18:00:53+00:00,10,"Полиция задержала ростовчанина, проводившего странные обряды с атрибутикой с мясного рынка у дома жительницы Красного Сулина. Столь странным способом – подкидывая коровью голову и рисуя знаки красной жидкостью – он, по его словам, пытался привлечь внимание бывшей сожительницы. Подписаться на РИА Новости",полиция задержала ростовчанина проводившего странные обряды с атрибутикой с мясного рынка у дома жительницы красного сулина столь странным способом подкидывая коровью голову и рисуя знаки красной жидкостью он по его словам пытался привлечь внимание бывшей сожительницы подписаться на риа новости
2025-11-01T17:49:27+00:00,3,"Белоусову показали патрульный ледовый корабль ""Иван Папанин"", повысивший эффективность работы ВМФ России в Арктике, сообщили в Минобороны. Подписаться на РИА Новости",белоусову показали патрульный ледовый корабль иван папанин повысивший эффективность работы вмф россии в арктике сообщили в минобороны подписаться на риа новости
2025-11-01T17:39:05+00:00,3,"Минобороны России показало видео спуска на воду подлодки-носителя подводного оружия и роботизированных средств ""Хабаровск"". Подписаться на РИА Новости",минобороны россии показало видео спуска на воду подлодки носителя подводного оружия и роботизированных средств хабаровск подписаться на риа новости
2025-11-01T17:30:10+00:00,3,"Атомная подводная лодка ""Хабаровск"" спущена на воду в Северодвинске, сообщило Минобороны. Этот носитель подводного оружия и роботизированных средств позволит успешно решать задачи по защите интересов России в Мировом океане. Подписаться на РИА Новости",атомная подводная лодка хабаровск спущена на воду в северодвинске сообщило минобороны этот носитель подводного оружия и роботизированных средств позволит успешно решать задачи по защите интересов россии в мировом океане подписаться на риа новости
2025-11-01T17:06:15+00:00,1,"УЗГА планирует построить первый опытный образец самолета ""Ладога"" до конца года, первый полет ожидается в середине 2026 года. Подписаться на РИА Новости",узга планирует построить первый опытный образец самолета ладога до конца года первый полет ожидается в середине года подписаться на риа новости
2025-11-01T17:00:54+00:00,3,"Спецоперация. Обстановка и главные события на 1 ноября ВСУ потеряли за сутки до 1370 военнослужащих, 15 бронемашин, следует из сводки Минобороны России. ВС России уничтожили вертолетный десант ГУР в количестве 11 человек в районе Красноармейска. Армия России уничтожает окруженные подразделения ВСУ в районе Купянска. Военные пресекли 2 попытки деблокирования окруженных формирований подразделениями ВСУ в районах населенных пунктов Петровка и Великая Шапковка в Харьковской области. Украинские военные, окруженные в Красноармейске в ДНР, начали сдаваться в плен, видео с пленными показало Минобороны России. Командование ВСУ не забирало раненых из Красноармейска, рассказал пленный военнослужащий ВСУ. Подписаться на РИА Новости",спецоперация обстановка и главные события на ноября всу потеряли за сутки до военнослужащих бронемашин следует из сводки минобороны россии вс россии уничтожили вертолетный десант гур в количестве человек в районе красноармейска армия россии уничтожает окруженные подразделения всу в районе купянска военные пресекли попытки деблокирования окруженных формирований подразделениями всу в районах населенных пунктов петровка и великая шапковка в харьковской области украинские военные окруженные в красноармейске в днр начали сдаваться в плен видео с пленными показало минобороны россии командование всу не забирало раненых из красноармейска рассказал пленный военнослужащий всу подписаться на риа новости
2025-11-01T16:56:59+00:00,0,"ChatGPT больше не сможет давать юридические и медицинские советы. Пользователи также не смогут использовать ИИ для распознавания лиц без согласия субъекта, принятия важных решений по финансовым, образовательным, жилищным, миграционным вопросам и трудоустройству, для академического обмана и мошенничества. Подписаться на РИА Новости",chatgpt больше не сможет давать юридические и медицинские советы пользователи также не смогут использовать ии для распознавания лиц без согласия субъекта принятия важных решений по финансовым образовательным жилищным миграционным вопросам и трудоустройству для академического обмана и мошенничества подписаться на риа новости
2025-11-01T16:54:29+00:00,1,"Первый полет прототипа самолета ""Байкал"" с российскими двигателем и винтом ожидается в конце этого года, а получение сертификата типа запланировано на 2026 год. Подписаться на РИА Новости",первый полет прототипа самолета байкал с российскими двигателем и винтом ожидается в конце этого года а получение сертификата типа запланировано на год подписаться на риа новости
2025-11-01T16:20:56+00:00,10,"Стрит-арт художника Ивана Лебедева (Namer) приговорили к 1,5 года колонии за то, что он выбросил своего кота в окно с высоты 4-го этажа. Происходящее он снимал на телефон. Кот получил серьезные травмы. Подписаться на РИА Новости",стрит арт художника ивана лебедева namer приговорили к года колонии за то что он выбросил своего кота в окно с высоты го этажа происходящее он снимал на телефон кот получил серьезные травмы подписаться на риа новости
2025-11-01T16:03:37+00:00,3,"Кириенко и Пушилин наградили бойцов, освобождающих ДНР на красноармейском направлении, видео публикует глава республики. Подписаться на РИА Новости",кириенко и пушилин наградили бойцов освобождающих днр на красноармейском направлении видео публикует глава республики подписаться на риа новости
2025-11-01T15:58:35+00:00,3,"Минспорт предлагает распространить действие фонда ""Защитники отечества"" по адаптивной физкультуре на ветеранов, не принимавших участие в СВО. Подписаться на РИА Новости",минспорт предлагает распространить действие фонда защитники отечества по адаптивной физкультуре на ветеранов не принимавших участие в сво подписаться на риа новости
2025-11-01T15:48:32+00:00,0,"Жители Сербии свыше 5 часов несут цветы к месту трагедии в Нови-Саде, годовщину которой отмечают сегодня. Подписаться на РИА Новости",жители сербии свыше часов несут цветы к месту трагедии в нови саде годовщину которой отмечают сегодня подписаться на риа новости
2025-11-01T15:33:48+00:00,0,"Реальность ракеты ""Буревестник"" не вызывает сомнений на Западе, там очень обеспокоены тем, какое ещё вооружение Россия может продемонстрировать, отметила Захарова. Подписаться на РИА Новости",реальность ракеты буревестник не вызывает сомнений на западе там очень обеспокоены тем какое ещё вооружение россия может продемонстрировать отметила захарова подписаться на риа новости
2025-11-01T15:27:53+00:00,3,"Соцфонд России в субботу досрочно перечислил пенсии и пособия, выплата которых выпадала на ноябрьские праздники, их получили около 17 млн россиян. Подписаться на РИА Новости",соцфонд россии в субботу досрочно перечислил пенсии и пособия выплата которых выпадала на ноябрьские праздники их получили около млн россиян подписаться на риа новости
2025-11-01T15:19:25+00:00,3,"Успешное применение российского оружия на СВО повысило его рейтинг и расширило его экспортный ассортимент. ""Действенность этих новых образцов техники уже доказана"", - заявил глава федслужбы по военно-техническому сотрудничеству Шугаев. Подписаться на РИА Новости",успешное применение российского оружия на сво повысило его рейтинг и расширило его экспортный ассортимент действенность этих новых образцов техники уже доказана заявил глава федслужбы по военно техническому сотрудничеству шугаев подписаться на риа новости
2025-11-01T15:05:35+00:00,10,"Мужчина устроил погром, разбив посуду на 200 тысяч рублей в ТЦ в подмосковных Котельниках, он задержан, сообщили в Росгвардии. ""Первая тарелка – ""на счастье""… В какой-то момент мне понравилось то, что я разбил тарелку, и мне захотелось разбить еще"", - так объяснил мужчина свои действия. Подписаться на РИА Новости",мужчина устроил погром разбив посуду на тысяч рублей в тц в подмосковных котельниках он задержан сообщили в росгвардии первая тарелка на счастье в какой то момент мне понравилось то что я разбил тарелку и мне захотелось разбить еще так объяснил мужчина свои действия подписаться на риа новости
2025-11-01T15:01:56+00:00,0,"Главные новости субботы: Украинские военные, окруженные в Красноармейске в ДНР, начали сдаваться в плен. Украинские мошенники начали использовать новую многоходовую схему вербовки россиян. РЖД открывают детские зоны на вокзалах и игровые площадки возле них. Второе уголовное дело блогера-иноагента Максима Каца передали мировому судье. Российские школьники завоевали три золотые медали на международной олимпиаде по химии. Резкое похолодание на 15 градусов за 2-3 дня ожидается в азиатской части России. Словакия положительно относится к идее создания антиукраинской коалиции вместе с Венгрией и Чехией. Грабители, укравшие исторические ценности из Лувра, пытались продать их в даркнете. Институт Пушкина нашёл самое длинное слово в русском языке. Первый пошел: cуд вынес приговор о хищениях при строительстве фортификаций в курском приграничье. Подписаться на РИА Новости",главные новости субботы украинские военные окруженные в красноармейске в днр начали сдаваться в плен украинские мошенники начали использовать новую многоходовую схему вербовки россиян ржд открывают детские зоны на вокзалах и игровые площадки возле них второе уголовное дело блогера иноагента максима каца передали мировому судье российские школьники завоевали три золотые медали на международной олимпиаде по химии резкое похолодание на градусов за дня ожидается в азиатской части россии словакия положительно относится к идее создания антиукраинской коалиции вместе с венгрией и чехией грабители укравшие исторические ценности из лувра пытались продать их в даркнете институт пушкина нашёл самое длинное слово в русском языке первый пошел cуд вынес приговор о хищениях при строительстве фортификаций в курском приграничье подписаться на риа новости
2025-11-01T14:57:33+00:00,3,"Десятки тысяч студентов и граждан старшего возраста участвуют в массовой акции в годовщину гибели 16 человек в Нови-Саде, передают сербские СМИ. Подписаться на РИА Новости",десятки тысяч студентов и граждан старшего возраста участвуют в массовой акции в годовщину гибели человек в нови саде передают сербские сми подписаться на риа новости
2025-11-01T14:32:03+00:00,10,"Машинист электропоезда призывал подростков заниматься зацепингом в Москве, сообщает СК. Он регулярно размещал в соцсетях и мессенджерах видеоролики с призывами к подросткам заниматься зацепингом, а также координировал их встречи на ж/д платформах. Мужчину задержали. Подписаться на РИА Новости",машинист электропоезда призывал подростков заниматься зацепингом в москве сообщает ск он регулярно размещал в соцсетях и мессенджерах видеоролики с призывами к подросткам заниматься зацепингом а также координировал их встречи на ж д платформах мужчину задержали подписаться на риа новости
2025-11-01T12:50:45+00:00,10,"Десять детей обратились к медикам с кишечной инфекцией в Казбековском районе Дагестана, шестерых госпитализировали, сообщили власти района. Подписаться на РИА Новости",десять детей обратились к медикам с кишечной инфекцией в казбековском районе дагестана шестерых госпитализировали сообщили власти района подписаться на риа новости
2025-11-01T12:29:43+00:00,3,"Торжественная церемония открытия мемориального комплекса ""Миус-фронт"" прошла в Красном Луче в ЛНР. ""Да, полностью возрождено и восстановлено все то, что было создано в 1967 году. Но сегодня это новый мемориал. Мемориал, который соединяет в себе всю значимость Донбасса для России и российской истории"", - сказал Кириенко на открытии. Подписаться на РИА Новости",торжественная церемония открытия мемориального комплекса миус фронт прошла в красном луче в лнр да полностью возрождено и восстановлено все то что было создано в году но сегодня это новый мемориал мемориал который соединяет в себе всю значимость донбасса для россии и российской истории сказал кириенко на открытии подписаться на риа новости
2025-11-01T02:45:12+00:00,1,"Институт Пушкина нашёл самое длинное слово в русском языке. Как рассказал РИА Новости завкафедрой общего и русского языкознания Павел Катышев, с помощью ИИ удалось выяснить, что на статус самого длинного русского слова претендует прилагательное из 55 букв - ""тетрагидропиранилциклопентилтетрагидропиридопиридиновые"". Подписаться на РИА Новости",институт пушкина нашёл самое длинное слово в русском языке как рассказал риа новости завкафедрой общего и русского языкознания павел катышев с помощью ии удалось выяснить что на статус самого длинного русского слова претендует прилагательное из букв тетрагидропиранилциклопентилтетрагидропиридопиридиновые подписаться на риа новости
2025-11-01T00:30:02+00:00,5,"Подогрев сиденья в машине опасен для мужского здоровья. Как рассказал РИА Новости старший преподаватель кафедры фармакологии Института фармации и медицинской химии Пироговского университета кандидат медицинских наук Андрей Кондрахин, злоупотребление этой опцией может сказаться на качестве спермы и привести к обострению хронических заболеваний. Он призвал в случае необходимости использовать подогрев понемногу: согреться, выключить и ехать дальше без него. Подписаться на РИА Новости",подогрев сиденья в машине опасен для мужского здоровья как рассказал риа новости старший преподаватель кафедры фармакологии института фармации и медицинской химии пироговского университета кандидат медицинских наук андрей кондрахин злоупотребление этой опцией может сказаться на качестве спермы и привести к обострению хронических заболеваний он призвал в случае необходимости использовать подогрев понемногу согреться выключить и ехать дальше без него подписаться на риа новости
2025-10-31T22:19:13+00:00,6,"Татьяна Куртукова получила ""Золотой граммофон"" в спецноминации за выступление с песней ""Матушка-земля"" на встрече футбольных сборных России и Нигерии. На кадрах РИА Новости зал хором исполняет популярную песню. Затем на сцену вышел футболист Александр Мостовой, он вручил награду певице. Подписаться на РИА Новости",татьяна куртукова получила золотой граммофон в спецноминации за выступление с песней матушка земля на встрече футбольных сборных россии и нигерии на кадрах риа новости зал хором исполняет популярную песню затем на сцену вышел футболист александр мостовой он вручил награду певице подписаться на риа новости
2025-10-31T17:30:23+00:00,0,"Капибар и выдр из ""Москвариума"" угостили тыквами. Ничто так не создает настроение, как символы урожая этого сезона. Подписаться на РИА Новости",капибар и выдр из москвариума угостили тыквами ничто так не создает настроение как символы урожая этого сезона подписаться на риа новости
2025-10-31T16:41:01+00:00,0,"Ведро воды на квадратный метр выпало за пятницу в Москве, сообщил РИА Новости ведущий специалист центра погоды ""Фобос"" Тишковец. Подписаться на РИА Новости",ведро воды на квадратный метр выпало за пятницу в москве сообщил риа новости ведущий специалист центра погоды фобос тишковец подписаться на риа новости
2025-10-31T16:01:56+00:00,1,"Китай запустил пилотируемый корабль ""Шэньчжоу-21"" с тремя космонавтами и 4 мышами к орбитальной станции ""Тяньгун"". Подписаться на РИА Новости",китай запустил пилотируемый корабль шэньчжоу с тремя космонавтами и мышами к орбитальной станции тяньгун подписаться на риа новости
2025-10-30T23:44:07+00:00,6,"Солистка ""Города 312"" Ая впервые после обширного инсульта появилась на сцене. Как передает корреспондент РИА Новости, она, сидя на кресле, исполнила песню ""Останусь"" на юбилейной музыкальной премии ""Золотой граммофон"". Подписаться на РИА Новости",солистка города ая впервые после обширного инсульта появилась на сцене как передает корреспондент риа новости она сидя на кресле исполнила песню останусь на юбилейной музыкальной премии золотой граммофон подписаться на риа новости
2025-10-30T19:02:01+00:00,6,"Русский национальный балет ""Кострома"" представил спектакль об истории России в Пекине. Подписаться на РИА Новости",русский национальный балет кострома представил спектакль об истории россии в пекине подписаться на риа новости
2025-10-30T14:28:46+00:00,3,"Молодых врачей, которые едут работать в регионы, нужно обеспечить жильем, считает Володин. Совершенно очевидно, только через это там произойдет закрепление высококвалифицированных специалистов, те, кто учится шесть лет, не меньше. Подписаться на РИА Новости",молодых врачей которые едут работать в регионы нужно обеспечить жильем считает володин совершенно очевидно только через это там произойдет закрепление высококвалифицированных специалистов те кто учится шесть лет не меньше подписаться на риа новости
2025-10-30T07:58:24+00:00,10,"Полицейские задержали группу хакеров, создавших вирус ""Медуза"" – троих молодых IT-специалистов. Это вредоносное ПО предназначено для кражи учетных данных, сведений о криптокошельках и другой информации. В мае участники группы с помощью своих разработок взломали защиту одного из учреждений Архангельской области. Подписаться на РИА Новости",полицейские задержали группу хакеров создавших вирус медуза троих молодых it специалистов это вредоносное по предназначено для кражи учетных данных сведений о криптокошельках и другой информации в мае участники группы с помощью своих разработок взломали защиту одного из учреждений архангельской области подписаться на риа новости
2025-10-30T07:32:15+00:00,1,"Геомагнитные возмущения сохранятся на Земле ещё сутки, сообщили ученые. Подписаться на РИА Новости",геомагнитные возмущения сохранятся на земле ещё сутки сообщили ученые подписаться на риа новости
2025-10-30T05:06:02+00:00,0,"Облачная погода, небольшие дожди и до +8 прогнозируют в Москве в четверг, сообщил РИА Новости ведущий специалист центра погоды ""Фобос"" Михаил Леус. Подписаться на РИА Новости",облачная погода небольшие дожди и до прогнозируют в москве в четверг сообщил риа новости ведущий специалист центра погоды фобос михаил леус подписаться на риа новости
2025-10-30T04:45:58+00:00,5,"Операции на открытом сердце, экстренное протезирование сосудов и другие сложнейшие процедуры проводят военные врачи спецназа ""Ахмат"" и 4-й бригады 3-й общевойсковой армии группировки войск ""Южная"" в госпитале ""красной зоны"" . О том, как работают медики в госпитале у линии фронта, в репортаже РИА Новости. Подписаться на РИА Новости",операции на открытом сердце экстренное протезирование сосудов и другие сложнейшие процедуры проводят военные врачи спецназа ахмат и й бригады й общевойсковой армии группировки войск южная в госпитале красной зоны о том как работают медики в госпитале у линии фронта в репортаже риа новости подписаться на риа новости
2025-10-29T03:35:10+00:00,1,"Первое органическое авокадо из Эквадора появится в России. Как сообщили РИА Новости в Роскачестве, организация выдала сертификаты соответствия органическим требованиям двум производителям из латиноамериканской страны. Frank Seelig и UyamaFarms получили право ввозить продукцию в Россию как органическую и маркировать ее знаком ""Органик"". Подписаться на РИА Новости",первое органическое авокадо из эквадора появится в россии как сообщили риа новости в роскачестве организация выдала сертификаты соответствия органическим требованиям двум производителям из латиноамериканской страны frank seelig и uyamafarms получили право ввозить продукцию в россию как органическую и маркировать ее знаком органик подписаться на риа новости
2025-10-29T00:14:46+00:00,0,"Снег в Москве, вероятно, пойдет в середине ноября, рассказала РИА Новости главный специалист столичного метеобюро Татьяна Позднякова. Подписаться на РИА Новости",снег в москве вероятно пойдет в середине ноября рассказала риа новости главный специалист столичного метеобюро татьяна позднякова подписаться на риа новости
2025-10-28T23:53:20+00:00,10,"Опасные лабораторные обезьяны, переносящие гепатит С и COVID, сбежали в США. Как сообщили в полиции американского штата Миссисипи, сбежавшие макаки-резусы весят по 18 кг и агрессивны к людям. Правоохранители утверждают, что все сбежавшие обезьяны, кроме одной, уже уничтожены. Ее поиски продолжаются. Подписаться на РИА Новости",опасные лабораторные обезьяны переносящие гепатит с и covid сбежали в сша как сообщили в полиции американского штата миссисипи сбежавшие макаки резусы весят по кг и агрессивны к людям правоохранители утверждают что все сбежавшие обезьяны кроме одной уже уничтожены ее поиски продолжаются подписаться на риа новости
2025-10-28T22:36:23+00:00,1,"Российские космонавты первыми в мире вырастили в открытом космосе идеальные кристаллы. Две недели назад Сергей Рыжиков и Алексей Зубрицкий установили снаружи МКС кассету для эксперимента ""Экран-М"". Он нужен для создания сверхчистых пленок арсенида галлия – важнейшего материала для солнечных батарей и микроэлектроники. И уже во время 7-часового выхода в открытый космос во вторник космонавты забрали кассету с готовыми кристаллами. Подписаться на РИА Новости",российские космонавты первыми в мире вырастили в открытом космосе идеальные кристаллы две недели назад сергей рыжиков и алексей зубрицкий установили снаружи мкс кассету для эксперимента экран м он нужен для создания сверхчистых пленок арсенида галлия важнейшего материала для солнечных батарей и микроэлектроники и уже во время часового выхода в открытый космос во вторник космонавты забрали кассету с готовыми кристаллами подписаться на риа новости
2025-10-28T13:58:55+00:00,5,"Уже более 47 млн человек вакцинировались от гриппа в России, сообщил Роспотребнадзор. Подписаться на РИА Новости",уже более млн человек вакцинировались от гриппа в россии сообщил роспотребнадзор подписаться на риа новости
2025-10-28T13:25:01+00:00,3,"Минсельхоз России не ожидает повторения прошлогодней ситуации с ""перекосом"" цен на картофель, урожай в этом году должен быть достаточно хороший, заявила глава ведомства Лут. Подписаться на РИА Новости",минсельхоз россии не ожидает повторения прошлогодней ситуации с перекосом цен на картофель урожай в этом году должен быть достаточно хороший заявила глава ведомства лут подписаться на риа новости
2025-10-28T02:28:44+00:00,1,"Импортозамещенный МС-21, на борту которого тестировали работу новых систем и двигателей ПД-14, поднялся в небо с аэродрома Иркутске, сообщили в Минпромторге Подписаться на РИА Новости",импортозамещенный мс на борту которого тестировали работу новых систем и двигателей пд поднялся в небо с аэродрома иркутске сообщили в минпромторге подписаться на риа новости
2025-10-27T23:59:07+00:00,6,"Литературных премий в России должно быть больше, считает Прилепин. В России не так много премий: вот ""Слово"", ""Большая книга""… У нас их не то что много, у нас мало премий, на самом деле. По его словам, в России сейчас литературная жизнь ""куда более насыщенная"", а отечественные премии вручаются два-три раза в год. Они привел пример Италию, где в каждом районе есть по три своих премии, как и в каждом немецком городе. Прилепин отметил, что они являются формой поддержки государством литераторов. Подписаться на РИА Новости",литературных премий в россии должно быть больше считает прилепин в россии не так много премий вот слово большая книга у нас их не то что много у нас мало премий на самом деле по его словам в россии сейчас литературная жизнь куда более насыщенная а отечественные премии вручаются два три раза в год они привел пример италию где в каждом районе есть по три своих премии как и в каждом немецком городе прилепин отметил что они являются формой поддержки государством литераторов подписаться на риа новости
2025-10-27T23:48:48+00:00,1,"Введение четырехдневной рабочей недели для всех работников в России нереализуемо. Такое мнение в беседе с РИА Новости выразил профессор кафедры психологии и развития человеческого капитала факультета социальных наук и массовых коммуникаций Финансового университета Александр Сафонов. Во-первых, для сохранения объема ВВП в прежних параметрах потребуется либо увеличение производительности труда не менее чем на 20%, либо привлечение дополнительной рабочей силы в 14 млн человек. Во-вторых, по его словам, сохранение объемов ВВП при гипотетической возможности привлечь 20% нового персонала без роста производительности труда приведет к сокращению зарплаты, что невозможно. Подписаться на РИА Новости",введение четырехдневной рабочей недели для всех работников в россии нереализуемо такое мнение в беседе с риа новости выразил профессор кафедры психологии и развития человеческого капитала факультета социальных наук и массовых коммуникаций финансового университета александр сафонов во первых для сохранения объема ввп в прежних параметрах потребуется либо увеличение производительности труда не менее чем на либо привлечение дополнительной рабочей силы в млн человек во вторых по его словам сохранение объемов ввп при гипотетической возможности привлечь нового персонала без роста производительности труда приведет к сокращению зарплаты что невозможно подписаться на риа новости
2025-10-27T20:09:01+00:00,1,"Проект токамака BEST поможет Китаю стать лидером в сфере термоядерного синтеза, рассказал РИА Новости старший научный сотрудник НИЯУ МИФИ Степан Крат. Его строят ударными темпами. Я был на стройке. Вполне есть шанс к 31 декабря 2027 года его запустить. В токамаке BEST можно будет запустить новые параметры плазмы, то есть он должен работать с параметрами плазмы выше тех, что уже получали. Есть шанс выйти на ""режим сжигания"" - то есть такой режим, когда больше энергии получается из плазмы, чем требуется на поддержание на ее нагрев и удержание. Вместе с тем эксперт подчеркнул, что BEST пока научная установка, а не станция для генерации электричества. Подписаться на РИА Новости",проект токамака best поможет китаю стать лидером в сфере термоядерного синтеза рассказал риа новости старший научный сотрудник нияу мифи степан крат его строят ударными темпами я был на стройке вполне есть шанс к декабря года его запустить в токамаке best можно будет запустить новые параметры плазмы то есть он должен работать с параметрами плазмы выше тех что уже получали есть шанс выйти на режим сжигания то есть такой режим когда больше энергии получается из плазмы чем требуется на поддержание на ее нагрев и удержание вместе с тем эксперт подчеркнул что best пока научная установка а не станция для генерации электричества подписаться на риа новости
2025-10-27T06:23:36+00:00,1,"На разошедшемся в сети видео, записанном в Подмосковье, вероятно, снят небольшой метеорит или космический мусор, сообщил РИА Новости руководитель Лаборатории солнечной астрономии ИКИ РАН Богачев. Это, скорее всего, метеорит размером сантиметров десять ... Часто люди удивляются и не верят, что камни 5-10 сантиметров создают такие сильные следы, но это действительно так А светился объект зеленым цветом, скорее всего, из-за того, что в нем высокое содержание никеля – это один из основных металлов в таких телах. До Земли ""почти наверняка ничего не долетело"", отметил ученый – вероятно, объект сгорел в атмосфере. Подписаться на РИА Новости",на разошедшемся в сети видео записанном в подмосковье вероятно снят небольшой метеорит или космический мусор сообщил риа новости руководитель лаборатории солнечной астрономии ики ран богачев это скорее всего метеорит размером сантиметров десять часто люди удивляются и не верят что камни сантиметров создают такие сильные следы но это действительно так а светился объект зеленым цветом скорее всего из за того что в нем высокое содержание никеля это один из основных металлов в таких телах до земли почти наверняка ничего не долетело отметил ученый вероятно объект сгорел в атмосфере подписаться на риа новости
2025-10-26T15:32:43+00:00,5,"Персонального ""цифрового двойника"" для контроля здоровья разработали в России - он анализирует всю медицинскую историю пользователя, рассказали РИА Новости в пресс-службе Платформы Национальной технологической инициативы. Стартап Lissa Health разработал персонального ""цифрового двойника"" здоровья на основе технологий ИИ. Платформа анализирует не отдельные разрозненные анализы, а всю совокупность данных медицинской истории. Такая модель не привязана к какой-либо клинике. ИИ-платформа может экономить врачам до 40-50% рабочего времени и обеспечит пациентам контроль мединформации. Подписаться на РИА Новости",персонального цифрового двойника для контроля здоровья разработали в россии он анализирует всю медицинскую историю пользователя рассказали риа новости в пресс службе платформы национальной технологической инициативы стартап lissa health разработал персонального цифрового двойника здоровья на основе технологий ии платформа анализирует не отдельные разрозненные анализы а всю совокупность данных медицинской истории такая модель не привязана к какой либо клинике ии платформа может экономить врачам до рабочего времени и обеспечит пациентам контроль мединформации подписаться на риа новости
2025-10-26T11:51:38+00:00,6,"Путин сообщил, что лидеры других стран поддержали идею о создании Евразийской киноакадемии. Об этом он заявил, поздравляя режиссера Никиту Михалкова с юбилеем в театре ""Мастерская ""12"" во вторник. Кадры посещения показали в программе ""Москва. Кремль. Путин"" на телеканале ""Россия 1"". Подписаться на РИА Новости",путин сообщил что лидеры других стран поддержали идею о создании евразийской киноакадемии об этом он заявил поздравляя режиссера никиту михалкова с юбилеем в театре мастерская во вторник кадры посещения показали в программе москва кремль путин на телеканале россия подписаться на риа новости
2025-11-01T11:46:16+00:00,10,"Глава курской стройфирмы Синьговский приговорен к четырем годам лишения свободы по делу о растрате при строительстве фортификаций, передает корреспондент ТАСС.",глава курской стройфирмы синьговский приговорен к четырем годам лишения свободы по делу о растрате при строительстве фортификаций передает корреспондент тасс
2025-11-01T11:44:33+00:00,3,"Расчеты орудий и дронов Южной группировки войск уничтожили пункт управления БПЛА, бронемашину и миномет ВСУ в районе Северска, сообщили в МО РФ. Видео: Минобороны России/ТАСС",расчеты орудий и дронов южной группировки войск уничтожили пункт управления бпла бронемашину и миномет всу в районе северска сообщили в мо рф видео минобороны россии тасс
2025-11-01T11:31:01+00:00,3,"В Купянске ударом российского FPV-дрона уничтожили замкомандира бригады ВСУ, сообщили ТАСС силовики. Командование ВСУ этот факт скрывает, потому что тем самым косвенно признает ""котел"" в населенном пункте.",в купянске ударом российского fpv дрона уничтожили замкомандира бригады всу сообщили тасс силовики командование всу этот факт скрывает потому что тем самым косвенно признает котел в населенном пункте
2025-11-01T11:19:01+00:00,10,"В Петербурге задержан 13-летний подросток за попытку поджечь отдел полиции, сообщили в городском главке СК. Также возбуждено уголовное дело в отношении другого 12-летнего мальчика за попытку поджога служебных машин. Предварительно, подростки стали жертвами мошенников, которые через мессенджер угрозами заставили их совершить противоправные действия.",в петербурге задержан летний подросток за попытку поджечь отдел полиции сообщили в городском главке ск также возбуждено уголовное дело в отношении другого летнего мальчика за попытку поджога служебных машин предварительно подростки стали жертвами мошенников которые через мессенджер угрозами заставили их совершить противоправные действия
2025-11-01T11:04:01+00:00,3,"Спонсирование Киева без активов РФ станет тяжким бременем для ЕС, считает Euronews. Телеканал отмечает, что если план экспроприации ""рухнет под давлением Бельгии"", то вся тяжесть финансирования Украины ложится на бюджеты стран ЕС. Учитывая, что задолженность государств еврозоны превышает 90% их ВВП, новые кредиты несут серьезные системные риски для Европы. Подпишись на ТАСС в Max",спонсирование киева без активов рф станет тяжким бременем для ес считает euronews телеканал отмечает что если план экспроприации рухнет под давлением бельгии то вся тяжесть финансирования украины ложится на бюджеты стран ес учитывая что задолженность государств еврозоны превышает их ввп новые кредиты несут серьезные системные риски для европы подпишись на тасс в max
2025-11-01T08:52:01+00:00,6,"Вуди Харрельсон исключил возвращение к роли в ""Настоящем детективе"", поскольку ""съемки нового сезона лишь испохабят его"", заявил он в интервью NBC. Слухи о возможном новом сезоне усилились после рассказа создателя сериала о том, что у него есть новый сюжет для актеров. Подпишись на ТАСС в Max",вуди харрельсон исключил возвращение к роли в настоящем детективе поскольку съемки нового сезона лишь испохабят его заявил он в интервью nbc слухи о возможном новом сезоне усилились после рассказа создателя сериала о том что у него есть новый сюжет для актеров подпишись на тасс в max
2025-11-01T08:46:01+00:00,10,"Суд арестовал до 30 декабря мужчину, обвиняемого в убийстве матери — ее тело без головы нашли в лесопарке в Екатеринбурге, сообщили в объединенной пресс-службе судов Свердловской области.",суд арестовал до декабря мужчину обвиняемого в убийстве матери ее тело без головы нашли в лесопарке в екатеринбурге сообщили в объединенной пресс службе судов свердловской области
2025-11-01T08:42:01+00:00,3,"РФ может потребовать у Европы компенсацию в €200 млрд за финансирование Украины после завершения конфликта, сообщил член финской партии ""Альянс свободы"" Армандо Мема. Он отметил, что мир невозможен, пока европейцы не перестанут быть высокомерными.",рф может потребовать у европы компенсацию в млрд за финансирование украины после завершения конфликта сообщил член финской партии альянс свободы армандо мема он отметил что мир невозможен пока европейцы не перестанут быть высокомерными
2025-11-01T08:16:01+00:00,10,"Женщина через поцелуй пыталась передать наркотики мужчине в суде, сообщили в прокуратуре. Она осуждена на 10 лет тюрьмы. Преступница приехала с веществами к суду в Новосибирске и дождалась сожителя, доставленного для рассмотрения дела. Увидев его, она поцеловала мужчину в губы, попытавшись передать наркотик, но пристав обо всем догадался и остановил ее.",женщина через поцелуй пыталась передать наркотики мужчине в суде сообщили в прокуратуре она осуждена на лет тюрьмы преступница приехала с веществами к суду в новосибирске и дождалась сожителя доставленного для рассмотрения дела увидев его она поцеловала мужчину в губы попытавшись передать наркотик но пристав обо всем догадался и остановил ее
2025-11-01T07:51:01+00:00,1,"Активный центр, вспышки из которого уже на следующей неделе могут начать влиять на Землю, полностью вышел на видимую сторону Солнца, сообщает лаборатория солнечной астрономии ИКИ РАН и ИСЗФ СО РАН. Видео: Telegram-канал лаборатории солнечной астрономии ИКИ РАН",активный центр вспышки из которого уже на следующей неделе могут начать влиять на землю полностью вышел на видимую сторону солнца сообщает лаборатория солнечной астрономии ики ран и исзф со ран видео telegram канал лаборатории солнечной астрономии ики ран
2025-11-01T06:47:01+00:00,3,"Володин рассказал о законах, вступающих в силу в ноябре: Закон о штрафах за неустранение нарушений при подготовке к отопительному периоду начнет работать с 7 ноября. Для юридических лиц — штраф до 40 тысяч рублей, для должностных лиц — до 10 тысяч рублей; Закон о проверке сведений об абонентах вступает в силу с 1 ноября. Операторы не вправе обслуживать номера, не проверив сведения о них; Наследников начнут своевременно информировать о долгах наследователя с 24 ноября; 30 ноября заканчивается период постановки иностранных граждан на учет, соответствующий закон вступил в силу в сентябре. Подпишись на ТАСС в Max",володин рассказал о законах вступающих в силу в ноябре закон о штрафах за неустранение нарушений при подготовке к отопительному периоду начнет работать с ноября для юридических лиц штраф до тысяч рублей для должностных лиц до тысяч рублей закон о проверке сведений об абонентах вступает в силу с ноября операторы не вправе обслуживать номера не проверив сведения о них наследников начнут своевременно информировать о долгах наследователя с ноября ноября заканчивается период постановки иностранных граждан на учет соответствующий закон вступил в силу в сентябре подпишись на тасс в max
2025-11-01T06:41:01+00:00,10,"Драгоценности из Лувра хотели продать израильской фирме через даркнет, сообщает Bild. Компания CGI Group, специализирующаяся на вопросах безопасности и аналитике, рассказала, что ей предложили приобрести часть украшений через даркнет, уточнила газета. Фирма сообщила в органы, но это не помогло вернуть украденные драгоценности.",драгоценности из лувра хотели продать израильской фирме через даркнет сообщает bild компания cgi group специализирующаяся на вопросах безопасности и аналитике рассказала что ей предложили приобрести часть украшений через даркнет уточнила газета фирма сообщила в органы но это не помогло вернуть украденные драгоценности
2025-11-01T06:37:01+00:00,10,"Объявленный в розыск бизнесмен Горбунов заочно арестован по обвинению в вымогательстве, сообщили в объединенной пресс-службе судов Свердловской области.",объявленный в розыск бизнесмен горбунов заочно арестован по обвинению в вымогательстве сообщили в объединенной пресс службе судов свердловской области
2025-11-01T06:34:01+00:00,10,"Российскую туристку приговорили к шести месяцам заключения за поджог тополиного пуха в парке в Сеуле, сообщает YTN. Туристка в алкогольном опьянении не стала обращаться в экстренные службы и скрылась. Отмечается, что после поджога огонь охватил около 500 кв. м, его удалось потушить только через час.",российскую туристку приговорили к шести месяцам заключения за поджог тополиного пуха в парке в сеуле сообщает ytn туристка в алкогольном опьянении не стала обращаться в экстренные службы и скрылась отмечается что после поджога огонь охватил около кв м его удалось потушить только через час
2025-11-01T06:29:04+00:00,3,Южная группировка уничтожила 11 пунктов управления беспилотниками противника и не менее 30 украинских боевиков на константиновском направлении. Видео: Минобороны России/ТАСС,южная группировка уничтожила пунктов управления беспилотниками противника и не менее украинских боевиков на константиновском направлении видео минобороны россии тасс
2025-11-01T03:25:12+00:00,3,"Декларация саммита АТЭС утверждена консенсусом, также утверждены тематические заявления лидеров, заявил посол МИД РФ Бердыев. Утвержденные на саммите документы отвечают российским интересам и не содержат геополитики, отметил он.",декларация саммита атэс утверждена консенсусом также утверждены тематические заявления лидеров заявил посол мид рф бердыев утвержденные на саммите документы отвечают российским интересам и не содержат геополитики отметил он
2025-11-01T03:16:46+00:00,10,"План ""Ковер"" в Пензенской области отменен, сообщает ГУ МЧС. Подпишись на ТАСС в Max",план ковер в пензенской области отменен сообщает гу мчс подпишись на тасс в max
2025-11-01T03:14:21+00:00,4,"ЦБ может понизить ключевую ставку до 15,5-16% на следующем заседании, заявил ТАСС зампред комитета СФ по бюджету и финансовым рынкам Андрей Епишин.",цб может понизить ключевую ставку до на следующем заседании заявил тасс зампред комитета сф по бюджету и финансовым рынкам андрей епишин
2025-11-01T03:02:37+00:00,3,"ВС РФ нанесли удар по Яворовскому полигону на Украине, сообщили ТАСС в российских силовых структурах.",вс рф нанесли удар по яворовскому полигону на украине сообщили тасс в российских силовых структурах
2025-11-01T02:57:48+00:00,0,"Вильфанд сообщил, что в шести округах России ожидается теплый ноябрь. Речь идет о Северо-Западном, Центральном, Уральском, Приволжском, Южном и Сибирском федеральных округах.",вильфанд сообщил что в шести округах россии ожидается теплый ноябрь речь идет о северо западном центральном уральском приволжском южном и сибирском федеральных округах
2025-10-29T10:11:01+00:00,3,"Студенты-медики могут перейти на платное обучение вместо отработки целевого в случае принятия поправок в ФЗ, сообщила замминистра здравоохранения РФ Семенова: ""Люди, которые учатся за наши средства, средства налогоплательщиков, должны потом пойти работать в систему [здравоохранения]. Не хочешь работать в системе — перейди на платное место"".",студенты медики могут перейти на платное обучение вместо отработки целевого в случае принятия поправок в фз сообщила замминистра здравоохранения рф семенова люди которые учатся за наши средства средства налогоплательщиков должны потом пойти работать в систему здравоохранения не хочешь работать в системе перейди на платное место
2025-11-01T18:20:56+00:00,7,"Что бы такого посмотреть интересного Собрали 6 свежих фильмов с историями, которые цепляют куда сильнее очередного блокбастера. От ледяных пустошей до виртуальных миров, от реальной драмы до философии — в этой подборке только то, что действительно стоит вашего вечера. Приятного просмотра: https://kod.ru/top-6-novykh-filmov-nov-2025",что бы такого посмотреть интересного собрали свежих фильмов с историями которые цепляют куда сильнее очередного блокбастера от ледяных пустошей до виртуальных миров от реальной драмы до философии в этой подборке только то что действительно стоит вашего вечера приятного просмотра
2025-11-01T15:05:41+00:00,1,"Смарт-часы, чтобы общаться под водой У крупных ритейлеров стартовали продажи HUAWEI WATCH Ultimate 2 со специальной фишкой для дайверов. Она позволяет отправлять страхующему напарнику популярные текстовые шаблоны или сигнал SOS, чтобы опыт погружения был комфортным и безопасным. А ещё HUAWEI WATCH Ultimate 2 — это единственные умные часы в мире, которые позволяют погружаться на глубину до 150 метров и поддерживать подводную связь на основе гидролокатора. Алексей Молчанов, чемпион мира по фридайвингу, уже протестировал смарт-часы в деле: «Способность часов работать без подзарядки измеряется сутками – во время теста мне, признаться, так и не удалось их разрядить. Каждый раз, когда спустя несколько дней использования я ставил их на зарядку, в часах оставалось еще много “энергии”». #партнерский_пост",смарт часы чтобы общаться под водой у крупных ритейлеров стартовали продажи huawei watch ultimate со специальной фишкой для дайверов она позволяет отправлять страхующему напарнику популярные текстовые шаблоны или сигнал sos чтобы опыт погружения был комфортным и безопасным а ещё huawei watch ultimate это единственные умные часы в мире которые позволяют погружаться на глубину до метров и поддерживать подводную связь на основе гидролокатора алексей молчанов чемпион мира по фридайвингу уже протестировал смарт часы в деле способность часов работать без подзарядки измеряется сутками во время теста мне признаться так и не удалось их разрядить каждый раз когда спустя несколько дней использования я ставил их на зарядку в часах оставалось еще много энергии
2025-11-01T11:33:21+00:00,3,"Новые законы ноября По ссылке собрали список новых законов, которые вступили или вступят в силу в ноябре — от новых ограничений мобильных операторов до изменений в налогах. https://kod.ru/novie-zakoni-november-2025",новые законы ноября по ссылке собрали список новых законов которые вступили или вступят в силу в ноябре от новых ограничений мобильных операторов до изменений в налогах
2025-11-01T07:11:04+00:00,0,"Суббота. Немного новостей: МТС запустила оплату по QR-коду в Таиланде через приложение «Мой МТС»: https://kod.ru/mts-zapustila-qr-oplatu-thailand М.Видео объявила о скором начале продаж смарт-часов Huawei Watch Ultimate 2: https://kod.ru/prodaji-huawei-watch-ultimate-2 $2,3 | $110,1K | ₽80,89",суббота немного новостей мтс запустила оплату по qr коду в таиланде через приложение мой мтс м видео объявила о скором начале продаж смарт часов huawei watch ultimate k
2025-10-31T21:54:26+00:00,7,Бу-у-у-у-у-у-у Новые коллекционные подарки Telegram в честь Хэллоуина. Подписаться,бу у у у у у у новые коллекционные подарки telegram в честь хэллоуина подписаться
2025-10-31T16:59:58+00:00,2,"Зачем ставить macOS 26? Как минимум, ради этих 10 фишек. Собрали не только визуальные «рюшечки», но и настройки для настоящих для power-юзеров: https://kod.ru/top-10-fishek-macos-26-tahoe",зачем ставить macos как минимум ради этих фишек собрали не только визуальные рюшечки но и настройки для настоящих для power юзеров
2025-10-31T12:12:16+00:00,0,"Как не остаться без Telegram В России блокируют получение кодов для регистрации и входа в Telegram, и это серьёзное ограничение, из-за которого можно навсегда потерять доступ к своему аккаунту. Рассказываем, как обезопасить доступ к своему профилю и всегда иметь возможность в него войти. Обязательно прочитайте и поделитесь с близкими: https://kod.ru/kak-ne-poteryat-dostup-k-telegram-iz-za-sms Следить за развитием ситуации",как не остаться без telegram в россии блокируют получение кодов для регистрации и входа в telegram и это серьёзное ограничение из за которого можно навсегда потерять доступ к своему аккаунту рассказываем как обезопасить доступ к своему профилю и всегда иметь возможность в него войти обязательно прочитайте и поделитесь с близкими следить за развитием ситуации
2025-10-31T06:51:01+00:00,0,"С Хэллоуином, немного новостей на утро: SpaceX представила ракету Starship HLS, на которой собираются отправить астронавтов на Луну. По ссылке новые рендеры корабля — как внешнего вида, так и интерьера: https://kod.ru/spacex-pokazala-starship-hls Тим Кук подтвердил, что обновлённая версия Siri появится в следующем году. По его словам, всё «продвигается в соответствии с планом»: https://kod.ru/apple-new-siri-next-year Google разрешила разработчикам из США обходить комиссию Google Play. Всё из-за предписания по судебному делу Epic Games от 2020 года: https://kod.ru/google-razreshila-oplati-vne-google-play Трамп помиловал основателя Binance Чанпэна Чжао. Ранее он был осуждён по обвинениям в отмывании денег. https://kod.ru/tramp-pomiloval-glavu-binance Слухи: трейлер Half-Life 3 могут показать уже в ноябре. Об этом заявил известный инсайдер. https://kod.ru/half-life-3-mogut-pokazat-trailer $2,16 | $109,1K | ₽80,11",с хэллоуином немного новостей на утро spacex представила ракету starship hls на которой собираются отправить астронавтов на луну по ссылке новые рендеры корабля как внешнего вида так и интерьера тим кук подтвердил что обновлённая версия siri появится в следующем году по его словам всё продвигается в соответствии с планом google разрешила разработчикам из сша обходить комиссию google play всё из за предписания по судебному делу epic games от года трамп помиловал основателя binance чанпэна чжао ранее он был осуждён по обвинениям в отмывании денег слухи трейлер half life могут показать уже в ноябре об этом заявил известный инсайдер k
2025-10-30T17:45:47+00:00,1,"Яндекс 360: курс на ИИ и безопасность Сегодня на конференции Yandex Connect Яндекс 360 представил технологические обновления. Главное — on-premises-версии 11 сервисов Яндекс 360. Компании смогут полностью развернуть их у себя, сохранив безопасность и автономность. Параллельно развивается функциональность и появляются новые возможности: ИИ-ассистент Алиса Про поможет искать информацию в массивах данных; Телемост объединит мессенджер и видеовстречи; Документы получат ИИ-ассистента для анализа таблиц и возможность совместной работы до 400 пользователей. Подписаться",яндекс курс на ии и безопасность сегодня на конференции yandex connect яндекс представил технологические обновления главное on premises версии сервисов яндекс компании смогут полностью развернуть их у себя сохранив безопасность и автономность параллельно развивается функциональность и появляются новые возможности ии ассистент алиса про поможет искать информацию в массивах данных телемост объединит мессенджер и видеовстречи документы получат ии ассистента для анализа таблиц и возможность совместной работы до пользователей подписаться
2025-10-30T13:26:55+00:00,10,"За красивой картинкой скрывался скам на 500 млн долларов Пока закрывшийся криптокошелёк Fintopio подавал признаки «развития» и даже имел свою гоночную команду, связанный с ним 38-летний криптобизнесмен Роман Новак активно проворачивал «грязные дела». Стало известно, кого обманул криптобизнесмен, выдававший себя за друга Павла Дурова, и где он мог скрыться: ↖ https://kod.ru/kogo-obmanul-novak",за красивой картинкой скрывался скам на млн долларов пока закрывшийся криптокошелёк fintopio подавал признаки развития и даже имел свою гоночную команду связанный с ним летний криптобизнесмен роман новак активно проворачивал грязные дела стало известно кого обманул криптобизнесмен выдававший себя за друга павла дурова и где он мог скрыться
2025-10-30T09:01:27+00:00,0,"Скоро останемся без SMS от Telegram? Telegram начал поэтапно разворачивать в РФ функцию отправки SMS-кодов за счёт пользователей. Это будет принудительная функция? Что за это дают в обмен? Собрали всё, что известно о ситуации: ↖ https://kod.ru/telegram-p2pl-rus",скоро останемся без sms от telegram telegram начал поэтапно разворачивать в рф функцию отправки sms кодов за счёт пользователей это будет принудительная функция что за это дают в обмен собрали всё что известно о ситуации
2025-10-29T17:00:06+00:00,1,"Бюджетненько Nothing анонсировала новый бюджетный смартфон Phone (3a) Lite, который получил спорную функцию показа рекламы на заблокированном экране. Технические характеристики, цены и другие детали: ↖ https://kod.ru/nothing-phone-3a-lite",бюджетненько nothing анонсировала новый бюджетный смартфон phone a lite который получил спорную функцию показа рекламы на заблокированном экране технические характеристики цены и другие детали
2025-10-29T16:00:01+00:00,0,"Алиса, помоги решить городские задачи В Яндекс Go появится чат с Алисой AI, которой можно будет поручить помощь в заказе такси, сборе корзины продуктов, выборе ресторана и бронировании там столика, а также оформлении доставки. Пользователи смогут общаться с Алисой AI текстом или голосом и при этом формулировать запросы так, как они приходят в голову. Примеры запросов и другие подробности: ↖ https://kod.ru/alisa-ai-v-yandex-go",алиса помоги решить городские задачи в яндекс go появится чат с алисой ai которой можно будет поручить помощь в заказе такси сборе корзины продуктов выборе ресторана и бронировании там столика а также оформлении доставки пользователи смогут общаться с алисой ai текстом или голосом и при этом формулировать запросы так как они приходят в голову примеры запросов и другие подробности
2025-10-29T10:15:10+00:00,2,"Какой оператор самый безопасный? Согласно исследованию ComNews Research «Информационная безопасность абонентов сотовой связи», билайн второй год подряд признан самым безопасным оператором среди «большой четвёрки». Аналитики в числе прочего отметили у оператора: собственную антифрод-платформу; сбалансированное предложение услуг безопасности; сильные механизмы защиты от методов социальной инженерии; наличие Группы быстрого реагирования на мошеннические инциденты; количество банков, с которыми налажен обмен информацией по мошенническим номерам и звонкам. Также в ComNews Research отметили сильные стороны других операторов: У МТС — широкий перечень услуг безопасности в рамках базовых и бесплатных услуг, а также предлагает наибольшую максимальную сумму покрытия по услуге «Страхования от мошенничества». Также МТС имеет наибольший охват сервиса мобильный скоринг. МегаФон, в свою очередь, имеет самое широкое предложение бесплатных услуг безопасности в рамках сервисов «Ева» и «Ева+». Подписаться",какой оператор самый безопасный согласно исследованию comnews research информационная безопасность абонентов сотовой связи билайн второй год подряд признан самым безопасным оператором среди большой четвёрки аналитики в числе прочего отметили у оператора собственную антифрод платформу сбалансированное предложение услуг безопасности сильные механизмы защиты от методов социальной инженерии наличие группы быстрого реагирования на мошеннические инциденты количество банков с которыми налажен обмен информацией по мошенническим номерам и звонкам также в comnews research отметили сильные стороны других операторов у мтс широкий перечень услуг безопасности в рамках базовых и бесплатных услуг а также предлагает наибольшую максимальную сумму покрытия по услуге страхования от мошенничества также мтс имеет наибольший охват сервиса мобильный скоринг мегафон в свою очередь имеет самое широкое предложение бесплатных услуг безопасности в рамках сервисов ева и ева подписаться
2025-10-29T08:01:38+00:00,3,За безопасность ФСБ потребовала от банков до 2027 года установить системы оперативно-розыскных мероприятий для хранения переписки и контента пользователей. Детали: ↖ https://kod.ru/sistemy-slezheniya-za-perepiskoi,за безопасность фсб потребовала от банков до года установить системы оперативно розыскных мероприятий для хранения переписки и контента пользователей детали
2025-10-29T05:33:06+00:00,0,"Среда. Немного новостей: — OpenAI раздаст годовую подписку на ChatGPT, но только пользователям одной страны https://kod.ru/openai-razdast-podpisku-na-chatgpt — В YouTube появится 20 видов кнопки «Мне нравится» https://kod.ru/youtube-dobavil-20-vidov-like $2,27 | $112,5K | ₽79,67",среда немного новостей openai раздаст годовую подписку на chatgpt но только пользователям одной страны в youtube появится видов кнопки мне нравится k
2025-10-28T10:01:27+00:00,1,"Что-то новенькое В Москве на конференции, посвящённой новой Алисе AI, Яндекс анонсировал выход носимых ИИ-устройств для работы с ассистентом. Подробности: ↖ https://kod.ru/yandex-alisa-ai-nosimy-gadget",что то новенькое в москве на конференции посвящённой новой алисе ai яндекс анонсировал выход носимых ии устройств для работы с ассистентом подробности
2025-10-28T08:33:09+00:00,3,"Отмыв денег криптой хотят искоренить В ЦБ РФ хотят законодательно отрегулировать сферу криптообменников — для этого потребуется создать законодательство, которое устанавливает правила, прямо описывает и обеляет эту сферу. Подробнее об инициативе: ↖ https://kod.ru/crypto-obmenniky-regulation",отмыв денег криптой хотят искоренить в цб рф хотят законодательно отрегулировать сферу криптообменников для этого потребуется создать законодательство которое устанавливает правила прямо описывает и обеляет эту сферу подробнее об инициативе
2025-10-28T05:40:20+00:00,2,"Вторник. Немного новостей: — Илон Маск запустил собственную альтернативу «Википедии» — Grokipedia https://kod.ru/musk-zapustil-grpkipedia — Эксперты Kaspersky GReAT сообщили о первом зафиксированном применении коммерческого шпионского ПО от бывшей HackingTeam https://kod.ru/kaspersky-great-hacking-team — В пять раз увеличилось потребление генеративных нейросетей клиентами Yandex B2B Tech https://kod.ru/yandex-ai-studio-ai-potreblenie $2,23 | $113,9K | ₽79,27",вторник немного новостей илон маск запустил собственную альтернативу википедии grokipedia эксперты kaspersky great сообщили о первом зафиксированном применении коммерческого шпионского по от бывшей hackingteam в пять раз увеличилось потребление генеративных нейросетей клиентами yandex b b tech k
2025-10-27T07:49:40+00:00,2,"Жидкое стекло на Android В бета-версии Telegram для Android обновился дизайн нижней панели. Теперь она обладает эффектом в стиле жидкого стекла, как в iOS 26. Изменения затронули строку с полем для ввода сообщения, а также кнопку переключения уведомлений у каналов, последняя также получила дополнительную кнопку с функцией поиска. Обе панельки теперь не привязаны к нижней границе экрана, а представляют из себя небольшой полупрозрачный островок. Подписаться",жидкое стекло на android в бета версии telegram для android обновился дизайн нижней панели теперь она обладает эффектом в стиле жидкого стекла как в ios изменения затронули строку с полем для ввода сообщения а также кнопку переключения уведомлений у каналов последняя также получила дополнительную кнопку с функцией поиска обе панельки теперь не привязаны к нижней границе экрана а представляют из себя небольшой полупрозрачный островок подписаться
2025-09-12T17:31:51+00:00,7,"Готовьте попкорн, время кино Собрали шесть свежих фильмов, которые идеально подходят для домашнего просмотра. Здесь есть захватывающие триллеры, интересные детективы, и лёгкие комедии — то, что нужно в конце рабочей недели. Выбирайте себе настроение на вечер: https://kod.ru/top-6-novykh-filmov-sep-2025",готовьте попкорн время кино собрали шесть свежих фильмов которые идеально подходят для домашнего просмотра здесь есть захватывающие триллеры интересные детективы и лёгкие комедии то что нужно в конце рабочей недели выбирайте себе настроение на вечер
2025-11-01T14:40:03+00:00,10,"В Брянске суд взыскал 700 тысяч рублей с мясной компании из-за попавшей в ДТП... коровы. Дело в том, что водитель на Фиате случайно сбил животное в условиях плохой видимости, ведь принадлежащая ""Брянской мясной компании"" корова вышла с пастбища на трассу. ""Влетел"" водитель и в корову, и в копеечку — починка автомобиля обошлась шофёру в 2+ млн рублей. Мужик отыскал компанию, которая владеет пастбищем, и подал иск. Однако суд постановил, что водитель мог избежать аварии, поэтому в итоге ему выплатят всего лишь 700 тысяч рублей. Такая корова не нужна самому. Главные происшествия — 112",в брянске суд взыскал тысяч рублей с мясной компании из за попавшей в дтп коровы дело в том что водитель на фиате случайно сбил животное в условиях плохой видимости ведь принадлежащая брянской мясной компании корова вышла с пастбища на трассу влетел водитель и в корову и в копеечку починка автомобиля обошлась шофёру в млн рублей мужик отыскал компанию которая владеет пастбищем и подал иск однако суд постановил что водитель мог избежать аварии поэтому в итоге ему выплатят всего лишь тысяч рублей такая корова не нужна самому главные происшествия
2025-11-01T11:39:40+00:00,10,"За городом или за океаном? Новые подробности исчезновения бизнесмена Усольцева. 112 узнал новые детали о пропавшей в Красноярском крае семье Усольцевых: от штрафов до сотрудничества с США. Глава семьи, Сергей Усольцев, неоднократно привлекался к административной ответственности — по делам о нарушении финансового и налогового законодательства. Большинство из них касаются его фирмы ООО ""Международный Центр Развития-Железногорск"". Кроме того, в конце 90-х бизнесмен участвовал в программе Департамента энергетики США ""Инициатива атомных городов"" в родном Железногорске. Спустя время активно критиковал власть и её экономическую политику. В одном из интервью в 2015 году Сергей твердил, что государство ""душит"" реальный сектор, а российскую экономику ждёт скорый крах. ""А не проще с этими деньгами уехать в Таиланд и стать там дауншифтером?"" — резюмировал Усольцев. Поиски Усольцева и его семьи продолжаются с сентября, когда мужчина, взяв с собой жену и пятилетнюю дочь, отправился в поход в горы Красноярского края. Полное отсутствие следов дало местным повод думать о нападении на семью медведей, но доказать эту версию пока не удалось. На этом фоне в соцсетях стала обсуждаться другая версия — семья могла не пропасть, а целенаправленно скрыться, однако она никак официально не подтверждена. Главные происшествия — 112",за городом или за океаном новые подробности исчезновения бизнесмена усольцева узнал новые детали о пропавшей в красноярском крае семье усольцевых от штрафов до сотрудничества с сша глава семьи сергей усольцев неоднократно привлекался к административной ответственности по делам о нарушении финансового и налогового законодательства большинство из них касаются его фирмы ооо международный центр развития железногорск кроме того в конце х бизнесмен участвовал в программе департамента энергетики сша инициатива атомных городов в родном железногорске спустя время активно критиковал власть и её экономическую политику в одном из интервью в году сергей твердил что государство душит реальный сектор а российскую экономику ждёт скорый крах а не проще с этими деньгами уехать в таиланд и стать там дауншифтером резюмировал усольцев поиски усольцева и его семьи продолжаются с сентября когда мужчина взяв с собой жену и пятилетнюю дочь отправился в поход в горы красноярского края полное отсутствие следов дало местным повод думать о нападении на семью медведей но доказать эту версию пока не удалось на этом фоне в соцсетях стала обсуждаться другая версия семья могла не пропасть а целенаправленно скрыться однако она никак официально не подтверждена главные происшествия
2025-11-01T09:11:37+00:00,10,Расследование уголовного дела еще одной блогерши завершено — перед судом предстанет Александра Митрошина. Ее обвиняют в отмывании денежных средств. Блогер уклонилась от уплаты налогов свыше 127 млн рублей. Уголовное дело направлено в суд для рассмотрения его по существу. Главные происшествия — 112,расследование уголовного дела еще одной блогерши завершено перед судом предстанет александра митрошина ее обвиняют в отмывании денежных средств блогер уклонилась от уплаты налогов свыше млн рублей уголовное дело направлено в суд для рассмотрения его по существу главные происшествия
2025-10-30T10:09:33+00:00,10,"«Спасали всем селом» В Забайкалье развернулась настоящая операция по спасению рыси, которая забралась на столб. Дикая кошка залезла на деревянную опору ЛЭП пару часов назад. Как рассказывают местные, зверя туда загнала стая собак. Десятки жителей посёлка Могойтуй собрались у столба и организовали настоящую операцию по спасению рыси: подогнали к опоре кран и попытались забрать рысь вручную. Гордое животное не оценило попытку и спустилось само, а администрация решила отвезти животное в ветклинику.",спасали всем селом в забайкалье развернулась настоящая операция по спасению рыси которая забралась на столб дикая кошка залезла на деревянную опору лэп пару часов назад как рассказывают местные зверя туда загнала стая собак десятки жителей посёлка могойтуй собрались у столба и организовали настоящую операцию по спасению рыси подогнали к опоре кран и попытались забрать рысь вручную гордое животное не оценило попытку и спустилось само а администрация решила отвезти животное в ветклинику
2025-10-30T09:02:27+00:00,10,"В Ростове-на-Дону мужчина убил бывшую жену и свёл счеты с жизнью на рабочем месте. Экс-супруги находились в офисе энергетической компании на Большой Садовой улице, между ними произошел конфликт. Мужчина взял оружие и выстрелил в бывшую супругу, а затем покончил с собой. Возбуждено уголовное дело, на месте работают правоохранительные органы.",в ростове на дону мужчина убил бывшую жену и свёл счеты с жизнью на рабочем месте экс супруги находились в офисе энергетической компании на большой садовой улице между ними произошел конфликт мужчина взял оружие и выстрелил в бывшую супругу а затем покончил с собой возбуждено уголовное дело на месте работают правоохранительные органы
2025-10-28T13:55:46+00:00,10,"Армен Саргсян, зарезавший Сергея Политика, заочно арестован московским судом. 33-летний убийца известного режиссёра скрылся с места преступления и до сих пор не найден, сообщили в прокуратуре. Преступление произошло на улице Сталеваров у подъезда дома, в котором жил Политик. Конфликт разгорелся на бытовой почве, а убийца и жертва даже не были знакомы. После нападения Политик был экстренно госпитализирован, но врачи не смогли спасти кинематографиста. Армену же удалось скрыться.",армен саргсян зарезавший сергея политика заочно арестован московским судом летний убийца известного режиссёра скрылся с места преступления и до сих пор не найден сообщили в прокуратуре преступление произошло на улице сталеваров у подъезда дома в котором жил политик конфликт разгорелся на бытовой почве а убийца и жертва даже не были знакомы после нападения политик был экстренно госпитализирован но врачи не смогли спасти кинематографиста армену же удалось скрыться
2025-10-28T12:39:19+00:00,10,"Суд оставил без изменений приговор сыну актёра Демчога. Как сообщил адвокат подсудимого Владимир Шелупахин, Мосгорсуд не стал смягчать приговор 20-летнему Вильяму Демчогу после апелляции защиты. Летом Демчог-младший был обвинён в дропперстве (посредничестве в переводе нелегально полученных денег) и приговорён к двум годам колонии. Вместе с другими участниками преступной схемы Вильям похитил почти 2 млн рублей. Преступников судили, как организованную группу. Сын Вадима Демчога надеялся на смягчение приговора после того, как полностью признал вину и возместил ущерб потерпевшему.",суд оставил без изменений приговор сыну актёра демчога как сообщил адвокат подсудимого владимир шелупахин мосгорсуд не стал смягчать приговор летнему вильяму демчогу после апелляции защиты летом демчог младший был обвинён в дропперстве посредничестве в переводе нелегально полученных денег и приговорён к двум годам колонии вместе с другими участниками преступной схемы вильям похитил почти млн рублей преступников судили как организованную группу сын вадима демчога надеялся на смягчение приговора после того как полностью признал вину и возместил ущерб потерпевшему
2025-10-28T12:09:48+00:00,0,"Оксана Самойлова приехала в суд, чтобы развестись с Джиганом. Сегодня должно было состояться техническое заседание для обсуждения деталей развода, но рэпер так и не пришёл в зал суда. Оксана рассказала, что не виделась с супругом с сентября. Четверо детей живут то у матери, то у отца. Джиган часто делится счастливыми фотографиями в сети. Также он надеется сойтись с женой и запросил у судьи три месяца на примирение. Следующее заседание пройдёт 17 ноября. Недавно одну из страниц модели взломали мошенники, которые разводят её подписчиков на деньги.",оксана самойлова приехала в суд чтобы развестись с джиганом сегодня должно было состояться техническое заседание для обсуждения деталей развода но рэпер так и не пришёл в зал суда оксана рассказала что не виделась с супругом с сентября четверо детей живут то у матери то у отца джиган часто делится счастливыми фотографиями в сети также он надеется сойтись с женой и запросил у судьи три месяца на примирение следующее заседание пройдёт ноября недавно одну из страниц модели взломали мошенники которые разводят её подписчиков на деньги
2025-10-27T12:54:04+00:00,10,"Суд приговорил основателя компании «ChronoPay» Павла Врублевского к 10 годам лишения свободы. Хамовнический суд Москвы признал виновным и назначил 10 лет колонии Павлу Врублевскому по статье о мошенничестве. Ранее в ходе прений сторон, гособвинение запросило Врублевскому 12 лет колонии. Мужчина также обвиняется в краже, отмывании денег и неправомерном обороте средств платежей. По данным следствия, фигуранты обманом с помощью компании «Вангуд» (клиента ChronoPay) похищали деньги со счетов. Павел Врублевский был задержан 10 марта 2022 года. Следствие считает, что бизнесмен вместе с сотрудниками «ChronoPay» размещал в Сети недостоверную информацию, предлагая финансовое вознаграждение за участие в опросах и за успешное прогнозирование курса валют и акций. Мещанский суд Москвы 12 марта того же года арестовал Врублевского и еще трех его подельников. Им предъявили обвинение в особо крупном мошенничестве и краже. Правоохранители провели обыски в загородном доме предпринимателя. Общее число обысков по делу ChronoPay превысило 30, по их итогам силовики изъяли около $350 тыс. и 100 единиц серверов и компьютерной техники. Позднее, 24 июля 2024 года, суд заочно арестовал сына Врублевского Петра (по прозвищу «Пианист») по обвинению в умышленном уничтожении чужого имущества. Кроме того, сын основателя «ChronoPay» является фигурантом уголовных дел о вымогательствах, поджогах и рекламе крупного маркетплейса по продаже наркотиков в теневом сегменте интернета. В тот же день МВД России объявило Петра Врублевского в розыск.",суд приговорил основателя компании chronopay павла врублевского к годам лишения свободы хамовнический суд москвы признал виновным и назначил лет колонии павлу врублевскому по статье о мошенничестве ранее в ходе прений сторон гособвинение запросило врублевскому лет колонии мужчина также обвиняется в краже отмывании денег и неправомерном обороте средств платежей по данным следствия фигуранты обманом с помощью компании вангуд клиента chronopay похищали деньги со счетов павел врублевский был задержан марта года следствие считает что бизнесмен вместе с сотрудниками chronopay размещал в сети недостоверную информацию предлагая финансовое вознаграждение за участие в опросах и за успешное прогнозирование курса валют и акций мещанский суд москвы марта того же года арестовал врублевского и еще трех его подельников им предъявили обвинение в особо крупном мошенничестве и краже правоохранители провели обыски в загородном доме предпринимателя общее число обысков по делу chronopay превысило по их итогам силовики изъяли около тыс и единиц серверов и компьютерной техники позднее июля года суд заочно арестовал сына врублевского петра по прозвищу пианист по обвинению в умышленном уничтожении чужого имущества кроме того сын основателя chronopay является фигурантом уголовных дел о вымогательствах поджогах и рекламе крупного маркетплейса по продаже наркотиков в теневом сегменте интернета в тот же день мвд россии объявило петра врублевского в розыск
2025-10-27T12:48:08+00:00,0,"Сёстры Хачатурян впервые за полгода собрались вместе. К этому их побудило судебное заседание, на котором сейчас рассматривается апелляция родственников отца сестёр — Михаила. Они всё ещё не могут смириться с приговором, признавшим убитого Хачатуряна виновным в насилии посмертно. Сестрам до сих пор нельзя общаться с прессой и друг с другом.",сёстры хачатурян впервые за полгода собрались вместе к этому их побудило судебное заседание на котором сейчас рассматривается апелляция родственников отца сестёр михаила они всё ещё не могут смириться с приговором признавшим убитого хачатуряна виновным в насилии посмертно сестрам до сих пор нельзя общаться с прессой и друг с другом
2025-10-23T15:08:43+00:00,10,"Чудом не зацепило, держали дистанцию! Известный актер Михаил Тарабукин чуть не попал во вчерашнюю массовую аварию на Невском. Федя из сериала ""Кухня"" стал очевидцем, но мог стать и участником ДТП. Он признался, что его едва не зацепило в аварии. Актер также возмутился, что Ауди ехал на красный, поэтому и влетел в несколько авто. На его глазах виновник ДТП снял номера с машины, которые были на магнитах.",чудом не зацепило держали дистанцию известный актер михаил тарабукин чуть не попал во вчерашнюю массовую аварию на невском федя из сериала кухня стал очевидцем но мог стать и участником дтп он признался что его едва не зацепило в аварии актер также возмутился что ауди ехал на красный поэтому и влетел в несколько авто на его глазах виновник дтп снял номера с машины которые были на магнитах
2025-10-23T14:30:53+00:00,10,"А теневой-то король голый! Суд изъял у ""теневого короля"" Сочи Рубена Татуляна 130 объектов недвижимости на сумму 3,9 млрд рублей. Краснодарский краевой суд оставил в силе решение Адлерского районного суда от апреля 2025 года об изъятии в доход государства недвижимости — коллегия по гражданским делам отклонила апелляционную жалобу и подтвердила конфискацию имущества. «Оспариваемым решением суд удовлетворил иск заместителя Генпрокуратуры РФ, предъявленный к ООО «Новый век», ООО «Эр Севен Груп», Георгию Татуляну, Карине Татулян и Анне Тарасовой. В доход государства было обращено имущество в виде 130 объектов недвижимости общей площадью 47 тысяч кв. м. и стоимостью свыше 3,9 млрд рублей. Решение Адлерского районного суда г. Сочи оставлено без изменений и вступило в законную силу» — сообщает объединенная пресс-служба судов региона.",а теневой то король голый суд изъял у теневого короля сочи рубена татуляна объектов недвижимости на сумму млрд рублей краснодарский краевой суд оставил в силе решение адлерского районного суда от апреля года об изъятии в доход государства недвижимости коллегия по гражданским делам отклонила апелляционную жалобу и подтвердила конфискацию имущества оспариваемым решением суд удовлетворил иск заместителя генпрокуратуры рф предъявленный к ооо новый век ооо эр севен груп георгию татуляну карине татулян и анне тарасовой в доход государства было обращено имущество в виде объектов недвижимости общей площадью тысяч кв м и стоимостью свыше млрд рублей решение адлерского районного суда г сочи оставлено без изменений и вступило в законную силу сообщает объединенная пресс служба судов региона
2025-10-23T14:08:53+00:00,10,"— Я тебя отправлю в полицию! — Хоть в интернет, хоть куда! Пострадавшие от нападения всадников в Кисловодске поделились со 112 видео нападения. На кадрах два наездника угрожают двум пенсионерам, постоянно размахивая плетками. На просьбы успокоиться реагируют агрессивно. Как только пожилой мужчина перестал вести съемку — пострадал вместе со своей супругой. Удары пенсионеры получили в лицо и предплечье, а нападавшие скрылись.",я тебя отправлю в полицию хоть в интернет хоть куда пострадавшие от нападения всадников в кисловодске поделились со видео нападения на кадрах два наездника угрожают двум пенсионерам постоянно размахивая плетками на просьбы успокоиться реагируют агрессивно как только пожилой мужчина перестал вести съемку пострадал вместе со своей супругой удары пенсионеры получили в лицо и предплечье а нападавшие скрылись
2025-10-21T14:16:54+00:00,10,"Из фешенебельного миланского отеля в российский СИЗО: стилиста Эльвиру Янковскую отправили под стражу на 6 месяцев. Да, это та самая барышня, которая позиционировала себя как профессиональный имиджмейкер, и предложила блогеру Валерии Чекалиной и другим клиентам приобрести брендовые товары по ценам ниже рыночных. Но все — фейк. Это подтвердила профессиональная экспертиза. Оказалось, что приобретенные вещи Christian Dior, Prada, а также культовая сумка Hermes являются контрафактной продукцией низкого качества. Причем, закупала все Янковская с «Садовода» и «Дубровки». В отношении нее возбудили уголовное дело, но так как стилист сотрудничала со следствием, ей не стали избирать меру пресечения. Но Эльвира немного переборщила со свободой — улетела в Милан, а потом и в Париж на Неделю моды, о чем рассказывала в социальных сетях… и пропустила заседание по своему делу. В итоге Гагаринский суд Москвы принял решение об ужесточении меры пресечения и отправил ее в СИЗО на целых шесть месяцев. Зато интересных историй из Италии и Франции накопилось для сокамерниц.",из фешенебельного миланского отеля в российский сизо стилиста эльвиру янковскую отправили под стражу на месяцев да это та самая барышня которая позиционировала себя как профессиональный имиджмейкер и предложила блогеру валерии чекалиной и другим клиентам приобрести брендовые товары по ценам ниже рыночных но все фейк это подтвердила профессиональная экспертиза оказалось что приобретенные вещи christian dior prada а также культовая сумка hermes являются контрафактной продукцией низкого качества причем закупала все янковская с садовода и дубровки в отношении нее возбудили уголовное дело но так как стилист сотрудничала со следствием ей не стали избирать меру пресечения но эльвира немного переборщила со свободой улетела в милан а потом и в париж на неделю моды о чем рассказывала в социальных сетях и пропустила заседание по своему делу в итоге гагаринский суд москвы принял решение об ужесточении меры пресечения и отправил ее в сизо на целых шесть месяцев зато интересных историй из италии и франции накопилось для сокамерниц
2025-10-21T12:14:33+00:00,10,"Первое уголовное дело о передаче телефонных номеров третьим лицам возбудили в отношении жителя Химок. Житель Подмосковья по предложению своих знакомых решил заработать: он оформлял по фальшивым доверенностям множество номеров, а затем продавал их за 9 тысяч рублей вместе с подельниками. К подозреваемому, который ходил по салонам сотовой связи, оперативники пришли домой с обысками. В рамках первого такого уголовного дела у него изъяли смартфоны, документы и сим-карты. Теперь ему грозит лишение свободы. Такие ""левые"" номера телефонов часто используются дропперами, телефонными мошенниками, наркоторговцами, но количество нелегальных схем ограничено только фантазией потенциальных преступников.",первое уголовное дело о передаче телефонных номеров третьим лицам возбудили в отношении жителя химок житель подмосковья по предложению своих знакомых решил заработать он оформлял по фальшивым доверенностям множество номеров а затем продавал их за тысяч рублей вместе с подельниками к подозреваемому который ходил по салонам сотовой связи оперативники пришли домой с обысками в рамках первого такого уголовного дела у него изъяли смартфоны документы и сим карты теперь ему грозит лишение свободы такие левые номера телефонов часто используются дропперами телефонными мошенниками наркоторговцами но количество нелегальных схем ограничено только фантазией потенциальных преступников
2025-10-21T07:51:16+00:00,10,"Хотела ее защиты, а стала ее жертвой: бывший адвокат Александры Митрошиной долгое время обманывала свою подзащитную и кинула ее на 75 млн рублей. Адвокат Алиса Волхова и юрист Ольга Гольцева долгое время обманывали свою доверительницу. Они обещали Митрошиной вычеркнуть ее из «черных списков» Администрации Президента. На деле — никаких списков и не было, а сама Митрошина уверяет, что ее систематически ими запугивали. В итоге она заплатила больше 70 млн рублей, будучи уверенной, что это единственно верное решение «проблемы». Следствие полагает, что Волхова, пользуясь доверительными отношениями и владея сведениями о финансах блогера, организовала схему по хищению денежных средств. Адвокат и ее сообщница, по версии органов, действительно давили на Митрошину. При этом деньги поступали на счет ИП Волковой под видом медиации, которая, конечно же, не проводилась. В отношении Алисы Волховой и Ольги Гольцевой возбуждено уголовное дело по статье «Мошенничество в особо крупном размере».",хотела ее защиты а стала ее жертвой бывший адвокат александры митрошиной долгое время обманывала свою подзащитную и кинула ее на млн рублей адвокат алиса волхова и юрист ольга гольцева долгое время обманывали свою доверительницу они обещали митрошиной вычеркнуть ее из черных списков администрации президента на деле никаких списков и не было а сама митрошина уверяет что ее систематически ими запугивали в итоге она заплатила больше млн рублей будучи уверенной что это единственно верное решение проблемы следствие полагает что волхова пользуясь доверительными отношениями и владея сведениями о финансах блогера организовала схему по хищению денежных средств адвокат и ее сообщница по версии органов действительно давили на митрошину при этом деньги поступали на счет ип волковой под видом медиации которая конечно же не проводилась в отношении алисы волховой и ольги гольцевой возбуждено уголовное дело по статье мошенничество в особо крупном размере
2025-10-20T16:30:55+00:00,10,"В Москве задержали курьера, который пытался передать пациенту наркотики в дезодоранте прямо в больницу. Доставку с запрещённым веществом заказал один из пациентов медучреждения на Парковой. Внутри пакетов с продуктами, которые привёз курьер, заметили подозрительный аэрозоль и вызвали Росгвардию. Правоохранители со служебными собаками обнаружили, что внутри баллончика вместо ""Свежести 48 часов"" находился пакетик с порошком. Вещество повезли на экспертизу, а курьера — в отдел. Анализ показал, что в пакете был клефедрон, один из самых тяжёлых наркотиков. Теперь в камере придётся попотеть.",в москве задержали курьера который пытался передать пациенту наркотики в дезодоранте прямо в больницу доставку с запрещённым веществом заказал один из пациентов медучреждения на парковой внутри пакетов с продуктами которые привёз курьер заметили подозрительный аэрозоль и вызвали росгвардию правоохранители со служебными собаками обнаружили что внутри баллончика вместо свежести часов находился пакетик с порошком вещество повезли на экспертизу а курьера в отдел анализ показал что в пакете был клефедрон один из самых тяжёлых наркотиков теперь в камере придётся попотеть
2025-10-17T16:14:55+00:00,10,"Еще двоих человек извлекли из-под завалов обрушенного завода в Стерлитамаке спасатели. Их госпитализируют в ближайшую больницу. Они получили травмы средней степени тяжести, угрозы жизни нет. Еще 2 сотрудников «Авангарда», предварительно, ищут.",еще двоих человек извлекли из под завалов обрушенного завода в стерлитамаке спасатели их госпитализируют в ближайшую больницу они получили травмы средней степени тяжести угрозы жизни нет еще сотрудников авангарда предварительно ищут
2025-10-17T15:40:12+00:00,10,"Шесть человек пострадали в результате взрыва на заводе «Авангард» в Стерлитамаке. Предварительно, взрыв произошел в 19:40 по местному времени, когда в цеху работали 6 сотрудников. В результате произошедшего обвалилась стена. Одно из зданий разрушено. Спасателям уже удалось достать из-под завалов одного человека, еще нескольких ищут.",шесть человек пострадали в результате взрыва на заводе авангард в стерлитамаке предварительно взрыв произошел в по местному времени когда в цеху работали сотрудников в результате произошедшего обвалилась стена одно из зданий разрушено спасателям уже удалось достать из под завалов одного человека еще нескольких ищут
2025-10-17T14:58:09+00:00,10,"Ростовского убийцу своих родственников задержали по горячим следам. Сейчас оперативники допрашивают Фёдора Миляева, чтобы узнать, что побудило его расправиться с родной сестрой прямо в её доме. Теперь преступника ждет арест, а затем ему предстоит провести много лет за решеткой.",ростовского убийцу своих родственников задержали по горячим следам сейчас оперативники допрашивают фёдора миляева чтобы узнать что побудило его расправиться с родной сестрой прямо в её доме теперь преступника ждет арест а затем ему предстоит провести много лет за решеткой
2025-11-01T18:08:02+00:00,1,"Настоящий истребитель. Су-35С стал самым результативным истребителем XXI века, заявили в ""Ростехе"" РИА Новости. Шестая в 2025 году партия ""тридцать пятых"" передана в состав ВКС. Что известно об этой боевой машине? Рассказывает . Кто есть мистер ""тридцать пятый""? Су-35С – многофункциональный истребитель 4++, ставший в ВКС переходным звеном между четвёртым и пятым поколениями. И это не просто слова. Именно на базе Су-35С отрабатывались многие элементы будущего Су-57. Его отличает маневренность и тяговооруженность за счёт двух двигателей АЛ-41Ф1 с изменяемым вектором тяги. Крещение огнём. Первое боевое применение Су-35С зафиксировано в ходе кампании в Сирии, где лётчики ВКС РФ выполняли задачи на любой вкус: от ударов ""чугуниевыми"" авиабомбами по террористам всех мастей и до сопровождения самолетов западной ""международной коалиции"". Но новым вызовом для Су-35С стала СВО, где он встретился с противником с эшелонированной ПВО. Короли воздуха. Истребители Су-35С ВКС РФ в ходе СВО показали свою высочайшую эффективность. Например, летом 2024-го один из них сбил МиГ-29 с расстояния в 213 км ракетой Р-37М. Су-35С били и истребители Су-27, и штурмовики Су-25, и фронтовые бомбардировщики Су-24М ВВС Украины. Единственные, кого они еще не встречали в бою, – американские F-16 и французские Mirage. И то, пока. Смогут ли поставки Украине ""десятков"" обещанных F-16 изменить ситуацию в СВО? Ещё в июне 2023 года президент РФ Путин дал понять, что американские ""шестнадцатые"", которые Запад поставляет Украине, ждёт судьба переданных ВСУ западных танков: ""_Как горели танки, так и будут гореть и F-16. Сомнений в этом нет_"". Спутник Ближнее зарубежье в MAX",настоящий истребитель су с стал самым результативным истребителем xxi века заявили в ростехе риа новости шестая в году партия тридцать пятых передана в состав вкс что известно об этой боевой машине рассказывает кто есть мистер тридцать пятый су с многофункциональный истребитель ставший в вкс переходным звеном между четвёртым и пятым поколениями и это не просто слова именно на базе су с отрабатывались многие элементы будущего су его отличает маневренность и тяговооруженность за счёт двух двигателей ал ф с изменяемым вектором тяги крещение огнём первое боевое применение су с зафиксировано в ходе кампании в сирии где лётчики вкс рф выполняли задачи на любой вкус от ударов чугуниевыми авиабомбами по террористам всех мастей и до сопровождения самолетов западной международной коалиции но новым вызовом для су с стала сво где он встретился с противником с эшелонированной пво короли воздуха истребители су с вкс рф в ходе сво показали свою высочайшую эффективность например летом го один из них сбил миг с расстояния в км ракетой р м су с били и истребители су и штурмовики су и фронтовые бомбардировщики су м ввс украины единственные кого они еще не встречали в бою американские f и французские mirage и то пока смогут ли поставки украине десятков обещанных f изменить ситуацию в сво ещё в июне года президент рф путин дал понять что американские шестнадцатые которые запад поставляет украине ждёт судьба переданных всу западных танков как горели танки так и будут гореть и f сомнений в этом нет спутник ближнее зарубежье в max
2025-11-01T17:04:02+00:00,1,"Дрон за секунду: SpeedyBee показала Mario Mini 25 с защёлками вместо сборки. Китайцы из SpeedyBee показали модульный FPV-дрон Mario Mini 25, собрать который можно буквально за пару секунд. Дело в том, что все компоненты фиксируются с помощью защелок - максимально быстро и, как утверждается, довольно надежно. Есть ощущение, что ломаться клипсы будут нещадно, но зато производитель заявляет о повышенной мощности и увеличенном времени полета по сравнению с аналогами. Беспилотник будет совместим с видео-системами DJI O4 / O4 Pro, что тоже хорошая новость. ™ Беспилот",дрон за секунду speedybee показала mario mini с защёлками вместо сборки китайцы из speedybee показали модульный fpv дрон mario mini собрать который можно буквально за пару секунд дело в том что все компоненты фиксируются с помощью защелок максимально быстро и как утверждается довольно надежно есть ощущение что ломаться клипсы будут нещадно но зато производитель заявляет о повышенной мощности и увеличенном времени полета по сравнению с аналогами беспилотник будет совместим с видео системами dji o o pro что тоже хорошая новость беспилот
2025-11-01T15:02:02+00:00,0,"Крупнейшие российские авиакомпании заказали более 300 импортозамещённых лайнеров: так, 200 МС-21 зарезервировал «Аэрофлот», S7 – более 100 Ту-214. Об этом замглавы российского правительства Виталий Савельев сообщил на полях просветительского марафона «Знание.Наука». Кроме того, вице-премьер заявил о готовности страны возобновить создание сверхзвуковых пассажирских авиалайнеров: отечественная авиапромышленность имеет такой опыт, спроектировав, выпустив и эксплуатируя в 1960-1970 гг. 16 бортов Ту-144. Также Виталий Савельев рассказал о работе властей над развитием беспилотных грузовых перевозок: для их широкого внедрения необходима проработка логистики на последних участках доставки – в городской среде.",крупнейшие российские авиакомпании заказали более импортозамещённых лайнеров так мс зарезервировал аэрофлот s более ту об этом замглавы российского правительства виталий савельев сообщил на полях просветительского марафона знание наука кроме того вице премьер заявил о готовности страны возобновить создание сверхзвуковых пассажирских авиалайнеров отечественная авиапромышленность имеет такой опыт спроектировав выпустив и эксплуатируя в гг бортов ту также виталий савельев рассказал о работе властей над развитием беспилотных грузовых перевозок для их широкого внедрения необходима проработка логистики на последних участках доставки в городской среде
2025-11-01T11:45:38+00:00,1,"Мини-""Чинук"" от британской Rotron Aerospace. Называется этот БПЛА с двумя большими роторами Talon DT-300, и считаться он может поистине универсальным аппаратом. Использовать его можно для разведки, доставки грузов, сбросов, или даже в качестве носителя FPV. Что по характеристикам: полезная нагрузка - 45 кг; крейсерская скорость - 80 км/ч; максимальная скорость - 120 км/ч; максимальная дальность - 140 км; с нагрузкой 30 кг - 70 км; с нагрузкой 45 кг - 25 км. А еще DT-300, как сообщается, совершил первый полноценный запуск тяжёлой ракеты с БПЛА. Он успешно запустил ракету APKWS с лазерным наведением и противотанковую ракету Javelin во время демонстрационных стрельб на военном полигоне в США. ™ Беспилот",мини чинук от британской rotron aerospace называется этот бпла с двумя большими роторами talon dt и считаться он может поистине универсальным аппаратом использовать его можно для разведки доставки грузов сбросов или даже в качестве носителя fpv что по характеристикам полезная нагрузка кг крейсерская скорость км ч максимальная скорость км ч максимальная дальность км с нагрузкой кг км с нагрузкой кг км а еще dt как сообщается совершил первый полноценный запуск тяжёлой ракеты с бпла он успешно запустил ракету apkws с лазерным наведением и противотанковую ракету javelin во время демонстрационных стрельб на военном полигоне в сша беспилот
2025-11-01T05:32:16+00:00,4,"Сколько стоит Airbus A300 Airbus A300 стал первым самолётом компании и первым в мире двухдвигательным широкофюзеляжным лайнером. Его появление в 1970-х ознаменовало новую эпоху: более экономичные перелёты на средние и дальние расстояния. В то время новый A300 стоил около 80–90 миллионов долларов, что делало его конкурентом Boeing 767 и Douglas DC-10. Прошло почти полвека, и производство давно завершено — последний A300 сошёл с линии в 2007 году. Сегодня в небе остаётся около 170 таких самолётов, почти все переоборудованы под грузовые перевозки. Основные операторы — FedEx, UPS и DHL. Машинам по тридцать и больше лет, но они продолжают летать ежедневно, перевозя тонны посылок по всему миру. На вторичном рынке пассажирский A300 возрастом 25–30 лет стоит от 2 до 6 миллионов долларов, в зависимости от состояния и ресурса двигателей. Грузовые версии A300-600F оцениваются примерно в 4 миллиона долларов, а чтобы вернуть старый самолёт в воздух, потребуется ещё 1,5–2 миллиона долларов на восстановление и сертификацию. Главная причина низкой цены проста: возраст и расход топлива. По сравнению с современными лайнерами A300 прожорлив и требует регулярного обслуживания, которое обходится дорого. Поэтому для пассажирских перевозок он уже невыгоден, но в грузовой авиации остаётся рабочей лошадкой — надёжной, проверенной и предсказуемой. Час работы грузового A300-600F стоит около 22 тысяч долларов. Даже спустя десятилетия эти машины продолжают приносить прибыль, напоминая, что инженерная классика живёт дольше, чем её создатели могли предположить. SkyMoments – Всё про Авиацию",сколько стоит airbus a airbus a стал первым самолётом компании и первым в мире двухдвигательным широкофюзеляжным лайнером его появление в х ознаменовало новую эпоху более экономичные перелёты на средние и дальние расстояния в то время новый a стоил около миллионов долларов что делало его конкурентом boeing и douglas dc прошло почти полвека и производство давно завершено последний a сошёл с линии в году сегодня в небе остаётся около таких самолётов почти все переоборудованы под грузовые перевозки основные операторы fedex ups и dhl машинам по тридцать и больше лет но они продолжают летать ежедневно перевозя тонны посылок по всему миру на вторичном рынке пассажирский a возрастом лет стоит от до миллионов долларов в зависимости от состояния и ресурса двигателей грузовые версии a f оцениваются примерно в миллиона долларов а чтобы вернуть старый самолёт в воздух потребуется ещё миллиона долларов на восстановление и сертификацию главная причина низкой цены проста возраст и расход топлива по сравнению с современными лайнерами a прожорлив и требует регулярного обслуживания которое обходится дорого поэтому для пассажирских перевозок он уже невыгоден но в грузовой авиации остаётся рабочей лошадкой надёжной проверенной и предсказуемой час работы грузового a f стоит около тысяч долларов даже спустя десятилетия эти машины продолжают приносить прибыль напоминая что инженерная классика живёт дольше чем её создатели могли предположить skymoments всё про авиацию
2025-10-31T13:36:08+00:00,7,"Когда купил киндер-сюрприз, а внутри еще два киндер-сюрприза. #авиамемы",когда купил киндер сюрприз а внутри еще два киндер сюрприза
2025-10-31T11:32:01+00:00,7,"Либо самый смелый пилот, либо самый большой оптимист. #авиамемы",либо самый смелый пилот либо самый большой оптимист
2025-10-31T09:32:01+00:00,3,"Забастовка на оборонных заводах Boeing: четыре месяца противостояния Конфликт между Boeing и его собственными рабочими оборонного подразделения продолжается уже четвертый месяц. Более 3200 сотрудников в Миссури и Иллинойсе снова отклонили предложение компании по контракту, продлевая забастовку, которая парализует производство военной техники. Диалог зашёл в тупик: профсоюз называет условия Boeing дешёвым пиаром, а компания ответные предложения рабочих ""пустой тратой времени"". Последнее голосование раскололо коллектив: предложение отклонили с минимальным перевесом 51% на 49%. В Boeing тут же назвали результат ""близким"" и заявили, что переходят к следующей фазе плана на случай непредвиденных обстоятельств, намекая на тех, кто готов вернуться к работе. Примечательность ситуации в том, что гигант ВПК, вооружающий полмира, оказался в жёстком клинче со своими же ключевыми специалистами. Boeing публично подсчитал, что каждый бастующий уже потерял около 30 000 долларов, пытаясь оказать давление. Пока стороны обмениваются уколами, выполнение оборонных заказов остаётся под вопросом. #злойавиатор",забастовка на оборонных заводах boeing четыре месяца противостояния конфликт между boeing и его собственными рабочими оборонного подразделения продолжается уже четвертый месяц более сотрудников в миссури и иллинойсе снова отклонили предложение компании по контракту продлевая забастовку которая парализует производство военной техники диалог зашёл в тупик профсоюз называет условия boeing дешёвым пиаром а компания ответные предложения рабочих пустой тратой времени последнее голосование раскололо коллектив предложение отклонили с минимальным перевесом на в boeing тут же назвали результат близким и заявили что переходят к следующей фазе плана на случай непредвиденных обстоятельств намекая на тех кто готов вернуться к работе примечательность ситуации в том что гигант впк вооружающий полмира оказался в жёстком клинче со своими же ключевыми специалистами boeing публично подсчитал что каждый бастующий уже потерял около долларов пытаясь оказать давление пока стороны обмениваются уколами выполнение оборонных заказов остаётся под вопросом
2025-10-31T05:36:02+00:00,1,"Индия сделала ещё один шаг к созданию собственного беспилотного истребителя Компания Hindustan Aeronautics Limited (HAL) успешно провела первый полёт беспилотной версии учебно-тренировочного самолёта Kiran Mk-II, открыв новую страницу в развитии национальной программы Combat Air Teaming System (CATS) — индийского аналога концепций “беспилотного ведомого”, реализуемых в США и Австралии. Новый беспилотный Kiran превращает старый учебный самолёт 1970-х годов в опытный стенд для технологий ИИ, автономного управления и боевого взаимодействия человек–машина. Он способен работать как с пилотом на борту, так и полностью дистанционно, управляемый по защищённым каналам связи, созданным HAL и DRDO. В рамках программы CATS индийская корпорация разрабатывает целое семейство систем, которое изначально будет состоять из: CATS Warrior — стелс-ведомый, оснащённый РЛС с АФАР, оптико-электронной станцией и средствами РЭБ. Предполагается, что он может нести две корректируемые бомбы SAAW и ракеты класса “воздух–воздух”; CATS Hunter — высокоскоростной “микро-дрон”, способный отделяться от Warrior в полёте и поражать наземные цели. Ожидается, что лётчики истребителя Tejas или перспективного AMCA смогут управлять несколькими такими аппаратами одновременно, формируя “рои” для ударов, разведки или подавления ПВО противника. В HAL подчёркивают, что переоборудование устаревших самолётов в беспилотные платформы — это экономичный и прагматичный путь к созданию боевых дронов нового поколения. _Соцсети / HAL_ #Постфактум #HAL #БПЛА Онлайн-проект eMAKS",индия сделала ещё один шаг к созданию собственного беспилотного истребителя компания hindustan aeronautics limited hal успешно провела первый полёт беспилотной версии учебно тренировочного самолёта kiran mk ii открыв новую страницу в развитии национальной программы combat air teaming system cats индийского аналога концепций беспилотного ведомого реализуемых в сша и австралии новый беспилотный kiran превращает старый учебный самолёт х годов в опытный стенд для технологий ии автономного управления и боевого взаимодействия человек машина он способен работать как с пилотом на борту так и полностью дистанционно управляемый по защищённым каналам связи созданным hal и drdo в рамках программы cats индийская корпорация разрабатывает целое семейство систем которое изначально будет состоять из cats warrior стелс ведомый оснащённый рлс с афар оптико электронной станцией и средствами рэб предполагается что он может нести две корректируемые бомбы saaw и ракеты класса воздух воздух cats hunter высокоскоростной микро дрон способный отделяться от warrior в полёте и поражать наземные цели ожидается что лётчики истребителя tejas или перспективного amca смогут управлять несколькими такими аппаратами одновременно формируя рои для ударов разведки или подавления пво противника в hal подчёркивают что переоборудование устаревших самолётов в беспилотные платформы это экономичный и прагматичный путь к созданию боевых дронов нового поколения соцсети hal онлайн проект emaks
2025-10-30T16:02:00+00:00,7,Веду колонну на парад малой авиации. Остальные просто для массовки. #авиамемы,веду колонну на парад малой авиации остальные просто для массовки
2025-10-30T13:03:01+00:00,0,"Кризис не для всех: Gulfstream отчитался о скандально высоких продажах Пока одни производители бизнес-джетов жалуются на жизнь и сбои в поставках, американцы из Gulfstream отчитываются о скандально хороших результатах. За девять месяцев 2025 года компания поставила 113 самолётов — это абсолютный рекорд за последние десять лет. Секрет успеха прост: новенькие флагманские G700 и G800, самые дорогие и дальнобойные в линейке, разлетаются как горячие пирожки. В Gulfstream хвастаются, что наладили цепочки поставок до доковидного уровня, пока конкуренты всё ещё борются с проблемами. На фоне этого успеха канадцы из Bombardier и французы из Dassault выглядят не так уверенно, с переменным успехом пытаясь угнаться за спросом в сегменте больших джетов. Так что главный скандал здесь в том, что в мире, полном потрясений, спрос на игрушки для миллиардеров не просто не упал, а взлетел до небес. #злойавиатор",кризис не для всех gulfstream отчитался о скандально высоких продажах пока одни производители бизнес джетов жалуются на жизнь и сбои в поставках американцы из gulfstream отчитываются о скандально хороших результатах за девять месяцев года компания поставила самолётов это абсолютный рекорд за последние десять лет секрет успеха прост новенькие флагманские g и g самые дорогие и дальнобойные в линейке разлетаются как горячие пирожки в gulfstream хвастаются что наладили цепочки поставок до доковидного уровня пока конкуренты всё ещё борются с проблемами на фоне этого успеха канадцы из bombardier и французы из dassault выглядят не так уверенно с переменным успехом пытаясь угнаться за спросом в сегменте больших джетов так что главный скандал здесь в том что в мире полном потрясений спрос на игрушки для миллиардеров не просто не упал а взлетел до небес
2025-10-30T12:34:01+00:00,0,"На британский Airlander 10 нашелся первый военный заказчик Британская компания Hybrid Air Vehicles (HAV) заключила первый в своей истории контракт на поставку своих гибридных летательных аппаратов Airlander 10 для военного применения. Первый же гражданский клиент нашёлся ещё в прошлом году в лице французского регионального авиаперевозчика Air Nostrum, который сделал предзаказ на 10 аппаратов для полярного туризма. Теперь, к французской компании, согласно заявлению HAV, присоединился неназванный ""инновационный оборонный подрядчик"", сделавший резерв на три аппарата Airlander 10. Детали контракта, включая стоимость и сроки поставки, не раскрываются. До настоящего времени HAV продвигала Airlander 10 в качестве экологичной платформы гражданского назначения для перевозки пассажиров и грузов. Однако, судя по всему, заказчиками аппарата станут также представители ВПК и военные, интерес которых, согласно заявлению HAV, продиктован “уникальными возможностями аппарата”, в частности, длительным пребыванием в воздухе (до пяти суток без дозаправки), низким уровнем шума и способностью садиться на самые разные поверхности, включая воду и неподготовленные площадки. Это, по мнению разработчиков, открывает новые возможности для военных, в деле обеспечения разведки, наблюдения, связи и логистики в удалённых районах. Конструктивно Airlander 10 представляет из себя гибрид дирижабля и самолёта, что позволяет ему находиться в воздухе дольше, чем самолёт, и при этом маневрировать лучше, чем традиционные дирижабли. HAV планирует начать серийное производство Airlander 10 в ближайшие годы на новом предприятии в Южном Йоркшире. Ранее компания уже заявляла о намерении сертифицировать аппарат к концу десятилетия и выйти на рынок пассажирских перевозок. В заключение отметим, что путь к нынешнему контракту для HAV и её аппарата был долог и тернист. Первый и единственный прототип Airlander 10 был был построен и совершил свой первый полёт еще в далеком 2012 году, но в ноябре 2017 года аппарат был потерян во время шторма, вследствие отрыва его от стояночной мачты, после чего сработала система аварийного сброса газа из внутреннего объема аппарата и он разбился. _Соцсети / David McIntosh_ #Постфактум #HAV #Airlander10 Онлайн-проект eMAKS",на британский airlander нашелся первый военный заказчик британская компания hybrid air vehicles hav заключила первый в своей истории контракт на поставку своих гибридных летательных аппаратов airlander для военного применения первый же гражданский клиент нашёлся ещё в прошлом году в лице французского регионального авиаперевозчика air nostrum который сделал предзаказ на аппаратов для полярного туризма теперь к французской компании согласно заявлению hav присоединился неназванный инновационный оборонный подрядчик сделавший резерв на три аппарата airlander детали контракта включая стоимость и сроки поставки не раскрываются до настоящего времени hav продвигала airlander в качестве экологичной платформы гражданского назначения для перевозки пассажиров и грузов однако судя по всему заказчиками аппарата станут также представители впк и военные интерес которых согласно заявлению hav продиктован уникальными возможностями аппарата в частности длительным пребыванием в воздухе до пяти суток без дозаправки низким уровнем шума и способностью садиться на самые разные поверхности включая воду и неподготовленные площадки это по мнению разработчиков открывает новые возможности для военных в деле обеспечения разведки наблюдения связи и логистики в удалённых районах конструктивно airlander представляет из себя гибрид дирижабля и самолёта что позволяет ему находиться в воздухе дольше чем самолёт и при этом маневрировать лучше чем традиционные дирижабли hav планирует начать серийное производство airlander в ближайшие годы на новом предприятии в южном йоркшире ранее компания уже заявляла о намерении сертифицировать аппарат к концу десятилетия и выйти на рынок пассажирских перевозок в заключение отметим что путь к нынешнему контракту для hav и её аппарата был долог и тернист первый и единственный прототип airlander был был построен и совершил свой первый полёт еще в далеком году но в ноябре года аппарат был потерян во время шторма вследствие отрыва его от стояночной мачты после чего сработала система аварийного сброса газа из внутреннего объема аппарата и он разбился соцсети david mcintosh онлайн проект emaks
2025-10-30T09:36:48+00:00,10,"Контрабандист попытался сбежать от таможенников, когда в его чемодане нашли больше $100 тыс. Россиянин прибыл из Стамбула в аэропорт Шереметьево и планировал вылететь в Казань. Однако в ходе сканирования багажа инспектор заметил, что в одном из чемоданов перемещаются пачки денег. Пассажир отказался предъявить содержимое и пустился в бега, но был задержан. Среди изъятых купюр: турецкие лиры, азербайджанские манаты, бразильские реалы, датские кроны, индийские рупии, румынские леи, сербские динары и др. Решается вопрос о возбуждении уголовного дела. Как сообщили в ФТС РФ, ранее гражданин уже привлекался к административной и уголовной ответственности за нарушение таможенных правил. РЕН ТВ в Telegram|в MAX",контрабандист попытался сбежать от таможенников когда в его чемодане нашли больше тыс россиянин прибыл из стамбула в аэропорт шереметьево и планировал вылететь в казань однако в ходе сканирования багажа инспектор заметил что в одном из чемоданов перемещаются пачки денег пассажир отказался предъявить содержимое и пустился в бега но был задержан среди изъятых купюр турецкие лиры азербайджанские манаты бразильские реалы датские кроны индийские рупии румынские леи сербские динары и др решается вопрос о возбуждении уголовного дела как сообщили в фтс рф ранее гражданин уже привлекался к административной и уголовной ответственности за нарушение таможенных правил рен тв в telegram в max
2025-10-29T19:54:23+00:00,1,В Японии планируют запустить космические перелеты из Токио в Нью-Йорк. Путь через околоземное пространство займет 60 минут https://ruspioner.ru/sobranie/m/single/13264,в японии планируют запустить космические перелеты из токио в нью йорк путь через околоземное пространство займет минут
2025-10-29T16:02:35+00:00,3,"Высокие полёты на фритюре: вся правда о новом эко-топливе в ЕС Европа с гордостью отчиталась о первых шагах к «зелёной» авиации. Держитесь крепче: в 2024 году целых 0.6% авиатоплива в ЕС стали ""устойчивыми"". Это был пробный запуск перед вводом обязательной 2% нормы в 2025 году.​ Секрет эко-революции в том, что это на 81% это отработанное масло для жарки. Да, тот самый фритюр. Но есть пикантная деталь: 69% этого сырья везут из-за пределов ЕС, в основном из Китая и Малайзии. Расследования намекают, что под видом использованного масла в Европу нередко едет дешёвое пальмовое масло, ради которого вырубают леса. Получается, боремся за экологию, спонсируя обезлесение.​ Сами поставщики не спешат рапортовать об успехах: треть компаний просто проигнорировала требование предоставить отчётность за первый год. Видимо, были очень заняты. Несмотря на это, европейские авиационные власти полны оптимизма и верят, что к 2030 году доля ""устойчивого"" топлива достигнет 6%. Правда, производство по-настоящему синтетического топлива, которое не делают из отходов общепита, пока отстаёт и находится под угрозой. Пока бюрократы рапортуют об успехах, летать мы, возможно, будем на дорогом ""чебуречном"" керосине (в 3 раза дороже обычного), а вся устойчивость рискует оказаться глобальным фарсом. #злойавиатор",высокие полёты на фритюре вся правда о новом эко топливе в ес европа с гордостью отчиталась о первых шагах к зелёной авиации держитесь крепче в году целых авиатоплива в ес стали устойчивыми это был пробный запуск перед вводом обязательной нормы в году секрет эко революции в том что это на это отработанное масло для жарки да тот самый фритюр но есть пикантная деталь этого сырья везут из за пределов ес в основном из китая и малайзии расследования намекают что под видом использованного масла в европу нередко едет дешёвое пальмовое масло ради которого вырубают леса получается боремся за экологию спонсируя обезлесение сами поставщики не спешат рапортовать об успехах треть компаний просто проигнорировала требование предоставить отчётность за первый год видимо были очень заняты несмотря на это европейские авиационные власти полны оптимизма и верят что к году доля устойчивого топлива достигнет правда производство по настоящему синтетического топлива которое не делают из отходов общепита пока отстаёт и находится под угрозой пока бюрократы рапортуют об успехах летать мы возможно будем на дорогом чебуречном керосине в раза дороже обычного а вся устойчивость рискует оказаться глобальным фарсом
2025-10-29T06:41:30+00:00,1,"Аэрофлот успешно прошёл сертификацию на ремонт авиационных двигателей Успешно прошли аудит Росавиации и получили сертификат ФАП-145. Документ расширяет технические возможности Группы «Аэрофлот» в области ремонта двигателей CFM56-5B и CFM56-7B, а также их компонентов. Это позволит компании оперативно и собственными силами осуществлять работы по ремонту двигателей, поддерживая безопасность полётов на высоком уровне. Для ремонта двигателей в Группе «Аэрофлот» создана отдельная компания — АО «АэроТрастТехникс». Производство расположено в аэропорту Шереметьево, укомплектовано персоналом и оснащено инструментами, оборудованием и материалами для выполнения первых ремонтов двигателей в соответствии с заявленным объёмом работ. Сотрудники производства обладают многолетним опытом и экспертизой в техническом обслуживании двигателей зарубежного производства. В соответствии с сертификатом ФАП-145, специалисты могут выполнять локальные работы на двигателях семейства CFM56: ремонт ротора и статора компрессора высокого давления, ремонт турбины высокого давления, замена модулей турбины низкого давления и модуля компрессора низкого давления в сборе. Двигатели CFM56-7B устанавливаются на Boeing 737NG, а двигатели CFM56-5B используются на лайнерах семейства Airbus A320ceo. В воздушном парке авиакомпаний Группы «Аэрофлот» эксплуатируется 93 самолёта Boeing 737NG и 110 лайнеров семейства AirbusA320ceo. Отдать буст | подписаться на пресс-службу в ТГ| MAX",аэрофлот успешно прошёл сертификацию на ремонт авиационных двигателей успешно прошли аудит росавиации и получили сертификат фап документ расширяет технические возможности группы аэрофлот в области ремонта двигателей cfm b и cfm b а также их компонентов это позволит компании оперативно и собственными силами осуществлять работы по ремонту двигателей поддерживая безопасность полётов на высоком уровне для ремонта двигателей в группе аэрофлот создана отдельная компания ао аэротрасттехникс производство расположено в аэропорту шереметьево укомплектовано персоналом и оснащено инструментами оборудованием и материалами для выполнения первых ремонтов двигателей в соответствии с заявленным объёмом работ сотрудники производства обладают многолетним опытом и экспертизой в техническом обслуживании двигателей зарубежного производства в соответствии с сертификатом фап специалисты могут выполнять локальные работы на двигателях семейства cfm ремонт ротора и статора компрессора высокого давления ремонт турбины высокого давления замена модулей турбины низкого давления и модуля компрессора низкого давления в сборе двигатели cfm b устанавливаются на boeing ng а двигатели cfm b используются на лайнерах семейства airbus a ceo в воздушном парке авиакомпаний группы аэрофлот эксплуатируется самолёта boeing ng и лайнеров семейства airbusa ceo отдать буст подписаться на пресс службу в тг max
2025-10-28T11:09:58+00:00,10,"В Испании девять самолетов не смогли приземлиться из-за угрозы БПЛА. Об этом сообщают британские СМИ. Беспилотную опасность объявили в аэропорту Аликанте на востоке Испании вчера вечером. Воздушную гавань временно закрыли на прием и вылет всех рейсов. В результате девять самолетов, летевших из Великобритании, перенаправили на ближайшие аэродромы. Как пишет ""Новый день"" со ссылкой на газету The Sun, дрон обнаружить не удалось. Через несколько часов ограничения сняли, работа аэропорта была возобновлена.",в испании девять самолетов не смогли приземлиться из за угрозы бпла об этом сообщают британские сми беспилотную опасность объявили в аэропорту аликанте на востоке испании вчера вечером воздушную гавань временно закрыли на прием и вылет всех рейсов в результате девять самолетов летевших из великобритании перенаправили на ближайшие аэродромы как пишет новый день со ссылкой на газету the sun дрон обнаружить не удалось через несколько часов ограничения сняли работа аэропорта была возобновлена
2025-10-27T18:32:02+00:00,1,"""Радар ммс"" создаст большой БПЛА с роботами-помощниками. До конца 2026 года ""Радар ммс"" проведет испытания нового беспилотного аппарата со взлетной массой до 550 кг и роботизированной инфраструктуры для него. Сейчас у компании есть БВС ВТ 440 (на фото), максимальная взлетная масса которого составляет 450 кг. Как рассказал исполнительный директор НПП ""Радар ммс"" Иван Анцев, роботизированная инфраструктура будет состоять в том числе из наземных роботов, которые в автоматическом режиме забирают со склада грузы и загружают на беспилотник. Далее аппарат дозаправляется с помощью такого же робота и в автоматическом режиме вылетает по заданию. То есть, все операции выполняются роботами, а оператор сидит в диспетчерском центре и мониторит, как проходят эти процессы Всё это должно минимизировать человеческий фактор и оптимизировать издержки – стоимость летного часа и перевозки груза. Сегодня для обслуживания БПЛА требуется два-три специалиста - техник, пилот и логист. В итоге стоимость килограмм-километра колеблется от 10 до 15 рублей, а рынку нужно, чтобы стоимость достигала 5-6 рублей. ™ Беспилот",радар ммс создаст большой бпла с роботами помощниками до конца года радар ммс проведет испытания нового беспилотного аппарата со взлетной массой до кг и роботизированной инфраструктуры для него сейчас у компании есть бвс вт на фото максимальная взлетная масса которого составляет кг как рассказал исполнительный директор нпп радар ммс иван анцев роботизированная инфраструктура будет состоять в том числе из наземных роботов которые в автоматическом режиме забирают со склада грузы и загружают на беспилотник далее аппарат дозаправляется с помощью такого же робота и в автоматическом режиме вылетает по заданию то есть все операции выполняются роботами а оператор сидит в диспетчерском центре и мониторит как проходят эти процессы всё это должно минимизировать человеческий фактор и оптимизировать издержки стоимость летного часа и перевозки груза сегодня для обслуживания бпла требуется два три специалиста техник пилот и логист в итоге стоимость килограмм километра колеблется от до рублей а рынку нужно чтобы стоимость достигала рублей беспилот
2025-10-27T13:33:58+00:00,3,"Опубликован Приказ Министерства труда и социальной защиты Российской Федерации от 12.09.2025 № 555н «Об утверждении профессионального стандарта «Специалист по радионавигации, радиолокации и связи гражданской авиации» (Зарегистрирован 17.10.2025 № 83865). Ознакомиться с приказом можно по ссылке. Подписаться на канал Вертолетная индустрия",опубликован приказ министерства труда и социальной защиты российской федерации от н об утверждении профессионального стандарта специалист по радионавигации радиолокации и связи гражданской авиации зарегистрирован ознакомиться с приказом можно по ссылке подписаться на канал вертолетная индустрия
2025-10-27T08:32:58+00:00,10,"В выходные в работе американских аэропортов снова происходили сбои — из-за нехватки авиадиспетчеров было отменено более 8000 рейсов. Перебои наблюдались в аэропортах Финикса, Хьюстона, Сан-Диего, Нью-Йорка и Вашингтона. Министр транспорта США Шон Даффи заявил, что нехватка персонала может привести к ещё большему числу задержек и отмен рейсов в ближайшие дни — 28 октября должна произойти очередная выплата зарплаты, которой, вероятно, не будет. Федеральное правительство приостановило работу 1 октября после того, как республиканцы и демократы в Конгрессе не смогли договориться о бюджетных расходах.",в выходные в работе американских аэропортов снова происходили сбои из за нехватки авиадиспетчеров было отменено более рейсов перебои наблюдались в аэропортах финикса хьюстона сан диего нью йорка и вашингтона министр транспорта сша шон даффи заявил что нехватка персонала может привести к ещё большему числу задержек и отмен рейсов в ближайшие дни октября должна произойти очередная выплата зарплаты которой вероятно не будет федеральное правительство приостановило работу октября после того как республиканцы и демократы в конгрессе не смогли договориться о бюджетных расходах
2025-11-01T11:03:01+00:00,7,*Майкл Бьюрри:* Иногда мы видим пузыри. Иногда с этим можно что-то сделать. А иногда единственный выигрышный ход - не играть вовсе. x.com _ прототип героя «Игры на понижение»_,майкл бьюрри иногда мы видим пузыри иногда с этим можно что то сделать а иногда единственный выигрышный ход не играть вовсе x com прототип героя игры на понижение
2025-11-01T07:01:24+00:00,4,Лидеры роста и падения на этой неделе: WUSH iВУШХолднг +12.99% MRKC РоссЦентр -8.01% _ среди российских акций 1 и 2 эшелонов с учётом вечерней сессии_,лидеры роста и падения на этой неделе wush iвушхолднг mrkc россцентр среди российских акций и эшелонов с учётом вечерней сессии
2025-11-01T06:25:23+00:00,4,"Газпром в пятый раз за месяц обновил максимум суточных поставок газа по ""Силе Сибири"" в Китай. interfax.ru",газпром в пятый раз за месяц обновил максимум суточных поставок газа по силе сибири в китай interfax ru
2025-11-01T06:20:00+00:00,4,Через 2 дня на Мосбирже истекает срок фьючерсного контракта BR-11.25.,через дня на мосбирже истекает срок фьючерсного контракта br
2025-10-31T16:18:09+00:00,4,"Си Цзиньпин: Китай - идеальное, безопасное и перспективное место для инвестиций для мирового бизнес-сообщества. Партнёрство с Китаем означает партнёрство с возможностями, вера в Китай означает веру в завтрашний день, инвестиции в Китай - это инвестиции в будущее. 1prime.ru",си цзиньпин китай идеальное безопасное и перспективное место для инвестиций для мирового бизнес сообщества партнёрство с китаем означает партнёрство с возможностями вера в китай означает веру в завтрашний день инвестиции в китай это инвестиции в будущее prime ru
2025-10-31T13:31:59+00:00,4,#alert Amazon (AMZN): рост > 10% с предыдущего закрытия _* отражаются алёрты по топ-50 из S&P-500_,amazon amzn рост с предыдущего закрытия отражаются алёрты по топ из s p
2025-10-31T13:20:34+00:00,4,"The Kobeissi Letter (про S&P 500): _""Это один из самых сильных рынков за всю историю: S&P 500 находится выше своей 50-дневной скользящей средней 125 торговых дней подряд, что является самым продолжительным показателем с 2011 года (тогда серия длилась 130 торговых дней). Это также третий по продолжительности период в этом столетии. Самый продолжительный период с 2000 года составил 149 торговых дней."" x.com * больше статистики по рынкам в __",the kobeissi letter про s p это один из самых сильных рынков за всю историю s p находится выше своей дневной скользящей средней торговых дней подряд что является самым продолжительным показателем с года тогда серия длилась торговых дней это также третий по продолжительности период в этом столетии самый продолжительный период с года составил торговых дней x com больше статистики по рынкам в
2025-10-31T13:07:02+00:00,4,"Разные эксперты (про ESG): Ключевой актив — хибинский апатит с естественно низким содержанием кадмия — позволяет компании занимать стратегическую нишу на глобальном рынке. В отличие от конкурентов, которым приходится нести затраты на очистку продукции, «Фосагро» изначально предлагает «чистый» продукт, соответствующий ужесточающимся экологическим стандартам ЕС и других развитых рынков. Консенсус-мнение аналитиков сводится к тому, что в долгосрочной перспективе ESG-премия «Фосагро» будет только усиливаться. Глобальный тренд на устойчивое сельское хозяйство и ужесточение экологических норм работают в пользу компании, превращая ее экологическую политику в устойчивое рыночное преимущество. phosagro.ru #PHOR #в_фокусе",разные эксперты про esg ключевой актив хибинский апатит с естественно низким содержанием кадмия позволяет компании занимать стратегическую нишу на глобальном рынке в отличие от конкурентов которым приходится нести затраты на очистку продукции фосагро изначально предлагает чистый продукт соответствующий ужесточающимся экологическим стандартам ес и других развитых рынков консенсус мнение аналитиков сводится к тому что в долгосрочной перспективе esg премия фосагро будет только усиливаться глобальный тренд на устойчивое сельское хозяйство и ужесточение экологических норм работают в пользу компании превращая ее экологическую политику в устойчивое рыночное преимущество phosagro ru
2025-10-31T10:01:16+00:00,4,Eurozone CPI (YoY): +2.1% (ожид. +2.1%) пред. значение: +2.2% Eurozone CPI Core (YoY): +2.4% (ожид. +2.3%) пред. значение: +2.4%,eurozone cpi yoy ожид пред значение eurozone cpi core yoy ожид пред значение
2025-10-31T10:00:32+00:00,4,HSI -1.43% _* Hang Seng Index (HSI) — индекс Гонконгской биржи. Время торгов: 09:00-16:00 по Гонконгу (04:00-11:00 МСК)._,hsi hang seng index hsi индекс гонконгской биржи время торгов по гонконгу мск
2025-10-31T08:01:27+00:00,4,"Т-Инвестиции открыли сбор заявок на выпуск облигаций «Кредитный поток 3.0» объемом 12 млрд руб. Это первый выпуск, обеспеченный портфелем кредитных карт, старейшего направления бизнеса Т-Банка. Оценка надежности: eААА(ru.sf) от АКРА (наивысшая). Ориентир ставки купона: до 17,5% годовых (фиксированная). Выплаты: ежемесячные, ожидаемое погашение в дек. 2027 г. vedomosti.ru",т инвестиции открыли сбор заявок на выпуск облигаций кредитный поток объемом млрд руб это первый выпуск обеспеченный портфелем кредитных карт старейшего направления бизнеса т банка оценка надежности eааа ru sf от акра наивысшая ориентир ставки купона до годовых фиксированная выплаты ежемесячные ожидаемое погашение в дек г vedomosti ru
2025-10-31T03:02:44+00:00,4,Набиуллина: Банк России сможет перейти к нейтральной ключевой ставке 7.5–8.5% в 2027 году. В следующем году ЦБ видит пространство для снижения ключевой ставки quote.rbc.ru,набиуллина банк россии сможет перейти к нейтральной ключевой ставке в году в следующем году цб видит пространство для снижения ключевой ставки quote rbc ru
2025-10-30T14:06:51+00:00,4,ECB Interest Rate Decision: 2.15% (ожид. 2.15%) пред. значение: 2.15%,ecb interest rate decision ожид пред значение
2025-10-30T12:15:11+00:00,4,U.S. GDP (QoQ) - advance (Q3) через 15 минут ожидается: +3.0%,u s gdp qoq advance q через минут ожидается
2025-10-30T09:07:41+00:00,4,"#alert ВУШ Холдинг (WUSH): рост > 10% с предыдущего закрытия _ относится к 2-му эшелону акций * показываются алерты на все акции с Мосбиржи (10% - для акций из индекса IMOEX, 1-го эшелона, hot names; 15% - 2-го эшелона; 20% - 3-го эшелона)_",вуш холдинг wush рост с предыдущего закрытия относится к му эшелону акций показываются алерты на все акции с мосбиржи для акций из индекса imoex го эшелона hot names го эшелона го эшелона
2025-11-01T15:31:27+00:00,7,Впереди длинные выходные! Собрали для вас самые интересные мероприятия. Предлагаем: отпраздновать День народного единства в музеях и парках; увидеть исторические реконструкции в кинопарке «Москино»; подарить пушистику дом на фестивале «Тыквы и коты»; отправиться на ночную экскурсию по ВДНХ; сыграть в настольные игры и понаблюдать за матчами на Второй Московской интеллиаде; полюбоваться снимками дикой природы на фестивале «Золотая черепаха»; понаблюдать за международными соревнованиями по карате; узнать больше о современной керамике в Музее Москвы. «Город Москва» в MAX и Telegram.,впереди длинные выходные собрали для вас самые интересные мероприятия предлагаем отпраздновать день народного единства в музеях и парках увидеть исторические реконструкции в кинопарке москино подарить пушистику дом на фестивале тыквы и коты отправиться на ночную экскурсию по вднх сыграть в настольные игры и понаблюдать за матчами на второй московской интеллиаде полюбоваться снимками дикой природы на фестивале золотая черепаха понаблюдать за международными соревнованиями по карате узнать больше о современной керамике в музее москвы город москва в max и telegram
2025-11-01T15:04:54+00:00,7,"В «Мосбилете» появились билеты на Московскую музейную неделю, которая пройдет с 10 по 16 ноября. Это возможность бесплатно увидеть редкие экспонаты, побывать на временных выставках и экскурсиях. Выбирайте музеи, которые давно хотели посетить, и планируйте культурный маршрут. Например: 1⃣ Старый Английский двор — 10 ноября 2⃣ Московский музей современного искусства — 11 ноября 3⃣ Мемориальный музей А.Н. Скрябина — 12 ноября 4⃣ Музей космонавтики — 13 ноября 5⃣ Государственный Дарвиновский музей — 13 ноября 6⃣ Дом русского зарубежья имени Александра Солженицына — 15 ноября Регистрируйтесь заранее в «Мосбилете», пока все билеты не разобрали.",в мосбилете появились билеты на московскую музейную неделю которая пройдет с по ноября это возможность бесплатно увидеть редкие экспонаты побывать на временных выставках и экскурсиях выбирайте музеи которые давно хотели посетить и планируйте культурный маршрут например старый английский двор ноября московский музей современного искусства ноября мемориальный музей а н скрябина ноября музей космонавтики ноября государственный дарвиновский музей ноября дом русского зарубежья имени александра солженицына ноября регистрируйтесь заранее в мосбилете пока все билеты не разобрали
2025-11-01T13:31:14+00:00,5,"В Москве заработали два новых центра для людей после трансплантации: 1⃣ в НИИ СП им. Н.В. Склифосовского; 2⃣ в МКНЦ им. А.С. Логинова. Здесь работает вся команда специалистов — гастроэнтерологи, кардиологи, пульмонологи, хирурги, нефрологи. Пациенты с трансплантированными сердцем, легкими, печенью, поджелудочной железой и тонким кишечником смогут получать пожизненную медицинскую помощь, в том числе рецепты на льготные лекарства.",в москве заработали два новых центра для людей после трансплантации в нии сп им н в склифосовского в мкнц им а с логинова здесь работает вся команда специалистов гастроэнтерологи кардиологи пульмонологи хирурги нефрологи пациенты с трансплантированными сердцем легкими печенью поджелудочной железой и тонким кишечником смогут получать пожизненную медицинскую помощь в том числе рецепты на льготные лекарства
2025-11-01T12:31:06+00:00,0,"Столичные предприниматели могут продвинуть свои бренды в новом сезоне проекта «Зима в Москве». С 1 ноября открыт прием заявок от компаний в сфере услуг, общепита, торговли, образования и других направлений. Город обеспечит масштабную медиаподдержку, продвижение через геосервисы и доступ к зимнему «Бизнес-боксу». Также предприниматели могут подать заявку на размещение продукции в арт-павильонах «Сделано в Москве». Подробности и регистрация — на портале проекта.",столичные предприниматели могут продвинуть свои бренды в новом сезоне проекта зима в москве с ноября открыт прием заявок от компаний в сфере услуг общепита торговли образования и других направлений город обеспечит масштабную медиаподдержку продвижение через геосервисы и доступ к зимнему бизнес боксу также предприниматели могут подать заявку на размещение продукции в арт павильонах сделано в москве подробности и регистрация на портале проекта
2025-10-31T14:11:01+00:00,7,"В Москве есть дома, окутанные тайной. Говорят, в их окнах по-прежнему мерцает необъяснимый свет, а на лестницах слышатся шаги. В этот раз рассказываем о загадочных местах столицы, вошедших в роман Михаила Булгакова «Мастер и Маргарита». И, если вам не страшно приоткрыть завесу неизвестного, с помощью сервиса «Мосбилет» вы сможете попасть в «нехорошую квартиру».",в москве есть дома окутанные тайной говорят в их окнах по прежнему мерцает необъяснимый свет а на лестницах слышатся шаги в этот раз рассказываем о загадочных местах столицы вошедших в роман михаила булгакова мастер и маргарита и если вам не страшно приоткрыть завесу неизвестного с помощью сервиса мосбилет вы сможете попасть в нехорошую квартиру
2025-10-31T13:11:17+00:00,7,"Москвичей и гостей столицы в разных районах города ждут мероприятия в честь Дня народного единства. 4 ноября в 12:00 начнется гала-программа с выставкой, лекциями, концертами и мастер-классами по народным ремеслам. Культурный центр «Новослободский». 4 ноября в 13:00 пройдет программа «Единение души» с музыкальными, хореографическими и театральными номерами. Культурный центр «Гармония», отделение «Юность». 5 ноября в 16:30 можно принять участие в интеллектуальных и спортивных эстафетах. Культурный центр «Созвездие». Подробная программа — в материале.",москвичей и гостей столицы в разных районах города ждут мероприятия в честь дня народного единства ноября в начнется гала программа с выставкой лекциями концертами и мастер классами по народным ремеслам культурный центр новослободский ноября в пройдет программа единение души с музыкальными хореографическими и театральными номерами культурный центр гармония отделение юность ноября в можно принять участие в интеллектуальных и спортивных эстафетах культурный центр созвездие подробная программа в материале
2025-10-31T11:41:12+00:00,9,"В Главархиве Москвы начался третий сезон образовательного проекта «Уникальные документы. Взгляд нового поколения». Школьники и студенты колледжей будут изучать архивные материалы о полярных экспедициях XX века и об известных исследователях Арктики. Участники проекта будут работать с дневниками ученых дрейфующей станции «Северный полюс», фотографиями строительства арктических портов и личными делами летчиков.",в главархиве москвы начался третий сезон образовательного проекта уникальные документы взгляд нового поколения школьники и студенты колледжей будут изучать архивные материалы о полярных экспедициях xx века и об известных исследователях арктики участники проекта будут работать с дневниками ученых дрейфующей станции северный полюс фотографиями строительства арктических портов и личными делами летчиков
2025-10-29T14:11:24+00:00,0,"Московская неделя интерьера и дизайна пройдет на ВДНХ с 11 по 14 декабря. Это ежегодное масштабное событие, объединяющее ведущих специалистов в области оформления пространств. В центре внимания будет стенд программы «Сделано в Москве» с товарами столичных производителей. На выставке представят актуальные тренды и решения для дома, офиса и городской среды. Заявки на участие принимаются до 10 ноября.",московская неделя интерьера и дизайна пройдет на вднх с по декабря это ежегодное масштабное событие объединяющее ведущих специалистов в области оформления пространств в центре внимания будет стенд программы сделано в москве с товарами столичных производителей на выставке представят актуальные тренды и решения для дома офиса и городской среды заявки на участие принимаются до ноября
2025-10-29T13:00:01+00:00,7,"Пришло время выбирать победителей. А вот и они: 1. Pavelize ttv () 2. Ƥ () 3. () 4. Valentina () 5. Dark_Reaper () Поздравляем, свяжемся с вами в ближайшее время.",пришло время выбирать победителей а вот и они pavelize ttv valentina dark reaper поздравляем свяжемся с вами в ближайшее время
2025-10-29T11:11:24+00:00,3,"В этом году на mos.ru появились новые полезные сервисы. Среди них: «Мосбилет» для покупки билетов без комиссии; суперраздел «Москва — детям» с услугами для родителей; «Моспитомец» — сервис, где можно выбрать любимца из приюта; навигатор по перепланировке квартир; спецпроект по оформлению загранпаспортов. Всего на портале доступно более 450 цифровых услуг, которые помогают горожанам решать повседневные задачи. За 10 лет работы mos.ru обработал более 5,5 миллиарда запросов.",в этом году на mos ru появились новые полезные сервисы среди них мосбилет для покупки билетов без комиссии суперраздел москва детям с услугами для родителей моспитомец сервис где можно выбрать любимца из приюта навигатор по перепланировке квартир спецпроект по оформлению загранпаспортов всего на портале доступно более цифровых услуг которые помогают горожанам решать повседневные задачи за лет работы mos ru обработал более миллиарда запросов
2025-10-27T15:31:18+00:00,0,"«Активные граждане» проголосуют за лучшие фотографии дикой природы. Участники опросов выберут лучшие снимки в номинациях «Животные в среде обитания», «Заповедная Россия» и «Подводный мир» среди работ со всех уголков планеты. Победители получат дипломы международного фестиваля «Золотая черепаха» и памятные подарки на церемонии в Новой Третьяковке. Проголосовать могут пользователи старше 14 лет с учетной записью на mos.ru, а также дети от 6 до 14 лет через платформу «Активный гражданин — детям». «Город Москва» в MAX и Telegram.",активные граждане проголосуют за лучшие фотографии дикой природы участники опросов выберут лучшие снимки в номинациях животные в среде обитания заповедная россия и подводный мир среди работ со всех уголков планеты победители получат дипломы международного фестиваля золотая черепаха и памятные подарки на церемонии в новой третьяковке проголосовать могут пользователи старше лет с учетной записью на mos ru а также дети от до лет через платформу активный гражданин детям город москва в max и telegram
2025-10-27T14:33:15+00:00,7,"Осень не повод отказываться от активностей. Для любителей экстрима всё еще открыты экшен-парки и рампы, а для роллеров и велосипедистов доступны все парки столицы. Проводите будние вечера и выходные на свежем воздухе. Подписывайтесь на «Город Москву» в MAX и Telegram.",осень не повод отказываться от активностей для любителей экстрима всё еще открыты экшен парки и рампы а для роллеров и велосипедистов доступны все парки столицы проводите будние вечера и выходные на свежем воздухе подписывайтесь на город москву в max и telegram
2025-10-27T14:01:39+00:00,7,"«Матрешка Москвы» в парке «Зарядье» удивляет своими технологическими возможностями. Кинетическая конструкция высотой 22 метра состоит из 1500 подвижных медиаэкранов, каждый из которых оснащен индивидуальным мотором и может менять положение всего за пару секунд. Ежедневно в 19:00, 20:00 и 21:00 здесь проходят 30-минутные мультимедийные шоу, во время которых «Матрешка Москвы» демонстрирует более 20 различных сюжетов — от сказок для детей до рассказов о городских проектах. Вход свободный.",матрешка москвы в парке зарядье удивляет своими технологическими возможностями кинетическая конструкция высотой метра состоит из подвижных медиаэкранов каждый из которых оснащен индивидуальным мотором и может менять положение всего за пару секунд ежедневно в и здесь проходят минутные мультимедийные шоу во время которых матрешка москвы демонстрирует более различных сюжетов от сказок для детей до рассказов о городских проектах вход свободный
2025-10-26T06:00:22+00:00,0,Сегодня в Москве ожидается дождь. Температура воздуха днем поднимется до +8 °С. Не забудьте взять с собой зонтик. Подписывайтесь на официальный канал Москвы в MAX.,сегодня в москве ожидается дождь температура воздуха днем поднимется до с не забудьте взять с собой зонтик подписывайтесь на официальный канал москвы в max
2025-10-25T16:00:01+00:00,1,"Более 60 вагонов «Москва-2024» поступят в столичный метрополитен до конца года. Этот состав — разработка российских специалистов, отличающаяся плавным ходом, мощными климатическими системами, удобными межвагонными переходами, а также большим количеством разъемов для зарядки устройств. Поезда «Москва-2024» комфортны и удобны как для пассажиров, так и для машинистов: кабина оборудована тремя сенсорными экранами, эргономичным пультом управления, регулируемым креслом и кондиционером для поддержания комфортной температуры. Они выйдут на одну из самых востребованных линий столичного метро — Замоскворецкую.",более вагонов москва поступят в столичный метрополитен до конца года этот состав разработка российских специалистов отличающаяся плавным ходом мощными климатическими системами удобными межвагонными переходами а также большим количеством разъемов для зарядки устройств поезда москва комфортны и удобны как для пассажиров так и для машинистов кабина оборудована тремя сенсорными экранами эргономичным пультом управления регулируемым креслом и кондиционером для поддержания комфортной температуры они выйдут на одну из самых востребованных линий столичного метро замоскворецкую
2025-10-25T13:53:45+00:00,0,"На московских ярмарках выходного дня начался сезон солений. На прилавках можно увидеть как традиционные, так и необычные заготовки. Помимо классических соленых огурцов и квашеной капусты, фермеры привозят маринованные кабачки, свеклу, чеснок, хрен, болгарский перец, фаршированные помидоры и овощные салаты. Вкусные и ароматные заготовки по традиционным и авторским рецептам фермеры делают из собственноручно выращенных овощей. Они не только сохраняют часть витаминов, но и являются источником важных минералов: натрия, магния и калия. Соленья можно употреблять как самостоятельную закуску или добавлять в салаты и супы, использовать для приготовления зажарок, рагу и выпечки.",на московских ярмарках выходного дня начался сезон солений на прилавках можно увидеть как традиционные так и необычные заготовки помимо классических соленых огурцов и квашеной капусты фермеры привозят маринованные кабачки свеклу чеснок хрен болгарский перец фаршированные помидоры и овощные салаты вкусные и ароматные заготовки по традиционным и авторским рецептам фермеры делают из собственноручно выращенных овощей они не только сохраняют часть витаминов но и являются источником важных минералов натрия магния и калия соленья можно употреблять как самостоятельную закуску или добавлять в салаты и супы использовать для приготовления зажарок рагу и выпечки
2025-10-23T11:34:02+00:00,6,"В «Мосбилете» открылась регистрация на «Ночь искусств», которая пройдет 3 и 4 ноября. Главная культурная акция осени объединит музеи, театры, библиотеки, культурные центры и парки столицы. Гостей ждут концерты, спектакли, кинопоказы, лекции, мастер-классы и выставки — всего около 350 мероприятий, посвященных Дню народного единства, защитникам Родины, российским композиторам, поэтам и ученым. Зарегистрироваться и выбрать мероприятия можно уже сейчас в «Мосбилете».",в мосбилете открылась регистрация на ночь искусств которая пройдет и ноября главная культурная акция осени объединит музеи театры библиотеки культурные центры и парки столицы гостей ждут концерты спектакли кинопоказы лекции мастер классы и выставки всего около мероприятий посвященных дню народного единства защитникам родины российским композиторам поэтам и ученым зарегистрироваться и выбрать мероприятия можно уже сейчас в мосбилете
2025-10-23T09:01:16+00:00,9,"В Большом дворце музея-заповедника «Царицыно» открылась масштабная выставка «Москва и москвичи в эпоху Николая I». Она охватывает три десятилетия — с 1825-го по 1855-й. Гости увидят работы французского художника Огюста Кадоля, на которых изображена Москва, портрет Николая I Джорджа Доу, изображения из коронационного альбома, изданного в 1828 году, а также многое другое. Экспозицию можно посетить до 1 февраля.",в большом дворце музея заповедника царицыно открылась масштабная выставка москва и москвичи в эпоху николая i она охватывает три десятилетия с го по й гости увидят работы французского художника огюста кадоля на которых изображена москва портрет николая i джорджа доу изображения из коронационного альбома изданного в году а также многое другое экспозицию можно посетить до февраля
2025-10-23T06:31:01+00:00,3,"В ближайшие три года в Москве продолжат развивать социальную инфраструктуру. Планируют построить, реконструировать, отреставрировать свыше тысячи городских объектов. Среди них образовательные учреждения, объекты здравоохранения, культуры, спорта и социальной защиты населения. На реализацию проектов Адресной инвестиционной программы направят 1,2 трлн рублей, а 1,8 трлн рублей — на капитальный ремонт, приобретение оборудования, подвижного состава, развитие районов и программу реновации.",в ближайшие три года в москве продолжат развивать социальную инфраструктуру планируют построить реконструировать отреставрировать свыше тысячи городских объектов среди них образовательные учреждения объекты здравоохранения культуры спорта и социальной защиты населения на реализацию проектов адресной инвестиционной программы направят трлн рублей а трлн рублей на капитальный ремонт приобретение оборудования подвижного состава развитие районов и программу реновации
2025-10-23T06:10:43+00:00,0,"В Москве открылся 13-й сезон метапредметной олимпиады «Не прервется связь поколений». В ней могут участвовать ученики 4–11-х классов и студенты колледжей. Ребята исследуют жизнь, подвиги и достижения героев Великой Отечественной войны и специальной военной операции. Зарегистрироваться для участия можно до 19 января на официальном сайте.",в москве открылся й сезон метапредметной олимпиады не прервется связь поколений в ней могут участвовать ученики х классов и студенты колледжей ребята исследуют жизнь подвиги и достижения героев великой отечественной войны и специальной военной операции зарегистрироваться для участия можно до января на официальном сайте
2025-10-22T06:05:09+00:00,8,"Приглашаем москвичей на бесплатные тренировки на ВДНХ. С 27 октября в крытом павильоне № 27 «Физкультура и спорт» будут доступны занятия по зумбе, йоге, растяжке и танцевальному фитнесу. Тренировки рассчитаны на горожан старше 18 лет. Зумбу будут проводить по понедельникам в 19:00 и субботам в 10:45, йогу — по вторникам в 19:00 и субботам в 09:30, танцевальный фитнес — по средам в 19:00, а растяжку — по четвергам в 19:00. Для участия необходимо зарегистрироваться на сайте проекта «Мой спортивный район» и прийти за 5–10 минут до начала в удобной спортивной одежде.",приглашаем москвичей на бесплатные тренировки на вднх с октября в крытом павильоне физкультура и спорт будут доступны занятия по зумбе йоге растяжке и танцевальному фитнесу тренировки рассчитаны на горожан старше лет зумбу будут проводить по понедельникам в и субботам в йогу по вторникам в и субботам в танцевальный фитнес по средам в а растяжку по четвергам в для участия необходимо зарегистрироваться на сайте проекта мой спортивный район и прийти за минут до начала в удобной спортивной одежде
2025-10-21T07:10:55+00:00,7,"Каким будет следующий фестиваль «Усадьбы Москвы»? Повлиять на его развитие можете вы. Инициативы принимают на платформе «Город идей» до 23 октября. Это могут быть новые экскурсионные маршруты, увлекательные игры и квесты, образовательные мероприятия. После экспертного отбора лучшие идеи вынесут на пользовательское голосование.",каким будет следующий фестиваль усадьбы москвы повлиять на его развитие можете вы инициативы принимают на платформе город идей до октября это могут быть новые экскурсионные маршруты увлекательные игры и квесты образовательные мероприятия после экспертного отбора лучшие идеи вынесут на пользовательское голосование
2025-10-19T16:03:13+00:00,6,"Масштабный проект «Музейный город ВДНХ» объединяет свыше 30 выставочных пространств, большинство из них разместились в отреставрированных исторических павильонах ВДНХ. Это объекты культурного наследия федерального значения, которые обрели новую жизнь. С начала года наибольшей популярностью у посетителей пользуются выставка «Образ Москвы в русском искусстве из коллекции Государственного Русского музея» в павильоне № 1 «Центральный», центр «Космонавтика и авиация», музеи «Атом», «Слово» и экспозиция в Музее героизма в павильоне № 59 «Зерно». Рассказываем, о чем можно узнать на самых посещаемых площадках ВДНХ. Подписывайтесь на нас в MAX и Telegram.",масштабный проект музейный город вднх объединяет свыше выставочных пространств большинство из них разместились в отреставрированных исторических павильонах вднх это объекты культурного наследия федерального значения которые обрели новую жизнь с начала года наибольшей популярностью у посетителей пользуются выставка образ москвы в русском искусстве из коллекции государственного русского музея в павильоне центральный центр космонавтика и авиация музеи атом слово и экспозиция в музее героизма в павильоне зерно рассказываем о чем можно узнать на самых посещаемых площадках вднх подписывайтесь на нас в max и telegram
2025-10-19T08:10:07+00:00,8,"Москва продолжит создавать необходимые условия и инфраструктуру для здорового и активного образа жизни горожан. В следующем году на развитие физической культуры и спорта будет выделено 173,3 миллиарда рублей. Деньги пойдут на строительство, ремонт и оснащение городских спортивных объектов, функционирование бесплатных секций рядом с домом, развитие детско-юношеского спорта, расширение календаря и доступности массовых забегов и другие преобразования. Комплексный подход поможет москвичам любого возраста не только полюбить спорт, но и сделать его частью своей жизни.",москва продолжит создавать необходимые условия и инфраструктуру для здорового и активного образа жизни горожан в следующем году на развитие физической культуры и спорта будет выделено миллиарда рублей деньги пойдут на строительство ремонт и оснащение городских спортивных объектов функционирование бесплатных секций рядом с домом развитие детско юношеского спорта расширение календаря и доступности массовых забегов и другие преобразования комплексный подход поможет москвичам любого возраста не только полюбить спорт но и сделать его частью своей жизни
2025-10-17T15:11:30+00:00,0,Планируем выходные вместе с нашим дайджестом! Предлагаем: отметить День отца на тематических мероприятиях в кинопарке «Москино»; посетить лекции проекта «Оттепель. Не сезон» на ВДНХ; полюбоваться фотографиями дикой природы на выставке фестиваля «Золотая черепаха»; побывать на мероприятиях в экоцентрах в честь Международного дня бобра; заняться спортом или сходить на экскурсию в парке; увидеть живописные картины и скульптуры на выставке Русского музея на ВДНХ; посмотреть соревнования и поддержать спортсменов; узнать больше об экологичном образе жизни на фестивале на Южном речном вокзале; попробовать блюда на Манежной площади и сделать фотографии на фоне осенних декораций; узнать больше о профессиях на дне открытых дверей в колледжах; посетить площадки культурной акции «Московская музейная неделя». Подписывайтесь на официальный канал Москвы в MAX и Telegram.,планируем выходные вместе с нашим дайджестом предлагаем отметить день отца на тематических мероприятиях в кинопарке москино посетить лекции проекта оттепель не сезон на вднх полюбоваться фотографиями дикой природы на выставке фестиваля золотая черепаха побывать на мероприятиях в экоцентрах в честь международного дня бобра заняться спортом или сходить на экскурсию в парке увидеть живописные картины и скульптуры на выставке русского музея на вднх посмотреть соревнования и поддержать спортсменов узнать больше об экологичном образе жизни на фестивале на южном речном вокзале попробовать блюда на манежной площади и сделать фотографии на фоне осенних декораций узнать больше о профессиях на дне открытых дверей в колледжах посетить площадки культурной акции московская музейная неделя подписывайтесь на официальный канал москвы в max и telegram
2025-10-16T08:11:25+00:00,6,"Появились билеты на лекции и спектакли театрального проекта ВДНХ «Оттепель. Не сезон». Он вдохновлен одноименной эпохой в жизни нашей страны, когда художники, поэты и режиссеры начали искать новые формы художественного выражения. Спектакль-читка «Звездный билет» 17 октября в 19:00 История четырех друзей, которые отправляются в символическое и реальное путешествие в поисках смысла, себя и «звездного билета» в будущее. Паблик-ток «Ленин и любовь» 18 октября в 18:00 Размышления о том, как вождь мирового пролетариата превратился в покровителя всех влюбленных в советском кино. Лекция «Оптический театр Сергея Зорина: искусство континуального света» 18 октября в 14:00 Разговор о творческом пути пионера отечественного медиаарта Сергея Зорина и особенностях его метода работы. Лекция «Спектакли оттепели: право на шепот» 23 октября в 19:00 Обсуждение знаковых спектаклей эпохи оттепели, которыми открывались или рисковали закрыться московские и петербургские театры. Павильон «Рабочий и колхозница». Регистрируйтесь через «Мосбилет», пока не разобрали все места.",появились билеты на лекции и спектакли театрального проекта вднх оттепель не сезон он вдохновлен одноименной эпохой в жизни нашей страны когда художники поэты и режиссеры начали искать новые формы художественного выражения спектакль читка звездный билет октября в история четырех друзей которые отправляются в символическое и реальное путешествие в поисках смысла себя и звездного билета в будущее паблик ток ленин и любовь октября в размышления о том как вождь мирового пролетариата превратился в покровителя всех влюбленных в советском кино лекция оптический театр сергея зорина искусство континуального света октября в разговор о творческом пути пионера отечественного медиаарта сергея зорина и особенностях его метода работы лекция спектакли оттепели право на шепот октября в обсуждение знаковых спектаклей эпохи оттепели которыми открывались или рисковали закрыться московские и петербургские театры павильон рабочий и колхозница регистрируйтесь через мосбилет пока не разобрали все места
2025-10-15T08:31:57+00:00,5,"Московская санитарная авиация уже 17 лет спасает жизни в самых сложных ситуациях. Только с начала года специалисты выполнили медицинскую эвакуацию около 200 пациентов. Вертолеты оборудованы на уровне реанимационной палаты современного стационара. Врачи могут проводить дефибрилляцию уже во время полета. Специальные посадочные и взлетные площадки находятся при девяти столичных больницах, а также на МКАД и в ТиНАО.",московская санитарная авиация уже лет спасает жизни в самых сложных ситуациях только с начала года специалисты выполнили медицинскую эвакуацию около пациентов вертолеты оборудованы на уровне реанимационной палаты современного стационара врачи могут проводить дефибрилляцию уже во время полета специальные посадочные и взлетные площадки находятся при девяти столичных больницах а также на мкад и в тинао
2025-10-15T07:35:22+00:00,5,"Московской скорой помощи исполняется 106 лет. Ежедневно свыше тысячи бригад совершают около 12 тысяч выездов. Это одна из самых эффективных экстренных медицинских служб в мире. Все ее процессы цифровизированы. «Поздравляю московскую скорую помощь и благодарю каждого сотрудника за профессионализм, заботу о жизнях и здоровье москвичей и гостей города», — написал Сергей Собянин в своем канале в MAX. Кроме того, уже в первом полугодии 2025 года 80 бригад получили новые машины. Транспорт сделали более удобным для работы специалистов, а также оснастили высокотехнологичной медтехникой.",московской скорой помощи исполняется лет ежедневно свыше тысячи бригад совершают около тысяч выездов это одна из самых эффективных экстренных медицинских служб в мире все ее процессы цифровизированы поздравляю московскую скорую помощь и благодарю каждого сотрудника за профессионализм заботу о жизнях и здоровье москвичей и гостей города написал сергей собянин в своем канале в max кроме того уже в первом полугодии года бригад получили новые машины транспорт сделали более удобным для работы специалистов а также оснастили высокотехнологичной медтехникой
2025-10-10T15:11:43+00:00,6,"В этом месяце акция «Московская музейная неделя» пройдет с 13 по 19 октября. В определенный день недели вы сможете бесплатно посетить площадки из списка. Для этого необходимо заранее зарегистрироваться в сервисе «Мосбилет» с использованием Mos ID. В понедельник, 13 октября, москвичей и гостей столицы ждут в музее-панораме «Бородинская битва». Во вторник для бесплатного посещения будет открыт «Мультимедиа-арт-музей», где можно увидеть выставку цикла «Детективные истории из жизни музейного хранителя». В среду в галерее «Беляево» гости отправятся в межпланетное путешествие. Они осмотрят фотографии, работы художников, памятные предметы и многое другое. Подробности программы — в материале.",в этом месяце акция московская музейная неделя пройдет с по октября в определенный день недели вы сможете бесплатно посетить площадки из списка для этого необходимо заранее зарегистрироваться в сервисе мосбилет с использованием mos id в понедельник октября москвичей и гостей столицы ждут в музее панораме бородинская битва во вторник для бесплатного посещения будет открыт мультимедиа арт музей где можно увидеть выставку цикла детективные истории из жизни музейного хранителя в среду в галерее беляево гости отправятся в межпланетное путешествие они осмотрят фотографии работы художников памятные предметы и многое другое подробности программы в материале
2025-10-02T14:01:49+00:00,5,Столичная компания разработала тест СА-62 для ранней диагностики рака. Метод выявляет заболевание по анализу крови с точностью 90%. Проект получил поддержку Московского инновационного кластера. Метод продолжает проходить клинические исследования в Скандинавском центре здоровья. Благодаря мерам поддержки Москвы инновационный тест СА-62 можно сделать и в других частных медицинских центрах.,столичная компания разработала тест са для ранней диагностики рака метод выявляет заболевание по анализу крови с точностью проект получил поддержку московского инновационного кластера метод продолжает проходить клинические исследования в скандинавском центре здоровья благодаря мерам поддержки москвы инновационный тест са можно сделать и в других частных медицинских центрах
2025-11-01T18:24:42+00:00,10,"Северная часть Запорожской области осталась без электроснабжения из-за атаки со стороны ВСУ, сообщил глава региона Евгений Балицкий. «Специалисты проводят оперативные работы по ремонту и восстановлению напряжения». Читать РБК в Telegram",северная часть запорожской области осталась без электроснабжения из за атаки со стороны всу сообщил глава региона евгений балицкий специалисты проводят оперативные работы по ремонту и восстановлению напряжения читать рбк в telegram
2025-11-01T17:32:47+00:00,3,"Атомная подводная лодка «Хабаровск» спущена на воду в Северодвинске, сообщили в Минобороны. Этот носитель подводного оружия и роботизированных средств позволит успешно решать задачи по защите интересов России в Мировом океане, уточнили в военном ведомстве. Читать РБК в Telegram",атомная подводная лодка хабаровск спущена на воду в северодвинске сообщили в минобороны этот носитель подводного оружия и роботизированных средств позволит успешно решать задачи по защите интересов россии в мировом океане уточнили в военном ведомстве читать рбк в telegram
2025-11-01T17:06:42+00:00,0,"Существует несколько признаков, по которым пользователи могут определить сгенерированное нейросетью видео или голосовое сообщение и не стать жертвой мошенников. Этими способами поделился Центральный банк. Отличительным признаком дипфейка может быть неестественная роботизированная речь без эмоций — она может резко обрываться, а движения губ могут не попадать в слова. Также насторожить получателя должны неестественная мимика и дефекты звука, например, посторонние шумы. Однако самый надежный способ проверить подлинность сообщения — лично связаться с его отправителем, отметили в Центральном банке. Если речь идет о деньгах или финансовой помощи, стоит позвонить отправителю или задать ему «проверочный» личный вопрос, ответ на который известен только вам обоим. Читать РБК в Telegram",существует несколько признаков по которым пользователи могут определить сгенерированное нейросетью видео или голосовое сообщение и не стать жертвой мошенников этими способами поделился центральный банк отличительным признаком дипфейка может быть неестественная роботизированная речь без эмоций она может резко обрываться а движения губ могут не попадать в слова также насторожить получателя должны неестественная мимика и дефекты звука например посторонние шумы однако самый надежный способ проверить подлинность сообщения лично связаться с его отправителем отметили в центральном банке если речь идет о деньгах или финансовой помощи стоит позвонить отправителю или задать ему проверочный личный вопрос ответ на который известен только вам обоим читать рбк в telegram
2025-11-01T16:37:17+00:00,3,"Банк Revolut обязан соблюдать законы и нормативные акты о санкциях во всех юрисдикциях, в которых осуществляет свою деятельность. Так пресс-служба финансовой организации прокомментировала РБК информацию о закрытии счетов российских клиентов, у которых нет вида на жительство в ЕС или гражданства страны-члена. «Как глобально регулируемое финансовое учреждение Revolut должен соблюдать санкционные законы и регламенты ООН, Европейского союза, Соединенного Королевства, Соединенных Штатов и все прочие применимые законы и регламенты во всех юрисдикциях, в которых работает Revolut», — ответили РБК в банке. Следить за новостями РБК в Telegram",банк revolut обязан соблюдать законы и нормативные акты о санкциях во всех юрисдикциях в которых осуществляет свою деятельность так пресс служба финансовой организации прокомментировала рбк информацию о закрытии счетов российских клиентов у которых нет вида на жительство в ес или гражданства страны члена как глобально регулируемое финансовое учреждение revolut должен соблюдать санкционные законы и регламенты оон европейского союза соединенного королевства соединенных штатов и все прочие применимые законы и регламенты во всех юрисдикциях в которых работает revolut ответили рбк в банке следить за новостями рбк в telegram
2025-11-01T15:55:12+00:00,10,"Двое 15-летних подростков и мужчина пострадали в Грайворонском округе в результате атак украинских FPV-дронов, сообщил губернатор Белгородской области Вячеслав Гладков. Читать РБК в Telegram",двое летних подростков и мужчина пострадали в грайворонском округе в результате атак украинских fpv дронов сообщил губернатор белгородской области вячеслав гладков читать рбк в telegram
2025-11-01T12:25:10+00:00,3,"Власти Ирана выдвинули Telegram несколько условий для возобновления работы мессенджера на территории Исламской Республики. Об этом сообщает Mehr. В частности, Тегеран потребовал ограничить в мессенджере контент, пропагандирующий терроризм и угрожающий нацбезопасности, а также удалять материалы по жалобам граждан. Иран также поставил условие о сотрудничестве мессенджера с судебной системой Исламской Республики и потребовал от Telegram взять на себя обязательство не передавать информацию об иранских пользователях иностранным разведывательным службам. Как пишет Iranint, правительственный комитет не проводил обсуждений по снятию запретов на Telegram, YouTube и Instagram (принадлежит Meta Platforms, чья деятельность признана экстремистской и запрещена в России). Решения по иностранным платформам принимаются в соответствии с планом из 32 пунктов, утвержденным президентом Масудом Пезешкианом. До этого на аналогичных условиях в стране были разблокированы Google Play и WhatsApp (принадлежит Meta Platforms, чья деятельность признана экстремистской и запрещена в России). _Фото: Михаил Гребенщиков / РБК_ Самые важные новости — в телеграм-канале РБК",власти ирана выдвинули telegram несколько условий для возобновления работы мессенджера на территории исламской республики об этом сообщает mehr в частности тегеран потребовал ограничить в мессенджере контент пропагандирующий терроризм и угрожающий нацбезопасности а также удалять материалы по жалобам граждан иран также поставил условие о сотрудничестве мессенджера с судебной системой исламской республики и потребовал от telegram взять на себя обязательство не передавать информацию об иранских пользователях иностранным разведывательным службам как пишет iranint правительственный комитет не проводил обсуждений по снятию запретов на telegram youtube и instagram принадлежит meta platforms чья деятельность признана экстремистской и запрещена в россии решения по иностранным платформам принимаются в соответствии с планом из пунктов утвержденным президентом масудом пезешкианом до этого на аналогичных условиях в стране были разблокированы google play и whatsapp принадлежит meta platforms чья деятельность признана экстремистской и запрещена в россии фото михаил гребенщиков рбк самые важные новости в телеграм канале рбк
2025-11-01T12:12:10+00:00,3,"Взаимодействие России и КНДР не направлено против кого бы то ни было, если эти страны сами не являются агрессорами, заявил замминистра обороны России Олег Савельев. «Хочу подчеркнуть, что это как раз и является тем примером, когда взаимодействие строится, исключая принцип: «против кого мы за», — сказал он на совещании министров обороны государств — участников «СМОА плюс» в Куала-Лумпуре. Савельев назвал соглашение между Москвой и Пхеньяном «абсолютно прозрачным». «Россия выступает за соблюдение принципа единой и неделимой безопасности <...> Вместе с тем, мы вынуждены констатировать все более настойчивые действия отдельных нерегиональных держав, ведущие к прямо противоположным результатам», — сказал Савельев. Другие видео этого дня — в телеграм-канале РБК",взаимодействие россии и кндр не направлено против кого бы то ни было если эти страны сами не являются агрессорами заявил замминистра обороны россии олег савельев хочу подчеркнуть что это как раз и является тем примером когда взаимодействие строится исключая принцип против кого мы за сказал он на совещании министров обороны государств участников смоа плюс в куала лумпуре савельев назвал соглашение между москвой и пхеньяном абсолютно прозрачным россия выступает за соблюдение принципа единой и неделимой безопасности вместе с тем мы вынуждены констатировать все более настойчивые действия отдельных нерегиональных держав ведущие к прямо противоположным результатам сказал савельев другие видео этого дня в телеграм канале рбк
2025-11-01T12:01:36+00:00,10,"В Санкт-Петербурге сотрудники Национального центрального бюро Интерпола МВД задержали находящегося в международном розыске 66-летнего жителя одной из стран Прибалтики, которого обвиняют в присвоении более €1 млн находившейся в процессе банкротства компании. Об этом РБК сообщили в пресс-службе УМВД по Санкт-Петербургу и Ленинградской области. «С 2014 по 2019 годы мужчина был директором и акционером крупной иностранной фирмы. Когда фирма начала процедуру банкротства, он без каких-либо законных оснований начал выводить со счета компании денежные средства. Тем самым за указанный период он похитил 1056175 евро. Задержанный доставлен в отдел полиции для дальнейшей передачи инициатору розыска», — говорится в сообщении. «Фонтанка» и «РИА Новости» пишут, что задержанный имеет статус негражданина Латвии (постоянно проживающие в стране бывшие граждане СССР и их дети, родившиеся до 1 июля 1992 года, которые не получили гражданства других государств). Но при этом, по данным изданий, он был гендиректором компании Overseas Baltiс, зарегистрированной в Литве, и в розыск бизнесмена объявили литовские власти. Читать РБК в Telegram",в санкт петербурге сотрудники национального центрального бюро интерпола мвд задержали находящегося в международном розыске летнего жителя одной из стран прибалтики которого обвиняют в присвоении более млн находившейся в процессе банкротства компании об этом рбк сообщили в пресс службе умвд по санкт петербургу и ленинградской области с по годы мужчина был директором и акционером крупной иностранной фирмы когда фирма начала процедуру банкротства он без каких либо законных оснований начал выводить со счета компании денежные средства тем самым за указанный период он похитил евро задержанный доставлен в отдел полиции для дальнейшей передачи инициатору розыска говорится в сообщении фонтанка и риа новости пишут что задержанный имеет статус негражданина латвии постоянно проживающие в стране бывшие граждане ссср и их дети родившиеся до июля года которые не получили гражданства других государств но при этом по данным изданий он был гендиректором компании overseas baltiс зарегистрированной в литве и в розыск бизнесмена объявили литовские власти читать рбк в telegram
2025-11-01T11:36:52+00:00,2,"Маск анонсировал мессенджер X Chat с шифрованием «как у биткоина» Илон Маск в очередной раз стал гостем подкаста Джо Рогана 31 октября. В ходе беседы он сообщил, что компания X работает над отдельным приложением для обмена сообщениями под названием X Chat. По словам Маска, мессенджер будет использовать систему шифрования, аналогичную той, что применяют в биткоине. Запуск приложения ожидается в ближайшие месяцы. _«В X мы полностью перестроили всю систему обмена сообщениями — теперь она называется X Chat. Мы используем систему шифрования на основе прямого обмена между пользователями (peer-to-peer), чем-то похожую на ту, что у биткоина. Это очень надежное шифрование, мы тщательно его тестируем»,_ — сказал Маск. Он также заявил, что X Chat не будет собирать или передавать данные пользователей рекламодателям. Маск раскритиковал конкурентов, в частности WhatsApp (принадлежит Meta Platforms, чья деятельность признана экстремистской и запрещена в России), за то, что они анализируют переписки для показа таргетированной рекламы. Если приложение знает, что показать в рекламе, значит, знает, о чем вы пишете, и эта информация может быть использована и хакерами, отметил он. Присоединяйтесь к форуму РБК Крипто | Подписаться на канал",маск анонсировал мессенджер x chat с шифрованием как у биткоина илон маск в очередной раз стал гостем подкаста джо рогана октября в ходе беседы он сообщил что компания x работает над отдельным приложением для обмена сообщениями под названием x chat по словам маска мессенджер будет использовать систему шифрования аналогичную той что применяют в биткоине запуск приложения ожидается в ближайшие месяцы в x мы полностью перестроили всю систему обмена сообщениями теперь она называется x chat мы используем систему шифрования на основе прямого обмена между пользователями peer to peer чем то похожую на ту что у биткоина это очень надежное шифрование мы тщательно его тестируем сказал маск он также заявил что x chat не будет собирать или передавать данные пользователей рекламодателям маск раскритиковал конкурентов в частности whatsapp принадлежит meta platforms чья деятельность признана экстремистской и запрещена в россии за то что они анализируют переписки для показа таргетированной рекламы если приложение знает что показать в рекламе значит знает о чем вы пишете и эта информация может быть использована и хакерами отметил он присоединяйтесь к форуму рбк крипто подписаться на канал
2025-11-01T10:55:03+00:00,3,"Генпрокуратура потребовала обратить в доход государства пакеты акций и доли в уставных капиталах компаний, связанных с уральскими бизнесменами Артемом Биковым и Алексеем Бобровым. Как рассказали РБК два источника, знакомые с содержанием антикоррупционного иска, в список требований надзорного ведомства попали промышленные предприятия, банки, пенсионные фонды и энергетические компании (всего 11 организаций, в которых ответчикам принадлежат пять пакетов акций и 13 долей в уставных капиталах). Иск заместителя генерального прокурора об обращении в доход государства движимого и недвижимого имущества поступил в Ленинский районный суд Екатеринбурга 28 октября. В тот же день судья Юлия Москалева наложила обеспечительный арест на имущество и счета указанных в иске физических и юридических лиц. Ответчиками по нему, помимо Бикова и Боброва, проходят находящиеся под стражей в рамках дела о мошенничестве бывший вице-губернатор Свердловской области Олег Чемезов и председатель совета директоров Корпорации СТС Татьяна Черных, объявленный в розыск гендиректор «Облкоммунэнерго» Дмитрий Буданов, бывший замгендиректора «Тюменьэнерго» Василий Корнев, руководители «Городских электрических сетей» Юрий и Павел Елины, еще семь физических лиц и инвестиционный холдинг «Предприятие проектного финансирования». Надзорное ведомство, как рассказали источники РБК, просит изъять акции ответчиков в промышленных предприятиях, включая «ЭК Восток» и «Сибирь-Холдинг», банке «Агропромкредит» и пенсионном фонде «Профессиональный», а также в ряде энергетических компаний — «Ямалкоммунэнерго», «Тюменский энергетический альянс», «Нижневартовская Энергосбытовая Компания», «ЭК Инвест» и «ТЭО». По данным надзорного ведомства ответчики завладели компаниями в обход антикоррупционного законодательства. Картина дня — в телеграм-канале РБК",генпрокуратура потребовала обратить в доход государства пакеты акций и доли в уставных капиталах компаний связанных с уральскими бизнесменами артемом биковым и алексеем бобровым как рассказали рбк два источника знакомые с содержанием антикоррупционного иска в список требований надзорного ведомства попали промышленные предприятия банки пенсионные фонды и энергетические компании всего организаций в которых ответчикам принадлежат пять пакетов акций и долей в уставных капиталах иск заместителя генерального прокурора об обращении в доход государства движимого и недвижимого имущества поступил в ленинский районный суд екатеринбурга октября в тот же день судья юлия москалева наложила обеспечительный арест на имущество и счета указанных в иске физических и юридических лиц ответчиками по нему помимо бикова и боброва проходят находящиеся под стражей в рамках дела о мошенничестве бывший вице губернатор свердловской области олег чемезов и председатель совета директоров корпорации стс татьяна черных объявленный в розыск гендиректор облкоммунэнерго дмитрий буданов бывший замгендиректора тюменьэнерго василий корнев руководители городских электрических сетей юрий и павел елины еще семь физических лиц и инвестиционный холдинг предприятие проектного финансирования надзорное ведомство как рассказали источники рбк просит изъять акции ответчиков в промышленных предприятиях включая эк восток и сибирь холдинг банке агропромкредит и пенсионном фонде профессиональный а также в ряде энергетических компаний ямалкоммунэнерго тюменский энергетический альянс нижневартовская энергосбытовая компания эк инвест и тэо по данным надзорного ведомства ответчики завладели компаниями в обход антикоррупционного законодательства картина дня в телеграм канале рбк
2025-11-01T05:38:18+00:00,3,"Росимущество выставило на торги активы, принадлежавшие ранее украинскому бизнесмену Игорю Коломойскому (внесен в список террористов и экстремистов Росфинмониторинга). Речь идет о расположенных в республике Адыгея ООО «Южгазэнерджи» и ООО «Кейтеринг-Юг». Начальная цена активов, реализуемых единым лотом, составляет 3,97 млрд руб., а шаг аукциона — 198 млн руб. В федеральную собственность эти компании перешли в марте 2024 года. Тогда их стоимость оценивалась в 5,1 млрд руб. Эксперты считают их высоко рентабельными. Но из-за истории изъятия, вероятно, они будут реализованы с 25% скидкой к начальной цене, и на это потребуется до полугода. _Фото: ygenergy. ru_ Самые важные новости — в телеграм-канале РБК",росимущество выставило на торги активы принадлежавшие ранее украинскому бизнесмену игорю коломойскому внесен в список террористов и экстремистов росфинмониторинга речь идет о расположенных в республике адыгея ооо южгазэнерджи и ооо кейтеринг юг начальная цена активов реализуемых единым лотом составляет млрд руб а шаг аукциона млн руб в федеральную собственность эти компании перешли в марте года тогда их стоимость оценивалась в млрд руб эксперты считают их высоко рентабельными но из за истории изъятия вероятно они будут реализованы с скидкой к начальной цене и на это потребуется до полугода фото ygenergy ru самые важные новости в телеграм канале рбк
2025-11-01T05:20:52+00:00,3,"После заявлений об испытаниях «Буревестника» и «Посейдона» Дональд Трамп напомнил об атомной подлодке у берегов России и поручил возобновить ядерные испытания в США. Повышению градуса риторики предшествовала попытка нормализации диалога между Москвой и Вашингтоном. После возвращения Трампа в Белый дом только на уровне президентов двух стран состоялись восемь телефонных разговоров и одна личная встреча. Во время последнего звонка — 16 октября — Трамп и Путин условились провести еще один саммит. Они даже наметили место встречи — Будапешт — и поручили главам внешнеполитических ведомств заняться ее подготовкой. Трамп говорил, что переговоры пройдут в течение двух недель. Но их подготовка забуксовала. В конце октября Россия объявила об испытаниях принципиально новых систем вооружения с ядерной силовой установкой — ракеты «Буревестник» и суперторпеды «Посейдон». А президент США сообщил о планах возобновить ядерные испытания, которые страна не проводила уже 33 года. В Кремле, впрочем, отвергают предположения, что диалог между Москвой и Вашингтоном зашел в тупик. РБК собрал хронологию обострения ядерной риторики в наглядном формате. Больше инфографики — в телеграм-канале РБК",после заявлений об испытаниях буревестника и посейдона дональд трамп напомнил об атомной подлодке у берегов россии и поручил возобновить ядерные испытания в сша повышению градуса риторики предшествовала попытка нормализации диалога между москвой и вашингтоном после возвращения трампа в белый дом только на уровне президентов двух стран состоялись восемь телефонных разговоров и одна личная встреча во время последнего звонка октября трамп и путин условились провести еще один саммит они даже наметили место встречи будапешт и поручили главам внешнеполитических ведомств заняться ее подготовкой трамп говорил что переговоры пройдут в течение двух недель но их подготовка забуксовала в конце октября россия объявила об испытаниях принципиально новых систем вооружения с ядерной силовой установкой ракеты буревестник и суперторпеды посейдон а президент сша сообщил о планах возобновить ядерные испытания которые страна не проводила уже года в кремле впрочем отвергают предположения что диалог между москвой и вашингтоном зашел в тупик рбк собрал хронологию обострения ядерной риторики в наглядном формате больше инфографики в телеграм канале рбк
2025-11-01T05:01:24+00:00,0,Главные новости к утру — на телеканале РБК,главные новости к утру на телеканале рбк
2025-11-01T04:48:15+00:00,10,"Силы ПВО уничтожили 98 беспилотников над регионами России за прошедшую ночь, сообщили в Минобороны. Наибольшее количество дронов сбито над Белгородской областью (45). Беспилотники также уничтожены над Самарской областью (12) и Московским регионом (11), причем шесть из них летели в направлении Москвы. Над Воронежской и Ростовской областями перехвачено по десять БПЛА. Над Тульской областью сбито четыре беспилотника, над Липецкой и Рязанской областями — по два. Над Курской и Калужской областями уничтожено по одному дрону. Читать РБК в Telegram",силы пво уничтожили беспилотников над регионами россии за прошедшую ночь сообщили в минобороны наибольшее количество дронов сбито над белгородской областью беспилотники также уничтожены над самарской областью и московским регионом причем шесть из них летели в направлении москвы над воронежской и ростовской областями перехвачено по десять бпла над тульской областью сбито четыре беспилотника над липецкой и рязанской областями по два над курской и калужской областями уничтожено по одному дрону читать рбк в telegram
2025-10-31T20:51:36+00:00,3,"Тыквы и пауки вышли из моды. В России фиксируют резкое падение интереса к Хэллоуину. В этом году спрос на товары для страшных вечеринок сократился в 15 раз. По данным социологов, Хэллоуин преимущественно празднует молодежь в возрасте от 18 до 24 лет. Спрос на товары для маскарадов — разнообразные костюмы, маски злодеев и монстров, специальные предметы декора — кратно рос, ежегодно прибавляя несколько сотен процентов. В этом сезоне ситуация существенно изменилась, отмечают аналитики. «Несмотря на то, что продажи все еще растут, в среднем где-то на 20% октябрь 2025-го к октябрю 2024-го, но по сравнению с прошлогодними показателями, когда рост был 300%, уже такого, конечно, нет», — рассказал в эфире Телеканала РБК представитель объединенной компании Wildberries & Russ Дмитрий Борщевский. Почему россияне разлюбили этот древний кельтский праздник обсудили с экспертами в эфире Телеканала РБК. Другие видео этого дня — в телеграм-канале РБК",тыквы и пауки вышли из моды в россии фиксируют резкое падение интереса к хэллоуину в этом году спрос на товары для страшных вечеринок сократился в раз по данным социологов хэллоуин преимущественно празднует молодежь в возрасте от до лет спрос на товары для маскарадов разнообразные костюмы маски злодеев и монстров специальные предметы декора кратно рос ежегодно прибавляя несколько сотен процентов в этом сезоне ситуация существенно изменилась отмечают аналитики несмотря на то что продажи все еще растут в среднем где то на октябрь го к октябрю го но по сравнению с прошлогодними показателями когда рост был уже такого конечно нет рассказал в эфире телеканала рбк представитель объединенной компании wildberries russ дмитрий борщевский почему россияне разлюбили этот древний кельтский праздник обсудили с экспертами в эфире телеканала рбк другие видео этого дня в телеграм канале рбк
2025-10-31T13:41:32+00:00,3,"Белоруссия не «ввяжется в войну», если «ее не будут трогать», не допустить этого — «главная задача президента». Об этом заявил Александр Лукашенко, его слова цитирует «БелТА». «Если вы придете к нам без разрешения своими коваными сапогами — бахнем», — предупредил он. Лукашенко подчеркнул, что современный мир переживает «непонятное время», и необходимо проявить стойкость и выдержку. «Выдержим — будут жить наши дети. Не выдержим — окунемся в этот омут», — сказал он. Лукашенко напомнил, что сейчас во всем мире продолжаются «пятьдесят с лишним конфликтов и войн», и Белоруссия не хотела бы участвовать в каком-либо из них. _Фото: Роман Наумов / URA. RU / Global Look Press_ Следить за новостями РБК в Telegram",белоруссия не ввяжется в войну если ее не будут трогать не допустить этого главная задача президента об этом заявил александр лукашенко его слова цитирует белта если вы придете к нам без разрешения своими коваными сапогами бахнем предупредил он лукашенко подчеркнул что современный мир переживает непонятное время и необходимо проявить стойкость и выдержку выдержим будут жить наши дети не выдержим окунемся в этот омут сказал он лукашенко напомнил что сейчас во всем мире продолжаются пятьдесят с лишним конфликтов и войн и белоруссия не хотела бы участвовать в каком либо из них фото роман наумов ura ru global look press следить за новостями рбк в telegram
2025-10-31T13:41:29+00:00,2,"Цифровые помощники на основе ИИ анализируют данные, помогают оптимизировать производство и управляют рекламными кампаниями. Как такие технологии влияют на эффективность бизнеса и меняют рынок труда, — рассказал Константин Романов, директор по искусственному интеллекту и цифровым продуктам «Билайна». _РБК Тренды_",цифровые помощники на основе ии анализируют данные помогают оптимизировать производство и управляют рекламными кампаниями как такие технологии влияют на эффективность бизнеса и меняют рынок труда рассказал константин романов директор по искусственному интеллекту и цифровым продуктам билайна рбк тренды
2025-10-31T13:27:00+00:00,3,"Дания усиливает свое военное присутствие в Гренландии из-за опасений возможного военного столкновения с Россией, пишет Bloomberg. Среди новых мер — расширение сферы морской обороны на острове, включая патрульные самолеты для мониторинга и борьбы с подводными лодками. «Мы рассматриваем будущий сценарий угроз, с которым нам придется иметь дело», — заявил глава Объединенного арктического командования Дании в Гренландии Сорен Андерсен. Новое вооружение России, ее растущее сотрудничество с Китаем в Беринговом проливе, изменения в активности у берегов Норвегии — все это усиливает опасения Копенгагена по поводу надвигающейся угрозы, отмечает агентство. В результате в сентябре Дания провела в Гренландии свои самые масштабные учения. При этом если предыдущие были сосредоточены на спасательных операциях и гражданских задачах, то эти были посвящены подготовке к войне, говорится в статье. Сорен Андерсен, который возглавляет датское командование в Гренландии, описывает Россию как «региональную сверхдержаву в Арктике», поскольку в последние десятилетия Москва построила там свои базы и развернула силы. По его мнению, после окончания конфликта на Украине Россия может перенаправить ресурсы на север и переориентировать новые оружейные технологии на нужды региона. _Фото: Sean Gallup / Getty Images_ Читать РБК в Telegram",дания усиливает свое военное присутствие в гренландии из за опасений возможного военного столкновения с россией пишет bloomberg среди новых мер расширение сферы морской обороны на острове включая патрульные самолеты для мониторинга и борьбы с подводными лодками мы рассматриваем будущий сценарий угроз с которым нам придется иметь дело заявил глава объединенного арктического командования дании в гренландии сорен андерсен новое вооружение россии ее растущее сотрудничество с китаем в беринговом проливе изменения в активности у берегов норвегии все это усиливает опасения копенгагена по поводу надвигающейся угрозы отмечает агентство в результате в сентябре дания провела в гренландии свои самые масштабные учения при этом если предыдущие были сосредоточены на спасательных операциях и гражданских задачах то эти были посвящены подготовке к войне говорится в статье сорен андерсен который возглавляет датское командование в гренландии описывает россию как региональную сверхдержаву в арктике поскольку в последние десятилетия москва построила там свои базы и развернула силы по его мнению после окончания конфликта на украине россия может перенаправить ресурсы на север и переориентировать новые оружейные технологии на нужды региона фото sean gallup getty images читать рбк в telegram
2025-10-31T13:14:24+00:00,3,"Считавшийся оппозиционером Роман Протасевич, бывший главред телеграм-канала Nexta, является сотрудником белорусской разведки, заявил президент Белоруссии Александр Лукашенко. Его слова передает Белта. «Долго рассказывать не буду. Протасевич — это сотрудник нашей разведки. Нам надо было его задерживать? А вот вопрос, почему они (рейс Ryanair) в Вильнюс летели, там не сели, а развернулись и в Минск прилетели, сели после звонка, что у них на борту там какая-то взрывчатка… Ну садитесь, вы в Вильнюс летели, над Вильнюсом были — садитесь. Развернулись, прилетели в Минск. Сели в Минске. Я говорю: ""Ну что, проводите операцию, он же под прикрытием работал этих беглых. Проводите операцию как следует». Nexta освещал и координировал массовые акции протеста, проходившие в Белоруссии после выборов президента в августе 2020 года. Протасевич после задержания в мае 2021 года начал активно сотрудничать с белорусскими властями. Весной 2023 года его приговорили к восьми годам колонии по делу о заговоре с целью захвата власти, затем президент Лукашенко его помиловал. Самые важные новости — в телеграм-канале РБК",считавшийся оппозиционером роман протасевич бывший главред телеграм канала nexta является сотрудником белорусской разведки заявил президент белоруссии александр лукашенко его слова передает белта долго рассказывать не буду протасевич это сотрудник нашей разведки нам надо было его задерживать а вот вопрос почему они рейс ryanair в вильнюс летели там не сели а развернулись и в минск прилетели сели после звонка что у них на борту там какая то взрывчатка ну садитесь вы в вильнюс летели над вильнюсом были садитесь развернулись прилетели в минск сели в минске я говорю ну что проводите операцию он же под прикрытием работал этих беглых проводите операцию как следует nexta освещал и координировал массовые акции протеста проходившие в белоруссии после выборов президента в августе года протасевич после задержания в мае года начал активно сотрудничать с белорусскими властями весной года его приговорили к восьми годам колонии по делу о заговоре с целью захвата власти затем президент лукашенко его помиловал самые важные новости в телеграм канале рбк
2025-10-31T13:01:06+00:00,3,"Еврокомиссия не исключает возможности принять правовые меры против Польши, Венгрии и Словакии, которые продолжают сохранять односторонние ограничения на импорт украинских товаров. Они нарушают правила единого рынка ЕС, запрещающие национальные торговые барьеры, и вызывают серьезные разногласия внутри Евросоюза, пишет Politico. Запреты, распространяющиеся на украинское зерно и другую сельскохозяйственную продукцию, противоречат новому пересмотренному торговому соглашению, вступившему в силу 13 октября 2025 года. Это соглашение было разработано для стабилизации украинского экспорта и одновременно защиты интересов европейских фермеров. Заместитель пресс-секретаря Еврокомиссии Улоф Гилл подчеркнул, что нет оправданий для сохранения национальных ограничений и что исполнительные органы ЕС усилят диалог с «непреклонными столицами». Он также подтвердил, что рассматриваются все варианты воздействия на них. Польша, Венгрия и Словакия заявляют, что введенные ограничения не отменяются автоматически и остаются необходимыми для защиты местных производителей. _Фото: Алексей Фурман / Getty Images_ Картина дня — в телеграм-канале РБК",еврокомиссия не исключает возможности принять правовые меры против польши венгрии и словакии которые продолжают сохранять односторонние ограничения на импорт украинских товаров они нарушают правила единого рынка ес запрещающие национальные торговые барьеры и вызывают серьезные разногласия внутри евросоюза пишет politico запреты распространяющиеся на украинское зерно и другую сельскохозяйственную продукцию противоречат новому пересмотренному торговому соглашению вступившему в силу октября года это соглашение было разработано для стабилизации украинского экспорта и одновременно защиты интересов европейских фермеров заместитель пресс секретаря еврокомиссии улоф гилл подчеркнул что нет оправданий для сохранения национальных ограничений и что исполнительные органы ес усилят диалог с непреклонными столицами он также подтвердил что рассматриваются все варианты воздействия на них польша венгрия и словакия заявляют что введенные ограничения не отменяются автоматически и остаются необходимыми для защиты местных производителей фото алексей фурман getty images картина дня в телеграм канале рбк
2025-10-21T15:55:25+00:00,6,"Отмена русской культуры невозможна, пока существует музыка Чайковского, заявил в эфире передачи «Таманцев. В итоге» народный артист России Николай Цискаридзе. «Отмена, она точечная…Когда вообще заговорили об этом, я сказал: «Господа, слушайте, пока существует в мире музыка Чайковского и балет «Щелкунчик», никогда отмены русской культуры не будет». <…> Потому что так за последние 50 лет русские задолбали этим балетом, что все, это тенденция, и это снежный ком, его не остановить». Он отметил, что в мире существует огромное количество трупп, которые получают основную прибыль в период рождественских выступлений. Цискаридзе подчеркнул, что аншлаги с балетом «Щелкунчик» «немыслимы» без музыки Чайковского. Другие видео этого дня — в телеграм-канале РБК",отмена русской культуры невозможна пока существует музыка чайковского заявил в эфире передачи таманцев в итоге народный артист россии николай цискаридзе отмена она точечная когда вообще заговорили об этом я сказал господа слушайте пока существует в мире музыка чайковского и балет щелкунчик никогда отмены русской культуры не будет потому что так за последние лет русские задолбали этим балетом что все это тенденция и это снежный ком его не остановить он отметил что в мире существует огромное количество трупп которые получают основную прибыль в период рождественских выступлений цискаридзе подчеркнул что аншлаги с балетом щелкунчик немыслимы без музыки чайковского другие видео этого дня в телеграм канале рбк
2025-10-21T10:10:14+00:00,6,"Режиссер, актер и телеведущий Никита Михалков отмечает 80-летие. Его киноработы получили мировое признание, что подтверждают премии «Золотой лев» Венецианского кинофестиваля (1991, «Урга — территория любви»), Гран-при Каннского кинофестиваля (1994) и «Оскар» (1995) в категории «Лучший фильм на иностранном языке» за «Утомленные солнцем». «Мы своими руками похоронили интерес нашего зрителя к нашему кино, к нашей культуре, к нашей литературе. <…> Сколько мы ни делали кино, похожее на их [Голливуд], оно всегда было хуже. Но мы забываем, что, например, Сергей Герасимов снял «Тихий Дон», и это великая картина. И они никогда такой картины снять не смогут», – отмечал режиссер. Взгляды артиста на искусство, талант, популярность, семью и женщин РБК Life вспоминает из его высказываний. _Фото: Shatokhina Natalia/news. ru _ Читать РБК в Telegram",режиссер актер и телеведущий никита михалков отмечает летие его киноработы получили мировое признание что подтверждают премии золотой лев венецианского кинофестиваля урга территория любви гран при каннского кинофестиваля и оскар в категории лучший фильм на иностранном языке за утомленные солнцем мы своими руками похоронили интерес нашего зрителя к нашему кино к нашей культуре к нашей литературе сколько мы ни делали кино похожее на их голливуд оно всегда было хуже но мы забываем что например сергей герасимов снял тихий дон и это великая картина и они никогда такой картины снять не смогут отмечал режиссер взгляды артиста на искусство талант популярность семью и женщин рбк life вспоминает из его высказываний фото shatokhina natalia news ru читать рбк в telegram
