id,date,text,views,forwards,replies,channel_short
12618,2026-06-01T18:12:42+00:00,"Нет возможности побывать в Новой Зеландии и осмотреть места, где проходили съемки «Властелина колец»? Не волнуйтесь!

 💯 - отлично
❤️ - мне нравится

Мы теперь и в MAX - https://max.ru/thaihub",25,1,,kinostro4ka
12614,2026-06-01T17:04:50+00:00,"Тизер и пара постеров фантастической ленты Стивена Спилберга **День разоблачения (Disclosure Day)**.

Сюжет повествует о контакте с человечества с инопланетянами. 

Премьера - лето 2026 год

Ждем 👍
НЕ ждем 🙈

**🎬 **@kinostro4ka

 💯 - отлично
❤️ - мне нравится

Мы теперь и в MAX - https://max.ru/thaihub",26,1,,kinostro4ka
12604,2026-06-01T16:23:15+00:00,"**ЧТО БУДЕМ СМОТРЕТЬ В ИЮНЕ:**

🏄‍♂️ Фильм «**Хокум**» // Цифровой релиз — 2 июня

🏄‍♂️ Фильм «**Грязные деньги**» // Цифровой релиз — 2 июня

🏄‍♂️ Мультсериал «**Легенда о Vox Machina**» // 4 сезон — 3 июня

🏄‍♂️ Сериал «**Мыс страха**» // 1 сезон — 5 июня

🏄‍♂️ Мультсериал «**Мои приключения с Суперменом**» // 3 сезон — 13 июня

🏄‍♂️ Сериал «**Шугар**» // 2 сезон — 19 июня

🏄‍♂️ Сериал «**Агентство**» // 2 сезон — 21 июня

🏄‍♂️ Сериал «**Дом Дракона**» // 3 сезон — 22 июня

🏄‍♂️ Сериал «**Аватар: Легенда об Аанге**» // 2 сезон — 25 июня

🏄‍♂️ Сериал «**Медведь**» // 5 сезон — 26 июня

😈[ **@kinostro4ka**](https://t.me/+z-hmp7BtE10wMmJi)

 💯 - отлично
❤️ - мне нравится

Мы теперь и в MAX - https://max.ru/thaihub",18,1,,kinostro4ka
12600,2026-06-01T15:02:52+00:00,"Тизер и пара постеров экшн-хоррора **Колония (Gunche) (Colony)**.

Группа выживших после глобального зомби-апокалипсиса - укрывается в многоквартирном доме. 

Режиссер: Ëн сан-хо (""Поезд в Пусан 1-2"") 

Премьера в России - 18 июня

**🎬 **@kinostro4ka

 💯 - отлично
❤️ - мне нравится

Мы теперь и в MAX - https://max.ru/thaihub",24,1,,kinostro4ka
12599,2026-06-01T15:00:40+00:00,"💯 - отлично
❤️ - мне нравится

Мы теперь и в MAX - https://max.ru/thaihub",28,1,,kinostro4ka
12591,2026-06-01T15:00:37+00:00,"Топ лучших чёрных комедий.

В этих фильмах юмор возникает в ситуациях, когда смеяться неуместно, только культовые произведения:

1. «Догма» (1999)
2. «Семь психопатов» (2012)
3. «Жмурки» (2005)
4. «Клерки» (1994)
5. «Святые из Бундока» (1999)
6. «Залечь на дно в Брюгге» (2007)
7. «Криминальное чтиво» (1994)
8. «Большой Лебовски» (1998)
9. «Джей и Молчаливый Боб наносят ответный удар» (2001)

Сохраняйте и делитесь с друзьями.

 💯 - отлично
❤️ - мне нравится

Мы теперь и в MAX - https://max.ru/thaihub

**💓 Смотрите сами:** [Проверьте, как правильно настроить рекламный бюджет для вашего канала! 📊🔍](https://insidead.ru/+kLRr8d) | [InsideAds](https://t.me/InsideAds_bot/openRU?startapp=r_-1001504856846_utm_source-insideadsInternal-utm_medium-signTeaser-utm_campaign-default)",17,1,,kinostro4ka
12588,2026-06-01T13:03:20+00:00,"Кадры из приключенческого триллера **Вышка 2 (Fall 2)**

Первый фильм вышел в 2022 году и собрал $22 млн при бюджете в $3 млн. Лента рассказывала о двух девушках-скалолазах, которые залезли на заброшенную радиовышку и застряли на ней. 

Сюжет сиквела: Пара альпинистов оказывается отрезана от мира на огромной высоте после сошедшего оползня. 

Премьера - 2 сентября

Крутяк. Ждем 👍
НЕ ждем 🤡
Не смотрел первый 🍌

**🎬 **@kinostro4ka

 💯 - отлично
❤️ - мне нравится

Мы теперь и в MAX - https://max.ru/thaihub",25,1,,kinostro4ka
12587,2026-06-01T12:47:17+00:00,"Выяснилось, что во время съемок «Проекта „Конец света“» дочери Райана Гослинга, Эсмеральда и Амада, порой общались с актером вместо Рокки:

«В некоторых сценах фильма я смеюсь или просто восхищен Рокки. На самом деле это мои дети разговаривают со мной и поддерживают меня».

 💯 - отлично
❤️ - мне нравится

Мы теперь и в MAX - https://max.ru/thaihub",27,1,,kinostro4ka
12586,2026-06-01T11:04:54+00:00,"Конфликт между Томом Харди и одним из создателей «Гангстерленда» пытаются уладить — возвращение актёра в третьем сезоне ещё может случиться.

Как сообщает Variety, во время съёмок второго сезона у Харди возникали конфликты: актёр спорил из-за сценария, опаздывал на площадку и тормозил производственный процесс. 

Но при этом стало известно, что сценарий постоянно переписывали в последний момент, а шоураннер Джез Баттеруорт редко появлялся на съёмках.

Производство третьего сезона планируют начать этой осенью.

**🎬 **@kinostro4ka

 💯 - отлично
❤️ - мне нравится

Мы теперь и в MAX - https://max.ru/thaihub",30,1,,kinostro4ka
12585,2026-06-01T10:09:19+00:00,"Если бы «Пацаны» были созданы в 90-х.

 💯 - отлично
❤️ - мне нравится

Мы теперь и в MAX - https://max.ru/thaihub",30,1,,kinostro4ka
12584,2026-06-01T09:35:53+00:00,"**«Эйфория»** официально завершилась на третьем сезоне спустя семь лет после премьеры 💊

Сегодня вышел финальный эпизод шоу, а создатель сериала **Сэм Левинсон** подтвердил, что продолжения не будет. Это также подтвердили в **HBO.** При этом заключительный сезон оказался крайне успешным и собрал примерно в два раза больше просмотров, чем предыдущий

😈[ **@kinostro4ka**](https://t.me/+z-hmp7BtE10wMmJi)

 💯 - отлично
❤️ - мне нравится

Мы теперь и в MAX - https://max.ru/thaihub",34,1,,kinostro4ka
12579,2026-06-01T09:02:49+00:00,"Обворожительная Брукс Нейдер на новых фото со съёмок «Спасателей Малибу».

Премьера сериала в январе 2027 года.

**🎬 **@kinostro4ka

 💯 - отлично
❤️ - мне нравится

Мы теперь и в MAX - https://max.ru/thaihub",27,1,,kinostro4ka
12578,2026-06-01T07:12:59+00:00,"**72% зрителей теряют новинки из‑за ленты - **[**зафиксировать релизы в KYRGYZ KINO MEDIA**](https://insidead.ru/+00KPCC)** 🎬📌**

В канале - **Full HD** и регулярные премьеры; уведомления включаются за 10 секунд. 🔔🎞️
Поддержка голосом через [усилить канал и ускорить выход фильмов](https://insidead.ru/+00KPCC) работает сразу. 📈✅

- 24 108 подписчиков: проверенная подборка по жанрам 🎭

- Анонсы + полные версии в одном потоке 🗂️

- Удобно делиться и сохранять в избранное 💾

➡️ [дать BOOST и закрепить доступ к новинкам](https://insidead.ru/+00KPCC)

📢 [InsideAd](https://t.me/InsideAds_bot/openRU?startapp=r_-1001504856846_utm_source-insideadsInternal-utm_medium-signAdPost-utm_campaign-default)",32,0,,kinostro4ka
12576,2026-06-01T07:01:46+00:00,"Свежие кадры «Человек-паук: Новый день».

Тем временем Том Холланд рассказал, что готов к новой эре Marvel и хочет стать наставником для следующего поколения Пауков:

«Будь то Майлз Моралес, Гвен-Паук или кто-то еще — я с радостью помогу рассказать следующую историю. Если я смогу сделать для кого-то то же, что Роберт Дауни-младший сделал для меня, то спокойно уйду на покой».

Премьера фильма состоится в конце июля.

**🎬 **@kinostro4ka

 💯 - отлично
❤️ - мне нравится

Мы теперь и в MAX - https://max.ru/thaihub",25,1,,kinostro4ka
12575,2026-06-01T07:00:20+00:00,"«Обсессия» уверенно продолжает покорять мировые кинопозиции, собирая впечатляющие сборы.

С бюджетом всего $750 тыс, хоррор уже собрал более $100 млн, окупившись почти в 125 раз всего за две недели проката. Зрители на IMDb оценили фильм на 8,2 из 10.

Режиссером проекта выступил 26-летний ютубер Карри Баркер — самоучка, который начинал с любительских хорроров на своем канале.

 💯 - отлично
❤️ - мне нравится

Мы теперь и в MAX - https://max.ru/thaihub",24,1,,kinostro4ka
12572,2026-06-01T06:01:12+00:00,"Мультфильм «Жил-был пёс» превратят в полнометражный фильм.

В центре сюжета бывший чемпион мира по боксу, который под влиянием странного видения волка из мультфильма «Жил-был пёс» крадёт дочь начальника полиции, чтобы затем героически её спасти и получить повышение.

Волка озвучит Гоша Куценко, также в фильме снимутся Павел Прилучный, Никита Кологривый и Ульяна Квитковская.

Релиз этого сна при температуре 39° состоится в декабре 2027 года.

**🎬 **@kinostro4ka

 💯 - отлично
❤️ - мне нравится

Мы теперь и в MAX - https://max.ru/thaihub",23,1,,kinostro4ka
12567,2026-05-31T17:01:33+00:00,"Ведро для попкорна фантастической ленты Стивена Спилберга **День разоблачения (Disclosure Day)**.

Сюжет повествует о контакте с человечества с инопланетянами. 

Премьера - лето 2026 год

Ждем 👍
НЕ ждем 🙈

**🎬 **@kinostro4ka

 💯 - отлично
❤️ - мне нравится

Мы теперь и в MAX - https://max.ru/thaihub",42,1,,kinostro4ka
12566,2026-05-31T15:03:59+00:00,"Съемки экшн-комедии **Агент Джонни Инглиш 4 (Johnny English 4)** - скоро начнутся на Мальте и в Великобритании. 

К своей роли вернется Роуэн Аткинсон.

Ждем 👍
НЕ ждем 🍌

**🎬 **@kinostro4ka

 💯 - отлично
❤️ - мне нравится

Мы теперь и в MAX - https://max.ru/thaihub",45,1,,kinostro4ka
12564,2026-05-31T13:05:52+00:00,"Пара кадров из ленты **Человек-Паук: Совершенно новый день (Spider-Man: Brand New Day)**.

Премьера - 31 июля

Ждем 👍
НЕ ждем 🍌

**🎬 **@kinostro4ka

 💯 - отлично
❤️ - мне нравится

Мы теперь и в MAX - https://max.ru/thaihub",38,1,,kinostro4ka
12560,2026-05-31T11:01:33+00:00,"Юэн Макгрегор и Энн Хатауэй на кадрах  фантастического триллера Дэвида Роберта (""Оно следует за тобой"") **В конце Оук-стрит (The End of Oak Street)**.

В результате катаклизма - обычная современная улица оказалась перенесена в место, населенное динозаврами. 

Премьера - 14 августа

**🎬 **@kinostro4ka

 💯 - отлично
❤️ - мне нравится

Мы теперь и в MAX - https://max.ru/thaihub",44,1,,kinostro4ka
12559,2026-05-31T09:03:11+00:00,"Трейлер 3 сезона сериала **Дом дракона (House of the Dragon)**. 

Сериал уже продлили на 4 сезон. 

Премьера - 21 июня

Как вам первые два сезона? 

Норм 👍
Скукота 🤡
Не смотрел 🍌

**🎬 **@kinostro4ka

 💯 - отлично
❤️ - мне нравится

Мы теперь и в MAX - https://max.ru/thaihub",49,1,,kinostro4ka
12550,2026-05-31T07:05:09+00:00,"Дженнифер Лопес

Красотуля ❤️
Норм 👍
Страшилка 🤪

**🎬 **@kinostro4ka

 💯 - отлично
❤️ - мне нравится

Мы теперь и в MAX - https://max.ru/thaihub",33,1,,kinostro4ka
12549,2026-05-31T06:01:55+00:00,"Гик-отец собственноручно сделал для своего малыша костюм Грогу, потому что тот просто без ума от маленького зеленого существа.

Это лучшее, что вы увидите сегодня.

**🎬 **@kinostro4ka

 💯 - отлично
❤️ - мне нравится

Мы теперь и в MAX - https://max.ru/thaihub",40,1,,kinostro4ka
12548,2026-05-30T17:04:50+00:00,"По мультфильму **Жил-был пес** снимут игровой фильм. 

Сюжет: Бывшему чемпиону мира по боксу (Павел Прилучный) - везде начинает мерещиться Волк из мультфильма ""Жил-был пëс"". Воображаемый друг заставляет героя пойти на преступление. 

Волка озвучит Гоша Гуценко. 

Премьера - декабрь 2027

Крутяк. Ждем 👍
НЕ ждем 🙈

**🎬 **@kinostro4ka

 💯 - отлично
❤️ - мне нравится

Мы теперь и в MAX - https://max.ru/thaihub",91,2,,kinostro4ka
12541,2026-05-30T15:03:06+00:00,"Эмма Майерс

Красотуля ❤️
Норм 👍
Страшилка 🤪

**🎬 **@kinostro4ka

 💯 - отлично
❤️ - мне нравится

Мы теперь и в MAX - https://max.ru/thaihub",55,1,,kinostro4ka
12540,2026-05-30T13:03:27+00:00,"**🎬 **@kinostro4ka

 💯 - отлично
❤️ - мне нравится

Мы теперь и в MAX - https://max.ru/thaihub",61,1,,kinostro4ka
12539,2026-05-30T11:02:37+00:00,"Оценка финала «Пацанов» опустилась уже до 5,6/10 на IMDb.

Теперь это самый низкооценённый эпизод во всём сериале.

Рейтинг шоу в целом опустился до 8,5/10, а ведь неделей ранее оценка была выше девятки.

**🎬 **@kinostro4ka

 💯 - отлично
❤️ - мне нравится

Мы теперь и в MAX - https://max.ru/thaihub",58,1,,kinostro4ka
12538,2026-05-30T09:03:20+00:00,"Правка одной детали во вселенной «Гарри Поттера» от белорусов.

**🎬 **@kinostro4ka

 💯 - отлично
❤️ - мне нравится

Мы теперь и в MAX - https://max.ru/thaihub",59,1,,kinostro4ka
12537,2026-05-30T08:02:05+00:00,"«Очень страшное кино 6» получило рейтинг R — взрослый юмор возвращается!

Новая часть получила рейтинг R за «грубое сексуальное содержание, откровенную наготу, жестокое насилие, а также употребление веществ и нецензурную лексику на протяжении всего фильма».

3, 4 и 5 части имели рейтинг PG-13. Взрослый рейтинг был у 2 части, когда у руля были братья Уэйанс — и они вернулись.

Премьера комедии 4 июня.

**🎬 **@kinostro4ka

 💯 - отлично
❤️ - мне нравится

Мы теперь и в MAX - https://max.ru/thaihub",61,1,,kinostro4ka
12535,2026-05-30T06:04:58+00:00,"Новая версия легендарного мема в сериале «Паук-Нуар».

**🎬 **@kinostro4ka

 💯 - отлично
❤️ - мне нравится

Мы теперь и в MAX - https://max.ru/thaihub",61,1,,kinostro4ka
12534,2026-05-29T18:44:53+00:00,https://dzen.ru/id/69cf696d5843de58aff105f0,61,0,,kinostro4ka
12533,2026-05-29T17:04:15+00:00,"Было бы странно, если бы они этого не сделали.

Sony воссоздала легендарный мем с указывающими друг на друга Людьми-пауками в рамках сериала

Все восемь серий уже доступны для просмотра.

**🎬 **@kinostro4ka

 💯 - отлично
❤️ - мне нравится

Мы теперь и в MAX - https://max.ru/thaihub",72,1,,kinostro4ka
12532,2026-05-29T17:03:10+00:00,"Финальный трейлер третьего сезона «**Дома дракона**» 🐉

В новых сериях ожидается еще больше масштабных сражений между ветвями **Таргариенов**, включая **Битву при Глотке** — одно из самых кровопролитных событий в истории Вестероса. Премьера состоится **22 июня.**

😈[ **@kinostro4ka**](https://t.me/+z-hmp7BtE10wMmJi)

 💯 - отлично
❤️ - мне нравится

Мы теперь и в MAX - https://max.ru/thaihub",56,1,,kinostro4ka
12529,2026-05-29T15:01:09+00:00,"Всё таки смогли вернуться в 2007.

В России эпоха Blu-ray — на маркетплейсах массово продают пиратские диски с фильмами и сериалами.

Темщики берут обычную «болванку», записывают на неё сериал или фильм, клеят картинку и прикручивают меню с выбором озвучки.

Один диск стоит 150 рублей и, судя по огромному количеству отзывов, они очень популярны.

**🎬 **@kinostro4ka

 💯 - отлично
❤️ - мне нравится

Мы теперь и в MAX - https://max.ru/thaihub",69,1,,kinostro4ka
12528,2026-05-29T13:04:11+00:00,"Элизабет Пози в роли Рядового Ангела в предстоящем приквеле «Пацанов».

**🎬 **@kinostro4ka

 💯 - отлично
❤️ - мне нравится

Мы теперь и в MAX - https://max.ru/thaihub",61,1,,kinostro4ka
12524,2026-05-29T11:11:49+00:00,"«**Обсессия**» продолжает доминировать в прокате и уже обошла «**Мандалорца и Грогу**» 💣

В среду фильм вновь занял первое место американского бокс-офиса, собрав** $5,6 млн** против **$4,1 млн** у нового проекта по «**Звездным войнам**». При этом бюджет хоррора составил меньше миллиона долларов, а мировые сборы уже вплотную приблизились к отметке в** $100 млн**. После такого успеха 26-летнему режиссеру **Карри Баркеру** уже предложили гонорар **$10 млн** на следующий фильм, даже без готовой идеи и сценария

😈[ **@kinostro4ka**](https://t.me/+z-hmp7BtE10wMmJi)

 💯 - отлично
❤️ - мне нравится

Мы теперь и в MAX - https://max.ru/thaihub",62,1,,kinostro4ka
12523,2026-05-29T11:02:00+00:00,"Тимоти Шаламе завалил пробы на роль Человека-паука.

В 2015 году Marvel и Sony рассматривали Тимоти на роль Паучка в КВМ.

Вот только из-за волнения у актёра ничего не вышло: Шаламе два раза читал свой текст, ушёл весь потный и в панике.

**🎬 **@kinostro4ka

 💯 - отлично
❤️ - мне нравится

Мы теперь и в MAX - https://max.ru/thaihub",59,1,,kinostro4ka
12522,2026-05-29T10:05:48+00:00,"Эпл представил трейлер второго сезона сериала «**Шугар**» с **Колином Фарреллом 🔍**

В продолжении частный детектив** Джон Шугар** берется за поиски старшего брата перспективного боксера, но вскоре оказывается втянут в опасный заговор в Лос-Анджелесе.
Премьера второго сезона состоится** 19 июня**

😈[ **@kinostro4ka**](https://t.me/+z-hmp7BtE10wMmJi)

 💯 - отлично
❤️ - мне нравится

Мы теперь и в MAX - https://max.ru/thaihub",48,1,,kinostro4ka
12521,2026-05-29T09:01:55+00:00,"Однажды я согласился на хэппи-энд в салоне тайского массажа и... мне показали концовку «Терминатора 2», где Арни остаётся жить с Джоном и Сарой Коннор.

**🎬 **@kinostro4ka

 💯 - отлично
❤️ - мне нравится

Мы теперь и в MAX - https://max.ru/thaihub",48,0,,kinostro4ka
12519,2026-05-29T07:02:27+00:00,"«Сайлент Хилл» от Кристофера Нолана.

**🎬 **@kinostro4ka

 💯 - отлично
❤️ - мне нравится

Мы теперь и в MAX - https://max.ru/thaihub",45,0,,kinostro4ka
12518,2026-05-29T06:04:40+00:00,"Первый тизер перезапуска «Спасателей Малибу» со Стивеном Амеллом.

Красные купальники и замедленная съёмка на месте. Премьера в январе 2027 года.

**🎬 **@kinostro4ka

 💯 - отлично
❤️ - мне нравится

Мы теперь и в MAX - https://max.ru/thaihub",49,1,,kinostro4ka
12517,2026-05-28T17:05:55+00:00,"На съемках ленты ""Первый мститель: Другая война"".

#КиноЗаКадром

**🎬 **@kinostro4ka

 💯 - отлично
❤️ - мне нравится

Мы теперь и в MAX - https://max.ru/thaihub",54,2,,kinostro4ka
12516,2026-05-28T16:38:57+00:00,https://dzen.ru/id/69cf696d5843de58aff105f0,48,0,,kinostro4ka
12515,2026-05-28T15:04:58+00:00,"**Кит Харрингтон** может сыграть **Златопуста Локонса** в сериале **Гарри Поттер (Harry Potter)**. 

Премьера - конец 2026

Хороший выбор 👍
Плохой выбор 🙈

**🎬 **@kinostro4ka

 💯 - отлично
❤️ - мне нравится

Мы теперь и в MAX - https://max.ru/thaihub",43,1,,kinostro4ka
12514,2026-05-28T14:23:12+00:00,"Финальный трейлер фильма «**День разоблачения**» **Стивена Спилберга **🛸

По сюжету мужчина получает информацию о скором прибытии пришельцев на Землю, из-за чего мир начинает погружаться в хаос и напряжение. В актерский состав вошли **Эмили Блант, Джош О’Коннор, Колин Фёрт, Колман Доминго и Уайатт Расселл**. Премьера в США состоится **12 июня**

😈[ **@kinostro4ka**](https://t.me/+z-hmp7BtE10wMmJi)

 💯 - отлично
❤️ - мне нравится

Мы теперь и в MAX - https://max.ru/thaihub",39,1,,kinostro4ka
12513,2026-05-28T13:02:44+00:00,"**🎬 **@kinostro4ka

 💯 - отлично
❤️ - мне нравится

Мы теперь и в MAX - https://max.ru/thaihub",37,1,,kinostro4ka
12512,2026-05-28T11:33:01+00:00,"«**Вне кампуса**» неожиданно стал третьим самым просматриваемым дебютом в истории сериалов **Amazon** 🏒

Сериал о хоккеистах колледжа собрал **36 миллионов** зрителей за первые 12 дней после релиза. Больше просмотров среди дебютов смогли набрать только «**Властелин колец: Кольца власти**» и «**Фоллаут**». Романтическое шоу уже обошло по стартовым показателям «**Пацанов**» и «**Джек Ричера**»

😈[ **@kinostro4ka**](https://t.me/+z-hmp7BtE10wMmJi)

 💯 - отлично
❤️ - мне нравится

Мы теперь и в MAX - https://max.ru/thaihub",41,1,,kinostro4ka
12504,2026-05-28T11:00:44+00:00,"Легендарная актриса Дита фон Тиз. 

Красотуля ❤️
Норм 👍
Страшилка 🤪

**🎬 **@kinostro4ka

 💯 - отлично
❤️ - мне нравится

Мы теперь и в MAX - https://max.ru/thaihub",31,1,,kinostro4ka
12503,2026-05-28T10:43:05+00:00,"Новости кино и сериалов.

Самые свежие трейлеры к фильмам.

Наш канал в MAX - 💥 https://max.ru/thaihub 💥

Не знаешь что посмотреть этим вечером?

Мы подскажем. Загляни к нам и ты не пожалеешь.",31,0,,kinostro4ka
12502,2026-05-28T09:06:55+00:00,"Первые зрители и критики остались довольны хоррором «**Закулисье реальности**» от **A24** — фильм получил **88% свежести** на Томатах на основе 84 рецензий 📎

Главной сильной стороной картины называют тревожную атмосферу и использование лиминальных пространств. По словам критиков, фильм погружает зрителя в постоянное чувство дискомфорта и напряжения. Отдельно журналисты похвалили отсутствие дешевых скримеров и кровавых сцен — хоррору удается пугать без привычных жанровых приемов. Также отмечают большое количество пасхалок для фанатов вселенной **Backrooms**, хотя фильм должен понравиться и тем, кто раньше не был знаком с этой темой. Широкий зарубежный прокат стартует уже завтра —** 29 мая**

😈[ **@kinostro4ka**](https://t.me/+z-hmp7BtE10wMmJi)

 💯 - отлично
❤️ - мне нравится

Мы теперь и в MAX - https://max.ru/thaihub",56,2,,kinostro4ka
12493,2026-05-28T09:04:08+00:00,"Прощайте, «Пацаны»... 

Актерский состав поделился свежими фото со съемок финального эпизода — судя по кадрам, команда отлично проводила время и наслаждалась последними днями вместе на площадке.

И да, это одни из последних совместных фото каста перед прощанием с сериалом.

**🎬 **@kinostro4ka

 💯 - отлично
❤️ - мне нравится

Мы теперь и в MAX - https://max.ru/thaihub",24,1,,kinostro4ka
12486,2026-05-28T07:03:01+00:00,"Новые кадры и фото со съёмок третьего сезона «Дома дракона». 

Продолжение сериала стартует 21 июня на HBO Max.

**🎬 **@kinostro4ka

 💯 - отлично
❤️ - мне нравится

Мы теперь и в MAX - https://max.ru/thaihub",27,1,,kinostro4ka
12484,2026-05-28T06:03:13+00:00,"Некоторые сериалы в очередной раз доказывают: придумать интересную историю — это только половина дела. А вот достойно ее закончить — уже настоящий уровень мастерства.

**🎬 **@kinostro4ka

 💯 - отлично
❤️ - мне нравится

Мы теперь и в MAX - https://max.ru/thaihub",28,1,,kinostro4ka
12483,2026-05-27T17:05:01+00:00,"Amazon вычеркнули Джареда Лето из рекламы «Властелинов вселенной».

По данным Puck News, руководство студии заплатило актёру более $5 млн за роль, но решило не рисковать так как последние фильмы с Джаредом провалились в прокате.

Лето не появлялся на публике во время крупных ивентов, включая мировую премьеру, и не публикует каких-либо постов с фильмов в своих соцсетях.

Премьера ленты 5 июня.

**🎬 **@kinostro4ka

 💯 - отлично
❤️ - мне нравится

Мы теперь и в MAX - https://max.ru/thaihub",55,1,,kinostro4ka
12482,2026-05-27T17:03:38+00:00,"«**Дорохедоро**» официально продлили на третий сезон 🧨

Об анонсе сообщили сразу после выхода финальной одиннадцатой серии второго сезона. Режиссер аниме **Юитиро Хаяси** также поделился новым артом в честь продолжения. Производством вновь займётся** MAPPA**

😈[ **@kinostro4ka**](https://t.me/+z-hmp7BtE10wMmJi)

 💯 - отлично
❤️ - мне нравится

Мы теперь и в MAX - https://max.ru/thaihub",41,1,,kinostro4ka
12480,2026-05-27T16:10:31+00:00,"Первый постер и трейлер второго сезона мультсериала «**Люди-Икс 97**» 😇

И в нем есть **Дэдпул**! Главным злодеем станет Апокалипсис, с которым будут сражаться мутанты. Премьера продолжения состоится уже** 1 июля**. Третий и четвертый сезоны находятся в разработке

😈[ **@kinostro4ka**](https://t.me/+z-hmp7BtE10wMmJi)

 💯 - отлично
❤️ - мне нравится

Мы теперь и в MAX - https://max.ru/thaihub",41,0,,kinostro4ka
12479,2026-05-27T16:10:19+00:00,"Первый постер и трейлер второго сезона мультсериала «**Люди-Икс 97**» 😇

И в нем есть **Дэдпул**! Премьера продолжения состоится уже** 1 июля**

😈[ **@kinostro4ka**](https://t.me/+z-hmp7BtE10wMmJi)

 💯 - отлично
❤️ - мне нравится

Мы теперь и в MAX - https://max.ru/thaihub",39,1,,kinostro4ka
12478,2026-05-27T15:01:55+00:00,"В честь выхода комедии «Сначала дамы» Саша Барон Коэн показал лифчик для мужчин.

Он поддерживает шары, чтобы они выглядели моложе и не провисали.

**🎬 **@kinostro4ka

 💯 - отлично
❤️ - мне нравится

Мы теперь и в MAX - https://max.ru/thaihub",40,1,,kinostro4ka
12477,2026-05-27T13:04:46+00:00,"5-летний я, пытающийся допрыгнуть до гелиевого шарика, чтобы героически лопнуть его:

**🎬 **@kinostro4ka

 💯 - отлично
❤️ - мне нравится

Мы теперь и в MAX - https://max.ru/thaihub",40,1,,kinostro4ka
12476,2026-05-27T11:01:54+00:00,"Джонни Депп возвращается в Голливуд — боевик-триллер «Дневной пьяница» выйдет 26 марта 2027 года.

Компанию Деппу составит Пенелопа Крус. Режиссёр фильма Марка Уэбб, ранее снявший «Нового Человека-паука», «500 дней лета» и ремейк «Белоснежки». Сценарист Зак Дин, который работал над «Войной будущего» и «Ущельем».

**🎬 **@kinostro4ka

 💯 - отлично
❤️ - мне нравится

Мы теперь и в MAX - https://max.ru/thaihub",44,1,,kinostro4ka
12475,2026-05-27T09:04:12+00:00,"Энн Хэтэуэй раскрыла, что с 30 до 40 лет была слепа на левый глаз. 

За это время актриса снялась более чем в 15 фильмах, включая «Интерстеллар», и никто из зрителей не догадался о её слепоте.

Причиной стала ранняя катаракта. Позже Хэтэуэй восстановила зрение при помощи операции. По словам актрисы, потеря зрения серьёзно влияла на нервную систему, но осознала она это только после выздоровления.

**🎬 **@kinostro4ka

 💯 - отлично
❤️ - мне нравится

Мы теперь и в MAX - https://max.ru/thaihub",55,1,,kinostro4ka
12473,2026-05-27T07:01:29+00:00,"Том Харди все-таки покинет «Гангстерленд» после второго сезона.

Информацию подтвердили источники Variety: сериал Гая Ричи действительно продлят на третий сезон, однако персонаж Харди в нем уже не появится. Причиной стал конфликт актера со соавтором сценария и продюсерами. 

И это далеко не первый подобный случай — за Харди уже давно закрепилась репутация одного из самых сложных актеров Голливуда. Во время съемок «Безумного Макса: Дорога ярости», например, он мог опаздывать на площадку на несколько часов.

**🎬 **@kinostro4ka

 💯 - отлично
❤️ - мне нравится

Мы теперь и в MAX - https://max.ru/thaihub",56,1,,kinostro4ka
12472,2026-05-27T06:00:58+00:00,"Кристофер Нолан никогда в жизни не пользовался почтой и не имел смартфона.

Вместо электронной почты ассистенты приносят режиссёру распечатанные письма на бумаге.

55-летний Нолан добавил, что из-за массового внедрения QR-кодов жить без смартфона становится всё тяжелее и тяжелее.

**🎬 **@kinostro4ka

 💯 - отлично
❤️ - мне нравится

Мы теперь и в MAX - https://max.ru/thaihub",53,1,,kinostro4ka
12471,2026-05-26T17:02:18+00:00,"Кадр из фантастического сериала DC Comics **Фонари (Lanterns)**.

Зеленые Фонари - межгалактические супергерои, которым дают силу необычные кольца. Два Фонаря, новичок и опытный - расследуют странное дело в глуши Небраски. 

Премьера - август

Ждем 👍
НЕ ждем 🍌

**🎬 **@kinostro4ka

 💯 - отлично
❤️ - мне нравится

Мы теперь и в MAX - https://max.ru/thaihub",71,1,,kinostro4ka
12470,2026-05-26T15:04:54+00:00,"**Чарли Хитон** (""Очень странные дела"") на кадре из продолжения культового сериала **Острые козырьки (Peaky Blinders)**.

Хитон сыграл Чарльза Шелби, младшего сына Тома Шелби (Киллиан Мерфи).

Сериал будет состоять из двух новых сезонов по 6 серий в каждом. 

Сюжет: послевоенный Бирмингем, город отстраивают заново, за богатые строительные контракты идет настоящая борьба. Семейство Шелби как обычно в центре происходящего. 

Крутяк. Жду 👍
НЕ жду. История окончена 🤡
Не смотрел 🍌

**🎬 **@kinostro4ka

 💯 - отлично
❤️ - мне нравится

Мы теперь и в MAX - https://max.ru/thaihub",65,1,,kinostro4ka
12469,2026-05-26T13:02:34+00:00,"Первый трейлер «Восхода корпорации Vought» — приквела «Пацанов».

Действия развернутся в 1950-х, а главным героем выступит Солдатик.

Премьера в 2027 году.

**🎬 **@kinostro4ka

 💯 - отлично
❤️ - мне нравится

Мы теперь и в MAX - https://max.ru/thaihub",66,2,,kinostro4ka
12468,2026-05-26T11:05:13+00:00,"«Спартак: Дом Ашура» закрыли после первого сезона.

Starz отказалась от продолжения сериала, невзирая на планы авторов развивать историю дальше.

Но Lionsgate пытается найти новую площадку, поэтому у шоу ещё есть шанс на продолжение.

**🎬 **@kinostro4ka

 💯 - отлично
❤️ - мне нравится

Мы теперь и в MAX - https://max.ru/thaihub",62,1,,kinostro4ka
12464,2026-05-26T09:03:57+00:00,"«Одиссея» Кристофера Нолана станет одним из самых длинных фильмов режиссера — картина будет идти 2 часа 52 минуты. 

Это второй по длительности фильм Нолана после «Оппенгеймера», который шел ровно три часа. Вместе с этим появились новые кадры с Зендеей, Энн Хэтэуэй, Лупитой Нионго и Шарлиз Терон.

Премьера «Одиссеи» намечена на 17 июля.

**🎬 **@kinostro4ka

 💯 - отлично
❤️ - мне нравится

Мы теперь и в MAX - https://max.ru/thaihub",71,1,,kinostro4ka
12463,2026-05-26T08:02:23+00:00,"С хоррором «**Обсессия**» в прокате происходит что-то безумное 🤯

Благодаря мощному сарафану сборы фильма на втором уикенде **выросли примерно на 39% по сравнению со стартовым**, и это просто невероятная аномалия проката. При бюджете **меньше миллиона долларов** мировые сборы уже **превысили 75 миллионов** и, по прогнозам, легко могут перевалить за **100 млн**. Фильм, снятый за месяц 26-летним ютубером, уже называют одним из главных хоррор-хитов не только 2026 года, но и **всего жанра**. Зрительский рейтинг картины сейчас составляет **8,2** на **IMDb** при более чем **32 тысячах оценок**. Для сравнения: у «**Реинкарнации**» **Ари Астера** —** 7,3**, у «**Орудий**» **Зака Креггера** —** 7,4**, а у суперхитовой «**Субстанции**» — **7,2**

😈[ **@kinostro4ka**](https://t.me/+z-hmp7BtE10wMmJi)

 💯 - отлично
❤️ - мне нравится

Мы теперь и в MAX - https://max.ru/thaihub",57,1,,kinostro4ka
12457,2026-05-26T07:03:02+00:00,"Pixar прятали это у всех на виду: как студия тизерит будущие фильмы еще до официального анонса.

**🎬 **@kinostro4ka

 💯 - отлично
❤️ - мне нравится

Мы теперь и в MAX - https://max.ru/thaihub",44,1,,kinostro4ka
12456,2026-05-26T06:05:32+00:00,"Amazon вычеркнули Джареда Лето из рекламы «Властелинов вселенной».

По данным Puck News, руководство студии заплатило актёру более $5 млн за роль, но решило не рисковать так как последние фильмы с Джаредом провалились в прокате.

Лето не появлялся на публике во время крупных ивентов, включая мировую премьеру, и не публикует каких-либо постов с фильмов в своих соцсетях.

Премьера ленты 5 июня.

**🎬 **@kinostro4ka

 💯 - отлично
❤️ - мне нравится

Мы теперь и в MAX - https://max.ru/thaihub",54,1,,kinostro4ka
12455,2026-05-25T17:04:43+00:00,"4х-кратный номинант на премию ""оскар"" **Сирша Ронан** может сыграть в сказке **Вонка 2 (Wonka 2)**.

Съемки начнутся в августе. 

Первый фильм вышел в прокат в 2023 году  и собрал $634.5 млн при бюджете в $125 млн. 

Как вам фильм? 

Норм 👍
Трэш 🙈
Не смотрел 🍌

**🎬 **@kinostro4ka

 💯 - отлично
❤️ - мне нравится

Мы теперь и в MAX - https://max.ru/thaihub",78,2,,kinostro4ka
12454,2026-05-25T15:01:33+00:00,"**Элизабет Олсен** скоро станет мамой! 

Для 37-летней актрисы это будет первый ребенок.

**🎬 **@kinostro4ka

 💯 - отлично
❤️ - мне нравится

Мы теперь и в MAX - https://max.ru/thaihub",70,1,,kinostro4ka
12453,2026-05-25T13:05:26+00:00,"Что у Деми Мур на плечах? 

Мешок с пожитками 👍
Одеяло ❤️
Дамская сумочка 🔥

**🎬 **@kinostro4ka

 💯 - отлично
❤️ - мне нравится

Мы теперь и в MAX - https://max.ru/thaihub",74,1,,kinostro4ka
12452,2026-05-25T12:11:57+00:00,"Тизер спиноффа «**Рика и Морти**» о президенте **Кертисе** 🇺🇸

Премьера состоится уже** в июле**, а **сегодня** выходит **первая серия девятого сезона** основного мультсериала

😈[ **@kinostro4ka**](https://t.me/+z-hmp7BtE10wMmJi)

 💯 - отлично
❤️ - мне нравится

Мы теперь и в MAX - https://max.ru/thaihub",75,1,,kinostro4ka
12451,2026-05-25T11:00:38+00:00,"Официальное ведро для попкорна к фильму «Очень страшное кино 6».

Релиз комедии 5 июня.

**🎬 **@kinostro4ka

 💯 - отлично
❤️ - мне нравится

Мы теперь и в MAX - https://max.ru/thaihub",71,1,,kinostro4ka
12450,2026-05-25T09:23:15+00:00,"**Альфред Молина** рассказал, что сценаристы фантастического сериала «**Городок**» планировали историю на **три сезона** 🛸

По словам актера, авторы считали такой формат идеальным для раскрытия сюжета. И **Молина** с радостью бы продолжил работу над шоу, хотя официально о продлении пока не сообщалось. Сериал от продюсерской компании **братьев Дафферов** получил хорошие отзывы: **95% свежести на Томатах и 7,5 баллов на IMDb.** Также **Молина** упомянул, что с удовольствием сыграл бы Д**октора Осьминога** в «**Человеке-пауке**», если бы ему вновь предложили вернуться к роли

😈[ **@kinostro4ka**](https://t.me/+z-hmp7BtE10wMmJi)

 💯 - отлично
❤️ - мне нравится

Мы теперь и в MAX - https://max.ru/thaihub",69,2,,kinostro4ka
12449,2026-05-25T09:02:44+00:00,"Энн Хэтэуэй, давняя поклонница лондонского «Арсенала», отметила первое за 22 года чемпионство любимого клуба в АПЛ.

Актриса спела гимн футбольного клуба и выложила в соцсетях.

**🎬 **@kinostro4ka

 💯 - отлично
❤️ - мне нравится

Мы теперь и в MAX - https://max.ru/thaihub",60,3,,kinostro4ka
12444,2026-05-25T07:03:16+00:00,"Новые кадры «Одиссеи» Кристофера Нолана.

На них Люпита Нионго в роли Клитемнестры — сестры-близнеца Елены Троянской, Зендея в роли Афины.

Лента будет длиться 2 часа и 52 минуты. Это второй по продолжительности фильм в карьере режиссёра. «Оппенгеймер» шёл 3 часа.

**🎬 **@kinostro4ka

 💯 - отлично
❤️ - мне нравится

Мы теперь и в MAX - https://max.ru/thaihub",54,1,,kinostro4ka
12443,2026-05-25T06:03:00+00:00,"Энтони Руссо в одном из недавних интервью заявил, что «Мстители: Доктор Дум» станет рискованным шагом для киновселенной Marvel.

По его словам, это будет полноценное переосмысление привычной формулы: зрителей ждет то, чего они совершенно не ожидают. При этом в детали режиссер вдаваться не стал.

Узнать, насколько все это соответствует реальности, можно будет уже зимой — фильм выйдет 18 декабря.

**🎬 **@kinostro4ka

 💯 - отлично
❤️ - мне нравится

Мы теперь и в MAX - https://max.ru/thaihub",61,1,,kinostro4ka
12442,2026-05-24T17:02:38+00:00,"**Том Харди** был уволен из криминального сериала **Гангстерленд (Mobland)** и не вернется в третий сезон.

Предположительно, он вступил в конфликт с продюсерами после того, как постоянно опаздывал на съемочную площадку и пытался внести изменения в диалоги в сериале.

Печаль 😢
Все правильно. Актер должен выполнять указания, а не влезать в съемочный процесс 👍

**🎬 **@kinostro4ka

 💯 - отлично
❤️ - мне нравится

Мы теперь и в MAX - https://max.ru/thaihub",79,1,,kinostro4ka
12441,2026-05-24T15:02:48+00:00,"Мультфильм **Братья Супер Марио в кино 3 (The Super Mario Bros Movie 3)** - находится в работе. 

Первая часть собрала в проката $1.36 млрд при бюджете в $100 млн, кассовые сборы продолжения составили $967 млн при бюджете в $110 млн

Ждем 👍
НЕ ждем 🍌

**🎬 **@kinostro4ka

 💯 - отлично
❤️ - мне нравится

Мы теперь и в MAX - https://max.ru/thaihub",78,1,,kinostro4ka
12440,2026-05-24T13:01:30+00:00,"**🎬 **@kinostro4ka

 💯 - отлично
❤️ - мне нравится

Мы теперь и в MAX - https://max.ru/thaihub",79,2,,kinostro4ka
12439,2026-05-24T11:04:56+00:00,"Перезагрузку культового сериала **Побег из тюрьмы (Prison Break)** - начнут снимать в июне. 

В сериале сыграют Эмили Браунинг (""Запрещенный прием""), Лукас Гейдж (""Фарго""), Дрэйк Роджер (""Винчестеры""), Келли Берлунд (""По волчьим законам""). 

Оригинальный сериал рассказывал про двух братьев, пытавшихся сбежать из тюрьмы. 

Крутяк. Ждем 👍
Без Барроуза и Скофилда не взлетит 🙈

**🎬 **@kinostro4ka

 💯 - отлично
❤️ - мне нравится

Мы теперь и в MAX - https://max.ru/thaihub",80,1,,kinostro4ka
12438,2026-05-24T09:01:45+00:00,"**Кристофер Нолан** рассказал, что он по-прежнему **не пользуется смартфоном или электронной почтой**, хотя современная жизнь усложняет это.

Нолан: ""Вернуть QR-код оказалось довольно сложно... Если у вас нет смартфона, вы мало что сможете сделать с помощью QR-кода"".

Сколько вы сможете прожить без смартфона? 

День 👍
Неделю ❤️
Месяц 🔥

**🎬 **@kinostro4ka

 💯 - отлично
❤️ - мне нравится

Мы теперь и в MAX - https://max.ru/thaihub",76,1,,kinostro4ka
12434,2026-05-24T07:05:10+00:00,"Фичуретка и пара постеров фэнтези **Властелины Вселенной (Masters of the Universe, 2026)**.

Фильм рассказывает о герое Хи-Мэне, который воюет со Скелетором на просторах далекой Галактики.

Премьера - 5 июня 2026 года

Ждем 👍
НЕ ждем 🍌

**🎬 **@kinostro4ka

 💯 - отлично
❤️ - мне нравится

Мы теперь и в MAX - https://max.ru/thaihub",77,1,,kinostro4ka
12432,2026-05-24T06:03:34+00:00,"Новый тизер «Обители зла», в котором режиссёр Зак Креггер раскрыл, что в хорроре будут снятые от первого лица сцены. 

Таким образом Креггер отдаёт дань уважения последним играм серии.

Премьера 18 сентября.

**🎬 **@kinostro4ka

 💯 - отлично
❤️ - мне нравится

Мы теперь и в MAX - https://max.ru/thaihub",68,1,,kinostro4ka
12431,2026-05-23T17:03:38+00:00,"Warner Bros снимут фильм по мультсериалу «Рик и Морти».

Режиссёр Джейкоб Хэр, который до этого работал над эпизодами самого мультсериала. Подробностей сюжета и дат пока нет.

Девятый сезон «Рика и Морти» стартует 24 мая.

**🎬 **@kinostro4ka

 💯 - отлично
❤️ - мне нравится

Мы теперь и в MAX - https://max.ru/thaihub",113,1,,kinostro4ka
12428,2026-05-23T15:03:36+00:00,"Наглядная инструкция, как поймать Генри Кавилла: просто принести ему набор по Warhammer 40,000. 

Во время съемок ремейка «Горца» в польском Лодзе владелец местного магазина по «Вахе» пришел к площадке с подарком для актера — набором юнитов Адептус Кустодес.

Учитывая любовь Кавилла к Warhammer, шансов пройти мимо у него просто не было.

**🎬 **@kinostro4ka

 💯 - отлично
❤️ - мне нравится

Мы теперь и в MAX - https://max.ru/thaihub",105,2,,kinostro4ka
12427,2026-05-23T13:04:53+00:00,"Дженна Ортега сыграет главную роль в фильме Lily May B.

Режиссёром выступит Леос Каракс, снявший «Корпорация ""Святые моторы""» и «Токио!».

Картину описывают как сюрреалистичный роуд-муви с элементами антиутопии.

В центре сюжета девушка, молодой человек и мальчик, каждый из которых скрывает тяжёлую тайну. Вместе они отправляются в путешествие через опустевшие города, заброшенные трассы и древние леса в поисках самих себя.

Съёмки начнутся весной 2027 года.

**🎬 **@kinostro4ka

 💯 - отлично
❤️ - мне нравится

Мы теперь и в MAX - https://max.ru/thaihub",101,1,,kinostro4ka
12426,2026-05-23T11:04:30+00:00,"Хвастунишки.

**🎬 **@kinostro4ka

 💯 - отлично
❤️ - мне нравится

Мы теперь и в MAX - https://max.ru/thaihub",84,1,,kinostro4ka
12424,2026-05-23T09:05:29+00:00,"Японец три года повторял упражнения из аниме и превратился в главного героя «Ванпанчмена».

Мужчина начал тренироваться по программе Сайтамы: каждый день делал по 100 отжиманий, 100 приседаний, 100 приседаний с прыжком и бегал 10 километров.

За три года тренировок он не пропустил ни одной. Суммарно японец пробежал более 16.000 км и сделал больше 100.000 отжиманий!

**🎬 **@kinostro4ka

 💯 - отлично
❤️ - мне нравится

Мы теперь и в MAX - https://max.ru/thaihub",94,1,,kinostro4ka
12422,2026-05-23T07:00:53+00:00,"Финальный трейлер «Паука-Нуара» с Николасом Кейджем — с русскими субтитрами.

В центре сюжета — Бен Рейли, постаревший частный детектив из Нью-Йорка 1930-х годов, который когда-то был единственным супергероем города.

Все эпизоды выйдут 27 мая на Prime Video.

**🎬 **@kinostro4ka

 💯 - отлично
❤️ - мне нравится

Мы теперь и в MAX - https://max.ru/thaihub",90,1,,kinostro4ka
12418,2026-05-23T06:00:30+00:00,"Джейкоб Элорди и его звёздные экранные партнёрши.

Мужики, стараемся не завидовать.

**🎬 **@kinostro4ka

 💯 - отлично
❤️ - мне нравится

Мы теперь и в MAX - https://max.ru/thaihub",74,1,,kinostro4ka
12417,2026-05-22T17:02:46+00:00,"Дж. К. Симмонс в тизере многосерийной криминальной драмы **Западный район (The Westies)**.

80-е годы XX века, район Манхэттена ""Адская кухня"", два друга детства идут по жизни разными путями полицейского и бандита. 

Премьера - 12 июля

**🎬 **@kinostro4ka

 💯 - отлично
❤️ - мне нравится

Мы теперь и в MAX - https://max.ru/thaihub",83,1,,kinostro4ka
12416,2026-05-22T15:57:44+00:00,"У «**Паука-Нуара**» с **Николасом Кейджем** появились первые оценки — сериал получил **89% свежести на Томатах **🕸

Посмотревшие хвалят атмосферу классического нуара, стиль старых детективов и необычное сочетание супергероики с мрачным расследованием. Главным украшением сериала конечно называют **Николаса Кейджа**, а второстепенных персонажей — важной частью истории. При этом некоторые обозреватели считают, что проекту не хватает более сильного сценария. Премьера всех **восьми эпизодов** в двух цветах состоится уже **27 мая**

😈[ **@kinostro4ka**](https://t.me/+z-hmp7BtE10wMmJi)

 💯 - отлично
❤️ - мне нравится

Мы теперь и в MAX - https://max.ru/thaihub",85,1,,kinostro4ka
12415,2026-05-22T15:04:26+00:00,"**Мэтт Дэймон** может заменить **Райана Гослинга** в масштабной фантастической ленте от режиссеров оскароносного **Все, везде и сразу** Дэниэла Шайнерта и Дэна Квана. 

Подробностей сюжета пока нет. 

Кто круче? 

Дэймон 🔥
Гослинг 👍

**🎬 **@kinostro4ka

 💯 - отлично
❤️ - мне нравится

Мы теперь и в MAX - https://max.ru/thaihub",60,1,,kinostro4ka
12414,2026-05-22T14:05:01+00:00,"Первый трейлер сериала «**Восход корпорации Vought**» 🪖

Действие спин-оффа «**Пацанов**» развернется в **50х** и расскажет о похождения **Солдатика и Штормфронт**. Съемки уже завершены, выйдет в первой половине 2027 

😈[** @kinostro4ka**](https://t.me/newsjetflix)

 💯 - отлично
❤️ - мне нравится

Мы теперь и в MAX - https://max.ru/thaihub",54,1,,kinostro4ka
12413,2026-05-22T13:01:26+00:00,"На BBC снимут новый сериал про бельгийского сыщика **Эркюля Пуаро**.

В самой известной экранизации книг Агаты Кристи - Пуаро играл Дэвид Суше. 

Съемки планируют начать этим летом. 

Крутяк. Ждем 👍
НЕ ждем. Суше не переплюнуть 🙈

**🎬 **@kinostro4ka

 💯 - отлично
❤️ - мне нравится

Мы теперь и в MAX - https://max.ru/thaihub",54,1,,kinostro4ka
12412,2026-05-22T11:02:59+00:00,"Дочь Мартина Скорсезе **Франческа Скорсезе** сыграет во 2 сезоне сериала **Мистер и миссис Смит (Mr. and Mrs. Smith)**.

Марк Эйдельштейн сыграет мистера Смита. Экранной женой артиста станет Софи Тэтчер (""Еретик"", ""Компаньон""). 

Первый сезон вышел в 2024 году и рассказывал о паре спецагентов, которые выдают себя за супругов. 

Крутяк. Ждем 👍
НЕ ждем 🙈
Не смотрел 1 сезон 🍌

**🎬 **@kinostro4ka

 💯 - отлично
❤️ - мне нравится

Мы теперь и в MAX - https://max.ru/thaihub",82,1,,kinostro4ka
12411,2026-05-22T09:05:20+00:00,"Тизер комедии **Ëлки 13**.

Премьера - декабрь

Ждем 👍
НЕ ждем 🙈

**🎬 **@kinostro4ka

 💯 - отлично
❤️ - мне нравится

Мы теперь и в MAX - https://max.ru/thaihub",59,1,,kinostro4ka
12410,2026-05-22T08:39:19+00:00,"**Тома Харди **погнали из сериала «**Гангстерленд**»** Гая Ричи **после конфликтов на съемках второго сезона 👨‍🎨

**Paramount** отказались продлевать контракт с актером на третий сезон из-за постоянных опозданий на съемки и попыток вмешиваться в сценарий. Также сообщается, что **Харди** был недоволен тем, что сериал, изначально строившийся вокруг его героя, со временем стал больше фокусироваться на персонажах **Хелен Миррен и Пирса Броснана**. Это далеко не первый подобный скандал с **Томом Харди** — **Шарлиз Терон** рассказывала, что на съемках «**Безумный Макс: Дорога ярости**» актер регулярно опаздывал на площадку на несколько часов и постоянно конфликтовал с ней. Забавно, что сам **Харди** числится исполнительным продюсером **Ганстерленда** и его уволили из своего же сериала

😈[ **@kinostro4ka**](https://t.me/+z-hmp7BtE10wMmJi)

 💯 - отлично
❤️ - мне нравится

Мы теперь и в MAX - https://max.ru/thaihub",51,0,,kinostro4ka
12407,2026-05-22T07:04:54+00:00,"Финальный трейлер сериала «Паук-Нуар».

Нью-Йорк, 1930-е годы. Следователь Бен Райлли, который переживает не лучшие времена, сталкивается со своим прошлым. Бену, единственному супергерою в городе, приходится бороться с внутренними демонами и снова стать Человеком-пауком, чтобы спасти мегаполис и себя.

Премьера 27 мая.

В каком варианте будете смотреть шоу — цветном или ч/б?

 💯 - отлично
❤️ - мне нравится

Мы теперь и в MAX - https://max.ru/thaihub",52,0,,kinostro4ka
12406,2026-05-22T06:01:57+00:00,"Marvel выпустили эмоциональный ролик с параллелями из своих фильмов.

**🎬 **@kinostro4ka

 💯 - отлично
❤️ - мне нравится

Мы теперь и в MAX - https://max.ru/thaihub",46,0,,kinostro4ka
12404,2026-05-21T17:24:19+00:00,"Постер и трейлер второго сезона «**Аватара: Легенда об Аанге**» 🌪

Все **восемь эпизодов** выйдут на **Нетфликс** уже **25 июня**. Шоу заранее продлили на **третий сезон**

😈[ **@kinostro4ka**](https://t.me/+z-hmp7BtE10wMmJi)

 💯 - отлично
❤️ - мне нравится

Мы теперь и в MAX - https://max.ru/thaihub",68,1,,kinostro4ka
12403,2026-05-21T17:04:56+00:00,"Женская дружба: Годами проверяется на
прочность

Мужская дружба: Один раз забухал с левым типом в баре и вот он уже стоит с тобой на Суде Семерых, рискуя именем, кровью и будущим, лишь бы ты не был один в этот трудный час

**🎬 **@kinostro4ka

 💯 - отлично
❤️ - мне нравится

Мы теперь и в MAX - https://max.ru/thaihub",56,1,,kinostro4ka
12402,2026-05-21T15:43:05+00:00,"Спинофф «**Однажды в Голливуде**» под названием «**Приключения Клиффа Бута**» выйдет на **Нетфликсе** **23 декабря** **🍿**

Перед релизом фильм также покажут в кинотеатрах. Режиссером выступил **Дэвид Финчера**, а сценарий написал **Квентин Тарантино**. События картины развернутся спустя восемь лет после финала оригинального фильма и расскажут о жизни постаревшего **Клиффа Бута** в исполнении** Брэда Питта**. **Леонардо ДиКаприо** подтвердил, что его персонаж **Рик Далтон** в фильме не появится

😈[ **@kinostro4ka**](https://t.me/+z-hmp7BtE10wMmJi)

 💯 - отлично
❤️ - мне нравится

Мы теперь и в MAX - https://max.ru/thaihub",64,1,,kinostro4ka
12401,2026-05-21T15:05:25+00:00,"В США идут иммерсивные показы «Гарри Поттера».

Зрителей ждёт полноценное 4D-представление — антураж зала меняется в зависимости от сцены.

**🎬 **@kinostro4ka

 💯 - отлично
❤️ - мне нравится

Мы теперь и в MAX - https://max.ru/thaihub",58,1,,kinostro4ka
12399,2026-05-21T13:14:27+00:00,"Первые постеры экранизации игры «**Resident Evil**» от **Зака Креггера** («**Варвар**», «**Орудия**») 🦠

Фильм получил отличные отзывы на тестовых показах. Картину описывают как «**Безумный Макс: Дорога ярости**» но в жанре ужасов, а по тону сравнивают с «**Зловещими мертвецами 2**». Сюжет сосредоточен на курьере (**Остине Абрамсе**), который во время вирусной вспышки должен доставить загадочный кейс в больницу **Раккун-Сити**. Премьера запланирована на** 18 сентября**

😈[** @kinostro4ka**](https://t.me/newsjetflix)

 💯 - отлично
❤️ - мне нравится

Мы теперь и в MAX - https://max.ru/thaihub",56,1,,kinostro4ka
12398,2026-05-21T13:00:59+00:00,"«Евгений, мы в Риме, а ты где?»

Уиллем Дефо записал видео для парня из России, который не смог попасть в отпуск.

Два брата собирались вместе полететь в Рим, но одному не одобрили визу. Второй улетел, случайно встретил Дефо и попросил актёра записать небольшое «издевательское» видео для брата, оставшегося дома.

**🎬 **@kinostro4ka

 💯 - отлично
❤️ - мне нравится

Мы теперь и в MAX - https://max.ru/thaihub",55,1,,kinostro4ka
12397,2026-05-21T12:27:44+00:00,"Финальная серия «**Пацанов**» стала второй **самой низкооцененной** во всем сериале 💣

Больше всего критики досталось **двум последним эпизодам**, которые получили **6,3 и 6,7 на IMDb**. Зрители ожидали от концовки более масштабных событий, особенно после промокампании и заявлений создателей. Фанаты также остались недовольны завершением арки **Хоумлендера**, хотя игру **Энтони Старра** вновь активно хвалят. Шоураннер **Эрик Крипке** ответил на претензии, заявив, что изначально не собирался устраивать апокалипсис и доволен тем, каким получился финал

😈[ **@kinostro4ka**](https://t.me/+z-hmp7BtE10wMmJi)

 💯 - отлично
❤️ - мне нравится

Мы теперь и в MAX - https://max.ru/thaihub",49,1,,kinostro4ka
12396,2026-05-21T11:03:37+00:00,"Бро: Я обожаю Пацанов
Я: Какая серия в сериале тебе больше всего понравилась?
Бро: В сериале?
Я:

**🎬 **@kinostro4ka

 💯 - отлично
❤️ - мне нравится

Мы теперь и в MAX - https://max.ru/thaihub",47,1,,kinostro4ka
12388,2026-05-21T09:04:22+00:00,"Сразу восемь новых постеров «Очень страшного кино 6».

На них пародии на «Субстанцию», «Орудия» и даже ещё не вышедший хоррор «Закулисье реальности».

Релиз комедии 5 июня.

**🎬 **@kinostro4ka

 💯 - отлично
❤️ - мне нравится

Мы теперь и в MAX - https://max.ru/thaihub",42,1,,kinostro4ka
12385,2026-05-21T07:03:59+00:00,"Грейси Кокрейн, сыгравшая Джинни Уизли в первом сезоне «Гарри Поттера», не примет участие в съёмках второго сезона.

Актрисе пришлось принять такое решение из-за «непредвиденных обстоятельств». Сейчас в HBO ищут замену.

**🎬 **@kinostro4ka

 💯 - отлично
❤️ - мне нравится

Мы теперь и в MAX - https://max.ru/thaihub",58,0,,kinostro4ka
12384,2026-05-21T06:04:23+00:00,"Просто практические эффекты для «Терминатора 3» с Кристанной Локен.

**🎬 **@kinostro4ka

 💯 - отлично
❤️ - мне нравится

Мы теперь и в MAX - https://max.ru/thaihub",49,0,,kinostro4ka
12383,2026-05-20T17:08:08+00:00,"**Нетфликс** представил новый тизер второй части сериала «**Сто лет одиночества**» и объявил дату премьеры — **5 августа** 🍁

Шоу основано на романе **Габриэля Гарсиа Маркеса**. Во второй части история сосредоточится на новых поколениях семьи Буэндиа, а также уделит больше внимания городу Макондо, где разворачиваются основные события. В первую часть продолжения войдут **семь эпизодов**. Чуть позже, выйдет финальная **восьмая серия** — **26 августа**. Первый сезон стартовал в конце 2024  и был тепло принят зрителями, получив **8,3 балла на IMDb**

😈[ **@kinostro4ka**](https://t.me/+z-hmp7BtE10wMmJi)

 💯 - отлично
❤️ - мне нравится

Мы теперь и в MAX - https://max.ru/thaihub",73,1,,kinostro4ka
12382,2026-05-20T17:05:47+00:00,"Штурмовик летит домой после того, как отпросился пораньше со Звезды смерти:

**🎬 **@kinostro4ka

 💯 - отлично
❤️ - мне нравится

Мы теперь и в MAX - https://max.ru/thaihub",55,1,,kinostro4ka
12381,2026-05-20T15:45:19+00:00,"**Warner Bros** запустили в разработку полнометражный мультфильм по «**Рику и Морти**»🫥

Режиссером выступит ветеран сериала **Джейкоб Хэйр**, он приложил руку к многим сериям. Подробности сюжета пока держатся в секрете. Соавтор шоу **Дэн Хармон** ранее уже намекал на возможность фильма, но полноценную разработку запустили только сейчас. Тем временем **25 мая** стартует** девятый сезон** мультсериала. Шоу уже продлили до **12 сезона**, а также готовится спин-офф о президенте **Кертисе**

😈[ **@kinostro4ka**](https://t.me/+z-hmp7BtE10wMmJi)

 💯 - отлично
❤️ - мне нравится

Мы теперь и в MAX - https://max.ru/thaihub",58,1,,kinostro4ka
12380,2026-05-20T15:03:19+00:00,"Тот самый «умный, но ленивый» весельчак класса, с которым на выпускном хотели сфотографироваться все девочки параллели:

**🎬 **@kinostro4ka

 💯 - отлично
❤️ - мне нравится

Мы теперь и в MAX - https://max.ru/thaihub",55,1,,kinostro4ka
12379,2026-05-20T14:33:09+00:00,"Студия **Laika** («**Коралина в Стране Кошмаров**») выпустила первый тизер-трейлер мультфильма «**В сердце леса**» 🌲

Сюжет расскажет о девочке, которая отправляется в опасное путешествие, чтобы спасти брата. В загадочном лесу ей предстоит столкнуться с говорящими животными и бандитами. Как и предыдущие проекты студии, фильм выполнен в технике стоп-моушн. Режиссером выступил **Трэвис Найт **(«**Кубо. Легенда о самурае**»). Премьера состоится **23 октября**

😈[ **@kinostro4ka**](https://t.me/+z-hmp7BtE10wMmJi)

 💯 - отлично
❤️ - мне нравится

Мы теперь и в MAX - https://max.ru/thaihub",52,1,,kinostro4ka
12378,2026-05-20T13:05:42+00:00,"«Властелин колец», но во всех ролях Шварценеггер.

**🎬 **@kinostro4ka

 💯 - отлично
❤️ - мне нравится

Мы теперь и в MAX - https://max.ru/thaihub",50,1,,kinostro4ka
12377,2026-05-20T12:21:43+00:00,"**Эпл** сразу продлил сериал «**У Марго проблемы с деньгами**» с **Эль Фаннинг** на второй сезон после завершения первого 💅 

Шоу основано на одноименном романе **Руфи Торп **2024 года. В центре сюжета — Марго, бросившая колледж и пытающаяся справиться с воспитанием ребенка и растущими долгами

😈[ **@kinostro4ka**](https://t.me/+z-hmp7BtE10wMmJi)

 💯 - отлично
❤️ - мне нравится

Мы теперь и в MAX - https://max.ru/thaihub",49,1,,kinostro4ka
12376,2026-05-20T11:03:33+00:00,"Видеопрезентация ведра для попкорна Шрека, которое будут продавать на повторных показах первой части в честь 25-летия первой части.

Да, «Шрек» вышел 25 лет назад — в апреле 2001 года.

**🎬 **@kinostro4ka

 💯 - отлично
❤️ - мне нравится

Мы теперь и в MAX - https://max.ru/thaihub",54,1,,kinostro4ka
12375,2026-05-20T09:05:29+00:00,"Гай Ричи сообщил, что до сих пор хочет снять «Шерлока Холмса 3».

Проблема только в Роберте Дауни-младшем. По словам режиссёра, он никак не может подстроить график съёмок под востребованного актёра.

**🎬 **@kinostro4ka

 💯 - отлично
❤️ - мне нравится

Мы теперь и в MAX - https://max.ru/thaihub",41,1,,kinostro4ka
12373,2026-05-20T07:02:39+00:00,"Ума Турман раскрыла, что существует «дилдо-наказание» Квентина Тарантино:

«Если ты заснёшь на съёмочной площадке Тарантино, то они сфотографируют тебя с трёхфутовым дилдо по имени ""Большой Джерри"" рядом с твоим лицом и повесят фото на стену позора».

**🎬 **@kinostro4ka

 💯 - отлично
❤️ - мне нравится

Мы теперь и в MAX - https://max.ru/thaihub",46,1,,kinostro4ka
12372,2026-05-20T06:01:22+00:00,"Смотрим тизер Hope — нового фильм На Хонджина, мастера триллеров из Южной Кореи.

На Каннском кинофестивале эффектный экшн-боевик с пришельцами получил шестиминутные стоячие овации.

Главные роли исполнили Хван Джон-мин и Чон Хо Ён (067 из «Игры в кальмара»). Также в ленте снялись Майкл Фассбендер и Алисия Викандер.

На окраине отдалённого портового городка сделано таинственное открытие. Жители оказываются в отчаянной борьбе за выживание с тем, чего они никогда раньше не встречали.

Посмотревшие ленту критики считают, что она войдёт в список классических картин научной фантастики. Фильм удерживает в напряжении каждую секунду хронометража.

Премьера этой осенью.

**🎬 **@kinostro4ka

 💯 - отлично
❤️ - мне нравится

Мы теперь и в MAX - https://max.ru/thaihub",45,1,,kinostro4ka
12362,2026-05-19T17:02:23+00:00,"Убийца — садовник? 10 детективов, которые отлично тренируют мозг.

**🎬 **@kinostro4ka

 💯 - отлично
❤️ - мне нравится

Мы теперь и в MAX - https://max.ru/thaihub",61,1,,kinostro4ka
12359,2026-05-19T15:12:21+00:00,"Финальный трейлер «**Паука-Нуара**» с **Николасом Кейджем** сразу в двух цветах 🕸

В центре сюжета — стареющий детектив **Бен Рейли**, который берется за дело о пропавшем человеке и выходит на опасного ирландского мафиози. По словам **Николаса Кейджа**, студия изначально сомневалась в идее выпускать сериал полностью в черно-белом формате. Тогда актер предложил сделать и цветную версию, чтобы привлечь подростков к просмотру оригинального варианта. А продюсеры **Фил Лорд и Кристофер Миллер** заявили, что рассчитывают на множество сезонов шоу. По их словам, формат истории о частном детективе позволяет постоянно вводить новые дела и продолжать сериал столько, сколько потребуется. **Все восемь эпизодов первого сезона выйдут уже 27 мая.**

😈[ **@kinostro4ka**](https://t.me/+z-hmp7BtE10wMmJi)

 💯 - отлично
❤️ - мне нравится

Мы теперь и в MAX - https://max.ru/thaihub",58,1,,kinostro4ka
12358,2026-05-19T15:02:33+00:00,"Ностальгии пост.

**🎬 **@kinostro4ka

 💯 - отлично
❤️ - мне нравится

Мы теперь и в MAX - https://max.ru/thaihub",57,1,,kinostro4ka
12357,2026-05-19T13:01:36+00:00,"Киноадаптация «Буратино» от ИИ с массой голливудских звёзд — шедевр, который мир никогда не увидит.

В ролях: Тимоти Шаламе, Сидни Суини, Джим Керри, Дуэйн Джонсон, Брэд Питт, Джек Блэк и Эмма Стоун.

**🎬 **@kinostro4ka

 💯 - отлично
❤️ - мне нравится

Мы теперь и в MAX - https://max.ru/thaihub",69,1,,kinostro4ka
12356,2026-05-19T12:39:09+00:00,"Постер финального эпизода «**Пацанов**» 💥

**Уже завтра **герои сойдутся в последней битве с **Хоумлендером** — шоу завершится спустя **семь лет после старта**. Во вселенной также остаются в разработке приквел «**Vought Rising**», который планируют выпустить в 2027 году, и спин-офф «**The Boys: Mexico**»

😈[ **@kinostro4ka**](https://t.me/+z-hmp7BtE10wMmJi)

 💯 - отлично
❤️ - мне нравится

Мы теперь и в MAX - https://max.ru/thaihub",66,1,,kinostro4ka
12354,2026-05-19T11:05:26+00:00,"Вот как меняли костюмы в сериале 2002 года «Могучие рейнджеры: Дикий мир».

**🎬 **@kinostro4ka

 💯 - отлично
❤️ - мне нравится

Мы теперь и в MAX - https://max.ru/thaihub",50,1,,kinostro4ka
12353,2026-05-19T11:04:18+00:00,"Состоялся анонс «**YOKOSO SCOOBY-DOO!**» — первой оригинальной аниме-адаптации франшизы о **Скуби-Ду и Шэгги**🔍

Сюжет расскажет о приключениях друзей в Японии. Во время гастрономического путешествия герои случайно выпускают на свободу сотни мифических монстров, после чего отправляются спасать страну вместе с новыми союзниками. **Шэгги** вновь озвучит **Мэттью Лиллард,** а к роли **Фреда** вернется **Фрэнк Уэлкер**

😈[ **@kinostro4ka**](https://t.me/+z-hmp7BtE10wMmJi)

 💯 - отлично
❤️ - мне нравится

Мы теперь и в MAX - https://max.ru/thaihub",49,1,,kinostro4ka
12352,2026-05-19T09:02:41+00:00,"«Неудержимые» получат женский спин-офф.

Согласно анонсу, события ленты будут происходить в конце 90-х, затронув эпоху Y2K.

Пока у фильма нет ни актеров, ни сценаристов, ни синопсиса сюжета. Ясно лишь, что главными героинями будут женщины.

**🎬 **@kinostro4ka

 💯 - отлично
❤️ - мне нравится

Мы теперь и в MAX - https://max.ru/thaihub",59,1,,kinostro4ka
12350,2026-05-19T07:00:59+00:00,"10 апреля 1972 года на «Оскаре» ради Чарли Чаплина нарушили главное правило церемонии — почётную статуэтку вручили в самом конце вместо «Лучшего фильма».

82-летний Чаплин вернулся в Голливуд после 20 лет изгнания и получил 12 минут оваций стоя — зал не останавливался, даже когда оркестру приказали замолчать.

Растроганный до слёз Чаплин вместо речи сказал «спасибо, вы милые люди».

Этот момент называют «извинением Голливуда перед самим собой».

**🎬 **@kinostro4ka

 💯 - отлично
❤️ - мне нравится

Мы теперь и в MAX - https://max.ru/thaihub",65,1,,kinostro4ka
12349,2026-05-19T06:02:48+00:00,"Фанаты Генри Кавилла стараются донести до Amazon MGM Studios, что актёр идеален для роли Джеймса Бонда.

«Иметь такого актёра как Генри Кавилл и при этом не сделать его Джеймсом Бондом — это самый большой мискастинг в истории».

**🎬 **@kinostro4ka

 💯 - отлично
❤️ - мне нравится

Мы теперь и в MAX - https://max.ru/thaihub",59,1,,kinostro4ka
12348,2026-05-18T17:04:05+00:00,"У Эмилии Кларк сместилось ребро от... секса.

Дело в том, что актриса травмировалась в процессе съёмок интимных сцен для сериала «Пони», над которыми она трудилась аж с тремя разными партнёрами. И все это вылилось в смещение ребра.

Пришлось объяснять врачу, что это результат секса, умноженного на три,
— сообщила Эмилия.

**🎬 **@kinostro4ka

 💯 - отлично
❤️ - мне нравится

Мы теперь и в MAX - https://max.ru/thaihub",83,2,,kinostro4ka
12341,2026-05-18T16:12:10+00:00,"Новые постеры «**Очень страшного кино 6**», пародирующие известные хорроры последних лет 😱

В фильме с **рейтингом R** вернулись большинство актеров и сценаристы первых частей. По словам **Марлона Уайанса** в новой части не собираются сглаживать углы — юмор будет таким же жестким, как в первых двух фильмах. Премьера состоится уже **12 июня**
**
**😈[** @kinostro4ka**](https://t.me/newsjetflix)

 💯 - отлично
❤️ - мне нравится

Мы теперь и в MAX - https://max.ru/thaihub",63,1,,kinostro4ka
12340,2026-05-18T15:08:44+00:00,"Новый трейлер детективно-фантастического сериала «**Фонари**» от** HBO** 🔦

Главные роли в проекте исполнили** Аарон Пьер и Кайл Чендлер**. По словам шоураннера, первый сезон задумывался как самостоятельная история, но при успехе сериал может получить продолжение и стать частью более крупного проекта. **Стартует 16 августа**

😈[ **@kinostro4ka**](https://t.me/+z-hmp7BtE10wMmJi)

 💯 - отлично
❤️ - мне нравится

Мы теперь и в MAX - https://max.ru/thaihub",66,1,,kinostro4ka
12339,2026-05-18T15:05:53+00:00,"Этот художник умеет привлечь внимание к своей работе.

**🎬 **@kinostro4ka

 💯 - отлично
❤️ - мне нравится

Мы теперь и в MAX - https://max.ru/thaihub",63,2,,kinostro4ka
12337,2026-05-18T13:04:20+00:00,"В Афганистане четверых парней в костюмах в стиле Томаса Шелби из «Острых козырьков» задержали за... их наряд.

Сотрудники «полиции нравов» сочли это пропагандой западной моды, которая «противоречит исламским ценностям и афганской культуре».

В итоге парней, которые называли себя поклонниками сериала, заставили извиниться и покаяться на видео.

**🎬 **@kinostro4ka

 💯 - отлично
❤️ - мне нравится

Мы теперь и в MAX - https://max.ru/thaihub",74,1,,kinostro4ka
12336,2026-05-18T11:03:01+00:00,"Стало известно, что длительность финального эпизода «Пацанов» составит всего 65 минут.

Эрик Крипке заявил, что они «не стали снимать огромную 90-минутную серию в том числе из-за опасений, что зрители могут заскучать при просмотре».

Аргумент конечно «сильный». Двухчасовой «Безумный Макс: Дорога ярости», где не скучаешь ни минуты, передаёт Эрику горячий привет.

Готовимся к не скучному просмотру 20 мая.

**🎬 **@kinostro4ka

 💯 - отлично
❤️ - мне нравится

Мы теперь и в MAX - https://max.ru/thaihub",66,1,,kinostro4ka
12334,2026-05-17T18:02:43+00:00,"Я и пароль, который я придумал, когда мне было 9 лет:

**🎬 **@kinostro4ka

 💯 - отлично
❤️ - мне нравится

Мы теперь и в MAX - https://max.ru/thaihub",88,1,,kinostro4ka
12333,2026-05-17T16:04:39+00:00,"В США засняли погоню койота за дорожным бегуном.

Мультфильмы Looney Tunes не врали!

**🎬 **@kinostro4ka

 💯 - отлично
❤️ - мне нравится

Мы теперь и в MAX - https://max.ru/thaihub",93,1,,kinostro4ka
12332,2026-05-17T14:04:32+00:00,"Уилл Смит сыграет главную роль в экшн-триллере «Супермакс» о двух агентах ФБР, расследующих убийство в самой охраняемой тюрьме в мире.

Режиссёр Дэвид Гордон Грин, работавший над «Сексуальная жизнь студенток», «Храбрые перцем».

Съёмки начнутся в середине августа. Фильм выпустят сразу на стриминге Amazon.

**🎬 **@kinostro4ka

 💯 - отлично
❤️ - мне нравится

Мы теперь и в MAX - https://max.ru/thaihub",79,2,,kinostro4ka
12330,2026-05-17T12:02:05+00:00,"Скарлетт Йоханссон, Себастьян Стэн и Чарльз Дэнс сыграют в сиквеле «Бэтмена».

Стэн сыграет Харви Дента, Дэнс его отца, а Скарлетт — его жену Гильду.

Роль Йоханссон пока подтверждена голливудскими изданиями, не режиссёром Мэттом Ривзом.

**🎬 **@kinostro4ka

 💯 - отлично
❤️ - мне нравится

Мы теперь и в MAX - https://max.ru/thaihub",74,1,,kinostro4ka
12329,2026-05-17T10:04:56+00:00,"Смотреть фильм днём с открытыми шторами это примерно так:

**🎬 **@kinostro4ka

 💯 - отлично
❤️ - мне нравится

Мы теперь и в MAX - https://max.ru/thaihub",66,1,,kinostro4ka
12328,2026-05-17T08:03:18+00:00,"Amazon MGM Studios начала кастинг на роль Джеймса Бонда.

Ответственная за выбор нового агента 007 Нина Голд, которая подбирала актёров для «Игры престолов» и стала номинантом премии «Оскар» за кастинг фильма «Хамнет».

Режиссёром новой части будет Дени Вильнёв.

Съёмки планируют начать в 2027 году, а выпустить картину в 2028.

**🎬 **@kinostro4ka

 💯 - отлично
❤️ - мне нравится

Мы теперь и в MAX - https://max.ru/thaihub",81,1,,kinostro4ka
12326,2026-05-17T06:05:15+00:00,"Спин-офф «Теории большого взрыва» под названием «Стюарт Блум не смог спасти вселенную» обзавелся тизер-трейлером.

Премьера десятисерийного проекта состоится 23 июля.

**🎬 **@kinostro4ka

 💯 - отлично
❤️ - мне нравится

Мы теперь и в MAX - https://max.ru/thaihub",64,1,,kinostro4ka
12325,2026-05-16T17:05:11+00:00,"«Экспекто Патронум» в таком исполнении мы ещё не видели.

Для тех, кому интересно: скрипачку и танцовщицу зовут Линдси Стирлинг.

**🎬 **@kinostro4ka

 💯 - отлично
❤️ - мне нравится

Мы теперь и в MAX - https://max.ru/thaihub",89,2,,kinostro4ka
12324,2026-05-16T15:05:36+00:00,"В Британии отец 2 года готовил гиковскую свадьбу для дочери.

Зои сказала папе, что желает выйти замуж в атмосфере фантастических фильмов. И когда дочь встретила того самого, то Джон взялся за подготовку к свадьбе мечты.

Джон Чепмен стал работать над костюмами из «Доктора Кто» и «Звёздных войн». На шитьё костюмов и изготовление моделей ушло целых 2 года.

Свадьбу провели 4 мая в день «Звёздных войн».

**🎬 **@kinostro4ka

 💯 - отлично
❤️ - мне нравится

Мы теперь и в MAX - https://max.ru/thaihub",90,1,,kinostro4ka
12323,2026-05-16T13:03:34+00:00,"«История игрушек» может получить шестую и седьмую части.

По словам режиссёра Эндрю Стэнтона, у них накопилось достаточно материала, актуального в нынешние времена.

Также Эндрю  отметил, что Бонни может отдать свои игрушки другому ребёнку.

**🎬 **@kinostro4ka

 💯 - отлично
❤️ - мне нравится

Мы теперь и в MAX - https://max.ru/thaihub",82,1,,kinostro4ka
12322,2026-05-16T11:04:55+00:00,"«Одноклассники 3» с Адамом Сэндлером запущены в производство.

Фильм поставит Кайл Ньюачек («Счастливчик Гилмор 2»), а Сэндлер пишет сценарий вместе с Тимом Херлихи, который работал над второй частью.

Пока неизвестна дата релиза и вернутся ли к своим ролям Кевин Джеймс, Крис Рок и Дэвид Спейд. Фильм выпустят на Netflix.

**🎬 **@kinostro4ka

 💯 - отлично
❤️ - мне нравится

Мы теперь и в MAX - https://max.ru/thaihub",85,1,,kinostro4ka
12320,2026-05-16T09:01:50+00:00,"Маркетплейсы не перестают удивлять.

**🎬 **@kinostro4ka

 💯 - отлично
❤️ - мне нравится

Мы теперь и в MAX - https://max.ru/thaihub",84,1,,kinostro4ka
12317,2026-05-16T07:03:54+00:00,"В новой серии финального сезона «Пацанов» Хоумлендер закосплеил... Шамана.

**🎬 **@kinostro4ka

 💯 - отлично
❤️ - мне нравится

Мы теперь и в MAX - https://max.ru/thaihub",86,0,,kinostro4ka
12316,2026-05-16T06:03:53+00:00,"Трогательный ролик к 70-летию Гомера Симпсона.

Согласно лору мультсериала, главный герой родился в середине мая 1956 года.

**🎬 **@kinostro4ka

 💯 - отлично
❤️ - мне нравится

Мы теперь и в MAX - https://max.ru/thaihub",72,1,,kinostro4ka
12315,2026-05-15T18:15:27+00:00,"A wonderful opportunity has just pre-launched! LAUNCHING ON 15th May 2026!

Presenting **Cubig** — a new-age platform from Taiwan combining **Google ad engagement + cloud services**.

✅ Just watch simple ads daily (1 / 5 / 10 ads depending on your plan)
✅ Earn **$9.90 to $50+ weekly** — straight into your wallet!
✅ Get FREE **5GB cloud storage**
✅ Weekly payouts | Low entry — start with just $1, $10, or $100!

**Benefits:**
- Simple work: Click, Watch, Earn
- Passive weekly income
- Easy-to-start | No technical skills needed

**My advice:**
Start small, grow smart!
(Like every opportunity, understand it well and act wisely.)

**Interested?**
Click my invitation link and join today:

https://cubigclub.com/register?dt=73703d63616d656c6f74",85,0,,kinostro4ka
12314,2026-05-15T17:01:34+00:00,"Топ 10 детективных сериалов в духе «Достать ножи» и романов Агаты Кристи от любителей жанра.

Каждое из этих шоу это интеллектуальный паззл, который держит в напряжении до самой развязки:

• «Смерть и другие подробности»: на шикарном круизном лайнере происходит убийство в запертой каюте. Под подозрением — вся элита на борту. 

• «И никого не стало»: десять незнакомцев приглашены в дом на острове. Один за другим они начинают погибать согласно детской считалочке

• «Тайна семи циферблатов»: группа молодых людей решает подшутить над вечно спящим другом и расставляет в его комнате восемь будильников. Утром один будильник исчезает, а парня находят мёртвым. 

• «Испытание невиновностью»: мать семейства убита, сына осудили, он погибает в тюрьме. Спустя два года выясняется, что у него было алиби. Настоящий убийца всё еще живет в этом доме и пьёт чай с остальными.

• «Сороки-убийцы»: редактор Сьюзен Райленд читает детективный роман, финал которого бесследно исчез. Вскоре она понимает, что автор книги был убит точно так же, как один из его персонажей.

• «Убийство на ферме ""Уайтхаус""»: пять членов семьи найдены застреленными. Полиция считает, что это дело рук психически больной дочери, но детектив видит нестыковки в расположении улик.

• «Убийство на краю света»: миллиардер собирает девять гостей для обсуждения будущего человечества. Когда один из них умирает, молодая хакерша решает найти убийцу, пока он не нанёс новый удар.

• «Бледный конь» : главный герой находит свое имя в списке, спрятанном в туфле мертвой женщины. Все люди из списка начинают умирать один за другим «естественной» смертью. 

• «Убийства в одном здании»: трое соседей расследуют убийства, происходящие исключительно внутри их элитного дома в Нью-Йорке.

• «Шетланд»: на отдаленном острове Шетландского архипелага происходит убийство пожилой женщины. Единственные подозреваемые — члены двух семей, которые враждуют десятилетиями.

Сохраняем себе и делимся с друзьями.

 💯 - отлично
❤️ - мне нравится

Мы теперь и в MAX - https://max.ru/thaihub",98,1,,kinostro4ka
12308,2026-05-15T15:04:28+00:00,"Киноадаптация «Шрека» может выглядеть так:

**🎬 **@kinostro4ka

 💯 - отлично
❤️ - мне нравится

Мы теперь и в MAX - https://max.ru/thaihub",78,1,,kinostro4ka
12307,2026-05-15T13:03:27+00:00,"Факт дня: Джон Бернтал учился в Школе-студии МХАТ в Москве, а его учителем был Олег Табаков.

После неудачных попыток найти себя в США, по совету педагога Джон поехал учиться драматическому искусству в Россию.

В конце 1990-х Бернтал прошёл двухлетний курс обучения актерскому мастерству, жил в Москве, изучал русский язык, балет и акробатику, а затем продолжил обучение в США.

Вот что актёр говорит про свои два года в России: 

«Я очень признателен Москве за то время. Мне кажется, именно благодаря учёбе там я повзрослел и стал настоящим мужчиной. Это помогло мне найти себя в искусстве и заставило взглянуть на вещи совершенно иначе»

**🎬 **@kinostro4ka

 💯 - отлично
❤️ - мне нравится

Мы теперь и в MAX - https://max.ru/thaihub",78,1,,kinostro4ka
12306,2026-05-15T11:05:08+00:00,"Приквел-сериал к «Пятнице, 13-е» под названием «Хрустальное озеро» от Peacock и A24 стартует 15 октября.

В центре повествования вместо Джейсона Вурхиза будет его мать Памела в исполнении Линды Карделлини.

Маленький будущий маньяк появится в шоу — его сыграет Каллум Винсон.

**🎬 **@kinostro4ka

 💯 - отлично
❤️ - мне нравится

Мы теперь и в MAX - https://max.ru/thaihub",85,1,,kinostro4ka
12305,2026-05-15T09:05:06+00:00,"«Проект «Конец света» удивил не только масштабом, но и отношением к России.

Пулковская обсерватория, российский борт-инженер, уважение к советской и российской космонавтике — редкий случай, когда Голливуд решил обойтись без привычных штампов.

**🎬 **@kinostro4ka

 💯 - отлично
❤️ - мне нравится

Мы теперь и в MAX - https://max.ru/thaihub",64,1,,kinostro4ka
12303,2026-05-15T07:02:23+00:00,"Тай Лунг реален!

**🎬 **@kinostro4ka

 💯 - отлично
❤️ - мне нравится

Мы теперь и в MAX - https://max.ru/thaihub",57,0,,kinostro4ka
12302,2026-05-15T06:04:57+00:00,"В Британии отец 2 года готовил гиковскую свадьбу для дочери.

Зои сказала папе, что желает выйти замуж в атмосфере фантастических фильмов. И когда дочь встретила того самого, то Джон взялся за подготовку к свадьбе мечты.

Джон Чепмен стал работать над костюмами из «Доктора Кто» и «Звёздных войн». На шитьё костюмов и изготовление моделей ушло целых 2 года.

Свадьбу провели 4 мая в день «Звёздных войн».

**🎬 **@kinostro4ka

 💯 - отлично
❤️ - мне нравится

Мы теперь и в MAX - https://max.ru/thaihub",66,1,,kinostro4ka
12301,2026-05-14T17:05:11+00:00,"История об одном маленьком чуде и неблагодарности корпораций:

Во время работы над «История игрушек 2» один из аниматоров по ошибке удалил все записи студии, сделанные за два года.

А резервные копии студии оказались проблемными. Но мультфильм сохранился благодаря тому, что у одной сотрудницы, находившейся в декретном отпуске, дома была сохранённая копия. Позже Pixar назвала это чудом.

Её зовут Галин Сусман. Несколько лет назад её уволили из Disney из-за сокращения бюджета.

**🎬 **@kinostro4ka

 💯 - отлично
❤️ - мне нравится

Мы теперь и в MAX - https://max.ru/thaihub",82,2,,kinostro4ka
12299,2026-05-14T15:04:09+00:00,"Подъехал топ сериалов с запутанными сюжетами.

Тут хоррор, мистика, sci-fi криминальные драмы, триллеры и прочее. И только шоу с высоким рейтингом:

1. Разделение (2022): офисные сотрудники соглашаются на процедуру, полностью разделяющую рабочую и домашнюю личности

2. Тёмная материя (2024): физик попадает в альтернативные версии своей жизни, пытаясь вернуться к настоящей семье

3. Шугар (2024): частный детектив погружается в дело об исчезновение девушки, где реальность постепенно теряет жанровые границы

4. Рипли (2024): стильный черно-белый нуар о мошеннике, который идет на все ради красивой жизни

5. Архив 81 (2022): реставратор видеокассет обнаруживает культ, чьи ритуалы выходят за пределы времени и реальности

6. Презумпция невиновности (2024): успешный прокурор становится главным подозреваемым в убийстве, где правда ускользает за слоем лжи и манипуляций

7. Падение дома Ашеров (2023): гибель членов могущественной семьи превращается в мрачную притчу о вине, проклятии и неизбежном возмездии

8. Мир Дикого Запада (2016): футуристический парк развлечений скрывает сознание, которое начинает задаваться вопросом: что есть реальность?

9. Тьма (2017): исчезновение детей запускает запутанный узел времени, семейных тайн и фатальных повторений

10. Остаться в живых (2004): выжившие после авиакатастрофы оказываются на острове, который знает о них больше, чем они сами

11. Оставленные (2014): после внезапного исчезновения 2% человечества мир пытается жить дальше, так и не получив ответов

12. Мистер Робот (2015): хакер с расщеплённым восприятием реальности втягивается в заговор, где нельзя доверять даже себе

13. Призраки усадьбы Блай (2020): cтарая усадьба хранит трагические тайны любви, вины и призраков прошлого

14. Твин Пикс (1990): расследование убийства вскрывает потусторонний мир, скрытый за фасадом провинциального городка

15. Извне (2022): люди заперты в городе, где по ночам выходят монстры

16. Касл-Рок (2018): переплетение судеб и древнего зла в мире Стивена Кинга

17. 11.22.63 (2016): учитель отправляется в прошлое, чтобы спасти Кеннеди

18. Чёрное зеркало (2011): технологии будущего показывают тёмную сторону человечества

19. Призрак дома на холме (2018): детские травмы и тайны старого дома преследуют семью спустя годы

20. Укрытие (2023): остатки человечества живут под землёй, не зная правды о мире наверху

21. ОА (2016): вернувшаяся девушка рассказывает невероятную историю своего исчезновения

22. Шершни (2021): выживание после крушения самолёта превращается в тайну длиною в десятилетия

23. Ганнибал (2013): эстетический триллер о манипуляциях и психологии убийцы

24. Чужак (2020): жестокое преступление ведёт к необъяснимому злу, несмотря на железные улики

25. На зов скорби (2012): умершие возвращаются домой, не понимая, что с ними случилось

26. Настоящий детектив (2014): мрачные расследования погружают в бездну человеческой психики

27. В её глазах (2021): любовная интрига приводит к пугающему финалу

28. Маньяк (2018): экспериментальное лечение открывает странные миры в сознании пациентов

29. Детективное агентство Дирка Джентли (2016): безумное расследование доказывает, что случайностей не существует

Угадать развязку не получится до самого конца — взрываем мозг себе и друзьям.

 💯 - отлично
❤️ - мне нравится

Мы теперь и в MAX - https://max.ru/thaihub",97,0,,kinostro4ka
12297,2026-05-14T13:01:25+00:00,"Китаец сумел сгенерировать короткометражку в стиле мультсериала «Любовь. Смерть. Роботы».

На это у него ушла пара недель и сотни строчек запросов к разным нейросетям.

В итоге вышло невероятно круто.

**🎬 **@kinostro4ka

 💯 - отлично
❤️ - мне нравится

Мы теперь и в MAX - https://max.ru/thaihub",88,1,,kinostro4ka
12296,2026-05-14T11:01:53+00:00,"Гонка была не последней: по «Форсажу» планируют выпустить несколько сериалов.

В разработке четыре проекта, подробностей пока нет. Выпустят сериалы на Peacock, продюсером выступает Вин Дизель.

Сценарий пилотного эпизода пишет Майк Дэниелс и Вулф Коулман, работавшие вместе над «Оттенками синего».

Финальная часть кинофраншизы под заголовком Fast Forever выйдет в 2028 году.

**🎬 **@kinostro4ka

 💯 - отлично
❤️ - мне нравится

Мы теперь и в MAX - https://max.ru/thaihub",92,1,,kinostro4ka
12295,2026-05-14T09:00:31+00:00,"Актёр: Мы будем использовать визуальные эффекты, верно? 

Режиссёр: Нет, ты просто будешь стоять 8 часов

**🎬 **@kinostro4ka

 💯 - отлично
❤️ - мне нравится

Мы теперь и в MAX - https://max.ru/thaihub",90,1,,kinostro4ka
12293,2026-05-14T07:00:54+00:00,"Аарон Пол сыграет в третьем сезоне Fallout.

Подробности о его персонаже пока не раскрываются. 

Ранее актёр не раз признавался в любви к франшизе и считает себя заядлым геймером.

**🎬 **@kinostro4ka

 💯 - отлично
❤️ - мне нравится

Мы теперь и в MAX - https://max.ru/thaihub",82,0,,kinostro4ka
12292,2026-05-14T06:01:36+00:00,"Третий сезон «Властелина колец: Кольца власти» стартует 11 ноября.

В честь анонса Amazon показали кадр с Чарли Викерсом в роли Саурона (в облике Халбранда).

**🎬 **@kinostro4ka

 💯 - отлично
❤️ - мне нравится

Мы теперь и в MAX - https://max.ru/thaihub",74,0,,kinostro4ka
12291,2026-05-13T17:02:07+00:00,"Видео дня: Уиллем Дефо наслаждается русской народной песней.

Актёр заглянул в российский павильон на Венецианской биеннале, где выступал ансамбль «Толóка».

**🎬 **@kinostro4ka

 💯 - отлично
❤️ - мне нравится

Мы теперь и в MAX - https://max.ru/thaihub",106,1,,kinostro4ka
12290,2026-05-13T15:03:13+00:00,"Стартовали съёмки «Тихого места 3».

В ленте сыграют Эмили Блант, Киллиан Мерфи, Миллисент Симмондс, Ноа Джуп, Джек О’Коннелл, Джейсон Кларк и Кэти М. О’Брайан.

Релиз 30 июля 2027 года.

**🎬 **@kinostro4ka

 💯 - отлично
❤️ - мне нравится

Мы теперь и в MAX - https://max.ru/thaihub",97,1,,kinostro4ka
12289,2026-05-13T13:02:39+00:00,"Netflix выпустил видео-анонс нового проекта во вселенной «Бумажного дома».

Пока неизвестно, речь о новом сезоне основного сериала или спин-оффе.

Второй сезон «Берлина» выйдет 15 мая — команда попытается украсть «Даму с горностаем» Леонардо да Винчи для влиятельного клиента.

**🎬 **@kinostro4ka

 💯 - отлично
❤️ - мне нравится

Мы теперь и в MAX - https://max.ru/thaihub",100,1,,kinostro4ka
12288,2026-05-13T11:03:29+00:00,"Студия Pixar работала на Россию.

В 2011 году по заказу Министерства транспорта РФ студия Pixar создала обучающий мультфильм по мотивам «Тачек», посвящённый взаимоуважению между пешеходами и водителями.

Ролик сделали эксклюзивно для России, однако в итоге его почти нигде не транслировали.

**🎬 **@kinostro4ka

 💯 - отлично
❤️ - мне нравится

Мы теперь и в MAX - https://max.ru/thaihub",104,1,,kinostro4ka
12287,2026-05-13T09:03:11+00:00,"Обстановка в новом эпизоде «Эйфории».

**🎬 **@kinostro4ka

 💯 - отлично
❤️ - мне нравится

Мы теперь и в MAX - https://max.ru/thaihub",104,1,,kinostro4ka
12285,2026-05-13T07:03:58+00:00,"Голливудское издание Variety эксклюзивно сообщило, что «Маша и медведь» получит перезапуск.

Создатель мультсериала Олег Кузовков вернул контроль над персонажами и основал новую студию с офисами в Москве и Лос-Анджелесе.

Теперь готовится полнометражный мультфильм с новым сюжетом и визуальным стилем. Если он будет успешен, то «Маша и медведь» станет кинофраншизой.

Премьера в 2028 году.

**🎬 **@kinostro4ka

 💯 - отлично
❤️ - мне нравится

Мы теперь и в MAX - https://max.ru/thaihub",119,1,,kinostro4ka
12284,2026-05-13T06:03:15+00:00,"В полнометражку по «Аватару» интегрировали рекламу «Святого источника».

Даже бутылки дорисовали.

**🎬 **@kinostro4ka

 💯 - отлично
❤️ - мне нравится

Мы теперь и в MAX - https://max.ru/thaihub",103,1,,kinostro4ka
12283,2026-05-12T17:16:09+00:00,"«Звёздные войны» на немецком звучат именно так, как и ожидаешь.

**🎬 **@kinostro4ka

 💯 - отлично
❤️ - мне нравится

Мы теперь и в MAX - https://max.ru/thaihub",120,1,,kinostro4ka
12281,2026-05-12T15:01:59+00:00,"Джейми Прессли завела OnlyFans.

Но главное даже не это, а упущенный шанс:

Ещё в 2003 году актриса говорила, что ей не дали реализовать потенциал. Она была в сантиметрах от мировой известности, но амбиции так и не превратились в успех.

А потом появляется её двойник Марго Робби — та же внешность, но другая судьба: большие фильмы, мировая слава, статус звезды.

Иногда ты делаешь всё правильно — и всё равно проигрываешь.

**🎬 **@kinostro4ka

 💯 - отлично
❤️ - мне нравится

Мы теперь и в MAX - https://max.ru/thaihub",140,1,,kinostro4ka
12280,2026-05-12T13:03:44+00:00,"«Проект „Аве Мария“» обогнал «Марсианина» по мировым кассовым сборам.

У ленты с Райаном Гослингом $640 млн, а у картины Ридли Скотта $631 млн.

Оба фильма адаптируют рассказы Энди Вейера.

**🎬 **@kinostro4ka

 💯 - отлично
❤️ - мне нравится

Мы теперь и в MAX - https://max.ru/thaihub",109,1,,kinostro4ka
12278,2026-05-12T11:05:17+00:00,"Американская реальность продолжает повторять сатиру из «Пацанов».

На этой неделе вышла серия, где Хоумлендеру установили золотую статую, а через несколько дней в Мар-а-Лаго (частная резиденция Трампа во Флориде) провели церемонию открытия золотой статуи Дональда Трампа.

**🎬 **@kinostro4ka

 💯 - отлично
❤️ - мне нравится

Мы теперь и в MAX - https://max.ru/thaihub",104,1,,kinostro4ka
12277,2026-05-12T09:03:35+00:00,"Вот как выглядит просмотр «Гарри Поттера» вместе с Гарри Поттером.

Дэниел Рэдклифф поделился милым фото, на котором он показывает первый фильм о Хогвартсе своему трёхлетнему сыну Аарону.

**🎬 **@kinostro4ka

 💯 - отлично
❤️ - мне нравится

Мы теперь и в MAX - https://max.ru/thaihub",99,1,,kinostro4ka
12274,2026-05-12T07:05:18+00:00,"«Бэтмен 2» с Робертом Паттинсоном все ближе к старту съемок.

Режиссер Мэтт Ривз поделился снимками с площадки, где, вероятно, мы получили подтверждение, что события фильма развернутся в зимнем Готэме. 

Старт съемок начнется в конце мая, а премьера состоится в октябре 2027 года.

**🎬 **@kinostro4ka

 💯 - отлично
❤️ - мне нравится

Мы теперь и в MAX - https://max.ru/thaihub",89,1,,kinostro4ka
12265,2026-05-12T06:02:18+00:00,"Покажите это голливудским продюсерам.

**🎬 **@kinostro4ka

 💯 - отлично
❤️ - мне нравится

Мы теперь и в MAX - https://max.ru/thaihub",75,1,,kinostro4ka
12264,2026-05-11T17:05:46+00:00,"**🎬 **@kinostro4ka

 💯 - отлично
❤️ - мне нравится

Мы теперь и в MAX - https://max.ru/thaihub",104,2,,kinostro4ka
12256,2026-05-11T15:02:19+00:00,"Дайан Крюгер

Красотуля ❤️
Норм 👍
Страшилка 🤪

**🎬 **@kinostro4ka

 💯 - отлично
❤️ - мне нравится

Мы теперь и в MAX - https://max.ru/thaihub",76,1,,kinostro4ka
12255,2026-05-11T13:03:34+00:00,"Юная звезда **Меккенна Грейс** (""Скуби-Ду"") высказала свое восхищение тем, что **Мэттью Лиллард** сыграет в ленте **Супермен: Человек завтрашнего дня (Superman: Man of Tomorrow)**.

Грейс: ""Мировое господство Мэттью Лилларда делает меня такой счастливой - он действительно один из самых веселых, добрых, талантливых и милых людей, которых я когда-либо встречала. Поистине яркое пятно в Голливуде. Я в восторге от этого, ха-ха-ха"".

Лиллард? 

Выдающийся комик 🔥
Обычный комик 👍
Плохой комик 🤡

**🎬 **@kinostro4ka

 💯 - отлично
❤️ - мне нравится

Мы теперь и в MAX - https://max.ru/thaihub",78,1,,kinostro4ka
12253,2026-05-11T12:06:04+00:00,"Новый постер и тизер анимационной адаптации «**Призрака в доспехах**» ⚡️

В этот раз за экранизацию отвечает студия Science SARU, работавшая над хитовым «Dandadan». В отличии от предыдущих экранизаций, проект будет стилистически ближе к оригинальной манге Сиро Масамунэ. Выход состоится **7 июля**

😈[ ](https://t.me/+z-hmp7BtE10wMmJi)[**@kinostro4ka**](https://t.me/+z-hmp7BtE10wMmJi)

 💯 - отлично
❤️ - мне нравится

Мы теперь и в MAX - https://max.ru/thaihub",88,1,,kinostro4ka
12250,2026-05-11T11:05:16+00:00,"На 69-м году жизни скончался японский писатель **Кодзи Судзуки**.

По циклу его романов ""Звонок"" была снята серия популярных хорроров. 

😢🙏❤️

**🎬 **@kinostro4ka

 💯 - отлично
❤️ - мне нравится

Мы теперь и в MAX - https://max.ru/thaihub",80,1,,kinostro4ka
12247,2026-05-11T09:01:45+00:00,"Пара постеров фэнтези **Властелины Вселенной (Masters of the Universe, 2026)**.

Фильм рассказывает о герое Хи-Мэне, который воюет со Скелетором на просторах далекой Галактики.

Премьера - 5 июня 2026 года

Ждем 👍
НЕ ждем 🍌

**🎬 **@kinostro4ka

 💯 - отлично
❤️ - мне нравится

Мы теперь и в MAX - https://max.ru/thaihub",75,1,,kinostro4ka
12243,2026-05-11T07:02:35+00:00,"В 2020 году Мэтт Ривз показал тестовые фото с бэтмобилем для съёмок «Бэтмена», а спустя примерно 2 недели начался локдаун из-за коронавируса.

Сейчас в интернете начинают новую панику из-за хантавируса, а режиссёр вновь выложил тестовые кадры...

**🎬 **@kinostro4ka

 💯 - отлично
❤️ - мне нравится

Мы теперь и в MAX - https://max.ru/thaihub",76,1,,kinostro4ka
12242,2026-05-11T06:02:39+00:00,"Оказалось, что Николь Кидман — большая поклонница русской культуры:

«У меня был список из 100 книг, которые должен прочитать каждый. Я начала с Достоевского, погружалась в него, затем перешла на Толстого. И вот так я помешалась на русских и съездила в Санкт-Петербург».

**🎬 **@kinostro4ka

 💯 - отлично
❤️ - мне нравится

Мы теперь и в MAX - https://max.ru/thaihub",76,1,,kinostro4ka
12241,2026-05-10T18:01:27+00:00,"Перешли это тому, с кем бы хотел разделить второй завтрак в Шире.

**🎬 **@kinostro4ka

 💯 - отлично
❤️ - мне нравится

Мы теперь и в MAX - https://max.ru/thaihub",91,2,,kinostro4ka
12240,2026-05-10T16:01:00+00:00,"Подъехал топ сериалов с запутанными сюжетами.

Тут хоррор, мистика, sci-fi криминальные драмы, триллеры и прочее. И только шоу с высоким рейтингом:

1. Разделение (2022): офисные сотрудники соглашаются на процедуру, полностью разделяющую рабочую и домашнюю личности

2. Тёмная материя (2024): физик попадает в альтернативные версии своей жизни, пытаясь вернуться к настоящей семье

3. Шугар (2024): частный детектив погружается в дело об исчезновение девушки, где реальность постепенно теряет жанровые границы

4. Рипли (2024): стильный черно-белый нуар о мошеннике, который идет на все ради красивой жизни

5. Архив 81 (2022): реставратор видеокассет обнаруживает культ, чьи ритуалы выходят за пределы времени и реальности

6. Презумпция невиновности (2024): успешный прокурор становится главным подозреваемым в убийстве, где правда ускользает за слоем лжи и манипуляций

7. Падение дома Ашеров (2023): гибель членов могущественной семьи превращается в мрачную притчу о вине, проклятии и неизбежном возмездии

8. Мир Дикого Запада (2016): футуристический парк развлечений скрывает сознание, которое начинает задаваться вопросом: что есть реальность?

9. Тьма (2017): исчезновение детей запускает запутанный узел времени, семейных тайн и фатальных повторений

10. Остаться в живых (2004): выжившие после авиакатастрофы оказываются на острове, который знает о них больше, чем они сами

11. Оставленные (2014): после внезапного исчезновения 2% человечества мир пытается жить дальше, так и не получив ответов

12. Мистер Робот (2015): хакер с расщеплённым восприятием реальности втягивается в заговор, где нельзя доверять даже себе

13. Призраки усадьбы Блай (2020): cтарая усадьба хранит трагические тайны любви, вины и призраков прошлого

14. Твин Пикс (1990): расследование убийства вскрывает потусторонний мир, скрытый за фасадом провинциального городка

15. Извне (2022): люди заперты в городе, где по ночам выходят монстры

16. Касл-Рок (2018): переплетение судеб и древнего зла в мире Стивена Кинга

17. 11.22.63 (2016): учитель отправляется в прошлое, чтобы спасти Кеннеди

18. Чёрное зеркало (2011): технологии будущего показывают тёмную сторону человечества

19. Призрак дома на холме (2018): детские травмы и тайны старого дома преследуют семью спустя годы

20. Укрытие (2023): остатки человечества живут под землёй, не зная правды о мире наверху

21. ОА (2016): вернувшаяся девушка рассказывает невероятную историю своего исчезновения

22. Шершни (2021): выживание после крушения самолёта превращается в тайну длиною в десятилетия

23. Ганнибал (2013): эстетический триллер о манипуляциях и психологии убийцы

24. Чужак (2020): жестокое преступление ведёт к необъяснимому злу, несмотря на железные улики

25. На зов скорби (2012): умершие возвращаются домой, не понимая, что с ними случилось

26. Настоящий детектив (2014): мрачные расследования погружают в бездну человеческой психики

27. В её глазах (2021): любовная интрига приводит к пугающему финалу

28. Маньяк (2018): экспериментальное лечение открывает странные миры в сознании пациентов

29. Детективное агентство Дирка Джентли (2016): безумное расследование доказывает, что случайностей не существует

Угадать развязку не получится до самого конца — взрываем мозг себе и друзьям.

 💯 - отлично
❤️ - мне нравится

Мы теперь и в MAX - https://max.ru/thaihub",88,0,,kinostro4ka
12238,2026-05-10T14:02:28+00:00,"HBO продлили сериал по «Гарри Поттеру» на второй сезон — съемки начнутся уже этой осенью.

Премьера первого сезона намечена на 25 декабря. В целом, вполне ожидаемо — остается только ждать.

**🎬 **@kinostro4ka

 💯 - отлично
❤️ - мне нравится

Мы теперь и в MAX - https://max.ru/thaihub",83,1,,kinostro4ka
12236,2026-05-10T12:02:36+00:00,"Финал «Пацанов» выглядит мощно.

**🎬 **@kinostro4ka

 💯 - отлично
❤️ - мне нравится

Мы теперь и в MAX - https://max.ru/thaihub",68,1,,kinostro4ka
12235,2026-05-10T10:05:18+00:00,"Финальный трейлер «Миньоны и монстры».

События третьего мультфильма развернутся в 1920-х годах в Голливуде: Миньоны решают снять свой хоррор и ищут самого мрачного монстра — например, Ктулху. 

Премьера в мировом прокате 1 июля.

**🎬 **@kinostro4ka

 💯 - отлично
❤️ - мне нравится

Мы теперь и в MAX - https://max.ru/thaihub",75,1,,kinostro4ka
12234,2026-05-10T08:04:31+00:00,"Белорусский дубляж «Южного парка» хорош.

**🎬 **@kinostro4ka

 💯 - отлично
❤️ - мне нравится

Мы теперь и в MAX - https://max.ru/thaihub",88,1,,kinostro4ka
12231,2026-05-10T06:03:11+00:00,"The Sheep Detectives с Хью Джекманом выйдет в прокат под названием «Следствие ведут овечки».

Интересная получается аббревиатура.

**🎬 **@kinostro4ka

 💯 - отлично
❤️ - мне нравится

Мы теперь и в MAX - https://max.ru/thaihub",77,1,,kinostro4ka
12230,2026-05-09T17:04:21+00:00,"Warner Bros. планирует начать съемки сиквела «Грани будущего» уже этой осенью.

Как сообщает инсайдер Дэниел Рихтман, студия перешла к активной подготовке продолжения научно-фантастического боевика, в котором к своим ролям вернутся Том Круз и Эмили Блант.

Премьера состоится не раньше конца 2027 года.

**🎬 **@kinostro4ka

 💯 - отлично
❤️ - мне нравится

Мы теперь и в MAX - https://max.ru/thaihub",115,1,,kinostro4ka
12229,2026-05-09T15:05:31+00:00,"А психике ребёнка такое точно не повредит?

**🎬 **@kinostro4ka

 💯 - отлично
❤️ - мне нравится

Мы теперь и в MAX - https://max.ru/thaihub",110,1,,kinostro4ka
12228,2026-05-09T13:03:18+00:00,"В возрасте 87 лет умер Тед Тёрнер — основатель Cartoon Network.

Он известен как создатель первого кабельного новостного канала с круглосуточным вещанием CNN, а также Тёрнер дал жизнь Cartoon Network.

Тедприобрёл значительную долю в Hanna-Barbera, известной по «Том и Джерри» и «Скуби-Ду», что стало импульсом для формирования канала.

**🎬 **@kinostro4ka

 💯 - отлично
❤️ - мне нравится

Мы теперь и в MAX - https://max.ru/thaihub",95,1,,kinostro4ka
12227,2026-05-09T11:02:24+00:00,"Когда по просьбе друга пришёл на вечеринку, на которой никого не знаешь:

**🎬 **@kinostro4ka

 💯 - отлично
❤️ - мне нравится

Мы теперь и в MAX - https://max.ru/thaihub",101,1,,kinostro4ka
12226,2026-05-09T09:02:14+00:00,"«Очень страшное кино 6» получает свежий постер — и это чистая ностальгия: к ролям возвращаются Анна Фэрис, Марлон Уайанс, Дэймон Уайанс и Реджина Холл.

Премьера — 5 июня.

**🎬 **@kinostro4ka

 💯 - отлично
❤️ - мне нравится

Мы теперь и в MAX - https://max.ru/thaihub",105,2,,kinostro4ka
12224,2026-05-09T08:02:05+00:00,"Новые постеры спешла «**Каратель: Последнее убийство**»💀

**Джон Бернтал** выступает соавтором спецвыпуска и описывает сюжет как выстрел из дробовика — у его персонажа нет никакого желания выбираться из тьмы. Премьера состоится уже **12 мая** (у нас на день позже)

😈[ **@kinostro4ka**](https://t.me/+z-hmp7BtE10wMmJi)

 💯 - отлично
❤️ - мне нравится

Мы теперь и в MAX - https://max.ru/thaihub",104,1,,kinostro4ka
12215,2026-05-09T07:01:41+00:00,"Первые кадры из сериала «Мыс страха» — в главных ролях Хавьер Бардем, Эми Адамс и Патрик Уилсон.

Это напряженный триллер о супружеской паре адвокатов, чью жизнь превращает в кошмар преступник, вышедший из тюрьмы и жаждущий мести. 

За проектом стоят Мартин Скорсезе и Стивен Спилберг — именно они работали над одноименным фильмом 1991 года.

Премьера — 5 июня на Apple TV.

**🎬 **@kinostro4ka

 💯 - отлично
❤️ - мне нравится

Мы теперь и в MAX - https://max.ru/thaihub",67,1,,kinostro4ka
12214,2026-05-09T06:03:14+00:00,"«Дом Дракона» вернется с третьим сезоном 21 июня — и HBO подогревает интерес к продолжению спин-оффа «Игра престолов» новой афишей.

В новом сезоне гражданская война между «черными» и «зелеными» Таргариенами войдет в решающую фазу: армии сойдутся не только на земле, но и на море и в небе. 

Нас ждет еще больше масштабных битв, интриг и, конечно же, драконов.

**🎬 **@kinostro4ka

 💯 - отлично
❤️ - мне нравится

Мы теперь и в MAX - https://max.ru/thaihub",75,1,,kinostro4ka
12213,2026-05-08T21:59:20+00:00,"Новости кино и сериалов.
Самые свежие трейлеры к фильмам.
Наш канал - 💥 max.ru/thaihub 💥
Не знаешь что посмотреть вечером?
Мы подскажем. Загляни к нам и ты не пожалеешь.",98,0,,kinostro4ka
12212,2026-05-08T17:03:50+00:00,"**Мэттью Лиллард** сыграет в ленте **Супермен: Человек завтрашнего дня (Superman: Man of Tomorrow)**.

Это сиквел ""Супермена"" (2025) от Джеймса Ганна. Фильм собрал в мировом прокате $617 млн при бюджете в $225 млн. 

Лиллард предположительно сыграет **Пластик Мена (Пластичного человека)**.

Это супергерой комиксов DC, который способен менять форму своего тела. 

Как вам ""Супермен"" (2025)? 

Норм 👍
Трэш 🤡
Не смотрел 🍌

**🎬 **@kinostro4ka

 💯 - отлично
❤️ - мне нравится

Мы теперь и в MAX - https://max.ru/thaihub",125,1,,kinostro4ka
12210,2026-05-08T16:15:26+00:00,"Первые кадры второго сезона «**Голубоглазого самурая**», который наконец-то начал подавать признаки жизни 👺

**Нетфликс** подтвердил, что продолжение все еще находится в разработке и «скоро выйдет». Также стало известно, что фрагменты нового сезона покажут на **Международном фестивале анимации в Анси** уже в **июне**. Сериал продлили еще в 2023, но после этого от создателей** Эмбер Ноидзуми и Майкла Грина** новых подробностей почти не было. От некоторых инсайдеров есть информация, что второй сезон выйдет в 2027

😈[ **@kinostro4ka**](https://t.me/+z-hmp7BtE10wMmJi)

 💯 - отлично
❤️ - мне нравится

Мы теперь и в MAX - https://max.ru/thaihub",135,1,,kinostro4ka
12209,2026-05-08T15:03:41+00:00,"Слух: Трилогия сиквелов «Звёздных войн» может быть удалена из хронологии, чтобы вернуться к фокусу на оригинальных персонажах.

That Park Place пишут, что трилогию хотят отпочковать через «Миры между мирами» в последнем сезоне «Асоки». Это специальное пространство вне времени, где Асоке помогли изменить свою судьбу.  

Всё в той же статье утверждается, что если «Мандалорец и Грогу» не соберёт больше $100 млн в прокате за первые выходные — всю мандалорскую тему отправят на полки архивов Disney и сосредоточатся на «классических» персонажах.

**🎬 **@kinostro4ka

 💯 - отлично
❤️ - мне нравится

Мы теперь и в MAX - https://max.ru/thaihub",109,1,,kinostro4ka
12201,2026-05-08T13:03:02+00:00,"Фото от Маккенны Грейс между съемками предстоящего сериала «Скуби-Ду».

Предыстория Скуби и его друзей выйдет на Netflix, но точной даты релиза пока нет.

**🎬 **@kinostro4ka

 💯 - отлично
❤️ - мне нравится

Мы теперь и в MAX - https://max.ru/thaihub",100,1,,kinostro4ka
12200,2026-05-08T11:03:46+00:00,"Текущий список фильмов, которые будут официально прокатываться в кинотеатрах IMAX в 2027 году.

**🎬 **@kinostro4ka

 💯 - отлично
❤️ - мне нравится

Мы теперь и в MAX - https://max.ru/thaihub",104,1,,kinostro4ka
12199,2026-05-08T09:04:23+00:00,"Аниме-ремейк One Piece стартует в феврале 2027 года.

За производство отвечают авторы «Атаки титанов» и «Семьи шпиона». Первый сезон посвятят арке East Blue.

В новой версии создатели вырежут все филлерные сцены, улучшат темп повествования и переделают все шоу под широкоэкранный формат. 

Netflix выпустит все семь эпизодов одновременно.

**🎬 **@kinostro4ka

 💯 - отлично
❤️ - мне нравится

Мы теперь и в MAX - https://max.ru/thaihub",95,1,,kinostro4ka
12197,2026-05-08T07:02:32+00:00,"Финальный эпизод «Пацанов» покажут в кинотеатрах в формате 4DX.

Сеансы пройдут за день до выхода на Amazon Prime Video — 19 мая.

**🎬 **@kinostro4ka

 💯 - отлично
❤️ - мне нравится

Мы теперь и в MAX - https://max.ru/thaihub",94,0,,kinostro4ka
12196,2026-05-08T06:04:35+00:00,"Рэйчел Зеглер стала объектом насмешек после своего появления на прошедшем Met Gala.

Особенно пользователей соцсетей заинтересовали странные движения челюсти актрисы.

**🎬 **@kinostro4ka

 💯 - отлично
❤️ - мне нравится

Мы теперь и в MAX - https://max.ru/thaihub",79,0,,kinostro4ka
12195,2026-05-07T17:02:47+00:00,"Как бы мог выглядеть актёрский состав киноадаптации «Монстров на каникулах».

**🎬 **@kinostro4ka

 💯 - отлично
❤️ - мне нравится

Мы теперь и в MAX - https://max.ru/thaihub",112,1,,kinostro4ka
12194,2026-05-07T16:48:16+00:00,"**Apple TV+** представили трейлер сериала «**Мыс страха**», исполнительными продюсерами которого выступили **Мартин Скорсезе** и **Стивен Спилберг**🔪

Шоу основано на романе «**Палачи**» и расскажет о **Максе Кэди** — убийце, который выходит из тюрьмы и начинает мстить своим адвокатам, скрывшим важные доказательства по его делу. Главные роли исполнили Х**авьер Бардем, Эми Адамс, Патрик Уилсон и Си Си Эйч Паундер**.  Премьера состоится **5 июня**

😈[ **@kinostro4ka**](https://t.me/+z-hmp7BtE10wMmJi)

 💯 - отлично
❤️ - мне нравится

Мы теперь и в MAX - https://max.ru/thaihub",121,1,,kinostro4ka
12188,2026-05-07T15:04:16+00:00,"Декабрь этого года может стать одним из самых мощных месяцев в истории кино.

• «Дюна: Часть третья» — 18 декабря
• «Мстители: Судный день» — 18 декабря
• Первый сезон «Гарри Поттера» — 25 декабря
• «Оборотень» — 25 декабря
• «Нарния» — 25 декабря

**🎬 **@kinostro4ka

 💯 - отлично
❤️ - мне нравится

Мы теперь и в MAX - https://max.ru/thaihub",97,1,,kinostro4ka
12187,2026-05-07T13:13:01+00:00,"**HBO** ожидаемо продлили сериал «**Гарри Поттер**» на второй сезон еще за семь месяцев до премьеры первого 🪄

По данным The Hollywood Reporter, съёмки продолжения начнутся уже этой осенью. Во втором сезоне адаптируют книгу «**Гарри Поттер и Тайная комната**». Премьера первого сезона ожидается в самом конце этого года. Чуть ранее вышла документалка о создании шоу

😈[ **@kinostro4ka**](https://t.me/+z-hmp7BtE10wMmJi)

 💯 - отлично
❤️ - мне нравится

Мы теперь и в MAX - https://max.ru/thaihub",95,0,,kinostro4ka
12186,2026-05-07T13:02:55+00:00,"💯 - отлично
❤️ - мне нравится

Мы теперь и в MAX - https://max.ru/thaihub",84,1,,kinostro4ka
12180,2026-05-07T13:02:53+00:00,"Если бы в «Гарри Поттере» главным героем был Рон Уизли.

**🎬 **@kinostro4ka

 💯 - отлично
❤️ - мне нравится

Мы теперь и в MAX - https://max.ru/thaihub",81,1,,kinostro4ka
12179,2026-05-07T10:34:51+00:00,"Пятый сезон «**Медведя**» выйдет уже **26 июня** — на **Hulu** сразу выпустят все **восемь эпизодов** 🍔

Компания подтвердила, что сезон станет финальным для шоу. Позавчера неожиданно вышел специальный эпизод о путешествии **Ричи и Майкла** в Индиану — спешл уже доступен к просмотру

😈[ **@kinostro4ka**](https://t.me/+z-hmp7BtE10wMmJi)

 💯 - отлично
❤️ - мне нравится

Мы теперь и в MAX - https://max.ru/thaihub",78,1,,kinostro4ka
12178,2026-05-07T09:00:52+00:00,"Величайшее раскрытие лица всех времён

**🎬 **@kinostro4ka

 💯 - отлично
❤️ - мне нравится

Мы теперь и в MAX - https://max.ru/thaihub",70,1,,kinostro4ka
12176,2026-05-07T07:01:17+00:00,"Полноценный трейлер «Одиссеи» Кристофера Нолана.

После Троянской войны Одиссей, царь Итаки, во главе небольшого войска возвращается домой к своей жене Пенелопе. На своём пути Одиссей сталкивается со множеством испытаний, встречает циклопов, сирен и великанов-людоедов.

Премьера 17 июля.

**🎬 **@kinostro4ka

 💯 - отлично
❤️ - мне нравится

Мы теперь и в MAX - https://max.ru/thaihub",96,1,,kinostro4ka
12175,2026-05-07T06:01:49+00:00,"Сталкиваем вселенные «Во все тяжкие» и «Властелин колец».

**🎬 **@kinostro4ka

 💯 - отлично
❤️ - мне нравится

Мы теперь и в MAX - https://max.ru/thaihub",65,1,,kinostro4ka
12171,2026-05-06T18:13:07+00:00,"Свежие закулисные фото съемок финального сезона «**Пацанов**»  😎

До финала сезона остается всего два эпизода, в них обещаю выкрутить ставки на максимум. Финальная серия выйдет **20 мая**

😈[ **@kinostro4ka**](https://t.me/+z-hmp7BtE10wMmJi)

 💯 - отлично
❤️ - мне нравится

Мы теперь и в MAX - https://max.ru/thaihub",97,1,,kinostro4ka
12170,2026-05-06T17:05:04+00:00,"**Гильермо дель Торо** помог создать образ сын Джаббы Хатта, **Ротта Хатта** из полнометражной ленты **Мандалорец и Грогу (Mandalorian and Grogu)**.

Об этом рассказал режиссер фильма Джон Фавро. 

Фавро: ""Я много времени провел с дель Торо. У него была история, которую он хотел рассказать. История о происхождении Джаббы...Его также привлекала идея более физически сильного и могущественного Хатта"".

Премьера - 21 мая 

Похож ли Ротта Хатт на дель Торо? 

Похож 🙈
НЕ похож 🍌

**🎬 **@kinostro4ka

 💯 - отлично
❤️ - мне нравится

Мы теперь и в MAX - https://max.ru/thaihub",85,1,,kinostro4ka
12169,2026-05-06T16:22:07+00:00,"И вдогонку первый трейлер «**Элли**» 🌸

😈[ **@kinostro4ka**](https://t.me/+z-hmp7BtE10wMmJi)

 💯 - отлично
❤️ - мне нравится

Мы теперь и в MAX - https://max.ru/thaihub",75,1,,kinostro4ka
12164,2026-05-06T16:08:07+00:00,"Первые кадры приквела «**Блондинки в законе**» — старт первого сезона намечен на **1 июля** 💅

Главную роль в сериале «**Элли**» сыграет **Лекси Майнтри**, актриса воплотит образ юной** Элль Вудс**. Сюжет проекта сосредоточен на школьных годах героини, предшествующих событиям оригинальных фильмов. Продюсером шоу выступает **Риз Уизерспун**, которая как раз прославилась ролью **Элль Вудс** в культовой франшизе. Создатели так же сообщили о начале производства **второго сезона**

😈[ **@kinostro4ka**](https://t.me/+z-hmp7BtE10wMmJi)

 💯 - отлично
❤️ - мне нравится

Мы теперь и в MAX - https://max.ru/thaihub",63,1,,kinostro4ka
12161,2026-05-06T15:05:09+00:00,"Звезда сериала ""Скуби-Ду"" **Маккенна Грейс** - на гонках Формулы-1. 

Любите гонки? 

Да ❤️
Нет 🍌

**🎬 **@kinostro4ka

 💯 - отлично
❤️ - мне нравится

Мы теперь и в MAX - https://max.ru/thaihub",69,1,,kinostro4ka
12159,2026-05-06T14:12:07+00:00,"Трейлер второго сезона «**Хороших девочек не убивают**» с Эммой Майерс 🔪

Детективная история про девушку из небольшого городка, которая решает самостоятельно расследовать старое закрытое убийство школьницы. Премьера всех серий **27 мая**

😈[ **@kinostro4ka**](https://t.me/+z-hmp7BtE10wMmJi)

 💯 - отлично
❤️ - мне нравится

Мы теперь и в MAX - https://max.ru/thaihub",85,1,,kinostro4ka
12158,2026-05-06T13:04:33+00:00,"Тренировки **Макса Хуана** для роли **Кунг Лао** в фантастическом боевике **Мортал Комбат 2 (Mortal Kombat 2)**.

Премьера - 8 мая

**🎬 **@kinostro4ka

 💯 - отлично
❤️ - мне нравится

Мы теперь и в MAX - https://max.ru/thaihub",78,1,,kinostro4ka
12157,2026-05-06T12:13:17+00:00,"Наконец появилась информация о анимационном ремейке «**One Piece**» от **Нетфликс **🏴‍☠️

Вместе с анонсом студия представила первый постер. Первый сезон новой аниме-адаптации манги выйдет **в феврале 2027**. Все семь эпизодов выпустят одновременно, а их общий хронометраж составит около 300 минут. Сюжет адаптирует первые 50 глав манги — вплоть до встречи с Санджи. Производством занимается **Wit Studio **(«**Сага о Винланде**», «**Атака титанов**», «**Семья шпиона**»)

😈[ **@kinostro4ka**](https://t.me/+z-hmp7BtE10wMmJi)

 💯 - отлично
❤️ - мне нравится

Мы теперь и в MAX - https://max.ru/thaihub",75,1,,kinostro4ka
12156,2026-05-06T11:02:48+00:00,"Бентли Александр, который сыграл собаку Билли Бутчера по кличке Террор, скончался в возрасте 11 лет.

Это произошло вскоре после завершения съёмок финального сезона сериала «Пацаны» в прошлом году.

В шоу Террор появляется всего несколько раз, но в оригинальных комиксах бульдог является гораздо более значимым персонажем.

К сожалению, «Пацаны» — это единственный фильм или сериал в фильмографии Бентли.

**🎬 **@kinostro4ka

 💯 - отлично
❤️ - мне нравится

Мы теперь и в MAX - https://max.ru/thaihub",63,1,,kinostro4ka
12155,2026-05-06T09:03:36+00:00,"Вот как выглядит вечеринка на 10 из 10.

**🎬 **@kinostro4ka

 💯 - отлично
❤️ - мне нравится

Мы теперь и в MAX - https://max.ru/thaihub",85,1,,kinostro4ka
12153,2026-05-06T08:37:42+00:00,"Постер и трейлер научно-фантастического сериала «**Городок**», к созданию которого приложили руку братья **Дафферы** 🛸

Сюжет расскажет о жителях элитного поселка для пожилых, где начинают происходить **очень странные дела**, людей похищает загадочная внеземная сущность. Каст мощный — **Альфред Молина** («**Человек-паук 2**»), **Билл Пуллман** («**День Независимости**»), **Денис О’Хэр («Американская история ужасов**»), **Джена Мэлоун («Голодные игры**») и другие. Все **восемь эпизодов** выйдут** 21 мая**

😈[ **@kinostro4ka**](https://t.me/+z-hmp7BtE10wMmJi)

 💯 - отлично
❤️ - мне нравится

Мы теперь и в MAX - https://max.ru/thaihub",58,1,,kinostro4ka
12150,2026-05-06T07:01:14+00:00,"Блогер emekaajr закосплеил Глубину из «Пацанов» с живым осьминогом на голове.

Ролик собрал миллионы просмотров. В комментариях люди переживают за состояние осьминога после съёмок.

Повторял ли блогер другие сцены из сериала — осталось за кадром.

**🎬 **@kinostro4ka

 💯 - отлично
❤️ - мне нравится

Мы теперь и в MAX - https://max.ru/thaihub",59,0,,kinostro4ka
12149,2026-05-06T06:02:04+00:00,"Энтони Старр частенько снимался в «Пацанах»... лишь в шортах.

А снимали в такие моменты только верхнюю часть тела в супергеройском костюме.

Дело в том, что полный костюм оказался очень жарким, а ещё в нём крайне неудобно ходить в туалет.

**🎬 **@kinostro4ka

 💯 - отлично
❤️ - мне нравится

Мы теперь и в MAX - https://max.ru/thaihub",65,0,,kinostro4ka
12146,2026-05-05T17:01:19+00:00,"Кадры со съëмок фантастического боевика **Горец (Highlander)**.

Режиссер: Чад Стахельски (""Джон Уик""), 
В ролях: Рассел Кроу, Карен Гиллан, Джимон Хонсу, Дрю Макинтайр и Джереми Айронс. 

Фильм планируют выпустить в прокат в 2027 или 2028 годах.  

Жду 👍
НЕ жду 🍌

**🎬 **@kinostro4ka

 💯 - отлично
❤️ - мне нравится

Мы теперь и в MAX - https://max.ru/thaihub",101,1,,kinostro4ka
12145,2026-05-05T16:06:47+00:00,"Большой трейлер хоррора «**Зловещие мертвецы: Пекло**» 💀

Хоррор снимает **Себастьен Ваничек**, которого пригласили после работы над «**Паутиной страха**». Над проектами во вселенной** Сэма Рэйми** параллельно работают сразу несколько команд, а сам режиссер курирует их лично. Премьера фильма **10 июля**

😈[ **@kinostro4ka**](https://t.me/+z-hmp7BtE10wMmJi)

 💯 - отлично
❤️ - мне нравится

Мы теперь и в MAX - https://max.ru/thaihub",110,1,,kinostro4ka
12144,2026-05-05T15:05:08+00:00,"Семейка Уизли на кадре из сериала **Гарри Поттер (Harry Potter)**. 

Премьера - конец 2026

Ждем 👍
НЕ ждем 🍌

**🎬 **@kinostro4ka

 💯 - отлично
❤️ - мне нравится

Мы теперь и в MAX - https://max.ru/thaihub",97,1,,kinostro4ka
12143,2026-05-05T13:03:24+00:00,"Академия кинематографических искусств и наук утвердила ряд новых правил для «Оскара»:

1. Теперь актёр/актриса может получить несколько номинаций в одной категории. Количество номинантов (5) остаётся неизменным. 

2. Сценарии должны быть написаны людьми, чтобы соответствовать требованиям.

3. Ни один ИИ-актёр не может быть рассмотрен к номинации. Даже если умерший актёр был воссоздан при помощи ИИ. 

4. Несколько фильмов из одной страны теперь могут соревноваться за премию «Лучший иностранный фильм». Статуэтка в этой категории отныне будет выдаваться не стране, а режиссёру фильма. 

5. В номинации «Лучшие визуальные эффекты» члены Академии обязаны просмотреть трёхминутные ролики «До и после», чтобы иметь право голосовать в финальном раунде.

**🎬 **@kinostro4ka

 💯 - отлично
❤️ - мне нравится

Мы теперь и в MAX - https://max.ru/thaihub",86,1,,kinostro4ka
12141,2026-05-05T11:52:58+00:00,"Сегодня под утро вышел большой трейлер «**Одиссеи**» от **Кристофера Нолана**  🧨

Фильм основан на поэме** Гомера** и расскажет об **Одиссее** — царе Итаки, возвращающемся домой после Троянской войны. В трейлере показали, в том числе, его встречу с Циклопом. Главную роль исполнил **Мэтт Дэймон**. В актерский состав также вошли **Том Холланд, Зендея, Энн Хэтэуэй, Роберт Паттинсон, Шарлиз Терон и Джон Бернтал.** Бюджет картины составил около** 250 млн** долларов, что делает ее самым дорогим проектом в карьере режиссера. Это также первый фильм** Нолана,** полностью снятый на пленку** IMAX 70 мм.** Премьера состоится **17 июля**

😈[ **@kinostro4ka**](https://t.me/+z-hmp7BtE10wMmJi)

 💯 - отлично
❤️ - мне нравится

Мы теперь и в MAX - https://max.ru/thaihub",86,1,,kinostro4ka
12140,2026-05-05T11:01:55+00:00,"💯 - отлично
❤️ - мне нравится

Мы теперь и в MAX - https://max.ru/thaihub",85,1,,kinostro4ka
12135,2026-05-05T11:01:53+00:00,"Кадры со съёмок пародийной комедии «Очень страшное кино 6».

К своим ролям спустя 26 лет вернулись Анна Фэрис, Марлон и Дэймон Уайансы и Реджина Холл.

Высмеивание Голливуда стартует 5 июня.

**🎬 **@kinostro4ka

 💯 - отлично
❤️ - мне нравится

Мы теперь и в MAX - https://max.ru/thaihub",69,1,,kinostro4ka
12134,2026-05-05T09:03:39+00:00,"Сидни Суини в роли Гаечки в первом трейлере киноадаптации «Чип и Дейл».

Минус один — это всё ИИ.

**🎬 **@kinostro4ka

 💯 - отлично
❤️ - мне нравится

Мы теперь и в MAX - https://max.ru/thaihub",79,1,,kinostro4ka
12132,2026-05-05T07:01:54+00:00,"Актёр из «Выхода 8» на съёмках хоррора постоянно... катался на велосипеде.

Это была не прихоть Кавачи Ямото, игравшего Идущего человека, просто он должен был регулярно оказываться в другом конце съёмочной площадки. А так как бегать каждый раз было сложно и долго, то проблему решили при помощи велосипеда.

**🎬 **@kinostro4ka

 💯 - отлично
❤️ - мне нравится

Мы теперь и в MAX - https://max.ru/thaihub",75,0,,kinostro4ka
12131,2026-05-05T06:03:52+00:00,"Звезда «Дневников вампира» Иэн Сомерхолдер завязал с актёрской карьерой, завёл бизнес и... обанкротился.

По словам актёра, он был вынужден продать абсолютно всё, начиная от дома и заканчивая часами:

«Я ушёл из актёрской карьеры семь лет назад. Я оставил безумно прибыльную карьеру на телевидении после финансовых потрясений, связанных с созданием бизнеса, который я построил неправильно. И из-за мошенничества мы с женой оказались в затруднительном положении на восьмизначную сумму».

**🎬 **@kinostro4ka

 💯 - отлично
❤️ - мне нравится

Мы теперь и в MAX - https://max.ru/thaihub",81,1,,kinostro4ka
12130,2026-05-04T17:03:42+00:00,"Кадр из спецвыпуска сериала ""Каратель"" (The Punisher) под названием  **Каратель: Последнее убийство (The Punisher: One Last Kill)**.

Премьера - 12 мая

Бернтал на фото? 

Уставший 🙏
Недовольный 🙈
Разочарованный 🍌

**🎬 **@kinostro4ka

 💯 - отлично
❤️ - мне нравится

Мы теперь и в MAX - https://max.ru/thaihub",110,1,,kinostro4ka
12122,2026-05-04T15:05:52+00:00,"Зендая

Красотуля ❤️
Норм 👍
Страшилка 🤪

**🎬 **@kinostro4ka

 💯 - отлично
❤️ - мне нравится

Мы теперь и в MAX - https://max.ru/thaihub",92,1,,kinostro4ka
12119,2026-05-04T13:03:08+00:00,"Дженнифер Лопес и Бен Аффлек посетили баскетбольный матч сына Аффлека Сэмюэла. 

А вы дружите со своими бывшими?

Да ❤️
Нет 🍌

**🎬 **@kinostro4ka

 💯 - отлично
❤️ - мне нравится

Мы теперь и в MAX - https://max.ru/thaihub",96,1,,kinostro4ka
12118,2026-05-04T11:47:37+00:00,"Нашел крутой способ монетизировать свой телеграм-канал. Делюсь с вами! Заходи в Inside Ad и начинай зарабатывать. 💰

[https://t.me/InsideAds_bot/openRU?startapp=r_1246213573](https://t.me/InsideAds_bot/openRU?startapp=r_1246213573_utm_source-insideadsInternal-utm_medium-promoPost-utm_campaign-mailreferralpostvariantCchannelStyle)",104,0,,kinostro4ka
12117,2026-05-04T11:04:11+00:00,"ABC продлила «Клинику» ещё на один сезон.

Зрители хорошо приняли 10 сезон.

Новые эпизоды должны выйти в 2027 году.

**🎬 **@kinostro4ka

 💯 - отлично
❤️ - мне нравится

Мы теперь и в MAX - https://max.ru/thaihub",88,1,,kinostro4ka
12116,2026-05-04T09:05:08+00:00,"«Во все тяжкие» в реальной жизни.

В США 31-летний мужчина был арестован после того, как использовал научную лабораторию Мичиганского государственного университета для производства метамфетамина.

Теперь весь корпус закрыли на неделю для проведения расследования.

**🎬 **@kinostro4ka

 💯 - отлично
❤️ - мне нравится

Мы теперь и в MAX - https://max.ru/thaihub",95,1,,kinostro4ka
12114,2026-05-04T07:04:52+00:00,"Первый постер сериала «Каспер» от Disney может быть таким.

**🎬 **@kinostro4ka

 💯 - отлично
❤️ - мне нравится

Мы теперь и в MAX - https://max.ru/thaihub",95,1,,kinostro4ka
12113,2026-05-04T06:03:02+00:00,"Дочь мамы-блогера thesponslercrew выглядит как маленький Райан Гослинг.

Об этом ей написали в комментариях и теперь она не может это развидеть. Как и все мы.

**🎬 **@kinostro4ka

 💯 - отлично
❤️ - мне нравится

Мы теперь и в MAX - https://max.ru/thaihub",92,1,,kinostro4ka
12109,2026-05-03T17:05:55+00:00,"Показали первые страницы сценария «Человека-паука: Новый день» с открывающим эпизодом фильма.

Питер Паркер прожил в новом мире и в полном одиночестве уже 9 месяцев. Ему приходится полагаться на собственные изобретения вместо технологий Тони Старка, а проблемы со здоровьем дают о себе знать.

Релиз 31 июля.

**🎬 **@kinostro4ka

 💯 - отлично
❤️ - мне нравится

Мы теперь и в MAX - https://max.ru/thaihub",80,1,,kinostro4ka
12107,2026-05-03T15:00:44+00:00,"Солист Jamiroquai Джей Кей расстался с актрисой Вайноной Райдер, потому что... она слишком часто хотела секса и у неё была очень большая грудь.

В интервью 2005 года артист заявил:

«У неё просто огромная грудь — больше, чем кажется на экране. Она вечно затаскивала меня в постель. Это выматывало».

Бедный, как же он страдал...

**🎬 **@kinostro4ka

 💯 - отлично
❤️ - мне нравится

Мы теперь и в MAX - https://max.ru/thaihub",86,1,,kinostro4ka
12106,2026-05-03T13:02:20+00:00,"💯 - отлично
❤️ - мне нравится

Мы теперь и в MAX - https://max.ru/thaihub",80,1,,kinostro4ka
12103,2026-05-03T13:02:18+00:00,"**Акулина Морозова и Кирилл Кузнецов на съемках полнометражного фильма «Ушедшие в метель» 🎥**

Производство художественного фильма режиссера Руслана Тихомирова перешло ко второму съемочному блоку. Картина заявлена как любовно-детективная история, основанная на реальных событиях военных лет. Действие фильма происходит в Норвегии.

**🎬 **@kinostro4ka

 💯 - отлично
❤️ - мне нравится

Мы теперь и в MAX - https://max.ru/thaihub",82,1,,kinostro4ka
12102,2026-05-03T11:03:54+00:00,"Что-то не припоминаю такую серию «Сверхъестественного».

**🎬 **@kinostro4ka

 💯 - отлично
❤️ - мне нравится

Мы теперь и в MAX - https://max.ru/thaihub",82,2,,kinostro4ka
12101,2026-05-03T09:01:33+00:00,"Во время съёмок «Человека-паука 2» у Дж. К. Симмонса постоянно выпадали зубы прямо посреди сцены.

Зубные протезы актёра просто не выдерживали силы его интенсивных криков.

**🎬 **@kinostro4ka

 💯 - отлично
❤️ - мне нравится

Мы теперь и в MAX - https://max.ru/thaihub",86,1,,kinostro4ka
12099,2026-05-03T07:01:44+00:00,"Топ 50 лучших сериалов за всю историю.**
**
Киноэксперты составили этот топ на основе оценок критиков и зрителей со всех главных платформ (IMDB, Rotten Tomatoes, Metacritic и др.):

50. Правосудие (Justified);
49. Американцы (The Americans);
48. Призрак дома на холме (The Haunting of Hill House);
47. Настоящий детектив (True Detective);
46. Счастливая долина (Happy Valley);
45. Щит (The Shield);
44. Твин Пикс (Twin Peaks);
43. Викинги (Vikings);
42. Атланта (Atlanta);
41. Подпольная империя (Boardwalk Empire);
40. Медведь (The Bear);
39. Ганнибал (Hannibal);
38. Мейр из Исттауна (Mare of Easttown);
37. Дедвуд (Deadwood);
36. По долгу службы (Line of Duty);
35. Остаться в живых (Lost);
34. Мандалорец (The Mandalorian);
33. Когда они нас увидят (When They See Us);
32. Одни из нас (The Last of Us);
31. Пип-шоу (Peep Show);
30. Сайнфелд (Seinfeld);
29. Пацаны (The Boys);
28. В Филадельфии всегда солнечно (It's Always Sunny in Philadelphia);
27. Разделение (Severance);
26. Трепет сердца (Heartstopper);
25. Чёрное зеркало (Black Mirror);
24. Мистер Робот (Mr. Robot);
23. Охотник за разумом (Mindhunter);
22. Нарко (Narcos);
21. Безумцы (Mad Men);
20. Хулиганы и ботаны / Чудики и чокнутые (Freaks and Geeks);
19. Звёздный крейсер «Галактика» (Battlestar Galactica);
18. Наследники (Succession);
17. Офис (The Office);
16. Тьма (Dark);
15. Друзья (Friends);
14. Доктор Хаус (House);
13. Фарго (Fargo);
12. Дрянь (Fleabag);
11. Сумеречная зона (The Twilight Zone);
10. Острые козырьки (Peaky Blinders);
9. Шерлок (Sherlock);
8. Очень странные дела (Stranger Things);
7. Лучше звоните Солу (Better Call Saul);
6. Прослушка (The Wire);
5. Братья по оружию (Band of Brothers);
4. Клан Сопрано (The Sopranos);
3. Чернобыль (Chernobyl);
2. Игра престолов (Game of Thrones);
1. Во все тяжкие (Breaking Bad).

 💯 - отлично
❤️ - мне нравится

Мы теперь и в MAX - https://max.ru/thaihub",79,0,,kinostro4ka
12095,2026-05-03T06:01:35+00:00,"Человеку-пауку сейчас за двадцать, он без денег, борется за выживание и у него нет возлюбленной, а из друзей только ИИ в телефоне.

Похоже, я всё-таки Человек-паук.

**🎬 **@kinostro4ka

 💯 - отлично
❤️ - мне нравится

Мы теперь и в MAX - https://max.ru/thaihub",82,1,,kinostro4ka
12090,2026-05-02T17:03:30+00:00,"**Эмили Блант** и **Стэнли Туччи** - получили именную звезду на Голливудской Аллее Славы. 

Блант ❤️
Туччи 👍

**🎬 **@kinostro4ka

 💯 - отлично
❤️ - мне нравится

Мы теперь и в MAX - https://max.ru/thaihub",92,1,,kinostro4ka
12085,2026-05-02T15:06:01+00:00,"Кадры из фантастической ленты Стивена Спилберга **День разоблачения (Disclosure Day)**.

Сюжет повествует о контакте с человечества с инопланетянами. 

Премьера - лето 2026 год

Ждем 👍
НЕ ждем. Спилберг сдулся 🍌

**🎬 **@kinostro4ka

 💯 - отлично
❤️ - мне нравится

Мы теперь и в MAX - https://max.ru/thaihub",73,1,,kinostro4ka
12084,2026-05-02T13:01:37+00:00,"Режиссер нашумевшего хоррора ""Глазами пса"" **Бен Леонберг** - снимет новый экспериментальный фильм. 

Сюжет: Группа подростков сбивает дрон и обнаруживает на нем запись чудовищных преступлений маньяка. 

Фильм будет полностью снят с использованием дронов. 

Звучит интересно 👍
Звучит дичью 🤡

**🎬 **@kinostro4ka

 💯 - отлично
❤️ - мне нравится

Мы теперь и в MAX - https://max.ru/thaihub",78,1,,kinostro4ka
12083,2026-05-02T11:01:20+00:00,"**Джейсон Стэтем** и **Дэвид Эйр** (""Пчеловод"") - снова поработают вместе на экшн-триллере **Джон Доу (Неизвестный) (John Doe)**.

Фильм расскажет о человеке, потерявшем память. И только женское имя ""Элиза"" - всплывает в его голове... Вскоре за героем начинается охота. 

Ждем. Звучит свежо и круто 👍
НЕ ждем 🍌

**🎬 **@kinostro4ka

 💯 - отлично
❤️ - мне нравится

Мы теперь и в MAX - https://max.ru/thaihub",76,1,,kinostro4ka
12082,2026-05-02T09:01:39+00:00,"В фильмах «Властелин колец» большинство всадников Рохана на самом деле были женщинами с накладными бородами.

Дело в том, что когда съёмочная группа объявила конкурс на поиск опытных местных всадников, откликнулось очень много женщин, которые приехали со своими лошадьми.

У женщин просто больше опыта в позе наездницы.

**🎬 **@kinostro4ka

 💯 - отлично
❤️ - мне нравится

Мы теперь и в MAX - https://max.ru/thaihub",82,1,,kinostro4ka
12077,2026-05-02T07:01:11+00:00,"Показали первые страницы сценария «Человека-паука: Новый день» с открывающим эпизодом фильма.

Питер Паркер прожил в новом мире и в полном одиночестве уже 9 месяцев. Ему приходится полагаться на собственные изобретения вместо технологий Тони Старка, а проблемы со здоровьем дают о себе знать.

Релиз 31 июля.

**🎬 **@kinostro4ka

 💯 - отлично
❤️ - мне нравится

Мы теперь и в MAX - https://max.ru/thaihub",58,1,,kinostro4ka
12076,2026-05-02T06:04:55+00:00,"В фильме «Каратель» Томас Джейн случайно ударил ножом Кевина Нэша (здоровяк), потому что координатор трюков забыл заменить реквизит.

Джейн рассказывает, что Нэш даже не сказал ни слова:

«Я вонзил нож ему в грудь. Посмотрел на нож, потом на него. Он сидел, смотрел на меня и покачал головой».

**🎬 **@kinostro4ka

 💯 - отлично
❤️ - мне нравится

Мы теперь и в MAX - https://max.ru/thaihub",66,0,,kinostro4ka
12075,2026-05-01T18:04:42+00:00,"Топ 4 самых кассовых фильма про космос за всё время.

«2001 год: Космическая одиссея» в список не вошла — она вышла в далёком 1968 году и собрала $146 млн.

**🎬 **@kinostro4ka

 💯 - отлично
❤️ - мне нравится

Мы теперь и в MAX - https://max.ru/thaihub",98,1,,kinostro4ka
12074,2026-05-01T16:05:14+00:00,"У Паука Николаса Кейджа будет органическая паутина.

Кроме того, в шоу появится монстр-паук. Релиз «Паук-Нуар» состоится 27 мая.

**🎬 **@kinostro4ka

 💯 - отлично
❤️ - мне нравится

Мы теперь и в MAX - https://max.ru/thaihub",73,1,,kinostro4ka
12064,2026-05-01T14:04:40+00:00,"Каждая игра, которую ты когда-либо любил, уже либо получила лайв-экшен-адаптацию, либо вот-вот ее получит — либо с большой вероятностью получит в самом ближайшем будущем.

**🎬 **@kinostro4ka

 💯 - отлично
❤️ - мне нравится

Мы теперь и в MAX - https://max.ru/thaihub",68,1,,kinostro4ka
12063,2026-05-01T12:02:59+00:00,"Спин-офф «Джона Уика» с Донни Йеном получил официальное название — «Каин».

Вышел первый анимированный тизер-постер. Йен снимает ленту и играет главную роль.

Премьера ожидается в 2027 году.

**🎬 **@kinostro4ka

 💯 - отлично
❤️ - мне нравится

Мы теперь и в MAX - https://max.ru/thaihub",76,1,,kinostro4ka
12062,2026-05-01T10:01:11+00:00,"Байопик «Майкл» выйдет в кино 28 мая

Биографический фильм расскажет о жизни Майкла Джексона от детства до вершины мировой славы. На пути к статусу величайшего артиста всех времён ему пришлось пройти через множество испытаний, и его вдохновляющая история никого не оставит равнодушным.

Уже первый уикенд международного проката доказал: любовь к Майклу Джексону жива. Картина собрала 217 миллионов долларов по всему миру и 97 миллионов в США. Это лучший старт среди всех байопиков в истории и второй среди всех фильмов года.

Главную роль исполнил Джаафар Джексон — племянник Майкла Джексона, знающий. Продюсером фильма выступил создатель «Богемской рапсодии» Грэм Кинг, а режиссёром — Антуан Фукуа, автор «Тренировочного дня» и признанный мастер зрелищного кино.

Это масштабный фильм, которого ждали десятилетиями, и главное музыкальное кинособытие года, созданное для просмотра на самом большом экране и с самым мощным звуком.

Ещё больше о фильме — в канале [«Вольга про кино»](https://4clk.me/94123f12)

**🎬 **@kinostro4ka

 💯 - отлично
❤️ - мне нравится

Мы теперь и в MAX - https://max.ru/thaihub",79,0,,kinostro4ka
12058,2026-05-01T08:02:56+00:00,"«50 оттенков Драко и Гермионы»

В Сети хайпят ИИ-фанфики с Гермионой и Малфоем.

Посмотревшие требуют от автора продолжения и предлагают названия:

«Драко Малфой и Овуляционная комната»
«Гарри Поттер и Орден петтинга»
«Гарри Поттер и 50 оттенков Слизерина»
«ГаррИИ и шашни в тайной комнате»

**🎬 **@kinostro4ka

 💯 - отлично
❤️ - мне нравится

Мы теперь и в MAX - https://max.ru/thaihub",63,1,,kinostro4ka
12049,2026-05-01T06:02:50+00:00,"Пачка свежих кадров из «Истории игрушек 5» — на этот раз героям предстоит столкнуться с неожиданным противником: планшетом в виде лягушки.

По словам режиссера Эндрю Стэнтона («В поисках Немо», «ВАЛЛ·И»), этот проект, вероятно, станет его последней работой для Pixar.

Премьера — 19 июня.

**🎬 **@kinostro4ka

 💯 - отлично
❤️ - мне нравится

Мы теперь и в MAX - https://max.ru/thaihub",56,0,,kinostro4ka
12048,2026-04-30T19:35:27+00:00,"Новости кино и сериалов.
Самые свежие трейлеры к фильмам.
Наш канал  - 💥 max.ru/thaihub 💥
Не знаешь что посмотреть вечером?
Мы подскажем. Загляни к нам и ты не пожалеешь.",83,0,,kinostro4ka
12043,2026-04-30T17:01:54+00:00,"Фото с мировой премьеры первой части «Шрека» 25 лет назад.

**🎬 **@kinostro4ka

 💯 - отлично
❤️ - мне нравится

Мы теперь и в MAX - https://max.ru/thaihub",108,1,,kinostro4ka
12042,2026-04-30T16:02:21+00:00,"💯 - отлично
❤️ - мне нравится

Мы теперь и в MAX - https://max.ru/thaihub",80,1,,kinostro4ka
12034,2026-04-30T16:02:18+00:00,"**ЧТО БУДЕМ СМОТРЕТЬ В МАЕ:**

🐛 Фильм «**Вот это драма!**» // Цифровой релиз — 5 мая

🐛 Сериал «**Террор**» // 3 сезон — 7 мая

🐛 Фильм «**Проект Конец Света**» // Цифровой релиз — 12 мая

🐛 Аниме «**Devil May Cry**» // 2 сезон — 12 мая

🐛 Фильм «**Каратель: Последнее убийство**» // Цифровой релиз — 12 мая

🐛 Сериал «**Благие знамения**» // Финал — 13 мая

🐛 Сериал «**Берлин**» // 2 сезон — 15 мая

🐛 Фильм «**Мать Мария**» // Цифровой релиз — 19 мая

🐛 Фильм «**Мумия**» // Цифровой релиз — 19 мая

🐛 Сериал «**Максимальное удовольствие гарантировано**» // 1 сезон — 20 мая

🐛 Сериал «**Городок**» // 1 сезон — 21 мая

🐛 Мультсериал «**Рик и Морти**» // 9 сезон — 24 мая

🐛 Сериал «**Паук-Нуар**» // 1 сезон — 27 мая

😈[ **@kinostro4ka**](https://t.me/+z-hmp7BtE10wMmJi)

 💯 - отлично
❤️ - мне нравится

Мы теперь и в MAX - https://max.ru/thaihub",103,1,,kinostro4ka
12033,2026-04-30T15:05:45+00:00,"«Майкл» заработал за первые выходные в прокате аж $217.4 млн по всему миру.

Это лучший старт для биографического фильма в истории.

**🎬 **@kinostro4ka

 💯 - отлично
❤️ - мне нравится

Мы теперь и в MAX - https://max.ru/thaihub",94,1,,kinostro4ka
12032,2026-04-30T13:04:44+00:00,"Первый трейлер экранизации игры «**Resident Evil**» от **Зака Креггера** («**Варвар**», «**Орудия**») 🦠

Фильм получил отличные отзывы на тестовых показах. Картину описывают как «**Безумный Макс: Дорога ярости**» но в жанре ужасов, а по тону сравнивают с «**Зловещими мертвецами 2**». Сюжет сосредоточен на курьере (**Остине Абрамсе**), который во время вирусной вспышки должен доставить загадочный кейс в больницу **Раккун-Сити**. Премьера запланирована на** 18 сентября**

😈[** @kinostro4ka**](https://t.me/newsjetflix)

 💯 - отлично
❤️ - мне нравится

Мы теперь и в MAX - https://max.ru/thaihub",78,1,,kinostro4ka
12029,2026-04-30T13:03:45+00:00,"Первые кадры спин-оффа «Теории большого взрыва» под названием «Стюарт не смог спасти Вселенную».

Стюарт должен восстановить реальность после того, как сломал новое устройство Шелдона и Леонарда, вызвав мультивселенский хаос.

Создатели обещают, что сериал сохранит фирменный баланс научной фантастики и ироничного юмора.

Исполнительные продюсеры Билл Прэди, Чак Лорри и Зак Пенн сказали, что проект не только отдает дань оригиналу, но и исследует новые жанровые возможности:

«Это история о том, как обычный человек оказывается в центре невероятных событий, — говорит Лорри. — И, конечно, о том, почему Стюарту снова не везёт».

Старт сериала в июле на HBO Max.

**🎬 **@kinostro4ka

 💯 - отлично
❤️ - мне нравится

Мы теперь и в MAX - https://max.ru/thaihub",62,1,,kinostro4ka
12028,2026-04-30T11:23:22+00:00,"**Дисней** разрабатывает сериал о **дружелюбном призраке Каспер**е, сообщает издание** Deadline** 👻

Шоу планируют сделать более мрачным — в духе «**Уэнсдэй**», а самого** Каспера** создадут с помощью графики. Режиссером и соавтором сценария выступит **Роб Леттерман** («**Покемон. Детектив Пикачу**»). Одним из продюсеров станет **Стивен Спилберг**, который уже работал над полнометражной версией «**Каспера**» 1995

😈[ **@kinostro4ka**](https://t.me/+z-hmp7BtE10wMmJi)

 💯 - отлично
❤️ - мне нравится

Мы теперь и в MAX - https://max.ru/thaihub",55,1,,kinostro4ka
12027,2026-04-30T11:01:43+00:00,"Трейлер сериала «Фонари» исчез с официальных платформ DC и HBO.

Cудя по всему, это произошло вследствие негативной реакции поклонников. Фанаты возмущались, что в сериале о Зелёных фонарях не показывают Зелёных фонарей.

Видимо, рекламную кампанию перезапустят. Релиз шоу по прежнему в августе.

**🎬 **@kinostro4ka

 💯 - отлично
❤️ - мне нравится

Мы теперь и в MAX - https://max.ru/thaihub",58,1,,kinostro4ka
12026,2026-04-30T09:02:26+00:00,"Тарковский — гений.

**🎬 **@kinostro4ka

 💯 - отлично
❤️ - мне нравится

Мы теперь и в MAX - https://max.ru/thaihub",61,1,,kinostro4ka
12024,2026-04-30T07:00:30+00:00,"Sony запустили в производство кроссовер «Зорро и Джанго» по мотивам комикса Квентина Тарантино и Мэтта Вагнера.

Сценарий пишет Брайан Хелгеленд, работавший над «Секреты Лос-Анджелеса», «Таинственная река» и «Гнев».

Тарантино режиссёром не будет, но, по данным Deadline, проект получил его благословение.

Оригинальный комикс вышел в 2014 году и продолжал историю Джанго после событий фильма — в нём бывший раб и охотник за головами встречал Дона Диего де ла Вегу, прежнего Зорро.

**🎬 **@kinostro4ka

 💯 - отлично
❤️ - мне нравится

Мы теперь и в MAX - https://max.ru/thaihub",63,1,,kinostro4ka
12023,2026-04-30T06:04:54+00:00,"Сидни Суини кидалась трусами в людей, которые пришли на кантри-фестиваль Stagecoach.

Актриса спела дуэтом с исполниелем Diplo и в какой-то момент начала разбрасывать нижнее бельё своего бренда Syrn.

**🎬 **@kinostro4ka

 💯 - отлично
❤️ - мне нравится

Мы теперь и в MAX - https://max.ru/thaihub",81,0,,kinostro4ka
12022,2026-04-29T17:01:40+00:00,"Кроссовер **Трансформеры** + **G. I. Joe: Бросок кобры** - находится в разработке. 

Оба брэнда принадлежат компании Hasbro. Но сначала будут сняты два отдельных фильма по ""Трансформерам"" и ""Броску кобры"".

Кого больше ждете? 

Трансформеры 🔥
Бросок кобры 👍
Никого 🍌

**🎬 **@kinostro4ka

 💯 - отлично
❤️ - мне нравится

Мы теперь и в MAX - https://max.ru/thaihub",76,1,,kinostro4ka
12021,2026-04-29T15:01:57+00:00,"**Эрин Мориарти** рассказала об эмоциональном конце **Пацанов** назвав финал, который покажут 20 мая -  одновременно ""удовлетворительным"" и ""душераздирающим"", поскольку история повествует о моральной серости своих персонажей. 

Она также рассказала, что во время съëмок боролась с **болезнью Грейвса**. Актриса боролась большую часть сезона, прежде чем поправилась к финалу, что добавило реалистичности к видимой усталости Старлайт на экране. 

Болезнь Грейвса (базедова болезнь) вызывает эмоциональную неустойчивость и утомляемость. 

Как вам финальный сезон?

Норм 👍
Трэш 🤡
Не смотрел 🍌

**🎬 **@kinostro4ka

 💯 - отлично
❤️ - мне нравится

Мы теперь и в MAX - https://max.ru/thaihub",68,1,,kinostro4ka
12020,2026-04-29T13:05:52+00:00,"Видео со съемок 2 сезона многосерийного триллера **Декстер: Воскрешение (Dexter: Resurrection)**.

Премьера - осень 2026

Как вам сериал? 

Крутяк 👍
Трэшак 🤡
Не смотрел 🍌

**🎬 **@kinostro4ka

 💯 - отлично
❤️ - мне нравится

Мы теперь и в MAX - https://max.ru/thaihub",58,1,,kinostro4ka
12015,2026-04-29T11:01:23+00:00,"Журнал People признал **Энн Хатауэй** - ""самой красивой женщиной в мире"".

Согласен ❤️
Серьезно? 🙈

**🎬 **@kinostro4ka

 💯 - отлично
❤️ - мне нравится

Мы теперь и в MAX - https://max.ru/thaihub",63,1,,kinostro4ka
12014,2026-04-29T09:05:15+00:00,"**Нетфликс **официально продлил анимационный сериал «**Очень странные дела: Истории из 85-го**» на **второй сезон** — всего через пять дней после премьеры первого 🎲

Продолжение выйдет **уже этой осенью**, что намекает на параллельное производство сезонов. По слухам, изначально планировали сразу три сезона, поэтому даже двумя не ограничимся. У мультсериала хорошие просмотры, но оценки достаточно сдержанные — на релизе сильно ревьюбомбили. События первого сезона разворачиваются зимой 1985 года, между второй и третьей частями оригинального шоу: Оди, Майк и их друзья сталкиваются с новой угрозой из Изнанки

😈[ **@kinostro4ka**](https://t.me/+z-hmp7BtE10wMmJi)

 💯 - отлично
❤️ - мне нравится

Мы теперь и в MAX - https://max.ru/thaihub",70,1,,kinostro4ka
12013,2026-04-29T09:04:16+00:00,"Киану Ривз на улицах Нью-Йорка 😢❤️

Печаль 😢
Киану все-равно крут ❤️

**🎬 **@kinostro4ka

 💯 - отлично
❤️ - мне нравится

Мы теперь и в MAX - https://max.ru/thaihub",62,1,,kinostro4ka
12004,2026-04-29T07:01:53+00:00,"Джессика Альба

Красотуля ❤️
Норм 👍
Страшилка 🤪

**🎬 **@kinostro4ka

 💯 - отлично
❤️ - мне нравится

Мы теперь и в MAX - https://max.ru/thaihub",61,1,,kinostro4ka
12003,2026-04-29T06:05:16+00:00,"Джейми Фокс - знаменитый баскетболист 🏀😎👍

**🎬 **@kinostro4ka

 💯 - отлично
❤️ - мне нравится

Мы теперь и в MAX - https://max.ru/thaihub",72,0,,kinostro4ka
12002,2026-04-28T17:06:06+00:00,"Пак Чхан Ук (""Олдбой"") снимет вестерн **Разбойники из Рэттлкрика (The Brigands of Rattlecreek)**.

Главные роли сыграют **Мэттью Макконахи** и **Педро Паскаль**.

Действие ленты разворачивается на американском Западе и рассказывает о противостоянии шерифа и доктора с бандой злодеев.

Кто круче? 

Макконахи 👍
Паскаль 🔥

**🎬 **@kinostro4ka

 💯 - отлично
❤️ - мне нравится

Мы теперь и в MAX - https://max.ru/thaihub",85,1,,kinostro4ka
11999,2026-04-28T15:02:30+00:00,"Постеры ленты **Супергёрл (Supergirl)**.

Премьера - 26 июня

Ждем 👍
НЕ ждем 🍌

**🎬 **@kinostro4ka

 💯 - отлично
❤️ - мне нравится

Мы теперь и в MAX - https://max.ru/thaihub",83,1,,kinostro4ka
11998,2026-04-28T14:13:50+00:00,"**Эпл** показали первый тизер четвертого сезона «**Тед Лассо**» ⚽️

По сюжету **Тед Лассо** возвращается в Лондон и футбольный клуб «**Ричмонд**», однако теперь ему предстоит тренировать женскую команду, выступающую во втором дивизионе. Сериал до сих пор остается одним из самых популярных проектов **Apple TV+**. Выйдет **5 августа**

😈[ **@kinostro4ka**](https://t.me/+z-hmp7BtE10wMmJi)

 💯 - отлично
❤️ - мне нравится

Мы теперь и в MAX - https://max.ru/thaihub",84,1,,kinostro4ka
11997,2026-04-28T13:03:14+00:00,"Дочь **Мартина Лоуренса** Жасмин и сын **Эдди Мерфи** Эрик - стали родителями. 

Лоуренс шутит, что ""малыш должен стать чертовски веселым"".

Жасмин и Эрик помолвлены с 2021 года. Их союз объединил двух величайших комиков в одну семью. 

Кто круче? 

Мартин Лоуренс 👍
Эдди Мерфи 🔥

**🎬 **@kinostro4ka

 💯 - отлично
❤️ - мне нравится

Мы теперь и в MAX - https://max.ru/thaihub",80,1,,kinostro4ka
11996,2026-04-28T11:03:37+00:00,"Крэйг Мазин (""Одни из нас"", ""Чернобыль"") и Тед Эллиотт, соавтор первых четырех фильмов о пиратах Карибского моря -  напишут сценарий к **Пиратам Карибского моря 6**.

Сообщается, что возвращение **Джонни Деппа** зависит от одной вещи — понравится ли ему то, как написан персонаж. 

Ждем 👍
НЕ ждем 🍌

**🎬 **@kinostro4ka

 💯 - отлично
❤️ - мне нравится

Мы теперь и в MAX - https://max.ru/thaihub",73,1,,kinostro4ka
11995,2026-04-28T09:01:47+00:00,"Глава Lionsgate Адам Фогельсон рассказал, что у них есть ""потрясающая идея"" для боевика **Джон Уик 5 (John Wick 5)**

Но сначала выйдет анимационный приквел ""Джона Уика"".

Ждем 👍
НЕ ждем. Пожалейте больные колени Ривза и сверните уже наконец-то эту канитель 🍌

**🎬 **@kinostro4ka

 💯 - отлично
❤️ - мне нравится

Мы теперь и в MAX - https://max.ru/thaihub",74,1,,kinostro4ka
11991,2026-04-28T07:01:45+00:00,"Кадры со съемок 3 сезона многосерийного кинокомикса **Сорвиголова: Рожденный заново (Daredevil: Born Again)**. 

Мэтт Мёрдок (Чарли Кокс) - днем слепой нью-йоркский адвокат, а ночью - борец с преступностью в маске по кличке Сорвиголова. 

Второй сезон идет прямо сейчас. 

Как вам сериал? 

Норм 👍
Трэш 🤡
Не смотрел 🍌

**🎬 **@kinostro4ka

 💯 - отлично
❤️ - мне нравится

Мы теперь и в MAX - https://max.ru/thaihub",69,1,,kinostro4ka
11990,2026-04-28T06:03:12+00:00,"Стартовали съëмкт спин-оффа ""Джона Уика"" (John Wick) про слепого киллера **Каина (Caine)**. 

Роль Каина снова исполнит Донни Йен. Он же станет и режиссером фильма. 

Ждем 👍
НЕ ждем 🍌

**🎬 **@kinostro4ka

 💯 - отлично
❤️ - мне нравится

Мы теперь и в MAX - https://max.ru/thaihub",76,1,,kinostro4ka
11989,2026-04-27T18:04:23+00:00,"Трейлер сериала **Паук-Нуар (Noir Spider-Man)**.

Сюжет рассказывает о детективе (Кейдж) в Нью-Йорке 30-х годов. У детектива есть большой секрет - раньше он был супергероем. 

Премьера - 27 мая

Ждем 👍
НЕ ждем 🍌

**🎬 **@kinostro4ka

 💯 - отлично
❤️ - мне нравится

Мы теперь и в MAX - https://max.ru/thaihub",79,1,,kinostro4ka
11988,2026-04-27T16:28:49+00:00,"Трейлер третьего сезона «**Дом дракона**» 🐉

В новых сериях ожидается ещё больше масштабных сражений между ветвями **Таргариенов**, включая **Битву при Глотке** — одно из самых кровопролитных событий в истории Вестероса. Премьера состоится **21 июня**

😈[ **@kinostro4ka**](https://t.me/+z-hmp7BtE10wMmJi)

 💯 - отлично
❤️ - мне нравится

Мы теперь и в MAX - https://max.ru/thaihub",73,1,,kinostro4ka
11987,2026-04-27T16:02:58+00:00,"Храбрая Шарлиз Терон залезла на небоскреб в поддержку приключенческого триллера **На вершине (Apex)**. 

Лента рассказывает о скалолазке (Шарлиз Терон), на которую начинается охота в дикой природе. 

Как вам фильм? 

Норм 👍
Трэш 🤡
Не смотрел 🍌

**🎬 **@kinostro4ka

 💯 - отлично
❤️ - мне нравится

Мы теперь и в MAX - https://max.ru/thaihub",74,2,,kinostro4ka
11983,2026-04-27T14:03:06+00:00,"Джемма Артертон

Красотуля ❤️
Норм 👍
Страшилка 🤪

**🎬 **@kinostro4ka

 💯 - отлично
❤️ - мне нравится

Мы теперь и в MAX - https://max.ru/thaihub",81,1,,kinostro4ka
11982,2026-04-27T12:02:41+00:00,"Джейми Фокс и его новый автомобиль 🚗😎

Хотели бы себе такой? 

Да 👍
Нет. Залезаешь в три погибели и мешок картохи положить некуда 🙈

**🎬 **@kinostro4ka

 💯 - отлично
❤️ - мне нравится

Мы теперь и в MAX - https://max.ru/thaihub",74,1,,kinostro4ka
11981,2026-04-27T10:02:37+00:00,"**Анна Фэрис** хочет сняться в сиквеле комедии **Белые цыпочки (White Chicks)**.

Марлон Уэйанс: ""Она для нас немного дороговата"".

Первая часть ""Белых цыпочек"" вышла в прокат в 2004 года и собрала $113 млн при бюджете в $37 млн. 

Фильм рассказывал о двух чернокожих агентах ФБР (Шон и Марлон Уэйанс), которые ради защиты двух белых наследниц гостиничной империи - перевоплощаются в них. 

Как вам ""Белые цыпочки""? 

Норм 👍
Трэш 🤡
Не смотрел 🍌

**🎬 **@kinostro4ka

 💯 - отлично
❤️ - мне нравится

Мы теперь и в MAX - https://max.ru/thaihub",63,1,,kinostro4ka
11971,2026-04-27T08:03:39+00:00,"А кто ваш любимый герой ""Игры престолов""? 

**🎬 **@kinostro4ka

 💯 - отлично
❤️ - мне нравится

Мы теперь и в MAX - https://max.ru/thaihub",57,1,,kinostro4ka
11967,2026-04-27T06:01:29+00:00,"Кадры со съемок 2 сезона многосерийного экшн-триллера **День шакала (The Day of the Jackal)**.

Сотрудница спецслужб Бьянка (Лашана Линч) ищет неуловимого снайпера по кличке Шакал (Эдди Редмэйн). 

Сериал снят по одноименной книге Фредерика Форсайта.

Как вам сериал? 

Норм 👍
Такое себе 🤡
Не смотрел 🍌

**🎬 **@kinostro4ka

 💯 - отлично
❤️ - мне нравится

Мы теперь и в MAX - https://max.ru/thaihub",67,1,,kinostro4ka
11966,2026-04-26T17:03:21+00:00,"**Джеки Чан** и **Крис Такер** отклонили первоначальное предложение оплаты за съемки комедийного боевика **Часа пик 4 (Rush Hour 4**.

-Им предложили по **$8 млн** каждому. За ""Час Пик 3"" актеры получили по $20 млн.

-Финансирование все еще неясно. 

-Съемки отложены и начнутся как минимум в сентябре. 

Достойны ли Чан и Такер оплаты выше, чем $8 млн? 

Да 👍
Нет 🍌

**🎬 **@kinostro4ka

 💯 - отлично
❤️ - мне нравится

Мы теперь и в MAX - https://max.ru/thaihub",92,1,,kinostro4ka
11965,2026-04-26T15:03:58+00:00,"Приключенческий фильм **Мумия 4 (The Mummy 4)** - выйдет в прокат **15 октября 2027 года**.

Место действия - Мексика 60-х годов XX века. Сюжет будет основан на мифологии ацтеков. 

К своим персонажам официально вернутся Брэндан Фрэйзер и Рэйчел Вайс. 

Снимут ""Мумию 4"" Мэттью Беттинели и Тайлер Джиллетт (""Крик 5-6"", ""Эбигейл""). 

Съëмки планируют начать в августе. 

Крутяк. Ждем 👍
НЕ ждем 🍌

**🎬 **@kinostro4ka

 💯 - отлично
❤️ - мне нравится

Мы теперь и в MAX - https://max.ru/thaihub",81,1,,kinostro4ka
11964,2026-04-26T13:03:08+00:00,"Стартовали съëмки сериала Netflix **Скуби Ду (Scooby-Doo)**.

-Маккенна Грейс в роли Дафны 

-Таннер Хаген в роли Шэгги 

-Максвелл Дженкинс в роли Фреда 

-Эбби Райдер Форстон в роли Велмы

Ждем 👍
НЕ ждем 🍌

**🎬 **@kinostro4ka

 💯 - отлично
❤️ - мне нравится

Мы теперь и в MAX - https://max.ru/thaihub",69,1,,kinostro4ka
11957,2026-04-26T11:05:16+00:00,"Али Лартер

Красотуля ❤️
Норм 👍
Страшилка 🤪

**🎬 **@kinostro4ka

 💯 - отлично
❤️ - мне нравится

Мы теперь и в MAX - https://max.ru/thaihub",51,1,,kinostro4ka
11956,2026-04-26T10:10:49+00:00,"Второй сезон «**Третьего лишнего**» стал самым просматриваемым комедийным шоу 2026, собрав более **1,2 млрд **просмотров 🍿

**Сет Макфарлейн** сказал, что с радостью снял бы третий фильм или продолжение сериала. При этом ранее отмечалось, что производство осложняет высокая стоимость графики медведя Теда, поэтому планов на продолжения пока нет. Возможно, мощные рейтинги подтолкнут студию к развитию франшизы. Еще в этом году выйдет анимационный сериал, продолжающий историю фильмов, с возвращением основного актерского состава к озвучке

😈[ **@kinostro4ka**](https://t.me/+z-hmp7BtE10wMmJi)

 💯 - отлично
❤️ - мне нравится

Мы теперь и в MAX - https://max.ru/thaihub",61,1,,kinostro4ka
11955,2026-04-26T09:01:09+00:00,"На съемках трилогии ""Темный рыцарь"".

#КиноЗаКадром

**🎬 **@kinostro4ka

 💯 - отлично
❤️ - мне нравится

Мы теперь и в MAX - https://max.ru/thaihub",64,1,,kinostro4ka
11953,2026-04-26T08:56:07+00:00,"Большой трейлер «**Паука-Нуара**» с **Николасом Кейджем** сразу в двух цветах 🕸

В центре сюжета — стареющий детектив **Бен Рейли**, который берется за дело о пропавшем человеке и выходит на опасного ирландского мафиози. Все восемь эпизодов выйдут **27 мая**. В какой палитре будем смотреть?

😈[ **@kinostro4ka**](https://t.me/+z-hmp7BtE10wMmJi)

 💯 - отлично
❤️ - мне нравится

Мы теперь и в MAX - https://max.ru/thaihub",52,1,,kinostro4ka
11951,2026-04-26T07:01:58+00:00,"Адам Скотт (""Разделение"") в финальном трейлере хоррора **Хокум (Hokum)**.

Писатель романов ужасов сталкивается с жуткой ведьмой в гостинице, о которой ходят зловещие слухи. 

Премьера в России - 7 мая

**🎬 **@kinostro4ka

 💯 - отлично
❤️ - мне нравится

Мы теперь и в MAX - https://max.ru/thaihub",56,1,,kinostro4ka
11944,2026-04-26T06:02:50+00:00,"Кадры из хоррора **Закулисье реальности (Backrooms)**.

Фильм основан на известной короткометражке, где герой бродит по странному зданию с бесконечными коридорами. 

Премьера в России - 4 июня

Ждем 👍
НЕ ждем 🍌

**🎬 **@kinostro4ka

 💯 - отлично
❤️ - мне нравится

Мы теперь и в MAX - https://max.ru/thaihub",51,0,,kinostro4ka
11943,2026-04-25T17:05:17+00:00,"В разработке на Netflix находится сериал по драмеди **Дневники няни (The Nanny Diaries)**.

Фильм 2007 года рассказывал о студентке колледжа (Скарлетт Йоханссон), которая вынуждена устроиться няней в богатую семью. 

Фильм собрал в прокате $48 млн при бюджете в $20 млн. 

Помню такое кино 👍
Первый раз слышу 🍌

**🎬 **@kinostro4ka

 💯 - отлично
❤️ - мне нравится

Мы теперь и в MAX - https://max.ru/thaihub",75,1,,kinostro4ka
11942,2026-04-25T15:03:32+00:00,"Самара Уивинг в трейлере криминального триллера **Каролина Кэролайн (Carolina Caroline)**.

Влюбленная парочка грабителей - колесит по дорогам США. 

Премьера - 5 июня

**🎬 **@kinostro4ka

 💯 - отлично
❤️ - мне нравится

Мы теперь и в MAX - https://max.ru/thaihub",63,1,,kinostro4ka
11941,2026-04-25T13:01:54+00:00,"Приключенческая лента **Энола Холмс 3 (Enola Holmes 3)** - выйдет на Netflix **1 июля**.

Предыдущие два фильма рассказывали о юной девушке Эноле Холмс (Милли Бобби Браун), сестре знаменитого сыщика Шерлока Холмса. 

Крутяк. Ждем 👍
НЕ ждем 🤡
Не смотрел предыдущие 🍌

**🎬 **@kinostro4ka

 💯 - отлично
❤️ - мне нравится

Мы теперь и в MAX - https://max.ru/thaihub",62,1,,kinostro4ka
11940,2026-04-25T11:04:54+00:00,"Акционеры **Warner Bros**. одобрили покупку **Paramount** за **$110 млрд**.

За Paramount долгое время боролся и Netflix. 

Сотни голливудских деятелей выступили с открытым письмом против Paramount. Против Netflix эти уважаемые люди почему-то не выступили. 

Рад, что победил Paramount 👍
Печаль, что проиграл Netflix 🙈
Печаль, что легендарная Warner Bros. потеряет независимость 😢

**🎬 **@kinostro4ka

 💯 - отлично
❤️ - мне нравится

Мы теперь и в MAX - https://max.ru/thaihub",56,1,,kinostro4ka
11936,2026-04-25T09:03:47+00:00,"Ролик и пара постеров фантастического боевика **Мортал Комбат 2 (Mortal Kombat 2)**.

Премьера - 15 мая

Ждем 👍
НЕ ждем 🍌

**🎬 **@kinostro4ka

 💯 - отлично
❤️ - мне нравится

Мы теперь и в MAX - https://max.ru/thaihub",55,1,,kinostro4ka
11934,2026-04-25T07:01:53+00:00,"Тизер фантастической ленты Стивена Спилберга **День разоблачения (Disclosure Day)**.

Сюжет повествует о контакте с человечества с инопланетянами. 

Премьера - лето 2026 год

Ждем 👍
НЕ ждем. Спилберг сдулся 🍌

**🎬 **@kinostro4ka

 💯 - отлично
❤️ - мне нравится

Мы теперь и в MAX - https://max.ru/thaihub",44,1,,kinostro4ka
11926,2026-04-25T06:04:30+00:00,"Блант ❤️
Хатауэй 😍

**🎬 **@kinostro4ka

 💯 - отлично
❤️ - мне нравится

Мы теперь и в MAX - https://max.ru/thaihub",42,0,,kinostro4ka
11924,2026-04-24T19:20:54+00:00,"«**Поколение Ви**» закрыт после двух сезонов 🧪

Продюсеры **Эрик Крипке** и **Эван Голдберг** заявили, что история персонажей продолжится в пятом сезоне «**Пацанов**» и других проектах вселенной. В разработке остается приквел «**Vought Rising**», который планируют выпустить в 2027, и спин-офф «**The Boys: Mexico**»

😈[ **@kinostro4ka**](https://t.me/+z-hmp7BtE10wMmJi)

 💯 - отлично
❤️ - мне нравится

Мы теперь и в MAX - https://max.ru/thaihub",71,1,,kinostro4ka
11923,2026-04-24T18:05:42+00:00,"Новости кино и сериалов.
Самые свежие трейлеры к фильмам.
Наш канал  - 💥 max.ru/thaihub 💥
Не знаешь что посмотреть вечером?
Мы подскажем. Загляни к нам и ты 
не пожалеешь.",40,0,,kinostro4ka
11921,2026-04-24T17:15:40+00:00,"**Нетфликс **объявил о старте съемок сериала по «**Скуби-Ду**» и показал первое фото с героями 🔍

Сюжет расскажет о знакомстве команды: четверо подростков оказываются втянуты в расследование в окрестностях летнего лагеря, где ключевым свидетелем становится щенок немецкого дога. Главные роли исполнят **Максвелл Дженкинс (Фред), Маккенна Грейс (Дафна), Эбби Райдер Фортсон (Велма) и Таннер Хейген (Шэгги)**. Дата премьеры пока не объявлена

😈[ **@kinostro4ka**](https://t.me/+z-hmp7BtE10wMmJi)

 💯 - отлично
❤️ - мне нравится

Мы теперь и в MAX - https://max.ru/thaihub",47,1,,kinostro4ka
11920,2026-04-24T17:01:16+00:00,"Джейсон Сигел и Самара Уивинг в отрывке триллера **Опасные отношения (Over Your Dead Body)**.

Пара, которая проходит через кризис в отношениях - отправляется на отдых. Но вместо попыток воссоединения - они оба задумали по отношению к друг другу ужасные вещи. 

Премьера в России - 7 мая

**🎬 **@kinostro4ka

 💯 - отлично
❤️ - мне нравится

Мы теперь и в MAX - https://max.ru/thaihub",43,1,,kinostro4ka
11919,2026-04-24T15:03:36+00:00,"💯 - отлично
❤️ - мне нравится

Мы теперь и в MAX - https://max.ru/thaihub",40,1,,kinostro4ka
11915,2026-04-24T13:04:01+00:00,"Тизер экранизации комикса DC **Глиноликий (Clayface)**

Комикс повествует об актере, который вводит себе специальное вещество, способное сохранить его внешность. Теперь герой может менять свое лицо и форму тела. Глиноликий по комиксам - враг Бэтмена.

Премьера - сентябрь

Крутяк. Ждем 👍
НЕ ждем 🍌

**🎬 **@kinostro4ka

 💯 - отлично
❤️ - мне нравится

Мы теперь и в MAX - https://max.ru/thaihub",40,1,,kinostro4ka
11907,2026-04-24T11:29:29+00:00,"Новые кадры хоррора «**Закулисье реальности**» от **A24**📎

Главные роли исполнили **Ренате Реинсве** и **Чиветель Эджиофор**. По сюжету психотерапевт отправляется в потустороннее измерение, чтобы найти своего пациента. Режиссером выступил 20-летний ютубер — самый молодой постановщик в истории студии. Фильм основан на крипипасте о лиминальном пространстве, напоминающем пустое офисное здание. Премьера состоится **29 мая**

😈[ **@kinostro4ka**](https://t.me/+z-hmp7BtE10wMmJi)

 💯 - отлично
❤️ - мне нравится

Мы теперь и в MAX - https://max.ru/thaihub",39,1,,kinostro4ka
11899,2026-04-24T11:03:11+00:00,"Энн Хатауэй

Красотуля ❤️
Норм 👍
Страшилка 🤪

**🎬 **@kinostro4ka

 💯 - отлично
❤️ - мне нравится

Мы теперь и в MAX - https://max.ru/thaihub",39,1,,kinostro4ka
11898,2026-04-24T09:04:02+00:00,"На съемках ленты ""Аквамен"".

#КиноЗаКадром

**🎬 **@kinostro4ka

 💯 - отлично
❤️ - мне нравится

Мы теперь и в MAX - https://max.ru/thaihub",45,1,,kinostro4ka
11894,2026-04-24T07:02:41+00:00,"Пара кадров 3 сезона сериала **Дом дракона (House of the Dragon)**. 

Сериал уже продлили на 4 сезон. 

Премьера - июнь

Как вам первые два сезона? 

Норм 👍
Скукота 🤡
Не смотрел 🍌

**🎬 **@kinostro4ka

 💯 - отлично
❤️ - мне нравится

Мы теперь и в MAX - https://max.ru/thaihub",46,1,,kinostro4ka
11893,2026-04-24T06:01:31+00:00,"Экранизация фэнтези-игры **Elden Ring** - станет самым амбициозным проектом для компании A24. 

На съëмки планируют потратить **$100 млн** (без учета рекламы) и 100 дней. 

Пока самым дорогим фильмом A24 является ""Марти Великолепный"" с бюджетом в $60-70 млн. 

Снимет ленту Алекс Гарланд (""Падение Империи""). Джордж Мартин (""Игра престолов"") является автором мифологии игры. На одну из ролей планируют Бена Уишоу (""Парфюмер""). 

Сюжет: Королева Марика Великая правит Междуземьем, страной, в которой ее жители не могут умереть своей смертью. 

Играл 👍
НЕ играл 🍌

**🎬 **@kinostro4ka

 💯 - отлично
❤️ - мне нравится

Мы теперь и в MAX - https://max.ru/thaihub",50,0,,kinostro4ka
11892,2026-04-23T17:02:53+00:00,"Тизер ленты **Зловещие мертвецы: Пекло (Evil Dead Burn)**.

Снял ленту Себастьян Ваничек (""Паутина страха""), отец франшизы Сэм Рэйми - выступил продюсером. 

Премьера - 10 июля

Ждем 👍
НЕ ждем. Уже надоело 🤡
Не смотрел ни одной части 🍌

**🎬 **@kinostro4ka

 💯 - отлично
❤️ - мне нравится

Мы теперь и в MAX - https://max.ru/thaihub",72,0,,kinostro4ka
11890,2026-04-23T15:38:10+00:00,"Новый постер и тизер «**Нуар-Паука**» с **Николасом Кейджем **🕸

Сериал будет доступен как в черно-белой, так и в цветной версии. Сюжет сосредоточится на расследовании покушения на криминального авторитета Сильвермейна. Все **восемь эпизодов** выйдут уже **27 мая**

😈[ **@kinostro4ka**](https://t.me/+z-hmp7BtE10wMmJi)

 💯 - отлично
❤️ - мне нравится

Мы теперь и в MAX - https://max.ru/thaihub",72,1,,kinostro4ka
11882,2026-04-23T15:06:18+00:00,"Лили Коллинс

Красотуля ❤️
Норм 👍
Страшилка 🤪

**🎬 **@kinostro4ka

 💯 - отлично
❤️ - мне нравится

Мы теперь и в MAX - https://max.ru/thaihub",60,1,,kinostro4ka
11881,2026-04-23T13:04:14+00:00,"Русский трейлер очередного спин-оффа ""Йеллоустоуна"" **Рачно Даттанов (Dutton Ranch)**.

Неовестерн расскажет о жизни и борьбе Бет и Рипа за свое ранчо площадью в 7000 акров в Южном Техасе. 

Премьера - 15 мая

Крутяк. Ждем 👍
Надоел ""Йеллоустоун"" и его бесконечные спин-оффы 🤡
Не смотрел ""Йеллоустон"" и его спин-оффы 🍌

**🎬 **@kinostro4ka

 💯 - отлично
❤️ - мне нравится

Мы теперь и в MAX - https://max.ru/thaihub",60,1,,kinostro4ka
11876,2026-04-23T11:06:01+00:00,"**Майк Майерс** в образе **Шрека** - выступил на церемонии вручения премии  **Эдди Мерфи** за прижизненные достижения. 

Майерс: ""Ни один успех ""Шрека"" не был бы возможен без Эдди Мерфи... Персонаж Эдди, Осел, - шедевр, как и все персонажи, которых Эдди создавал на протяжении многих лет. Он привлекательный, веселый, жизнерадостный, ранимый и верный"".

Майерс озвучивал в мультфильмах Шрека, а Мерфи - Осла. 

Креативно 👍
Тупо 🙈

**🎬 **@kinostro4ka

 💯 - отлично
❤️ - мне нравится

Мы теперь и в MAX - https://max.ru/thaihub",50,1,,kinostro4ka
11875,2026-04-23T09:05:25+00:00,"1 серия 4 сезона многосерийного хоррора **Извне (From)** - вышла онлайн. 

Сюжет: Обычная семья въезжает в обычный маленький городок. Лучше бы они этого не делали - теперь их жизнь превратилась в бесконечный кошмар. 

Как вам сериал? 

Норм 👍
Такое себе 🤡
Не смотрел 🍌

**🎬 **@kinostro4ka

 💯 - отлично
❤️ - мне нравится

Мы теперь и в MAX - https://max.ru/thaihub",52,1,,kinostro4ka
11873,2026-04-23T07:03:27+00:00,"**Крис Пайн** может вернуться а своей роли в комедии **Дневники принцессы 3 (The  Princess Diaries 3)**.

Первый фильм вышел в прокат в 2001 году и рассказывал об обычной юной американской девушке (Энн Хатауэй), которая внезапно узнает, что она является наследницей королевского трона в Европе. 

Фильм собрал $163 млн при бюджете в $26 млн. Сиквел вышел в 2004 году и собрал $135 млн при бюджете в $45 млн. 

Как вам фильмы? 

Норм 👍
Трэш 🤡
Не смотрел 🍌

**🎬 **@kinostro4ka

 💯 - отлично
❤️ - мне нравится

Мы теперь и в MAX - https://max.ru/thaihub",42,1,,kinostro4ka
11872,2026-04-23T06:02:35+00:00,"Актеры сериала Netflix **Скуби Ду (Scooby-Doo)**.

-Маккенна Грейс в роли Дафны 

-Таннер Хаген в роли Шэгги 

-Максвелл Дженкинс в роли Фреда 

-Эбби Райдер Форстон в роли Велмы

Ждем 👍
НЕ ждем 🍌

**🎬 **@kinostro4ka

 💯 - отлично
❤️ - мне нравится

Мы теперь и в MAX - https://max.ru/thaihub",53,1,,kinostro4ka
11869,2026-04-22T19:07:39+00:00,"Дебютные постеры и тизер DCшного «**Глиноликого**» 🤬

Сюжет боди-хоррора расскажет о молодом актере, который после нападения пытается вернуть внешность с помощью экспериментальной процедуры, но сталкивается с пугающими изменениями тела. Фильм снял **Джеймс Уоткинс** («**Райское озеро**», «**Женщина в черном**»), а одним из сценаристов выступил **Майк Флэнаган**. Премьера состоится **23 октября**

😈[ **@kinostro4ka**](https://t.me/+z-hmp7BtE10wMmJi)

 💯 - отлично
❤️ - мне нравится

Мы теперь и в MAX - https://max.ru/thaihub",45,1,,kinostro4ka
11868,2026-04-22T17:01:26+00:00,"Пост-апокалипсис **Я - легенда 2 (I Am Legend 2)** - снимет **Стивен Кейпл-мл**.

В активе постановщика такие успешные ленты, как ""Крид 2"" и ""Трансформеры: Восхождение Звероботов"".

У своей роли вернется Уилл Смит. Также в фильме сыграет Майкл Б. Джордан. 

Ждем 👍
НЕ ждем 🍌

**🎬 **@kinostro4ka

 💯 - отлично
❤️ - мне нравится

Мы теперь и в MAX - https://max.ru/thaihub",57,1,,kinostro4ka
11861,2026-04-22T15:05:26+00:00,"Кадры со съемок 3 сезона фэнтези-сериала **Уэнсдей (Wednesday)**.

Как вам сериал? 

Норм 👍
Трэш 🤡
Не смотрел 🍌

**🎬 **@kinostro4ka

 💯 - отлично
❤️ - мне нравится

Мы теперь и в MAX - https://max.ru/thaihub",51,1,,kinostro4ka
11860,2026-04-22T13:03:40+00:00,"Съемки ленты **Супермен: Человек завтрашнего дня (Superman: Man of Tomorrow)** - стартовали.

Это сиквел ""Супермена"" (2025) от Джеймса Ганна. Фильм собрал в мировом прокате $617 млн при бюджете в $225 млн. 

Как вам ""Супермен"" (2025)? 

Норм 👍
Трэш 🤡
Не смотрел 🍌

**🎬 **@kinostro4ka

 💯 - отлично
❤️ - мне нравится

Мы теперь и в MAX - https://max.ru/thaihub",54,1,,kinostro4ka
11855,2026-04-22T11:05:00+00:00,"Горячая Ева Лонгория 🥵🍌😍

Красотуля ❤️
Норм 👍
Страшилка 🤪

**🎬 **@kinostro4ka

 💯 - отлично
❤️ - мне нравится

Мы теперь и в MAX - https://max.ru/thaihub",50,1,,kinostro4ka
11854,2026-04-22T09:00:34+00:00,"После инцидента в бассейне - на 58-м году жизни умерла французская актриса **Надя Фарес**.

Широкой публике она известна по главной женской роли в культовом триллере **Багровые реки**.

😢🙏❤️

**🎬 **@kinostro4ka

 💯 - отлично
❤️ - мне нравится

Мы теперь и в MAX - https://max.ru/thaihub",54,1,,kinostro4ka
11852,2026-04-22T07:01:14+00:00,"Студия Warner Bros. планирует **Глена Пауэлла** на роль режиссера и главного актера ремейка классического научно-фантастического хоррора **Они! (Them!, 1954)**

В оригинальном фильме рассказывалось о гигантских муравьях, появившихся в результате ядерных испытаний.

Крутяк 👍
Трэшак 🙈

**🎬 **@kinostro4ka

 💯 - отлично
❤️ - мне нравится

Мы теперь и в MAX - https://max.ru/thaihub",59,1,,kinostro4ka
11851,2026-04-22T06:02:04+00:00,"Сообщают, что **Уилл Смит** и **Дженнифер Лопес** - встречаются. 

Крутяк. Они отличная пара ❤️
Полный трэшак 🙈
Уже давно все равно, с кем там встречается Лопес. Барышня явно очень любвеобильная 🍌

**🎬 **@kinostro4ka

 💯 - отлично
❤️ - мне нравится

Мы теперь и в MAX - https://max.ru/thaihub",50,1,,kinostro4ka
11850,2026-04-21T17:15:45+00:00,"Новый трейлер второго сезона «**Devil May Cry**» с **Данте** и **Вергилием** 😈 

Пообещали, что второй сезон заметно изменит тон, стиль и подачу истории по сравнению с первым. Премьера всего сезона состоится **12 мая**

😈[ ](https://t.me/+z-hmp7BtE10wMmJi)[**@kinostro4ka**](https://t.me/+z-hmp7BtE10wMmJi)

 💯 - отлично
❤️ - мне нравится

Мы теперь и в MAX - https://max.ru/thaihub",78,1,,kinostro4ka
11849,2026-04-21T17:03:09+00:00,"**Джессика Честейн** сообщила, что выход многосерийного триллера **Савант (Savant)** - состоится в этом году. 

Сериал должен был выйти еще прошлой осенью, но его перенесли из-за трагедии с Чарли Кирком. Говорят, в сериале есть сцены со снайпером. 

Сюжет: Героиня (Джессика Честейн) внедряется в закрытые онлайн-группы чтобы предотвратить всевозможные преступления. 

Премьера на AppleTV+ - лето 2026

**🎬 **@kinostro4ka

 💯 - отлично
❤️ - мне нравится

Мы теперь и в MAX - https://max.ru/thaihub",71,1,,kinostro4ka
11848,2026-04-21T16:10:00+00:00,"Первый тизер новых «**Зловещих мертвецов**» 💀

Хоррор снимает **Себастьен Ваничек**, которого пригласили после работы над «**Паутина страха**». Над проектами во вселенной** Сэм Рэйми** параллельно работают сразу несколько команд, а сам режиссер курирует их лично. Премьера фильма **10 июля**

😈[ **@kinostro4ka**](https://t.me/+z-hmp7BtE10wMmJi)

 💯 - отлично
❤️ - мне нравится

Мы теперь и в MAX - https://max.ru/thaihub",73,1,,kinostro4ka
11846,2026-04-21T15:54:06+00:00,"Новые постеры «**Нуар-Паука**» с **Николасом Кейджем **🕸

Все **восемь эпизодов** выйдут **27 мая**. Сериал будет доступен как в черно-белой, так и в цветной версии. Сюжет сосредоточится на расследовании покушения на криминального авторитета Сильвермейна. В шоу также появятся разные версии злодеев из мира **Человека-паука**, включая **Песочного человека**

😈[ **@kinostro4ka**](https://t.me/+z-hmp7BtE10wMmJi)

 💯 - отлично
❤️ - мне нравится

Мы теперь и в MAX - https://max.ru/thaihub",72,1,,kinostro4ka
11838,2026-04-21T15:03:59+00:00,"Кадры со съëмок фантастического боевика **Горец (Highlander)**.

Режиссер: Чад Стахельски (""Джон Уик""), 
В ролях: Рассел Кроу, Карен Гиллан, Джимон Хонсу, Дрю Макинтайр и Джереми Айронс. 

Фильм планируют выпустить в прокат в 2027 или 2028 годах.  

Жду 👍
НЕ жду 🍌

**🎬 **@kinostro4ka

 💯 - отлично
❤️ - мне нравится

Мы теперь и в MAX - https://max.ru/thaihub",52,1,,kinostro4ka
11828,2026-04-21T14:38:58+00:00,"Сериал «**Укрытие**» вернется** уже** **3 июля** 💣

В честь анонса показали тизер и новые кадры из третьего сезона. Продолжение будет состоять из **10 эпизодов**, которые будут выходить до **4 сентября**. Сериал заранее продлен и на четвертый сезон, который станет финальным 

😈[** @kinostro4ka**](https://t.me/newsjetflix)

 💯 - отлично
❤️ - мне нравится

Мы теперь и в MAX - https://max.ru/thaihub",48,1,,kinostro4ka
11826,2026-04-21T13:30:18+00:00,"Новый постер «**Очень страшного кино 6**», пародирующий «**Солнцестояние**» ☀️

В фильме с **рейтингом R** вернулись большинство актеров и сценаристы первых частей. По словам **Марлона Уайанса** в новой части не собираются сглаживать углы — юмор будет таким же жестким, как в первых двух фильмах. Новый трейлер обещают показать в ближайшее время, а премьера состоится **12 июня**
**
**😈[** @kinostro4ka**](https://t.me/newsjetflix)

 💯 - отлично
❤️ - мне нравится

Мы теперь и в MAX - https://max.ru/thaihub",44,1,,kinostro4ka
11825,2026-04-21T13:05:38+00:00,"Звезда хорроров ""Ужасающий 1-3"" **Дэвид Ховард Торнтон** - сделал своей девушке предложение в образе **клоуна Арта**.

Девушка ответила ""ДА"".

Креативно ❤️
Неуместно 🤡

**🎬 **@kinostro4ka

 💯 - отлично
❤️ - мне нравится

Мы теперь и в MAX - https://max.ru/thaihub",43,1,,kinostro4ka
11820,2026-04-21T11:02:59+00:00,"Кадры со съемок перезагрузки культового хоррора **Изгоняющий дьявола (The Exorcist)**.

Снимает ленту Майк Флэнаган (""Окулус"", ""Доктор Сон""). В ролях - Скарлетт Йоханссон, Дайан Лэйн, Чевитель Эджиофор, Лоуренс Фишберн, Джон Легуизамо и Карла Гуджино. 

Премьера - 2027

Крутяк. Ждем 👍
НЕ ждем 🍌

**🎬 **@kinostro4ka

 💯 - отлично
❤️ - мне нравится

Мы теперь и в MAX - https://max.ru/thaihub",41,1,,kinostro4ka
11819,2026-04-21T09:04:14+00:00,"**Братья Уэйансы** официально подтвердили, что они готовы снять сиквел комедии** Белые цыпочки (White Chicks)**.

Съемки начнутся в случае кассового успеха их пародии ""Очень страшное кино 6"".

Первая часть ""Белых цыпочек"" вышла в прокат в 2004 года и собрала $113 млн при бюджете в $37 млн. 

Фильм рассказывал о двух чернокожих агентах ФБР (Шон и Марлон Уэйанс), которые ради защиты двух белых наследниц гостиничной империи - перевоплощаются в них. 

Как вам ""Белые цыпочки""? 

Норм 👍
Трэш 🤡
Не смотрел 🍌

**🎬 **@kinostro4ka

 💯 - отлично
❤️ - мне нравится

Мы теперь и в MAX - https://max.ru/thaihub",48,1,,kinostro4ka
11817,2026-04-21T07:01:55+00:00,"44-летняя **Натали Портман** беременна в **третий раз**.

Отцом будущего ребенка является французский продюсер Танги Дестаблю. 

Портман: ""Мы с Танги очень взволнованы! Я просто очень благодарна. Я понимаю, что это настоящее чудо!"".

**🎬 **@kinostro4ka

 💯 - отлично
❤️ - мне нравится

Мы теперь и в MAX - https://max.ru/thaihub",47,1,,kinostro4ka
11816,2026-04-21T06:03:09+00:00,"**Кристен Белл** (""Вероника Марс"") снимется в сиквеле фэнтезийного боевика Томми Виркола **Жестокая ночь (Violent Night, 2022)**.

Картина о Санта Клаусе, который столкнулся с бандитами - вышла в конце 2022 года и собрала в прокате $76 млн при бюджете в $20 млн. 

Виркола вернется к режиссуре. 

Премьера - 4 декабря 2026 года.

Крутяк. Ждем 👍
НЕ ждем 🤡
Не смотрел 🍌

**🎬 **@kinostro4ka

 💯 - отлично
❤️ - мне нравится

Мы теперь и в MAX - https://max.ru/thaihub",51,1,,kinostro4ka
11815,2026-04-20T17:05:31+00:00,"**Шарлиз Терон** считает, что в течение следующего десятилетия искусственный интеллект сможет в конечном итоге выполнять работу таких актеров, как **Тимоти Шаламе**. 

Однако она считает, что такие формы живого искусства, как **балет**, никогда не смогут быть заменены, подчеркивая уникальное присутствие на сцене настоящих людей. 

Согласен. ИИ - это будущее кино 👍
НЕ согласен. ИИ - уничтожит кино 🍌

**🎬 **@kinostro4ka

 💯 - отлично
❤️ - мне нравится

Мы теперь и в MAX - https://max.ru/thaihub",71,1,,kinostro4ka
11810,2026-04-20T15:01:52+00:00,"Фото с премьеры игровой экранизации мультфильма **Моана (Moana)**. 

Дуэйн Джонсон сыграл полубога Мауи. Того же персонажа, которого он озвучивал в мультфильмах. 

Премьера - 10 июля

Крутяк. Ждем 👍
НЕ ждем 🍌

**🎬 **@kinostro4ka

 💯 - отлично
❤️ - мне нравится

Мы теперь и в MAX - https://max.ru/thaihub",59,1,,kinostro4ka
11809,2026-04-20T13:01:59+00:00,"**Чарльз Дэнс** (""Игра престолов"") может сыграть Кристофера Дента, отца Харви Дента (Двуликого) в ленте Мэтта Ривза **Бэтмен 2 (Batman: Part 2)**.

Ленту начнут снимать летом. Премьеру планируют в 2027 году.

В остальных ролях предварительно: Роберт Паттинсон, Энди Серкис, Марк Хэммилл, Сэмюэл Л. Джексон, Скарлетт Йоханссон, Барри Кеоган, Себастьян Стэн и Колин Фаррелл. 

Ждем 👍
НЕ ждем 🍌

**🎬 **@kinostro4ka

 💯 - отлично
❤️ - мне нравится

Мы теперь и в MAX - https://max.ru/thaihub",59,1,,kinostro4ka
11802,2026-04-20T11:04:21+00:00,"Ана Де Армас на съемках 8-серийного шпионского триллера **Конспиративные квартиры (Safe Houses)**.

Сериал основан на бестселлере Дэна Феспермана, вышедшего в 2018 году. 

История разворачивается после гибели высокопоставленного офицера ЦРУ в Мадриде. В центре повествования - София Хименес (Армас), скрывающийся от правосудия агент и посол Элизабет Уинтроп (Дженнифер Коннелли), вдова погибшего офицера, решившая докопаться до истины.

**🎬 **@kinostro4ka

 💯 - отлично
❤️ - мне нравится

Мы теперь и в MAX - https://max.ru/thaihub",45,1,,kinostro4ka
11801,2026-04-20T09:01:51+00:00,"Леброн Джеймс в проморолике пеплума Кристофера Нолана **Одиссея (The Odyssey)**. 

Премьера - 17 июля 2026

Креативно 👍
Тупо. Причем тут мифы Древней Греции и баскетбол? 🤡

**🎬 **@kinostro4ka

 💯 - отлично
❤️ - мне нравится

Мы теперь и в MAX - https://max.ru/thaihub",46,1,,kinostro4ka
11799,2026-04-20T07:01:09+00:00,"Фильм по серии видеоигр **Call of Duty** - выйдет в прокат **30 июня 2028 года**.

Игры преставляют собой шутер от первого лица. Сюжет игр разворачивается в разных временных пластах от Второй Мировой войны до завоевания космоса в будущем. 

Разрабатывают проект Тейлор Шеридан (""Йеллоустоун"") и Питер Берг (""Морской бой"", ""Ветреная река""). Берг займет режиссерское кресло и напишет сценарий, а Шеридан поработает над сценарием и станет продюсером. 

Крутяк. Ждем 👍
НЕ ждем 🍌

**🎬 **@kinostro4ka

 💯 - отлично
❤️ - мне нравится

Мы теперь и в MAX - https://max.ru/thaihub",50,1,,kinostro4ka
11791,2026-04-20T06:05:03+00:00,"**Сандра Буллок** и **Николь Кидман** на премьере мистической мелодрамы **Практическая магия 2 (Practical Magic 2)**.

Оригинал 1998 года рассказывал о двух потомственных ведьмах (Буллок, Кидман), на которых лежит семейное проклятие - все их романы заканчиваются трагедией. 

Премьера - 11 сеетября

Буллок ❤️
Кидман 😍

**🎬 **@kinostro4ka

 💯 - отлично
❤️ - мне нравится

Мы теперь и в MAX - https://max.ru/thaihub",54,2,,kinostro4ka
11790,2026-04-19T17:04:38+00:00,"Продолжительность пеплума Кристофера Нолана **Одиссея (The Odyssey)** - составит **менее 3 часов**.

Премьера - 17 июля 2026

Будет великий шедевр 🔥
Будет обычный успешный блокбастер 👍
Будет провал 🍌

**🎬 **@kinostro4ka

 💯 - отлично
❤️ - мне нравится

Мы теперь и в MAX - https://max.ru/thaihub",66,1,,kinostro4ka
11789,2026-04-19T15:04:45+00:00,"Новые **Трансформеры (Transformers)** - официально в работе. 

Майкл Бэй, Шая ЛаБаф и Меган Фокс - могут вернуться в эту франшизу. 

Крутяк. Ждем 👍
НЕ ждем. Давно надоело 🍌

**🎬 **@kinostro4ka

 💯 - отлично
❤️ - мне нравится

Мы теперь и в MAX - https://max.ru/thaihub",65,1,,kinostro4ka
11786,2026-04-19T13:04:06+00:00,"Кадры со съемок 2 сезона многосерийного экшн-триллера **День шакала (The Day of the Jackal)**.

Сотрудница спецслужб Бьянка (Лашана Линч) ищет неуловимого снайпера по кличке Шакал (Эдди Редмэйн). 

Сериал снят по одноименной книге Фредерика Форсайта.

Как вам сериал? 

Норм 👍
Такое себе 🤡
Не смотрел 🍌

**🎬 **@kinostro4ka

 💯 - отлично
❤️ - мне нравится

Мы теперь и в MAX - https://max.ru/thaihub",55,1,,kinostro4ka
11783,2026-04-19T11:04:44+00:00,"Трейлер постапокалиптической экшн-драмы Ридли Скотта **Собачьи звезды (Созвездие Пса) (The Dog Stars)**.

Это экранизация романа Питера Хеллера. В книге рассказывается о глобальной эпидемии, которая уничтожила основную часть населения планеты. Пилот Хиг (Джейкоб Элорди) живет со своим псом в самолетном ангаре. Однажды он ловит неизвестный радиосигнал и отправляется на поиски его источника.

Также в фильме снялись Джош Бролин, Маргарет Куолли и Гай Пирс.

Премьера - 28 августа

Ждем 👍
НЕ ждем 🍌

**🎬 **@kinostro4ka

 💯 - отлично
❤️ - мне нравится

Мы теперь и в MAX - https://max.ru/thaihub",53,1,,kinostro4ka
11778,2026-04-19T09:01:27+00:00,"Эли Лартер

Красотуля ❤️
Норм 👍
Страшилка 🤪

**🎬 **@kinostro4ka

 💯 - отлично
❤️ - мне нравится

Мы теперь и в MAX - https://max.ru/thaihub",55,1,,kinostro4ka
11772,2026-04-19T07:00:38+00:00,"**Сидни Суини** сыграет главную роль в мистическом триллере **Смотритель (The Caretaker)**.

Фильм снимут по еще не вышедшему одноименному роману Маркуса Кливера. 

Сюжет: Молодая женщина Мэйси Маллинз устраивается на трехдневную работу в глуши Орегона. Попытка подзаработать оборачивается сущим кошмаром. 

Крутяк. Ждем 👍
НЕ ждем. Суини надоела 🙈

**🎬 **@kinostro4ka

 💯 - отлично
❤️ - мне нравится

Мы теперь и в MAX - https://max.ru/thaihub",47,1,,kinostro4ka
11765,2026-04-19T06:03:02+00:00,"Актерский состав ленты **Властелин колец: Охота на Голлума (The Lord of the Rings: The Hunt for Gollum)**.

В остальных ролях: Энди Серкис, Кейт Уинслет, Йен Маккелен, Элайджа Вуд, Ли Пейс, Лео Вудалл, Джейми Дорнан. 

Ждем 👍
НЕ ждем 🍌

**🎬 **@kinostro4ka

 💯 - отлично
❤️ - мне нравится

Мы теперь и в MAX - https://max.ru/thaihub",36,1,,kinostro4ka
11764,2026-04-18T17:02:35+00:00,"Саша Барон Коэн и Розамунд Пайк в трейлере фантастической комедии **Дамы вперед (Ladies First)**.

Герой Коэна, успешный карьерист, бабник и шовинист - оказывается в пареллельном мире победившего матриархата. 

Премьера на Netflix - 22 мая

Смешно 👍
Дичь 🙈

**🎬 **@kinostro4ka

 💯 - отлично
❤️ - мне нравится

Мы теперь и в MAX - https://max.ru/thaihub",54,2,,kinostro4ka
11763,2026-04-18T15:04:45+00:00,"Приключенческий экшн-триллер Дэвида Эйра (""Пчеловод"") **Сердце зверя (Heart of the Beast)** - выйдет в прокат осенью.

Картина расскажет о бывшем спецназовце (Брэд Питт), который попытается выжить вместе со своим псом в лесной глуши Аляски, куда они попадают после ужасной авиакатастрофы. 

Эйр уже работал вместе с Питтом над военным боевиком ""Ярость"" (2014).

**🎬 **@kinostro4ka

 💯 - отлично
❤️ - мне нравится

Мы теперь и в MAX - https://max.ru/thaihub",57,1,,kinostro4ka
11762,2026-04-18T13:05:15+00:00,"Сладкие блюда земель Средиземья 🥐🥯🥨

**🎬 **@kinostro4ka

 💯 - отлично
❤️ - мне нравится

Мы теперь и в MAX - https://max.ru/thaihub",52,1,,kinostro4ka
11761,2026-04-18T11:04:15+00:00,"Съемки 2 сезона многосерийной фантастической драмы **Одна из многих (Pluribus)** - стартуют осенью. 

Самая несчастная жительница Земли должна спасти планету от внезапно нахлынувшей эпидемии всеобщего счастья. 

Продюсер: Винс Гиллиган (""Во все тяжкие"") 

Как вам сериал? 

Норм 👍
Скукота 🤡
Не смотрел 🍌

**🎬 **@kinostro4ka

 💯 - отлично
❤️ - мне нравится

Мы теперь и в MAX - https://max.ru/thaihub",50,1,,kinostro4ka
11760,2026-04-18T09:05:12+00:00,"Многосерийный хоррор **Извне (From)** - продлили на 5 сезон. 

Этот сезон станет для сериала финальным. 

Сюжет: Обычная семья въезжает в обычный маленький городок. Лучше бы они этого не делали - теперь их жизнь превратилась в бесконечный кошмар. 

Как вам сериал? 

Норм 👍
Такое себе 🤡
Не смотрел 🍌

**🎬 **@kinostro4ka

 💯 - отлично
❤️ - мне нравится

Мы теперь и в MAX - https://max.ru/thaihub",55,1,,kinostro4ka
11759,2026-04-18T07:05:17+00:00,"Warner Bros. официально запускает в производство полнометражный фильм по вселенной ""Игры престолов"" (Game of Thrones).

Фильм будет называться **Игра Престолов: Завоевание Эйгона"" (Game of Thrones: Aegon’s Conquest)**.

Сообщают, что в центре сюжета окажется король Эйгон I Таргариен Завоеватель. Действие фильма развернется за 300 лет до событий оригинального сериала и расскажет о том, как Эйгон со своими сестрами объединили Семь Королевств. 

Крутяк. Ждем 👍
Уже надоело 🍌

**🎬 **@kinostro4ka

 💯 - отлично
❤️ - мне нравится

Мы теперь и в MAX - https://max.ru/thaihub",51,1,,kinostro4ka
11757,2026-04-18T06:02:37+00:00,"**Джонатан Дэвис** сыграет **Снуп Догга** в биографическом фильме про легендарного музыканта и актера. 

Съемки ленты планируют начать летом. 

Похож 👍
НЕ похож 🤡

**🎬 **@kinostro4ka

 💯 - отлично
❤️ - мне нравится

Мы теперь и в MAX - https://max.ru/thaihub",44,1,,kinostro4ka
11756,2026-04-17T19:11:12+00:00,"На **CinemaCon** студия **Парамаунт** рассказала о будущих проектах 🛩

В разработке находится новая часть «**Топ Ган**» с **Томом Крузом**. Продюсером выступит** Джерри Брукхаймер**. Сообщается, что сценарий уже готов. Еще студия работает над продолжением «**Войны миров Z**», однако подробности проекта пока не раскрываются

😈[ **@kinostro4ka**](https://t.me/+z-hmp7BtE10wMmJi)

 💯 - отлично
❤️ - мне нравится

Мы теперь и в MAX - https://max.ru/thaihub",56,0,,kinostro4ka
11754,2026-04-17T18:18:11+00:00,"**Дисней** представили постер и финальный трейлер фильма «**Мандалорец и Грогу**» 😍🤓
**
Дин Джарин и Грогу** отправятся в новое приключение, где им предстоит столкнуться с криминальным миром и встретить сына **Джаббы Хатта**. В фильме сыграли **Педро Паскаль, Джереми Аллен Уайт, Сигурни Уивер и Мартин Скорсезе**. Режиссером выступил **Джон Фавро**. По данным СМИ, в Дисней внимательно следят за реакцией аудитории после критики рекламы фильма во время **Супербоула **— от кассовых сборов может зависеть, получит ли проект продолжение в виде трилогии. Прокат стартует **22 мая**

😈[ **@kinostro4ka**](https://t.me/+z-hmp7BtE10wMmJi)

 💯 - отлично
❤️ - мне нравится

Мы теперь и в MAX - https://max.ru/thaihub",56,0,,kinostro4ka
11746,2026-04-17T17:04:43+00:00,"Энн Хатауэй

Красотуля ❤️
Норм 👍
Страшилка 🤪

**🎬 **@kinostro4ka

 💯 - отлично
❤️ - мне нравится

Мы теперь и в MAX - https://max.ru/thaihub",43,0,,kinostro4ka
11745,2026-04-17T16:42:03+00:00,"💯 - отлично
❤️ - мне нравится

Мы теперь и в MAX - https://max.ru/thaihub",53,1,,kinostro4ka
11738,2026-04-17T16:42:00+00:00,"Закулисные фотографии** Энтони Старра** со съемок вышедших серий финального сезона «**Пацанов**» 😈

Старт у сезона получился успешным: первые три эпизода получили от зрителей оценки от **8,6** до **9,1**. Финальная серия сезона выйдет **20 мая**

😈[ **@kinostro4ka**](https://t.me/+z-hmp7BtE10wMmJi)

 💯 - отлично
❤️ - мне нравится

Мы теперь и в MAX - https://max.ru/thaihub",33,1,,kinostro4ka
11736,2026-04-17T15:28:18+00:00,"Дебютный постер и трейлер фильма «**Созвездие пса**» от** Ридли Скотта **🐶

Расскажет о выживании в постапокалиптическом мире после того, как человечество вымерло из-за неизвестного вируса. В центре истории — пилот Хиг, потерявший семью, но сохранивший верного пса. Главные роли исполнили** Джейкоб Элорди, Маргарет Куолли и Джош Бролин**. Премьера состоится **28 августа**

😈[ **@kinostro4ka**](https://t.me/+z-hmp7BtE10wMmJi)

 💯 - отлично
❤️ - мне нравится

Мы теперь и в MAX - https://max.ru/thaihub",46,1,,kinostro4ka
11735,2026-04-17T15:04:34+00:00,"**Марго Робби** и **Брэдли Купер** сыграют главные роли в приквеле криминальной ленты ""11 друзей Оушена"" (Ocean's Eleven) под названием **Оушены (Oceans)**

Купер также выступит режиссером и автором сценария, а Робби возьмет на себя продюсерские функции. 

Купер и Робби сыграют родителей Дэнни Оушена (персонаж Джорджа Клуни из оригинальной трилогии). По сюжету, события происходят в 1962 году на Гран-при Формулы-1 в Монако. 

Крутяк. Ждем 👍
НЕ ждем 🍌

**🎬 **@kinostro4ka

 💯 - отлично
❤️ - мне нравится

Мы теперь и в MAX - https://max.ru/thaihub",37,1,,kinostro4ka
11733,2026-04-17T13:59:15+00:00,"На **CinemaCon **показали полноценный трейлер фильма «**Мстители: Доктор Дум**», который пока полноценно не появился в сети 😡

В ролике герои сталкиваются с **Виктором фон Думом** в исполнении Роберта Дауни, его персонаж говорит с восточноевропейским акцентом. В трейлере также показали **Профессора Икс, Гамбита, Шан-Чи, Мистик, Стива Роджерса и Тора**. В одной из сцен Дум останавливает оружие **Тора** одной рукой. Премьера фильма намечена на** 18 декабря**, однако дату могут сдвинуть на неделю раньше, чтобы у картины было больше времени в **IMAX** до выхода третьей «**Дюны**»

😈[ **@kinostro4ka**](https://t.me/+z-hmp7BtE10wMmJi)

 💯 - отлично
❤️ - мне нравится

Мы теперь и в MAX - https://max.ru/thaihub",39,1,,kinostro4ka
11732,2026-04-17T13:17:13+00:00,"Трейлер третьего сезона антологии «**Террор**» 😈

Выйдет **7 мая** и главную роль исполнил **Дэн Стивенс**. Новая глава под названием «**The Terror: Devil in Silver**» основана на романе **Виктор ЛаВалль** и расскажет о мужчине по прозвищу Пеппер, который оказывается заперт в психиатрической клинике, где по ночам бродит жуткое существо. **Дэн Стивенс **так же выступил сопродюсером, а шоураннерами стали **Крис Кэнтуэлл** и сам автор оригинала **ЛаВалль,** а первые эпизоды сняла** Карин Кусама**, которая будет экранизировать **«Life is Strange»**

😈[ **@kinostro4ka**](https://t.me/+z-hmp7BtE10wMmJi)

 💯 - отлично
❤️ - мне нравится

Мы теперь и в MAX - https://max.ru/thaihub",35,1,,kinostro4ka
11731,2026-04-17T13:01:23+00:00,"Многосерийную приключенческую ленту Гая Ричи **Молодой Шерлок (Young Sherlock Holmes)** - продлили на 2 сезон. 

Как вам 1 сезон? 

Норм 👍
Трэш 🤡
Не смотрел 🍌

**🎬 **@kinostro4ka

 💯 - отлично
❤️ - мне нравится

Мы теперь и в MAX - https://max.ru/thaihub",30,1,,kinostro4ka
11725,2026-04-17T11:05:27+00:00,"Легендарная актриса Хлоя Черри на премьере ""Эйфории"".

Красотуля ❤️
Норм 👍
Страшилка 🤪

**🎬 **@kinostro4ka

 💯 - отлично
❤️ - мне нравится

Мы теперь и в MAX - https://max.ru/thaihub",34,1,,kinostro4ka
11724,2026-04-17T09:05:54+00:00,"Трейлер 8-серийного экшн-триллера **Заклятый враг (Nemesis)**.

Сериал расскажет об эпичном противострянии детектива и грабителя банков. 

Премьера на Netflix - 14 мая

**🎬 **@kinostro4ka

 💯 - отлично
❤️ - мне нравится

Мы теперь и в MAX - https://max.ru/thaihub",35,1,,kinostro4ka
11723,2026-04-17T07:04:16+00:00,"Начались съемки 2 сезона сериала **Мистер и миссис Смит (Mr. and Mrs. Smith)**.

Марк Эйдельштейн сыграет мистера Смита. Экранной женой артиста станет Софи Тэтчер (""Еретик"", ""Компаньон""). 

Первый сезон вышел в 2024 году и рассказывал о паре спецагентов, которые выдают себя за супругов. 

У 2 сезона были проблемы с производством. В итоге - сменился шоураннер сериала и сместилась дата начала съëмок. На данный момент, съемки планируют начать весной-летом 2026 года. 

Крутяк. Ждем 👍
НЕ ждем 🤡
Не смотрел 1 сезон 🍌

**🎬 **@kinostro4ka

 💯 - отлично
❤️ - мне нравится

Мы теперь и в MAX - https://max.ru/thaihub",42,1,,kinostro4ka
11719,2026-04-17T06:03:13+00:00,"Пара постеров ленты **Человек-Паук: Совершенно новый день (Spider-Man: Brand New Day)**.

Премьера - 31 июля

Ждем 👍
НЕ ждем 🍌

**🎬 **@kinostro4ka

 💯 - отлично
❤️ - мне нравится

Мы теперь и в MAX - https://max.ru/thaihub",44,1,,kinostro4ka
11718,2026-04-16T17:03:58+00:00,"Тизер фантастического сериала **Городок (The Boroughs)**.

Группа пенсионеров, живущих в элитном доме престарелых - сталкивается с инопланетной угрозой. 

В ролях: Билл Пуллман, Альфред Молина, Джина Дэвис. 

Продюсеры: братья Даффер (""Очень странные дела"")

Премьера - 21 мая

**🎬 **@kinostro4ka

 💯 - отлично
❤️ - мне нравится

Мы теперь и в MAX - https://max.ru/thaihub",63,0,,kinostro4ka
11717,2026-04-16T15:04:29+00:00,"Более 1000 деятелей Голливуда от Хоакина Феникса до Педро Паскаля - подписали открытое письмо **против слияния Paramount и Warner Bros.**

Авторы письма считают, что сделка усилит монополизацию медиарынка, приведет к массовым увольнениям и снижению конкуренции. 

Это - официальная позиция. Но есть тут и явная другая сторона. Когда Warner Bros. пытался **купить Netflix** - звезды бурно радовались и никаких писем не писали. А как только в дело вступил Paramount - сразу забили тревогу. 

Ныне Paramount владеет Дэвид Эллисон, чей отец Ларри - близкий друг Трампа. И этот факт сразу многое объясняет. 

Звезды Голливуда - молодцы! Они беспокоятся о рабочих местах и монополизации рынка 👍
Звезды Голливуда - на 99.99% за демократов и просто всегда и везде против республиканца Трампа и его друзей 🍌

**🎬 **@kinostro4ka

 💯 - отлично
❤️ - мне нравится

Мы теперь и в MAX - https://max.ru/thaihub",70,0,,kinostro4ka
11716,2026-04-16T13:07:34+00:00,"Новый трейлер экранизации файтинга «**Street Fighter**» 👊

В фильме появятся **Джейсон Момоа, Давид Дастмалчян, Эндрю Кодзи, Ной Сентинео, Роман Рейнс, Орвилл Пек, Каллина Лян и рэпер 50 Cent**. Премьера **16 октября**

😈[ **@kinostro4ka**](https://t.me/+z-hmp7BtE10wMmJi)

 💯 - отлично
❤️ - мне нравится

Мы теперь и в MAX - https://max.ru/thaihub",66,0,,kinostro4ka
11715,2026-04-16T13:04:58+00:00,"Майклу Рукеру на день рождения - подарили торт 🎂🍰🧁

Любите сладкое? 

Да 👍
Нет 🙈

**🎬 **@kinostro4ka

 💯 - отлично
❤️ - мне нравится

Мы теперь и в MAX - https://max.ru/thaihub",60,0,,kinostro4ka
11712,2026-04-16T11:05:25+00:00,"Трейлер и пара постеров фантастической ленты **Голодные игры: Рассвет Жатвы (The Hunger Games: Sunrise on the Reaping)**.

Фильм станет приквелом основной истории. В центре сюжета - молодой Хеймитч Эбернати, победитель 50-х Голодных игр и наставник Китнисс. 

Премьера - 20 ноября

Ждем 👍
НЕ ждем 🤡
Не смотрел ни одной части 🍌

**🎬 **@kinostro4ka

 💯 - отлично
❤️ - мне нравится

Мы теперь и в MAX - https://max.ru/thaihub",61,1,,kinostro4ka
11711,2026-04-16T09:03:44+00:00,"На съемках ленты ""Бэтмен возвращается"".

#КиноЗаКадром

**🎬 **@kinostro4ka

 💯 - отлично
❤️ - мне нравится

Мы теперь и в MAX - https://max.ru/thaihub",68,1,,kinostro4ka
11707,2026-04-16T07:05:57+00:00,"**Одесса Эйзайон** (""Марти великолепный"") может сыграть **Роуг (Шельму)** в новых **Людях Икс**.

Роуг - способна поглощать жизненную силу любого существа через прикосновение. 

Ранее в фильмах Marvel роль этого персонажа исполняла Анна Пакуин. 

Похожа 👍
НЕ похожа 🍌

**🎬 **@kinostro4ka

 💯 - отлично
❤️ - мне нравится

Мы теперь и в MAX - https://max.ru/thaihub",66,1,,kinostro4ka
11706,2026-04-16T06:01:39+00:00,"Ролик ленты **Дюна 3 (Dune 3)**.

Премьера - конец 2026 года

Ждем 👍
НЕ ждем 🤡
Прошлые части не смотрел 🍌

**🎬 **@kinostro4ka

 💯 - отлично
❤️ - мне нравится

Мы теперь и в MAX - https://max.ru/thaihub",73,1,,kinostro4ka
11705,2026-04-15T18:39:58+00:00,"В итоге роль** Арагорна** в фильме «**Властелин колец: Охота на Голлума**» получил **Джейми Дорнан** (**Мистер Грей** из «**Пятьдесят оттенков серого**») 💍

К своим ролям вернутся **Энди Серкис** (**Голлум**),** Иэн Маккеллен** (**Гэндальф**),** Элайджа Вуд** (**Фродо**) и **Ли Пэйс** (**Трандуил**).  Премьера запланирована на **конец 2027**

😈[ **@kinostro4ka**](https://t.me/+z-hmp7BtE10wMmJi)

 💯 - отлично
❤️ - мне нравится

Мы теперь и в MAX - https://max.ru/thaihub",94,1,,kinostro4ka
11704,2026-04-15T17:09:03+00:00,"Трейлер финального сезона «**Благих знамений**» 😈

Изначально продолжение задумывалось как полноценный сезон, однако концепцию пришлось переработать в один эпизод хронометражем **90 минут**. Премьера **13 мая**

😈[ **@kinostro4ka**](https://t.me/+z-hmp7BtE10wMmJi)

 💯 - отлично
❤️ - мне нравится

Мы теперь и в MAX - https://max.ru/thaihub",90,1,,kinostro4ka
11703,2026-04-15T17:02:10+00:00,"Криминальный триллер **Мусорщик (Wasteman)** - вышел онлайн. 

Тейлор спокойно сидит в тюрьме уже несколько лет, ожидая УДО. Но новый сокамерник втягивает Тейлора в опасную авантюру.

Буду смотреть 👍
НЕ буду смотреть 🍌

**🎬 **@kinostro4ka

 💯 - отлично
❤️ - мне нравится

Мы теперь и в MAX - https://max.ru/thaihub",88,2,,kinostro4ka
11702,2026-04-15T16:10:20+00:00,"«**Извне**» заранее продлили на **пятый сезон**, который станет финальным **💀**

Ожидается, что его съемки начнутся летом, а релиз состоится в 2027 году. Четвертый сезон мистической хоррор-драмы о загадочном маленьком городе начнет выходить уже **19 апреля**

😈[ **@kinostro4ka**](https://t.me/+z-hmp7BtE10wMmJi)

 💯 - отлично
❤️ - мне нравится

Мы теперь и в MAX - https://max.ru/thaihub",69,1,,kinostro4ka
11699,2026-04-15T15:02:31+00:00,"У молодоженов **Зендаи** и **Тома Холланда** - обнаружили **именные татуировки под левой подмышкой**.

У Зендаи там набита буква **T (Tom)**, а у Холланда - **Z (Zendaya)**.

Это так мило 😍
Маразм крепчал 🙈

**🎬 **@kinostro4ka

 💯 - отлично
❤️ - мне нравится

Мы теперь и в MAX - https://max.ru/thaihub",74,1,,kinostro4ka
11698,2026-04-15T13:02:38+00:00,"Тестовые показы ленты **Мстители: Доктор Дум (Avengers: Doomsday)** - прошли ""очень хорошо"".

Согласно сообщениям, фильм оценили на уровне картины ""Мстители: Война бесконечности"". Зрители называют его ""лучшим фильмом Братьев Руссо от Marvel"".

Сюжет повествует о противостоянии команды супергероев с Доктором Думом (Роберт Дауни-мл). 

Премьера - 18 декабря 

Крутяк. Ждем 👍
НЕ ждем 🍌

**🎬 **@kinostro4ka

 💯 - отлично
❤️ - мне нравится

Мы теперь и в MAX - https://max.ru/thaihub",84,1,,kinostro4ka
11697,2026-04-15T11:03:09+00:00,"Съемки сказки **Вонка 2 (Wonka 2)** - начнутся в августе. 

Первый фильм вышел в прокат в 2023 году  и собрал $634.5 млн при бюджете в $125 млн. 

Как вам фильм? 

Норм 👍
Трэш 🤡
Не смотрел 🍌

**🎬 **@kinostro4ka

 💯 - отлично
❤️ - мне нравится

Мы теперь и в MAX - https://max.ru/thaihub",72,1,,kinostro4ka
11696,2026-04-15T09:02:10+00:00,"Новую ленту **Зака Снайдера** **Скандалист (Brawler)** - описывают, как ""высокоинтенсивную, насыщенную событиями постановку"". 

Цель Снайдера - оживить суровый мир драк с помощью необузданной энергии, мощного повествования и сцен, наполненных адреналином. 

Фильм расскажет о простом парне, который пытается добиться успеха в мире боев UFC. 

Продюсером ленты выступает президент UFC Дана Уайт. UFC (Ultimate Fighting Championship) - спортивная организация, проводящая бои по смешанным единоборствам. 

Нравятся такие бои? 

Да 👍
Нет 🍌

**🎬 **@kinostro4ka

 💯 - отлично
❤️ - мне нравится

Мы теперь и в MAX - https://max.ru/thaihub",74,1,,kinostro4ka
11694,2026-04-15T07:03:10+00:00,"Триллер **Убийца-психопат (Psycho Killer)** - вышел онлайн. 

Злобный маньяк по кличке Сатанинский Потрошитель - убивает мужа офицера Джейн Торн. Одержимая местью - безутешная вдова годами разыскивает душегуба. 

Сценарий: Эндрю Кевин Уокер (""Семь"", ""8 мм"", ""Сонная лощина""). 

Интересно 👍
НЕ интересно 🍌

#НовинкиОнлайн

**🎬 **@kinostro4ka

 💯 - отлично
❤️ - мне нравится

Мы теперь и в MAX - https://max.ru/thaihub",71,2,,kinostro4ka
11687,2026-04-15T06:02:12+00:00,"Ана де Армас

Красотуля ❤️
Норм 👍
Страшилка 🤪

**🎬 **@kinostro4ka

 💯 - отлично
❤️ - мне нравится

Мы теперь и в MAX - https://max.ru/thaihub",61,2,,kinostro4ka
11686,2026-04-14T17:04:56+00:00,"**🎬 **@kinostro4ka

 💯 - отлично
❤️ - мне нравится

Мы теперь и в MAX - https://max.ru/thaihub",112,1,,kinostro4ka
11683,2026-04-14T15:03:34+00:00,"**Джона Хилл** рассказал, что тайно женился на своей давней возлюбленной Оливии Миллар и у пары двое детей. 

Хилл: ""Теперь у меня двое детей. Единственное, что может оторвать меня от семьи - это монтажная комната. Я обожаю создать сценарии, люблю снимать, но монтаж - это мой личный фаворит"".

Имеют ли право звезды скрывать такую важную вещь как брак? 

Да 👍
Нет. Они публичные личности и не должны скрывать свои семьи 🔥

**🎬 **@kinostro4ka

 💯 - отлично
❤️ - мне нравится

Мы теперь и в MAX - https://max.ru/thaihub",78,1,,kinostro4ka
11682,2026-04-14T13:01:34+00:00,"Хоррор-комедия **Я иду искать 2 (Ready or Not 2: Here I Came)** - вышла онлайн. 

Фильм собрал по миру **$33 млн** при бюджете в $14 млн. 

Как вам фильм? 

Норм 👍
Трэш 🤡
Не смотрел 🍌

#НовинкиОнлайн

**🎬 **@kinostro4ka

 💯 - отлично
❤️ - мне нравится

Мы теперь и в MAX - https://max.ru/thaihub",93,2,,kinostro4ka
11680,2026-04-14T12:33:18+00:00,"Первый постер и трейлер хоррора «**Астрал 6**» 👹

Молодая мать по имени Джемма обнаруживает способность путешествовать в потусторонний мир и возвращать мертвых в реальность. Из-за этого ее начинают преследовать темные силы, желающие воспользоваться ее даром. К своей роли вернулась **Лин Шэй**. Премьера фильма состоится **21 августа**

😈** **[**@kinostro4ka**](https://t.me/+z-hmp7BtE10wMmJi)

 💯 - отлично
❤️ - мне нравится

Мы теперь и в MAX - https://max.ru/thaihub",81,0,,kinostro4ka
11679,2026-04-14T12:33:09+00:00,"Первый постер и трейлер хоррора «**Астрал 6**» 👹

Молодая мать по имени Джемма обнаруживает способность путешествовать в потусторонний мир и возвращать мертвых в реальность. Из-за этого ее начинают преследовать темные силы, желающие воспользоваться ее даром. К своей роли вернулась **Лин Шэй**. Премьера фильма состоится **21 августа**

😈** **[**@kinostro4ka**](https://t.me/+z-hmp7BtE10wMmJi)

 💯 - отлично
❤️ - мне нравится

Мы теперь и в MAX - https://max.ru/thaihub",82,1,,kinostro4ka
11678,2026-04-14T11:04:52+00:00,"Трейлер триллера **Враг внутри (An Enemy Within)**.

Киллер, известный как Волк - ставит Калеба Уингейта перед выбором, кому жить, а кому умереть в день его свадьбы.

Премьера - 2026

**🎬 **@kinostro4ka

 💯 - отлично
❤️ - мне нравится

Мы теперь и в MAX - https://max.ru/thaihub",73,1,,kinostro4ka
11677,2026-04-14T09:17:09+00:00,"**Сони** готовит анимационный фильм по «**Bloodborne**» с взрослым рейтингом 😈

По словам продюсера **Сэнфорд Пани**, это будет адаптация, максимально верная мрачному и кровавому духу оригинальной игры. Также по играм **FromSoftware** готовятся и другие проекты: сейчас идет подготовка к съемкам фильма по «**Elden Ring**», которым занимается **Алекс Гарленд**, а по «**Sekiro: Shadows Die Twice**» выйдет аниме уже в этом году

😈** **[**@kinostro4ka**](https://t.me/+z-hmp7BtE10wMmJi)

 💯 - отлично
❤️ - мне нравится

Мы теперь и в MAX - https://max.ru/thaihub",73,1,,kinostro4ka
11674,2026-04-14T09:02:10+00:00,"**Сидни Суини** может сыграть **Эмму Фрост** в киновселенной Marvel. 

Фрост - мутант-телепат, способная к псионическим атакам. Еще одна еë суперспособность - она превращается в органический алмаз, который выдерживает любые повреждения. 

Похожа ❤️
НЕ похожа 🍌

**🎬 **@kinostro4ka

 💯 - отлично
❤️ - мне нравится

Мы теперь и в MAX - https://max.ru/thaihub",69,1,,kinostro4ka
11669,2026-04-14T07:23:34+00:00,"Новые кадры «**Человек-паук: За пределами вселенных**» показали на фестивале **CinemaCon 🕸**

Посетителям также продемонстрировали сцену из начала фильма, в которой возвращается **Кингпин**. Премьера триквела сейчас запланирована на **18 июня 2027**. Изначально фильм собирались выпустить еще **в марте 2024**, но производство затянулось и мультфильм несколько раз переносили

😈** **[**@kinostro4ka**](https://t.me/+z-hmp7BtE10wMmJi)

 💯 - отлично
❤️ - мне нравится

Мы теперь и в MAX - https://max.ru/thaihub",52,1,,kinostro4ka
11668,2026-04-14T07:04:50+00:00,"Фантастической ленте **Мандалорец и Грогу (The Mandalorian and Grogu)** - прогнозируют старт в **$70-85 млн** в домашнем прокате. 

По меркам франшизы ""Звездные войны"" - это очень мало. В новейшей истории этой киноэпопеи (после 2015 года) - пока худший старт был у ""Соло. Звездные войны: Истории"" (старт - $84 млн). 

Премьера - 22 мая 

Ждем 👍
НЕ ждем 🍌

**🎬 **@kinostro4ka

 💯 - отлично
❤️ - мне нравится

Мы теперь и в MAX - https://max.ru/thaihub",54,1,,kinostro4ka
11661,2026-04-14T06:01:54+00:00,"Сара Мишель Геллар

Красотуля ❤️
Норм 👍
Страшилка 🤪

**🎬 **@kinostro4ka

 💯 - отлично
❤️ - мне нравится

Мы теперь и в MAX - https://max.ru/thaihub",52,1,,kinostro4ka
11660,2026-04-13T19:18:09+00:00,"Хакеры слили в сеть новую полнометражку по «**Аватару**» 🧨

Дата выхода была запланирована на **октябрь**. Группировка **PeggleCrew** заявила, что пошла на это после решения **Paramount Pictures** отменить кинотеатральный показ «**Легенды об Аанге: Последний маг воздуха**» и фактически прекратить его продвижение. По словам участников группы, им удалось взломать ресурсы студии и получить полную версию фильма в отличном качестве. Анимационный фильм рассказывает о взрослых персонажах оригинальной истории

😈** **[**@kinostro4ka**](https://t.me/+z-hmp7BtE10wMmJi)

 💯 - отлично
❤️ - мне нравится

Мы теперь и в MAX - https://max.ru/thaihub",81,1,,kinostro4ka
11652,2026-04-13T17:04:44+00:00,"Энн Хатауэй

Красотуля ❤️
Норм 👍
Страшилка 🤪

**🎬 **@kinostro4ka

 💯 - отлично
❤️ - мне нравится

Мы теперь и в MAX - https://max.ru/thaihub",69,1,,kinostro4ka
11651,2026-04-13T16:16:23+00:00,"У фанатов супергероики на прошлой неделе случился настоящий праздник 🥳

Сразу три сериала по разным вселенным показывают отличные результаты. Четвертый эпизод второго сезона «**Сорвиголовы: Рожденный заново**» получил **9,5** на **IMDb** — это **самый высокооцененный эпизод** за два сезона. «**Неуязвимый**» тоже не сбавляет обороты: шестая серия получила **9,2 балла**. Параллельно на **Амазон** стартовал финальный сезон «**Пацанов**», у которого с оценками тоже все круто — премьерный эпизод набрал** 9,1**

😈** **[**@kinostro4ka**](https://t.me/+z-hmp7BtE10wMmJi)

 💯 - отлично
❤️ - мне нравится

Мы теперь и в MAX - https://max.ru/thaihub",76,1,,kinostro4ka
11647,2026-04-13T15:04:57+00:00,"**Рэйф Файнс** об идеальном **Волан-Де-Морте** для сериала **Гарри Поттер (Harry Potter)**.

Файнс: ""Меня часто спрашивают, вернулся бы я к этой роли. Я отвечаю: ""Поезд ушел""... Что касается **Тильды Суинтон** в этой роли - она была бы великолепна"".

Суинтон была бы великолепна ❤️
Суинтон там только не хватало 🙈

**🎬 **@kinostro4ka

 💯 - отлично
❤️ - мне нравится

Мы теперь и в MAX - https://max.ru/thaihub",67,1,,kinostro4ka
11645,2026-04-13T13:09:01+00:00,"Новый постер и трейлер фильма «**Голодные игры: Рассвет Жатвы**» 🐍

Приквел расскажет о событиях 50х игр, в которых участвовал молодой** Хеймитч**, в оригинальных фильмах его играл **Вуди Харрельсо**н. Сценарий к картине пишет **Билли Рэй**, работавший над первой частью франшизы. Премьера состоится **20 ноября**

😈** **[**@kinostro4ka**](https://t.me/+z-hmp7BtE10wMmJi)

 💯 - отлично
❤️ - мне нравится

Мы теперь и в MAX - https://max.ru/thaihub",64,1,,kinostro4ka
11642,2026-04-13T13:03:52+00:00,"**Карл Урбан** хотел бы сыграть в экранизации вестерн-игры **Red Dead Redemption**.

Урбан: ""Я бы с удовольствием сыграл Джона Марстона. Red Dead Redemption - одна из моих любимых игр. У меня не было особой возможности сильно погрузиться в игровую культуру. Когда же мне выпадала редкая возможность поиграть - RDR однозначно была одной из игр, которая меня реально зацепила"".

Знаю такую игру 👍
Первый раз слышу 🍌

**🎬 **@kinostro4ka

 💯 - отлично
❤️ - мне нравится

Мы теперь и в MAX - https://max.ru/thaihub",45,1,,kinostro4ka
11636,2026-04-13T11:03:50+00:00,"Райан Гослинг и Рокки из фильма **Проект ""Конец света"" (Project Hail Mary)**. 

Как вам фильм? 

Норм 👍
Скукота 🤡
Не смотрел 🍌

**🎬 **@kinostro4ka

 💯 - отлично
❤️ - мне нравится

Мы теперь и в MAX - https://max.ru/thaihub",44,1,,kinostro4ka
11635,2026-04-13T09:04:47+00:00,"Исполнитель роли Хоумлендера в сериале ""Пацаны"" **Энтони Старр** - рассказал, что ему часто предлагают **молоко**, когда он находится в общественных местах.

Старр: ""Официанты делают вид, что это очень круто, затем принимают заказ на напитки и говорят: ""Как насчет молока, сэр?"" Я отказываюсь от молока, но понимаю шутку"".

А вы поняли шутку? 

Понял 😁
НЕ понял 🍌

**🎬 **@kinostro4ka

 💯 - отлично
❤️ - мне нравится

Мы теперь и в MAX - https://max.ru/thaihub",44,1,,kinostro4ka
11632,2026-04-13T07:03:57+00:00,"**Стивен Спилберг** рассказал, как работал над лентой **Интерстеллар**.

Спилберг работал над фильмом около года . Но его не устраивал сценарий. После отказа от съемок - сценарист Джонатан Нолан порекомендовал на пост режиссера своего брата Кристофера. 

Спилберг: ""Джонатан был абсолютно прав. В ту же секунду, когда я решил отказаться от участия - Крис Нолан присоединился к нам на следующий день. В руках Криса Нолана фильм получился куда лучше, чем в моих"".

Как вам ""Интерстеллар""? 

Великий шедевр 🔥
Норм 👍
Сильно перехвален 🍌

**🎬 **@kinostro4ka

 💯 - отлично
❤️ - мне нравится

Мы теперь и в MAX - https://max.ru/thaihub",47,1,,kinostro4ka
11630,2026-04-13T06:01:12+00:00,"У фантастического боевика **Мортал Комбат 2 (Mortal Kombat 2)** - солидные предварительные продажи билетов.

С таким зрительским ажиотажем ленте прогнозируют старт в США в **$40-50 млн**.

Первая честь в 2021 году стартовала с $23.3 млн.

Премьера - 15 мая

Ждем 👍
НЕ ждем 🍌

**🎬 **@kinostro4ka

 💯 - отлично
❤️ - мне нравится

Мы теперь и в MAX - https://max.ru/thaihub",50,1,,kinostro4ka
11629,2026-04-12T16:05:54+00:00,"**Том Холланд** рассматривается на роль следующего **Джеймса Бонда**.

Бонд 👍
Пупсик 🙈
Да давайте уже хоть кого-нибудь и начинайте снимать наконец-то! 🔥

**🎬 **@kinostro4ka

 💯 - отлично
❤️ - мне нравится

Мы теперь и в MAX - https://max.ru/thaihub",68,1,,kinostro4ka
11624,2026-04-12T15:01:43+00:00,"Кадры из фантастической ленты **Голодные игры: Рассвет Жатвы (The Hunger Games: Sunrise on the Reaping)**.

Фильм станет приквелом основной истории. В центре сюжета - молодой Хеймитч Эбернати, победитель 50-х Голодных игр и наставник Китнисс. 

Премьера - 19 ноября 2026 

Ждем 👍
НЕ ждем 🤡
Не смотрел ни одной части 🍌

**🎬 **@kinostro4ka

 💯 - отлично
❤️ - мне нравится

Мы теперь и в MAX - https://max.ru/thaihub",56,1,,kinostro4ka
11623,2026-04-12T13:04:34+00:00,"**🎬 **@kinostro4ka

 💯 - отлично
❤️ - мне нравится

Мы теперь и в MAX - https://max.ru/thaihub",57,1,,kinostro4ka
11620,2026-04-12T10:03:31+00:00,"Русский трейлер и пара постеров 2 сезона нашумевшего многосерийного триллера **Каштановый человечек (The Chestnut Man: Hide and Seek)**.

В 1 сезоне рассказывалось о двух детективах, которые расследовали дело об исчезновении ребенка известного политика. 

Премьера на Netflix - 7 мая

Как вам 1 сезон? 

Норм 👍
Скукота 🤡
Не смотрел 🍌

**🎬 **@kinostro4ka

 💯 - отлично
❤️ - мне нравится

Мы теперь и в MAX - https://max.ru/thaihub",45,1,,kinostro4ka
11619,2026-04-12T09:01:29+00:00,"Отрывок из хоррора Ли Кронина (""Восстание зловещих мертвецов"") **Мумия (The Mummy)**.

Юная дочь журналиста пропадает в пустыне. Через 8 лет она возвращается. Но радостного воссоединения не получается. 

Премьера - 17 апреля

**🎬 **@kinostro4ka

 💯 - отлично
❤️ - мне нравится

Мы теперь и в MAX - https://max.ru/thaihub",58,1,,kinostro4ka
11616,2026-04-12T07:03:17+00:00,"**Элизабет Олсен** - ожидает первенца!! 

Олсен известна по таким лентам, как ""Годзилла"" (2014), ""Ветреная река"", ""Олдбой"" (2013) и по роли Ванды в киновселенной Marvel.

**🎬 **@kinostro4ka

 💯 - отлично
❤️ - мне нравится

Мы теперь и в MAX - https://max.ru/thaihub",60,1,,kinostro4ka
11614,2026-04-12T06:05:15+00:00,"Тизер-трейлер многосерийного комедийного хоррора **Бухта вдов (Widow's Bay)**.

Скептически настроенный нрвый мэр городка в Новой Англии - отказывается принимать суеверия местных жителей, которые утверждают, что это место проклято. 

Премьера - 29 апреля

**🎬 **@kinostro4ka

 💯 - отлично
❤️ - мне нравится

Мы теперь и в MAX - https://max.ru/thaihub",62,1,,kinostro4ka
11613,2026-04-11T17:04:34+00:00,"Сервис по продаже билетов Fandango составил **TOP-10 самых ожидаемых фильмов Лета-2026 года**:

1. История игрушек 5

2. Человек-паук: Совершенно новый день

3. Дьявол носит Prada 2

4. Одиссея

5. Очень страшное кино 6

6. Моана

7. Миньоны и монстры

8. Мортал Комбат 2

9. Супергёрл

10. Астрал 6

**🎬 **@kinostro4ka

 💯 - отлично
❤️ - мне нравится

Мы теперь и в MAX - https://max.ru/thaihub",73,1,,kinostro4ka
11605,2026-04-11T15:03:09+00:00,"Том Харди на пляже на Барбадосе 🏖🏝⛱

Как вы относитесь к татуировкам? 

Положительно 👍
Отрицательно 🙈

**🎬 **@kinostro4ka

 💯 - отлично
❤️ - мне нравится

Мы теперь и в MAX - https://max.ru/thaihub",55,1,,kinostro4ka
11598,2026-04-11T13:04:42+00:00,"**Ноа Уйали** (""Скорая помощь"", ""Больница Питт"") - получил именную звезду на Голливудской Аллее Славы. 

Заслужил 👍
НЕ заслужил 🍌

**🎬 **@kinostro4ka

 💯 - отлично
❤️ - мне нравится

Мы теперь и в MAX - https://max.ru/thaihub",47,1,,kinostro4ka
11597,2026-04-11T11:03:13+00:00,"У **Сидни Суини** будут ""горячие"" сцены в 3 сезоне сериала **Эйфория (Euphoria)**.

Премьера - 12 апреля

Чего ждете от Суини? 

Горячие сцены 🍌
Выдающейся актерской игры ❤️

**🎬 **@kinostro4ka

 💯 - отлично
❤️ - мне нравится

Мы теперь и в MAX - https://max.ru/thaihub",54,1,,kinostro4ka
11592,2026-04-11T09:05:33+00:00,"Маккенна Грейс

Красотуля ❤️
Норм 👍
Страшилка 🤪

**🎬 **@kinostro4ka

 💯 - отлично
❤️ - мне нравится

Мы теперь и в MAX - https://max.ru/thaihub",57,1,,kinostro4ka
11584,2026-04-11T07:04:13+00:00,"Ведро для попкорна фантастического боевика **Мортал Комбат 2 (Mortal Kombat 2)**.

Премьера - 15 мая

Самое крутое ведро 👍
НЕ самое крутое ведро 🍌

**🎬 **@kinostro4ka

 💯 - отлично
❤️ - мне нравится

Мы теперь и в MAX - https://max.ru/thaihub",46,1,,kinostro4ka
11580,2026-04-11T06:00:33+00:00,"Стартовали съемки музыкально-биографического фильма **Баста. Начало игры**.

Сюжет расскажет о становлении Басты (Василия Вакуленко) в Ростове конца 90-х-начала 00х годов. 

Молодого Басту сыграет Слава Копейкин (""Слово пацана: Кровь на асфальте"").

Похож 👍
НЕ похож 🍌

**🎬 **@kinostro4ka

 💯 - отлично
❤️ - мне нравится

Мы теперь и в MAX - https://max.ru/thaihub",44,1,,kinostro4ka
11579,2026-04-10T21:28:54+00:00,Новости кино и сериалов. Свежие трейлеры фильмов. Наш канал в MAX - 💥 https://max.ru/thaihub 💥 Не знаешь что посмотреть этим вечером? Мы подскажем. Загляни к нам и ты не пожалеешь.,48,0,,kinostro4ka
11578,2026-04-10T17:02:00+00:00,"Трейлер анимационно-игрового фильма **Смешарики сквозь вселенные**.

Главные герои Крош и Ёжик находят устройство, которое переносит их в игру про будущее. 

В ролях: Людмила Артемьева, Александр Лыков, Иван Агапов, Ян Цапник, Николай Добрынин.

Премьера - 6 августа

Ждем 👍
НЕ ждем 🍌

**🎬 **@kinostro4ka

 💯 - отлично
❤️ - мне нравится

Мы теперь и в MAX - https://max.ru/thaihub",54,1,,kinostro4ka
11577,2026-04-10T15:04:33+00:00,"Боевик **Тайлер Рейк: Операция по спасению 3 (Extraction 3)** - официально запущен в производство на Netflix.

Сьемки ленты стартуют летом.

Предыдущие два фильма рассказывали о наемнике Тайлере Рейке (Крис Хемсворт), которого нанимают выполнять самые трудные миссии. 

Крутяк. Ждем 👍
НЕ ждем 🤡
Не смотрел прошлые 🍌

**🎬 **@kinostro4ka

 💯 - отлично
❤️ - мне нравится

Мы теперь и в MAX - https://max.ru/thaihub",59,1,,kinostro4ka
11576,2026-04-10T14:12:09+00:00,"Постер финального сезона «**Благих знамений**» 😈

Изначально продолжение задумывалось как полноценный сезон, однако концепцию пришлось переработать на фоне скандала вокруг **Нила Геймана**. По слухам, общий хронометраж составит около **90 минут**. Премьера **13 мая**

😈[ **@kinostro4ka**](https://t.me/+z-hmp7BtE10wMmJi)

 💯 - отлично
❤️ - мне нравится

Мы теперь и в MAX - https://max.ru/thaihub",50,1,,kinostro4ka
11575,2026-04-10T13:04:13+00:00,"**Ума Турман** вернется к своей роли во 2 сезоне многосерийного триллера **Декстер: Воскрешение (Dexter: Resurrection)**.

Сериал является прямым продолжением сериала ""Декстер: Новая кровь"".

Майкл Си Холл вернется к роли Декстера. 

Премьера - осень 2026

Как вам сериал? 

Крутяк 👍
Трэшак 🤡
Не смотрел 🍌

**🎬 **@kinostro4ka

 💯 - отлично
❤️ - мне нравится

Мы теперь и в MAX - https://max.ru/thaihub",52,1,,kinostro4ka
11574,2026-04-10T12:06:09+00:00,"Комедийный сериал «**Рустер**» с **Стивом Кареллом** заранее продлили на второй сезон 🐓

Проект стал одним из самых успешных комедийных шоу **HBO **за последние десять лет по числу зрителей, поэтому решение о продлении приняли быстро. Создателем сериала выступает **Билл Лоуренс** («**Тед Лассо**», «**Терапия**»)

😈[ **@kinostro4ka**](https://t.me/+z-hmp7BtE10wMmJi)

 💯 - отлично
❤️ - мне нравится

Мы теперь и в MAX - https://max.ru/thaihub",60,1,,kinostro4ka
11573,2026-04-10T11:04:47+00:00,"Постер боевика с Джейсоном Стэтемом **Мятеж (Mutiny)**.

Сюжет: На глазах у Коула Рида (Стэтем) убивают его босса-миллиардера. Коул становится главным подозреваемым и пускается в бега. 

Премьера - 21 августа

Ждем 👍
НЕ ждем. Стэтем надоел 🍌

**🎬 **@kinostro4ka

 💯 - отлично
❤️ - мне нравится

Мы теперь и в MAX - https://max.ru/thaihub",54,1,,kinostro4ka
11565,2026-04-10T09:01:36+00:00,"Сидни Суини

Красотуля ❤️
Норм 👍
Страшилка 🤪

**🎬 **@kinostro4ka

 💯 - отлично
❤️ - мне нравится

Мы теперь и в MAX - https://max.ru/thaihub",45,1,,kinostro4ka
11564,2026-04-10T07:05:31+00:00,"Финальный трейлер биографического фильма **Майкл (Michael)** о поп-звезде Майкле Джексоне. 

Премьера - 24 апреля

**🎬 **@kinostro4ka

 💯 - отлично
❤️ - мне нравится

Мы теперь и в MAX - https://max.ru/thaihub",43,2,,kinostro4ka
11555,2026-04-10T06:04:16+00:00,"Энн Хатауэй и Мерил Стрип на японской премьере драмеди **Дьявол носит Prada 2 (Devil Wears Prada 2)**.

Первый фильм вышел в 2006 года и собрал в прокате $327 млн при бюджете в $35 млн. 

Сиквел выйдет в прокат 1 мая 2026 года.

Ждем 👍
НЕ ждем 🤡
Не смотрел 🍌

**🎬 **@kinostro4ka

 💯 - отлично
❤️ - мне нравится

Мы теперь и в MAX - https://max.ru/thaihub",32,1,,kinostro4ka
11551,2026-04-09T17:02:37+00:00,"Пара роликов  фантастического боевика **Мортал Комбат 2 (Mortal Kombat 2)**.

Премьера - 15 мая

Ждем 👍
НЕ ждем 🍌

**🎬 **@kinostro4ka

 💯 - отлично
❤️ - мне нравится

Мы теперь и в MAX - https://max.ru/thaihub",46,1,,kinostro4ka
11550,2026-04-09T16:17:00+00:00,"Первый трейлер спешла «**Каратель: Последнее убийство**»💀

Ранее **Джон Бернтал** пообещал фанатам, что часовой спешл будет мрачным и жестоким. Актер выступает соавтором спецвыпуска и говорит, что у его персонажа нет никакого желания выбираться из тьмы. Также он описал историю как выстрел из дробовика. Премьера состоится **12 мая**, через неделю после выхода финальной серии второго сезона «**Сорвиголовы**»

😈[ **@kinostro4ka**](https://t.me/+z-hmp7BtE10wMmJi)

 💯 - отлично
❤️ - мне нравится

Мы теперь и в MAX - https://max.ru/thaihub",38,1,,kinostro4ka
11547,2026-04-09T15:12:27+00:00,"Первые кадры мультфильма «**Рэй Ганн**» от  **Брэда Берда** («**Суперсемейка**», «**Рататуй**») 🛸

Сюжет разворачивается в футуристическом городе Метропия в альтернативной версии будущего и рассказывает о частном детективе, который расследует дело, связанное с пришельцами, убийством и загадочной звездой. Главные роли озвучили **Сэм Рокуэлл, Скарлетт Йоханссон** и **Том Уэйтс**. Обещают выпустить на **Нетфликсе** очень скоро

😈[ **@kinostro4ka**](https://t.me/+z-hmp7BtE10wMmJi)

 💯 - отлично
❤️ - мне нравится

Мы теперь и в MAX - https://max.ru/thaihub",28,1,,kinostro4ka
11539,2026-04-09T15:05:12+00:00,"Эйса Гонсалес

Красотуля ❤️
Норм 👍
Страшилка 🤪

**🎬 **@kinostro4ka

 💯 - отлично
❤️ - мне нравится

Мы теперь и в MAX - https://max.ru/thaihub",31,1,,kinostro4ka
11538,2026-04-09T13:04:09+00:00,"**Энди Серкис** вернется к роли дворецкого **Альфреда** в ленте Мэтта Ривза **Бэтмен 2 (Batman: Part 2)**.

Съемки фильма начнутся в июне. 

В остальных ролях предварительно: Роберт Паттинсон, Марк Хэммилл, Сэмюэл Л. Джексон, Скарлетт Йоханссон, Барри Кеоган, Себастьян Стэн и Колин Фаррелл. 

Ждем 👍
НЕ ждем 🍌

**🎬 **@kinostro4ka

 💯 - отлично
❤️ - мне нравится

Мы теперь и в MAX - https://max.ru/thaihub",38,1,,kinostro4ka
11537,2026-04-09T11:03:09+00:00,"Многосерийный триллер **Память убийцы (Memory of a Killer)** - продлили на 2 сезон.

Стремительно теряющий память киллер (Патрик Демпси) - пытается завершить свое последнее дело. 

Как вам сериал? 

Норм 👍
Трэш 🤡
Не смотрел 🍌

**🎬 **@kinostro4ka

 💯 - отлично
❤️ - мне нравится

Мы теперь и в MAX - https://max.ru/thaihub",41,1,,kinostro4ka
11536,2026-04-09T09:05:41+00:00,"Джош Дюамель в трейлере экшн-триллера **Запущенный (Neglected)**.

Детектив Шоу (Дюамель) в свой последний день на службе оказывается втянут в опасную игру с чудовищным маньяком. 

Премьера - апрель

**🎬 **@kinostro4ka

 💯 - отлично
❤️ - мне нравится

Мы теперь и в MAX - https://max.ru/thaihub",36,1,,kinostro4ka
11528,2026-04-09T07:01:31+00:00,"Джуд Лоу

**🎬 **@kinostro4ka

 💯 - отлично
❤️ - мне нравится

Мы теперь и в MAX - https://max.ru/thaihub",33,1,,kinostro4ka
11527,2026-04-09T06:00:53+00:00,"**Дженна Ортега** может сыграть в ленте **Гремлины 3 (Gremlins)**.

Лента выйдет в прокат в 2027 году. 

Снимет ленту сценарист первого фильма Крис Коламбус.

Первая лента вышла в прокат в 1984 году и стала колоссальнвм кассовым хитом. Фильм собрал $212 млн при бюджете в $11 млн.

Ждем 👍
НЕ ждем 🤡
Ждем, но без Ортеги ❤️

**🎬 **@kinostro4ka

 💯 - отлично
❤️ - мне нравится

Мы теперь и в MAX - https://max.ru/thaihub",38,1,,kinostro4ka
11526,2026-04-08T17:05:02+00:00,"**Энди Серкис** рассказал, что **Питер Джексон** ""правда очень хочет"" снять **Приключения Тинтина 2 (The Aventures of Tintin)**.

Первый мультфильм по мотивам популярного бельгийского комикса о молодом репортере Тинтине - снял Стивен Спилберг. Фильм вышел в 2011 и особого успеха не имел. Лента собрала в прокате лишь $374 млн при бюджете в $135 млн. Что объективно выглядит не так плохо, но для сьемок сиквела этого оказалось недостаточно. 

Питер Джексон планировал снять продолжение сразу же. Но слабые кассовые сборы отложили проект в долгий ящик. 

Ждем 👍
НЕ ждем 🍌

**🎬 **@kinostro4ka

 💯 - отлично
❤️ - мне нравится

Мы теперь и в MAX - https://max.ru/thaihub",47,0,,kinostro4ka
11523,2026-04-08T15:01:26+00:00,"**Джессика Лэнг** на промо-кадрах из 13 сезона сериала **Американская история ужасов (American Horror Story)**.

В ролях: Эван Питерс, Сара Полсон, Эмма Робертс и Армана Гранде

Премьера - 2026

Крутяк. Ждем 👍
НЕ ждем. Давно надоело 🤡 
Никогда не смотрел 🍌

**🎬 **@kinostro4ka

 💯 - отлично
❤️ - мне нравится

Мы теперь и в MAX - https://max.ru/thaihub",40,0,,kinostro4ka
11522,2026-04-08T14:20:24+00:00,"**Завершился** третий сезон «**Терапии**» с **Джейсоном Сигелом** и **Харрисоном Фордом** 🚑

Создатель **Билл Лоуренс **подтвердил, что сериал получит продолжение, однако следующий сезон начнет новую историю с временным скачком в несколько лет, сохранив при этом тех же персонажей

😈[ **@kinostro4ka**](https://t.me/+z-hmp7BtE10wMmJi)

 💯 - отлично
❤️ - мне нравится

Мы теперь и в MAX - https://max.ru/thaihub",38,1,,kinostro4ka
11518,2026-04-08T13:03:07+00:00,"Русский трейлер и пара постеров драмеди **Дьявол носит Prada 2 (Devil Wears Prada 2)**.

Первый фильм вышел в 2006 года и собрал в прокате $327 млн при бюджете в $35 млн. 

Сиквел выйдет в прокат 1 мая 2026 года.

Ждем 👍
НЕ ждем 🤡
Не смотрел 🍌

**🎬 **@kinostro4ka

 💯 - отлично
❤️ - мне нравится

Мы теперь и в MAX - https://max.ru/thaihub",37,1,,kinostro4ka
11517,2026-04-08T11:20:26+00:00,"💯 - отлично
❤️ - мне нравится

Мы теперь и в MAX - https://max.ru/thaihub",42,1,,kinostro4ka
11513,2026-04-08T11:20:24+00:00,"**Эпл** сообщили, что второй сезон фантастического сериала «**Темная материя**» стартует **28 августа** 🧪

В продолжение войдет **10 эпизодов**, анонс сопровождался первыми кадрами нового сезона. В первом сезоне физик **Джейсон Дессен** оказывается в альтернативной версии своей жизни. Чтобы вернуться к семье, он должен будет пройти через ряд параллельных реальностей и столкнуться с альтернативной версией самого себя

😈[ **@kinostro4ka**](https://t.me/+z-hmp7BtE10wMmJi)

 💯 - отлично
❤️ - мне нравится

Мы теперь и в MAX - https://max.ru/thaihub",29,1,,kinostro4ka
11512,2026-04-08T11:01:38+00:00,"**Стивен Спилберг** остался в восторге от хоррора **Орудия**.

Спилберг: ""**Я еще не снимал фильмы ужасов**, хотя всегда хотел. Но уже вышло несколько отличных фильмов ужасов, которые удовлетворяют это желание... Когда я смотрю такой классный фильм ужасов, как ""Орудия"" - это не вызывает у меня желания снять фильм ужасов, который был бы таким же страшным, как ""Орудия"". Это настолько меня удовлетворяет, что у меня пропадает желание когда-нибудь снять по-настоящему страшный фильм"".

Видимо, Спилберг забыл, что 50 лет назад снял ""Челюсти"".

Можно ли назвать ""Челюсти"" фильмом ужасов? 

Да 👻
Нет 🍌

**🎬 **@kinostro4ka

 💯 - отлично
❤️ - мне нравится

Мы теперь и в MAX - https://max.ru/thaihub",32,1,,kinostro4ka
11510,2026-04-08T10:02:41+00:00,"Финал «**Пацанов**» стартовал сразу с **двух эпизодов** 💣

В последней главе команда **Билли Бутчера** пытается остановить **Хоумлендера**, стремящегося к бессмертию. Сериал, начавшийся в 2019 году, завершится спустя семь лет. Финал включает **8 серий** и завершится **20 мая**

😈[ **@kinostro4ka**](https://t.me/+z-hmp7BtE10wMmJi)

 💯 - отлично
❤️ - мне нравится

Мы теперь и в MAX - https://max.ru/thaihub",37,1,,kinostro4ka
11509,2026-04-08T10:02:39+00:00,"Финал «**Пацанов**» стартовал сразу с **двух эпизодов** 💣

В последней главе команда **Билли Бутчера** пытается остановить **Хоумлендера**, стремящегося к бессмертию. Сериал, начавшийся в 2019 году, завершится спустя семь лет. Финал включает **8 серий** и завершится **20 мая**

😈[ **@kinostro4ka**](https://t.me/+z-hmp7BtE10wMmJi)

 💯 - отлично
❤️ - мне нравится

Мы теперь и в MAX - https://max.ru/thaihub",30,1,,kinostro4ka
11508,2026-04-08T09:03:52+00:00,"Николас Галицын на промо-кадре фэнтези **Властелины Вселенной (Masters of the Universe, 2026)**.

Фильм рассказывает о герое Хи-Мэне, который воюет со Скелетором на просторах далекой Галактики.

Премьера - 5 июня 2026 года

Ждем 👍
НЕ ждем 🍌

**🎬 **@kinostro4ka

 💯 - отлично
❤️ - мне нравится

Мы теперь и в MAX - https://max.ru/thaihub",31,1,,kinostro4ka
11499,2026-04-08T07:03:31+00:00,"Брэд Питт на кадрах со съемок драматического триллера **Всадники (Riders)**.

Герой Питта переезжает с семьей в Ирландию. Но счастливой тихой жизни не получается - бесследно исчезает его жена. 

Режиссер: Эдвард Бергер (""Конклав"")

**🎬 **@kinostro4ka

 💯 - отлично
❤️ - мне нравится

Мы теперь и в MAX - https://max.ru/thaihub",27,1,,kinostro4ka
11498,2026-04-08T06:00:52+00:00,"Спин-офф ""Пацанов"" под названием **Становление Воут (Rise Vought)** - выйдет в начале 2027 года. 

Сериал расскажет о корпорации Воут, которая разработала сыворотку V, превращающую обычных людей в супергероев. Время действия основного сюжета - 50-е годы XX века.

Крутяк. Ждем 👍
НЕ ждем. ""Пацаны"" надоели 🤡
Не смотрел ""Пацанов"" 🍌

**🎬 **@kinostro4ka

 💯 - отлично
❤️ - мне нравится

Мы теперь и в MAX - https://max.ru/thaihub",39,1,,kinostro4ka
11494,2026-04-07T17:06:03+00:00,"Съемки экранизации фэнтези-игры **Elden Ring** - стартует через неделю. 

Снимет ленту Алекс Гарланд (""Падение Империи""). Джордж Мартин (""Игра престолов"") является автором мифологии игры. На одну из ролей планируют Бена Уишоу (""Парфюмер""). 

Сюжет: Королева Марика Великая правит Междуземьем, страной, в которой ее жители не могут умереть своей смертью. 

Крутяк. Ждем 👍
Не слышал о такой игре 🍌

**🎬 **@kinostro4ka

 💯 - отлично
❤️ - мне нравится

Мы теперь и в MAX - https://max.ru/thaihub",51,1,,kinostro4ka
11493,2026-04-07T15:04:52+00:00,"**Кейт Бекинсейл** намекает на возможность сьемок мистического боевика **Другой мир 6 (Underworld 6)**.

Франшиза рассказывала о вековой борьбе вампиров и оборотней. 

Ждем 👍
НЕ ждем 🤡
Не смотрел ни одной части 🍌

**🎬 **@kinostro4ka

 💯 - отлично
❤️ - мне нравится

Мы теперь и в MAX - https://max.ru/thaihub",46,1,,kinostro4ka
11492,2026-04-07T13:45:29+00:00,"Трейлер девятого сезона «**Рика и Морти**» 🫥

Сериал продолжит выходить уже **24 мая**. **В Adult Swim** заявили, что зрителей ждут **самые масштабные, смелые и амбициозные** эпизоды за всю историю мультсериала

😈[ **@kinostro4ka**](https://t.me/+z-hmp7BtE10wMmJi)

 💯 - отлично
❤️ - мне нравится

Мы теперь и в MAX - https://max.ru/thaihub",43,1,,kinostro4ka
11491,2026-04-07T13:03:02+00:00,"Фанаты хотят **Терри Крюса, Дэйва Батисту, Джона Сина и Джона Бернтала** на главные роли в сериале по серии игр **Gears of Wars**.

Игры представляют собой шутер от третьего лица. 

Сюжет: на планете Сера идет борьба человеческой расы с подземными жителями Саранчой. 

Дэвид Литч (""Быстрее пули"", ""Дэдпул 2"") ведет переговоры о режиссуре. 

Крюс 😍
Батиста 👍
Сина ❤️
Бернтал 🔥

**🎬 **@kinostro4ka

 💯 - отлично
❤️ - мне нравится

Мы теперь и в MAX - https://max.ru/thaihub",36,1,,kinostro4ka
11483,2026-04-07T11:04:26+00:00,"Кадры из сериала **Гарри Поттер (Harry Potter)**. 

Премьера - конец 2026

Крутяк 👍
Трэшак 🍌

**🎬 **@kinostro4ka

 💯 - отлично
❤️ - мне нравится

Мы теперь и в MAX - https://max.ru/thaihub",29,1,,kinostro4ka
11482,2026-04-07T09:04:57+00:00,"**Стивен Спилберг** назвал ленту  **Дюну: Часть вторая** - одним из величайших научно-фантастических фильмов всех времен.

Спилберг: ""Она входит в число моих любимых научно-фантастических фильмов - и не только в последнее время. Я думаю, что 2 часть - лучший фильм, который когда-либо снял Дени Вильнев"".

Как вам ""Дюна 2""? 

Великий шедевр 🔥
Норм 👍
Хорошее средство от бессонницы 🤪

**🎬 **@kinostro4ka

 💯 - отлично
❤️ - мне нравится

Мы теперь и в MAX - https://max.ru/thaihub",43,1,,kinostro4ka
11479,2026-04-07T07:05:13+00:00,"Blumhouse усиленно пытается донести до зрителей, что в хорроре Ли Кронина (""Восстание зловещих мертвецов"") **Мумия (The Mummy)** - **не снимается Брэндан Фрэйзер**.

Юная дочь журналиста пропадает в пустыне. Через 8 лет она возвращается. Но радостного воссоединения не получается. 

Премьера - 7 апреля

**🎬 **@kinostro4ka

 💯 - отлично
❤️ - мне нравится

Мы теперь и в MAX - https://max.ru/thaihub",44,1,,kinostro4ka
11477,2026-04-07T06:04:38+00:00,"Эль Фаннинг в интро сериала **У Марго проблемы с деньгами (Margo's Got Money Troubles)**.

Марго (Фаннинг) оказывается одна, с ребенком на руках и без денег. Чтобы как-то свести концы с концами - она заводит аккаунт на OnlyFans.

Премьера - 15 апреля

**🎬 **@kinostro4ka

 💯 - отлично
❤️ - мне нравится

Мы теперь и в MAX - https://max.ru/thaihub",40,1,,kinostro4ka
11476,2026-04-06T18:06:18+00:00,"**Шэрон Стоун** рассказала о своем отношении к откровенным сценам в современных фильмах. 

Стоун: ""Сейчас, когда по телевизору показывают откровенные сцены - я часто перематываю. Не хочу это видеть. Я не хочу сталкиваться со всей этой откровенной, грубой сексуальностью. **Это отнимает у меня воображение**. А я предпочитаю испытывать тоску, желание. Хочу сохранить это внутри себя"".

Что важнее? 

Воображение ❤️
Натуралистичность 🍌

**🎬 **@kinostro4ka

 💯 - отлично
❤️ - мне нравится

Мы теперь и в MAX - https://max.ru/thaihub",47,1,,kinostro4ka
11475,2026-04-06T16:41:11+00:00,"Финальный сезон «**Пацанов**» получил **100%** на **Томатах** по первым рецензиям 🧨 

Обзорщикам показали 7 из 8 серий. Посмотревшие отмечают, что сезон стал заметно более напряженным и динамичным после тухловатого четвертого. История с самого начала движется к финалу, закрывая ключевые линии персонажей — часто жестко и кроваво. Шоу сохраняет фирменную сатиру и черный юмор, а герои оказываются на пределе, когда последствия их действий выливаются в открытый конфликт. Критики называют сезон мощным и неожиданно глубоким завершением, которое может достойно подвести итог всей истории. И многие отмечают, что если финальный эпизод оправдает ожидания, то сериал точно в итоге обретет культовый статус. Обычным зрителям **первые два эпизода покажут уже 8 апреля**

😈[ **@kinostro4ka**](https://t.me/+z-hmp7BtE10wMmJi)

 💯 - отлично
❤️ - мне нравится

Мы теперь и в MAX - https://max.ru/thaihub",45,1,,kinostro4ka
11474,2026-04-06T16:03:56+00:00,"**Джонатан Мейджорс** (""Крид 3"") и его коллега по фильму ""The Daily Wire"" - **выпали из окна** во время съемок. 

Актеры упали с двухметровой высоты. Но сообщают, что у них ""все хорошо, и продюсеры немедленно позаботились о них"".

Однако, сьемочная команда продюсерам не поверила и объявила забастовку. Работники требует улучшения мер безопасности. 

А вы падали с большой высоты? 

Да 😱
Нет ❤️

**🎬 **@kinostro4ka

 💯 - отлично
❤️ - мне нравится

Мы теперь и в MAX - https://max.ru/thaihub",35,1,,kinostro4ka
11473,2026-04-06T14:37:11+00:00,"**Эрик** Крипке сообщил, что сериал «**Восхождение Воут**» выйдет в первой половине 2027 🪖

Действие спин-оффа «**Пацаны**» развернётся в **1950** и расскажет о **Солдатике и Штормфронт**. Съемки уже завершены, но по словам **Крипке**, задержка выхода связана с производством: на завершение визуальных эффектов требуется около восьми месяцев, после чего **Amazon** понадобится время на локализацию для разных стран

😈[** @kinostro4ka**](https://t.me/newsjetflix)

 💯 - отлично
❤️ - мне нравится

Мы теперь и в MAX - https://max.ru/thaihub",32,1,,kinostro4ka
11472,2026-04-06T14:02:57+00:00,"Трейлер приключенческой драмы **Гохан (Gohan)**.

Бездомный пес по кличке Гохан - уже более 10 лет живет с разными хозяевами, переживает хорошие и плохие времена, радость и горе, встречи и прощания.

Премьера - 21 мая

**🎬 **@kinostro4ka

 💯 - отлично
❤️ - мне нравится

Мы теперь и в MAX - https://max.ru/thaihub",32,1,,kinostro4ka
11463,2026-04-06T12:31:14+00:00,"Вышел документальный фильм о создании сериала «**Гарри Поттер**» 🪄

Хронометраж составил всего **30 минут**, но выпуск получился насыщенным: показали интервью с актерами, закулисье съемок, декорации, концепт-арты и аниматроников. Сам сериал стартует **в декабре**

😈[ **@kinostro4ka**](https://t.me/+z-hmp7BtE10wMmJi)

 💯 - отлично
❤️ - мне нравится

Мы теперь и в MAX - https://max.ru/thaihub",30,1,,kinostro4ka
11455,2026-04-06T12:01:20+00:00,"Майка Монро

Красотуля ❤️
Норм 👍
Страшилка 🤪

**🎬 **@kinostro4ka

 💯 - отлично
❤️ - мне нравится

Мы теперь и в MAX - https://max.ru/thaihub",29,1,,kinostro4ka
11454,2026-04-06T11:12:12+00:00,"**Нетфликс** наконец-то прокомментировал график выхода «**JoJo’s Bizarre Adventure: Steel Ball Run**» 🛞

Стриминг подтвердил, что релиз будет разбит на части. Следующий этап стартует аж** осенью**, и новые серии будут выходить раз в неделю. Решение про такой график изначально заложено в план и согласовано с продюсерами. Заявление появилось на фоне недовольства фанатов, которые активно критиковали сервис в соцсетях

😈[ **@kinostro4ka**](https://t.me/+z-hmp7BtE10wMmJi)

 💯 - отлично
❤️ - мне нравится

Мы теперь и в MAX - https://max.ru/thaihub",32,1,,kinostro4ka
11453,2026-04-06T10:05:08+00:00,"Семья умершего недавно **Чака Норриса** - попросила не публиковать ИИ-ролики к усопшим актером. 

После смерти Норриса - сеть наводнила масса AI-роликов и изображений с его участием. 

""Нам известно, что после смерти Чака в интернете появилось множество видеороликов и сообщений, созданных с помощью искусственного интеллекта. Все они содержат ложную и вводящую в заблуждение информацию об обстоятельствах его смерти, истории болезни и о том, кто присутствовал на его похоронах. Эти видео и картинки абсолютно не соответствуют действительности"".

Как вы относитесь к ИИ-роликам с Норрисом? 

Положительно. Они все крайне уважительны и отдают дань памяти артисту ❤️
Отрицательно. Это кощунство 😡

**🎬 **@kinostro4ka

 💯 - отлично
❤️ - мне нравится

Мы теперь и в MAX - https://max.ru/thaihub",34,1,,kinostro4ka
11452,2026-04-06T08:01:42+00:00,"Сообщают, что **Дженнифер Лопес** и **Бен Аффлек** - снова вместе. 

Это уже минимум третье (!) воссоединение актеров за 25 лет. 

Это притом, что в начале 2025 года пара официально развелась. 

Не верю! 😱
Как здорово! Они созданы друг для друга! ❤️
Старая любовь не ржавеет 🍌

**🎬 **@kinostro4ka

 💯 - отлично
❤️ - мне нравится

Мы теперь и в MAX - https://max.ru/thaihub",43,1,,kinostro4ka
11450,2026-04-06T06:00:40+00:00,"Хавьер Бардем, Патрик Уилсон и Эми Адамс в тизере и на кадрах многосерийной экранизации книги Джона Д. Макдональда **Мыс страха (Cape Fear)**.

Именно по этой книге был снят ""Мыс страха"" (1962) с Грегори Пеком и Робертом Митчемом и его ремейк 1991 года с Робертом Де Ниро и Ником Нолти.

Книга и фильмы рассказывали о семейной паре, которая оказывается втянута в смертельную игру бывшим заключённым. 

Продюсеры: Мартин Скорсезе, Стивен Спилберг.

Премьера - 5 июня

Ждем 👍
НЕ ждем 🍌

**🎬 **@kinostro4ka

 💯 - отлично
❤️ - мне нравится

Мы теперь и в MAX - https://max.ru/thaihub",46,1,,kinostro4ka
11449,2026-04-05T17:03:37+00:00,"Роберт Патрик и его новый железный конь 🏍

**🎬 **@kinostro4ka

 💯 - отлично
❤️ - мне нравится

Мы теперь и в MAX - https://max.ru/thaihub",52,1,,kinostro4ka
11448,2026-04-05T15:01:57+00:00,"**Райан Куглер** (""Грешники"") работает над экранизацией серии книг **Аниморфы (Animorphs)**.

Книги рассказывают о подростках, которым умирающий инопланетянин передает способность превращаться в различных животных. Это позволяет ребятам вступить в борьбу с инопланетными червями-паразитами, которые вселяются в мозг жертвы и контролируют ее тело.

В 1998-1999 годах уже выходил одноименный сериал. 

Хотели бы превращаться в любое животное? 

Да 👍
Нет 🍌

**🎬 **@kinostro4ka

 💯 - отлично
❤️ - мне нравится

Мы теперь и в MAX - https://max.ru/thaihub",53,1,,kinostro4ka
11447,2026-04-05T13:03:38+00:00,"**Брайан Кокс** признался, что отказался от роли губернатора **Уэзерби Суонна** во франшизе **Пираты Карибского моря**, потому, что не хотел работать с Джонни Деппом.

Кокс добавил, что считает Деппа ""таким раздутым, таким переоцененным"".

Депп - красавчик ❤️
Депп - норм 👍
Депп - раздутый и переоцененный 🍌

**🎬 **@kinostro4ka

 💯 - отлично
❤️ - мне нравится

Мы теперь и в MAX - https://max.ru/thaihub",55,1,,kinostro4ka
11444,2026-04-05T11:02:47+00:00,"Согласно голосованию на Ranker - **Марго Робби** признана **самой красивой женщиной в мире**.

На 2 месте Скарлетт Йоханссон, на 3 - Галь Гадот. 

Робби 👍
Йоханссон ❤️
Гадот 😍

**🎬 **@kinostro4ka

 💯 - отлично
❤️ - мне нравится

Мы теперь и в MAX - https://max.ru/thaihub",42,1,,kinostro4ka
11443,2026-04-05T09:01:51+00:00,"Съемки ленты Мэтта Ривза **Бэтмен 2 (Batman: Part 2)** - начнутся на следующей неделе. 

В остальных ролях предварительно: Роберт Паттинсон, Энди Серкис, Марк Хэммилл, Сэмюэл Л. Джексон, Скарлетт Йоханссон, Барри Кеоган, Себастьян Стэн и Колин Фаррелл. 

Ждем 👍
НЕ ждем 🍌

**🎬 **@kinostro4ka

 💯 - отлично
❤️ - мне нравится

Мы теперь и в MAX - https://max.ru/thaihub",55,1,,kinostro4ka
11441,2026-04-05T07:03:02+00:00,"**Блейк Лайвли** (""Отмель"") проиграла в суде **Джастину Бальдони**.

Судья отклонил 9 из 13 обвинений со стороны актрисы, включая пункты о домогательствах, клевете и сговоре. 

Конфликт между Лайвли и Бальдони начался во время работы над фильмом **Все закончится на нас**, где оба актера  играли главные роли. 

В исках актрисы от 2024 года значились различные предполагаемые правонарушения со стороны Бальдони. Сумма претензий Лайвли оценила в **$161 млн**. В ответном иске Бальдони подал собственные обвинения против Лайвли и ее мужа **Райана Рейнольдса** на **$400 млн**. 

Справедливость - торжествует! 👍
О, нет! Бальдони - явный злодей! 😱
Не слышал об этих разборках 🍌

**🎬 **@kinostro4ka

 💯 - отлично
❤️ - мне нравится

Мы теперь и в MAX - https://max.ru/thaihub",54,1,,kinostro4ka
11440,2026-04-05T06:01:12+00:00,"Дженнифер Гарнер и Николай Костер-Вальдау в отрывке из 2 сезона многосерийного остросюжетного сериала **Последнее, что он сказал мне (The Last Thing He Told Me)**.

Идеальная семья Ханны рушится в один миг с исчезновением ее мужа Оуэна. В процессе поисков Ханна понимает, что вообще не знала своего мужа. 

Во 2 сезоне для просмотра уже доступны 6 серий из 8.

Как вам сериал? 

Норм 👍
Скукота 🤡
Не смотрел 🍌

#НовинкиОнлайн

**🎬 **@kinostro4ka

 💯 - отлично
❤️ - мне нравится

Мы теперь и в MAX - https://max.ru/thaihub",58,1,,kinostro4ka
11439,2026-04-04T17:02:51+00:00,"**Джейми Белл** на промо-кадре продолжения культового сериала **Острые козырьки (Peaky Blinders)**.

Белл сыграл Дюка Шелби, сына Тома Шелби (Киллиан Мерфи).

Сериал будет состоять из 2 новых сезонов по 6 серий в каждом. 

Сюжет: послевоенный Бирмингем, город отстраивают заново, за богатые строительные контракты идет настоящая борьба. Семейство Шелби как обычно в центре происходящего. 

Крутяк. Жду 👍
НЕ жду. История окончена 🤡
Не смотрел 🍌

**🎬 **@kinostro4ka

 💯 - отлично
❤️ - мне нравится

Мы теперь и в MAX - https://max.ru/thaihub",71,1,,kinostro4ka
11438,2026-04-04T15:02:25+00:00,"Тизер фильма о создании сериала ""Гарри Поттер"" под названием **В поисках Гарри: Искусство, стоящее за магией (Finding Harry: The Craft Behind the Magic)**.

Премьера - 5 апреля

Интересны ли вам документалки о съемках фильмов? 

Да 👍
Нет 🍌

**🎬 **@kinostro4ka

 💯 - отлично
❤️ - мне нравится

Мы теперь и в MAX - https://max.ru/thaihub",51,1,,kinostro4ka
11437,2026-04-04T13:04:40+00:00,"Трейлер 2 сезона многосерийной драмеди **Грызня (Beef)**.

Случайная авария двух незнакомцев на парковке - перерастает в настоящую непримиримую вражду. 

Премьера на Netflix - 16 апреля

Как вам сериал? 

Норм 👍
Трэш 🤡
Не смотрел 🍌

**🎬 **@kinostro4ka

 💯 - отлично
❤️ - мне нравится

Мы теперь и в MAX - https://max.ru/thaihub",61,1,,kinostro4ka
11435,2026-04-04T12:01:08+00:00,"**Энди Серкис** подтвердил, что **Вигго Мортенсен** не вернется к роли **Арагорна** в «**Властелин колец: Охота на Голлума**» 💍

По его словам, сейчас ищут другого актера на роль, причины такого решения не уточняются. Но ранее **Мортенсену** предлагали вернуться, а он сначала хотел ознакомиться со сценарием. **Выводы сами напрашиваются**, но возможно это из-за возраста. К своим ролям вернутся **Элайджа Вуд, Иэн Маккеллен** и сам **Серкис**, также ходят инсайды об участии Кейт Уинслет. Премьера запланирована на **конец 2027**

😈[** @kinostro4ka**](https://t.me/newsjetflix)

 💯 - отлично
❤️ - мне нравится

Мы теперь и в MAX - https://max.ru/thaihub",57,1,,kinostro4ka
11434,2026-04-04T11:04:22+00:00,"Трейлер 4 сезона многосерийного хоррора **Извне (From)**.

Сюжет: Обычная семья въезжает в обычный маленький городок. Лучше бы они этого не делали - теперь их жизнь превратилась в бесконечный кошмар. 

Премьера 4 сезона - 18 апреля

Как вам сериал? 

Норм 👍
Такое себе 🤡
Не смотрел 🍌

**🎬 **@kinostro4ka

 💯 - отлично
❤️ - мне нравится

Мы теперь и в MAX - https://max.ru/thaihub",52,1,,kinostro4ka
11433,2026-04-04T09:45:34+00:00,"Экранизация игры «**Resident Evil**» от **Зака Креггера** («**Варвар**», «**Орудия**») получила отличные отзывы на тестовых показах 🦠

По словам посмотревших, это напряженный и динамичный хоррор длительностью около 90 минут с минимумом экспозиции, обилием монстров и акцентом на практические эффекты. Картину описывают как «**Безумный Макс: Дорога ярости**» в жанре ужасов, еще по тону сравнивают с «**Зловещими мертвецами 2**». Сюжет сосредоточен на курьере (**Остин Абрамс**), который во время вирусной вспышки должен доставить загадочный кейс в больницу **Раккун-Сити**. Фильм делает ставку на камерную историю без перегруженного лора и ближе по духу к ранним играм серии. **Sony**, по данным инсайдеров, полностью доверилась режиссеру, предоставив ему полную творческую свободу. Премьера запланирована на **18 сентября**

😈[** @kinostro4ka**](https://t.me/newsjetflix)

 💯 - отлично
❤️ - мне нравится

Мы теперь и в MAX - https://max.ru/thaihub",49,1,,kinostro4ka
11429,2026-04-04T09:02:52+00:00,"Кадры со съемок 3 сезона сериала **Одни из нас (The Last of Us)**.

Ждем 👍
НЕ ждем 🤡
Не смотрел 🍌

**🎬 **@kinostro4ka

 💯 - отлично
❤️ - мне нравится

Мы теперь и в MAX - https://max.ru/thaihub",50,1,,kinostro4ka
11428,2026-04-04T07:03:34+00:00,"3 сезон фантастического сериала **Фоллаут (Fallout)** - начнут снимать в **мае**.

Всего планируют выпустить 6 сезонов.

Как вам сериал? 

Норм 👍
Трэш 🤡
Не смотрел 🍌

**🎬 **@kinostro4ka

 💯 - отлично
❤️ - мне нравится

Мы теперь и в MAX - https://max.ru/thaihub",52,1,,kinostro4ka
11426,2026-04-04T06:01:42+00:00,"Русский трейлер 2 сезона многосерийной драмеди **Грызня (Beef)**.

Случайная авария двух незнакомцев на парковке - перерастает в настоящую непримиримую вражду. 

Премьера на Netflix - 16 апреля

**🎬 **@kinostro4ka

 💯 - отлично
❤️ - мне нравится

Мы теперь и в MAX - https://max.ru/thaihub",45,1,,kinostro4ka
11425,2026-04-03T18:22:45+00:00,https://dzen.ru/b/adACSqt8bD64nidc,51,0,,kinostro4ka
11424,2026-04-03T17:04:34+00:00,"Самые крупные гонорары актерам за фильмы, вышедшие на стриминг-платформах. 

**ТОП-3**:

1. Дэниел Крэйг - $100 млн (""Достать ножи 2-3"") 

2. Брэд Питт - $40 млн (""Приключения Клиффа Бута"") 

3. Дензел Вашингтон - $40 млн (""Дьявол в деталях"")

Заслужили 👍
НЕ заслужили 🍌

**🎬 **@kinostro4ka

 💯 - отлично
❤️ - мне нравится

Мы теперь и в MAX - https://max.ru/thaihub",54,1,,kinostro4ka
11423,2026-04-03T16:16:07+00:00,"К сожалению, **Райан Гослинг **соскочил со съемок в новом фильме** оскароносного режиссерского дуэта Дэниелов **(«**Все везде и сразу**»)  💔

О переговорах стало известно в конце прошлого месяца, однако в итоге сторонам не удалось согласовать съемочный график актера

😈[ **@kinostro4ka**](https://t.me/+z-hmp7BtE10wMmJi)

 💯 - отлично
❤️ - мне нравится

Мы теперь и в MAX - https://max.ru/thaihub",44,1,,kinostro4ka
11422,2026-04-03T15:05:33+00:00,"**Джеймс Макэвой** рассказал о рождении сына, которого он скрывал от общественности 4 года.

Актер признался в интервью, что у него есть 4-х летний сын, о котором никто не знал. Мальчик родился в отношениях с актрисой Лизой Либерти, с которой Макэвой поженился в феврале 2022 года. 

Макэвой: ""Завести ребенка в 42 года, безусловно, в некотором смысле проще"".

У Макэвоя есть еще 15-летний сын от первого брака. 

Весьма странно скрывать рождение ребенка 4 года 😱
Это их личное дело ❤️

**🎬 **@kinostro4ka

 💯 - отлично
❤️ - мне нравится

Мы теперь и в MAX - https://max.ru/thaihub",48,1,,kinostro4ka
11421,2026-04-03T14:20:27+00:00,"По данным **Cryptic HD**, хронометраж эпизодов мультсериала «**Очень странные дела: Истории из 85-го**» составит от **24 до 28 минут**, всего будет **10 серий** 🎲

Сюжет развернется между вторым и третьим сезонами оригинального шоу и закроет некоторые сюжетные линии. В центре окажется новая героиня **Никки Бакстер**, которую озвучила **Одесса Эзайон** («**Марти Великолепный**»), при этом оригинальный актерский состав участия не принимает. Премьера спин-оффа состоится уже** 23 апреля**, и в случае успеха проект может получить продолжение

😈[ **@kinostro4ka**](https://t.me/+z-hmp7BtE10wMmJi)

 💯 - отлично
❤️ - мне нравится

Мы теперь и в MAX - https://max.ru/thaihub",44,1,,kinostro4ka
11417,2026-04-03T13:06:19+00:00,"Трейлер и странные тизеры хоррор-сериала «**Бухта вдов**» от **Apple TV+** 🦀

Сюжет расскажет о новом мэре города **Уидоу Бэй**, который не верит в суеверия жителей, считающих, что их город проклят. Премьера состоится **29 апреля**

😈[ **@kinostro4ka**](https://t.me/+z-hmp7BtE10wMmJi)

 💯 - отлично
❤️ - мне нравится

Мы теперь и в MAX - https://max.ru/thaihub",39,1,,kinostro4ka
11413,2026-04-03T13:04:37+00:00,"Король Карл III присвоил британской актрисе **Кэри Маллиган** звание **командора ордена Британской империи**.

Эта престижная награда является признанием ее выдающихся заслуг в области драматургии. 

Маллиган (""Драйв"", ""Великий Гэтсби"") является 3-х кратной номинанткой на премию ""оскар"".

Заслужила 👍
НЕ заслужила 🤡
Кто это? 🍌

**🎬 **@kinostro4ka

 💯 - отлично
❤️ - мне нравится

Мы теперь и в MAX - https://max.ru/thaihub",42,1,,kinostro4ka
11412,2026-04-03T11:47:34+00:00,"«**Супер Марио: Галактическое кино**» установил несколько рекордов, собрав** $34 млн долларов** в первый день проката ⬆️

Сиквел показал **лучший старт 2026** и стал **самым успешным апрельским дебютом** в истории, превзойдя «**Проект Конец света**» **($33 млн)**. Для сравнения, первая часть «**Супербратья Марио в кино**» в 2023 году стартовала с **$31 млн** и собрала в итоге более **$1,36 млрд** в мировом прокате. **Это самая кассовая экранизация видеоигры в истории.** Если динамика сохранится, фильм способен приблизиться к отметке в **$200 млн** за первые пять дней. Еще забавно, что критики максимально разгромили мультфильм — у него было всего 44%** положительных отзывов** на **Томатах**. А вот зрительская оценка сейчас составляет **6,7** (**7.0** была у первой части),  и** 91%** положительных отзывов

😈[ **@kinostro4ka**](https://t.me/+z-hmp7BtE10wMmJi)

 💯 - отлично
❤️ - мне нравится

Мы теперь и в MAX - https://max.ru/thaihub",44,1,,kinostro4ka
11411,2026-04-03T11:46:33+00:00,https://dzen.ru/id/69cf696d5843de58aff105f0,32,0,,kinostro4ka
11410,2026-04-03T11:03:22+00:00,"Умер известный актëр дубляжа Сергей Быстрицкий — он озвучивал Чендлера из сериала «Друзья» и Мэтта Деймона в нескольких фильмах. 

Точная причина смерти пока устанавливается — предварительно, Быстрицкий не болел ничем серьëзным и не жаловался на самочувствие. 

В 1986 году он окончил актëрский факультет ВГИКа, в кино дебютировал в 1979 году, исполнив одну из главных ролей в фильме «Неоконченный урок». В ходе карьеры снялся более чем в 40 фильмах и телесериалах, включая «Даниил – князь Галицкий», «Из жизни Федора Кузькина», «Карьер», «Каменская», «Апостол» и других.

В дубляже Быстрицкий озвучил Чендлера в сериале «Друзья», работал над ролями Мэтта Деймона в лентах «Ультиматум Борна», «Марсианин» и «Меняющие реальность». Также в его фильмографии есть дубляж персонажей в картинах «Спасти рядового Райана», «Большой куш», «Крепкий орешек», «Терминатор» и других. 

Легенда💪

**🎬 **@kinostro4ka

 💯 - отлично
❤️ - мне нравится

Мы теперь и в MAX - https://max.ru/thaihub",47,1,,kinostro4ka
11403,2026-04-03T09:06:04+00:00,"Сэди Синк

Красотуля ❤️
Норм 👍
Страшилка 🤪

**🎬 **@kinostro4ka

 💯 - отлично
❤️ - мне нравится

Мы теперь и в MAX - https://max.ru/thaihub",43,1,,kinostro4ka
11402,2026-04-03T07:05:36+00:00,"Выход взрослой анимационно-игровой комедии **Друзья животных (Animal Friends)** - перенесли на 22 января 2027 года.

Сюжет: Два беглых зверя, Пони (Райан Рейнольдс) и Медведь (Джейсон Момоа) -  отправляются в путешествие по пересеченной местности через всю Америку, чтобы вернуться на ранчо, которое когда-то было их домом. По пятам друзей идет пара правительственных агентов. 

Звучит круто 👍
Дичь какая-то 🙈

**🎬 **@kinostro4ka

 💯 - отлично
❤️ - мне нравится

Мы теперь и в MAX - https://max.ru/thaihub",47,1,,kinostro4ka
11400,2026-04-03T06:02:34+00:00,"**Брэд Питт**, **Дэвид Финчер** и **Квентин Тарантино** - получили за свою работу над лентой **Приключения Клиффа Бута (The Adventures of Cliff Booth)** - **$80 млн** на троих. 

**Брэд Питт (актер)** - **$40 млн** 👍

**Дэвид Финчер (режиссер)** - **$20 млн** ❤️

**Квентин Тарантино (сценарист)** - **$20 млн** 🔥

Для Тарантино это рекорд. Ранее никто столько денег за сценарий не платил. 

Кто заслужил свои деньги?

**🎬 **@kinostro4ka

 💯 - отлично
❤️ - мне нравится

Мы теперь и в MAX - https://max.ru/thaihub",40,1,,kinostro4ka
11391,2026-04-02T17:04:21+00:00,"Джейсон Сигел и Самара Уивинг на премьере триллера **Опасные отношения (Over Your Dead Body)**.

Пара, которая проходит через кризис в отношениях - отправляется на отдых. Но вместо попыток воссоединения - они оба задумали по отношению к друг другу ужасные вещи. 

Премьера в России - 7 мая

**🎬 **@kinostro4ka

 💯 - отлично
❤️ - мне нравится

Мы теперь и в MAX - https://max.ru/thaihub",44,0,,kinostro4ka
11389,2026-04-02T16:43:14+00:00,"Новый постер и трейлер второго сезона сериала «**Грызня**» 🤬

Сюжет расскажет о молодой паре, ставшей свидетелем ссоры между боссом и его женой, что запускает цепочку интриг в элитном загородном клубе миллиардера. В главных ролях снялись **Оскар Айзек**, **Чарльз Мелтон**, **Кейли Спейни** и **Кэри Маллиган**. Премьера состоится уже **16 апреля**, в сезоне будет **8 серий**

😈[ **@kinostro4ka**](https://t.me/+z-hmp7BtE10wMmJi)

 💯 - отлично
❤️ - мне нравится

Мы теперь и в MAX - https://max.ru/thaihub",47,0,,kinostro4ka
11388,2026-04-02T15:04:04+00:00,"Дети-актеры, играющие Гарри Поттера, Гермиону Грейнджер и Рона Уизли в сериале **Гарри Поттер (Harry Potter)** - заработают за 1 сезон по **$660 тыс** каждый. 

Норм 👍
Многовато 😱
Маловато 🍌

**🎬 **@kinostro4ka

 💯 - отлично
❤️ - мне нравится

Мы теперь и в MAX - https://max.ru/thaihub",46,1,,kinostro4ka
11387,2026-04-02T13:51:06+00:00,"**HBO** показали трейлер документалки о съемках первого сезона «**Гарри Поттера**» 📹

Можно будет посмотреть декорации, послушать актеров и съемочную команду и оценить масштабы проделанной работы. Выйдет уже **5 апреля**

😈[ **@kinostro4ka**](https://t.me/+z-hmp7BtE10wMmJi)

 💯 - отлично
❤️ - мне нравится

Мы теперь и в MAX - https://max.ru/thaihub",49,1,,kinostro4ka
11385,2026-04-02T13:03:07+00:00,"В новом фильмем Гая Ричи ""Грязные деньги"" Александр Петров сыграл русского мафиози. 
Российскому актеру в фильме выделили 17 минут экранного времени с учетом всех сцен с его участием.
Режиссер остался доволен игрой нашего соотечественника.
По словам Петрова: он надеется, что этот фильм откроет ему дорогу в Голливуд, где он сможет начать погоню за долгожданным Оскаром🔥

**🎬 **@kinostro4ka

 💯 - отлично
❤️ - мне нравится

Мы теперь и в MAX - https://max.ru/thaihub",46,1,,kinostro4ka
11384,2026-04-02T11:03:06+00:00,"💯 - отлично
❤️ - мне нравится

Мы теперь и в MAX - https://max.ru/thaihub",45,1,,kinostro4ka
11378,2026-04-02T11:03:05+00:00,"Съëмки приключенческой ленты **Джуманджи 3 (Jumanji 3)** - официально завершены. 

Ждем 👍
НЕ ждем 🍌

**🎬 **@kinostro4ka

 💯 - отлично
❤️ - мне нравится

Мы теперь и в MAX - https://max.ru/thaihub",27,1,,kinostro4ka
11371,2026-04-02T09:02:07+00:00,"61-летняя Моника Беллуччи

Красотуля ❤️
Норм для ее возраста 👍
Ее поезд ушел 😢

**🎬 **@kinostro4ka

 💯 - отлично
❤️ - мне нравится

Мы теперь и в MAX - https://max.ru/thaihub",28,0,,kinostro4ka
11369,2026-04-02T07:02:59+00:00,"Писатель **Энди Вейер** (""Марсианин"", ""Проект ""Конец света"""") - назвал **Дженну Ортегу** ""лучшим выбором"" для экранизации его романа **Артемида** (2017). 

Сюжет: 2080-е годы, контрабандистка Жасмин Башара живет на Луне, в колонии Артемида. Она оказывается втянута в историю по захвату контроля над лунным городом. 

На режиссерское кресло планируют Фила Лорда и Кристофера Миллера (""Проект ""Конец света""""). 

Интересно 👍
НЕ интересно 🤡
Интересно, но без Ортеги 🍌

**🎬 **@kinostro4ka

 💯 - отлично
❤️ - мне нравится

Мы теперь и в MAX - https://max.ru/thaihub",37,1,,kinostro4ka
11368,2026-04-02T06:03:47+00:00,"**Джон Сина** станет ведущим рестлинг-турнира WrestleMania 42. 

Сина завершил свою карьеру в рестлинге в качестве бойца 14 декабря 2025 года. 

Турнир пройдет 19-20 апреля. 

Смотрите рестлинг? 

Да 👍
Нет 🍌
Когда-то смотрел, потом надоело 🙈

**🎬 **@kinostro4ka

 💯 - отлично
❤️ - мне нравится

Мы теперь и в MAX - https://max.ru/thaihub",48,1,,kinostro4ka
11367,2026-04-01T17:01:19+00:00,"Про скандально известного **Джеффри Эпштейна** - снимут сериал.

Главную роль в многосерийном фильме сыграет Лора Дерн (""Парк Юрского периода""), которая воплотит на экране образ журналистки Джули К. Браун. 

Сериал будет посвящен ее расследованию дела жертв Эпштейна и сделке о признании вины.

Ждем 👍
НЕ ждем 🤡
Не слышал про Эпштейна 🍌

**🎬 **@kinostro4ka

 💯 - отлично
❤️ - мне нравится

Мы теперь и в MAX - https://max.ru/thaihub",52,1,,kinostro4ka
11366,2026-04-01T15:01:21+00:00,"**Синистер 3 (Sinister 3)** может стать сериалом. 

Первый фильм рассказывал о семье во главе с писателем детективов Эллисоном Освальтом (Итан Хоука), которые вселяются в новый дом.  Герой случайно находит в доме видеозаписи и это подвергает всю семью в пучину настоящего кошмара. 

Как вам ""Синистер""? 

Великий шедевр хоррора 🔥
Норм 👍
Проходняк 🤡
Не смотрел 🍌

**🎬 **@kinostro4ka

 💯 - отлично
❤️ - мне нравится

Мы теперь и в MAX - https://max.ru/thaihub",44,1,,kinostro4ka
11363,2026-04-01T13:06:02+00:00,"Русский трейлер и пара постеров пеплума Кристофера Нолана **Одиссея (The Odyssey)**.

Премьера - 17 июля 2026

Будет великий шедевр 🔥
Будет обычный успешный блокбастер 👍
Будет провал 🍌

**🎬 **@kinostro4ka

 💯 - отлично
❤️ - мне нравится

Мы теперь и в MAX - https://max.ru/thaihub",40,1,,kinostro4ka
11362,2026-04-01T11:01:18+00:00,"Историческая мелодрама **Грозовой перевал (Wuthering Heights)** - вышла онлайн. 

Фильм сняли по мотивам одноименной готической семейной саги Эмили Бронте, которая была неоднократно экранизована.

Кассовые сборы - $236 млн, бюджет - $80 млн

Как вам фильм? 

Норм 👍
Трэш 🤡
Не смотрел 🍌

**🎬 **@kinostro4ka

 💯 - отлично
❤️ - мне нравится

Мы теперь и в MAX - https://max.ru/thaihub",44,2,,kinostro4ka
11361,2026-04-01T09:04:42+00:00,"Продолжение нашумевшего триллера **Горничная (The Housemaid)** - выйдет в прокат **17 декабря 2027 года**.

Ленту начнут снимать осенью. 

Сидни Суини вернется к своей роли. Режиссерское кресло снова займет Пол Фиг. В фильме также сыграет Кирстен Данст. 

Сюжет: Девушка с тайнами из прошлого (Суини) устраивается домработрицей к богатой паре. 

Кассовые сборы - $395 млн, бюджет - $35 млн

Как вам фильм? 

Норм 👍
Трэш 🤡
Не смотрел 🍌

**🎬 **@kinostro4ka

 💯 - отлично
❤️ - мне нравится

Мы теперь и в MAX - https://max.ru/thaihub",44,1,,kinostro4ka
11360,2026-04-01T08:46:15+00:00,"Новый тизер финального сезона «**Пацанов**» 👊

До премьеры остается ровно неделя — первые две серии выйдут уже **8 апреля**

😈[ **@kinostro4ka**](https://t.me/+z-hmp7BtE10wMmJi)

 💯 - отлично
❤️ - мне нравится

Мы теперь и в MAX - https://max.ru/thaihub",39,1,,kinostro4ka
11355,2026-04-01T07:01:13+00:00,"Тизер и пара кадров ленты **Супергёрл (Supergirl)**.

Премьера - 26 июня

Ждем 👍
НЕ ждем 🍌

**🎬 **@kinostro4ka

 💯 - отлично
❤️ - мне нравится

Мы теперь и в MAX - https://max.ru/thaihub",34,1,,kinostro4ka
11347,2026-04-01T06:02:02+00:00,"Кэтрин Ньютон. 

Красотуля ❤️
Норм 👍
Страшилка 🤪

**🎬 **@kinostro4ka

 💯 - отлично
❤️ - мне нравится

Мы теперь и в MAX - https://max.ru/thaihub",41,1,,kinostro4ka
11346,2026-03-31T17:04:43+00:00,"💯 - отлично
❤️ - мне нравится

Мы теперь и в MAX - https://max.ru/thaihub",54,0,,kinostro4ka
11342,2026-03-31T17:04:41+00:00,"Топ 10 детективных сериалов в духе «Достать ножи» и романов Агаты Кристи от любителей жанра.

Каждое из этих шоу это интеллектуальный паззл, который держит в напряжении до самой развязки:

• «Смерть и другие подробности»: на шикарном круизном лайнере происходит убийство в запертой каюте. Под подозрением — вся элита на борту. 

• «И никого не стало»: десять незнакомцев приглашены в дом на острове. Один за другим они начинают погибать согласно детской считалочке

• «Тайна семи циферблатов»: группа молодых людей решает подшутить над вечно спящим другом и расставляет в его комнате восемь будильников. Утром один будильник исчезает, а парня находят мёртвым. 

• «Испытание невиновностью»: мать семейства убита, сына осудили, он погибает в тюрьме. Спустя два года выясняется, что у него было алиби. Настоящий убийца всё еще живет в этом доме и пьёт чай с остальными.

• «Сороки-убийцы»: редактор Сьюзен Райленд читает детективный роман, финал которого бесследно исчез. Вскоре она понимает, что автор книги был убит точно так же, как один из его персонажей.

• «Убийство на ферме ""Уайтхаус""»: пять членов семьи найдены застреленными. Полиция считает, что это дело рук психически больной дочери, но детектив видит нестыковки в расположении улик.

• «Убийство на краю света»: миллиардер собирает девять гостей для обсуждения будущего человечества. Когда один из них умирает, молодая хакерша решает найти убийцу, пока он не нанёс новый удар.

• «Бледный конь» : главный герой находит свое имя в списке, спрятанном в туфле мертвой женщины. Все люди из списка начинают умирать один за другим «естественной» смертью. 

• «Убийства в одном здании»: трое соседей расследуют убийства, происходящие исключительно внутри их элитного дома в Нью-Йорке.

• «Шетланд»: на отдаленном острове Шетландского архипелага происходит убийство пожилой женщины. Единственные подозреваемые — члены двух семей, которые враждуют десятилетиями.

Сохраняем себе и делимся с друзьями.

 💯 - отлично
❤️ - мне нравится

Мы теперь и в MAX - https://max.ru/thaihub",38,0,,kinostro4ka
11339,2026-03-31T16:12:49+00:00,"Новый постер и трейлер «**Супергерл**» с **Милли Олкок** 💪

Постановкой занимается** Крейг Гиллеспи **(«**Тоня против всех**», «**Круэлла**»), а **Джейсон Момоа** впервые предстанет в образе **Лобо**. **Джеймс Ганн **рассказывал, что сценарий получился настолько крутым, что проект запустили в производство сразу после «**Супермена**», хотя изначально фильм не входил в список приоритетных. Премьера фильма запланирована на **26 июня**

😈[ **@kinostro4ka**](https://t.me/+z-hmp7BtE10wMmJi)

 💯 - отлично
❤️ - мне нравится

Мы теперь и в MAX - https://max.ru/thaihub",33,0,,kinostro4ka
11338,2026-03-31T16:12:36+00:00,"Новый постер и трейлер «**Супергерл**» с **Милли Олкок** 💪

Постановкой занимается** Крейг Гиллеспи **(«**Тоня против всех**», «**Круэлла**»), а **Джейсон Момоа** впервые предстанет в образе **Лобо**. **Джеймс Ганн **рассказывал, что сценарий получился настолько крутым, что проект запустили в производство сразу после «**Супермена**», хотя изначально фильм не входил в список приоритетных. Премьера фильма запланирована на **26 июня**

😈[ **@kinostro4ka**](https://t.me/+z-hmp7BtE10wMmJi)

 💯 - отлично
❤️ - мне нравится

Мы теперь и в MAX - https://max.ru/thaihub",32,1,,kinostro4ka
11335,2026-03-31T16:11:14+00:00,"**A24 **выпустила трейлер и постеры хоррора «**Закулисье реальности**» 📎

Главные роли исполнили **Ренате Реинсве («Сентиментальная ценность») и Чиветель Эджиофор («Жизнь Чака»)**. По сюжету психотерапевт отправляется в потустороннее измерение, чтобы найти своего пациента. Режиссером стал 20-летний ютубер — самый молодой постановщик в истории **студии А24**. Фильм основан на популярной крипипасте о лиминальном пространстве, напоминающем пустое офисное здание. Премьера картины состоится **29 мая**

😈[ **@kinostro4ka**](https://t.me/+z-hmp7BtE10wMmJi)

 💯 - отлично
❤️ - мне нравится

Мы теперь и в MAX - https://max.ru/thaihub",29,0,,kinostro4ka
11334,2026-03-31T16:11:07+00:00,"**A24 **выпустила трейлер и постеры хоррора «**Закулисье реальности**» 📎

Главные роли исполнили **Ренате Реинсве («Сентиментальная ценность») и Чиветель Эджиофор («Жизнь Чака»)**. По сюжету психотерапевт отправляется в потустороннее измерение, чтобы найти своего пациента. Режиссером стал 20-летний ютубер — самый молодой постановщик в истории **студии А24**. Фильм основан на популярной крипипасте о лиминальном пространстве, напоминающем пустое офисное здание. Премьера картины состоится **29 мая**

😈[ **@kinostro4ka**](https://t.me/+z-hmp7BtE10wMmJi)

 💯 - отлично
❤️ - мне нравится

Мы теперь и в MAX - https://max.ru/thaihub",40,1,,kinostro4ka
11326,2026-03-31T15:03:30+00:00,"Маккенна Грейс

Красотуля ❤️
Норм 👍
Страшилка 🤪

**🎬 **@kinostro4ka

 💯 - отлично
❤️ - мне нравится

Мы теперь и в MAX - https://max.ru/thaihub",42,1,,kinostro4ka
11317,2026-03-31T14:16:21+00:00,"**ЧТО БУДЕМ СМОТРЕТЬ В АПРЕЛЕ:**

☀️ Аниме «**Дорохэдоро**» // 2 сезон — 1 апреля

☀️ Фильм «**Ограбление в Лос-Анджелесе**» // Цифровой релиз — 1 апреля

☀️ Мультсериал «**Дарт Мол: Повелитель теней**» // 1 сезон — 6 апреля

☀️ Фильм «**Невеста**!» // Цифровой релиз — 7 апреля

☀️ Фильм «**Полутон**» // Цифровой релиз — 7 апреля

☀️ Сериал «**Пацаны**» // 5 сезон — 8 апреля

☀️ Фильм «**Последствия**» // Цифровой релиз — 10 апреля

☀️ Сериал «**Эйфория**» // 3 сезон — 12 апреля

☀️ Сериал «**У Марго проблемы с деньгами**» // 1 сезон — 15 апреля

☀️ Сериал «**Грызня**» // 2 сезон — 16 апреля

☀️ Сериал «**Извне**» // 4 сезон — 19 апреля

☀️ Мультсериал «**Очень странные дела: Истории из 85-го**» // 1 сезон — 23 апреля

☀️ Фильм «**Вершина**» // Цифровой релиз — 24 апреля

☀️ Фильм «**Проект Конец Света**» // Цифровой релиз — 24 апреля

☀️ Сериал «**Бухта вдов**» // 1 сезон — 29 апреля

😈[ **@kinostro4ka**](https://t.me/+z-hmp7BtE10wMmJi)

 💯 - отлично
❤️ - мне нравится

Мы теперь и в MAX - https://max.ru/thaihub",37,1,,kinostro4ka
11316,2026-03-31T13:03:33+00:00,"Русский отрывок из экшн-триллера Гая Ричи **Грязные деньги (In the Grey)**.

Лента рассказывает о тайной группе спецов, которые решают разнообразные проблемы по всему миру. Следующей миссией команды станет возврат похищенного миллиардного состояния. 

В фильме сыграли Генри Кавилл и Джейк Джилленхол.

Премьера в России - май

Крутяк. Ждем 👍
НЕ ждем. Ричи сдулся 🍌

**🎬 **@kinostro4ka

 💯 - отлично
❤️ - мне нравится

Мы теперь и в MAX - https://max.ru/thaihub",50,1,,kinostro4ka
11315,2026-03-31T11:02:56+00:00,"Глава HBO Кейси Блойс сообщил, что сценарий 2 сезона сериала **Гарри Поттера (Harry Potter)** уже пишется.

Блойс: ""Наша цель - не допустить большого перерыва между выходом  1 и 2 сезонов"". 

Ждем 👍
НЕ ждем 🍌

**🎬 **@kinostro4ka

 💯 - отлично
❤️ - мне нравится

Мы теперь и в MAX - https://max.ru/thaihub",52,1,,kinostro4ka
11314,2026-03-31T09:01:41+00:00,"Ролик нового мульифильма DreamWorks **Остров забвения (Forgotten Island)**.

Филиппины, 2 подруги заканчивают школу и каждая собирается идти своей дорогой... Но в последний вечер перед разлукой - девушки проваливаются в волшебный портал и попадают на мистический остров. 

Премьера - 25 сентября

Интересно 👍
НЕ интересно 🍌

**🎬 **@kinostro4ka

 💯 - отлично
❤️ - мне нравится

Мы теперь и в MAX - https://max.ru/thaihub",51,1,,kinostro4ka
11310,2026-03-31T07:03:31+00:00,"Постеры ленты **Мстители: Доктор Дум (Avengers: Doomsday)**. 

Сюжет повествует о противостоянии команды супергероев с Доктором Думом (Роберт Дауни-мл). 

Премьера - 18 декабря 2026 года

Крутяк. Ждем 👍
НЕ ждем 🍌

**🎬 **@kinostro4ka

 💯 - отлично
❤️ - мне нравится

Мы теперь и в MAX - https://max.ru/thaihub",52,1,,kinostro4ka
11309,2026-03-31T06:01:33+00:00,"💯 - отлично
❤️ - мне нравится

Мы теперь и в MAX - https://max.ru/thaihub",47,1,,kinostro4ka
11302,2026-03-31T06:01:33+00:00,"Бри Ларсон

Красотуля ❤️
Норм 👍
Страшилка 🤪

**🎬 **@kinostro4ka

 💯 - отлично
❤️ - мне нравится

Мы теперь и в MAX - https://max.ru/thaihub",51,1,,kinostro4ka
11301,2026-03-30T17:16:25+00:00,"**🎬 **@kinostro4ka

 💯 - отлично
❤️ - мне нравится

Мы теперь и в MAX - https://max.ru/thaihub",55,1,,kinostro4ka
11300,2026-03-30T15:16:14+00:00,"**Дженсен Эклз** сообщил, что спин-офф ""Пацанов"" под названием **Становление Воут (Rise Vought)** - задуман на несколько сезонов. 

Сериал расскажет о корпорации Воут, которая разработала сыворотку V, превращающую обычных людей в супергероев. Время действия основного сюжета - 50-е годы XX века.

Крутяк. Ждем 👍
НЕ ждем. ""Пацаны"" надоели 🤡
Не смотрел ""Пацанов"" 🍌

**🎬 **@kinostro4ka

 💯 - отлично
❤️ - мне нравится

Мы теперь и в MAX - https://max.ru/thaihub",60,1,,kinostro4ka
11299,2026-03-30T13:05:58+00:00,"3 часть комедийно-фантастического слэшера **Счастливого дня смерти (Happy Death Day)** - находится в активной разработке. 

Первая часть рассказывала о девушке, которая застряла во временной петле. 

Джессика Рот (звезда первых 2 частей): Кристофер Лэндон (режиссер) полностью продумал 3 эпизод… Я буду там, чтобы закончить историю номер 3. Вопрос лишь в том, когда он получат все, что задумал”.

Круто. Жду 👍
НЕ жду. Всё сдулось уже на сиквеле 🤡
Не смотрел 🍌

**🎬 **@kinostro4ka

 💯 - отлично
❤️ - мне нравится

Мы теперь и в MAX - https://max.ru/thaihub",63,1,,kinostro4ka
11296,2026-03-30T11:02:36+00:00,"Юэн Макгрегор и Энн Хатауэй в русском тизер-трейлере фантастического триллера Дэвида Роберта (""Оно следует за тобой"") **В конце Оук-стрит (The End of Oak Street)**.

В результате катаклизма - обычная современная улица оказалась перенесена в место, населенное динозаврами. 

Премьера - 14 августа

**🎬 **@kinostro4ka

 💯 - отлично
❤️ - мне нравится

Мы теперь и в MAX - https://max.ru/thaihub",57,1,,kinostro4ka
11295,2026-03-30T09:02:51+00:00,"Ролик фантастического боевика **Мортал Комбат 2 (Mortal Kombat 2)**.

Премьера 2 части - 15 мая 2026 года

Ждем 👍
НЕ ждем 🍌

**🎬 **@kinostro4ka

 💯 - отлично
❤️ - мне нравится

Мы теперь и в MAX - https://max.ru/thaihub",60,1,,kinostro4ka
11286,2026-03-30T07:04:54+00:00,"Зендая

Красотуля ❤️
Норм 👍
Страшилка 🤪

**🎬 **@kinostro4ka

 💯 - отлично
❤️ - мне нравится

Мы теперь и в MAX - https://max.ru/thaihub",54,1,,kinostro4ka
11285,2026-03-30T06:02:52+00:00,"Голова дроида C-3PO из серии фильмов **Звёздные войны** -  ушла на аукционе за $1.05 млн.

Обломки меча из **Властелина колец** на тех же торгах - ушли за $252 тыс.

Что хотели бы себе? 

Голову C-3PO 👍
Меч 🔥

**🎬 **@kinostro4ka

 💯 - отлично
❤️ - мне нравится

Мы теперь и в MAX - https://max.ru/thaihub",55,1,,kinostro4ka
11277,2026-03-29T17:03:43+00:00,"Актерский состав  мультфильма **Братья Супер Марио в кино 2 (The Super Mario Galaxy Movie)** - на премьере в Токио. 

Премьера - 1 апреля

**🎬 **@kinostro4ka

 💯 - отлично
❤️ - мне нравится

Мы теперь и в MAX - https://max.ru/thaihub",67,1,,kinostro4ka
11276,2026-03-29T15:03:11+00:00,"Отрывок из сериала **Гнев (Man on Fire)**.

Сериал снял по мотивам серии книг А. Дж. Куиннелла. 

В 2004 году самую известную экранизацию этих книг снял Тони Скотт. Главную роль исполнил Дензел Вашинтон. 

Фильм рассказывал о сильно пьющем телохранителе Джоне Кризи, которого нанимают охранять девочку (Дакота Фаннинг) из обеспеченной семьи.

Премьера на Netflix - 30 апреля

Ждем 👍
НЕ ждем 🍌

**🎬 **@kinostro4ka

 💯 - отлично
❤️ - мне нравится

Мы теперь и в MAX - https://max.ru/thaihub",57,1,,kinostro4ka
11275,2026-03-29T13:04:03+00:00,"Джон Красински (""Тихое место 1-2"")  в русском тизере полнометражного фильма **Джек Райан: Призрачная война (Jack Ryan: Ghost War)**.

Фильм расскажет об агенте ЦРУ Джеке Райане (Красински), который оказывается впутан в клубок опасных международных шпионских интриг. 

Фильм является продолжением сериала ""Джек Райан"" (2018-2023), где Райана так же играл Красински. 

Премьера - 20 мая

Как вам сериал? 

Норм 👍
Трэш 🤡
Не смотрел 🍌

**🎬 **@kinostro4ka

 💯 - отлично
❤️ - мне нравится

Мы теперь и в MAX - https://max.ru/thaihub",61,1,,kinostro4ka
11274,2026-03-29T11:02:57+00:00,"**🎬 **@kinostro4ka

 💯 - отлично
❤️ - мне нравится

Мы теперь и в MAX - https://max.ru/thaihub",56,1,,kinostro4ka
11266,2026-03-29T09:03:37+00:00,"Чарли Ханнэм

Мужчина 👍
Пупсик 🍌

**🎬 **@kinostro4ka

 💯 - отлично
❤️ - мне нравится

Мы теперь и в MAX - https://max.ru/thaihub",51,1,,kinostro4ka
11261,2026-03-29T07:02:04+00:00,"Кадры со съемок перезагрузки культового хоррора **Изгоняющий дьявола (The Exorcist)**.

Снимает ленту Майк Флэнаган (""Окулус"", ""Доктор Сон""). В ролях - Скарлетт Йоханссон, Дайан Лэйн, Чевитель Эджиофор, Лоуренс Фишберн, Джон Легуизамо и Карла Гуджино. 

Премьера - 2027

Крутяк. Ждем 👍
НЕ ждем 🍌

**🎬 **@kinostro4ka

 💯 - отлично
❤️ - мне нравится

Мы теперь и в MAX - https://max.ru/thaihub",36,1,,kinostro4ka
11260,2026-03-29T06:00:35+00:00,"**Дуэйн Джонсон** и **Энн Хатауэй** получат премию **Disney Legends**. 

Эту награду получают те, кто внес наибольший вклад в историю **The Walt Disney Company**. 

Премии выдающимся артистам вручат 16 августа. 

Хатауэй снялась для Диснея в лентах ""Дневники принцессы"" и ""Алиса в Стране Чудес 1-2"", а Джонсон отметился в таких фильмах Дисней, как ""Ведьмина гора"", ""Моана"" и ""Круиз по джунглям"".

Хатауэй ❤️
Джонсон 👍

**🎬 **@kinostro4ka

 💯 - отлично
❤️ - мне нравится

Мы теперь и в MAX - https://max.ru/thaihub",39,1,,kinostro4ka
11259,2026-03-28T17:06:36+00:00,"Фанат «Властелина колец» сделал копию шлема Короля-чародея Ангмара и попросил актёрский состав франшизы подписать его.

**🎬 **@kinostro4ka

 💯 - отлично
❤️ - мне нравится

Мы теперь и в MAX - https://max.ru/thaihub",53,1,,kinostro4ka
11258,2026-03-28T15:02:30+00:00,"Фильм 👍
Сериал ❤️

**🎬 **@kinostro4ka

 💯 - отлично
❤️ - мне нравится

Мы теперь и в MAX - https://max.ru/thaihub",56,1,,kinostro4ka
11257,2026-03-28T15:01:56+00:00,"Создатели «**JoJo’s Bizarre Adventure: Steel Ball Run**» показали новый тизер и подтвердили, что новые серии **НЕ будут выходить еженедельно** 🤬

По их словам, «вторая партия» эпизодов запланирована на этот год, но точной даты следующего эпизода нет — ее не знает даже режиссер. При этом производство, как отмечается, идет по плану. Такой график вызвал недовольство у части зрителей. Тем не менее старт у аниме получился мощным: первый эпизод набрал** 9,9 на IMDb**, войдя в топ-20 самых высокооцененных в истории. Многие зрители уже называют «**Steel Ball Run**» одной из лучших адаптаций во франшизе

😈[ **@kinostro4ka**](https://t.me/+z-hmp7BtE10wMmJi)

 💯 - отлично
❤️ - мне нравится

Мы теперь и в MAX - https://max.ru/thaihub",48,1,,kinostro4ka
11256,2026-03-28T13:02:41+00:00,"1 серия 5 сезона фантастического сериала **Ради всего человечества (For All Mankind)** - вышла онлайн. 

Альтернативная Земля, СССР и США ведут космическую гонку, люди начинают разработку полезных ископаемых на астероидах и Марсе. 

Как вам сериал? 

Норм 👍
Трэш 🤡
Не смотрел 🍌

#НовинкиОнлайн

**🎬 **@kinostro4ka

 💯 - отлично
❤️ - мне нравится

Мы теперь и в MAX - https://max.ru/thaihub",41,1,,kinostro4ka
11254,2026-03-28T12:53:39+00:00,"Новый постер и тизер анимационной адаптации «**Призрака в доспехах**» ⚡️

В этот раз за экранизацию отвечает студия **Science SARU**, работавшая над хитовым «**Dandadan**». В отличии от предыдущих экранизаций, проект будет стилистически ближе к оригинальной манге **Сиро Масамунэ**. Выход состоится **в июле**

😈[** @kinostro4ka**](https://t.me/newsjetflix)

 💯 - отлично
❤️ - мне нравится

Мы теперь и в MAX - https://max.ru/thaihub",49,1,,kinostro4ka
11253,2026-03-28T11:02:56+00:00,"**Ванесса Кирби** (""Миссия невыполнима: Последствия"") и **Яхья Абдул-Матин II** (""Отжиг"") сыграют в фантастическом триллере **Порог (Liminal)**.

После вспышки на Солнце - 10% населения Земли становятся телепатами. 

Снимет ленту Луи Летерье (""Перевозчик"", ""Дэнни цепной пес"", ""Битва титанов"", ""Иллюзия обмана"").

Интересно 👍
НЕ интересно 🍌

**🎬 **@kinostro4ka

 💯 - отлично
❤️ - мне нравится

Мы теперь и в MAX - https://max.ru/thaihub",50,1,,kinostro4ka
11252,2026-03-28T09:01:31+00:00,"Тизер хоррор-сериала **Если бы желания убивали (If Wishes Could Kill)**.

История рассказывает о 5 друзьях-старшеклассниках, которые скачивают нв телефон странное приложение. Сначала оно исполняет любое желание, а потом приходит ужасная расплата. 

Премьера на Netflix - 24 апреля

**🎬 **@kinostro4ka

 💯 - отлично
❤️ - мне нравится

Мы теперь и в MAX - https://max.ru/thaihub",56,1,,kinostro4ka
11244,2026-03-28T07:04:16+00:00,"Что на голове у Ани? 

Спутниковая тарелка 👍
Зонтик 🔥
Элегантная дамская шляпка ❤️

**🎬 **@kinostro4ka

 💯 - отлично
❤️ - мне нравится

Мы теперь и в MAX - https://max.ru/thaihub",40,1,,kinostro4ka
11243,2026-03-28T06:05:17+00:00,"Остросюжетный сериал **У меня очень плохое предчувствие (Случится что-то ужасное) (Something Very Bad Is Going to Happen)** - вышел онлайн. 

Молодая пара готовится к своей свадьбе в отделенный богатом доме жениха. Но вскоре невеста начинает замечать, что родственники жениха ведут себя очень странно. 

Продюсеры: Мэтт и Росс Даффер (""Очень странные дела"") 

Буду смотреть 👍
НЕ буду смотреть 🍌

**🎬 **@kinostro4ka

 💯 - отлично
❤️ - мне нравится

Мы теперь и в MAX - https://max.ru/thaihub",41,1,,kinostro4ka
11240,2026-03-27T17:06:11+00:00,"Боевик **Пчеловод 2 (The Beekeeper 2)** - выйдет в прокат **15 января 2027 года**.

Первый фильм вышел 12 января 2024 года и собрал в прокате $163 млн при бюджете в $40 млн.

Крутяк. Ждем. Первый ""Пчеловод"" был годнотой 👍
НЕ ждем. Первый ""Пчеловод"" был сказкой 🙈
Не смотрел 🍌

**🎬 **@kinostro4ka

 💯 - отлично
❤️ - мне нравится

Мы теперь и в MAX - https://max.ru/thaihub",63,0,,kinostro4ka
11239,2026-03-27T15:18:36+00:00,"Третий сезон «**Провожающая в последний путь Фрирен**» заранее официально анонсирован — премьера запланирована на **октябрь 2027** 🪄

Новый сезон адаптирует арку «**Золотые земли**». Тем временем сегодня выходит финальная серия второго сезона. Сейчас «**Фрирен**» остается одним из самых популярных и высокооцененных аниме: проект держит оценки **9+ на IMDb** и** 9.3** на **MyAnimeList**, стабильно занимая лидирующие позиции среди аниме-сериалов

😈[ **@kinostro4ka**](https://t.me/+z-hmp7BtE10wMmJi)

 💯 - отлично
❤️ - мне нравится

Мы теперь и в MAX - https://max.ru/thaihub",60,0,,kinostro4ka
11235,2026-03-27T15:06:21+00:00,"Трейлер сериала **Гарри Поттер (Harry Potter)**. 

Премьера - конец 2026

Крутяк 👍
Трэшак 🍌

**🎬 **@kinostro4ka

 💯 - отлично
❤️ - мне нравится

Мы теперь и в MAX - https://max.ru/thaihub",49,0,,kinostro4ka
11233,2026-03-27T14:39:07+00:00,"Постер и тизер фильма «**The End of Oak Street**» режиссера **Дэвида Роберта Митчелла** («**Оно приходит за тобой**», «**Под Сильвер-Лэйк**») 🦖

По сюжету после загадочного космического явления целая улица в пригороде исчезает и переносится в неизвестный мир. Семейная пара в исполнении **Энн Хэтэуэй и Юэна Макгрегора** пытается выжить в новых условиях, где им предстоит столкнуться с опасностями, включая доисторических существ. Премьера картины состоится** 14 августа**

😈[ **@kinostro4ka**](https://t.me/+z-hmp7BtE10wMmJi)

 💯 - отлично
❤️ - мне нравится

Мы теперь и в MAX - https://max.ru/thaihub",62,0,,kinostro4ka
11226,2026-03-27T13:06:12+00:00,"Приянка Чопра

Красотуля ❤️
Норм 👍
Страшилка 🤪

**🎬 **@kinostro4ka

 💯 - отлично
❤️ - мне нравится

Мы теперь и в MAX - https://max.ru/thaihub",52,1,,kinostro4ka
11224,2026-03-27T12:35:42+00:00,"**Райан Гослинг **исполнит главную роль в новом фильме оскароносного режиссерского **дуэта Дэниелов **(«**Все везде и сразу**») 🧨

Подробности сюжета держатся в секрете, однако проект описывают как экшн-комедию о жизни, смерти, свободе и ответственности. По словам авторов, фильм будет соответствовать ожиданиям после их предыдущего успеха. Производством занимается **Universal Pictures**, съемки стартуют этим летом. Премьера запланирована на **19 ноября 2029**

😈[ **@kinostro4ka**](https://t.me/+z-hmp7BtE10wMmJi)

 💯 - отлично
❤️ - мне нравится

Мы теперь и в MAX - https://max.ru/thaihub",48,1,,kinostro4ka
11223,2026-03-27T11:02:38+00:00,"Премьеру ленты **Джуманджи 3 (Jymanji 3)** - перенесли с 11 декабря на 2 недели вперед на **25 декабря**.

Это было сделано для того, чтобы не попасть под двойной каток ""Дюны 3"" и ""Мстителей 5"", которые одновоеменно выходят 18 декабря. 

Хотя, и на дате 25 декабря ""Джуманджи"" явно будет несладко. 

Кого ждете больше? 

Джуманджи 👍
Дюна ❤️
Мстители 🔥

**🎬 **@kinostro4ka

 💯 - отлично
❤️ - мне нравится

Мы теперь и в MAX - https://max.ru/thaihub",54,1,,kinostro4ka
11222,2026-03-27T09:02:52+00:00,"💯 - отлично
❤️ - мне нравится

Мы теперь и в MAX - https://max.ru/thaihub",50,0,,kinostro4ka
11216,2026-03-27T09:02:50+00:00,"Зендая и Роберт Паттинсон на парижской премьере ленты ""Драма"".

Холланду пора ревновать? 

Да 👍
Нет 🍌

**🎬 **@kinostro4ka

 💯 - отлично
❤️ - мне нравится

Мы теперь и в MAX - https://max.ru/thaihub",48,0,,kinostro4ka
11215,2026-03-27T07:04:53+00:00,"Спин-офф ""Джона Уика"" (John Wick) про слепого киллера **Каина (Caine)** - начнут снимать в апреле. 

Роль Каина снова исполнит Донни Йен. Он же станет и режиссером фильма. 

Ждем 👍
НЕ ждем 🍌

**🎬 **@kinostro4ka

 💯 - отлично
❤️ - мне нравится

Мы теперь и в MAX - https://max.ru/thaihub",55,1,,kinostro4ka
11213,2026-03-27T06:01:06+00:00,"Постер 3 сезона драматического сериала **Эйфория (Euphoria)**. 

Премьера - 12 апреля

Зендая 👍
Суини ❤️

**🎬 **@kinostro4ka

 💯 - отлично
❤️ - мне нравится

Мы теперь и в MAX - https://max.ru/thaihub",58,1,,kinostro4ka
11206,2026-03-26T17:03:48+00:00,"Энн Хатауэй

Красотуля ❤️
Норм 👍
Страшилка 🤪

**🎬 **@kinostro4ka

 💯 - отлично
❤️ - мне нравится

Мы теперь и в MAX - https://max.ru/thaihub",62,1,,kinostro4ka
11197,2026-03-26T15:11:37+00:00,"Трейлер мультсериала «**Очень странные дела: Истории из 85-го**» 🎲

Премьера спин-оффа состоится** 23 апреля**. Сюжет развернется между вторым и третьим сезонами оригинального сериала и будет закрывать сюжетные вопросы, оставшиеся после финала. В шоу появится новая героиня — **Никки Бакстер**, которую озвучила **Одесса Эзайон** («**Марти Великолепный**»). Оригинальный актерский состав в озвучке не участвует. В случае успеха проект может получить продолжение

😈[ **@kinostro4ka**](https://t.me/+z-hmp7BtE10wMmJi)

 💯 - отлично
❤️ - мне нравится

Мы теперь и в MAX - https://max.ru/thaihub",57,1,,kinostro4ka
11196,2026-03-26T15:04:10+00:00,"Первый промо-кадр из сериала **Гарри Поттер (Harry Potter)**. 

Премьера - 2027 

Ждем 👍
НЕ ждем 🍌

**🎬 **@kinostro4ka

 💯 - отлично
❤️ - мне нравится

Мы теперь и в MAX - https://max.ru/thaihub",52,1,,kinostro4ka
11195,2026-03-26T13:04:41+00:00,"Спин-офф криминальной ленты ""Однажды... в Голливуде (One Upon Time in Hollywood)"" под названием **Приключения Клиффа Бута (The Adventures of Cliff Booth)** - выйдет в августе.

Лента расскажет о Клиффе Буте, персонаже Брэда Питта, который стал нечистоплотным голливудским решалой. 

Сценарий написал Тарантино. Снимает фильм Дэвид Финчер. Фильм планируют к выпуску на Netflix. 

Крутяк. Ждем 👍
НЕ ждем. Фильму не нужно продолжение 🤡

**🎬 **@kinostro4ka

 💯 - отлично
❤️ - мне нравится

Мы теперь и в MAX - https://max.ru/thaihub",62,1,,kinostro4ka
11194,2026-03-26T11:05:15+00:00,"Обладатель премии ""оскар"" за сценарий к ленте ""Джуно"" **Диабло Коди** - пишет сценарий хоррора **Тело Дженнифер 2 (Jennifer's Body 2)**.

Первый фильм вышел в 2009 году рассказывала про двух старшеклассниц (Аманда Сайфред и Меган Фокс), в одну из которых вселился демон. 

Фильм собрал в прокате $31.6 млн при бюджете в $16 млн и впоследствии стал культовым. 

Крутяк. Ждем 👍
НЕ ждем. Сиквел не нужен 🤡
Не смотрел 🍌

**🎬 **@kinostro4ka

 💯 - отлично
❤️ - мне нравится

Мы теперь и в MAX - https://max.ru/thaihub",63,1,,kinostro4ka
11193,2026-03-26T09:01:24+00:00,"Эндрю Гарфилд в русском трейлере фэнтези **Вверх по волшебному дереву (The Magic Faraway Tree)**.

Семья переезжает из большого города в тихую деревню. И, пока родители наслаждаются покоем и собственным огородом - дети обнаруживают в лесу волшебное дерево, ведущее в сказочное королевство. 

Премьера в России - 7 мая

**🎬 **@kinostro4ka

 💯 - отлично
❤️ - мне нравится

Мы теперь и в MAX - https://max.ru/thaihub",61,1,,kinostro4ka
11189,2026-03-26T07:03:51+00:00,"**Махершала Али** (""Зеленая книга"") сыграет во 2 сезоне многосерийного криминального триллера **Задание (Task)**.

В центре сюжета агент ФБР Томас Брэндис (Марк Руффало) и грабитель Робби Прендергаст. Сериал расскажет об их эпичном противостоянии. 

Как вам сериал? 

Норм 👍
Скукота 🤡
Не смотрел 🍌

**🎬 **@kinostro4ka

 💯 - отлично
❤️ - мне нравится

Мы теперь и в MAX - https://max.ru/thaihub",56,1,,kinostro4ka
11188,2026-03-26T06:05:02+00:00,"Трейлер очередного спин-оффа ""Йеллоустоуна"" **Рачно Даттанов (Dutton Ranch)**.

Неовестерн расскажет о жизни и борьбе Бет и Рипа за свое ранчо площадью в 7000 акров в Южном Техасе. 

Крутяк. Ждем 👍
Надоел ""Йеллоустоун"" и его бесконечные спин-оффы 🤡
Не смотрел ""Йеллоустон"" и его спин-оффы 🍌

**🎬 **@kinostro4ka

 💯 - отлично
❤️ - мне нравится

Мы теперь и в MAX - https://max.ru/thaihub",64,1,,kinostro4ka
11178,2026-03-25T19:27:27+00:00,"И следом куча кадров, где можно подробнее поразглядывать персонажей и окружение новой экранизации «**Гарри Поттера**» 🪄

😈[ **@kinostro4ka**](https://t.me/+z-hmp7BtE10wMmJi)

 💯 - отлично
❤️ - мне нравится

Мы теперь и в MAX - https://max.ru/thaihub",67,0,,kinostro4ka
11177,2026-03-25T19:03:38+00:00,"Первый тизер сериала по «**Гарри Поттеру**» от **HBO** 🧨

Рассказали, что что сериал не будет выходить ежегодно из-за сложности продакшена. Каждый сезон охватит по одной книге серии, то есть их должно быть семь. Шоу стартует** в Рождество 2026**

😈[ **@kinostro4ka**](https://t.me/+z-hmp7BtE10wMmJi)

 💯 - отлично
❤️ - мне нравится

Мы теперь и в MAX - https://max.ru/thaihub",64,0,,kinostro4ka
11176,2026-03-25T17:06:09+00:00,"Звезда ""Ричера"" и ""Военной машины"" **Алан Ричсон** - как утверждается, **избил соседа на глазах у детей**.

Сосед ранее жаловался Ричсону на скорость и шум мотоциклов, на которых он и его дети катались по окрестностям.

43-летний Ричсон утверждает, что сосед напал на него первым. 

Кому верим? 

Соседу 👍
Ричсону. Любой может напасть на такого слабака, как он ❤️

**🎬 **@kinostro4ka

 💯 - отлично
❤️ - мне нравится

Мы теперь и в MAX - https://max.ru/thaihub",60,0,,kinostro4ka
11175,2026-03-25T16:39:16+00:00,"Новый постер «**Очень страшного кино 6**»🔪

В фильм с рейтингом **R** собрали многих ключевых актеров старых частей и сценаристов первых частей. По словам **Марлона Уайанса**, в шестой части не собираются сглаживать углы и будут шутить в духе первых двух фильмов — жестко и без оглядки, чтобы «всем досталось поровну». Проверим **12 июня**
**
**😈[** @kinostro4ka**](https://t.me/newsjetflix)

 💯 - отлично
❤️ - мне нравится

Мы теперь и в MAX - https://max.ru/thaihub",56,0,,kinostro4ka
11166,2026-03-25T15:52:56+00:00,"**По всей стране благодарят тех, кто каждый день за рулём 🚕**

К Международному дню таксиста__ __[Drivee](https://drivee.onelink.me/MfzP/7zjc4bii) запустил спецпроект, чтобы напомнить, что водитель – это не просто функция. Вместе с пассажирами сервис создал портрет того, кто каждый день в пути. Таксист – это и внимательный собеседник, и человек, который знает все короткие пути на дорогах, и тот самый супергерой, который выручает, когда это особенно нужно.

Поздравления появились на городских улицах в виде плакатов, на медиафасадах, диджитал-мобилях, граффити, обложках газет и даже на бетономешалке.

Спасибо [Drivee](https://drivee.onelink.me/MfzP/7zjc4bii) за напоминание о том, что за привычной поездкой всегда стоит чей-то труд, внимание и забота 🚕💚

#Реклама
[О Рекламодателе](https://beseed.ru/organization/65df6a2c-e960-4d1e-b048-d5d25d447c09?erid=2VtzqwfG1Zf)",45,0,,kinostro4ka
11163,2026-03-25T15:21:27+00:00,"Дебютные постеры и трейлер триллера «**Вершины**» с **Шарлиз Терон** и **Тэроном Эджертоном** 🏹

Любительница экстремальных приключений отправляется в австралийскую глушь, где на нее начинает охотиться серийный убийца. Премьера на Нетфликсе уже **24 апреля**

😈[ **@kinostro4ka**](https://t.me/+z-hmp7BtE10wMmJi)

 💯 - отлично
❤️ - мне нравится

Мы теперь и в MAX - https://max.ru/thaihub",45,0,,kinostro4ka
11162,2026-03-25T15:21:02+00:00,"Дебютные постеры и трейлер триллера «**Вершины**» с **Шарлиз Терон** и **Тэроном Эджертоном** 🏹

Любительница экстремальных приключений отправляется в австралийскую глушь, где на нее начинает охотиться серийный убийца. Премьера на Нетфликсе уже **24 апреля**

😈[ **@kinostro4ka**](https://t.me/+z-hmp7BtE10wMmJi)

 💯 - отлично
❤️ - мне нравится

Мы теперь и в MAX - https://max.ru/thaihub",43,0,,kinostro4ka
11161,2026-03-25T15:06:04+00:00,"Экранизацию сказки Александра Пушкина **Сказка о мертвой царевне и семи богатырях** - снимет **Сарик Андреасян**.

Сейчас в прокате идет другая экранизация Пушкина от Андреасяна - ""Сказка о царе Салтане"". Фильм собрал уже более ₽2 млрд. 

Ждем 👍
НЕ ждем 🍌

**🎬 **@kinostro4ka

 💯 - отлично
❤️ - мне нравится

Мы теперь и в MAX - https://max.ru/thaihub",41,0,,kinostro4ka
11160,2026-03-25T13:02:03+00:00,"**Кирстен Данст** сыграет в продолжении нашумевшего триллера **Горничная (The Housemaid)**.

Ленту начнут снимать осенью. 

Сидни Суини вернется к своей роли. Режиссерское кресло снова займет Пол Фиг. 

Сюжет: Девушка с тайнами из прошлого (Суини) устраивается домработрицей к богатой паре. 

Кассовые сборы - $395 млн, бюджет - $35 млн

Как вам фильм? 

Норм 👍
Трэш 🤡
Не смотрел 🍌

**🎬 **@kinostro4ka

 💯 - отлично
❤️ - мне нравится

Мы теперь и в MAX - https://max.ru/thaihub",43,1,,kinostro4ka
11155,2026-03-25T11:03:28+00:00,"Сабрина Карпентер

Красотуля ❤️
Норм 👍
Страшилка 🤪

**🎬 **@kinostro4ka

 💯 - отлично
❤️ - мне нравится

Мы теперь и в MAX - https://max.ru/thaihub",44,1,,kinostro4ka
11153,2026-03-25T09:12:04+00:00,"Новые постеры к старту второго сезона «**Сорвиголовы**» 😈

Продолжение получило в основном положительные отзывы: **90% на Томатах** и **72 на Метакритик** по первым посмотревших рецензиям. На следующей неделе зрителей ждут **сразу два новых эпизода**

😈[ **@kinostro4ka**](https://t.me/+z-hmp7BtE10wMmJi)

 💯 - отлично
❤️ - мне нравится

Мы теперь и в MAX - https://max.ru/thaihub",46,1,,kinostro4ka
11146,2026-03-25T09:01:38+00:00,"Кадры со съемок продолжения культового сериала **Острые козырьки (Peaky Blinders)**.

Спин-офф будет состоять из 2 новых сезонов по 6 серий в каждом. 

Сюжет: послевоенный Бирмингем, город отстраивают заново, за богатые строительные контракты идет настоящая борьба. Семейство Шелби как обычно в центре происходящего. 

Киллиан Мерфи, исполнитель главной роли в основном сериале, который выходил с 2013 по 2022 годы - выступит в спин-оффах продюсером. 

Крутяк. Жду 👍
История закончена. Всякие вбоквело-сиквелы не нужны 🤡
Не смотрел 🍌

**🎬 **@kinostro4ka

 💯 - отлично
❤️ - мне нравится

Мы теперь и в MAX - https://max.ru/thaihub",51,1,,kinostro4ka
11145,2026-03-25T07:44:10+00:00,"Новый тизер второго сезона «**Devil May Cry**» с **Данте** и **Вергилием** 😈 

Авторы отмечают, что второй сезон заметно изменит тон, стиль и подачу истории по сравнению с первым. Премьера всего сезона состоится **12 мая**

😈[ **@kinostro4ka**](https://t.me/+z-hmp7BtE10wMmJi)

 💯 - отлично
❤️ - мне нравится

Мы теперь и в MAX - https://max.ru/thaihub",45,1,,kinostro4ka
11143,2026-03-25T07:03:31+00:00,"В сети новый тренд - все обсуждают фото летучей мыши, которая очень похожа на грузовичка **Мэтра** из серии мультфильмов **Тачки**.

Похожа 👍
НЕ похожа 🤪

**🎬 **@kinostro4ka

 💯 - отлично
❤️ - мне нравится

Мы теперь и в MAX - https://max.ru/thaihub",40,1,,kinostro4ka
11135,2026-03-25T06:03:16+00:00,"Кристофер Уокен

**🎬 **@kinostro4ka

 💯 - отлично
❤️ - мне нравится

Мы теперь и в MAX - https://max.ru/thaihub",44,1,,kinostro4ka
11134,2026-03-24T17:03:16+00:00,"**Сэм Рокуэлл** и **Вуди Харрельсон** сыграют в комедийном триллере **Клёкот птиц додо (Cackling of the Dodos)**

Сюжет расскажет о фермере, который случайно обнаруживает в зерне труп. Вместе с начальником он пытается скрыть тело, что вызывает цепь удивительных событий. 

Режиссёром выступит Джейсон Бейтман (""Ручная кладь"").

**🎬 **@kinostro4ka

 💯 - отлично
❤️ - мне нравится

Мы теперь и в MAX - https://max.ru/thaihub",56,1,,kinostro4ka
11133,2026-03-24T15:31:34+00:00,"Следом за анонсом «**Карателя**» появилось расписание второго сезона сериала «**Сорвиголова: Рожденный заново**»😈

**Первая серия выйдет уже завтра утром**, а на следующей неделе зрителей ждут сразу** два эпизода**. **Чарли Кокс** обещал, что будет много неожиданных камео

😈[ **@kinostro4ka**](https://t.me/+z-hmp7BtE10wMmJi)

 💯 - отлично
❤️ - мне нравится

Мы теперь и в MAX - https://max.ru/thaihub",60,1,,kinostro4ka
11130,2026-03-24T15:03:19+00:00,"78-летний **Арнольд Шварценеггер** проходит жесточайшую подготовку в спортзале. 

Актер готовится к роли **Конана** в продолжении фильма ""Конан-варвар"" (Conan the Barbarian) под названием **Король Конан (King Conan)**.

Ждем 👍
НЕ ждем. Время фильма ушло 🍌

**🎬 **@kinostro4ka

 💯 - отлично
❤️ - мне нравится

Мы теперь и в MAX - https://max.ru/thaihub",51,1,,kinostro4ka
11129,2026-03-24T14:25:57+00:00,"Появился первый кадр сериала по «**Гарри Поттеру**» от **HBO** 🧨

В компании намекнули, что уже завтра поделятся важными новостями о проекте — возможно, раскроют официальное название или объявят актера на роль **Волан-де-Морта**. Ожидается, что в ближайшие дни появится еще больше информации на фоне запуска стриминга **HBO **в Великобритании. Премьера сериала запланирована на** 2027**

😈[ **@kinostro4ka**](https://t.me/+z-hmp7BtE10wMmJi)

 💯 - отлично
❤️ - мне нравится

Мы теперь и в MAX - https://max.ru/thaihub",51,1,,kinostro4ka
11128,2026-03-24T13:26:47+00:00,"Первый постер спешла «**Каратель: Последнее убийство**»💀

Ранее **Джон Бернтал** пообещал фанатам, что часовой спешл будет мрачным и жестоким. Актер выступает соавтором спецвыпуска и говорит, что у его персонажа нет никакого желания выбираться из тьмы. Также он описал историю как выстрел из дробовика. Премьера состоится **12 мая**, через неделю после выхода финальной серии второго сезона «**Сорвиголовы**» — вероятно, будет какая-то связь

😈[ **@kinostro4ka**](https://t.me/+z-hmp7BtE10wMmJi)

 💯 - отлично
❤️ - мне нравится

Мы теперь и в MAX - https://max.ru/thaihub",45,1,,kinostro4ka
11120,2026-03-24T13:04:49+00:00,"**🎬 **@kinostro4ka

 💯 - отлично
❤️ - мне нравится

Мы теперь и в MAX - https://max.ru/thaihub",42,1,,kinostro4ka
11118,2026-03-24T11:05:39+00:00,"Обложки журнала **SFX** к скорой премьере финала **«Пацанов»** 👊

Шоураннер **Эрик Крипке** вновь пообещал, что пятый сезон не обойдётся без серьезных потерь среди героев. По его словам, его раздражают истории, где ключевые персонажи всегда выходят из конфликтов без последствий, поэтому в финале выживут далеко не все. Смотрим первые две серии уже **8 апреля**

😈[ **@kinostro4ka**](https://t.me/+z-hmp7BtE10wMmJi)

 💯 - отлично
❤️ - мне нравится

Мы теперь и в MAX - https://max.ru/thaihub",47,1,,kinostro4ka
11114,2026-03-24T11:04:23+00:00,"Кадры со съëмок ленты Гая Ричи **Да здравствует безумие! (Viva la Madness)**.

Криминальная лента вдохновлена книгой Джей Джей Коннолли - книжным продолжением романа ""Слоеный торт"".

В 2004 году по книге ""Слоеный торт"" был снят одноименный криминальный фильм с Дэниелом Крэйгом в главной роли. 

В ролях: Джейсон Стэтем, Винни Джонс, Джонни Ли Миллер и Бен Фостер. 

Крутяк. Ждем 👍 
НЕ ждем. Ричи сдулся 🍌

**🎬 **@kinostro4ka

 💯 - отлично
❤️ - мне нравится

Мы теперь и в MAX - https://max.ru/thaihub",51,1,,kinostro4ka
11113,2026-03-24T09:15:24+00:00,"Шоураннеры «**Фоллаута**» подтвердили, что **в третьем сезоне** герои отправятся исследовать новые регионы👍

Также они отметила, что сюжет получит более явную связь с играми, но подробности пока не раскрываются. Ранее** Джонатан Нолан **сообщал, что пауза между сезонами не затянется — съемки продолжения стартуют уже **в мае**

😈[ **@kinostro4ka**](https://t.me/+z-hmp7BtE10wMmJi)

 💯 - отлично
❤️ - мне нравится

Мы теперь и в MAX - https://max.ru/thaihub",44,1,,kinostro4ka
11112,2026-03-24T09:02:50+00:00,"Все громче идут разговоры о том, что **Меган Фокс** может сыграть **Ядовитого Плюща** во вселенной кинокомиксов DC. 

Ядовитый Плющ - это женщина-ботаник, которая после неудачного эксперимента становится наполовину ядовитым растением. 

В ленте ""Бэтмен и Робин"" (1997) Плюща играла Ума Турман. 

Подходит 👍
НЕ подходит 🍌

**🎬 **@kinostro4ka

 💯 - отлично
❤️ - мне нравится

Мы теперь и в MAX - https://max.ru/thaihub",46,1,,kinostro4ka
11104,2026-03-24T07:03:50+00:00,"53-летняя Джули Бенц (""Декстер"", ""Рэмбо 4"").

Красотуля ❤️
Норм для ее возраста 👍
Страшилка 🤪

**🎬 **@kinostro4ka

 💯 - отлично
❤️ - мне нравится

Мы теперь и в MAX - https://max.ru/thaihub",47,1,,kinostro4ka
11103,2026-03-24T06:03:28+00:00,"**Тони Джа** (""Онг-Бак"") победил онкологию желчных протоков 3 стадии!!! 

50-летний актер боролся со страшной болезнью 2 года.

**🎬 **@kinostro4ka

 💯 - отлично
❤️ - мне нравится

Мы теперь и в MAX - https://max.ru/thaihub",58,1,,kinostro4ka
11093,2026-03-23T19:41:34+00:00,"Новые кадры финального сезона **«Пацанов»** 👊

До даты премьеры остается чуть больше пары недель — первые две серии выйдут уже **8 апреля**

😈[ **@kinostro4ka**](https://t.me/+z-hmp7BtE10wMmJi)

 💯 - отлично
❤️ - мне нравится

Мы теперь и в MAX - https://max.ru/thaihub",61,1,,kinostro4ka
11091,2026-03-23T18:27:08+00:00,"Новые постеры второго сезона «**Devil May Cry**» с **Данте** и **Вергилием** 😈 

Авторы отмечают, что второй сезон заметно изменит тон, стиль и подачу истории по сравнению с первым. Премьера состоится **12 мая**

😈[ **@kinostro4ka**](https://t.me/+z-hmp7BtE10wMmJi)

 💯 - отлично
❤️ - мне нравится

Мы теперь и в MAX - https://max.ru/thaihub",65,2,,kinostro4ka
11089,2026-03-23T17:41:39+00:00,"**TOHO** представила опенинг и эндинг второго сезона «**Дорохедоро**» 🤯

Во вступительной заставке звучит песня** Zettai Must Danmen** от группы **(K)NoW_NAME**, которая также работает над проектом в качестве продюсера. Эндинг получил трек** Return to Head** и показывает Энa и его приспешников. За производство аниме снова отвечает** MAPPA**. Премьера второго сезона состоится **1 апреля**, спустя шесть лет после первого

😈[ **@kinostro4ka**](https://t.me/+z-hmp7BtE10wMmJi)

 💯 - отлично
❤️ - мне нравится

Мы теперь и в MAX - https://max.ru/thaihub",59,2,,kinostro4ka
11088,2026-03-23T17:04:05+00:00,"**Паапа Эссьеду**, который играет роль **Северуса Снейпа** в новом сериале **Гарри Поттер (Harry Potter)** - рассказал об угрозах в свой адрес.

Паапа получал угрозы расправы на расовой почве из-за своей роли профессора Снейпа в предстоящей экранизации HBO Max.

Паапа: ""Мне сказали: ”Уходи или тебе будет худо... Реальность такова, что если я загляну в соцсети, то увижу, что кто-то говорит: ""Я собираюсь прийти к тебе домой и тебе будет плохо"""".

Паапа - молодец! Он отличный выбор на эту роль. Когда я читал книги - именно таким и представлял себе Снейпа ❤️
Паапе надо бы послушать фанатов книги и уйти самому 🔥

**🎬 **@kinostro4ka

 💯 - отлично
❤️ - мне нравится

Мы теперь и в MAX - https://max.ru/thaihub",50,1,,kinostro4ka
11086,2026-03-23T16:19:54+00:00,"Первый постер и трейлер лайв-экшен версии «**Моаны**» с **Дуэйном Джонсоном** 🏄‍♂️

Очередной ремейк от Дисней выйдет в прокат **10 июля**

😈[ **@kinostro4ka**](https://t.me/+z-hmp7BtE10wMmJi)

 💯 - отлично
❤️ - мне нравится

Мы теперь и в MAX - https://max.ru/thaihub",52,1,,kinostro4ka
11085,2026-03-23T15:02:20+00:00,"Режиссер **Ян де Бонт** специально выбрал на роль в ленте **Скорость** **Денниса Хоппера** потому, что ему нужен был злодей, который чувствовал бы себя ""обычным парнем, который просто сорвался"". 

Де Бонт хотел избежать встречи с ""типичным"" голливудским злодеем, которого часто изображали как ""карикатурного"" или ""заурядного"" преступника, и вместо этого искал кого-то, чьи обиды казались ему ""обоснованными и личными"".

Как вам ""Скорость""? 

Классика 👍
Кино устарело 🍌

**🎬 **@kinostro4ka

 💯 - отлично
❤️ - мне нравится

Мы теперь и в MAX - https://max.ru/thaihub",52,1,,kinostro4ka
11084,2026-03-23T13:02:19+00:00,"**Гор Вербински** (""Пираты 1-3"") отреагировал на ухудшение компьютерной графики в современных блокбастерах.

Вербински: ""Я тут кое-что посмотрел... это были компьютерные корабли в океане, и я подумал: ""Правда? Это в буквальном смысле видеоигра. Это не фильм. Эти эффекты не являются окончательными - как они проявятся в финальном фильме?"""".

Какие спецэффекты лучше? 

20 лет назад 👍
Сейчас 🤪

**🎬 **@kinostro4ka

 💯 - отлично
❤️ - мне нравится

Мы теперь и в MAX - https://max.ru/thaihub",52,1,,kinostro4ka
11079,2026-03-23T11:02:02+00:00,"Тэрон Эджертон

Мужчина 👍
Пупсик 🍌

**🎬 **@kinostro4ka

 💯 - отлично
❤️ - мне нравится

Мы теперь и в MAX - https://max.ru/thaihub",60,1,,kinostro4ka
11078,2026-03-23T09:04:04+00:00,"**Кирстен Данст** сыграет **Алекс** в сказке **Майнкрафт в кино 2 (A Minecraft Movie)**.

Алекс - это одна из главных героев игры, наряду со Стивом, которого играет Джек Блэк. 

Съемки планируют начать в апреле. 

Первый фильм вышел в прокат в 2025 году и собрал $958 млн при бюджете в $150 млн. 

Как вам фильм? 

Норм 👍
Трэш 🤡
Не смотрел 🍌

**🎬 **@kinostro4ka

 💯 - отлично
❤️ - мне нравится

Мы теперь и в MAX - https://max.ru/thaihub",60,1,,kinostro4ka
11070,2026-03-23T07:05:19+00:00,"**Мишель Пфайффер** и **Курт Рассел** в фотосессии в поддержку спин-оффа ""Йеллоустоуна"" **Река Мэдисон (The Madison)**.

После гибели главы семьи - богатое семейство Клайбернов перебирается из Нью-Йорка на ферму в Монтане. 

Как вам сериал? 

Норм 👍
Скукота 🤡
Не смотрел 🍌

**🎬 **@kinostro4ka

 💯 - отлично
❤️ - мне нравится

Мы теперь и в MAX - https://max.ru/thaihub",50,1,,kinostro4ka
11068,2026-03-23T06:04:45+00:00,"После полученного ""оскара"" **Майкл Б. Джордан** - хочет гонорар в **$18 млн** за свое участие в ленте **Полиция Майами (Miami Vice)**.

В оригинальном сериале, который шел с 1984 по 1990 -  полицейские Сонни Крокетт (Дон Джонсон) и Рикардо Таббс (Филип Майкл Томас) ловили разномастных бандитов в жарком Майами. 

Премьера - 6 августа 2027 года

Заслужил 👍
НЕ заслужил 🤡

**🎬 **@kinostro4ka

 💯 - отлично
❤️ - мне нравится

Мы теперь и в MAX - https://max.ru/thaihub",52,1,,kinostro4ka
11066,2026-03-22T17:06:09+00:00,"В Сети вспомнили, что трейлер «Человека-паука 4» ещё три месяца назад запостил какой-то парень.

Но все настолько привыкли к ИИ-слопу, что автора поста просто обосрали и никто ему не поверил.

**🎬 **@kinostro4ka

 💯 - отлично
❤️ - мне нравится

Мы теперь и в MAX - https://max.ru/thaihub",65,1,,kinostro4ka
11065,2026-03-22T15:02:02+00:00,"**Аманда Сайфред** хочет присоединиться к актерскому составу фильма про знаменитого велогонщика **Лэнса Армстронга**.

На роль Армстронга планируют Остина Батлера. Режиссерское кресло вероятнее всего займет Эдвард Бергер (""Конклав""). 

История Армстронга давно просится на большой экран. Победа над онкологией, 7 побед подряд на ""Тур-де-Франс"", подозрение в употреблении допинга. 

Фильм описывают как смесь лент ""Формула 1"",  ""Бешеный бык"" и ""Волк с Уолл-стрит"". 

Слышал про Армстронга 👍 
Не знаю, кто это 🍌

**🎬 **@kinostro4ka

 💯 - отлично
❤️ - мне нравится

Мы теперь и в MAX - https://max.ru/thaihub",66,1,,kinostro4ka
11062,2026-03-22T13:02:59+00:00,"Сильвестр Сталлоне, Дольф Лундгрен и многие другие отдают дань уважения **Чаку Норрису**, который скончался в пятницу на 87-м году жизни.

Сталлоне: ""Я прекрасно провел время, работая с Чаком. Великий человек, и я выражаю соболезнования его замечательной семье"".

Лундгрен: ""Чак Норрис - чемпион. С тех пор, как я был молодым мастером боевых искусств и позже начал сниматься в кино, я всегда смотрел на него как на образец для подражания. Тот, кто обладал уважением, скромностью и силой, необходимыми для того, чтобы быть мужчиной. Мы будем скучать по тебе, мой друг.""

**🎬 **@kinostro4ka

 💯 - отлично
❤️ - мне нравится

Мы теперь и в MAX - https://max.ru/thaihub",55,1,,kinostro4ka
11061,2026-03-22T11:04:44+00:00,"**Квентин Тарантино** объединится с **Сильвестром Сталлоне** для создания нового сериала.

-Действие происходит в 30-х годах XX века. 

-Сериал снят черно-белыми камерами того времени (?!).

-История из 6 частей о гангстерах, танцовщицах, боксе и музыке. 

Крутяк 👍
Дичь 🍌

**🎬 **@kinostro4ka

 💯 - отлично
❤️ - мне нравится

Мы теперь и в MAX - https://max.ru/thaihub",67,1,,kinostro4ka
11058,2026-03-22T09:05:23+00:00,"Элла Пернелл и Паапа Эссьеду на первом кадре хоррор-комедии **Суета (The Scurry)**.

Обычный вызов по зачистке грызунов для пары экстерминаторов - оборачивается сущим кошмаром. Десятки злобных белок с неистовой яростью атакуют загородный парк! Кучка выживших укрывается в местном кафе. Им предстоит пережить ужасную ночь под нескончаемыми атаками обезумевших грызунов!

Премьера - 2026

**🎬 **@kinostro4ka

 💯 - отлично
❤️ - мне нравится

Мы теперь и в MAX - https://max.ru/thaihub",62,1,,kinostro4ka
11057,2026-03-22T08:40:14+00:00,"**Роберт Киркман** заявил, что четвертый сезон «**Неуязвимого**» покажет **самую жестокую сцену** за все время сериала😈

По его словам, эпизод получился настолько тяжелым, что даже команда морщится при просмотре — и именно это, как он отметил, говорит о хорошо проделанной работе. Так же Киркман сказал, что будущие события удивят даже тех, кто читал комиксы. Новые эпизоды сезона будут выходить еженедельно по средам

😈[ **@kinostro4ka**](https://t.me/+z-hmp7BtE10wMmJi)

 💯 - отлично
❤️ - мне нравится

Мы теперь и в MAX - https://max.ru/thaihub",64,1,,kinostro4ka
11048,2026-03-22T07:03:14+00:00,"Мэделин Петш

Красотуля ❤️
Норм 👍
Страшилка 🤪

**🎬 **@kinostro4ka

 💯 - отлично
❤️ - мне нравится

Мы теперь и в MAX - https://max.ru/thaihub",54,1,,kinostro4ka
11045,2026-03-22T06:02:40+00:00,"Спустя почти год после закрытия фэнтезийного сериала **Колесо времени (The Wheel of Time)** - пришла новость о том, что по книгам Роберта Джордана разрабатывают **анимационный сериал и полнометражные фильмы**.

По сюжету, Ранд АлТор и его друзья - сражаются со Злом в волшебном мире. 

Как вам сериал? 

Норм 👍
Трэш 🤡
Не смотрел 🍌

**🎬 **@kinostro4ka

 💯 - отлично
❤️ - мне нравится

Мы теперь и в MAX - https://max.ru/thaihub",51,1,,kinostro4ka
11044,2026-03-21T17:05:08+00:00,"**Дрю Годдард** (""Хижина в лесу"") не готов прокомментировать - участвует ли в ленте **Матрица 5 (The Matrix 5)** Киану Ривз. 

Годдард: ""Не могу многого сказать - мы всё ещё на стадии написания сценария. Мне нужно дать себе пространство, чтобы найти лучшую историю. Я отношусь к этой истории очень ответственно. Чувствую груз желания поступить правильно по отношению к фанатам и по отношению к создателям"".

Матрица 5 нужна 👍
Матрица 5 НЕ нужна 🍌
Признаю только оригинальную трилогию 🔥

**🎬 **@kinostro4ka

 💯 - отлично
❤️ - мне нравится

Мы теперь и в MAX - https://max.ru/thaihub",72,1,,kinostro4ka
11043,2026-03-21T15:05:15+00:00,"3 сезон фэнтези-сериала **Уэнсдей (Wednesday)** - может выйти раньше, чем ожидалось. 

Съемки сезона уже стартовали. Пока премьера планируется на 2027 год. 

Кто круче? 

Вайнона Райдер 👍
Кэтрин Зета-Джонс ❤️
Ева Грин 😍

**🎬 **@kinostro4ka

 💯 - отлично
❤️ - мне нравится

Мы теперь и в MAX - https://max.ru/thaihub",58,2,,kinostro4ka
11042,2026-03-21T13:02:34+00:00,"Криминальная лента **Острые козырьки: Бессмертный (Peaky Blinders: The Immortal Man)** - вышла онлайн.

Киллиан Мерфи снова исполнил роль Томаса Шелби. 

Буду смотреть 👍
НЕ буду смотреть 🍌

#НовинкиОнлайн

**🎬 **@kinostro4ka

 💯 - отлично
❤️ - мне нравится

Мы теперь и в MAX - https://max.ru/thaihub",51,1,,kinostro4ka
11041,2026-03-21T13:01:22+00:00,"Марк Уолберг в трейлере комедийного боевика **Шары вверх (Balls Up)**.

Двое маркетологов компании по производству презервативов - отправляются в Бразилию что бы заключить крупную сделку. Приезд их совпадает с проведением Чемпионата Мира по футболу... Вскоре друзья попадают в крупный переплет с участием футбольных фанатов и местной полиции. 

Премьера - 15 апреля

**🎬 **@kinostro4ka

 💯 - отлично
❤️ - мне нравится

Мы теперь и в MAX - https://max.ru/thaihub",46,1,,kinostro4ka
11039,2026-03-21T12:35:02+00:00,"Первый эпизод нового сезона «**JoJo’s Bizarre Adventure**» получил **9,9** на **IMDb**, войдя в **топ-20** самых высокооцененных эпизодов в истории 🧨

У аниме так же огромный рейтинг на **MyAnimeList** — около** 9,3 балла** и первое место среди сериалов на платформе (обошли «**Фрирен**» и там развернулась очередная война фандомов с ревьюбомбингом). Зрители называют «**Steel Ball Run**» одной из лучших адаптаций во франшизе. Сюжет седьмой части разворачивается в XIX веке и рассказывает о масштабной гонке с крупным призом. Дата выхода следующего эпизода остается неизвестной — ее не знает даже режиссер. При этом производство, по его словам, идет по плану

😈[ **@kinostro4ka**](https://t.me/+z-hmp7BtE10wMmJi)

 💯 - отлично
❤️ - мне нравится

Мы теперь и в MAX - https://max.ru/thaihub",42,1,,kinostro4ka
11038,2026-03-21T11:04:00+00:00,"Трейлер ленты **Человек-Паук: Совершенно новый день (Spider-Man: Brand New Day)** - поставил рекорд по просмотрам за первые сутки. 

За первые 24 часа ролик прсмотрели по миру **718.6 млн раз**.

Почти в 2 раза превышен результат ""Дэдпула и Росомахи"" (373 млн). Также ролик превысил рекордные цифры просмотров игры GTA VI (475 млн) 

""Дэдпул и Росомаха"" взяли в мировом прокате **$1.33 млрд**.

Премьера - 31 июля

Обойдет ли Человек-Паук по кассовым сборам Дэдпула и Росомаху? 

Да 👍
Нет 🍌

**🎬 **@kinostro4ka

 💯 - отлично
❤️ - мне нравится

Мы теперь и в MAX - https://max.ru/thaihub",47,1,,kinostro4ka
11037,2026-03-21T09:06:18+00:00,"**Том Круз** может сыграть главного злодея в ленте Джозефа Косински (""ТРОН: Наследие"", ""Обливион"", ""Топ Ган: Мэверик"") **Полиция Майами (Miami Vice)**.

Круз уже играл злодея в ленте Майкла Манна ""Соучастник"". Манн в этом фильме выступает в качестве продюсера. А у Косински Круз уже снимался в фантастике ""Обливион"".

На главные роли планируют Остина Батлер и Майкла Б. Джордана. 

В оригинальном сериале, который шел с 1984 по 1990 -  полицейские Сонни Крокетт (Дон Джонсон) и Рикардо Таббс (Филип Майкл Томас) ловили разномастных бандитов в жарком Майами. 

Премьера - 6 августа 2027 года

Круз подходит на роль злодея 👍
Круз НЕ подходит на роль злодея 🍌

**🎬 **@kinostro4ka

 💯 - отлично
❤️ - мне нравится

Мы теперь и в MAX - https://max.ru/thaihub",62,1,,kinostro4ka
11033,2026-03-21T07:01:15+00:00,"**Кирстен Данст** сыграет в сказке **Майнкрафт в кино 2 (A Minecraft Movie)**.

Съемки планируют начать в апреле. 

Первый фильм вышел в прокат в 2025 году и собрал $958 млн при бюджете в $150 млн. 

Как вам фильм? 

Норм 👍
Трэш 🤡
Не смотрел 🍌

**🎬 **@kinostro4ka

 💯 - отлично
❤️ - мне нравится

Мы теперь и в MAX - https://max.ru/thaihub",43,1,,kinostro4ka
11032,2026-03-21T06:03:24+00:00,"Первый кадр из экранизации мистического романа Питера Кэмерона **Что случилось ночью (What Happens at Night)**.

Сюжет: американская пара отправляется в заснеженный европейский городок чтобы усыновить ребенка. По дороге они останавливаются в отеле, полном странных персонажей. 

Главные роли исполнят Леонардо Ди Каприо и Дженнифер Лоуренс. 

Снимает ленту Мартин Скорсезе. 

А вы ездили на УАЗике? 

Да 👍
Нет 🍌

**🎬 **@kinostro4ka

 💯 - отлично
❤️ - мне нравится

Мы теперь и в MAX - https://max.ru/thaihub",46,1,,kinostro4ka
