id,date,text,views,forwards,replies,channel_short
108512,2026-06-02T06:00:03+00:00,"📰 **Эксклюзивные материалы свежего номера газеты «Коммерсантъ»:**

🔵 Гендиректор «Арнест ЮниРусь» (бывшее подразделение Unilever в РФ) Елена Тябутова [в интервью «Ъ» раскрыла](https://www.kommersant.ru/doc/8708955?tg) детали приобретения российских активов Avon.

🔵 Средний чек на покупку цветов в России за год [вырос только на 2,4%.](https://www.kommersant.ru/doc/8709116?tg)

🔵 В мае [было выставлено](https://www.kommersant.ru/doc/8709156?tg) на продажу банковских долгов почти на 30 млрд руб.

🔵 Экспорт российского угля [подорожал](https://www.kommersant.ru/doc/8709039?tg) почти на 10% за неделю из-за спроса в Азии.

🔵 Программисты [столкнулись с проблемами](https://www.kommersant.ru/doc/8709060?tg) в разработке из-за ограничений VPN-трафика.

🔵 84% российских мобильных приложений [имеют критические уязвимости.](https://www.kommersant.ru/doc/8709035?tg)

🔵 Воспитывавшие участников СВО пожаловались [на отсутствие выплаты](https://www.kommersant.ru/doc/8708981?tg) после их гибели.

🔵 [По данным «Ъ»,](https://www.kommersant.ru/doc/8708982?tg) на внутреннем рынке наблюдались проблемы с предложением авиатоплива, а оптовые цены достигали 110 тыс. руб. за тонну. 

👉 __Читайте другие эксклюзивные заметки __[__на сайте «Ъ». __](https://www.kommersant.ru/daily/166385?tg)

#Ъузнал",1244,0,,kommersant
108511,2026-06-02T05:52:19+00:00,"**Минобороны РФ сообщило о массированном ударе сегодня ночью по предприятиям ОПК** в Киеве, Запорожье, Харькове и Днепропетровске, а также в Полтавской, Хмельницкой и Сумской областях, объектам топливной, транспортной инфраструктуры Украины, используемым в интересах ВСУ, и военным аэродромам. В ведомстве заявили, что удар был нанесен в ответ на террористические акты киевского режима.

Уточняется, что в ходе массированного удара по целям на Украине применено оружие большой дальности, в том числе гиперзвуковые аэробаллистические ракеты.

▪ [Подписывайтесь на «Ъ» в MAX |](https://max.ru/kommersant) [в Telegram](https://t.me/+bPtk49gFbCBkYzdi)",2676,10,,kommersant
108510,2026-06-02T05:35:34+00:00,"🗞🗞🗞🗞 **Средний чек на покупку цветов в России за январь—май вырос только на 2,4% год к году: **россияне тратили на приобретение цветов в среднем 4,1 тыс. руб. [Покупатели экономят,](https://www.kommersant.ru/doc/8709116?tg) все чаще отдавая предпочтение менее пышным букетам. 

В натуральном выражении продажи срезанных цветов в январе—мае вовсе сократились на 5% год к году. Управляющий центра Panin Plants Владимир Панин говорит, что на рынок в целом влияет ограниченная покупательная способность. Вторым фактором, по его мнению, могли стать перебои с поставками свежесрезанных цветов из Кении. 

В ближайшее время рынок может столкнуться с дополнительными сложностями из-за введенных в мае Россельхознадзором ограничений на импорт цветов из Армении.

Охлаждение спроса сказалось и на рознице. 57% владельцев цветочных магазинов не планируют в этом году расширять свой бизнес. Главными сложностями предприниматели называли высокую конкуренцию на рынке, наем флористов и трудности с закупкой цветов.

#Ъузнал",4190,21,,kommersant
108509,2026-06-02T05:22:26+00:00,"«То, что хотел сказать Владимир Путин, уложилось в пару фраз в конце»

Кремлевская пресс-служба до позднего вечера не раскрывала тему совещания и состав участников. 

Когда оно началось, выяснилось, что участие принимают генпрокурор Александр Гуцан, зампред правительства Татьяна Голикова, глава Следственного комитета Александр Бастрыкин, глава ЛНР Леонид Пасечник, глава Старобельского муниципального округа Владимир Чернев.

📰 **Как Владимир Путин высказался по поводу происшедшего в Старобельске — **[**в репортаже**](https://www.kommersant.ru/doc/8709270?tg)** специального корреспондента «Ъ» Андрея Колесникова.  **

__📷____ пресс-служба президента РФ__

▪ [Подписывайтесь на «Ъ» в MAX |](https://max.ru/kommersant) [в Telegram](https://t.me/+bPtk49gFbCBkYzdi)",5936,0,,kommersant
108508,2026-06-02T04:56:47+00:00,"❗️ **ФСБ сообщила о выявлении масштабной схемы по внедрению шпионского ПО иностранными спецслужбами на мобильную технику высокопоставленных чиновников РФ. **

По данным ведомства, информацию со смартфонов высокопоставленных российских служащих снимали с помощью возможностей крупных международных IT-корпораций. 

Как заявили в ФСБ, вредоносное ПО позволяло прослушивать переговоры и вести негласный контроль вблизи устройств. Представители Центра общественных связей ФСБ России отмечают, что западные спецслужбы намеренно делали ставку на технологические методы сбора данных, считая их более эффективными и дешевыми по сравнению с вербовкой информаторов. 

«Сбор данных о контактах, планах и настроениях в обществе планировали осуществить напрямую, без посредников»,— считают в ФСБ. 

Также фиксируется устойчивая закономерность: после взлома устройств и сбора компромата жертвы слежки системно попадают в санкционные списки США и Евросоюза, а затем становятся объектами для давления.

В ведомстве подчеркнули, что обсуждение конфиденциальной информации по мобильным средствам связи и вблизи них __«недопустимо, так как содержание ваших переговоров может стать известно третьим лицам и повлечь наступление необратимых последствий».__

**Подробности — **[**в материале «Ъ».  **](https://www.kommersant.ru/doc/8709173?tg)

▪ [Подписывайтесь на «Ъ» в MAX |](https://max.ru/kommersant) [в Telegram](https://t.me/+bPtk49gFbCBkYzdi)",8393,149,,kommersant
108507,2026-06-02T04:31:44+00:00,"🗞🗞🗞🗞 **​​Активный спрос азиатских импортеров стимулирует рост цен на энергетический уголь из России:** за неделю в мае [котировки подскочили](https://www.kommersant.ru/doc/8709039?tg) на 8–9%, и топливо высокой калорийности подорожало до максимума с конца 2024 года. 

Участники рынка, впрочем, отмечают, что рост мировых цен на уголь вовсе не означает улучшения положения в угольной отрасли, прежде всего из-за чрезмерно крепкого рубля. Собеседник «Ъ» добавляет, что затраты на производство и поставку номинированы в рублях. Дополнительное давление оказывает рост себестоимости, серьезно выросли и логистические затраты.

В результате, по словам источника «Ъ», значительная часть поставок остается низкорентабельной или убыточной.

#Ъузнал",8695,21,,kommersant
108506,2026-06-02T04:21:56+00:00,"Силы ПВО сбили за ночь **148 беспилотников** над регионами России, сообщили в Минобороны.

▪ [Подписывайтесь на «Ъ» в MAX |](https://max.ru/kommersant) [в Telegram](https://t.me/+bPtk49gFbCBkYzdi)",8076,4,,kommersant
108505,2026-06-02T04:01:01+00:00,"**⛅️**** Главные новости к утру**

🔸 МИД России [назвал](https://www.kommersant.ru/doc/8709217?tg) задержание танкера Tagor примером правового нигилизма.

🔸 Президент Сербии Александр Вучич [пообещал немедленно отменить](https://www.kommersant.ru/doc/8709225?tg) любое решение о введении виз для россиян.

🔸 Дональд Трамп во время телефонного разговора [назвал](https://www.kommersant.ru/doc/8709223?tg) Биньямина Нетаньяху сумасшедшим и обвинил в неблагодарности из-за ударов по Ливану.

🔸 Евросоюз [намерен ужесточить](https://www.kommersant.ru/doc/8709233?tg) миграционную политику.

🔸 Владимир Путин [присудил](https://www.kommersant.ru/doc/8709224?tg) гранты 103 проектам в области культуры и искусства.

🔸 Генпрокуратура [подала новый иск](https://www.kommersant.ru/doc/8709227?tg) к основателю «Русагро» Вадиму Мошковичу.

🔸 В Краснодарском крае [произошло возгорание](https://www.kommersant.ru/doc/8709238?tg) на НПЗ после атаки БПЛА. В Курской области при атаке дрона [погиб](https://www.kommersant.ru/doc/8709222?tg) мирный житель.

#главноекутру",9029,16,,kommersant
108504,2026-06-02T03:41:01+00:00,"**Евросоюз намерен ужесточить миграционную политику**

Представители Европарламента, Европейской комиссии и Совета ЕС 1 июня утвердили текст соглашения, которое регламентирует ускорение процесса депортаций из ЕС и увеличение их количества, а также позволяет депортировать мигрантов в специальные центры за пределами блока.

[Как сообщает Politico](https://www.kommersant.ru/doc/8709233?tg), соглашению предстоит ратификация в Европарламенте и Совете ЕС, а новые правила должны стать частью масштабной миграционной реформы, вступающей в силу с 12 июня.

▪ [Подписывайтесь на «Ъ» в MAX |](https://max.ru/kommersant) [в Telegram](https://t.me/+bPtk49gFbCBkYzdi)",8816,16,,kommersant
108503,2026-06-02T03:08:03+00:00,"**84% российских мобильных приложений имеют критические уязвимости**, [выяснил «Ъ». ](https://www.kommersant.ru/doc/8709035?tg)

Эксперты по кибербезопасности обнаружили 48,8 тыс. уязвимостей в популярных мобильных приложениях российских разработчиков за 2025 год, что на 63% больше показателя годом ранее. При этом количество критических угроз составило более 19 тыс.

Этому способствует увеличение объемов использования ИИ-сгенерированного кода в разработке, который тиражирует ошибки и небезопасные паттерны хранения чувствительных данных.

📡 [Сети меняются. Мы следим. Подписывайтесь](https://t.me/+SkQgmXpzMqFjZjli).",9380,60,,kommersant
108502,2026-06-02T02:48:24+00:00,"На Ильском НПЗ в Краснодарском крае произошло возгорание из-за атаки БПЛА, сообщил оперштаб региона.

«По предварительным данным, пострадавших нет. На месте работают оперативные и специальные службы»,— сказано в сообщении.

▪ [Подписывайтесь на «Ъ» в MAX |](https://max.ru/kommersant) [в Telegram](https://t.me/+bPtk49gFbCBkYzdi)",9189,24,,kommersant
108501,2026-06-02T02:18:57+00:00,"**Дональд Трамп во время телефонного разговора 1 июня назвал Биньямина Нетаньяху сумасшедшим и обвинил в неблагодарности из-за ударов по Ливану.**

Об этом [Axios сообщили](https://www.kommersant.ru/doc/8709223?tg) два американских чиновника и источник, знакомый с разговором.

«Ты бы сидел в тюрьме, если бы не я. Я спасаю твою задницу. Тебя теперь все ненавидят», — процитировал один из собеседников Axios Дональда Трампа.

Другой источник сказал, что Трамп был взбешен и кричал: «Какого хрена ты творишь?»

Дональд Трамп опасался, что действия Биньямина Нетаньяху сорвут переговоры США с Ираном. После звонка господин Трамп написал в Truth Social, что переговоры продолжаются. По данным Axios, после разговора Израиль отказался от планов бомбить Бейрут.

▪ [Подписывайтесь на «Ъ» в MAX |](https://max.ru/kommersant) [в Telegram](https://t.me/+bPtk49gFbCBkYzdi)",9914,72,,kommersant
108500,2026-06-02T01:36:01+00:00,"**Владимир Путин присудил гранты 103 проектам в области культуры и искусства. **Документ [опубликован](https://www.kommersant.ru/doc/8709224?tg) на официальном портале правовой информации.

Гранты выделены по результатам конкурса, который прошел в 2025 году. В числе поддержанных инициатив — проекты «Пушкинский ген», «Блокадная кровь», «Миссия памяти», цирковая лаборатория «Манеж идей» и «Севморпуть. Большое книжное путешествие».

▪ [Подписывайтесь на «Ъ» в MAX |](https://max.ru/kommersant) [в Telegram](https://t.me/+bPtk49gFbCBkYzdi)",9842,13,,kommersant
108499,2026-06-02T01:01:36+00:00,"**Импортеров грузов из стран ЕАЭС на время **[**освободили**](https://www.kommersant.ru/doc/8709145?tg)** от уплаты обеспечительного авансового платежа **в рамках запущенной с 1 июня системы подтверждения ожидания товаров.

Для товаров, ввозимых в РФ через Белоруссию, переходный период продлится до 31 октября этого года, для остальных стран союза — до 1 июля.

Ведомства объясняют это заботой о бизнесе, которому предоставляется дополнительное время для перехода на новый, более жесткий, чем прежде, порядок.

▪ [Подписывайтесь на «Ъ» в MAX |](https://max.ru/kommersant) [в Telegram](https://t.me/+bPtk49gFbCBkYzdi)",9545,22,,kommersant
108498,2026-06-02T00:25:50+00:00,"**Ограничения VPN-трафика в РФ напрямую сказались на разработчиках софта**, [рассказали «Ъ»](https://www.kommersant.ru/doc/8709060?tg) сразу в нескольких ИТ-компаниях.

В первую очередь проблемы касаются инструментов, связанных с решениями open source (открытого кода) и международной разработкой. Это репозитории кода, системы управления его версиями, библиотеки, а также среды разработки с облачными компонентами.

В основном речь идет о нестабильном доступе к внешним ресурсам разработки, причем не только о недоступности отдельных сервисов, но и о серьезном осложнении уже привычных процессов.

В Роскомнадзоре утверждают, что доступ к зарубежным ресурсам с использованием необходимых протоколов VPN предоставляется российским компаниям по их заявкам.

📡 [Сети меняются. Мы следим. Подписывайтесь](https://t.me/+SkQgmXpzMqFjZjli).",9431,59,,kommersant
108497,2026-06-02T00:00:32+00:00,"**Сербия не намерена отменять безвизовый режим с Россией**, заявил в эфире телеканала Prva президент страны Александр Вучич. Он подчеркнул, что такое решение не будет принято, а даже если кто-то его примет, оно будет немедленно отменено.

Сербский лидер добавил, что лично связался со спикером парламента Аной Брнабич, чтобы проверить информацию о возможном введении виз, и не нашел ей подтверждений.

Ранее глава комитета сербского парламента Драган Станоевич заявил «Известиям», что отмена безвизового режима с Россией рассматривается среди условий вступления Сербии в ЕС, которые нужно выполнить к концу 2026 года. При этом, по его оценке, страна пока далека как от евроинтеграции, так и от введения виз для россиян.

▪ [Подписывайтесь на «Ъ» в MAX |](https://max.ru/kommersant) [в Telegram](https://t.me/+bPtk49gFbCBkYzdi)",9371,28,,kommersant
108496,2026-06-01T23:11:22+00:00,"**Выборы в Госдуму повысили шансы российских губернаторов остаться на посту.**

К такому выводу [пришли](https://www.kommersant.ru/doc/8709026?tg) эксперты компании «Минченко консалтинг» в свежем выпуске рейтинга «Госсовет 2.0», оценивающего политическую устойчивость глав субъектов.

Вместо весенней «волны отставок» Кремль ограничился точечными заменами, а многочисленные губернаторы-аутсайдеры сумели выбраться из «красной зоны». Вероятно, новые кадровые решения будут приниматься уже после выборов, считают эксперты.

▪ [Подписывайтесь на «Ъ» в MAX |](https://max.ru/kommersant) [в Telegram](https://t.me/+bPtk49gFbCBkYzdi)",9777,26,,kommersant
108495,2026-06-01T21:58:15+00:00,"**Более сотни студентов колледжа в Старобельске отправятся на отдых в детские центры России**, сообщил глава ЛНР Леонид Пасечник по итогам встречи с президентом Владимиром Путиным.

[По словам главы региона](https://www.kommersant.ru/doc/8709199?tg), центры готовы принять детей с 15 июня. В какие именно учреждения планируют направить студентов — господин Пасечник не уточнил.

▪ [Подписывайтесь на «Ъ» в MAX |](https://max.ru/kommersant) [в Telegram](https://t.me/+bPtk49gFbCBkYzdi)",11011,12,,kommersant
108494,2026-06-01T21:08:01+00:00,"**Дональд Трамп планирует закрыть свой фонд для жертв политических злоупотреблений в размере $1,8 млрд.** Об этом [сообщает](https://www.kommersant.ru/doc/8709193?tg) Axios со ссылкой на источники.

Создание фонда вызвало критику со стороны обеих партий, поскольку средства могли быть использованы без надлежащего контроля для помощи политическим союзникам президента. По словам источников, спикер палаты представителей США, республиканец Майк Джонсон, собирался поднять вопрос о фонде на встрече с президентом Трампом.

▪ [Подписывайтесь на «Ъ» в MAX |](https://max.ru/kommersant) [в Telegram](https://t.me/+bPtk49gFbCBkYzdi)",11930,13,,kommersant
108493,2026-06-01T20:38:03+00:00,"**Правительство внесло в Госдуму законопроект о поддержке «Почты России»**, [свидетельствует](https://www.kommersant.ru/doc/8709187?tg) статус инициативы в думской системе документооборота.

Согласно документу, платежные документы за жилье и коммунальные услуги будут направлять через портал «Госуслуги». В почтовых отделениях начнут принимать безналичную оплату без комиссии. Почтовые ящики смогут использовать только «Почта России», управляющая компания и сторонние организации — по решению общего собрания жильцов.

Кроме того, у почтовых операторов появится возможность привлекать сторонние компании и индивидуальных предпринимателей для доставки коммерческих посылок. «Почта России» также сможет размещать рекламу на доставляемых ею платежных документах. Законопроект предусматривает оптимизацию графиков работы почтовых отделений.

▪ [Подписывайтесь на «Ъ» в MAX |](https://max.ru/kommersant) [в Telegram](https://t.me/+bPtk49gFbCBkYzdi)",13077,85,,kommersant
108492,2026-06-01T19:59:33+00:00,"**В Ленинградском зоопарке манулы принесли потомство: родились четверо котят**

В семье манулов Ленинградского зоопарка пополнение: у самца Шу и самки Пепе появились четыре детеныша. Для зоопарка это важное достижение — манулы редко размножаются в неволе. Сотрудники пока не тревожат семью и просят посетителей соблюдать тишину у вольеров, сообщают в Ленинградском зоопарке. Пол котят пока неизвестен.

__Видео: Ленинградский зоопарк__

@kommersant_sz",13051,289,,kommersant
108491,2026-06-01T19:53:08+00:00,"Темпы роста цен на бензин на АЗС в Московском регионе увеличились в условиях снижения продаж топлива и логистических сложностей. В оптовом секторе это приводит к росту котировок АИ-92. 

Собеседники «Ъ» на топливном рынке [указывают](https://www.kommersant.ru/doc/8708988?tg) на сложности не столько с закупкой бензина, сколько с логистикой.

«Пока выраженный дефицит топлива мы видим только в Крыму. В остальной части России запасы еще есть, но есть и дефицит текущего предложения. Если ситуация не наладится, то на конец июля — начало августа дефицит уже будет распространен по большему числу регионов»,— говорит один из источников «Ъ».

В России для обеспечения топливом внутреннего рынка действует запрет на экспорт бензина для всех участников топливного рынка, в том числе производителей, по 31 июля.

Но, отмечают источники «Ъ», этих мер явно недостаточно. Сейчас, говорят они, правительство рассматривает новые инструменты увеличения поставок на внутренний рынок, например ограничение экспорта в страны ЕАЭС.

▪ [Подписывайтесь на «Ъ» в MAX |](https://max.ru/kommersant) [в Telegram](https://t.me/+bPtk49gFbCBkYzdi)",12426,75,,kommersant
108490,2026-06-01T19:45:27+00:00,"**Арестован начальник продовольственного управления департамента ресурсного обеспечения Минобороны Виктор Таразевич. **Как [следует из материалов](https://www.kommersant.ru/doc/8709175?tg) 235-го гарнизонного военного суда Москвы, его заключили под стражу еще 22 мая.

По данным источников РБК в правоохранительных органах, полковнику предъявили обвинение в особо крупном мошенничестве.

▪ [Подписывайтесь на «Ъ» в MAX |](https://max.ru/kommersant) [в Telegram](https://t.me/+bPtk49gFbCBkYzdi)",11975,55,,kommersant
108489,2026-06-01T19:31:56+00:00,"По данным источника «Ъ», уголовное дело по факту особо крупного мошенничества в отношении директора и бенефициара воронежского ООО «Инвестиционная палата» Алексея Седушкина и руководителя европейского брокера Mind Money Юлии Хандошко **было возбуждено по заявлению крупного российского бизнесмена, чье имя не разглашается.
**
[Собеседник «Ъ» не исключил,](https://www.kommersant.ru/doc/8709140?tg) что этот человек мог быть лишь номинальным владельцем замороженных за границей акций крупной компании, а их истинный хозяин вообще остался в тени.

Господа Седушкин и Хандошко занимались тем, что помогали россиянам возвращать их средства, заблокированные в Европе после введения санкций.

В силовых структурах суть инкриминированных арестованным фигурантам деяний не комментируют. Источник «Ъ», знакомый со сферой услуг в этой области, полагает, что вменяемое фигурантам деяние может быть связано не только с обещанием получить лицензию, но и с этапом возвращения актива.

▪ [Подписывайтесь на «Ъ» в MAX |](https://max.ru/kommersant) [в Telegram](https://t.me/+bPtk49gFbCBkYzdi)",12965,55,,kommersant
108488,2026-06-01T19:23:09+00:00,"«Собственно говоря, сидя перед президентом, она олицетворяла самую суть семейных ценностей. Красный цветастый кокошник-ободок, глубокие, а точнее глубинные русские мотивы с теми же узорами (то ли вышиванка, то ли принт на белой, издали так просто холщовой рубашке... Да и она-то не та ли самая русская красавица... Та, та...)». 

1 июня, в День защиты детей, президент России Владимир Путин встретился с уполномоченным по правам ребенка Марией Львовой-Беловой. 

💬 О том, как это было, [рассказывает](https://www.kommersant.ru/doc/8709144?tg) специальный корреспондент «Ъ»** Андрей Колесников.**

__📷____ пресс-служба президента РФ__

▪ [Подписывайтесь на «Ъ» в MAX |](https://max.ru/kommersant) [в Telegram](https://t.me/+bPtk49gFbCBkYzdi)",12187,42,,kommersant
108487,2026-06-01T19:12:42+00:00,"На переизбрание в новый созыв Госдумы по итогам завершившегося 31 мая предварительного внутрипартийного голосования «Единой России» может претендовать 201 из 312 действующих депутатов-единороссов, [подсчитал «Ъ». ](https://www.kommersant.ru/doc/8709136?tg)

Это те, кто выиграл праймериз по одномандатным округам либо занял проходные места в региональных списках. Окончательное решение по поводу выдвиженцев, учитывая надбавку в 25% для ветеранов СВО и активность политиков на местах, примет съезд партии 28 июня.

▪ [Подписывайтесь на «Ъ» в MAX |](https://max.ru/kommersant) [в Telegram](https://t.me/+bPtk49gFbCBkYzdi)",14591,22,,kommersant
108486,2026-06-01T19:04:36+00:00,"🌒 **Главные новости к вечеру**

▪️ Переговоры США с Ираном продолжаются и идут ускоренными темпами, [заявил](https://www.kommersant.ru/doc/8709169?tg) президент Дональд Трамп. Ранее иранское агентство Tasnim [писало](https://www.kommersant.ru/doc/8708944?tg) о выходе Тегерана из переговорного процесса из-за продолжающихся ударов Израиля по Ливану. 

▪️ Российская сторона не считает, что звонок Владимира Путина премьер-министру Армении Николу Пашиняну говорит о смягчении позиции Москвы по вопросу выбора Еревана между ЕС и ЕАЭС. Об этом [сообщил источник «Ъ»](https://www.kommersant.ru/doc/8709157?tg) в российских властных структурах.

▪️ Россельхознадзор [ограничит](https://www.kommersant.ru/doc/8709099?tg) ввоз косточковых плодов и винограда из Армении. Также Россия [приостановит](https://www.kommersant.ru/doc/8708537?tg) поставки рыбы из Армении.

▪️ Названы [потерпевшие](https://www.kommersant.ru/doc/8709100?tg) по делу о махинациях с работами Эрнста Неизвестного.

▪️ Reuters [узнал](https://www.kommersant.ru/doc/8709069?tg) о планах ОПЕК+ повысить целевой показатель добычи нефти в июле.

▪️ Роскомнадзор [не ограничивал](https://www.kommersant.ru/doc/8709086?tg) доступ к Python.

▪️ Владимир Путин [поручил](https://www.kommersant.ru/doc/8708477?tg) ФСБ и правительству обеспечить работу главных сервисов при ограничениях интернета.

▪️ Правительство России [запретило](https://www.kommersant.ru/doc/8708442?tg) экспорт авиакеросина до конца ноября.

▪️ Французские ВМС при поддержке Великобритании[ задержали](https://www.kommersant.ru/doc/8708402?tg) шедший из России танкер. 

#главноеквечеру",36565,20,,kommersant
108485,2026-06-01T18:47:21+00:00,"В Москве [состоялась](https://www.kommersant.ru/doc/8707250) конференция «ПлатФорум 2026», посвященная регулированию платформенной занятости и ее применению для борьбы с дефицитом кадров. Участники подчеркнули необходимость разграничения формата и трудовых отношений, чтобы избежать двойного регулирования.

Управляющий директор по юридическим вопросам «Авито» Александр Смирнов отметил: «Закон принят, но настоящая работа только начинается — дальше все решает подзаконная база и то, как ее применять на практике. Особенно остро это чувствуется в сфере платформенной занятости, где сейчас формируются подходы к регулированию труда самозанятых, а бизнесу критически важно избежать “перекосов” в сторону фактических трудовых отношений без утраты гибкости. В периметре “Авито” есть сервис временной занятости “Авито Подработка”, который соединяет бизнес-заказчиков и самозанятых исполнителей для краткосрочных задач. И нам показалось правильным собрать в одном зале на сессии “Авито Подработки” в рамках “ПлатФорума 2026” представителей государственных ведомств и юристов, чтобы открыто обсудить, что работает, а что требует донастройки».

__#Карьера__",11638,20,,kommersant
108484,2026-06-01T18:35:08+00:00,"Переговоры США и Ирана продолжаются быстрыми темпами, написал Дональд Трамп в соцсети TruthSocial.

Ранее иранское агентство Tasnim сообщило, что из-за боевых действий Израиля в Ливане Тегеран прекращает переговоры и обмен посланиями с Вашингтоном.

▪ [Подписывайтесь на «Ъ» в MAX |](https://max.ru/kommersant) [в Telegram](https://t.me/+bPtk49gFbCBkYzdi)",11682,8,,kommersant
108483,2026-06-01T18:26:18+00:00,"Несмотря на санкции, логистические проблемы и усложнение международных расчетов, **большинство оставшихся в РФ европейских (преимущественно немецких) компаний не намерены покидать российский рынок.** Это показал опрос Российско-германской внешнеторговой палаты, [с которым ознакомился «Ъ». ](https://www.kommersant.ru/doc/8708870?tg)

Несмотря на ожидания ухудшения экономической ситуации в РФ во второй половине года, оставшиеся в РФ инвесторы видят потенциал роста в российском секторе IT, в АПК и в энергетике. 

Мотивы иностранных менеджеров вполне прагматичны и объясняются нежеланием уступать свою часть российского рынка прежде всего китайским компаниям.

▪ [Подписывайтесь на «Ъ» в MAX |](https://max.ru/kommersant) [в Telegram](https://t.me/+bPtk49gFbCBkYzdi)",12351,27,,kommersant
108482,2026-06-01T18:18:55+00:00,"Обвиняемыми по делу об ударе по колледжу в Старобельске в Луганской народной республике проходят полковник вооруженных сил Украины Роберт Бровди и еще несколько командиров ВСУ. Об этом заявил генпрокурор России Александр Гуцан на совещании с президентом Владимиром Путиным.

Глава СКР Александр Бастрыкин сообщил, что в настоящее время с места атаки ВСУ на колледж в Старобельске изъяты фрагменты семи беспилотников. По его словам, СКР установил, что на украинских БПЛА, которые атаковали колледж в Старобельске, были установлены антенны Starlink.

Запуск БПЛА по Старобельскому колледжу был осуществлен с территории Харьковской области, уточнил Александр Бастрыкин.

▪ [Подписывайтесь на «Ъ» в MAX |](https://max.ru/kommersant) [в Telegram](https://t.me/+bPtk49gFbCBkYzdi)",12530,25,,kommersant
108481,2026-06-01T18:01:12+00:00,"Владимир Путин провел совещание о мерах поддержки пострадавших и ходе расследования теракта в Старобельске. Президент выразил соболезнования и поручил с максимальным вниманием отнестись к каждой семье, столкнувшейся с трагедией.

По словам президента, все причастные к удару по Старобельску должны получить заслуженное наказание, оно будет неотвратимым.

▪ [Подписывайтесь на «Ъ» в MAX |](https://max.ru/kommersant) [в Telegram](https://t.me/+bPtk49gFbCBkYzdi)",13474,26,,kommersant
108480,2026-06-01T17:40:47+00:00,"Дональд Трамп после телефонных переговоров с премьер-министром Израиля Биньямином Нетаньяху и представителями «Хезболлы» заявил, что Израиль и движение прекратят огонь.

«Израиль не будет атаковать их, и они не будут атаковать Израиль».

▪ [Подписывайтесь на «Ъ» в MAX |](https://max.ru/kommersant) [в Telegram](https://t.me/+bPtk49gFbCBkYzdi)",13636,26,,kommersant
108479,2026-06-01T17:35:47+00:00,"Владимир Путин продлил срок полномочий Марии Львовой-Беловой на посту уполномоченного по правам ребенка еще на пять лет.

▪ [Подписывайтесь на «Ъ» в MAX |](https://max.ru/kommersant) [в Telegram](https://t.me/+bPtk49gFbCBkYzdi)",14042,17,,kommersant
108478,2026-06-01T17:33:23+00:00,"Приостановка переговоров с Ираном не значит, что США возобновят боевые действия против республики. Об этом в интервью NBC заявил американский президент Дональд Трамп.

Господин Трамп сообщил, что иранская сторона не информировала Вашингтон о желании приостановить переговоры. 

«Честно говоря, мне кажется, мы слишком много разговаривали. Думаю, молчание было бы очень кстати, и это могло бы продолжаться долгое время»,— сказал американский президент. 

**Подробнее о ситуации — в материале «Ъ» **[**«Проливы гнева».**](https://www.kommersant.ru/doc/8709080?tg)

▪ [Подписывайтесь на «Ъ» в MAX |](https://max.ru/kommersant) [в Telegram](https://t.me/+bPtk49gFbCBkYzdi)",16012,12,,kommersant
108477,2026-06-01T17:28:17+00:00,"❗️ **По данным «Ъ», на внутреннем рынке наблюдались проблемы с предложением авиатоплива.** Ранее сегодня стало известно, что вслед за ограничениями на экспорт бензина, дизельного и судового топлива Россия вводит эмбарго на вывоз авиакеросина до 30 ноября.

Оптовые цены на авиакеросин, [по словам собеседника «Ъ»,](https://www.kommersant.ru/doc/8708982?tg) достигали 110 тыс. руб. за тонну. По итогам торгов 1 июня реализованы только три железнодорожные цистерны на всю страну.

Два источника «Ъ» в авиакомпаниях сообщили, что на последней неделе мая получили письма от топливозаправщиков **о невозможности заправить самолеты** по заключенным контрактам в аэропортах Санкт-Петербурга, Екатеринбурга, Уфы и еще нескольких городов с меньшим объемом перевозок. По данным собеседников «Ъ», после совещания в Минтрансе топливозаправщики оперативно доставили керосин из других региональных аэропортов.

Рост оптовых цен собеседники «Ъ» в авиакомпаниях связывают с угрозой нехватки авиакеросина на внутреннем рынке. Тем не менее глава Минтранса Андрей Никитин заявил 1 июня, что дефицита нет. 

В свою очередь авиакомпании опасаются, что ограничение экспорта может обернуться отменой демпфера на авиакеросин. По словам собеседников в авиакомпаниях, такая возможность обсуждалась в Минфине этой весной.

__📷____ Роман Яровицын, «Коммерсантъ»__

#Ъузнал",14994,93,,kommersant
108475,2026-06-01T17:00:55+00:00,"По информации «Ъ», **российская сторона не считает поздравление Никола Пашиняна с днем рождения признаком того, что Москва в итоге якобы могла смягчить свою позицию по вопросу выбора Арменией ее дальнейшего внешнеполитического вектора.**

Звонок из Кремля в Ереван вовсе не свидетельствует о пересмотре российской позиции по вопросу решающего выбора Армении между ЕС и ЕАЭС,[ заявил собеседник «Ъ» в российских властных структурах. ](https://www.kommersant.ru/doc/8709073?tg)

По словам источника «Ъ», Москва не отказывается от своего прежнего требования вынести вопрос о членстве в ЕАЭС на общенациональный референдум.

▪ [Подписывайтесь на «Ъ» в MAX |](https://max.ru/kommersant) [в Telegram](https://t.me/+bPtk49gFbCBkYzdi)",13294,24,,kommersant
108474,2026-06-01T16:37:22+00:00,"❗️ **Россельхознадзор со 2 июня ограничивает ввоз косточковых плодов (вишни, черешни, абрикосов, сливы, персиков, нектаринов) и винограда из Армении.**

В ведомстве сообщили, что фиксируют участившиеся случаи нарушений при поставках армянских фруктов в Россию. Отмечается, что в адрес армянской стороны неоднократно направлялась информация о нарушениях.
 
«Участившиеся случаи обнаружений свидетельствуют о последствиях ликвидации Министерства сельского хозяйства Армении, в результате структурной реформы полномочия были возложены на Министерство экономики. Учитывая то, что в последнее время поставляемая из Армении продукция не соответствует фитосанитарным требованиям ЕАЭС и России, можно полагать, что Министерство экономики Армении испытывает структурные проблемы и не справляется с полномочиями, возложенными на него после упразднения Минсельхоза», — говорится в сообщении.

В Россельхознадзоре подчеркнули, что сложившаяся ситуация ставит под угрозу фитосанитарное благополучие территории России и ЕАЭС, а также реализацию программ государственной поддержки промышленного садоводства, плодоводства и виноградарства в РФ.

▪ [Подписывайтесь на «Ъ» в MAX |](https://max.ru/kommersant) [в Telegram](https://t.me/+bPtk49gFbCBkYzdi)",14124,83,,kommersant
108473,2026-06-01T16:30:16+00:00,"🐍 **Роскомнадзор**[** не ограничивал**](https://www.kommersant.ru/doc/8709086?tg)** доступ к каталогу программного обеспечения Python Package Index. **

Об этом «Ъ» сообщила пресс-служба ведомства. В РКН добавили, что не наблюдают проблем с доступом к ресурсу.

Ранее пользователи жаловались на работу сайта и проблемы с доступом к приложению.

📡 [Сети меняются. Мы следим. Подписывайтесь](https://t.me/+SkQgmXpzMqFjZjli).",13783,54,,kommersant
108472,2026-06-01T16:26:45+00:00,"**В России ужесточили требования к организации стоянок для электромобилей и гибридов. **С 1 июня начали действовать [новые правила](https://www.kommersant.ru/doc/8709076?tg) пожарной безопасности при стоянке автомобилей. 

Если стоянка расположена ниже первого подземного или подвального этажа, то разрешается установка только так называемой «медленной» зарядки с номинальным током не более 32 А.

Как указано в документе, электромобили и гибриды должны парковаться в отдельных отсеках группами до 10 автомобилей. Отсеки должны быть отделены от общей стоянки огнестойкими перегородками, водяными завесами с автоматическим и дистанционным запуском либо автоматическими противопожарными шторами.

В МЧС подчеркнули, что положения документа не ужесточают административную ответственность, которая действует для нарушителей пожарной безопасности, и не устанавливают запрета на парковку электромобилей.

«Требования распространяются исключительно на проектирование и строительство автомобильных стоянок и не затрагивают уже эксплуатируемые объекты», — заявили в министерстве.

▪ [Подписывайтесь на «Ъ» в MAX |](https://max.ru/kommersant) [в Telegram](https://t.me/+bPtk49gFbCBkYzdi)",14759,85,,kommersant
108471,2026-06-01T16:04:17+00:00,"**🗞****🗞****🗞****🗞**** Часть опекунов погибших участников СВО **[**столкнулась с проблемами**](https://www.kommersant.ru/doc/8708981?tg)** при получении выплат за погибших воспитанников. **Суды утверждают, что они уже получали от государства деньги на содержание детей и на дополнительные выплаты рассчитывать не могут. 

После неудачных судебных разбирательств эти опекуны обратились в Госдуму. Обращения с жалобами поступили от жителей Мордовии, Башкирии, Бурятии, Курганской, Ростовской областей, Приморского края, Москвы, Санкт-Петербурга, Читы и других регионов. Авторы писем считают такой подход несправедливым и дискриминирующим их по сравнению с биологическими родителями.

Изучив поступившие обращения, депутаты попросили подключиться к решению проблемы Верховный суд и правительство РФ.

__📷____ Марина Молдавская, «Коммерсантъ__»

#Ъузнал",14977,56,,kommersant
108470,2026-06-01T15:45:50+00:00,"Утро начинается с кофе и встречи на Неве. День проходит между сессиями, звонками и короткими разговорами в лобби. Вечером город меняет тональность: рестораны заполняются гостями форума, бары становятся продолжением деловой повестки, а вечеринки — местом новых знакомств.
 
Петербург в дни ПМЭФ — это не фон. Это часть маршрута.
 
Здесь важны не только адреса, но и настроение места: где удобно обсудить проект, где провести неформальный ужин, куда пойти после насыщенного дня, где переключиться и при этом остаться в деловом контексте.
 
Спецпроект Совкомбанк для бизнеса × [Собака.ru](https://www.sobaka.ru/entertainment/weekend/213889) помогает увидеть этот город точнее: как пространство возможностей, встреч и правильных совпадений.
 
[«Свой навигатор по Санкт-Петербургу»](https://t.me/sovcomb/5094/?erid=F7NfYUJCUneVcwkBt88i) рассказывает об основных деловых мероприятиях и вечеринках, зарекомендовавших себя ресторанах и барах, самых обсуждаемых открытиях и локациях, чтобы оставаться в тонусе. 
 
__ПАО «Совкомбанк»

____#реклама__",14514,12,,kommersant
108469,2026-06-01T15:32:41+00:00,"**Матвей Сафонов стал **[**самым дорогим российским футболистом**](https://www.kommersant.ru/doc/8709042?tg)** по версии Transfermarkt. Его цена достигла €30 млн.**

Матвею Сафонову 27 лет. В 2024 году он перешел в ПСЖ из «Краснодара» за €20 млн. В составе парижского клуба он стал двукратным победителем чемпионата Франции и Лиги чемпионов, а также по разу выиграл Кубок и Суперкубок страны, Суперкубок UEFA и Межконтинентальный кубок.

▪ [Подписывайтесь на «Ъ» в MAX |](https://max.ru/kommersant) [в Telegram](https://t.me/+bPtk49gFbCBkYzdi)",14883,68,,kommersant
108468,2026-06-01T15:20:51+00:00,"**Одним из главных бенефициаров войны США и Ирана стал Пакистан,** выступивший посредником между сторонами конфликта. 

Противостояние на Ближнем Востоке позволило Исламабаду одновременно заручиться поддержкой США и Китая и нарастить оборонное сотрудничество с Саудовской Аравией, разместив в регионе Персидского залива многотысячный военный контингент, эскадрилью истребителей JF-17 и средства ПВО. 

Однако собственный конфликт Пакистана — с Нью-Дели — [не теряет остроты.](https://www.kommersant.ru/doc/8708946?tg) Как заявил начальник штаба армии Индии Упендра Двиведи, при необходимости армия страны проведет новую военную операцию против Пакистана «Синдур 2.0».

▪ [Подписывайтесь на «Ъ» в MAX |](https://max.ru/kommersant) [в Telegram](https://t.me/+bPtk49gFbCBkYzdi)",15613,14,,kommersant
108467,2026-06-01T14:59:49+00:00,"**Временная поверенная в делах Литвы была вызвана в МИД РФ. **Как сообщили в российском дипведомстве, ей заявлен решительный протест в связи с планами литовских властей по ликвидации захоронений советских солдат в Вевисе.

▪ [Подписывайтесь на «Ъ» в MAX |](https://max.ru/kommersant) [в Telegram](https://t.me/+bPtk49gFbCBkYzdi)",15818,19,,kommersant
108466,2026-06-01T14:33:28+00:00,"**Бывший гендиректор компании «Радиоавтоматика» Владимир Иванов приговорен к восьми годам лишения свободы в колонии общего режима. **Это всего на полгода меньше, чем просило обвинение. Он был [признан виновным](https://www.kommersant.ru/doc/8708920?tg) в мошенничестве на сумму 300 млн руб.

Его уголовное дело, по данным «Ъ», связано с двумя госконтрактами на сумму 1,2 млрд руб., заключенными в декабре 2016 года между АО «Радиоавтоматика» и ЦНИРТИ в рамках гособоронзаказа на поставку из-за рубежа электронных компонентов для нужд военно-космической отрасли четырех типов качества.

Как ранее писал «Ъ», на следствии фигурант вину отрицал, в суде же он согласился с обвинением частично. Отрицая совершение хищений и корыстный умысел, предприниматель признал, что, действительно, мог приобрести часть электронных компонентов в России дешевле и тем самым сэкономить, но с риском для качества. Поэтому, по словам фигуранта, он решил закупить все у единого, надежного производителя, не желая подвести заказчика.

Защита сочла приговор несправедливым и намерена обжаловать его в вышестоящих инстанциях.

«Все участники военно-космической отрасли, которые связаны с закупкой электронной компонентной базы, прекрасно знали, что это дело необъективное и несправедливое»,— заключил адвокат Игорь Копенкин.

__📷____ Предоставлено пресс-службой компании «Радиоавтоматика»__

▪ [Подписывайтесь на «Ъ» в MAX |](https://max.ru/kommersant) [в Telegram](https://t.me/+bPtk49gFbCBkYzdi)",67839,335,,kommersant
108464,2026-06-01T14:06:51+00:00,"«Этот отчет слишком хорош, чтобы быть правдой».

Два дня назад Белый дом [опубликовал](https://www.kommersant.ru/doc/8708852?tg) результаты медосмотра и когнитивного теста президента США. А его лечащий врач заявил, что состояние здоровья Дональда Трампа остается отличным. 

Однако теперь к этому документу появились вопросы у практикующих врачей. В частности, кардиологи и сосудистые хирурги отметили отсутствие важных данных, которые подтверждали бы оптимистический вывод доктора о состоянии здоровья президентского сердца.

Эксперты также указали и на неубедительность объяснений частого появления синяков на руках президента. Лечащий врач заявил, что это лишь результат частых рукопожатий в сочетании с приемом аспирина. По словам врачей, если простое рукопожатие способно вызвать видимые синяки, это говорит о критическом истончении стенок сосудов или опасном падении уровня тромбоцитов.

По мнению экспертов, тот факт, что в документе почти не упоминаются заболевания, описанные в предыдущих отчетах, а также отсутствуют вполне стандартные детали, делает его неполным.

▪ [Подписывайтесь на «Ъ» в MAX |](https://max.ru/kommersant) [в Telegram](https://t.me/+bPtk49gFbCBkYzdi)",16715,62,,kommersant
108463,2026-06-01T13:48:31+00:00,"**Правительство **[**утвердило**](https://www.kommersant.ru/doc/8708917?tg)** правила работы иностранных судов во внутренних водах РФ, **если необходимый флот отсутствует в российском реестре.

Как уточняется в документе, суда под иностранным флагом можно будет использовать для: 
🔵 прибрежных грузоперевозок (каботажа), 
🔵 поисково-спасательных операций, 
🔵 подъема затонувшего имущества, 
🔵 гидротехнических, подводно-технических и других работ. 

Регулирование распространяется на внутренние воды, исключительную экономическую зону и континентальный шельф.

Разрешение на использование судов будет выдавать Федеральное агентство морского и речного транспорта (Росморречфлот) по согласованию с ФСБ и Минобороны, указывается в постановлении.

▪ [Подписывайтесь на «Ъ» в MAX |](https://max.ru/kommersant) [в Telegram](https://t.me/+bPtk49gFbCBkYzdi)",17396,23,,kommersant
108462,2026-06-01T13:42:10+00:00,"**ЦБ продлил до 7 декабря 2026 года ограничения на перевод средств за рубеж для нерезидентов из недружественных стран,** сообщил регулятор.

▪ [Подписывайтесь на «Ъ» в MAX |](https://max.ru/kommersant) [в Telegram](https://t.me/+bPtk49gFbCBkYzdi)",17199,20,,kommersant
108461,2026-06-01T13:22:49+00:00,"❗️ Иран немедленно прекращает переговоры и обмен посланиями с США в знак протеста из-за действий Израиля в Ливане. Об этом сообщает иранское агентство Tasnim.

Иранская сторона не вернется к диалогу с США, пока Израиль не перестанет атаковать Ливан и не выведет войска из «оккупированных районов» страны, [пишет агентство. ](https://www.kommersant.ru/doc/8708944?tg)

По данным Tasnim, также принято решение полностью заблокировать Ормузский пролив и «активизировать другие фронты», в том числе Баб-эль-Мандебский пролив. 

**Подробнее о переговорном процессе — в материале «Ъ» **[**«США меняют букву соглашения с Ираном».**](https://www.kommersant.ru/doc/8708816?tg)

▪ [Подписывайтесь на «Ъ» в MAX |](https://max.ru/kommersant) [в Telegram](https://t.me/+bPtk49gFbCBkYzdi)",18898,84,,kommersant
108460,2026-06-01T13:09:56+00:00,"**Банк России не фиксирует системных последствий из-за ареста руководителей брокеров «Инвестиционная палата» и Mind Money. **Об этом на пресс-конференции сообщил зампредседателя ЦБ РФ Филипп Габуния.

«По самому делу мне сказать нечего. Это нужно, наверное, в другие органы обращаться за комментариями. Что касается каких-то системных последствий, то тоже мы их не наблюдаем»,— сказал господин Габуния.

🔵 Ранее стало известно, что глава брокера «Инвестиционная палата» Алексей Седушкин и руководитель европейского брокера Mind Money Юлия Хандошко [арестованы.](https://www.kommersant.ru/doc/8708310?tg) Деятельность этих компаний связана с замороженными за рубежом ценными бумагами российских и иностранных граждан. В отношении финансистов возбуждено уголовное дело о мошенничестве в особо крупном размере.

▪ [Подписывайтесь на «Ъ» в MAX |](https://max.ru/kommersant) [в Telegram](https://t.me/+bPtk49gFbCBkYzdi)",18440,34,,kommersant
108459,2026-06-01T13:02:39+00:00,"**Со 2 июня поставки рыбы и рыбной продукции из Армении в Россию будут ограничены, вести их смогут лишь два производителя. **Всего в стране более 160 хозяйств.

В Рыбном союзе долю Армении в импорте форели в Россию в 2025 году [оценивают](https://www.kommersant.ru/doc/8708782?tg) в 7% в натуральном выражении. В январе—апреле 2026 года значение выросло до 12%, составив 2,6 тыс. тонн. 

Эксперты отмечают, что заместить поставки из Армении удастся за счет Турции, Китая и Ирана. Для армянских производителей российский рынок формирует 80% экспорта.

▪ [Подписывайтесь на «Ъ» в MAX |](https://max.ru/kommersant) [в Telegram](https://t.me/+bPtk49gFbCBkYzdi)",31348,128,,kommersant
108458,2026-06-01T12:45:14+00:00,"**Сложности с поставкой топлива в Севастополь сохранятся еще как минимум месяц. **Об этом [заявил](https://www.kommersant.ru/doc/8708828?tg) губернатор Михаил Развожаев на совещании городского правительства. Он подчеркнул, что власти принимают все возможные меры для организации поставок топлива.

«Постараемся постепенно преодолеть ситуацию, чтобы не порционно, а постоянно прибывало, — сказал господин Развожаев. — Ближайший месяц логистические сложности будут сохраняться. Будем дальше наращивать объемы доставки».

▪ [Подписывайтесь на «Ъ» в MAX |](https://max.ru/kommersant) [в Telegram](https://t.me/+bPtk49gFbCBkYzdi)",17101,39,,kommersant
108456,2026-06-01T11:52:21+00:00,"«Реальные взаимоотношения Армении и России будут определяться уже после выборов»

Усиление проевропейской риторики со стороны действующего премьера Армении Никола Пашиняна не связано исключительно с предстоящими 7 июня парламентскими выборами в стране.

Однако предвыборная кампания, безусловно, подстегивает армянскую политическую элиту к более активной демонстрации прозападного курса. Такое мнение в интервью «Ъ» высказал директор Института Кавказа (Ереван) Александр Искандарян. 

Эксперт также рассказал, каким образом жесткая реакция Москвы на действия и заявления премьера Пашиняна влияет на настроения электората и на чем строится весь нынешний предвыборный нарратив правящей партии.

**__👉__****__ Подробности читайте на __**[**__сайте__**](https://www.kommersant.ru/doc/8708294?tg)**__ «Ъ».__**

▪️ [Подписывайтесь на «Ъ» в MAX ](https://max.ru/kommersant)| [в Telegram](https://t.me/+bPtk49gFbCBkYzdi)",16772,19,,kommersant
108455,2026-06-01T11:44:14+00:00,"**ПМЭФ расписал брони**

Пентхаус Armani за 35 млн руб. на неделю, Mercedes-Maybach в аренду за 2 млн и 2 т черной икры. Санкт-Петербург готовится к главному деловому событию года — международному экономическому форуму (ПМЭФ). 

Двери «Экспофорума» откроются уже завтра, в «нулевой» день. Что он скажет о состоянии бизнеса в России? **Об этом ****#стоитпослушать**** в нашем аудиоматериале.👆**

🗣 [Слушать эфир](https://t.me/kfm936?livestream) l [Написать в чат-бот](https://t.me/kmfmbot) l [Подписаться](https://t.me/kfm936)",16713,71,,kommersant
108454,2026-06-01T11:23:16+00:00,"**Россияне все чаще берут автокредиты на подержанные машины**

За первые четыре месяца 2026 года банки выдали автокредитов на 547 млрд руб. — на 42% больше, чем год назад.

Это произошло на фоне роста цен на новые автомобили (средняя цена — 3,29 млн руб.) и постепенного снижения ставок по кредитам. В марте 62,5% новых машин было продано в кредит.

Однако получить кредит стало сложнее: с 1 января банки оценивают платежеспособность только по данным «Госуслуг» или справке 2‑НДФЛ. Завысить доход больше не получится. По данным НБКИ, доля отказов по заявкам на автокредиты в апреле составила 76,1%, то есть одобряется только каждая четвертая заявка.

👉 **__Подробности читайте в __**[**__материале__**](https://www.kommersant.ru/doc/8708311?tg)**__ «Ъ-Review».__**

#ЪReview",18976,62,,kommersant
108453,2026-06-01T10:53:40+00:00,"❌ В МВД [опровергли](https://www.kommersant.ru/doc/8708704?tg) информацию СМИ о том, что с 1 июня сотрудники ГАИ начнут массово останавливать пожилых водителей в рамках проверок.

По словам официального представителя ведомства Ирины Волк, эта информация не соответствует действительности.

«Напротив, сотрудники Госавтоинспекции оказывают содействие участникам дорожного движения, в том числе лицам пожилого возраста, оказавшимся на дороге в затруднительной ситуации», — написала она.

▪️ [Подписывайтесь на «Ъ» в MAX ](https://max.ru/kommersant)| [в Telegram](https://t.me/+bPtk49gFbCBkYzdi)",19100,34,,kommersant
108452,2026-06-01T10:16:10+00:00,"**Президент Сербии Александр Вучич не будет баллотироваться на новый срок**, заявил бывший вице-премьер страны Александр Вулин.

«Президент Вучич — конституционный лидер, и в нашей Конституции президентом можно быть только два срока. Он никогда не нарушает Конституцию и не делает ничего подобного. Так что нет. Но я абсолютно уверен: президент Вучич останется частью новой политической жизни Сербии, он продолжит заниматься политикой», — сказал он в интервью ТАСС.

▪️ [Подписывайтесь на «Ъ» в MAX ](https://max.ru/kommersant)| [в Telegram](https://t.me/+bPtk49gFbCBkYzdi)",20405,50,,kommersant
108451,2026-06-01T10:05:18+00:00,"**Заявления Дмитрия Пескова:**

🔵 Владимир Путин провел телефонный разговор с Николом Пашиняном, поздравил его с днем рождения. Это стало хорошим поводом, чтобы продолжить обсуждения, начатые на комиссии ЕАЭС.

🔵 Задержание Францией и Британией танкера из РФ граничит с пиратством и не соответствует международному праву. 

🔵 О том, что власти Сербии обсуждают возможную отмену безвизового режима с Россией: «Как правило такие решения симметричны». Кремль сообщит, когда все будет проработано.

▪️ [Подписывайтесь на «Ъ» в MAX ](https://max.ru/kommersant)| [в Telegram](https://t.me/+bPtk49gFbCBkYzdi)",19008,27,,kommersant
108450,2026-06-01T09:50:19+00:00,"**Гендиректором Федеральной пассажирской компании назначен Дмитрий Пегов, **сообщили в пресс-службе РЖД.

Он сменил Владимира Пястолова, который назначен замгендиректора РЖД—начальником департамента безопасности движения.

Дмитрий Пегов работает в железнодорожной отрасли с 1994 года. В 2014–2017 годах возглавлял Московский метрополитен.

▪️ [Подписывайтесь на «Ъ» в MAX ](https://max.ru/kommersant)| [в Telegram](https://t.me/+bPtk49gFbCBkYzdi)",18266,39,,kommersant
108449,2026-06-01T09:45:03+00:00,"Поручение Владимира Путина об обеспечении доступа к важнейшим сервисам при ограничениях интернета **идет в русле продолжения совершенствования белых списков**, сообщил Дмитрий Песков.

Он отметил, что это не догма, а постоянно расширяющийся перечень, в который входят важнейшие ресурсы.

▪️ [Подписывайтесь на «Ъ» в MAX ](https://max.ru/kommersant)| [в Telegram](https://t.me/+bPtk49gFbCBkYzdi)",40868,123,,kommersant
108448,2026-06-01T09:04:05+00:00,"**Россия откроет посольства в четырех странах Африки:** на Коморских Островах, в Гамбии, Либерии и Того, [заявил](https://www.kommersant.ru/doc/8708568?tg) директор департамента государств Африки (южнее Сахары) МИД РФ Анатолий Башкин.

▪️ [Подписывайтесь на «Ъ» в MAX ](https://max.ru/kommersant)| [в Telegram](https://t.me/+bPtk49gFbCBkYzdi)",18655,92,,kommersant
108447,2026-06-01T08:35:57+00:00,"**Россельхознадзор назвал неудовлетворительными результаты инспекции рыбных предприятий Армении.

**Ведомство потребовало от Армении со 2 июня приостановить сертификацию живой рыбы и рыбопродукции, предназначенной на экспорт в Россию.

Инспекция рыбоперерабатывающих предприятий проводилась с 21 по 27 мая, в том числе на фермах по содержанию и разведению форели. 

По данным Россельхознадзора, 50% предприятий отказались от проверки. Прошли инспекцию только два предприятия. Их товары будут ввозить в Россию «при условии лабораторного мониторинга по показателям безопасности».

▪️ [Подписывайтесь на «Ъ» в MAX ](https://max.ru/kommersant)| [в Telegram](https://t.me/+bPtk49gFbCBkYzdi)",20113,75,,kommersant
108446,2026-06-01T07:52:13+00:00,"**Владимир Путин поручил продлить срок службы чиновникам старше 70 лет в новых регионах**. Для этого правительству необходимо подготовить соответствующий законопроект.

Ответственным назначен премьер-министр Михаил Мишустин.

▪️ [Подписывайтесь на «Ъ» в MAX ](https://max.ru/kommersant)| [в Telegram](https://t.me/+bPtk49gFbCBkYzdi)",48930,433,,kommersant
108445,2026-06-01T07:48:38+00:00,"Президент Румынии Никушор Дан заявил, что **России необходимо изменить тактику ударов по Украине, чтобы исключить ущерб для других стран**.

По его словам, за последние два года в Румынии зафиксировали уже 20 или 30 «инцидентов с дронами».

▪️ [Подписывайтесь на «Ъ» в MAX ](https://max.ru/kommersant)| [в Telegram](https://t.me/+bPtk49gFbCBkYzdi)",23521,39,,kommersant
108444,2026-06-01T07:27:32+00:00,"**Владимир Путин поручил правительству и ФСБ обеспечить бесперебойную работу важнейших сервисов в период ограничения интернета**, сообщила пресс-служба Кремля.

В числе таких сервисов — системы оказания медицинской помощи, портал «Госуслуг» и платежные системы.

▪️ [Подписывайтесь на «Ъ» в MAX ](https://max.ru/kommersant)| [в Telegram](https://t.me/+bPtk49gFbCBkYzdi)",20554,95,,kommersant
108443,2026-06-01T07:23:39+00:00,"**Армения продолжит работать в ЕАЭС до тех пор, «пока выбор между ЕАЭС и Евросоюзом будет неизбежным»**, [заявил](https://www.kommersant.ru/doc/8708456?tg) Никол Пашинян.

По его словам, сроки проведения референдума пока неизвестны. Он также уточнил, что отношения Армении и России находятся на этапе трансформации.

▪️ [Подписывайтесь на «Ъ» в MAX ](https://max.ru/kommersant)| [в Telegram](https://t.me/+bPtk49gFbCBkYzdi)",20192,23,,kommersant
108442,2026-06-01T06:48:33+00:00,"**Правительство России запретило экспорт авиакеросина до конца ноября.** Цель — обеспечение стабильной ситуации на внутреннем топливном рынке, сообщила пресс-служба правительства. 

▪️ [Подписывайтесь на «Ъ» в MAX ](https://max.ru/kommersant)| [в Telegram](https://t.me/+bPtk49gFbCBkYzdi)",19869,59,,kommersant
108441,2026-06-01T06:22:51+00:00,"**Владимир Путин поздравил премьер-министра Армении Никола Пашиняна с днем рождения.**

«Примите искренние поздравления по случаю Вашего Дня рождения. Отношения между нашими странами и народами традиционно носят дружественный характер. И мы заинтересованы в их дальнейшем поступательном развитии», — говорится в послании президента РФ, опубликованном на сайте Кремля.

Сегодня Николу Пашиняну исполнился 51 год. 

▪️ [Подписывайтесь на «Ъ» в MAX ](https://max.ru/kommersant)| [в Telegram](https://t.me/+bPtk49gFbCBkYzdi)",22869,96,,kommersant
108440,2026-06-01T06:16:36+00:00,"🗞🗞🗞🗞 **АЛРОСА** **прогнозирует рост мировых продаж алмазов в 2026 году**, [указывая](https://www.kommersant.ru/doc/8708152?tg) на признаки восстановления спроса в основном за счет крупного размера. 

Также растет средний чек на ювелирную продукцию в США, которые обеспечивают свыше 40% мирового спроса на украшения с бриллиантами.

Аналитики отмечают, что категория крупных алмазов, не конкурирующих с искусственными, чувствует себя лучше всего рынка, но это узкий сегмент, тогда как спрос на более дешевые камни остается под давлением.

#Ъузнал",18568,26,,kommersant
108439,2026-06-01T06:05:46+00:00,"💰 **Состояние богатейших предпринимателей из России с начала года выросло на $22 млрд, **[следует](https://www.kommersant.ru/doc/8708415?tg) из результатов рейтинга Bloomberg Billionaires Index.

Индекс рассчитывают на основе стоимости акций компаний, в которых миллиардеры владеют долями. Рейтинг включает 500 богатейших людей мира. Из них граждан России — 20 человек.

**Топ-3 самых богатых россиян:**

🔸 Гендиректор «Севергрупп» Алексей Мордашов. С начала года его состояние выросло на $3,66 млрд и сейчас составляет $29,9 млрд.

🔸 Один из основных владельцев «Норникеля» Владимир Потанин. Его капитал вырос на $1,94 млрд, до $28,3 млрд.

🔸 Глава «Новатэка» Леонид Михельсон. Его состояние увеличилось на $4,15 млрд и составило $27,8 млрд.

Первое место в мировом рейтинге занимает владелец Tesla и SpaceX Илон Маск, чье состояние выросло на $116 млрд, до $735 млрд.

▪️ [Подписывайтесь на «Ъ» в MAX ](https://max.ru/kommersant)| [в Telegram](https://t.me/+bPtk49gFbCBkYzdi)",19242,216,,kommersant
108438,2026-06-01T05:44:51+00:00,"✈️ В Шереметьево и Пулково запустили посадку пассажиров по биометрии на рейсы авиакомпании «Аэрофлот» между двумя городами, следует из пресс-релизов авиагаваней. 

«Новая технология позволяет пройти регистрацию и выход на посадку без предъявления документов — достаточно улыбнуться в камеру», — указано в сообщении Шереметьево.

Сервис будет действовать в качестве эксперимента до 1 апреля 2027 года.

▪️ [Подписывайтесь на «Ъ» в MAX ](https://max.ru/kommersant)| [в Telegram](https://t.me/+bPtk49gFbCBkYzdi)",18631,74,,kommersant
108437,2026-06-01T05:39:07+00:00,"**Сервис онлайн-бронирования билетов и отелей OneTwoTrip выставлен на продажу**, [пишут](https://www.kommersant.ru/doc/8708401?tg) «Известия». 

▪️ [Подписывайтесь на «Ъ» в MAX ](https://max.ru/kommersant)| [в Telegram](https://t.me/+bPtk49gFbCBkYzdi)",17216,36,,kommersant
108436,2026-06-01T05:33:44+00:00,"**Франция задержала шедший из России танкер в Атлантическом океане,** заявил Эмманюэль Макрон.

«Вчера утром ВМС Франции задержали очередной нефтяной танкер, шедший из России, на который распространяются международные санкции, — Tagor. Эта операция была проведена в Атлантическом океане, в открытом море, при поддержке ряда партнеров, в том числе Великобритании, в строгом соответствии с морским правом», — написал он.

▪️ [Подписывайтесь на «Ъ» в MAX ](https://max.ru/kommersant)| [в Telegram](https://t.me/+bPtk49gFbCBkYzdi)",19599,29,,kommersant
108435,2026-06-01T05:29:41+00:00,"🗞🗞🗞🗞 **Российское общество психиатров значительно обновило клинические рекомендации по терапии ПТСР**, [узнал](https://www.kommersant.ru/doc/8707885?tg) «Ъ».

Среди прочего, врачи впервые сформулировали для армейского руководства советы по сохранению психического здоровья военнослужащих: психиатры рекомендуют находиться в зоне боевых действий не более шести месяцев, а при непрерывных боях — не дольше двух недель.

Документ также вводит в отечественную практику понятие комплексного ПТСР, которое значительно отличается от обычного «гражданского» посттравматического расстройства.

Это позволит более точно лечить ветеранов, у которых наблюдаются глубокие личностные изменения, среди которых — стойкие нарушения регуляции эмоций, негативное представление о себе, ощущение униженности или пораженчества, а также выраженные трудности в поддержании межличностных отношений. В мирных условиях это может способствовать социальной дезадаптации.

#Ъузнал",16607,110,,kommersant
108434,2026-06-01T05:02:43+00:00,"📰 **Эксклюзивные материалы свежего номера газеты «Коммерсантъ»:**

🔵 Объединенная компания Wildberries & Russ [может войти](https://www.kommersant.ru/doc/8708228?tg) в капитал «Росгосстраха», одного из непрофильных активов ВТБ.

🔵 Стоимость ночи в гостиницах на предстоящее лето [выросла](https://www.kommersant.ru/doc/8707977?tg) в среднем на 5–6%.

🔵 Ведомства [решат](https://www.kommersant.ru/doc/8708274?tg), возможно ли штрафовать за нарушения на основе данных от дронов.

🔵 Международный капитал [перетек](https://www.kommersant.ru/doc/8708255?tg) из фондов КНР на Тайвань и в Корею.

🔵 Апрельский рост розничного кредитования [обеспечил](https://www.kommersant.ru/doc/8708217?tg) один Сбербанк.

🔵 Рынок кибербезопасности [может превысить](https://www.kommersant.ru/doc/8708138?tg) 1 трлн руб. к 2031 году.

🔵 Рыбопромышленники [просят](https://www.kommersant.ru/doc/8708269?tg) моратория на штрафы при регистрации сделок на биржах.

🔵 СКР [признал](https://www.kommersant.ru/doc/8708201?tg) отца артиста Виктора Кунгурова потерпевшим по делу о доведении до самоубийства.

🔵 Спрос на ювелирные изделия [упал](https://www.kommersant.ru/doc/8708022?tg) на 5–10%: потребители отказываются от трат на предметы роскоши, в том числе украшения.

🔵 Количество новых кадастровых компаний [снизилось](https://www.kommersant.ru/doc/8708013?tg) на 20%.

__👉____ Читайте другие эксклюзивные заметки __[__на сайте__](https://www.kommersant.ru/daily/166384?tg)__ «Ъ».__

#Ъузнал",69388,141,,kommersant
108433,2026-06-01T04:51:30+00:00,"🗞🗞🗞🗞 **Объем ввода офисов в Москве в апреле—июне **[**вырастет**](https://www.kommersant.ru/doc/8708118?tg)** в 17 раз год к году**. Это станет рекордным значением для второго квартала с 2014 года.

Динамика связана с массовым переносом сроков реализации проектов в прошлом году: выводить на рынок девелоперы сейчас готовы лишь максимально распроданные объекты.

Во втором полугодии 2026 года застройщики вернутся к осторожности и ввод офисов год к году сократится в несколько раз.

#Ъузнал",15826,19,,kommersant
108432,2026-06-01T04:31:05+00:00,"🗞🗞🗞🗞 **Стоимость обучения в российских вузах в 2026 году повысилась на 10,7%** — к таким выводам [пришли](https://www.kommersant.ru/doc/8707889?tg) в Минобрнауки по результатам предварительного мониторинга цен.

Введенное регулирование числа платных мест оказало неравномерное влияние на ценообразование — об этом говорят данные университетов, которые изучил «Ъ». В некоторых из них цены выросли в среднем на 12–14%. В ряде вузов расценки на отдельных специальностях увеличились на треть.

Темпы роста цен могут начать снижаться с 2027 года, прогнозируют эксперты.

#Ъузнал",34012,152,,kommersant
108431,2026-06-01T04:25:23+00:00,"**Силы ПВО сбили за ночь 72 украинских БПЛА**, сообщили в Минобороны России.

▪️ [Подписывайтесь на «Ъ» в MAX ](https://max.ru/kommersant)| [в Telegram](https://t.me/+bPtk49gFbCBkYzdi)",15770,8,,kommersant
108430,2026-06-01T04:01:01+00:00,"**⛅️**** Главные новости к утру**

🔸 США [обстреляли](https://www.kommersant.ru/doc/8708352?tg) радиолокационные станции и пункты управления БПЛА в Иране.

🔸 В Сербии [допустили](https://www.kommersant.ru/doc/8708332?tg) отмену безвизового режима с Россией ради вступления в ЕС.

🔸 Нефть Brent [подорожала](https://www.kommersant.ru/doc/8708337?tg) после решения Дональда Трампа ужесточить условия сделки с Ираном.

🔸 Глава МИД Молдавии [выступил](https://www.kommersant.ru/doc/8708331?tg) за объединение страны с Румынией.

🔸 «Аэрофлот» [возобновляет](https://www.kommersant.ru/doc/8708333?tg) регулярные рейсы в Дубай.

🔸 Минюст [потребовал](https://www.kommersant.ru/doc/8708339?tg) ликвидировать Партию социальной защиты.

🔸 В России [запустили](https://www.kommersant.ru/doc/8708345?tg) систему СПОТ для контроля импорта из ЕАЭС.

🔸 В Москве [арестовали](https://www.kommersant.ru/doc/8708310?tg) руководителей компаний по обмену и разблокировке замороженных активов.

#главноекутру",16973,29,,kommersant
108429,2026-06-01T03:48:01+00:00,"🗞🗞🗞🗞 **Юникредит-банк передает VIP-клиентов в ОТП-банк и Азиатско-Тихоокеанский банк (АТБ)**, [сообщили «Ъ» источники](https://www.kommersant.ru/doc/8708215?tg).

Шаг продиктован давлением со стороны ЕЦБ и необходимостью продолжить сворачивание бизнеса в РФ.

Выбранные банки отвечают запросам премиальных клиентов Юникредит-банка, однако при передаче часть клиентов неизбежно будет потеряна, предупреждают эксперты.

#Ъузнал",15897,78,,kommersant
108428,2026-06-01T03:35:40+00:00,"**США нанесли удары по иранским радиолокационным станциям и пунктам управления БПЛА**, сообщило Центральное командование ВС США (CENTCOM) в соцсети X.

Как отмечается в заявлении, удары были нанесены «в ответ на агрессивные действия Ирана, включая сбитый американский беспилотник MQ-1, летевший над международными водами».

▪ [Подписывайтесь на «Ъ» в MAX |](https://max.ru/kommersant) [в Telegram](https://t.me/+bPtk49gFbCBkYzdi)",15353,24,,kommersant
108427,2026-06-01T03:18:01+00:00,"🗞🗞🗞🗞 **Рыбопромышленники просят моратория на штрафы при регистрации сделок на биржах
**
«Деловая Россия» [обратилась](https://www.kommersant.ru/doc/8708269?tg) в ФАС с предложением установить до 31 декабря переходный период, в который рыбопромышленники не будут нести административную ответственность за технические ошибки и корректировку сведений при подаче на биржи отчетов для регистрации сделок.

Сейчас непредставление сведений, как и выявление нарушений, может обойтись бизнесу в 300–500 тыс. руб. Сбои в то же время могут возникать из-за технической неготовности системы.

#Ъузнал",16046,18,,kommersant
108426,2026-06-01T03:02:01+00:00,"**Объем рынка кибербезопасности в 2025 году достиг 364,4 млрд руб.** Рост по отношению к 2024 году составил 16%, и при сохранении темпов **сегмент должен к 2031 году превысить 1 трлн руб.**

[По данным аналитиков](https://www.kommersant.ru/doc/8708138?tg), отрасль постепенно уходит от срочной замены иностранных решений к более взвешенному выбору архитектуры и сервисных моделей.

Участники рынка говорят о его консолидации, а также о росте внимания заказчиков к эффективности и окупаемости затраченных на безопасность средств.

📡 [Сети меняются. Мы следим. Подписывайтесь](https://t.me/+SkQgmXpzMqFjZjli).",14878,14,,kommersant
108425,2026-06-01T02:36:01+00:00,"**Минюст обратился в Верховный суд РФ с иском о ликвидации Партии социальной защиты (ПСЗ)**, [сообщают](https://www.kommersant.ru/doc/8708339?tg) «Ведомости».

Поводом стало неустранение партией нарушений законодательства и собственного устава, выявленных во время проверки в 2025 году. Рассмотрение иска назначено на 3 июня.

▪ [Подписывайтесь на «Ъ» в MAX |](https://max.ru/kommersant) [в Telegram](https://t.me/+bPtk49gFbCBkYzdi)",15094,11,,kommersant
108424,2026-06-01T02:19:37+00:00,"🗞🗞🗞🗞 **Аналитики ждут восстановления спроса на LCV в 2026 году.** Ожидается рост продаж на 2,3% год к году, до 90 тыс. штук.

[По мнению аналитиков](https://www.kommersant.ru/doc/8708199?tg), спрос будет стимулировать снижение ключевой ставки, устаревание парка, развитие онлайн-торговли и внутригородской логистики.

Автопроизводители, напротив, скорее пессимистичны в оценках, считая, что рынок максимум покажет прошлогодние результаты.

#Ъузнал",15464,17,,kommersant
108423,2026-06-01T01:55:48+00:00,"**Глава МИД Молдавии Михай Попшой выступил за объединение страны с Румынией.**

Он заявил, что эта тема не должна быть табуированной в публичном пространстве и что властям необходимо вести диалог с гражданами «в той мере, в какой перспектива объединения могла бы стать реалистичной».

«Унионистское течение существовало и существует в Республике Молдова. И это естественно, учитывая наше историческое прошлое. Эта дискуссия — в контексте безопасности, в котором мы находимся, а также в контексте вступления в ЕС — исходит в том числе и от граждан»,— [сказал министр.](https://www.kommersant.ru/doc/8708331?tg)

Господин Попшой также подчеркнул, что обсуждать конкретные шаги по объединению стран можно будет только тогда, когда появится значительная поддержка в этой идеи в обоих государствах. Он также отметил, что сейчас стратегическим приоритетом Республики Молдова остается европейская интеграция.

▪ [Подписывайтесь на «Ъ» в MAX |](https://max.ru/kommersant) [в Telegram](https://t.me/+bPtk49gFbCBkYzdi)",15332,38,,kommersant
108422,2026-06-01T01:14:01+00:00,"🗞🗞🗞🗞 **Фонды КНР **[**потеряли**](https://www.kommersant.ru/doc/8708255?tg)** с начала года более $200 млрд из-за ухода инвесторов.** В результате по объему акций крупнейших компаний, находящихся в свободном обращении на рынке (индекс MSCI ACWI), **КНР уступила Тайваню и Корее.**

Фондовые индексы последних стали лидерами роста с начала года за счет спроса глобальных инвесторов на инфраструктурные компании для ИИ.

📷 __Bobby Yip / Reuters__

#Ъузнал",17154,35,,kommersant
108421,2026-06-01T00:37:01+00:00,"🗞🗞🗞🗞 [«Ъ» проанализировал](https://www.kommersant.ru/doc/8708217?tg) динамику розничного кредитования российских банков, исходя из их отчетности: по итогам апреля **весь прирост кредитования физлиц был обеспечен увеличением портфеля Сбербанка.**

Эксперты считают, что в условиях медленного снижения ключевой ставки закредитованность населения и регуляторные ограничения тормозят потребкредитование.

#Ъузнал",15023,24,,kommersant
108420,2026-05-31T23:55:18+00:00,"**🗞****🗞****🗞****🗞**** Ведомства решат, возможно ли штрафовать за нарушения на основе данных от дронов**

В правительстве [прорабатывают вопрос](https://www.kommersant.ru/doc/8708274?tg) расширения применения контрольными ведомствами беспилотных авиационных средств (БАС). Поставленная задача — проведение **не менее 10% проверок и профилактических визитов** с помощью дронов уже в этом году.

Координацией усилий ведомств по доработке регулирования в этой сфере займется созданная рабочая группа. Наиболее сложный вопрос, который предстоит решить,— возможность выписывания штрафов за нарушения лишь на основе полученных с помощью дронов данных.

#Ъузнал",17171,36,,kommersant
108419,2026-05-31T23:14:01+00:00,"✈️ **«Аэрофлот» с 1 июня возобновляет регулярные рейсы между Москвой и Дубаем.**

Согласно расписанию перевозчика, первый рейс SU520 отправится из столичного аэропорта Шереметьево в 07:05 по московскому времени.

[По информации пресс-службы компании](https://www.kommersant.ru/doc/8708333?tg), в июне рейсы в ОАЭ станут ежедневными, а с июля их частота увеличится до двух раз в сутки. Обслуживать маршрут будут узкофюзеляжные лайнеры Boeing 737, укомплектованные салонами бизнес- и эконом-класса.

▪ [Подписывайтесь на «Ъ» в MAX |](https://max.ru/kommersant) [в Telegram](https://t.me/+bPtk49gFbCBkYzdi)",17749,56,,kommersant
108418,2026-05-31T22:37:21+00:00,"Сборная Финляндии в пятый раз стала чемпионом мира по хоккею.

В финале проходившего в Швейцарии первенства она вечером 31 мая [обыграла его хозяев](https://www.kommersant.ru/doc/8708325?tg), забросив единственную шайбу в овертайме и продлив удивительную серию проигрышей швейцарцев в шаге от титула до трех подряд.

▪ [Подписывайтесь на «Ъ» в MAX |](https://max.ru/kommersant) [в Telegram](https://t.me/+bPtk49gFbCBkYzdi)",17372,28,,kommersant
108417,2026-05-31T21:59:44+00:00,"Ночью и утром 1 июня в Москве и Подмосковье ожидается туман. В столичном регионе [объявлен](https://www.kommersant.ru/doc/8708328?tg) желтый уровень опасности.

Согласно прогнозам, туман будет сильнее всего с полуночи до 10:00 1 июня, видимость составит 200-500 м. В Городском хозяйстве Москвы водителям автомобилей рекомендовали внимательнее соблюдать скоростной режим и дистанцию на дорогах.

▪ [Подписывайтесь на «Ъ» в MAX |](https://max.ru/kommersant) [в Telegram](https://t.me/+bPtk49gFbCBkYzdi)",18412,28,,kommersant
108416,2026-05-31T20:59:49+00:00,"**В Москве на стройплощадке погибли два человека и один пострадал**, [сообщает](https://www.kommersant.ru/doc/8708309?tg) ТАСС со ссылкой на правоохранительные органы. Что именно произошло, агентство не уточняет.

Собеседник ТАСС добавил, что один из погибших скончался на месте происшествия, другой — уже в больнице. Проводится проверка, добавили там.

По данным агентства «Москва», на стройке погиб один человек, и еще один пострадал. Несчастный случай произошел во время электромонтажных работ, сообщил источник СМИ.

В пресс-службу ГУ МВД информация о происшествии не поступала, сообщили «Ъ» в ведомстве.

@kommersant",20841,41,,kommersant
108415,2026-05-31T19:52:09+00:00,"**После войны в Иране движение нефтяных танкеров через Ормузский пролив может никогда не вернуться к довоенному уровню, **сообщает CNBC, [ссылаясь на мнение экспертов. ](https://www.kommersant.ru/doc/8708298?tg)

Западные судовладельцы будут избегать этого маршрута, опасаясь возобновления боевых действий и последствий сотрудничества с Ираном. По прогнозам, трафик достигнет лишь 60–70% от довоенного уровня. 

▪ [Подписывайтесь на «Ъ» в MAX |](https://max.ru/kommersant) [в Telegram](https://t.me/+bPtk49gFbCBkYzdi)",20762,34,,kommersant
108414,2026-05-31T19:10:17+00:00,"**ООН находится на грани «финансового коллапса», **поскольку США и Китай — на которые приходится 42% поступлений в бюджет — задерживают платежи, [сообщает](https://www.kommersant.ru/doc/8708299?tg) издание The Wall Street Journal. 

Согласно заявлениям ООН, если ситуация не изменится, средства у организации закончатся уже к середине августа.

По данным издания, задолженность США перед организацией составляет $4 млрд. Долг Китая достигает $455 млн, при этом Пекин обещает выполнить свои финансовые обязательства, указывается в публикации.

▪ [Подписывайтесь на «Ъ» в MAX |](https://max.ru/kommersant) [в Telegram](https://t.me/+bPtk49gFbCBkYzdi)",21582,92,,kommersant
108413,2026-05-31T18:56:49+00:00,"🌒 **Главные новости к вечеру**

▪️ Евросоюз рассматривает возможность временно заморозить потолок цен на российскую нефть на фоне роста мировых цен из-за конфликта на Ближнем Востоке, [пишет](https://www.kommersant.ru/doc/8708155?tg) Bloomberg.

▪️ Премьер-министр Биньямин Нетаньяху [заявил,](https://www.kommersant.ru/doc/8708227?tg) что Израиль будет «углублять и расширять контроль над территориями» в Ливане, которые ранее контролировались «Хезболлой». Так он прокомментировал [захват Израилем](https://www.kommersant.ru/doc/8708123?tg) крепости Бофор в Ливане.

▪️ МАГАТЭ[ подтвердило](https://www.kommersant.ru/doc/8708245?tg) повреждения машинного зала ЗАЭС от удара дроном.

▪️ В Севастополе [ввели](https://www.kommersant.ru/doc/8708200?tg) продажу топлива по талонам.

▪️ Стратегические запасы нефти США [резко сократились](https://www.kommersant.ru/doc/8708216?tg) из-за конфликта с Ираном.

▪️ В Анапе впервые после разлива мазута [открыта](https://www.kommersant.ru/doc/8708153?tg) часть песчаных пляжей.

▪️ Режим чрезвычайной ситуации [ввели](https://www.kommersant.ru/doc/8708174?tg) в поселке Матвеев Курган Ростовской области, где после атаки ВСУ ночью загорелась нефтебаза. 

#главноеквечеру",20740,16,,kommersant
108412,2026-05-31T18:16:11+00:00,"**Япония **[**передаст**](https://www.kommersant.ru/doc/8708237?tg)** Филиппинам шесть эсминцев для защиты от Китая.** Соглашение о передаче кораблей подписано в рамках расширения военно-технического сотрудничества между двумя странами. 

Представители Японии и Филиппин в последнее время заявляют, что сталкиваются с «попытками КНР расширить свое влияние в ряде спорных районов Южно-Китайского и Восточно-Китайского морей».

Двустороннее военное сотрудничество между Японией и Филиппинами подразумевает совместные учения, обмен радиолокационными данными и стратегический диалог.

▪ [Подписывайтесь на «Ъ» в MAX |](https://max.ru/kommersant) [в Telegram](https://t.me/+bPtk49gFbCBkYzdi)",20195,37,,kommersant
108411,2026-05-31T17:45:00+00:00,"[Как стало известно «Ъ»,](https://www.kommersant.ru/doc/8708201?tg) новый поворот произошел в расследовании обстоятельств гибели весной 2024 года известного оперного певца Евгения Кунгурова. **СКР признал отца артиста Виктора Кунгурова потерпевшим по делу о доведении до самоубийства. **

Однако сам Кунгуров-старший настаивает, что его сын стал жертвой умышленного убийства, что, по его мнению, подтверждается некоторыми данными, которые следствие ранее не принимало во внимание: пропажей одежды певца, на которой могли сохраниться следы борьбы, а также нехарактерным для исполнителя стилем СМС-сообщений, которые он якобы посылал родным перед смертью.

#Ъузнал",20451,22,,kommersant
108410,2026-05-31T17:15:30+00:00,"🗞🗞🗞🗞 Защита бенефициара группы компаний Seven Suns Development Алексея Рыжкова [обжаловала вынесенный ему приговор](https://www.kommersant.ru/doc/8708242?tg) — восемь с половиной лет колонии. Он признан виновным в мошенничестве на общую сумму около 150 млн руб. при строительстве ЖК «Сказочный лес» в Москве. 

При этом сейчас в Мещанском суде идут процессы еще по двум уголовным делам господина Рыжкова — о хищении средств дольщиков того же ЖК на 2,5 млрд руб. и обмане подрядчиков примерно на 50 млн руб. 

Сам предприниматель вину ни по одному из дел не признает. В зале суда он назвал корреспонденту «Ъ» свое уголовное преследование «полным абсурдом».

#Ъузнал",26551,76,,kommersant
108409,2026-05-31T16:46:51+00:00,"**Власти ЕС могут **[**заморозить потолок цен**](https://www.kommersant.ru/doc/8708226?tg)** на российскую нефть, который должен пересматриваться каждые полгода, на уровне $44,1 за баррель. **С учетом увеличения цены Urals из-за конфликта на Ближнем Востоке рост показателя мог в перспективе облегчить логистику российского сырья. 

Впрочем, сейчас цены на нефть из России на $40 превышают введенный ЕС потолок, и западные судовладельцы продолжают участвовать в ее перевозках.

По данным S&P Global Commodities at Sea (CAS) и Maritime Intelligence Risk Suite, связанные со странами G7 или их союзниками танкеры в апреле обеспечили 29,4% российского экспорта нефти в объеме 4,1 млн баррелей в сутки (б/с) против 20,3% в марте. Апрельский показатель стал самым высоким за семь месяцев.

__📷____ Kin Cheung / AP__

▪ [Подписывайтесь на «Ъ» в MAX |](https://max.ru/kommersant) [в Telegram](https://t.me/+bPtk49gFbCBkYzdi)",19077,21,,kommersant
108408,2026-05-31T16:21:01+00:00,"🗞🗞🗞🗞 **Розничные продажи ювелирных изделий в натуральном выражении в январе—марте **[**сократились**](https://www.kommersant.ru/doc/8708022?tg)** на 5–10% год к году. **Потребители отказываются от трат на предметы роскоши, и сегмент украшений не стал исключением. 

Для российских ювелиров начался уже второй неудачный год. В 2025 году совокупные продажи их изделий, согласно Infoline, выросли только на 7,3%, до 493,3 млрд руб. В 2024 году темп был почти в три раза выше и составил, по оценкам Sokolov, 25,6% год к году.

В этих условиях производители ищут новые возможности для развития: они могут делать ставку на бюджетные серебряные изделия или продавать слитки драгоценных металлов.

#Ъузнал",19097,42,,kommersant
108407,2026-05-31T15:42:28+00:00,"❗️ **РВБ (объединенная компания Wildberries & Russ) может войти в капитал «Росгосстраха» **— одного из непрофильных активов, на который ВТБ ищет покупателя, [утверждают источники «Ъ». ](https://www.kommersant.ru/doc/8708228?tg)

Страховая компания такого размера может быть продана за 50–70 млрд руб., оценивают участники рынка. 

Сделка может стать очередным шагом в укреплении партнерства РВБ и ВТБ, которое началось неделю назад с объявления о приобретении госбанком доли в дочерней финансовой структуре маркетплейса.

#Ъузнал",20583,140,,kommersant
108406,2026-05-31T14:51:43+00:00,"Премьер-министр Биньямин Нетаньяху заявил, что **Израиль будет «углублять и расширять контроль над территориями» в Ливане, которые ранее контролировались «Хезболлой». **Такими планами израильский премьер поделился во время выступления, посвященного взятию ливанского замка Бофор.

«Захват Бофора — это драматический этап и кардинальное изменение проводимой нами политики»,— [заявил](https://www.kommersant.ru/doc/8708227?tg) господин Нетаньяху. 

По его словам, место стало «символом раскола» в израильском обществе после того, как в 2000 году ЦАХАЛ пришлось вывести из него войска.

В 1982 году ЦАХАЛ захватил Бофор в рамках операции «Мир в Галилее» и обустроил там военную базу. В 2000 году Израиль вывел войска с ливанской территории, после чего замок перешел под контроль «Хезболлы». С апреля 2026 года Израиль и Ливан ведут переговоры. 15 мая стороны продлили перемирие на 45 дней. При этом ЦАХАЛ и «Хезболла» продолжают обмениваться ударами.

▪ [Подписывайтесь на «Ъ» в MAX |](https://max.ru/kommersant) [в Telegram](https://t.me/+bPtk49gFbCBkYzdi)",19810,40,,kommersant
108405,2026-05-31T14:07:34+00:00,"**Объем стратегического нефтяного резерва США (SPR) **[**сократился**](https://www.kommersant.ru/doc/8708216?tg)** до минимального уровня с апреля 2024 года из-за конфликта с Ираном. **

В конце минувшей недели Министерство энергетики США сообщило, что запасы нефти и нефтепродуктов в SPR составляют сейчас 1,584 млрд баррелей и продолжают снижаться. Последний раз ниже отметки 1,5 млрд баррелей запасы в нефти в стратегических хранилищах США были в марте 2003 года.

Агентство S&P Global Energy отмечает, что из-за нарушенного движения в Ормузском проливе мировой рынок нефти недополучил 1,2 млрд баррелей нефти.

▪ [Подписывайтесь на «Ъ» в MAX |](https://max.ru/kommersant) [в Telegram](https://t.me/+bPtk49gFbCBkYzdi)",19002,24,,kommersant
108401,2026-05-31T13:29:32+00:00,"«Любая атака на инфраструктуру атомной станции может привести к непредсказуемым последствиям и создать риски для безопасности региона»

ВСУ 30 мая нанесли удар по Запорожской атомной электростанции (ЗАЭС) — в результате атаки беспилотника в стене машинного зала одного из энергоблоков образовалась дыра. 

Зампред Совбеза РФ Дмитрий Медведев предупредил о возможном «симметричном ударе по украинским АЭС, а также по АЭС в странах НАТО». В Международном агентстве по атомной энергии (МАГАТЭ) выразили «серьезную озабоченность» в связи с атакой на станцию.

Как отметил в беседе с «Ъ» независимый эксперт по атомной энергетике Валентин Гибалов, удары по машинному залу, где находится турбогенератор, могут привести к потере значимого объекта инфраструктуры станции и, возможно, серьезному пожару внутри периметра ЗАЭС.

При этом 31 мая, как сообщил директор ЗАЭС Юрий Черничук, удары по территории станции продолжились — на сей раз вновь пострадал транспортный цех. Уничтожены шесть автобусов и две «Газели».

Директор по коммуникациям Запорожской АЭС Евгения Яшина в беседе с «Ъ» отметила, что в последние недели интенсивность атак со стороны украинских вооруженных сил на город-спутник ЗАЭС Энергодар «заметно выросла».

📰 **Что известно об атаке на ЗАЭС — **[**в материале «Ъ». **](https://www.kommersant.ru/doc/8708180?tg)
**
**__📷____ X/Amb_Ulyanov__**
**
▪ [Подписывайтесь на «Ъ» в MAX |](https://max.ru/kommersant) [в Telegram](https://t.me/+bPtk49gFbCBkYzdi)",20453,25,,kommersant
108400,2026-05-31T13:02:44+00:00,"🗞🗞🗞🗞 Размещение в российских отелях на предстоящее лето за год подорожало на 5–6% год к году, [это вдвое ниже](https://www.kommersant.ru/doc/8707977?tg) темпов прироста показателя за предыдущий год. 

По данным Travelline, средняя стоимость забронированной ночи с учетом дополнительных услуг составила 12,4 тыс. руб. Согласно «Островку», средняя стоимость проданной ночи по всем типам размещения на лето в России достигает 6,1 тыс. руб.

В целом спрос на отели сократился на 5%, и существенный рост цен показали только наиболее популярные у туристов Крым и Анапа, где отельеры подняли тарифы на 15,5–17%.

Падение спроса объясняется напряженным информационным фоном и стремлением туристов сэкономить.

#Ъузнал",17728,32,,kommersant
108399,2026-05-31T12:45:34+00:00,"🗞🗞🗞🗞 **За первые четыре месяца 2026 года в России были зарегистрированы 356 новых кадастровых компаний и индивидуальных предпринимателей. Год к году значение **[**сократилось на 20%. **](https://www.kommersant.ru/doc/8708013?tg)**
**
Количество ликвидаций компаний растет: основной объем кадастровых работ выполняется государственными структурами.

Эксперты отмечают, что количество кадастровых специалистов устойчиво снижается, а вход в профессию усложняется. По их мнению, число компаний также продолжит сокращаться, а оставшиеся игроки на рынке будут укрупняться. Заказы постепенно концентрируются у тех, кто уже работает с застройщиками, юрлицами, СНТ, муниципалитетами и крупными собственниками.

#Ъузнал",17006,33,,kommersant
108398,2026-05-31T12:36:28+00:00,"⚖️ **«Ъ» стало известно о приговоре, вынесенном Николаю Мистрюкову **— бывшему деловому партнеру осужденного на 25 лет колонии экс-губернатора Хабаровского края Сергея Фургала. 

Признавший вину и заключивший досудебное соглашение о сотрудничестве, Мистрюков стал одним из главных свидетелей обвинения как по первому, так и по второму делу экс-политика, отделавшись сроком семь лет общего режима, [который к настоящему времени он уже отбыл. ](https://www.kommersant.ru/doc/8708132?tg)

В зачет наказания ему пошли десять месяцев в СИЗО, где один день приравнивается к полутора дням колонии, и домашний арест, который до внесения изменений в УК РФ учитывался из расчета «один день к одному». Назначенное наказание в Верховном суде России он обжаловать уже не стал.

#Ъузнал",24563,40,,kommersant
108397,2026-05-31T12:20:50+00:00,"🗞🗞🗞🗞 **Завершено расследование дела группы бывших полицейских, которые, по версии следствия, входили в преступное сообщество (ОПС), участники которого занимались хищениями денег у граждан, в том числе бойцов СВО, в аэропорту Шереметьево. 
**
Экс-полицейские, одна из которых среди рядовых участников ОПС получила прозвище «мать таксистов», по материалам дела, выполняли роль наводчиков и препятствовали возбуждению уголовных дел по заявлениям потерпевших.

Действовали полицейские [примерно по одной схеме.](https://www.kommersant.ru/doc/8708142?tg) Если к ним обращались с заявлениями потерпевшие, то стражи порядка связывались с виновным в хищении участником ОПС и требовали вернуть деньги. После чего писали постановления об отказе в возбуждении дела.

Фигуранты этого дела, как и подавляющее большинство обвиняемых, существование ОПС отвергают. По их версии, все преступные эпизоды были делом рук отдельных злоумышленников или мелких групп мошенников и друг с другом не связаны, и полицейские в каждом отдельном случае решали вопросы индивидуально.

#Ъузнал",17987,39,,kommersant
108396,2026-05-31T11:58:19+00:00,"**В субботу «Пари Сен-Жермен» обыграл в финале Лиги чемпионов лондонский «Арсенал».** Ночью Франция опять, как и год назад, отпраздновала победу своего главного клуба, словно радость и погром давно уже стали обязательными приметами торжества.

По всей Франции были мобилизованы 22 тыс. полицейских и жандармов, из них 8 тыс. — в Париже и пригородах. Префектура называла готовящуюся операцию одной из крупнейших со времен Олимпийских игр 2024 года.

Праздник встречали как приближение грозы. На Елисейских Полях заранее были закрыты щитами и решетками витрины главных магазинов. Жители запирали подъезды и готовились участвовать в торжествах в лучшем случае через форточку.

__👉____ **Подробности **__[**__рассказывает__**](https://www.kommersant.ru/doc/8708134?tg)**__ корреспондент «Ъ» во Франции Алексей Тарханов.__**

▪️ [Подписывайтесь на «Ъ» в MAX ](https://max.ru/kommersant)| [в Telegram](https://t.me/+bPtk49gFbCBkYzdi)",17630,32,,kommersant
108395,2026-05-31T11:49:57+00:00,"Сразу два бывших высоких представителя Карл Бильдт и Вольфганг Петрич выступили за **отмену внешнего управления в Боснии.**

Упразднения поста высокого представителя уже многие годы добивается Россия, а с недавних пор идею поддерживают и США. 

Боснийские же мусульмане, составляющие большинство в стране, предложение отменить внешнее управление восприняли в штыки.

__👉____ **С **__[**__подробностями__**](https://www.kommersant.ru/doc/8708154?tg)**__ — корреспондент «Ъ» на Балканах Геннадий Сысоев.__**

▪️ [Подписывайтесь на «Ъ» в MAX ](https://max.ru/kommersant)| [в Telegram](https://t.me/+bPtk49gFbCBkYzdi)",18484,26,,kommersant
108394,2026-05-31T11:43:14+00:00,"**Объявлен конкурс на должность мэра Владивостока. **Прием документов от кандидатов [проводится](https://www.kommersant.ru/doc/8708187?tg) с 1 по 29 июня.

Мэром Владивостока в настоящее время является Константин Шестаков. Он был избран думой города в 2021 году на пятилетний срок.

«Нет никаких сомнений, что Константин Шестаков сохранит свой пост. Он полностью устраивает губернатора, а решение принимает именно Олег Кожемяко», — заявил «Ъ» приморский политолог Вячеслав Беляков.

▪️ [Подписывайтесь на «Ъ» в MAX ](https://max.ru/kommersant)| [в Telegram](https://t.me/+bPtk49gFbCBkYzdi)",20155,77,,kommersant
108393,2026-05-31T10:55:16+00:00,"**Режим ЧС ввели в поселке Матвеев Курган Ростовской области, где после атаки ВСУ ночью загорелась нефтебаза**, сообщила глава администрации Матвеево-Курганского района Дина Алборова.

Площадь пожара составляет 3 тыс. 600 кв. м. В ликвидации возгорания задействовано более 100 человек. По предварительным данным, повреждены 17 домов, автомобиль, три магазина и аптека.

▪️ [Подписывайтесь на «Ъ» в MAX ](https://max.ru/kommersant)| [в Telegram](https://t.me/+bPtk49gFbCBkYzdi)",21074,89,,kommersant
108392,2026-05-31T10:04:21+00:00,"**Евросоюз рассматривает вариант заморозки потолка цен на российскую нефть** на фоне роста мировых цен из-за конфликта на Ближнем Востоке**, **[пишет](https://www.kommersant.ru/doc/8708155?tg) Bloomberg.

▪️ [Подписывайтесь на «Ъ» в MAX ](https://max.ru/kommersant)| [в Telegram](https://t.me/+bPtk49gFbCBkYzdi)",23736,19,,kommersant
108391,2026-05-31T09:03:22+00:00,"**Глава МАГАТЭ Рафаэль Гросси** **выразил беспокойство после удара ВСУ по ЗАЭС.**

«Заявленный инцидент поставил бы под угрозу как семь неотъемлемых принципов обеспечения ядерной безопасности во время конфликта, так и пять конкретных принципов, призванных защитить ЗАЭС», — подчеркнул он.

Принципы по защите станции утверждают, что с территории объекта или в отношении него не должно совершаться никаких ударов.

Об атаке на ЗАЭС 30 мая сообщил глава «Росатома» Алексей Лихачев. По его словам, украинский дрон управлялся по оптоволокну, что исключает вероятность случайного отклонения беспилотника от курса. 

▪️ [Подписывайтесь на «Ъ» в MAX ](https://max.ru/kommersant)| [в Telegram](https://t.me/+bPtk49gFbCBkYzdi)",21569,21,,kommersant
108390,2026-05-31T08:39:50+00:00,"Сегодня, 31 мая, отмечается День химика. 

«Торфяные пожары становятся все более распространенными из-за глобального потепления, а их особенность — тление, приводящее к образованию огромного количества продуктов неполного сгорания… Сгорание 1 кг торфа в условиях тления (это примерно 500°С) приводит к выделению в атмосферу около 200 мг пиридинов. Если пересчитать на мировые объемы горения торфа, то мы увидим, что эмиссия пиридинов в атмосферу от этого источника несопоставимо выше, чем все мировое производство этих соединений. Иначе говоря, все промышленные источники ничтожны по сравнению с торфяными пожарами», — рассказал Дмитрий Косяков, кандидат химических наук, директор Центра коллективного пользования научным оборудованием «Арктика» САФУ им. М. В. Ломоносова.

👉 **Разговор с химиком о физике, Арктике, ракетах и глобальном потеплении — в **[**материале**](https://www.kommersant.ru/doc/8707448?tg)** «Ъ».**

__📷____ Андрей Афанасьев__

▪️ [Подписывайтесь на «Ъ» в MAX ](https://max.ru/kommersant)| [в Telegram](https://t.me/+bPtk49gFbCBkYzdi)",20949,66,,kommersant
108389,2026-05-31T07:45:31+00:00,"Председатель комитета Госдумы по финансовому рынку Анатолий Аксаков [заявил](https://www.kommersant.ru/doc/8708117?tg) о возможном **снижении ключевой ставки Банка России до 13,5% на ближайшем заседании совета директоров 19 июня.**

По его словам, текущая динамика цен дает основания для более решительного шага по сравнению с предыдущими заседаниями, поскольку цены уже перестали расти и начали немного снижаться.

Депутат отметил, что регулятор будет действовать осторожно, но если инфляция продолжит замедляться, ключевая ставка может в перспективе снизиться до 10%.

▪️ [Подписывайтесь на «Ъ» в MAX ](https://max.ru/kommersant)| [в Telegram](https://t.me/+bPtk49gFbCBkYzdi)",20496,47,,kommersant
108388,2026-05-31T07:41:10+00:00,"100 лет назад, 31 мая 1926 года, родился Джон Кемени. Известен он прежде всего тем, что разработал язык BASIC, который сделал программирование — и вообще использование компьютеров, до того считавшееся уделом специалистов,— доступным многим.

А еще он работал в Манхэттенском проекте, был ассистентом Альберта Эйнштейна и состоял в группе ученых-«марсиан».

👉 **11 фактов об одном из самых популярных языков программирования и его авторе — **[**в материале.**](https://www.kommersant.ru/doc/8707420?tg)** **

__📷____ Getty Images__

▪️ [Подписывайтесь на «Ъ» в MAX ](https://max.ru/kommersant)| [в Telegram](https://t.me/+bPtk49gFbCBkYzdi)",22566,129,,kommersant
108387,2026-05-31T07:05:34+00:00,"**На Запорожской АЭС **[**предупредили**](https://www.kommersant.ru/doc/8708101?tg)** о риске радиоактивной катастрофы от ударов ВСУ**

«Любая атака на площадку атомной электростанции — вне зависимости от того, поврежден реактор или машинный зал, — перестает быть чисто военным действием. Она несет риск радиоактивной катастрофы», — рассказала директор по коммуникациям атомной станции Евгения Яшина.

По ее словам, такие последствия не сопоставимы ни с какими боевыми действиями в рамках конфликта на Украине.

Выход из строя даже второстепенных систем способен спровоцировать неуправляемый перегрев ядерного топлива, далее последует выброс радиации и загрязнение обширных территорий.

▪️ [Подписывайтесь на «Ъ» в MAX ](https://max.ru/kommersant)| [в Telegram](https://t.me/+bPtk49gFbCBkYzdi)",22626,51,,kommersant
108386,2026-05-31T05:59:31+00:00,"**В Японию **[**прибыл**](https://www.kommersant.ru/doc/8708087?tg)** танкер **Voyager **с российской нефтью**. 

В начале мая это судно уже доставило японским компаниям Taiyo Oil и Idemitsu Kosan партию нефти с Сахалина.

Япония после 2022 года отказалась от импорта нефти из РФ, однако японские компании по запросу властей иногда покупают небольшие партии.

▪️ [Подписывайтесь на «Ъ» в MAX ](https://max.ru/kommersant)| [в Telegram](https://t.me/+bPtk49gFbCBkYzdi)",22241,53,,kommersant
108385,2026-05-31T04:44:13+00:00,"**Силы ПВО за ночь уничтожили 216 украинских беспилотников над регионами России**, сообщили в Минобороны.

▪️ [Подписывайтесь на «Ъ» в MAX ](https://max.ru/kommersant)| [в Telegram](https://t.me/+bPtk49gFbCBkYzdi)",21883,11,,kommersant
108384,2026-05-31T04:00:25+00:00,"**⛅️****️ Главные новости к утру:**

🔸 Дмитрий Медведев [пригрозил](https://www.kommersant.ru/doc/8708049?tg) ударом по АЭС на Украине и в странах НАТО после атаки на ЗАЭС.

🔸 США приближаются к выгодному соглашению с Ираном, [заявил](https://www.kommersant.ru/doc/8708075?tg) Дональд Трамп.

🔸 В Ростовской области [провели](https://www.kommersant.ru/doc/8708072?tg) эвакуацию из-за пожара на атакованном нефтехранилище.

🔸 ПСЖ второй год подряд [выиграл](https://www.kommersant.ru/doc/8708048?tg) Лигу чемпионов.

🔸 Суд [арестовал](https://www.kommersant.ru/doc/8708045?tg) мужчину по делу о подготовке к подрыву здания Минюста России.

#главноекутру",22239,20,,kommersant
108383,2026-05-31T03:15:29+00:00,"**Ищите их в кино: новинки прокатной недели**

В этот уикенд можно выбраться не только на [киноконцерт Майкла Джексона](https://t.me/myweeekend/7437), но и на несколько чуть менее очевидных (от этого не менее интересных) новинок кинопроката. 

Что нас ждет на экранах? Дебют ученика Павла Бардина о выживании в диких и стесненных условиях, очередная сатира про классовое неравенство и более взрослая версия «Рыбки Поньо на утесе». 

Вместе с [кинокритиком Павлом Пугачевым](https://t.me/meandorsonwelles) рассказываем о каждой из [картин](https://www.myweekend.ru/doc/8691204?tg) 👈

🔸 [__Выразить невыразимое? Подписывайтесь — в Weekend и не такое случается__](https://t.me/+gic6ENYPFsM2YjVi)__.__",20517,18,,kommersant
108382,2026-05-31T02:35:27+00:00,"В Ростовской области из-за падения обломков БПЛА **загорелось топливное хранилище частного предприятия**, обеспечивающего сельхозтоваропроизводителей. Об этом сообщил губернатор Юрий Слюсарь.

«Жители близлежащих частных домов эвакуированы в целях обеспечения безопасности. Людям ничего не угрожает. Экстренные службы работают на месте происшествия, прибыл пожарный поезд, приступил к тушению пожара. Информация о пострадавших не поступала. Будет уточняться».

✔️ [Подписывайтесь на «Ъ» в MAX |](https://max.ru/kommersant)[ в Telegram](https://t.me/+bPtk49gFbCBkYzdi)",19507,21,,kommersant
108381,2026-05-31T01:47:44+00:00,"**КСИР заявил об уничтожении американского беспилотника над водами Ирана.** Дрон был сбит ракетами ПВО, передает сообщение иранское агентство Tasnim.

Командование противовоздушной обороны КСИР заявило, что воздушное пространство страны полностью контролируется.

Несмотря на идущие мирные переговоры, США и Иран несколько дней назад перешли к прямым вооруженным столкновениям.

✔️ [Подписывайтесь на «Ъ» в MAX |](https://max.ru/kommersant)[ в Telegram](https://t.me/+bPtk49gFbCBkYzdi)",18724,15,,kommersant
108380,2026-05-31T00:55:18+00:00,"«Все падки к пьянству, блуду и злым играм»

2 июня свой профессиональный праздник неофициально отмечают секс-работники. Дата также известна как **Международный день проституток**. «Ъ» пользуется случаем, чтобы взглянуть на историю рынка продажной любви в России и [почитать мемуары](https://www.kommersant.ru/doc/8692761?tg) тех, кто не стеснялся признаться в человеческом.

**💬**** Валерий Брюсов красочно описал первый поход с одноклассниками в бордель** в наброске 1895 года: «… Да! это было возможно, и возможно было даже целовать эту женщину, и сжимать ее в объятиях, и потом в истоме прижаться к ее груди. И я снова услыхал сиповатый смех, и новый приступ отчаянья овладел мною, теперь это было уже раскаянье». 

А Максим Горький в мемуарах рассказал историю, услышанную от проститутки, клиентом которой был Александр Блок. **Поэт дал проститутке выспаться**, услуг не требовал, заплатил щедро. __Воспоминания других литераторов читайте __[__на сайте__](https://www.kommersant.ru/doc/8692761?tg)__.__

📷 __Борис Григорьев. «Современный танец», 1913/ Getty Images__

✔️ [Подписывайтесь на «Ъ» в MAX |](https://max.ru/kommersant)[ в Telegram](https://t.me/+bPtk49gFbCBkYzdi)",19343,238,,kommersant
108379,2026-05-31T00:18:46+00:00,"**Во Франции задержали 416 человек во время погромов после победы ПСЖ в Лиге чемпионов**.

Фанаты жгли автомобили, велосипеды, мусорные контейнеры, громили витрины магазинов, а также забрасывали сотрудников полиции пиротехникой и петардами. Погромы торговых точек произошли в пятнадцати городах страны.

Глава МВД [рассказал](https://www.kommersant.ru/doc/8708067?tg), что семь сотрудников полиции получили ранения. Один из них находится в тяжелом состоянии. Ранее сообщалось о как минимум двоих пострадавших среди болельщиков. Один из них чуть не утонул в Сене, другой — получил ножевое ранение.

«Пари Сен-Жермен» в финале Лиги чемпионов обыграл лондонский «Арсенал». Команда выигрывает турнир второй год подряд.

✔️ [Подписывайтесь на «Ъ» в MAX |](https://max.ru/kommersant)[ в Telegram](https://t.me/+bPtk49gFbCBkYzdi)",18523,64,,kommersant
108378,2026-05-30T23:00:54+00:00,"**Hee-hee! «Майкл» Антуана Фукуа стартовал в России **

Наконец-то зрители смогут встретиться с поп-королем в кинотеатрах. Байопик о Джексоне сразу решает несколько бизнес-задач: поколение X качается на волнах ностальгии, а зумеры и альфа разбираются, кто в музыкальном доме (был) хозяин. Наследная казна, к слову, тоже не осталась без прибыли: по состоянию на третью неделю мая кассовые сборы превысили $800 млн.

Вместе с [Марией Магуайр](https://t.me/supreme_magu) заглядываем в бизнес-закулисье и погружаемся в формальности [«Майкла» по ссылке ](https://dzen.ru/a/ahg1DFU4_3gzVYUA)👈

🔸[__ У вас будни? А у нас всегда Weekend — подписывайтесь!__](https://t.me/+yefBdH1WD3UzYWVi)",19184,35,,kommersant
108377,2026-05-30T22:05:48+00:00,"**В Старобельске построят новый колледж взамен разрушенного при атаке ВСУ.** Об этом в эфире «Соловьев Live» [заявил](https://www.kommersant.ru/doc/8708060?tg) глава Луганской народной республики Леонид Пасечник.

«Конечно, будет колледж. Такой же педагогический колледж, где будем готовить учителей, которые дальше будут воспитывать наших детей, нашу детвору — душевными, добрыми, порядочными, настоящими гражданами нашей страны»,— сказал господин Пасечник.

✔️ [Подписывайтесь на «Ъ» в MAX |](https://max.ru/kommersant)[ в Telegram](https://t.me/+bPtk49gFbCBkYzdi)",36123,43,,kommersant
108376,2026-05-30T21:22:21+00:00,"**💬**** «Мой брак не принес мне ни счастья, ни боли»
**
В июне 1946 года Норма Джин Догерти подала на развод — она хотела сниматься в кино, однако молодым киноактрисам в те годы не полагалось быть замужними женщинами. 26 августа она заключила контракт с киностудией Twentieth Century Fox. Тогда же **Норма Джин выпрямила волосы, покрасила их в белый цвет и, по совету представителей киностудии, взяла псевдоним Мэрилин Монро. **

Цифра абсолютно не сочетается с именем. Мэрилин Монро, Душечка из «В джазе только девушки» и 100 лет. Чушь! Ей никогда не будет больше 36. Она вечно молода и вечно безумно сексуальна. Ее любили миллионы мужчин во всем мире. Некоторым посчастливилось быть рядом. 

👉 **__История трех браков Мэрилин Монро — __**[**__в материале «Ъ»__**](https://www.kommersant.ru/doc/8691433?tg)**__.__**

📷 __Bettmann / Contributor / Getty Images__

✔️ [Подписывайтесь на «Ъ» в MAX |](https://max.ru/kommersant)[ в Telegram](https://t.me/+bPtk49gFbCBkYzdi)",22781,79,,kommersant
108375,2026-05-30T20:29:13+00:00,"**В ООН призвали стороны российско-украинского конфликта прекратить удары по критически важной инфраструктуре.** С таким призывом выступил заместитель представителя генерального секретаря организации Фархан Хак, комментируя атаку украинского дрона на Запорожскую АЭС, передает «РИА Новости».

Ядерный объект подвергся удару сегодня днем. По словам главы «Росатома» Алексея Лихачева, БПЛА атаковал здание машинного зала шестого энергоблока. Основное оборудование повреждено не было, но в стене помещения образовалась дыра. Заместитель председателя Совета безопасности РФ Дмитрий Медведев после этого пригрозил симметричным ударом по АЭС Украины и стран НАТО.

✔️ [Подписывайтесь на «Ъ» в MAX |](https://max.ru/kommersant)[ в Telegram](https://t.me/+bPtk49gFbCBkYzdi)",21429,48,,kommersant
108374,2026-05-30T19:58:08+00:00,"**В Крыму с 31 мая вводится ограничение на продажу бензина марки АИ-92: не более 20 литров на одно транспортное средство, **сообщил глава республики Сергей Аксенов. По его словам, решение принято из-за ограниченного запаса топлива. 

Он также добавил, что отпуск бензина марки АИ-95 будет производиться в приоритетном порядке для коммунального и социального транспорта, а также по талонам — без ограничений по объему. При этом реализация бензина марки АИ-95 на АЗС АТАН и ТЭС будет осуществляться только по талонам, добавил господин Аксенов.

«Ожидаемый срок нормализации сложившейся ситуации — в течение 30 дней. Прошу крымчан и гостей республики сохранять спокойствие и доверять только официальным источникам информации».

▪ [Подписывайтесь на «Ъ» в MAX |](https://max.ru/kommersant) [в Telegram](https://t.me/+bPtk49gFbCBkYzdi)",22797,134,,kommersant
108369,2026-05-30T19:23:27+00:00,"**ПСЖ с Матвеем Сафоновым в составе второй год подряд выиграл Лигу чемпионов.**

Французский клуб [обыграл](https://www.kommersant.ru/doc/8708046?tg) «Арсенал» в финале со счетом 4:3 по итогам серии пенальти. Основное время матча и два дополнительных тайма завершились вничью — 1:1. Встреча прошла в Будапеште. 

Матвей Сафонов стал первым российским футболистом, который дважды победил в Лиге чемпионов.

▪ [Подписывайтесь на «Ъ» в MAX |](https://max.ru/kommersant) [в Telegram](https://t.me/+bPtk49gFbCBkYzdi)",19406,66,,kommersant
108368,2026-05-30T19:01:46+00:00,"🌒 **Главные новости к вечеру

**▪ Машинный зал Запорожской АЭС [был поврежден](https://www.kommersant.ru/doc/8708025?tg) при атаке беспилотника.
**
**▪ В Белгороде[ вернут](https://www.kommersant.ru/doc/8708014?tg) уличное освещение и мобильный интернет.
**
**▪ Россия [вызвала](https://www.kommersant.ru/doc/8707799?tg) посла из Армении для консультаций на фоне сближения Еревана и ЕС.
**
**▪ Владимир Путин [продлил](https://www.kommersant.ru/doc/8708035?tg) режим упрощенного ввоза товаров из ЕАЭС до 31 августа.
**
**▪ Дональд Трамп [усомнился ](https://www.kommersant.ru/doc/8708024?tg)в кандидатуре Джей Ди Вэнса на следующих выборах президента, сообщила The New York Times со ссылкой на источники.**
**
▪ Euroclear [обжаловал](https://www.kommersant.ru/doc/8708041?tg) немедленное взыскание €200 млрд по иску Банка России.

▪ Премьер Польши Дональд Туск[ призвал НАТО](https://www.kommersant.ru/doc/8707880?tg%D0%BC) серьезно отнестись к постам Дмитрия Медведева.

▪ Лунная программа Дональда Трампа [оказалась под угрозой](https://www.kommersant.ru/doc/8707869?tg) из-за взрыва ракеты New Glenn компании Blue Origin во время испытаний, пишет Politico.

▪ Власти Эстонии [начали устанавливать](https://www.kommersant.ru/doc/8707863?tg) устройства для обнаружения и отслеживания беспилотников в некоторых местах вдоль границы с Россией. 

▪ Водка в России [подорожала](https://www.kommersant.ru/doc/8707871?tg) за год почти на 15%.

#главноеквечеру",72380,232,,kommersant
108367,2026-05-30T18:24:42+00:00,"**Суд в Москве арестовал мужчину по делу о подготовке к подрыву здания Минюста РФ. **Об этом [сообщила](https://www.kommersant.ru/doc/8708045?tg) пресс-служба столичных судов. Подробности дела не разглашаются.

▪ [Подписывайтесь на «Ъ» в MAX |](https://max.ru/kommersant) [в Telegram](https://t.me/+bPtk49gFbCBkYzdi)",19287,31,,kommersant
108366,2026-05-30T18:02:40+00:00,"**Владимир Путин **[**продлил действие**](https://www.kommersant.ru/doc/8708035?tg)** упрощенных правил ввоза товаров из стран Евразийского экономического союза до 31 августа. **Это следует из указа главы государства.

Упрощенный режим предполагает, что подтверждать происхождение груза и наносить необходимые знаки можно уже после фактического пересечения границы.

▪ [Подписывайтесь на «Ъ» в MAX |](https://max.ru/kommersant) [в Telegram](https://t.me/+bPtk49gFbCBkYzdi)",20078,37,,kommersant
108365,2026-05-30T17:28:25+00:00,"🥔 30 мая отмечается Всемирный день картофеля. Хотя человеческий опыт возделывания картофеля охватывает несколько тысяч лет, празднику всего три года: его учредила Генеральная ассамблея ООН в декабре 2023-го. 

Идея учредителей праздника прежде всего просветительская: они хотят «повышать осведомленность общественности о питательных, экономических, экологических и культурных ценностях картофеля и его роли в жизни производителей и потребителей».

Лидерами по потреблению картошки в абсолютном исчислении являются **Китай **(почти 70 млн т картошки в год), **Индия **(40 млн т), **США** (около 20 млн т) и **Россия **(12,3 млн т). Десятку замыкают **Бангладеш, Пакистан, Германия, Украина **и** Великобритания. Белоруссия** далека от вершины рейтинга — скромные 1,5 млн т.

Зато Белоруссия абсолютный лидер по потреблению картошки на душу населения: средний белорус съедает около 170 кг картофеля в год — что-то около трех с половиной мешков. Россияне отстают вдвое — около 85 кг в год. 

👉 __Подробнее — __[__в материале «Ъ».__](https://www.kommersant.ru/doc/8687856?tg)

▪ [Подписывайтесь на «Ъ» в MAX |](https://max.ru/kommersant) [в Telegram](https://t.me/+bPtk49gFbCBkYzdi)",21478,191,,kommersant
108364,2026-05-30T16:24:12+00:00,"**Санкт-Петербург обогнал Москву по стоимости летнего отдыха. **

По [оценкам](https://www.kommersant.ru/doc/8708031?tg) Ассоциации туроператоров России, средняя стоимость летнего тура по Москве без учета перелета составит 25–30 тыс. руб. на двоих за четыре ночи. Тур по Санкт-Петербургу обойдется в 40–60 тыс. руб. на двоих за четыре–пять ночей.

В Краснодарском крае средний чек почти не изменился, отмечают в АТОР: тур обойдется в 100–130 тыс. руб. на двоих за девять ночей без перелета. 

▪ [Подписывайтесь на «Ъ» в MAX |](https://max.ru/kommersant) [в Telegram](https://t.me/+bPtk49gFbCBkYzdi)",21438,135,,kommersant
108363,2026-05-30T15:18:34+00:00,"**Все системы ЗАЭС после атаки беспилотника ВСУ функционируют в штатном режиме, **нарушений технологических процессов не зафиксировано, заявили на станции.

«Радиационный фон на площадке Запорожской АЭС и в зоне наблюдения находится в пределах естественных значений и не превышает установленных норм». 

▪ [Подписывайтесь на «Ъ» в MAX |](https://max.ru/kommersant) [в Telegram](https://t.me/+bPtk49gFbCBkYzdi)",20946,21,,kommersant
108362,2026-05-30T15:05:55+00:00,"❗️ **Дрон ВСУ ударил по зданию машинного зала шестого энергоблока Запорожской АЭС, **сообщили в «Росатоме». В результате удара произошел взрыв, основное оборудование не повреждено, в стене машинного зала образовалась дыра.

«Кажется, многие всерьез не воспринимают атаки на АЭС. Но сегодня мы стали на шаг ближе к инциденту, от которого с высокой вероятностью пострадают даже те, кто живет далеко за пределами России и Украины и до сих пор думает, что они-то в полной безопасности», — заявил гендиректор «Росатома» Алексей Лихачев.

По словам господина Лихачева, беспилотник управлялся по оптоволокну, что «полностью исключает версию якобы случайного попадания».

▪ [Подписывайтесь на «Ъ» в MAX |](https://max.ru/kommersant) [в Telegram](https://t.me/+bPtk49gFbCBkYzdi)",21762,111,,kommersant
108361,2026-05-30T14:44:04+00:00,"**В Белгороде с 30 мая вернут уличное освещение и мобильный интернет. **Об этом [сообщил](https://www.kommersant.ru/doc/8708014?tg) врио губернатора области Александр Шуваев.

«Принимая во внимание запрос жителей, дал поручение с сегодняшнего вечера включить городское уличное освещение и возобновить стабильное предоставление услуг мобильного интернета в Белгороде», — написал господин Шуваев.

Он добавил, что власти районов и муниципалитетов будут принимать итоговое решение по восстановлению освещения и связи «с учетом оперативной обстановки».

▪ [Подписывайтесь на «Ъ» в MAX |](https://max.ru/kommersant) [в Telegram](https://t.me/+bPtk49gFbCBkYzdi)",20724,63,,kommersant
108360,2026-05-30T14:39:00+00:00,"**В МВД Турции опровергли сообщения о дополнительных сборах при подаче на ВНЖ. **Информация о допсборах распространилась в местных СМИ.

Стоимость подачи заявления на ВНЖ сейчас составляет 964 турецкие лиры ($21). Сумма не меняется в течение года. 

«Помимо этого, никаких дополнительных сборов за подачу заявлений на получение вида на жительство не взимается»,— [сообщил](https://www.kommersant.ru/doc/8707973?tg) глава турецкого МВД Мустафа Чифтчи.

По данным МВД Турции на 21 мая, вид на жительство в республике имеют 1,2 млн иностранцев. Среди них — 75,5 тыс. россиян. 

▪ [Подписывайтесь на «Ъ» в MAX |](https://max.ru/kommersant) [в Telegram](https://t.me/+bPtk49gFbCBkYzdi)",20096,28,,kommersant
108359,2026-05-30T13:44:25+00:00,"**Министерство защиты объектов появится в Нижегородской области. **Об этом [сообщил](https://www.kommersant.ru/doc/8707965?tg) губернатор Глеб Никитин.

В пресс-службе нижегородского правительства сообщили, что новое министерство защиты объектов, как и министерство энергетики и ЖКХ, будет курировать зампредседателя кабмина Владимир Тужилин. 

«В едином блоке правительства будут сосредоточены ключевые функции, которые относятся ... к обеспечению безопасности самого региона в условиях проведения СВО», — цитирует пресс-служба главу региона.

▪ [Подписывайтесь на «Ъ» в MAX |](https://max.ru/kommersant) [в Telegram](https://t.me/+bPtk49gFbCBkYzdi)",21522,66,,kommersant
108358,2026-05-30T13:18:32+00:00,"**Кореевед Андрей Ланьков перестанет давать интервью СМИ из-за того, что на него составили очередной протокол об участии в нежелательной организации. **По словам ученого, о новом деле по ст. 20.33 КоАП он узнал из прессы.

«Это означает, скорее всего, что я опять дал интервью какому-то СМИ, которое в России внесено в список ""нежелательных"". Второй раз уже, — [написал](https://www.kommersant.ru/doc/8707890?tg) господин Ланьков в Telegram. — Самое разумное — попросту отказаться совсем от интервью и бесед с любыми СМИ».

▪ [Подписывайтесь на «Ъ» в MAX |](https://max.ru/kommersant) [в Telegram](https://t.me/+bPtk49gFbCBkYzdi)",19722,90,,kommersant
108357,2026-05-30T12:51:31+00:00,"**Как россияне ездили в хадж: с XVIII века до наших дней**

На этой неделе завершился хадж — паломничество мусульман в Мекку, Саудовская Аравия. Тысячи мусульман из России вернулись из путешествия к святым местам: в этом году, как и в 2025-м, страна получила квоту в 25 тыс. человек. 

Однако путь к Каабе для российских верующих не всегда был таким организованным. В 1822 году император Александр I запретил хадж мусульманам Кавказа, опасаясь влияния османских агентов. Но уже к концу XIX века империя выстраивала для паломников консульские сети, карантины и пароходные линии. 

📰 О том, [как государство училось организовывать хадж,](https://www.kommersant.ru/doc/8707219?tg) и о том, почему в СССР хадж был уделом избранных богословов,— в материале **Власа Северина** и **Ивана Тяжлова.**

▪ [Подписывайтесь на «Ъ» в MAX |](https://max.ru/kommersant) [в Telegram](https://t.me/+bPtk49gFbCBkYzdi)",19960,69,,kommersant
108356,2026-05-30T11:49:42+00:00,"«Каждый переход спортсмена под другой флаг нужно рассматривать отдельно»

**В последние несколько месяцев процесс оттока из России теннисисток уровня первой сотни мирового рейтинга принял массовый характер.**

Последним примером стало решение 88-й ракеткой мира 23-летней Оксаной Селехметьевой, которая, как стало известно перед стартом Открытого чемпионата Франции, будет выступать за Испанию.

👉 Учредитель академий тенниса в Химках, Туле и Дубае, основатель спортивного маркетингового агентства и известный спортивный агент Александр Островский в [интервью](https://www.kommersant.ru/doc/8707444?tg) «Ъ» прокомментировал сложившуюся ситуацию. Он выразил уверенность в том, что российский теннис все-таки не потеряет всех перспективных спортсменок.

▪️ [Подписывайтесь на «Ъ» в MAX ](https://max.ru/kommersant)| [в Telegram](https://t.me/+bPtk49gFbCBkYzdi)",23264,67,,kommersant
108355,2026-05-30T11:26:51+00:00,"**Водка в России подорожала за год почти на 15%, **[заявили](https://www.kommersant.ru/doc/8707871?tg) в «Руспродсоюзе».

Один из ключевых факторов роста цен — введенные в начале года акцизы на алкогольную продукцию. Также на подорожание влияет рост цен на сырье, электроэнергию, логистические услуги, комплектующие. 

▪️ [Подписывайтесь на «Ъ» в MAX ](https://max.ru/kommersant)| [в Telegram](https://t.me/+bPtk49gFbCBkYzdi)",23019,87,,kommersant
108354,2026-05-30T10:51:44+00:00,"**Лунная программа Дональда Трампа оказалась под угрозой из-за взрыва ракеты New Glenn компании Blue Origin во время испытаний**, пишет Politico.

Теперь NASA придется делать ставку на одну частную компанию (SpaceX) вместо двух.

Взрыв стал серьезным ударом для космической компании Джеффа Безоса, стремящейся бросить вызов компании Илона Маска и создать ракету, способную доставлять грузы и людей на орбиту и за ее пределы. Ремонт на стартовой площадке потребует нескольких месяцев и больших вложений. Бывший сотрудник NASA заявил, что повреждения могут стоить Blue Origin целого года простоя.

▪️ [Подписывайтесь на «Ъ» в MAX ](https://max.ru/kommersant)| [в Telegram](https://t.me/+bPtk49gFbCBkYzdi)",22081,41,,kommersant
108352,2026-05-30T10:37:50+00:00,"**25 мая в мире отмечается День Африки**. Что вы знаете об этом континенте? Собрали очевидные и невероятные вопросы для самопроверки — в [тесте](https://www.kommersant.ru/doc/8674919?tg) «Ъ».

▪️ [Подписывайтесь на «Ъ» в MAX ](https://max.ru/kommersant)| [в Telegram](https://t.me/+bPtk49gFbCBkYzdi)",17483,29,,kommersant
108351,2026-05-30T10:24:12+00:00,"**Из-за резкого начала ледохода в Якутии на реке Индигирка сорвало с якорей 10 судов**. Сейчас они бесконтрольно дрейфуют по течению, сообщили в минэкологии региона.

Ситуацию взяло на контроль правительство Якутии.

▪️ [Подписывайтесь на «Ъ» в MAX ](https://max.ru/kommersant)| [в Telegram](https://t.me/+bPtk49gFbCBkYzdi)",17563,49,,kommersant
108350,2026-05-30T10:16:26+00:00,"«Главное оружие — прощение»

Папа Лев XIV 2 мая принял отставку архиепископа Павла Пецци с поста главы Архиепархии Божией Матери в Москве. Это решение, по словам священнослужителя, вызвало «много вопросов, недоумения и слухов».

«Некоторое время назад мне стало ясно, что состояние моего здоровья не позволяет мне как должно управлять этой возлюбленной, прекрасной епархией. Хочу здесь снова повторить это, чтобы не распространялись теории заговора и ложные слухи».

**__👉__****__ В своем __**[**__обращении__**](https://www.kommersant.ru/doc/8707232?tg)**__ Павел Пецци подробнее рассказал о своем уходе с поста главы католиков России.__**

▪️ [Подписывайтесь на «Ъ» в MAX ](https://max.ru/kommersant)| [в Telegram](https://t.me/+bPtk49gFbCBkYzdi)",17942,20,,kommersant
108349,2026-05-30T10:02:58+00:00,"**Всемирную торговую организацию** **ждет кардинальная трансформация**

Глобальная торговая система переживает кризис, вызванный региональными войнами, разрывом в уровнях экономического развития и протекционизмом.

Странам придется делать выбор — создавать локальные союзы (заведомо менее эффективные, чем глобальный рынок) или продолжать активно трансформировать правила Всемирной торговой организации. 

👉 **__Подробности — в материале спецпроекта «Ъ» «__**[**__Мировая торговля будущего__**](https://www.kommersant.ru/doc/8636611?tg)**__».__
**
▪️ [Подписывайтесь на «Ъ» в MAX ](https://max.ru/kommersant)| [в Telegram](https://t.me/+bPtk49gFbCBkYzdi)",17274,24,,kommersant
108348,2026-05-30T09:42:49+00:00,"**В партии Реджепа** **Эрдогана обсуждают досрочное проведение выборов президента** **в ноябре,** [пишет](https://www.kommersant.ru/doc/8707844?tg) газета Cumhuriyet.

Часть высокопоставленных членов правящей партии считает, что проводить выборы без заметного улучшения макроэкономических показателей может быть рискованно.

По словам источников издания, сейчас обсуждается повышение зарплат для определенных групп населения и выплат пенсионерам. Эффективность предлагаемых мер планируется оценивать путем опросов.

Напомним, следующие президентские выборы в Турции пройдут в 2028 году. Согласно законам страны, Реджеп Эрдоган не может в них участвовать, однако у него есть возможность внести изменения в Конституцию или провести досрочные выборы.

▪️ [Подписывайтесь на «Ъ» в MAX ](https://max.ru/kommersant)| [в Telegram](https://t.me/+bPtk49gFbCBkYzdi)",18582,37,,kommersant
108347,2026-05-30T08:48:16+00:00,"✈️ **Международный аэропорт Мюнхена закрыли из-за появления в небе неопознанного объекта** — предположительно, беспилотника, пишет Bild.

▪️ [Подписывайтесь на «Ъ» в MAX ](https://max.ru/kommersant)| [в Telegram](https://t.me/+bPtk49gFbCBkYzdi)",19060,50,,kommersant
108346,2026-05-30T08:44:29+00:00,"**Законопроект, позволяющий автовладельцам за плату выбрать «красивый» номер, **[**доработан**](https://www.kommersant.ru/doc/8707400?tg)** по замечаниям правительства и внесен в Госдуму.**

В рамках услуги можно будет выбрать «уникальный» номер с одинаковыми цифрами и буквами, а также «индивидуальный», где сочетания символов определят сами автовладельцы.

Конкретные цены установит правительство РФ, половину вырученных средств власти обещают направить на зарплаты и премии сотрудникам МВД. 

▪️ [Подписывайтесь на «Ъ» в MAX ](https://max.ru/kommersant)| [в Telegram](https://t.me/+bPtk49gFbCBkYzdi)",20542,68,,kommersant
108345,2026-05-30T08:38:38+00:00,"Вечером 29 мая президент России Владимир Путин в Астане после всех официальных и неофициальных мероприятий подошел на последнее: к журналистам. 

Теперь была понятна и скрытность замглавы администрации президента Максима Орешкина, который не отвечал ни на чьи вопросы, а вообще-то он ответоспособный: сразу решили, видимо, что все озвучит только президент. Он, скорее всего, и решил.

Пресс-конференция оказалась не такой уж долгой, но временами бурной.

**__👉__****__ Специальный корреспондент «Ъ» Андрей Колесников — с __**[**__подробностями__**](https://www.kommersant.ru/doc/8707803?tg)**__.__**

📷 __Дмитрий Азаров, Коммерсантъ__

▪️ [Подписывайтесь на «Ъ» в MAX ](https://max.ru/kommersant)| [в Telegram](https://t.me/+bPtk49gFbCBkYzdi)",77751,183,,kommersant
108344,2026-05-30T07:34:05+00:00,"В преддверии сезона отпусков «Ъ» составил навигатор для автомобильных путешествий в страны, имеющие сухопутную границу с Россией.

О том, какие правила действуют, какие документы нужны, как долго можно находиться в стране пребывания, а куда въезд российским туристам на своем автотранспорте и вовсе закрыт, [читайте](https://www.kommersant.ru/doc/8691138?tg) в материале «Ъ».

▪️ [Подписывайтесь на «Ъ» в MAX ](https://max.ru/kommersant)| [в Telegram](https://t.me/+bPtk49gFbCBkYzdi)",20806,87,,kommersant
108343,2026-05-30T06:27:29+00:00,"**Посол России в Армении Сергей Копыркин** **вызван в Москву для консультаций **в связи с шагами армянского руководства по сближению с ЕС, сообщили в МИД РФ.

▪️ [Подписывайтесь на «Ъ» в MAX ](https://max.ru/kommersant)| [в Telegram](https://t.me/+bPtk49gFbCBkYzdi)",21122,50,,kommersant
108342,2026-05-30T05:44:03+00:00,"**Новая Зеландия тратит недостаточно средств на оборону и фактически «живет за счет американских военных»**, [заявил](https://www.kommersant.ru/doc/8707789?tg) глава Пентагона Пит Хегсет.

По его словам, союзники США должны направлять на нужды обороны не менее 3,5% национальных расходов. Он отметил, что Вашингтон будет отдавать приоритет тем партнерам, которые «трезво оценивают ситуацию и готовы защищать свои национальные интересы».

«Тем, кто продолжает пользоваться щедростью американских налогоплательщиков, мы хотим сказать: этим временам пришел конец. Союзники, которые отказываются встать на защиту нашей коллективной обороны и внести свой вклад, столкнутся с явными изменениями в том, как мы ведем дела», — подчеркнул он.

▪️ [Подписывайтесь на «Ъ» в MAX ](https://max.ru/kommersant)| [в Telegram](https://t.me/+bPtk49gFbCBkYzdi)",23738,49,,kommersant
108341,2026-05-30T04:55:34+00:00,"**За ночь над регионами России сбито 127 украинских БПЛА**, сообщили в Минобороны.

▪️ [Подписывайтесь на «Ъ» в MAX ](https://max.ru/kommersant)| [в Telegram](https://t.me/+bPtk49gFbCBkYzdi)",20349,12,,kommersant
108340,2026-05-30T03:58:17+00:00,"**⛅️****️ Главные новости к утру:
**
🔸 В НАТО [заявили](https://www.kommersant.ru/doc/8707774?tg) о российском происхождении упавшего в Румынии дрона.

🔸 Трое [погибли](https://www.kommersant.ru/doc/8707778?tg) во время ночных налетов БПЛА на поселок под Белгородом.

🔸 Дональд Трамп [не принял](https://www.kommersant.ru/doc/8707458?tg) решение по сделке с Ираном после двухчасового совещания.

🔸 В Крыму [ограничат](https://www.kommersant.ru/doc/8707460?tg) продажу бензина АИ-95 в одни руки.

🔸 Освобожденный из-под стражи в Чехии митрополит Иларион [прилетел](https://www.kommersant.ru/doc/8707770?tg) в Москву.

#главноекутру",77461,154,,kommersant
108339,2026-05-30T02:29:57+00:00,"**Военные командующие Кубы и США провели переговоры**. Главной темой разговора [стала](https://www.kommersant.ru/doc/8707777?tg) безопасность на границе американской военной базы в Гуантанамо. 

Встречу провели глава американского Южного командования Фрэнсис Донован и начальник кубинского Генштаба Роберто Легра Сотолонго. Военные договорились дальше поддерживать прямую связь между своими командованиями. 

Встреча произошла во время нарастающего политического и экономического давления на Кубу со стороны США, из-за которого на острове сохраняется нефтяной кризис. Ранее Politico сообщало, что США наращивают военную группировку для возможного вторжения на Кубу.

✔️ [Подписывайтесь на «Ъ» в MAX](https://max.ru/kommersant) |[ в Telegram](https://t.me/+bPtk49gFbCBkYzdi)",19940,25,,kommersant
108338,2026-05-30T02:04:39+00:00,"На территории порта в Таганроге в результате атаки БПЛА **загорелись танкер, резервуар с топливом и административное здание**, сообщил губернатор Ростовской области Юрий Слюсарь. По предварительным данным главы региона, пострадавших нет.

Кроме того, во время воздушной атаки на Таганрог беспилотник попал в частный дом, пострадали два человека, сообщил губернатор.

В Ростовской области в настоящее время сохраняется беспилотная опасность.

**UPD: **пожар ликвидирован, разлива нефтепродуктов нет, сообщила глава города Таганрога.

✔️ [Подписывайтесь на «Ъ» в MAX](https://max.ru/kommersant) |[ в Telegram](https://t.me/+bPtk49gFbCBkYzdi)",22667,46,,kommersant
108337,2026-05-30T01:30:09+00:00,"**Суд постановил убрать имя Дональда Трампа со здания Кеннеди-центра**, [передает](https://www.kommersant.ru/doc/8707776?tg) The Wall Street Journal. Вместе с тем судья остановил планы по реконструкции здания, из-за которых центр намеревались закрыть на два года.

💬 «Никогда еще не было президента Соединенных Штатов, к которому суды относились бы так несправедливо, как ко мне»,— прокомментировал решение судьи господин Трамп.

Теперь учреждение может остаться открытым, но в нем не будет проходить никаких мероприятий.

✔️ [Подписывайтесь на «Ъ» в MAX](https://max.ru/kommersant) |[ в Telegram](https://t.me/+bPtk49gFbCBkYzdi)",21249,30,,kommersant
108336,2026-05-30T00:36:01+00:00,"**В НАТО **[**заявили**](https://www.kommersant.ru/doc/8707774?tg)** о российском происхождении упавшего в Румынии дрона.**

Падение беспилотника произошло ночью 29 мая. Дрон врезался в жилую высотку, спровоцировав взрыв и пожар, из-за чего пострадали несколько человек.

О том, что дрон принадлежал России, также заявляли и румынские власти.

Президент России Владимир Путин заявил, что экспертиза пока не была проведена и пока нельзя однозначно утверждать, кому принадлежит дрон. Он предложил передать обломки БПЛА России.

✔️ [Подписывайтесь на «Ъ» в MAX](https://max.ru/kommersant) |[ в Telegram](https://t.me/+bPtk49gFbCBkYzdi)",17939,18,,kommersant
108335,2026-05-29T23:47:10+00:00,"Дальнейший рост производства в АПК власти [планируют](https://www.kommersant.ru/doc/8707403?tg) обеспечить, в частности, за счет стимулирования предприятий к снижению издержек. **Возможность сокращения операционных расходов Минсельхоз видит во внедрении инноваций.**

На этом фоне на технологическом развитии сектора постепенно концентрируются и меры господдержки. Такой подход должен в итоге снизить себестоимость продукции, в том числе для повышения конкурентоспособности российского экспорта.

Вице-премьер Дмитрий Патрушев напомнил, что в 2025 году **финансирование отрасли превысило 650 млрд руб**., а рост сельхозпроизводства составил 5% (против снижения на 3,2% годом ранее).

✔️ [Подписывайтесь на «Ъ» в MAX](https://max.ru/kommersant) |[ в Telegram](https://t.me/+bPtk49gFbCBkYzdi)",17793,28,,kommersant
108334,2026-05-29T23:02:35+00:00,"**Митрополит Иларион прибыл в Россию.** Об этом сообщается в Telegram-канале митрополита.

Бывший глава Отдела внешних церковных связей РПЦ, митрополит Иларион (Алфеев), был задержан в Чехии 24 мая. Его заподозрили в хранении наркотиков. В РПЦ назвали задержание «классической подставой». МИД России выразил протест временному поверенному в делах Чехии. 26 мая митрополита освободили из-под стражи без предъявления обвинений.

✔️ [Подписывайтесь на «Ъ» в MAX](https://max.ru/kommersant) |[ в Telegram](https://t.me/+bPtk49gFbCBkYzdi)",17969,37,,kommersant
108333,2026-05-29T22:20:52+00:00,"**Экономическая делегация Северной Кореи отправилась из Пхеньяна с визитом в Россию и Белоруссию.** Представители КНДР намерены посетить аграрный форум «Белагро-2026» и Петербургский международный экономический форум (ПМЭФ), сообщает Центральное телеграфное агентство Кореи.

Форум «Белагро» пройдет со 2 по 6 июня. На нем компании представят свои достижения и новинки в сфере агропромышленного комплекса.

ПМЭФ будет проходить с 3 по 6 июня. Главная тема этого года — «Прагматичный диалог — путь к стабильному будущему». На форуме ожидаются делегации из более 100 стран.

✔️ [Подписывайтесь на «Ъ» в MAX](https://max.ru/kommersant) |[ в Telegram](https://t.me/+bPtk49gFbCBkYzdi)",18793,30,,kommersant
108332,2026-05-29T21:29:10+00:00,"**Дорогая нефть проигрывает сильному рублю. **Индекс Московской биржи [опустился](https://www.kommersant.ru/doc/8707415?tg) до минимума за полгода. Снижение основного фондового индикатора продолжается третий месяц подряд, за это время он потерял почти 12%. Против фондового рынка играют сильный рубль, неурегулированные конфликты и ужесточившаяся политика ЦБ.

**В результате в уходящем месяце в лидерах снижения были акции нефтегазовых компаний.
**
Ожидание урегулирования конфликта между США и Ираном оказывает негативное влияние на котировки акций российских компаний. Восстановление судоходства через Ормузский пролив приведет к снижению цен на энергоносители и, как следствие, сокращению экспортных доходов эмитентов, отмечает эксперт.

✔️ [Подписывайтесь на «Ъ» в MAX](https://max.ru/kommersant) |[ в Telegram](https://t.me/+bPtk49gFbCBkYzdi)",18961,26,,kommersant
108331,2026-05-29T20:51:37+00:00,"**США отобрали у Ирана криптовалюту на $1 млрд.
**
💬 «Просто взяли и прибрали к рукам их кошельки. Кто-то из них, возможно, прямо сейчас вводит свои данные (для входа в криптокошелек.— ""Ъ"") и осознает, что у них ничего не осталось»,— [заявил](https://www.kommersant.ru/doc/8707467?tg) министр финансов США Скотт Бессент.

Министр добавил, что США работают с союзниками по всей Европе, чтобы арестовывать виллы, дома и недвижимость представителей иранского руководства. 

✔️ [Подписывайтесь на «Ъ» в MAX](https://max.ru/kommersant) |[ в Telegram](https://t.me/+bPtk49gFbCBkYzdi)",83014,412,,kommersant
108330,2026-05-29T20:10:23+00:00,"**Власти Молдавии могут готовить инсценировку с падением дрона**, чтобы спровоцировать новый виток эскалации в двусторонних отношениях. Об этом сказано в заявлении посольства России в Кишиневе.

«В контексте падения в румынском городе Галац беспилотника, априори, до представления доказательств названного российским, и хорошо известной русофобской связки правящих кругов Кишинева и Бухареста, действующих по однотипным методичкам, не исключаем, что молдавские власти готовят аналогичную инсценировку»,— сказано в сообщении диппредставительства.

Цель возможной провокации — обвинить Россию и спровоцировать новый виток эскалации в двусторонних отношениях, добавили в посольстве.

✔️ [Подписывайтесь на «Ъ» в MAX](https://max.ru/kommersant) |[ в Telegram](https://t.me/+bPtk49gFbCBkYzdi)",19508,38,,kommersant
108329,2026-05-29T19:26:12+00:00,"🗞🗞🗞🗞 Как [выяснили](https://www.kommersant.ru/doc/8707431?tg) военные следователи СКР, **аферисты на протяжении многих лет подделывали произведения скульптора Эрнста Неизвестного,** продавая их коллекционерам. Вскрылся масштабный обман на выставке работ мастера, проходившей в Третьяковской галерее в Москве с конца прошлого года и приуроченной к его 100-летию. 

Организатором махинаций следствие считает заместителя начальника штаба Северного флота ВМФ России капитана 2-го ранга Максима Кошкарева, который уже признал вину и находится под домашним арестом. Сообщниками его пока считаются неустановленные лица.

[#Ъузнал](https://t.me/+bPtk49gFbCBkYzdi)",26612,320,,kommersant
108328,2026-05-29T19:01:33+00:00,"🌒 **Главные новости к вечеру **

▪️ Дрон в румынском Галаце [упал](https://www.kommersant.ru/doc/8707171?tg) из-за украинских сил ПВО.

▪️ В МИД Ирана [заявили](https://www.kommersant.ru/doc/8707434?tg) о продолжении обмена посланиями с США.

▪️ FinEx [решила ликвидировать](https://www.kommersant.ru/doc/8707437?tg) замороженные для россиян фонды.

▪️ Канадец [признал](https://www.kommersant.ru/doc/8707385?tg) вину в рассылке яда десяткам людей из разных стран.

▪️ Россия [свернет](https://www.kommersant.ru/doc/8707363?tg) интеграцию с Арменией в случае перехода на стандарты ЕС.

▪️ Дети [смогут ездить](https://www.kommersant.ru/doc/8707338?tg) на поездах РЖД без родителей в сопровождении проводника.

#главноеквечеру",79310,221,,kommersant
108327,2026-05-29T18:20:38+00:00,"**Продажу бензина марки АИ-95 ограничат в Крыму с 30 мая — отпускать будут не более 20 литров в одни руки один раз в сутки**, сообщил глава республики Сергей Аксенов. 

«Прошу крымчан не приобретать бензин впрок и осуществлять заправку транспортных средств в обычном режиме».

▪ [Подписывайтесь на «Ъ» в MAX ](https://max.ru/kommersant)| [в Telegram](https://t.me/+bPtk49gFbCBkYzdi)",20688,198,,kommersant
108326,2026-05-29T18:02:19+00:00,"«Но для такого у американцев давно придумана поговорка Space is hard».

Тяжелая ракета New Glenn компании Blue Origin (США) [взорвалась](https://www.kommersant.ru/doc/8707407?tg) во время огневых испытаний перед запланированным на следующую неделю запуском. Специалисты сообщили об «аномалии» во время статического прожига. 

Авария произошла в момент, когда компания Джеффа Безоса только начала приближаться к статусу второго полноценного оператора тяжелых частично многоразовых ракет после Space X, а сама ракета должна была использоваться и в ответственных лунных миссиях NASA. Инцидент может надолго затормозить всю программу New Glenn, считает эксперт.

▪ [Подписывайтесь на «Ъ» в MAX ](https://max.ru/kommersant)| [в Telegram](https://t.me/+bPtk49gFbCBkYzdi)",19431,14,,kommersant
108325,2026-05-29T17:39:36+00:00,"🗞🗞🗞🗞 В январе—апреле 2026 года сельхозпредприятия [**выпустили**](https://www.kommersant.ru/doc/8707401?tg)** 13,5 млрд яиц, на 3,1% больше год к году. **После кризиса, развернувшегося на рынке в 2023 году, они постепенно увеличили выпуск. 

Но со временем конъюнктура поменялась: на пике перепроизводства закупочная цена яиц оказалась в два раза ниже себестоимости. Это связано с ограниченным спросом и нехваткой перерабатывающих мощностей.

#Ъузнал",19012,23,,kommersant
108324,2026-05-29T17:22:49+00:00,"**Соглашение между США и Ираном находится на финальных этапах утверждения в Иране,** но окончательное решение еще не принято, сообщило агентство Fars.

Источники издания опровергли новые заявления президента США Дональда Трампа о возможном соглашении, назвав их «смесью правды и лжи» и попыткой создать видимость фальшивой победы. 

По словам собеседников агентства, текст соглашения находится на заключительном этапе ратификации в Иране.

▪ [Подписывайтесь на «Ъ» в MAX ](https://max.ru/kommersant)| [в Telegram](https://t.me/+bPtk49gFbCBkYzdi)",19112,9,,kommersant
108323,2026-05-29T16:50:04+00:00,"❗️ **Падение БПЛА было результатом воздействия ПВО Украины, **заявил президент Румынии Никушор Дан.

«Группа из 43 беспилотников, прибывших с востока, пересекла Украину примерно в 20-30 километрах к северу от Дуная, с востока на запад. Пролетая над территорией Украины, некоторые из них были сбиты, а один из них, вероятно, пораженный над городом Рени, изменил траекторию и направился в сторону Галаца».

▪ [Подписывайтесь на «Ъ» в MAX ](https://max.ru/kommersant)| [в Telegram](https://t.me/+bPtk49gFbCBkYzdi)",22043,74,,kommersant
108322,2026-05-29T16:40:14+00:00,"**📰**** Другие заявления Владимира Путина на пресс-конференции в рамках ЕАЭС:**

🔵 В Румынии, вероятно, упал украинский дрон, сбившийся с курса из-за действия РЭБ или несовершенства данных.

🔵 Первая реакция в ЕС на любой беспилотник — назвать его российским, а потом выясняется, что это не так.

🔵 РФ не назначает Евросоюзу переговорщиков, это дело самого ЕС. 

🔵 У России есть средства сровнять с землей всех, кто захочет сравнять с землей базы на ее территории.

🔵Любые экономические решения Еревана по сближению с ЕС не испортят гуманитарные связи с Москвой.

🔵Российские войска наступают по всем направлениям в зоне СВО.

▪ [Подписывайтесь на «Ъ» в MAX ](https://max.ru/kommersant)| [в Telegram](https://t.me/+bPtk49gFbCBkYzdi)",19370,24,,kommersant
108321,2026-05-29T16:29:09+00:00,"**Бывший канцлер ФРГ Герхард Шрёдер это человек, которому можно доверять,** подчеркнул Владимир Путин.

▪ [Подписывайтесь на «Ъ» в MAX ](https://max.ru/kommersant)| [в Telegram](https://t.me/+bPtk49gFbCBkYzdi)",18131,26,,kommersant
108320,2026-05-29T16:25:17+00:00,"Контакты по Украине сохраняются, но переговоров нет, заявил Владимир Путин.  

▪ [Подписывайтесь на «Ъ» в MAX ](https://max.ru/kommersant)| [в Telegram](https://t.me/+bPtk49gFbCBkYzdi)",18466,7,,kommersant
108319,2026-05-29T16:22:59+00:00,"**У России никогда не было агрессивных намерений в отношении стран Европы**, подчеркнул Владимир Путин.  

По его словам, заявления европейских политиков о подготовке к войне с Россией являются бредом. 

▪ [Подписывайтесь на «Ъ» в MAX ](https://max.ru/kommersant)| [в Telegram](https://t.me/+bPtk49gFbCBkYzdi)",19004,31,,kommersant
108318,2026-05-29T16:19:13+00:00,"**«Это средства массового одурачивания, а не средства массовой информации», ** — так Владимир Путин прокомментировал реакцию западной прессы на удар по общежитию в Старобельске. 

▪ [Подписывайтесь на «Ъ» в MAX ](https://max.ru/kommersant)| [в Telegram](https://t.me/+bPtk49gFbCBkYzdi)",17386,18,,kommersant
108317,2026-05-29T16:16:03+00:00,"❗️ **Называть конкретные сроки в условиях боевых действий невозможно**, заявил Владимир Путин, отвечая на вопрос специального корреспондента «Ъ» Андрея Колесникова о сроках завершения конфликта на Украине. 

«В условиях боевых действий говорить о сроках опрометчиво. Что касается моего заявления, что дело идет к завершению, я сделал его не просто так, а исходя из ситуации на поле боя».

▪ [Подписывайтесь на «Ъ» в MAX ](https://max.ru/kommersant)| [в Telegram](https://t.me/+bPtk49gFbCBkYzdi)",23273,103,,kommersant
108316,2026-05-29T16:13:43+00:00,"Представители ЕАЭС приедут на ПМЭФ, который стартует на следующей неделе, сообщил Владимир Путин.

Главный гость форума будет из страны, которая является наблюдателем при ЕАЭС, добавил он.

▪ [Подписывайтесь на «Ъ» в MAX ](https://max.ru/kommersant)| [в Telegram](https://t.me/+bPtk49gFbCBkYzdi)",16894,3,,kommersant
108315,2026-05-29T16:09:51+00:00,"**РФ готова делиться со странами ЕАЭС наработками в сфере ИИ**, заявил Владимир Путин.

▪ [Подписывайтесь на «Ъ» в MAX ](https://max.ru/kommersant)| [в Telegram](https://t.me/+bPtk49gFbCBkYzdi)",17639,36,,kommersant
108314,2026-05-29T16:04:19+00:00,"Россия хотела бы, чтобы референдум по поводу вступления в ЕС или продолжения участия в ЕАЭС **прошел в Армении как можно скорее**, заявил Владимир Путин.

▪ [Подписывайтесь на «Ъ» в MAX ](https://max.ru/kommersant)| [в Telegram](https://t.me/+bPtk49gFbCBkYzdi)",17688,37,,kommersant
108313,2026-05-29T16:03:15+00:00,"Повышение цен на энергоносители для Армении **приведет к потере как минимум 14% ее ВВП,** сообщил Владимир Путин.

Он добавил, что если Армения уйдет из ЕАЭС, для ее граждан в России будут действовать обычные миграционные требования, они должны будут покупать патенты.

▪ [Подписывайтесь на «Ъ» в MAX ](https://max.ru/kommersant)| [в Telegram](https://t.me/+bPtk49gFbCBkYzdi)",18107,41,,kommersant
108312,2026-05-29T16:00:11+00:00,"Кризис на Украине начался с похожей ситуации, что происходит с Арменией сейчас, отметил Владимир Путин.

По его словам, если Армения начнет переходить на стандарты ЕС, интеграцию с ней объективно придется свернуть. 

▪ [Подписывайтесь на «Ъ» в MAX ](https://max.ru/kommersant)| [в Telegram](https://t.me/+bPtk49gFbCBkYzdi)",18220,126,,kommersant
108311,2026-05-29T15:50:44+00:00,"**Товарооборот РФ и Казахстана вышел на рекордные $ 20 млрд и имеет тенденцию к росту**, отметил Владимир Путин.

▪ [Подписывайтесь на «Ъ» в MAX ](https://max.ru/kommersant)| [в Telegram](https://t.me/+bPtk49gFbCBkYzdi)",17935,14,,kommersant
108310,2026-05-29T15:50:18+00:00,"АЭС в Казахстане обеспечит 20% энергопотребления страны, проект выгоден и РФ, и Казахстану, сообщил Владимир Путин.

▪ [Подписывайтесь на «Ъ» в MAX ](https://max.ru/kommersant)| [в Telegram](https://t.me/+bPtk49gFbCBkYzdi)",17937,15,,kommersant
108309,2026-05-29T15:47:33+00:00,"Россия, финансируя строительство первой АЭС в Казахстане, **не дарит эти деньги, они вернутся с процентами**, подчеркнул Владимир Путин.

▪ [Подписывайтесь на «Ъ» в MAX ](https://max.ru/kommersant)| [в Telegram](https://t.me/+bPtk49gFbCBkYzdi)",19187,77,,kommersant
108308,2026-05-29T15:45:13+00:00,"Если России передадут объективные данные о падении беспилотника в Румынии, Россия проведет объективное расследование, заявил Владимир Путин.

▪ [Подписывайтесь на «Ъ» в MAX ](https://max.ru/kommersant)| [в Telegram](https://t.me/+bPtk49gFbCBkYzdi)",17417,26,,kommersant
108307,2026-05-29T15:44:03+00:00,"Владимир Путин сообщил, что ему только что доложили о ситуации с БПЛА в Румынии. 

Он подчеркнул, что никто не может сказать, какой стране принадлежит тот или иной беспилотник, пока не проведена экспертиза. 

▪ [Подписывайтесь на «Ъ» в MAX ](https://max.ru/kommersant)| [в Telegram](https://t.me/+bPtk49gFbCBkYzdi)",17386,60,,kommersant
108306,2026-05-29T15:25:24+00:00,"На «Авито» теперь [можно оформить](https://www.kommersant.ru/doc/8706976) целевой кредит на автомобиль с пробегом от собственника прямо из объявления. При этом покупатель может сравнить предложения нескольких банков-партнеров.

Первым партнером сервиса стал МТС-банк, в ближайшее время пользователям также станут доступны предложения банка «Уралсиб». До конца 2026 года к сервису планируется подключить еще четыре банка.

При оформлении кредита пользователю необходимо пройти идентификацию через банковский ID и заполнить заявку. Банк оценивает параметры конкретной сделки и формирует индивидуальные условия.

По данным «Автостата», в 2025 году в России было продано 6,24 млн легковых автомобилей с пробегом, на 3,3% больше год к году. Это стало максимальным показателем почти за 20 лет.

В «Авито» отмечают, что одним из распространенных способов купить авто с пробегом в кредит оставался потребительский кредит. Однако его средняя сумма составляет около 500 тыс. руб., тогда как средний размер целевого автокредита — около 1,2 млн руб., что позволяет финансировать более крупную покупку.

__📷____: Евгений Разумный, Коммерсантъ__

__#Технологии__",18020,33,,kommersant
108305,2026-05-29T15:16:12+00:00,"**Дети от 10 до 16 лет с 1 июня смогут ездить на поездах без сопровождения взрослых** более чем по 20 маршрутам, сообщили в РЖД.

В пути следования поезда за детьми будут присматривать начальник поезда и проводник, а станции прибытия ребенка передадут встречающему лицу, указанному в заявлении.

▪ [Подписывайтесь на «Ъ» в MAX ](https://max.ru/kommersant)| [в Telegram](https://t.me/+bPtk49gFbCBkYzdi)",16247,87,,kommersant
108304,2026-05-29T15:04:18+00:00,"**Иран должен согласиться с тем, что у него никогда не будет ядерного оружия, и немедленно открыть Ормузский пролив**, написал президент США Дональд Трамп в Truth Social.

«Все морские мины (бомбы), если таковые имеются, будут ликвидированы (мы уже уничтожили путём подрыва множество таких мин с помощью наших великолепных подводных тральщиков. Иран завершит немедленное удаление и/или подрыв всех оставшихся мин, которых будет совсем немного!). Корабли, застрявшие в проливе из-за нашей потрясающей и беспрецедентной военно-морской блокады, которая теперь будет снята, могут начинать процесс «возвращения домой!». Скажите «ПРИВЕТ» своим жёнам, мужьям, родителям и семьям от вашего любимого Президента!». 

Господин Трамп добавил, что проведет совещание с командой нацбезопасности, чтобы принять окончательное решение по Ирану.

▪ [Подписывайтесь на «Ъ» в MAX ](https://max.ru/kommersant)| [в Telegram](https://t.me/+bPtk49gFbCBkYzdi)",16778,22,,kommersant
108303,2026-05-29T14:51:22+00:00,"📰 **Что известно о попадании беспилотника в жилой дом в Румынии: **

🔵 Инспекторат по чрезвычайным ситуациям в Румынии в ночь на 29 мая сообщил о попадании беспилотника в жилой многоэтажный дом в городе Галац на востоке Румынии. 

🔵 Двоих пострадавших — 53-летнюю женщину и 14-летнего подростка — госпитализировали с ожогами. Еще двоим была оказана медпомощь на месте. 

🔵 Власти подготовили ПВР для местных жителей, но они за расселением пока не обращались

🔵 Ночью румынские власти также заявили об обнаружении еще одного БПЛА, который упал в уезде Марамуреш.

🔵 Глава МИД Румынии Оана Цойу утверждает, что попавший в дом беспилотник был российским.

🔵 Румынская сторона передала информацию об инциденте другим странам НАТО и генсеку альянса Марку Рютте. 

🔵 Румынский президент Никушор Дан созвал Высший совет национальной обороны по поводу инцидента. 

🔵 Генконсульство России в Констанце будет закрыто, а генконсул Андрей Косилин объявлен персоной нон грата.

🔵 Представитель МИД РФ Мария Захарова назвала безосновательными обвинения в причастности РФ в случившемся. 

🔵 Канцлер ФРГ Фридрих Мерц после инцидента с падением беспилотника заявил о необходимости усиления позиций НАТО на восточном фланге.

🔵 Глава австрийского МИД Беате Майнль-Райзингер проинформировала о вызове российского посла в Вене. 

🔵 Премьер-министр Великобритании Кир Стармер осудил «серьезное нарушение воздушного пространства НАТО».

▪ [Подписывайтесь на «Ъ» в MAX ](https://max.ru/kommersant)| [в Telegram](https://t.me/+bPtk49gFbCBkYzdi)",16688,30,,kommersant
108302,2026-05-29T14:36:09+00:00,"❌ **Россельхознадзор с 30 мая ограничивает ввоз плодоовощной продукции 10 компаний из Узбекистана**, сообщили в пресс-службе ведомства.

Речь идет об экспортерах, допустивших больше всего нарушений, заявили в службе. По ее данным, только с начала 2026 года выявлено 132 случая обнаружения карантинных для стран ЕАЭС объектов.
 
«Систематическое нарушение российских и международных фитосанитарных требований подтверждает недостаточную эффективность узбекистанской системы по обеспечению фитосанитарной безопасности поставляемой в Россию плодоовощной продукции».

▪ [Подписывайтесь на «Ъ» в MAX ](https://max.ru/kommersant)| [в Telegram](https://t.me/+bPtk49gFbCBkYzdi)",49889,167,,kommersant
108301,2026-05-29T14:31:52+00:00,"🗞🗞🗞🗞 **В Москве **[**арестовали**](https://www.kommersant.ru/doc/8707221?tg)** экс-гендиректора АО «Солнечногорский электромеханический завод» (СЭМЗ) Игоря Дидыка. **Он обвиняется в злоупотреблении полномочиями при выполнении его предприятием гособоронзаказа.

#Ъузнал",17869,74,,kommersant
108300,2026-05-29T14:25:46+00:00,"Спикер Совфеда Валентина Матвиенко **попросила IT-компании помочь с профилактикой абортов. **

По ее мнению, сначала браузеры должны выдавать информацию о кризисных центрах помощи женщинам, а не о клиниках, в которых можно сделать аборт. 

«Девушки, женщины, которые переживают, смогут ли они справиться с материнством, не должны оставаться наедине со своими тревогами. В этом смысле сеть интернет тоже нужно сделать территорией поддержки семьи»,— сказала госпожа Матвиенко.

▪ [Подписывайтесь на «Ъ» в MAX ](https://max.ru/kommersant)| [в Telegram](https://t.me/+bPtk49gFbCBkYzdi)",18662,95,,kommersant
108299,2026-05-29T14:01:49+00:00,"**⚡️**** Минюст расширил реестр иностранных агентов**, в  список попали:

🔵 писательница Эльвира Барякина, 

🔵 журналист Инна Курочкина, 

🔵 политолог Андрей Никулин.

▪ [Подписывайтесь на «Ъ» в MAX ](https://max.ru/kommersant)| [в Telegram](https://t.me/+bPtk49gFbCBkYzdi)",17893,19,,kommersant
108298,2026-05-29T13:47:03+00:00,"**❗️**** Подготовка Армении к вступлению в ЕС несет серьезные риски для экономической безопасности стран Евразийского экономического союза,** говорится в заявлении лидеров четырех стран объединения.

Как следует из документа, в Армении должен как можно скорее пройти референдум о вступлении в ЕС или сохранении членства в ЕАЭС. 

▪ [Подписывайтесь на «Ъ» в MAX ](https://max.ru/kommersant)| [в Telegram](https://t.me/+bPtk49gFbCBkYzdi)",18518,45,,kommersant
108297,2026-05-29T13:33:06+00:00,"FONBET в рамках своей благотворительной программы ДоброFON [объединил](https://www.kommersant.ru/doc/8707114) крупнейшие спортивные события России и Белоруссии в общую концепцию «Давай вместе с Доброматч», рассказали в пресс-службе букмекера. С марта по май 2026 года было собрано около 17 млн руб. пожертвований.

В компании уточнили, что любое действие болельщиков, покупка мерча и пожертвования на стендах у арен, где проводились благотворительные матчи, а также розыгрыши билетов в соцсетях конвертировались в часть этой суммы.

Завершением проекта стал Суперфинал FONBET Кубка России между «Спартаком» и «Краснодаром», который посетили 72 978 человек, сообщили в пресс-службе FONBET. Всего было проведено десять благотворительных матчей.

Средства направили в благотворительные фонды, среди которых Фонд Константина Хабенского, Российский Красный Крест, «Обнаженные сердца», «Женщины за жизнь» и другие организации.

#новостикомпании",18247,14,,kommersant
108296,2026-05-29T13:32:56+00:00,"Владимир Путин провел встречу с Александром Лукашенко на полях саммита ЕАЭС.

▪ [Подписывайтесь на «Ъ» в MAX ](https://max.ru/kommersant)| [в Telegram](https://t.me/+bPtk49gFbCBkYzdi)",16976,6,,kommersant
108295,2026-05-29T13:12:31+00:00,"❌ **Еврокомиссия призвала активизировать вопрос исключения Украины из общеевропейского списка «безопасных государств»,** сообщает Euractiv со ссылкой на соответствующий документ.

Статус «безопасного государства» предполагает, что ЕС может оперативно отказывать его гражданам в предоставлении убежища. Как пишет издание, исключение Украины из перечня может упростить предоставление убежища в странах ЕС для ее граждан. 

В феврале ЕК внесла в этот перечень Бангладеш, Колумбию, Египет, Косово, Индию, Марокко и Тунис. В него также вошли кандидаты на вступление в Евросоюз — Украина и Молдавия.

▪ [Подписывайтесь на «Ъ» в MAX ](https://max.ru/kommersant)| [в Telegram](https://t.me/+bPtk49gFbCBkYzdi)",18518,37,,kommersant
108294,2026-05-29T12:55:09+00:00,"💬 Но не для того ли делаются панические заявления, чтобы он в конце концов не вернулся к работе?

29 мая в Астане прошло заседание Высшего евразийского экономического совета, на которое приехали главы России, Белоруссии, Киргизии и не приехал глава правительства Армении. 

👉 О том, [как все менялось](https://www.kommersant.ru/doc/8706952?tg) в течение дня и часа и чем в итоге завершилось,— специальный корреспондент «Ъ» **Андрей Колесников.**

▪ [Подписывайтесь на «Ъ» в MAX ](https://max.ru/kommersant)| [в Telegram](https://t.me/+bPtk49gFbCBkYzdi)",18492,17,,kommersant
108293,2026-05-29T12:33:13+00:00,"**В Кении задержали 10 школьниц по делу о пожаре с 16 жертвами в общежитии в округе Накуру**, сообщил местный портал Kenyans. co. ke.

Инцидент произошел в ночь на 29 мая в одной из школ центральной части страны. Учащиеся находились внутри здания и спали. Огонь быстро охватил жилые помещения общежития, среди проснувшихся школьниц началась паника. В результате происшествия пострадали до 79 человек. Часть из них получила травмы и была доставлена в ближайшие больницы.

▪ [Подписывайтесь на «Ъ» в MAX ](https://max.ru/kommersant)| [в Telegram](https://t.me/+bPtk49gFbCBkYzdi)",18793,9,,kommersant
108292,2026-05-29T12:02:02+00:00,"**Шумиха вокруг БПЛА в Румынии нужна Западу для отвода внимания от произошедшего в Старобельске, **заявила** **официальный представитель МИД РФ Мария Захарова.

«Шумиха вокруг беспилотника в Румынии нужна западникам для того, чтобы отвести внимание от убийства Зеленским детей в Старобельске, которое совершено на еэсовские деньги и с еэсовской поддержкой, а также, как теперь стало очевидно, для обоснования закрытия российского генконсульства в Констанце», — указала она.

Ранее Дмитрий Песков сообщил, что Владимиру Путину доложено об инциденте с дроном в Румынии.

▪️ [Подписывайтесь на «Ъ» в MAX ](https://max.ru/kommersant)| [в Telegram](https://t.me/+bPtk49gFbCBkYzdi)",32854,125,,kommersant
108291,2026-05-29T11:42:18+00:00,"**Генконсул РФ в Констанце объявлен персоной нон грата, консульство закроют, **заявил** **президент Румынии Никушор Дан.

▪️ [Подписывайтесь на «Ъ» в MAX ](https://max.ru/kommersant)| [в Telegram](https://t.me/+bPtk49gFbCBkYzdi)",19265,57,,kommersant
108290,2026-05-29T11:38:25+00:00,"По мере сближения с Евросоюзом Армения рано или поздно окажется в ситуации, когда новые нормы станут противоречить принципам Евразийского экономического союза, [заявил](https://www.kommersant.ru/doc/8707089?tg) Дмитрий Песков.

▪️ [Подписывайтесь на «Ъ» в MAX ](https://max.ru/kommersant)| [в Telegram](https://t.me/+bPtk49gFbCBkYzdi)",19596,7,,kommersant
108289,2026-05-29T11:10:03+00:00,"**Китай строит сеть пусковых площадок, бункеров и коммуникационных узлов вблизи ядерных шахт, где хранятся дальнобойные ракеты**, сообщает Reuters со ссылкой на спутниковые снимки.

По мнению экспертов, новый комплекс построен таким образом, чтобы «ни один ядерный удар со стороны США не смог лишить Пекин возможности нанести ответный удар».

На снимках видно более 80 площадок, которые, возможно, будут использовать для размещения мобильных ракетных установок и зенитных батарей Китая. 

▪️ [Подписывайтесь на «Ъ» в MAX ](https://max.ru/kommersant)| [в Telegram](https://t.me/+bPtk49gFbCBkYzdi)",20251,47,,kommersant
108288,2026-05-29T10:41:53+00:00,"**🚨**** В МЧС опровергли сообщения о запрете телефонов на АЗС**

Запрет на использование мобильных телефонов на автозаправочных станциях в ведомстве не рассматривается, заявили в пресс-службе. Ранее СМИ передавали, что с 1 июня правила безопасности на АЗС будут ужесточены, а телефонами можно будет пользоваться лишь в салоне автомобиля.

«Действующая нормативная база не предусматривает прямого запрета на использование средств мобильной связи на территории автозаправочных станций»,— уточнили в МЧС.
[
📡 ](https://t.me/+SkQgmXpzMqFjZjli)[Тренды телекома. Коротко и по делу. Подписывайтесь.](https://t.me/+u7AJNT_CTAwzNTgy)",19287,62,,kommersant
108287,2026-05-29T10:36:15+00:00,"**На месторождении Тенгиз в Казахстане произошла авария**, [сообщает](https://www.kommersant.ru/doc/8706999?tg) Reuters.

Из-за этого нефтедобыча на объекте резко упала — вместо прежних 125 тыс. т она составляет от 5 тыс. до 10 тыс. т. На восстановление объемов добычи нефти требуется около недели.

▪️ [Подписывайтесь на «Ъ» в MAX ](https://max.ru/kommersant)| [в Telegram](https://t.me/+bPtk49gFbCBkYzdi)",19094,29,,kommersant
108286,2026-05-29T10:32:02+00:00,"**Из Москвы в Душанбе начнет курсировать прямой поезд после шестилетнего перерыва**, [сообщили](https://www.kommersant.ru/doc/8706988?tg) в РЖД.

Железнодорожное сообщение возобновится с 21 июня, поезд будет ходить один раз в две недели. Время в пути займет почти четыре дня.

▪️ [Подписывайтесь на «Ъ» в MAX ](https://max.ru/kommersant)| [в Telegram](https://t.me/+bPtk49gFbCBkYzdi)",19446,45,,kommersant
108285,2026-05-29T10:29:14+00:00,"💰 **Медианная зарплата в 500 крупнейших компаниях США составила $7478 в месяц**, [пишет](https://www.kommersant.ru/doc/8706995?tg) Associated Press.

В индекс S&P 500 сейчас входят такие компании, как Airbnb, Alphabet, Amazon, McDonald’s, Kraft Heinz, Lululemon, Nike, Coca-Cola, PepsiCo, Procter & Gamble и другие.

▪️ [Подписывайтесь на «Ъ» в MAX ](https://max.ru/kommersant)| [в Telegram](https://t.me/+bPtk49gFbCBkYzdi)",19461,115,,kommersant
108284,2026-05-29T09:52:38+00:00,"**Топ-менеджера Disney Датерао Джугала Судхира** [**осудили**](https://www.kommersant.ru/doc/8705010?tg)** за провоз мармелада с наркотиками в Шереметьево**. Его приговорили к 2,5 годам колонии.

Он прилетел в Россию из Катара в январе. В зеленом коридоре его остановили для проверки. В его багаже был найден мармелад с наркотиком. Каким именно, не уточняется. На суде мужчина сказал, что вещество ему прописал врач для купирования последствий операции на мозге. 

▪️ [Подписывайтесь на «Ъ» в MAX ](https://max.ru/kommersant)| [в Telegram](https://t.me/+bPtk49gFbCBkYzdi)",40680,322,,kommersant
108283,2026-05-29T09:18:24+00:00,"**Региональное управление Росимущества **[**требует взыскать**](https://www.kommersant.ru/doc/8693320?tg)** 1,5 млн руб. с краснодарского благотворительного фонда «Добрый-Юг»**, где помогают социализироваться детям и взрослым с особенностями ментального развития.

Организация несколько месяцев арендовала помещение в рамках проекта «Доброе место». Затем здание было изъято у владельцев и отошло в казну. Фонду сообщили об этом только через полтора месяца и теперь требуют заплатить 1,5 млн руб. за незаконное использование уже государственного помещения. 

Также Росимущество попросило арестовать счета «Добрый-Юг» в качестве обеспечительной меры, что и было сделано. Организация не может полноценно продолжать свою деятельность, в том числе работать по государственным грантам.

Ситуация грозит закрытием «Добрый-Юг», говорит руководство фонда. Краевая Общественная палата обратилась за разъяснением в федеральное Росимущество.

▪️ [Подписывайтесь на «Ъ» в MAX ](https://max.ru/kommersant)| [в Telegram](https://t.me/+bPtk49gFbCBkYzdi)",78406,164,,kommersant
108282,2026-05-29T08:56:13+00:00,"⭐️⭐️⭐️⭐️⭐️⭐️ **HR-специалистов массово сокращают, выяснил ""Ъ FM""**. Некоторые компании делегируют наем на аутсорс и увольняют сотрудников отдела персонала. Те вынуждены снижать зарплатные ожидания и бороться за любые открывающиеся вакансии в отделах кадров. 

В соцсетях пользователи соревнуются в остроумии относительно кризиса в отрасли. **Об этом ****#стоитпослушать**** в нашем аудиоматериале.👆**

🗣 [Слушать эфир](https://t.me/kfm936?livestream) l [Написать в чат-бот](https://t.me/kmfmbot) l [Подписаться](https://t.me/kfm936)",18188,153,,kommersant
108281,2026-05-29T08:37:01+00:00,"Собственная штаб-квартира — не только статус, но и инструмент для эффективного ведения бизнеса, когда все процессы консолидированы, а инфраструктура и инженерные системы настроены под вас.

Один из редких примеров такой недвижимости на сегодняшнем рынке — 14-этажная башня в составе [JOIS](https://www.mr-group.ru/projects/jois-offices/?utm_source=telegram&utm_medium=ch:1200&utm_campaign=ag:mr_pr:jois,of_sm:1200,telegram_af:post_st:&utm_content=as:_cr:_pl:channel(kommersant)&erid=F7NfYUJCUneVcwX8Jnza), бизнес-центра класса А от MR Office.

Локация. До «Москва-Сити» 7 минут на автомобиле. Рядом — две станции метро («Полежаевская» и «Звенигородская», которая откроется в 2027 году) и МЦК «Хорошево».

Стоимость. Одна из наиболее конкурентных в локации: от 436 тыс. руб. за квадратный метр. Возможность рассрочки и возврат НДС 22%.

Собственная инфраструктура. Девять лифтов, трехуровневый подземный паркинг, лобби с потолками 10 м, летняя терраса, зона столовой. Плюс ландшафтный парк и торговая галерея с кафе, магазинами и ресторанами, амфитеатром и фудкортом в составе БЦ.

Ввод в эксплуатацию запланирован на конец 2028 года, а значит, уже через два года вы сможете разместить здесь свою команду.__

Рекламодатель и застройщик ООО «СЗ “Л2-Девелопмент”».
Рассрочка от застройщика.

____#реклама__",17313,16,,kommersant
108280,2026-05-29T08:33:02+00:00,"▶️ **Владимир Путин поучаствовал в заседании Высшего Евразийского экономического совета в Астане.**

Также в заседании приняли участие президенты Белоруссии, Казахстана и Киргизии Александр Лукашенко, Касым-Жомарт Токаев и Садыр Жапаров.

Армению представляет вице-премьер Мгер Григорян, премьер-министр республики Никол Пашинян от встречи стран ЕАЭС отказался.

Участие Армении в ЕАЭС станет одной из центральных тем обсуждения на заседании. На повестке саммита также доклады о развитии объединения и о совместных планах стран-участниц до 2029 года.

▪️ [Подписывайтесь на «Ъ» в MAX ](https://max.ru/kommersant)| [в Telegram](https://t.me/+bPtk49gFbCBkYzdi)",16167,8,,kommersant
108279,2026-05-29T08:18:43+00:00,"**Национальная ассамблея Франции 28 мая единогласно отменила «Черный кодекс» **— свод королевских указов XVII–XVIII веков, регулировавших рабство во французских колониях.

«Черный кодекс», подготовленный при Людовике XIV, превращал рабов в «движимое имущество», которое можно покупать, продавать, завещать по наследству. Само рабство было отменено еще в 1848 году, но тексты кодекса формально оставались частью французского законодательства.

У каждой старой цивилизации есть собственное кладбище забытых законов — иногда смешных, иногда пугающих, никогда не действующих, но порой, как в случае с «Черным кодексом», неожиданно возвращающихся в самый центр политической жизни.

👉 **Подробности **[**рассказывает**](https://www.kommersant.ru/doc/8693212?tg)** корреспондент «Ъ» во Франции Алексей Тарханов.**

▪️ [Подписывайтесь на «Ъ» в MAX ](https://max.ru/kommersant)| [в Telegram](https://t.me/+bPtk49gFbCBkYzdi)",17348,83,,kommersant
108278,2026-05-29T08:08:23+00:00,"▶️ **Тяжелая ракета-носитель New Glenn американской компании Blue Origin взорвалась на стартовой площадке во Флориде.**

Это произошло около 21:00 по местному времени (04:00 мск). Над пусковым комплексом в момент происшествия поднялся большой огненный шар. В Blue Origin назвали произошедшее «аномалией».

«Очень сложный день, но мы восстановим то, что нужно восстановить, и вернемся к полетам», — написал владелец Blue Origin миллиардер Джефф Безос.

Reuters сообщает, что компания потратила миллиарды долларов и около 10 лет на разработку ракеты, которая призвана конкурировать с семейством ракет Falcon от SpaceX и кораблем Starship. 

▪️ [Подписывайтесь на «Ъ» в MAX ](https://max.ru/kommersant)| [в Telegram](https://t.me/+bPtk49gFbCBkYzdi)",17655,102,,kommersant
108277,2026-05-29T07:44:25+00:00,"**Более 40 тыс. жителей Новороссийска остались без воды из-за** **прорыва на магистральном водоводе**, сообщил городской «Водоканал». По заявкам населения будет организован подвоз воды автоцистернами.

▪️ [Подписывайтесь на «Ъ» в MAX ](https://max.ru/kommersant)| [в Telegram](https://t.me/+bPtk49gFbCBkYzdi)",17659,42,,kommersant
108276,2026-05-29T07:41:52+00:00,"**Дмитрий Песков **[**назвал**](https://www.kommersant.ru/doc/8693306?tg)** Европу участником конфликта с Россией на стороне Украины**.

По его словам, из-за оказания поддержки Киеву европейские страны не могут выступать посредником в мирных переговорах.

«Европейское оружие непосредственно стреляет по нам, и абстрагироваться от этого невозможно. Поэтому, конечно, в таком статусе Европа не может претендовать на посредничество никак», — сказал он.

▪️ [Подписывайтесь на «Ъ» в MAX ](https://max.ru/kommersant)| [в Telegram](https://t.me/+bPtk49gFbCBkYzdi)",41132,110,,kommersant
108275,2026-05-29T07:35:35+00:00,"**МИД Румынии вызвал посла России Владимира Липаева после попадания БПЛА в жилой дом в городе Галац**, сообщила министр иностранных дел Румынии Оана Цойу.

По ее словам, у румынского Минобороны есть подтверждения того, что дрон принадлежал России.

Оана Цойу пригрозила новыми санкциями в отношении России на европейском уровне. Инцидент повлияет на дипломатические отношения между Россией и Румынией, заявила она.

__📷____ Соцсети Оаны Цойу__

▪️ [Подписывайтесь на «Ъ» в MAX ](https://max.ru/kommersant)| [в Telegram](https://t.me/+bPtk49gFbCBkYzdi)",17762,65,,kommersant
108274,2026-05-29T07:22:11+00:00,"**В Новороссийске задержан подозреваемый в подготовке теракта на ж/д в момент прохода пассажирского поезда, **сообщили в ЦОС ФСБ.

Мужчина 1993 года рождения связался с представителем Службы безопасности Украины через Telegram. Тот дал россиянину задание подорвать участок железной дороги, когда там будет ехать поезд.

Злоумышленник изготовил взрывчатое вещество и хранил его по месту жительства. Его задержали во время обследования участка ж/д, где планировалось совершить подрыв. Возбуждено уголовное дело по статье о приготовлении к совершению теракта.

▪️ [Подписывайтесь на «Ъ» в MAX ](https://max.ru/kommersant)| [в Telegram](https://t.me/+bPtk49gFbCBkYzdi)",18464,44,,kommersant
108273,2026-05-29T06:32:26+00:00,"**Федеральная служба судебных приставов **[**намерена**](https://www.kommersant.ru/doc/8693198?tg)** принудительно взыскать с Euroclear Bank 25,4 млрд руб. по 47 исполнительным производствам.**

С октября 2024 года на Euroclear Bank завели исполнительные производства об «иных взысканиях имущественного характера». Их основанием послужили исполнительные листы и судебные приказы, выданные арбитражными судами Москвы, Санкт-Петербурга и Татарстана.

С мая 2024 года у банка также остался неоплаченным исполнительский сбор почти на 14,5 млн руб. Не входят в общую сумму еще 35 исполнительных производств, возбужденных с декабря 2023 года, сумма которых не указана.

▪️ [Подписывайтесь на «Ъ» в MAX ](https://max.ru/kommersant)| [в Telegram](https://t.me/+bPtk49gFbCBkYzdi)",20316,45,,kommersant
108272,2026-05-29T06:07:35+00:00,"**Словакия не поддерживает вступление Украины в Евросоюз до завершения конфликта с Россией**, [заявил](https://www.kommersant.ru/doc/8693218?tg) замглавы правящей партии страны Smer Любош Блаха.

«Прекращение войны — это лишь первое из целого ряда условий, которые должны быть выполнены, чтобы мы могли вообще рассматривать вопрос о вступлении этой страны в ЕС», — сказал он.

▪️ [Подписывайтесь на «Ъ» в MAX ](https://max.ru/kommersant)| [в Telegram](https://t.me/+bPtk49gFbCBkYzdi)",19998,21,,kommersant
108271,2026-05-29T05:37:45+00:00,"**БПЛА, попавший в жилой дом в Румынии, был российским**, заявила министр иностранных дел республики Оана Цойу.

Она назвала инцидент «серьезной и безответственной эскалацией» и обвинила Россию в нарушении международного права.

Министр пообещала принять «необходимые дипломатические меры».

▪️ [Подписывайтесь на «Ъ» в MAX ](https://max.ru/kommersant)| [в Telegram](https://t.me/+bPtk49gFbCBkYzdi)",20899,100,,kommersant
108270,2026-05-29T05:34:18+00:00,"**В Волгоградской области при атаке БПЛА погиб один человек, **сообщил губернатор Андрей Бочаров.** **Еще два человека пострадали.

@kommersant",19545,28,,kommersant
108269,2026-05-29T05:31:28+00:00,"**В США готовят выпуск купюры в $250 с изображением Дональда Трампа, **[сообщает](https://www.kommersant.ru/doc/8693208?tg) ВВС.

Федеральный закон не позволяет печатать деньги с изображением живого человека, но союзники президента США в Конгрессе внесли законопроект, который бы обходил запрет. Инициатива пока не получила одобрение ни Палаты представителей, ни Сената США.

Авторы инициативы заявляют, что новая банкнота будет символизировать 250-летие страны, которое будет отмечаться в этом году.

▪️ [Подписывайтесь на «Ъ» в MAX ](https://max.ru/kommersant)| [в Telegram](https://t.me/+bPtk49gFbCBkYzdi)",19685,104,,kommersant
108268,2026-05-29T05:24:48+00:00,"🗞🗞🗞🗞 **Автопроизводитель «Соллерс» **[**продал**](https://www.kommersant.ru/doc/8692966?tg)** китайской JF Mould 20% в компании**, которая займется выпуском кузовных деталей и рам для пикапов и внедорожников Sollers в Ульяновске.

Сделка позволит специализирующейся на выпуске штамповой оснастки компании из КНР получить доступ к заказам и будущей прибыли, а «Соллерсу» — к технологиям.

#Ъузнал",18964,36,,kommersant
108267,2026-05-29T05:20:47+00:00,"**Перебои с поставками через Ормузский пролив ухудшили экономические перспективы стран Персидского залива**, свидетельствует обзор консалтинговой компании PwC. 

Теперь предполагается, что экономика региона в текущем году вырастет лишь на 1,8% вместо ранее ожидавшихся 4,4%.

Эксперты описывают нынешний кризис как один из самых серьезных стресс-тестов для стран Персидского залива за последние годы.

**__👉__****__ Подробности — в __**[**__материале__**](https://www.kommersant.ru/doc/8693038?tg)**__ «Ъ».__**

▪️ [Подписывайтесь на «Ъ» в MAX ](https://max.ru/kommersant)| [в Telegram](https://t.me/+bPtk49gFbCBkYzdi)",17868,15,,kommersant
108266,2026-05-29T05:05:46+00:00,"В Астане с участием глав нескольких государств ЕАЭС прошел Евразийский экономический форум, темой которого стал искусственный интеллект и его последствия для жизни человека.

Специальный корреспондент «Ъ» Андрей Колесников считает, что хедлайнером дискуссии стал президент Белоруссии Александр Лукашенко, который, как говорится, порвал всех.

👉 Как Александр Лукашенко рассказал про искусственный интеллект на уроке информатики для коллег — в [материале](https://www.kommersant.ru/doc/8693142?tg).

▪️ [Подписывайтесь на «Ъ» в MAX ](https://max.ru/kommersant)| [в Telegram](https://t.me/+bPtk49gFbCBkYzdi)",17428,56,,kommersant
108265,2026-05-29T05:01:07+00:00,"📰 **Эксклюзивные материалы свежего номера газеты «Коммерсантъ»:**

🔵 Потребители [переходят](https://www.kommersant.ru/doc/8692935?tg) с огурцов и томатов на капусту и картофель.

🔵 Холдинг «Адамант» [выкупает](https://www.kommersant.ru/doc/8692915?tg) с торгов более 42,6 га в Клинском районе Подмосковья за 167,1 млн руб.

🔵 Долю в маркетплейсе Ozon [могут получить](https://www.kommersant.ru/doc/8692714?tg) структуры «Сбера».

🔵 Тайский гостиничный оператор Dusit International [планирует](https://www.kommersant.ru/doc/8692953?tg) открыть 22 отеля в России.

🔵 Валерию Федякину (Битмама) и инвестора [обвиняют](https://www.kommersant.ru/doc/8692963?tg) в незаконном доходе на 5,6 млрд руб.

🔵 Отставной генерал ВВС [обвиняется](https://www.kommersant.ru/doc/8693022?tg) в мошенничестве со средствами вкладчиков.

🔵 Сервис доставки цветов Flowwow [отказался](https://www.kommersant.ru/doc/8692653?tg) от продажи своего бизнеса «Яндексу».

🔵 YouTube [начал](https://www.kommersant.ru/doc/8691502?tg) ограничивать в России доступ к некоторым видео для пользователей с включенным VPN.

__👉____ Читайте другие эксклюзивные заметки __[__на сайте __](https://www.kommersant.ru/daily/166382?tg)__«Ъ».__

#Ъузнал",78862,140,,kommersant
108264,2026-05-29T04:28:40+00:00,"**Силы ПВО за ночь уничтожили 208 БПЛА над регионами России и акваторией Азовского моря**, сообщили в Минобороны.

▪️ [Подписывайтесь на «Ъ» в MAX ](https://max.ru/kommersant)| [в Telegram](https://t.me/+bPtk49gFbCBkYzdi)",16891,6,,kommersant
108263,2026-05-29T04:08:14+00:00,"🗞🗞🗞🗞 **Тайский гостиничный оператор Dusit International **[**планирует**](https://www.kommersant.ru/doc/8692953?tg)** открыть 22 отеля в России. **Это позволит компании войти в топ-10 отельеров страны.

Ее продвижением в России займется бывший региональный директор Accor Алексис Деларофф.

У собственников гостиниц сохраняется запрос на привлечение зарубежных операторов, но работать готовы лишь игроки второго эшелона, говорят эксперты.

#Ъузнал",18342,44,,kommersant
108262,2026-05-29T04:00:30+00:00,"**⛅️**** Главные новости к утру**

🔸 Беспилотник [врезался](https://www.kommersant.ru/doc/8693148?tg) в жилой дом в Румынии. По предварительной информации, пострадали два человека.

🔸 США [продлили](https://www.kommersant.ru/doc/8693110?tg) срок продажи зарубежных активов ЛУКОЙЛа до июня.

🔸 На юге Ирана [сбили](https://www.kommersant.ru/doc/8693121?tg) американский беспилотник.

🔸 США [ввели](https://www.kommersant.ru/doc/8693151?tg) новые санкции против Ирана.

🔸 Премьер-министр Венгрии Петер Мадьяр [заявил](https://www.kommersant.ru/doc/8693126?tg) об отказе Венгрии поставлять оружие Украине.

🔸 Сборная России по футболу [проиграла](https://www.kommersant.ru/doc/8693118?tg) Египту в товарищеском матче.

🔸 Агрохолдинг «Русагро» [перешел](https://www.kommersant.ru/doc/8693122?tg) в управление к Россельхозбанку.

🔸 В Волгограде БПЛА [влетел](https://www.kommersant.ru/doc/8693123?tg) в жилой дом. В Ростовской области за ночь сбили более 80 беспилотников.

#главноекутру",18778,14,,kommersant
108261,2026-05-29T03:58:53+00:00,"Более 80 БПЛА сбили за ночь в Ростовской области, сообщил губернатор Юрий Слюсарь.

«Информация о пострадавших и разрушениях на земле не поступала. Будет уточняться», — уточнил глава региона.

@kommersant",16415,7,,kommersant
108260,2026-05-29T03:44:01+00:00,"Европа должна находиться за столом переговоров между Россией и Украиной в качестве еще одной стороны, [заявила](https://www.kommersant.ru/doc/8693152?tg) глава МИД Финляндии Элина Валтонен.

«Мы стремимся к справедливому и прочному миру на Украине. Европа должна играть роль за столом переговоров — не как нейтральный посредник, а как сторона, имеющая собственные интересы»,— написала госпожа Валтонен в соцсети X.

Она добавила, что переговоры должны начаться с полного прекращения огня. Также дипломат заявила, что сторонам потребуется поработать над тем, чтобы восстановить доверие друг к другу.

▪ [Подписывайтесь на «Ъ» в MAX |](https://max.ru/kommersant) [в Telegram](https://t.me/+bPtk49gFbCBkYzdi)",17337,14,,kommersant
108259,2026-05-29T03:19:22+00:00,"🗞🗞🗞🗞 **Потребители переходят с огурцов и томатов на капусту и картофель**

По итогам января—марта 2026 года продажи сладкого перца в российской рознице снизились на 11% год к году, огурцов — на 9,1%, моркови — на 4,2%, томатов — на 3%, лука — на 1%., следует из данных NTech, [с которыми ознакомился «Ъ».](https://www.kommersant.ru/doc/8692935?tg)

Потребители стали чаще отказываться от более дорогих и сезонных категорий в пользу картофеля и капусты — наиболее бюджетных, универсальных и долго хранящихся продуктов.

По словам экспертов, на спросе сказалось в том числе общее замедление роста реальных доходов домохозяйства, что вынудило потребителей внимательнее относиться к цене.

#Ъузнал",17749,134,,kommersant
108258,2026-05-29T02:39:13+00:00,"**США ввели новые санкции против Ирана**

Минфин США [добавил в черные списки](https://www.kommersant.ru/doc/8693151?tg) 16 юрлиц, восемь нефтяных танкеров и одного гражданина Индии. По данным Вашингтона, все они связаны с поставками нефти в интересах Тегерана.

В американском управлении по контролю за иностранными активами (OFAC) объяснили, что новые меры направлены на борьбу с теневой торговлей. Доходы от нее идут на финансирование иранского военного сектора, утверждают там.

▪ [Подписывайтесь на «Ъ» в MAX |](https://max.ru/kommersant) [в Telegram](https://t.me/+bPtk49gFbCBkYzdi)",16883,17,,kommersant
108257,2026-05-29T02:13:48+00:00,"**Пентагон заявил об угрозе военным США от рекламных трекеров,** [сообщает Reuters](https://www.kommersant.ru/doc/8693144?tg) со ссылкой на письмо ведомства.

Центральное командование США (CENTCOM) зафиксировало многочисленные отчеты об угрозах, связанных с использованием противником коммерческих данных о геолокации для слежки и наведения ударов на американских военных.

Эта информация позволяет противникам вычислять места дислокации, маршруты и график перемещения войск, а также используются ими в целях контрразведки, объясняет агентство. 

▪ [Подписывайтесь на «Ъ» в MAX |](https://max.ru/kommersant) [в Telegram](https://t.me/+bPtk49gFbCBkYzdi)",16990,22,,kommersant
108256,2026-05-29T01:42:31+00:00,"Минсельхоз [предлагает](https://www.kommersant.ru/doc/8693055?tg) правительству запустить с 2027 года пилотный проект по разработке адаптивно-ландшафтных систем земледелия. 

На первом этапе такие системы будут разрабатываться для семи регионов, в перспективе же они могут стать обязательными для всех субъектов РФ.

Основная цель — повышение плодородия почв, вовлечение в сельхозоборот неиспользуемых земель и увеличение эффективности АПК в целом.

▪ [Подписывайтесь на «Ъ» в MAX |](https://max.ru/kommersant) [в Telegram](https://t.me/+bPtk49gFbCBkYzdi)",17491,32,,kommersant
108255,2026-05-29T01:06:00+00:00,"**В городе Галац на востоке Румынии беспилотник влетел в жилой многоэтажный дом**, [сообщили](https://www.kommersant.ru/doc/8693148?tg) в Инспекторате по чрезвычайным ситуациям. При столкновении раздался взрыв. В одной из квартир начался пожар.

По предварительной информации, пострадали два человека. Из дома были эвакуированы около 70 жильцов, часть из них покинула здание самостоятельно.

@kommersant",18582,57,,kommersant
108254,2026-05-29T00:05:07+00:00,"🗞🗞🗞🗞** Холдинг «Адамант» выкупает с торгов более 42,6 га в Клинском районе Подмосковья за 167,1 млн руб.**, [выяснил «Ъ».](https://www.kommersant.ru/doc/8692915?tg)

Это активы из портфеля бывшего гендиректора российского подразделения Ehrmann Акселя Хартманна, признанного банкротом.

Участки могли понадобиться «Адаманту» с целью расширения производства и строительства инфраструктуры для Борского и Клинского стекольных заводов.

#Ъузнал",18428,24,,kommersant
108253,2026-05-28T23:20:21+00:00,"Вице-президент США Джей Ди Вэнс заявил о прогрессе в переговорах с Ираном.

«Мы действительно считаем, что они ведут переговоры — по крайней мере, пока что — добросовестно, и мы продвигаемся вперед»,— сказал он журналистам.

▪️ [Подписывайтесь на «Ъ» в MAX ](https://max.ru/kommersant)| [в Telegram](https://t.me/+bPtk49gFbCBkYzdi)",18479,15,,kommersant
108252,2026-05-28T22:30:50+00:00,"**Агрохолдинг «Русагро» перешел в управление к структуре Россельхозбанка** — ООО «РСХБ — Финанс», [указано](https://www.kommersant.ru/doc/8693122?tg) в данных ЕГРЮЛ.

Изменение в реестр внесли 28 мая. Согласно записи в реестре, структура получила статус управляющей организации холдинга.

▪️ [Подписывайтесь на «Ъ» в MAX ](https://max.ru/kommersant)| [в Telegram](https://t.me/+bPtk49gFbCBkYzdi)",19715,125,,kommersant
108251,2026-05-28T22:06:05+00:00,"Беспилотник влетел в многоквартирный дом в Волгограде, сообщил губернатор Андрей Бочаров.

«По предварительным данным, повреждено остекление балконов, пострадавших и возгораний не зафиксировано»,— уточнил глава региона.

Как заявил губернатор, силы ПВО отражают массированную атаку БПЛА в Волгоградской области.

@kommersant",19789,61,,kommersant
108250,2026-05-28T21:44:23+00:00,"**На юге Ирана сбили американский беспилотник**

Иранские военные сбили летательный аппарат в провинции Бушир на юге страны. Об этом в эфире гостелерадио сообщил глава округа Джем Масуд Тангестани.

Агентство Tasnim пишет, что уничтоженная цель была американским беспилотником. Дрон был сбит зенитной ракетой, заявили агентству в военных кругах. Господин Тангестани сообщил, что к разрушениям или жертвам происшествие не привело.

▪️ [Подписывайтесь на «Ъ» в MAX ](https://max.ru/kommersant)| [в Telegram](https://t.me/+bPtk49gFbCBkYzdi)",19818,8,,kommersant
108249,2026-05-28T20:29:41+00:00,"**США продлили срок продажи зарубежных активов ЛУКОЙЛа до 27 июня**, [следует](https://www.kommersant.ru/doc/8693110?tg) из документа Управления по контролю за зарубежными активами Минфина США (OFAC).

Лицензию выдали в октябре 2025 года, ее продлевали несколько раз, последний — в конце апреля 2026 года. Документ позволяет вести переговоры о продаже, отчуждении или передаче Lukoil International GmbH.

▪️ [Подписывайтесь на «Ъ» в MAX ](https://max.ru/kommersant)| [в Telegram](https://t.me/+bPtk49gFbCBkYzdi)",20409,40,,kommersant
108248,2026-05-28T19:42:51+00:00,"**Минфин США **[**исключил**](https://www.kommersant.ru/doc/8693100?tg)** из списков антироссийских санкций покойных депутатов и сенаторов, а также два танкера**.

Пресс-служба американского Минфина отметила, что власти исключили из списка в общей сложности 76 позиций. Среди них — «умершие лица, списанные или выведенные из эксплуатации суда» и лица, внесенные в списки более 10 лет.

▪️ [Подписывайтесь на «Ъ» в MAX ](https://max.ru/kommersant)| [в Telegram](https://t.me/+bPtk49gFbCBkYzdi)",27296,24,,kommersant
108247,2026-05-28T19:33:23+00:00,"Коллегия присяжных Краснодарского краевого суда единогласно [признала](https://www.kommersant.ru/doc/8693099?tg) Демьяна Кеворкьяна, Анатолия Двойникова и Арама Татосяна виновными в убийстве аниматоров Кирилла Чубко и Татьяны Мостыко, совершенном в апреле 2023 года. Все трое признаны не заслуживающими снисхождения.

Трагедия произошла, когда молодые люди возвращались с праздничного банкета, где работали аниматорами и устраивали шоу ростовых кукол. У их машины Hyundai прокололось колесо. Бандиты, промышлявшие разбоями на трассах, предложили помощь, а затем напали, связали жертв скотчем и несколько часов возили по станицам, снимая деньги с их карт. После этого аниматоров зарезали и закопали тела в лесополосах.

Следствие установило, что лидером был ранее судимый за разбой Демьян Кеворкьян. Именно он разработал план нападений, купил старый «ВАЗ» и втянул приятелей. Двойников и Татосян признали вину и раскаялись, Кеворкьян свою вину отрицает и утверждает, что его оговаривают.

📷 __Пресс-служба судов Краснодарского края__

▪️ [Подписывайтесь на «Ъ» в MAX ](https://max.ru/kommersant)| [в Telegram](https://t.me/+bPtk49gFbCBkYzdi)",20305,34,,kommersant
108246,2026-05-28T19:08:09+00:00,"**В Госдуму **[**внесен**](https://www.kommersant.ru/doc/8675018?tg)** проект, предлагающий прописать в российском законодательстве аналог «правила Болар»**, способный помочь производителям дженериков. За последние годы это третья попытка утвердить законодательно новое правило.

В случае его принятия фармкомпании смогут быстрее выводить на рынок свои дешевые аналоги препаратов после истечения патентной защиты оригинальных средств.

Как отмечает автор российского законопроекта Ирина Филатова, в РФ есть правовая неопределенность по поводу того, что фармпроизводители могут делать с чужими запатентованными изобретениями. Не до конца ясно, как и когда можно регистрировать воспроизведенный препарат, а также предельную цену на него.

Как заявила «Ъ» Ирина Филатова, первое чтение проекта может пройти в середине июля либо осенью при новом созыве Госдумы.

▪️ [Подписывайтесь на «Ъ» в MAX ](https://max.ru/kommersant)| [в Telegram](https://t.me/+bPtk49gFbCBkYzdi)",19174,36,,kommersant
108245,2026-05-28T19:00:08+00:00,"🌒 **Главные новости к вечеру **

▪️ Владимир Путин [провел](https://www.kommersant.ru/doc/8692025?tg) переговоры с Касым-Жомартом Токаевым. 

▪️ Россия [ограничивает](https://www.kommersant.ru/doc/8692331?tg) ввоз плодов и овощей из Армении.

▪️ В ООН [призвали](https://www.kommersant.ru/doc/8692622?tg) расследовать атаку на колледж в Старобельске и привлечь виновных к ответственности.

▪️ США и Иран согласовали текст 60-дневного меморандума, [пишет](https://www.kommersant.ru/doc/8692768?tg) Axios.

▪️ Здание суда [повреждено](https://www.kommersant.ru/doc/8691886?tg) при атаке БПЛА в Нижнем Новгороде.

▪️ ИИ уже заменяет сотрудников младшего звена, [заявил](https://www.kommersant.ru/doc/8692920?tg) Владимир Путин.

#главноеквечеру",19210,7,,kommersant
108244,2026-05-28T18:46:49+00:00,"**ЦБ **[**планирует ограничить**](https://www.kommersant.ru/doc/8692677?tg)** вложения банков в криптоактивы 1% от капитала банковской группы.**

По мнению регулятора, даже полная потеря цифровой валюты в таком размере не будет опасной. В абсолютных цифрах общие потенциальные вложения банков смогут превысить 200 млрд руб.

Однако участники рынка ожидают, что реальный размер таких инвестиций будет в разы меньше: владение криптоактивами сопряжено со значительными рисками и необходимостью создания 100-процентных резервов.

▪️ [Подписывайтесь на «Ъ» в MAX ](https://max.ru/kommersant)| [в Telegram](https://t.me/+bPtk49gFbCBkYzdi)",18875,18,,kommersant
108243,2026-05-28T18:33:04+00:00,"Суд в Москве [арестовал](https://www.kommersant.ru/doc/8693036?tg) директора департамента государственной политики в области автомобильного и городского пассажирского транспорта Минтранса России Александра Васильченко.

По версии следствия, чиновник получил взятку в период с 2021 по 2022 год.

▪️ [Подписывайтесь на «Ъ» в MAX ](https://max.ru/kommersant)| [в Telegram](https://t.me/+bPtk49gFbCBkYzdi)",18988,47,,kommersant
108242,2026-05-28T18:24:04+00:00,"🗞🗞🗞🗞 «Ъ» [стали известны](https://www.kommersant.ru/doc/8692963?tg) подробности нового уголовного дела о незаконной банковской деятельности, которую следствие инкриминировало 31-летней Валерии Федякиной, известной как Битмама.

Она уже осуждена на семь лет за мошенничество на 2,2 млрд руб., а потерпевшим по ее делу был инвестор Гагик Гулакян.

Теперь же их обоих обвиняют в извлечении незаконного дохода в разной валюте на сумму более 5,6 млрд руб. Оба вину отрицают, защита Битмамы считает, что ее дважды незаконно привлекли к уголовной ответственности за одно и то же деяние.

#Ъузнал",20083,19,,kommersant
108241,2026-05-28T17:54:24+00:00,"🗞🗞🗞🗞 От 6,5 до девяти лет лишения свободы грозит троим руководителям двух зарегистрированных в Сингапуре фирм, среди них генерал-майор ВВС в отставке Николай Федюкович. 

Обвинение считает их организаторами финансовой пирамиды, жертвами которой стали более полутора сотен бывших коллег военного летчика, а нанесенный потерпевшим ущерб оценивается в сумму порядка 300 млн руб.

**__👉__****__ Подробности — в __**[**__эксклюзивном материале__**](https://www.kommersant.ru/doc/8693022?tg)**__ «Ъ».__**

#Ъузнал",25897,26,,kommersant
108240,2026-05-28T17:35:43+00:00,"**Лери Губкин назначен гендиректором «ТрансТелеКома»**, [сообщили](https://www.kommersant.ru/doc/8693024?tg) «Ъ» в пресс-службе компании.

Ранее с 2018 года должность занимал Роман Кравцов. Господин Губкин заявил, что на посту планирует активно внедрять передовые технологические решения и усиливать позиции компании на перспективных рынках.

Лери Губкин начал свою карьеру в ПАО «МегаФон», после этого работал на руководящих позициях в ПАО «Ростелеком». В «ТрансТелеКом» он перешел в 2025 году.

📷 __Пресс-служба АО «Компания ТрансТелеКом»__

📡 [Сети меняются. Мы следим. Подписывайтесь](https://t.me/+SkQgmXpzMqFjZjli).",18142,48,,kommersant
108239,2026-05-28T17:26:39+00:00,"Государственный визит Владимира Путина в Казахстан был организован на высоком художественном уровне.

Во Дворце независимости, где собрались члены делегаций, всем было скучновато в ожидании президентов. Да еще и сам дворец угнетает своими размерами, то есть его величие в какой-то момент начинает работать, такое впечатление, против него.

Скучновато было до тех пор, пока на огромном экране во всю стену чудовищных размеров не начали вдруг транслировать движение кортежа Владимира Путина по улицам Казахстана.

👉 **Подробности **[**зафиксировал**](https://www.kommersant.ru/doc/8692775?tg)** специальный корреспондент «Ъ» Андрей Колесников.**

__📷____ Дмитрий Азаров, Коммерсантъ__

▪️ [Подписывайтесь на «Ъ» в MAX ](https://max.ru/kommersant)| [в Telegram](https://t.me/+bPtk49gFbCBkYzdi)",18016,31,,kommersant
108238,2026-05-28T17:00:53+00:00,"**Сервис доставки цветов Flowwow отказался от продажи своего бизнеса «Яндексу», **[стало известно](https://www.kommersant.ru/doc/8692653?tg) «Ъ».

По словам источников, Flowwow не устроили предложенные «Яндексом» финансовые условия сделки.

Однако владельцы бизнеса, оцениваемого в 10–15 млрд руб., готовы рассмотреть предложения других инвесторов, утверждают в компании.

📡 [Сети меняются. Мы следим. Подписывайтесь](https://t.me/+SkQgmXpzMqFjZjli).",17882,103,,kommersant
108237,2026-05-28T16:52:46+00:00,"41-летняя теннисистка Вера Звонарева — самая опытная участница Открытого чемпионата Франции, продолжающегося в Париже.

Занимая 29-е место в парном рейтинге Женской теннисной ассоциации (WTA), она в парном разряде вместе с немкой Лаурой Зигемунд уже вышла во второй круг, а в миксте выступит с французом Альбано Оливетти.

👉 В [интервью](https://www.kommersant.ru/doc/8692522?tg) «Ъ» пятикратная победительница чемпионатов Большого шлема в различных разрядах поделилась секретами своего спортивного долголетия и рассказала, как ей играется на Roland Garros спустя 24 года после дебюта на этом турнире.

▪️ [Подписывайтесь на «Ъ» в MAX ](https://max.ru/kommersant)| [в Telegram](https://t.me/+bPtk49gFbCBkYzdi)",20812,22,,kommersant
108236,2026-05-28T16:16:45+00:00,"🗞🗞🗞🗞 **КПРФ продолжит работу с порталом «Пикабу»**, [заявили](https://www.kommersant.ru/doc/8692777?tg) «Ъ» в Компартии.

Пауза в активности аккаунта связана с желанием «скорректировать коммуникационную стратегию с учетом специфики площадки», пояснил глава комиссии ЦК КПРФ по информационным технологиям Марат Музаев.

«Важно, как выстраивается общение с аудиторией, как ведется дискуссия. Вопросы (в комментариях. — “Ъ”) очень серьезные, злободневные, на которые вот так легкомысленно и быстро ответить очень сложно», — сказал он.

Коммунисты обратили внимание на «странную ситуацию»: несколько постов партийного аккаунта, собравших большое количество просмотров и реакций, «должны были попадать во вкладку ""горячее"", но этого не произошло».

«Является ли это ""теневым баном"", особенностями работы алгоритмов или спецификой модерации — утверждать не беремся», — отметил Марат Музаев.

#Ъузнал",30052,94,,kommersant
108235,2026-05-28T15:53:26+00:00,"🗞🗞🗞🗞 **Структуры «Сбера» ведут переговоры о вхождении в состав совладельцев Ozon,** [стало известно](https://www.kommersant.ru/doc/8692714?tg) «Ъ».

Речь идет о пакете АФК «Система» стоимостью более 30 млрд руб., который может перейти финансовой организации в счет существующего долга. Сейчас ее доля составляет 31,8%. 

Вхождение в состав акционеров Ozon позволит «Сберу» получить доступ к клиентской базе маркетплейса, а «Системе» снизить долговую нагрузку: чистый корпоративный долг АФК оценивается в 368,2 млрд руб.

#Ъузнал",20957,367,,kommersant
108234,2026-05-28T15:33:56+00:00,"**Целые профессии могут исчезнуть из-за внедрения компьютерного разума**, ИИ уже заменяет сотрудников младшего звена, заявил Владимир Путин, выступая на Евразийском экономическом форуме.

**Другие **[**заявления**](https://www.kommersant.ru/doc/8692920?tg)** президента: **

🔹 Сценарий, когда миллионы людей в мире будут вынуждены сменить профессию из-за ИИ, реален.

🔹 Нужно быть готовыми к переменам из-за развития ИИ, лучше использовать их как драйвер экономического роста. 

🔹 Президент предложил провести в 2027 году в России встречу на высоком уровне по развитию суверенных моделей ИИ.

🔹 Развитие ИИ требует большого финансирования, и Россия в состоянии выделить на это необходимые ресурсы.

🔹 Россия — одна из немногих стран, которая создает суверенные платформы в сфере ИИ.

🔹 РФ осознает, что объединение усилий с партнерами в сфере искусственного интеллекта может дать колоссальный результат.

▪️ [Подписывайтесь на «Ъ» в MAX ](https://max.ru/kommersant)| [в Telegram](https://t.me/+bPtk49gFbCBkYzdi)",20222,106,,kommersant
108233,2026-05-28T15:01:54+00:00,"**Туристы остались за бортом**

Тысячи российских туристов застряли в Турции или лишились отпуска из-за запрета на полеты Air Anka. В летнем расписании, которое составляют авиаслужбы двух стран, не было чартерных рейсов перевозчика. В Росавиации пояснили, что в интересах туристов было выдано дополнительное разрешение только до 25 мая. Однако авиакомпания договорилась с оператором Anex Tour о полетах вплоть до конца октября.

💬 **Марина Заботина**, __пострадавшая:__ 
«Мы не улетели. 26 мая у нас был запланирован вылет на 12:10, позже его несколько раз переносили. Мы нашли представителя авиакомпании Air Anka, который нам сообщает, что рейс вообще будет отменен. В Anex было не дозвониться. Мы уже выселились из гостиницы, которую сняли из-за переносов, не понимали, куда ехать — то ли домой, то ли в аэропорт. На что туроператор ответил: ""Если вы поедете домой, то вы потеряете деньги, Anex вам ничего не вернет"". Нам предложили полететь из Сочи. Мы три дня пробыли в аэропорту Краснодара, все деньги потратили».

💬 **Маргарита Еремеева**, __адвокат Клуба защиты прав туристов:__ 
«Это зона ответственности туроператора. Во многих договорах на реализацию турецкого турпродукта, который считается комплексной услугой, даже не указан конкретный перевозчик и тем более конкретный рейс. Перевозка может быть просто из пункта ""А"" в пункт ""Б"" в определенный срок. Если авиакомпания не может исполнить свои обязательства, туроператор должен решить эту проблему: найти альтернативного перевозчика. А если он этого сделать не может, то обязан вернуть деньги и возместить убытки».

🗣 [Слушать эфир](https://t.me/kfm936?livestream) l [Написать в чат-бот](https://t.me/kmfmbot) l [Подписаться](https://t.me/kfm936)",19126,61,,kommersant
108232,2026-05-28T14:51:29+00:00,"**США и Иран согласовали проект 60-дневного меморандума о прекращении огня и запуске переговоров по ядерной программе**, сообщил Axios.

Документ предполагает свободный проход по Ормузскому проливу без пошлин и задержаний судов.

Иранская сторона также обязуется разминировать морской коридор за 30 дней. США, согласно проекту, должны обсудить с Ираном разморозку его активов и смягчение санкций. В меморандуме также упоминается механизм, который поможет Ирану начать получать гуманитарную помощь. 

▪️ [Подписывайтесь на «Ъ» в MAX ](https://max.ru/kommersant)| [в Telegram](https://t.me/+bPtk49gFbCBkYzdi)",18913,27,,kommersant
108231,2026-05-28T14:41:16+00:00,"**Фридриху Мерцу присматривают замену**

Спустя год после прихода к власти канцлера Фридриха Мерца правительство Германии, как и правящая Христианско-демократическая партия, [находятся](https://www.kommersant.ru/doc/8692678?tg) в кризисе.

Последний опрос института общественного мнения INSA дает ХДС рейтинг около 22%, тогда как поддержка крайне правой «Альтернативы для Германии» достигает 29%.

Это породило слухи о скорой смене канцлера. Потенциальным преемником называют премьер-министра земли Северный Рейн—Вестфалия Хендрика Вюста.

В окружении самого канцлера такой сценарий отрицают. Причем сама процедура — не самый простой вариант, который вряд ли моментально решит проблемы действующего правительства.

▪️ [Подписывайтесь на «Ъ» в MAX ](https://max.ru/kommersant)| [в Telegram](https://t.me/+bPtk49gFbCBkYzdi)",22703,26,,kommersant
108230,2026-05-28T14:30:33+00:00,"**США наращивают военную группировку для возможного вторжения на Кубу,** [пишет](https://www.kommersant.ru/doc/8692613?tg) Politico.

По данным издания, осталось лишь получить окончательное одобрение Дональда Трампа. 

▪️ [Подписывайтесь на «Ъ» в MAX ](https://max.ru/kommersant)| [в Telegram](https://t.me/+bPtk49gFbCBkYzdi)",18694,53,,kommersant
108229,2026-05-28T14:00:25+00:00,"**Удар по военным объектам в Киеве может произойти в любой момент**, заявил Сергей Шойгу на Международном форуме по безопасности.

«Мы предупредили. Какой силы может быть удар — мы тоже показали. У нас для этого есть все», — сказал он.

Он отметил, что предупреждение послам покинуть Киев было сделано «совершенно серьезно и осознанно».

▪️ [Подписывайтесь на «Ъ» в MAX ](https://max.ru/kommersant)| [в Telegram](https://t.me/+bPtk49gFbCBkYzdi)",19918,71,,kommersant
108228,2026-05-28T13:37:34+00:00,"**ООН включила израильские учреждения в черный список организаций, причастных к сексуальному насилию в зонах конфликтов**, заявил постпред Израиля при ООН Дани Данон.

В черный список входят «Хамас» и другие террористические группировки. 

«У каждого, кто способен включить Израиль в один и тот же список с террористами и насильниками из ""Хамас"", отсутствует чувство морали», — заявил господин Данон.

Ранее The New York Times опубликовала статью о сексуальном насилии над палестинскими заключенными со стороны израильских солдат и поселенцев.

▪️ [Подписывайтесь на «Ъ» в MAX ](https://max.ru/kommersant)| [в Telegram](https://t.me/+bPtk49gFbCBkYzdi)",19260,54,,kommersant
108227,2026-05-28T13:34:02+00:00,"**В ООН призвали расследовать атаку на колледж в Старобельске и привлечь виновных к ответственности**.

«Я глубоко сожалею о недавней гибели и ранениях мирных жителей. Я призываю российские и украинские власти провести оперативные, независимые и эффективные расследования и привлечь виновных к ответственности», — сказал верховный комиссар ООН по правам человека Фолькер Тюрк.

Он предостерег Россию и Украину от дальнейшей эскалации, призвал стороны продолжить переговоры.

ВСУ ударили по колледжу и общежитию в ЛНР в ночь на 22 мая, погиб 21 человек. СКР возбудил уголовное дело о теракте.

@kommersant",28491,27,,kommersant
108226,2026-05-28T13:21:02+00:00,"**Иностранца приговорили к 20 годам лишения свободы за подготовку теракта в Ессентуках**, сообщает прокуратура региона.

Установлено, что подсудимый — сторонник радикальных взглядов, он действовал по заданию неустановленного участника террористической организации.

В январе 2025 года он планировал взорвать объект ж/д инфраструктуры с помощью самодельного взрывного устройства.

▪️ [Подписывайтесь на «Ъ» в MAX ](https://max.ru/kommersant)| [в Telegram](https://t.me/+bPtk49gFbCBkYzdi)",19131,12,,kommersant
108225,2026-05-28T13:08:53+00:00,"**Беспилотники атаковали три танкера у побережья Турции в Черном море**, сообщает Reuters. Экипажи эвакуировали, никто не пострадал.

Речь идет о танкерах, предназначенных для перевозки сырой нефти. James II (под флагом Палау) был атакован в 80 км от береговой линии района Тюркели, Altura и Velora (под флагами Сьерра-Леоне) попали под удар во время перевалки сырья между судами.

Согласно информации на ресурсе Marinetraffic, одно судно следовало из Новороссийска в Стамбул.

▪️ [Подписывайтесь на «Ъ» в MAX ](https://max.ru/kommersant)| [в Telegram](https://t.me/+bPtk49gFbCBkYzdi)",19275,47,,kommersant
108224,2026-05-28T12:48:36+00:00,"**Продажу бензина, дизеля и лакокрасочных материалов** **детям **[**запретили**](https://www.kommersant.ru/doc/8692524?tg)** в Новосибирской области.**

Исключение сделано для подростков старше 16 лет, имеющих водительские удостоверения.

«Инициатива обусловлена случаями вовлечения несовершеннолетних в противоправную деятельность, связанную с поджогами имущества при помощи различных легковоспламеняющихся жидкостей», — сказал областной прокурор Александр Бучман.

Запрет на продажу топлива уже действует в Волгоградской, Пензенской, Вологодской, Ярославской и Ленинградской областях, Приморском крае, Татарстане и Чувашии. С 1 сентября меры заработают в Московской и Астраханской областях и в Забайкальском крае.

▪️ [Подписывайтесь на «Ъ» в MAX ](https://max.ru/kommersant)| [в Telegram](https://t.me/+bPtk49gFbCBkYzdi)",19586,28,,kommersant
108223,2026-05-28T12:41:17+00:00,"**Суд приговорил личного помощника Мэттью Перри Кеннета Ивамасу к трем годам и пяти месяцам лишения свободы и штрафу**, [пишет](https://www.kommersant.ru/doc/8692324?tg) ВВС.

Ранее он признал, что ввел актеру оказавшуюся смертельной дозу кетамина. Он закупал вещество и вводил актеру дозы, не имея при этом медицинского образования. В день смерти Мэттью Перри он ввел ему минимум три дозы кетамина по просьбе актера.

▪️ [Подписывайтесь на «Ъ» в MAX ](https://max.ru/kommersant)| [в Telegram](https://t.me/+bPtk49gFbCBkYzdi)",19376,36,,kommersant
108222,2026-05-28T12:13:41+00:00,"**Сотруднику Института философии РАН Светлане Месяц предъявили обвинение в особо крупном мошенничестве**, сообщил «Ъ» источник.

По версии следствия, при реализации научного проекта «Наследие Аристотеля» похищены 16 млн руб., выделенных на него из бюджетных средств.

54-летняя Светлана Месяц — кандидат философских наук, специализируется на античной философии и истории аристотелизма. Ученый вину не признала. По указанной статье (ч. 4 ст. 159 УК) философу грозит до 10 лет лишения свободы.

**__👉__****__ Подробности — в __**[**__материале__**](https://www.kommersant.ru/doc/8692394?tg)**__ «Ъ».__**

▪️ [Подписывайтесь на «Ъ» в MAX ](https://max.ru/kommersant)| [в Telegram](https://t.me/+bPtk49gFbCBkYzdi)",80135,307,,kommersant
108221,2026-05-28T11:56:15+00:00,"**В Латвии начали устанавливать пирамидальные бетонные заграждения («зубы дракона») у границы с Россией,** передает латвийская гостелерадиокомпания LSM.

Власти изъяли земельные участки вдоль границы у частных лиц для нужд гособороны. В дальнейшем в Латвии планируют выкопать противотанковые рвы на приграничных территориях.

Возведение и доставку заграждений к местам размещения Латвия начала еще в 2024 году, но их физическая установка на местах была запланирована на 2025 год. 

▪ [Подписывайтесь на «Ъ» в MAX |](https://max.ru/kommersant) [в Telegram](https://t.me/+bPtk49gFbCBkYzdi)",23964,101,,kommersant
108220,2026-05-28T11:35:37+00:00,"На вокзале в Швейцарии мужчина с ножом ранил трех человек. Инцидент произошел на железнодорожной станции Винтертур, сообщает Daily Mail.

Пострадали граждане Швейцарии в возрасте 28, 43 и 52 лет, их госпитализировали. Один из них получил серьезные ранения, состояние остальных оценивается как средней тяжести.

▪ [Подписывайтесь на «Ъ» в MAX |](https://max.ru/kommersant) [в Telegram](https://t.me/+bPtk49gFbCBkYzdi)",20542,38,,kommersant
108219,2026-05-28T11:00:31+00:00,"Президенты России и Казахстана Владимир Путин и Касым-Жомарт Токаев поучаствовали в торжественной высадке саженца дуба на Аллее вечной дружбы в центре Астаны, передает специальный корреспондент «Ъ» Андрей Колесников.

▪ [Подписывайтесь на «Ъ» в MAX |](https://max.ru/kommersant) [в Telegram](https://t.me/+bPtk49gFbCBkYzdi)",21346,21,,kommersant
108218,2026-05-28T10:51:14+00:00,"❗️ Россельхознадзор с 30 мая ограничивает ввоз плодоовощной продукции из Армении.

▪ [Подписывайтесь на «Ъ» в MAX |](https://max.ru/kommersant) [в Telegram](https://t.me/+bPtk49gFbCBkYzdi)",21249,121,,kommersant
108217,2026-05-28T10:25:26+00:00,"💬 Эти переговоры не могли сложиться неудачно.

Утром 28 мая в Астане с церемонии официальной встречи во Дворце независимости начался государственный визит Владимира Путина в Казахстан. Подробности [зафиксировал](https://www.kommersant.ru/doc/8692268?tg) специальный корреспондент «Ъ» **Андрей Колесников.**

▪ [Подписывайтесь на «Ъ» в MAX |](https://max.ru/kommersant) [в Telegram](https://t.me/+bPtk49gFbCBkYzdi)",21564,20,,kommersant
108216,2026-05-28T10:09:23+00:00,"📱 **YouTube начал ограничивать в России доступ к некоторым видео для пользователей с включенным VPN**

При попытке просмотра появляется предупреждение с просьбой отключить сервис обхода блокировки. Ограничения касаются каналов с международными спортивными трансляциями («Формула-1», Олимпийские игры) и ТВ-премьерами, где контроль за эксклюзивным показом строже. На некоторых каналах новые видео могут не отображаться вовсе.

По мнению экспертов, [опрошенных «Ъ»,](https://www.kommersant.ru/doc/8691502?tg) ограничения связаны с ужесточением контроля за соблюдением региональных прав на контент. Правообладатели несут убытки, когда пользователи через VPN смотрят видео из юрисдикций, где лицензии не приобретены. 

Ранее платформа «достаточно мягко» относилась к обходу географических ограничений, но рынок стриминга и цифровых трансляций стал «слишком дорогим», считает директор по SMM и ORM коммуникационного агентства PR Partner Дамир Фейзуллов. При этом  для YouTube будет слишком рискованно ограничивать весь контент для пользователей с VPN, но точечный контроль за отдельными категориями будет усиливаться.

📡 [Сети меняются. Мы следим. Подписывайтесь](https://t.me/+SkQgmXpzMqFjZjli).",20292,183,,kommersant
108215,2026-05-28T09:54:15+00:00,"📰 **Что еще сказал помощник президента РФ Юрий Ушаков:**

🔵 РФ передала США «по соответствующим каналам» рекомендацию в связи с ударами по Киеву, ответа пока не было;

🔵 Достигнуты договоренности по всем вопросам, которые были на повестке визита Владимира Путина в Казахстан;

🔵 Владимир Путин и Касым-Жомарт Токаев в ходе дружеского обеда вчера могли подробно обсудить тему Украины; 

🔵 Тема Армении в ЕАЭС будет обсуждаться на саммите «пятерки» в пятницу.

▪ [Подписывайтесь на «Ъ» в MAX |](https://max.ru/kommersant) [в Telegram](https://t.me/+bPtk49gFbCBkYzdi)",19714,16,,kommersant
108214,2026-05-28T09:51:42+00:00,"Никакого послания Дональду Трампу от Владимира Путина не передавалось, заявил помощник президента РФ Юрий Ушаков.

▪ [Подписывайтесь на «Ъ» в MAX |](https://max.ru/kommersant) [в Telegram](https://t.me/+bPtk49gFbCBkYzdi)",18623,12,,kommersant
108209,2026-05-28T09:28:40+00:00,"**В Хакасии овцы съели сосны, высаженные в память о погибших в Великой Отечественной войне.** Ущерб оценивается в несколько сотен тысяч рублей, его должен будет возместить владелец животных.

«Какие-то мерзавцы, я не нахожу здесь другого слова, не считаясь с трудом людей,... просто совершили акт вандализма! Выдернули эти крохотные маленькие зеленые побеги, саженцы, которым пророчилось стать вековыми соснами. Убили эти маленькие живые существа», — рассказал заместитель главы республики Дмитрий Бученик в Telegram.

По данным Минлесхоза Хакасии, было уничтожено около 3 тыс. молодых деревьев (более 60% высаженных сеянцев). Изначально ведомство предполагало, что это акт вандализма и «чья-то злая воля». Однако оперативно-следственная группа МВД выяснила, что геоглиф уничтожила «бесконтрольно пасущаяся отара овец», а установленный забор животных не остановил.

📷 Дмитрий Бученик/Telegram

▪ [Подписывайтесь на «Ъ» в MAX |](https://max.ru/kommersant) [в Telegram](https://t.me/+bPtk49gFbCBkYzdi)",19088,156,,kommersant
108208,2026-05-28T08:55:52+00:00,"❗️ Россия и Казахстан подписали соглашение о строительстве атомной электростанции в Казахстане.

▪ [Подписывайтесь на «Ъ» в MAX |](https://max.ru/kommersant) [в Telegram](https://t.me/+bPtk49gFbCBkYzdi)",19076,79,,kommersant
108207,2026-05-28T08:21:59+00:00,"**Главное из переговоров Владимира Путина и Касыма-Жомарта Токаева: **

🔵 РФ и Казахстан вместе реализуют семь инвестпроектов, и это только начало;

🔵Контакты и взаимодействие граждан России и Казахстана нужно укреплять, в том числе через образование;

🔵 РФ является одним из ключевых торгово-экономических партнеров Казахстана, в 2025 году товарооборот составил свыше $28 млрд

🔵 Казахстан и РФ успешно взаимодействуют в сфере образования, культуры и спорта, Дни культуры России в Казахстане встретили с воодушевлением;

🔵 РФ и Казахстан сформировали пул из 177 совместных проектов на $53 млрд;

🔵 Господин Токаев выразил уверенность, что товарооборот РФ и Казахстана вскоре превысит $30 млрд;

🔵 Россия является лидером по вложениям прямых инвестиций в Казахстан, они составляют $29 млрд.

▪ [Подписывайтесь на «Ъ» в MAX |](https://max.ru/kommersant) [в Telegram](https://t.me/+bPtk49gFbCBkYzdi)",21149,28,,kommersant
108206,2026-05-28T07:45:36+00:00,"**Россия и Казахстан провели первую трансграничную перевозку грузов с помощью беспилотного транспорта**, сообщил замглавы Минтранса России Дмитрий Зверев на Евразийском экономическом форуме.

«Мы уже можем с казахстанскими коллегами объявить, что был проведен мегаэксперимент, который действительно показался успешным», — рассказал замминистра (цитата по ТАСС). 

По его словам, стороны организовали не просто запуск пустых автомобилей — была проведена именно доставка грузов.

▪ [Подписывайтесь на «Ъ» в MAX |](https://max.ru/kommersant) [в Telegram](https://t.me/+bPtk49gFbCBkYzdi)",20097,30,,kommersant
108205,2026-05-28T07:20:59+00:00,"**Дисциплинарный совет Международной федерации хоккея (IIHF) аннулировал решение о недопуске сборных России** к соревнованиям сезона-2026/27, сообщил министр спорта РФ Михаил Дегтярев.

«В решении указано, что представленные IIHF аргументы и отчеты по оценке рисков не содержали достаточных оснований для продления отстранения по соображениям безопасности. Напомню, на последней конференции Федерации хоккея России мы договорились начать подготовку к судебному разбирательству с IIHF». 

▪ [Подписывайтесь на «Ъ» в MAX |](https://max.ru/kommersant) [в Telegram](https://t.me/+bPtk49gFbCBkYzdi)",23084,93,,kommersant
108204,2026-05-28T07:03:41+00:00,"**✔**** 28 мая в Москве проходит конференция «Офисы с “Коммерсантом”». **

Рынок офисов в России проходит через «идеальный шторм». Рекордно низкая вакантность столкнулась с заградительной ключевой ставкой и бумом частных инвестиций.  

Эксперты обсудят, каков порог входа в качественные офисные проекты, почему современный БЦ — это инфраструктура «15-минутного города» внутри одного здания, в чем преимущества и недостатки гибридных форматов и Smart-офисов, каково влияние open space на эффективность работы и благополучие сотрудников.

🔈 Смотрите трансляцию [на сайте](https://events.kommersant.ru/nedvizhimost/ofisy-s-kommersantom-26/).

@kommersantevents",19568,11,,kommersant
108203,2026-05-28T06:35:05+00:00,"Церемония официальной встречи президента России Владимира Путина, прибывшего с государственным визитом в Казахстан, началась во Дворце независимости республики, передает специальный корреспондент «Ъ» Андрей Колесников. 

▪ [Подписывайтесь на «Ъ» в MAX ](https://max.ru/kommersant)| [в Telegram](https://t.me/+bPtk49gFbCBkYzdi)",18347,14,,kommersant
108202,2026-05-28T06:32:34+00:00,"**Страны Европы ищут основания для ограничения морской экономической деятельности России в Балтийском море и в других акваториях **Мирового океана, утверждает первый замдиректора—руководитель погранслужбы ФСБ Владимир Кулишов. 

По его словам, члены НАТО также расширяют практику ограничения свободы судоходства в Балтийском море.

В погранслужбе ФСБ убеждены, что НАТО хочет вынудить судовладельцев отказаться от использования российских портов для перевалки грузов.

 «Практика по ограничению свободы судоходства в Балтийском море в отношении судов, осуществляющих торговое мореплавание с заходом в российские порты, действительно расширяется»,— сказал господин Кулишов в интервью «Российской газете».

▪ [Подписывайтесь на «Ъ» в MAX |](https://max.ru/kommersant) [в Telegram](https://t.me/+bPtk49gFbCBkYzdi)",17832,35,,kommersant
108201,2026-05-28T06:20:43+00:00,"**Казахстан не вел и не ведет сейчас переговоры о выкупе находящихся в республике активов ЛУКОЙЛа**, заявил глава Минэнерго Казахстана Ерлан Аккенженов.

«Данный вопрос поднимался не раз (в СМИ.—""Ъ"")... Ответ был такой и не изменился — Республика Казахстан не проводит никаких переговоров на данный момент с компанией ЛУКОЙЛ»,— сказал министр журналистам (цитата по ТАСС).

США в октябре 2025 года ввели санкции против ЛУКОЙЛа, «Роснефти» и их дочерних структур. В ноябре «Казмунайгаз» начал переговоры по поводу активов ЛУКОЙЛа в Казахстане. В феврале 2026-го Казахстан направил в Управление по контролю за иностранными активами Минфина США предложение о покупке доли российской компании в проектах на своей территории. В «Казмунайгазе» уточняли, что этот вопрос должны рассматривать власти страны, а не сама компания.

▪ [Подписывайтесь на «Ъ» в MAX |](https://max.ru/kommersant) [в Telegram](https://t.me/+bPtk49gFbCBkYzdi)",24953,11,,kommersant
108200,2026-05-28T06:04:57+00:00,"📰 **Эксклюзивные материалы свежего номера газеты «Коммерсантъ»:**

🔵 «Яндекс» [может купить](https://www.kommersant.ru/doc/8691580?tg) один из крупнейших в России сервисов онлайн-бронирования отелей «Островок» за 15–20 млрд рублей. 

🔵 Счетная палата [предлагает ограничить](https://www.kommersant.ru/doc/8691666?tg) механизм возмещения инвестиций в регионах.

🔵 Количество отмененных авиарейсов в 2026 году [выросло в четыре раза.](https://www.kommersant.ru/doc/8691614?tg)

🔵 Бизнес-квартал «Арма» [вернулся](https://www.kommersant.ru/doc/8691575?tg) к первоначальному владельцу.

🔵 Аудиторские компании «большой четверки» [столкнулись](https://www.kommersant.ru/doc/8691678?tg) с серьезными изменениями в платежном поведении своих клиентов. 

🔵 [Как стало известно «Ъ»](https://www.kommersant.ru/doc/8691393?tg), страны Персидского залива по завершении войны с Ираном намерены обсудить с США дальнейший статус и функционирование американских военных баз в регионе.

👉 __Читайте другие эксклюзивные заметки __[__на сайте «Ъ»__](https://www.kommersant.ru/daily/166381?tg)__.__

#Ъузнал",79420,105,,kommersant
108199,2026-05-28T05:52:05+00:00,"Здание областного суда в центре Нижнего Новгорода получило повреждение в результате атаки БПЛА, сообщил губернатор Глеб Никитин.

Пострадавших предварительно нет.

▪ [Подписывайтесь на «Ъ» в MAX |](https://max.ru/kommersant) [в Telegram](https://t.me/+bPtk49gFbCBkYzdi)",17126,71,,kommersant
108198,2026-05-28T05:50:19+00:00,"🗞🗞🗞🗞 Девелоперская компания Level Group [привлечет](https://www.kommersant.ru/doc/8691582?tg) Azimut Hotels к управлению четырехзвездной гостиницей на 246 номеров площадью 12 тыс. кв. м, которая достроится в 2028 году в составе бизнес-центра «Level work Нижегородская» на юго-востоке Москвы. 

Ввод отелей в столице растет, однако их загрузка падает, а вслед за ней — цены на размещение.

#Ъузнал",19510,88,,kommersant
108197,2026-05-28T05:35:20+00:00,"Президент США Дональд Трамп** распорядился прекратить преследование временного президента Венесуэлы ** Дельси Родригес. 

По информации источников Associated Press (AP), распоряжение о приостановке расследования в отношении Родригес призвано, помимо прочего, «избежать срыва усилий администрации по стабилизации ситуации в Венесуэле».

Источники агентства указывают, что Родригес с 2018 года постоянно находилась в поле зрения федеральных правоохранительных органов. Несмотря на то, что официальные обвинения предъявлены не были, госпожу Родригес подозревали в причастности к содействию наркоторговле, контрабанде золота и отмыванию денег.

▪ [Подписывайтесь на «Ъ» в MAX |](https://max.ru/kommersant) [в Telegram](https://t.me/+bPtk49gFbCBkYzdi)",20587,35,,kommersant
108196,2026-05-28T05:15:24+00:00,"Пропавшие неделю назад золотоискатели найдены в пещере Лаоса,  сообщает газета Vientiane Times.

Все семеро живы. 28 мая их попытаются поднять на поверхность, но проведение спасательной операции зависит от погодных условий.

Lao Phattana News передает, что 20 мая семь жителей Лаоса вошли в пещеру примерно в 125 км к северо-востоку от столицы государства Вьентьяна. Они искали золото и оказались в ловушке после того, как сильный дождь вызвал внезапное наводнение, заблокировав им выход.

▪ [Подписывайтесь на «Ъ» в MAX |](https://max.ru/kommersant) [в Telegram](https://t.me/+bPtk49gFbCBkYzdi)",18335,11,,kommersant
108195,2026-05-28T05:03:30+00:00,"Корпус стражей исламской революции (КСИР) заявил** об ударе по военной базе США,** с которой был атакован объект в иранском городе Бендер-Аббас. 

«После сегодняшней предрассветной атаки военных США при нанесении авиабомбардировок объекта неподалеку от аэропорта Бендер-Аббаса американская военная база, с которой проводилась атака, подверглась удару в 04.50 утра (03.20 мск)», — приводит иранский телеканал Press TV заявление КСИР.

▪ [Подписывайтесь на «Ъ» в MAX |](https://max.ru/kommersant) [в Telegram](https://t.me/+bPtk49gFbCBkYzdi)",18496,22,,kommersant
108194,2026-05-28T04:45:13+00:00,"**Сотрудника Google обвинили в торговле на Polymarket с использованием инсайдерской информации**, передает CNBC. 

В обвинительном заключении федеральных прокуроров указано, что сотрудник заработал $1,2 млн, используя служебную информацию компании.

Выигрышная ставка была сделана на то, что певец D4vd станет самым популярным человеком в поисковых запросах Google в 2025 году. 

«Сотрудник получил доступ к нашим маркетинговым материалам, но использование такой информации для размещения ставок является серьезным нарушением наших правил»,— добавили в Google.

Инженер Google арестован в Нью-Йорке 27 мая и предстал перед федеральным судьей. Вину он не признал. Суд освободил его под залог в размере $2,25 млн. Google отстранил Микеле Спаньоло от работы. В заявлении компании указано, что она ведет сотрудничество с правоохранительными органами. 

▪ [Подписывайтесь на «Ъ» в MAX |](https://max.ru/kommersant) [в Telegram](https://t.me/+bPtk49gFbCBkYzdi)",18823,31,,kommersant
108193,2026-05-28T04:32:02+00:00,"🗞🗞🗞🗞 **«Яндекс» **[**может купить**](https://www.kommersant.ru/doc/8691580?tg)** один из крупнейших в России сервисов онлайн-бронирования отелей «Островок».** Другие претенденты на актив — «Авито» и «Суточно.ру» — вышли из переговоров. 

Собственники рассчитывают продать компанию за 20 млрд руб., но покупатель готов заплатить не более 15 млрд руб. Сделка позволит «Яндексу» получить на рынке гостиничных бронирований долю, сопоставимую с Booking. com.

📷 __Ruben Sprich / Reuters__

#Ъузнал",19514,124,,kommersant
108192,2026-05-28T04:13:20+00:00,"За ночь над регионами России средства ПВО сбили 62 беспилотника ВСУ, сообщили в Минобороны.

▪ [Подписывайтесь на «Ъ» в MAX |](https://max.ru/kommersant) [в Telegram](https://t.me/+bPtk49gFbCBkYzdi)",17591,5,,kommersant
108191,2026-05-28T04:01:01+00:00,"**⛅️**** Главные новости к утру**

🔸 США [нанесли удары](https://www.kommersant.ru/doc/8691802?tg) по военному объекту в Иране, сообщило агентство Reuters.

🔸 Турция [сократит](https://www.kommersant.ru/doc/8691710?tg) импорт нефти из России до самого низкого уровня за полтора года, пишет Reuters.

🔸 Никол Пашинян [анонсировал](https://www.kommersant.ru/doc/8691731?tg) строительство транзитного газопровода через территорию Армении.

🔸 Глава Пентагона Пит Хегсет [заявил](https://www.kommersant.ru/doc/8691800?tg) о готовности продолжить операцию против Ирана.

🔸 Норвегия [решила присоединиться](https://www.kommersant.ru/doc/8691773?tg) к «ядерному зонтику» Франции.

🔸 США [ударили](https://www.kommersant.ru/doc/8691805?tg) по судну в восточной части Тихого океана. Погибли два человека.

🔸 Air Tanzania [получила разрешение](https://www.kommersant.ru/doc/8691727?tg) на полеты между Дар-эс-Саламом и Москвой.

🔸 Российские космонавты Сергей Кудь-Сверчков и Сергей Микаев [завершили](https://www.kommersant.ru/doc/8691740?tg) работу в открытом космосе.

#главноекутру",18709,13,,kommersant
108190,2026-05-28T03:27:01+00:00,"🗞🗞🗞🗞 **С начала 2026 года авиакомпании стали в два раза чаще задерживать рейсы и в четыре раза чаще — отменять.**

Практику отмен в отрасли [объясняют](https://www.kommersant.ru/doc/8691614?tg) тем, что перевозчики начали активнее переделывать расписание и пытаются объединять рейсы при наличии широкофюзеляжных самолетов.

Часть авиакомпаний говорит о росте издержек из-за простоя самолетов и необходимости господдержки, но в Минтрансе утверждают, что расходы из-за «Ковров» не превышают 1% от трат перевозчиков.

#Ъузнал",27679,57,,kommersant
108189,2026-05-28T03:03:51+00:00,"**📊**** Более 40% опрошенных россиян желают обновления состава партий в Госдуме**, следует из [результатов исследования](https://www.kommersant.ru/doc/8691677?tg) компании ИНСОМАР.

Ожидающие перемен хотели бы, чтобы в работе партийцев нашли отражение темы борьбы с блокировками в интернете, противодействия домашнему насилию, а также поддержки малого бизнеса и самозанятых.

Наибольшую известность среди непарламентских организаций, согласно тому же опросу, имеют Партия пенсионеров и «Зеленые».

__**Выступаете ли вы за партийное обновление Госдумы?**

____👍____ — Да
____👎____ — Нет__

▪ [Подписывайтесь на «Ъ» в MAX |](https://max.ru/kommersant) [в Telegram](https://t.me/+bPtk49gFbCBkYzdi)",16969,37,,kommersant
108188,2026-05-28T02:51:43+00:00,"Южное командование ВС США сообщило об очередном ударе по судну, которое, предположительно, перевозило наркотики. Погибли два человека.

«Разведка подтвердила, что судно шло вдоль известных маршрутов контрабанды наркотиков в восточной части Тихого океана и использовалось для наркотрафика»,— указано в сообщении командования в соцсети X.

Там добавили, что судно использовалось террористической организацией.

▶️ __X/Southcom__

▪ [Подписывайтесь на «Ъ» в MAX |](https://max.ru/kommersant) [в Telegram](https://t.me/+bPtk49gFbCBkYzdi)",16549,11,,kommersant
108187,2026-05-28T02:07:01+00:00,"🗞🗞🗞🗞 **Nordgold Алексея Мордашова **[**приобрела**](https://www.kommersant.ru/doc/8691688?tg)** 20% в компании, которой принадлежат лицензии на разведку участков с золотом на Камчатке. **

Геология на одном из объектов достаточно простая, и инвестиции в разведку могут быстро окупиться. Строительство ГОКа в случае подтверждения эффективности запасов может обойтись в более чем 20 млрд руб.

#Ъузнал",16600,38,,kommersant
108186,2026-05-28T01:31:58+00:00,"**Глава Пентагона Пит Хегсет заявил о готовности продолжить операцию против Ирана.**

«Либо ваши переговорщики добьются того, чтобы у них никогда не было ядерного оружия, либо нам придется обратиться в министерство войны, чтобы довести дело до конца. Мы готовы это сделать»,— [сказал он на совещании с Дональдом Трампом.](https://www.kommersant.ru/doc/8691800?tg)

▪ [Подписывайтесь на «Ъ» в MAX |](https://max.ru/kommersant) [в Telegram](https://t.me/+bPtk49gFbCBkYzdi)",16436,25,,kommersant
108185,2026-05-28T00:51:22+00:00,"🎬 **Выручка кинопроизводственных студий растет неравномерно**, [выяснил «Ъ».](https://www.kommersant.ru/doc/8691314?tg)

По итогам 2025 года динамика роста выручки ряда производителей шоу, сериалов и фильмов для российских телеканалов замедлилась, а у части студий сократилась чистая прибыль.

Участники рынка связывают это со стагнацией рекламного рынка и сокращением производства нового контента в целом.

Например, сокращение чистой прибыли крупнейшего участника рынка — «Красного квадрата» — связано с комбинированным влиянием нескольких факторов, перечисляет главный аналитик «Регблока» Анна Авакимян:

«Во-первых, рост операционных издержек студии. Во-вторых, как и ранее, велика стоимость привлекаемого заемного финансирования — значительная часть рентабельности студий ""съедается"". В-третьих, на фоне кризисных процессов на рекламном рынке продюсерские центры вынуждены тратить больше ресурсов на раскрутку проектов, в то же время замораживая отдельные концепты».

📡 [Сети меняются. Мы следим. Подписывайтесь](https://t.me/+SkQgmXpzMqFjZjli).",16056,16,,kommersant
108184,2026-05-28T00:13:50+00:00,"🗞🗞🗞🗞 **Бизнес-квартал «Арма» вернулся к первоначальному владельцу**

Компания «Панорама», управляющая активами на рынке недвижимости акционера банка «Развитие Столица» Рустема Терегулова,[ вернула себе](https://www.kommersant.ru/doc/8691575?tg) бизнес-парк «Арма» общей площадью 90 тыс. кв. м в районе Курского вокзала в центре Москвы.

Структуры бизнесмена построили этот объект в 2007 году, но спустя 15 лет продали его. Сейчас бизнес-парк оценивается минимум в 15 млрд руб., а с учетом строительства новых объемов — 35 млрд руб.

#Ъузнал",16577,21,,kommersant
108183,2026-05-27T23:33:25+00:00,"❗️** США нанесли новые удары по военному объекту в Иране**, сообщает Reuters со ссылкой на американского чиновника.

По данным источника, удары нанесены по военному объекту, «который представлял угрозу для американских сил и коммерческого судоходства в Ормузском проливе». США также сбили несколько иранских беспилотников.

▪ [Подписывайтесь на «Ъ» в MAX |](https://max.ru/kommersant) [в Telegram](https://t.me/+bPtk49gFbCBkYzdi)",17460,39,,kommersant
108182,2026-05-27T23:05:58+00:00,"🗞🗞🗞🗞 **Счетная палата предлагает ограничить сферу применения региональных инвестиционных вычетов** (ИНВ). Госаудиторы считают избыточным применять этот механизм для поддержки и так финансово устойчивых предприятий, например, пищевой, химической и добывающей промышленности.

[По оценке Счетной палаты](https://www.kommersant.ru/doc/8691666?tg), ИНВ пока не стал действенным механизмом стимулирования инвестиционной активности. В Минфине и Минэкономики оснований для отказа от поддержки финансово устойчивых предприятий через ИНВ не видят — им-то по большей части этот вычет и предназначен.

#Ъузнал",17658,36,,kommersant
108181,2026-05-27T22:19:43+00:00,"**В России возникла проблема с «ряжеными» ветеранами СВО **— об этом [заявили](https://www.kommersant.ru/doc/8691715?tg) члены Общественной палаты (ОП) РФ.

Дело в том, что фонды, НКО и даже частные лица выпускают огромное количество орденов и медалей, похожих на государственные. А на маркетплейсах можно купить копии реальных наград.

Разобраться в этом хаосе очень сложно — в результате «ряженые» читают лекции в школах и вузах, а в случае уголовного преследования убеждают суд «проявить снисхождение к ветерану». После окончания СВО проблема только усугубится, признают в палате.

📷 __Александр Коряков/«Коммерсантъ»
__
▪ [Подписывайтесь на «Ъ» в MAX |](https://max.ru/kommersant) [в Telegram](https://t.me/+bPtk49gFbCBkYzdi)",97761,556,,kommersant
108180,2026-05-27T21:47:03+00:00,"**В Москве по 280 адресам появятся так называемые «уменьшенные» дорожные знаки**, [рассказали «Ъ»](https://www.kommersant.ru/doc/8691693?tg) в столичном Центре организации дорожного движения (ЦОДД).

Всего таких указателей появится **более 20 тыс.**, больше всего — в ВАО (6,1 тыс. штук) и ЗАО (4 тыс.).

«Малые знаки размещают на внутрирайонных улицах с небольшим количеством полос движения, на участках с ограничением скорости до 60 км/ч, а также в центре города,— пояснили в ЦОДД.— Делая передвижение пешеходов более комфортным, а навигацию в городе для водителей — более понятной и наглядной».

Уменьшенные (на треть меньше стандартных) знаки в качестве пилотного проекта появились впервые в 2017 году в центре Москвы. Идея властей заключалась в том, чтобы снизить «визуальный шум» на улицах. Впоследствии были внесены изменения в ГОСТ, практика стала применяться и в других городах, в том числе в Санкт-Петербурге.

В Москве за прошедшие шесть лет установили несколько десятков тысяч уменьшенных указателей, чаще всего — «Парковка», «Остановка запрещена» и «Пешеходный переход».

#Ъузнал",18944,42,,kommersant
108179,2026-05-27T20:58:16+00:00,"**Никол Пашинян анонсировал строительство транзитного газопровода через территорию Армении.**

«Мы сегодня имеем железную дорогу с востока на запад, для нас открылась железная дорога Ахалкалаки-Карс (Грузия — Турция), открыта железная дорога через территорию Азербайджана, скоро откроется TRIPP (""Маршрут Трампа"".— “Ъ”), по территории нашей страны пройдет газопровод, мы за этот транзит будем получать газ», — [подчеркнул премьер-министр Армении.](https://www.kommersant.ru/doc/8691731?tg)

Господин Пашинян не привел других подробностей. При этом он отметил, что Армения также будет развивать альтернативную энергетику. Премьер Армении также заявил, что в стране принят закон о начале процесса вступления в ЕС.

▪ [Подписывайтесь на «Ъ» в MAX |](https://max.ru/kommersant) [в Telegram](https://t.me/+bPtk49gFbCBkYzdi)",56548,331,,kommersant
108178,2026-05-27T20:47:03+00:00,"Басманный суд Москвы по ходатайству Главного следственного управления СКР **санкционировал арест на два месяца Дмитрия Семизорова, заместителя гендиректора концерна «Уралвагонзавод»**. Ему инкриминируют особо крупную растрату (ч. 4 ст. 160 УК РФ).

Выступая в суде, представитель следствия [указал](https://www.kommersant.ru/doc/8691736?tg), что, оставаясь на свободе, фигурант может скрыться, уничтожить доказательства по делу или, располагая обширными связями, оказать давление на свидетелей. Обвиняемый вину не признал, сказав, что его оговорили другие фигуранты расследования, которые дали на него показания.

В уголовном деле, которое было возбуждено осенью прошлого года, речь идет о том времени, когда господин Семизоров возглавлял Центральный научно-исследовательский институт точного машиностроения (ЦНИИТОЧМАШ). В 2016 году ЦНИИТОЧМАШ заключил контракт с ООО «ФСК Прогресс» на поставку климатической техники в рамках гособоронзаказа на сумму около 130 млн рублей, при этом реальная стоимость оборудования, по подсчетам следствия, составляла около 80 млн рублей.

▪ [Подписывайтесь на «Ъ» в MAX |](https://max.ru/kommersant) [в Telegram](https://t.me/+bPtk49gFbCBkYzdi)",20487,67,,kommersant
108177,2026-05-27T20:17:51+00:00,"↘️ **Турция сократит импорт нефти из России до самого низкого уровня за полтора года**, [пишет Reuters](https://www.kommersant.ru/doc/8691710?tg), ссылаясь на данные LSEG, Kpler и трейдеров.

Ожидается, что импорт нефти Urals в республику в мае составит в среднем около 161 тыс. барр. в сутки. Это ниже показателей января-апреля (189 тыс. барр. в сутки) и мая 2025 года (302 тыс. барр. в сутки).

«Турция привыкла к российской нефти со значительной скидкой. Они не были готовы покупать этот сорт по таким высоким ценам», — рассказал трейдер крупной западной компании.

▪ [Подписывайтесь на «Ъ» в MAX |](https://max.ru/kommersant) [в Telegram](https://t.me/+bPtk49gFbCBkYzdi)",20065,61,,kommersant
108176,2026-05-27T19:46:33+00:00,"«На 70% уверена, что никакой забастовки не будет».

В числе четырех российских участниц второго круга проходящего в Париже Открытого чемпионата Франции оказалась **Диана Шнайдер** — 23-я ракетка мира, сотрудничающая с медиапроектом First & Red. 

В [интервью](https://www.kommersant.ru/doc/8691721?tg) корреспонденту «Ъ» **Евгению Федякову** 22-летняя спортсменка оценила свои результаты в этом сезоне, рассказала о взаимоотношениях со своей частой партнершей по парному разряду Миррой Андреевой и объяснила, почему считает нереальной забастовку игроков, стремящихся повысить призовые на турнирах Большого шлема.

▪ [Подписывайтесь на «Ъ» в MAX |](https://max.ru/kommersant) [в Telegram](https://t.me/+bPtk49gFbCBkYzdi)",20368,9,,kommersant
108175,2026-05-27T19:30:38+00:00,"**Запад находится близко к прямой конфронтации с Россией**, заявил постпред России при ОБСЕ Дмитрий Полянский.

«Они действительно сейчас вплотную подошли к прямому участию в военных действиях. Если там [на Украине] размещается производство [западных] беспилотников, у нас есть все основания наносить по ним удары», — сказал он «Известиям».

▪ [Подписывайтесь на «Ъ» в MAX |](https://max.ru/kommersant) [в Telegram](https://t.me/+bPtk49gFbCBkYzdi)",19962,50,,kommersant
108174,2026-05-27T19:00:02+00:00,"🌒 **Главные новости к вечеру **

▪️ Президент США Дональд Трамп [недоволен](https://www.kommersant.ru/doc/8691680?tg) ходом переговоров с Ираном и намекнул на возобновление боев. 

▪️ Премьер-министр Армении Никол Пашинян [заявил](https://www.kommersant.ru/doc/8691698?tg) о нежелании Армении выходить из ЕАЭС.

▪️ Митрополит Иларион [покинул](https://www.kommersant.ru/doc/8691704?tg) Чехию.

▪️ Президент Украины Владимир Зеленский [обратился](https://www.kommersant.ru/doc/8691597?tg) к
американскому коллеге Дональду Трампу из-за нехватки средств ПВО.

▪️ Подозреваемых в организации площадки по махинациям с НДС [задержали](https://www.kommersant.ru/doc/8691538?tg) в Екатеринбурге.

▪️ Владимир Путин** **[прибыл](https://www.kommersant.ru/doc/8691540?tg) в Казахстан с госвизитом.

#главноеквечеру",83097,110,,kommersant
108173,2026-05-27T18:15:46+00:00,"🗞🗞🗞🗞 Аудиторские компании «большой четверки» [**столкнулись**](https://www.kommersant.ru/doc/8691678?tg)** с серьезными изменениями в платежном поведении своих клиентов.** Если раньше платежи перечислялись равномерными частями в несколько этапов, то сейчас до 80% платежа приходится на последний этап аудита. 

Кроме того, отсрочка может превышать два месяца. По словам участников аудиторского рынка, это негативно влияет на независимость их бизнеса.

#Ъузнал",20614,109,,kommersant
108172,2026-05-27T18:01:15+00:00,"💬 О животных, обреченных на заклание,— хорошо или никак. 

27 мая президент России Владимир Путин прилетел в Астану с государственным визитом, который, [рассказывает](https://www.kommersant.ru/doc/8691671?tg) специальный корреспондент «Ъ» **Андрей Колесников,** займет три дня. Но даже в Москве первый день начинался интересней некуда.

▪ [Подписывайтесь на «Ъ» в MAX |](https://max.ru/kommersant) [в Telegram](https://t.me/+bPtk49gFbCBkYzdi)",19962,26,,kommersant
108171,2026-05-27T17:31:55+00:00,"**Президент США Дональд Трамп недоволен переговорами с Ираном.** Американские военные могут возобновить боевые действия в стране, отметил господин Трамп во время совещания, выступление политика транслирует Белый дом.

«США либо достигнут устраивающего соглашения, либо закончат работу. Посмотрим, что произойдет», — заявил Трамп, намекая на потенциальное возобновление войны с Ираном.

▪ [Подписывайтесь на «Ъ» в MAX |](https://max.ru/kommersant) [в Telegram](https://t.me/+bPtk49gFbCBkYzdi)",19863,31,,kommersant
108170,2026-05-27T17:11:05+00:00,"Президент США Дональд Трамп заявил, что **возражает против идеи вывоза иранского обогащенного урана в РФ или КНР.**

▪ [Подписывайтесь на «Ъ» в MAX |](https://max.ru/kommersant) [в Telegram](https://t.me/+bPtk49gFbCBkYzdi)",19561,31,,kommersant
108169,2026-05-27T16:58:18+00:00,"«Для нас это глубокая печаль».

ЦИК [утвердил](https://www.kommersant.ru/doc/8691619?tg) порядок использования цифровой платформы ГАС «Выборы» в ходе предстоящей парламентской кампании и вывел из эксплуатации комплексы обработки избирательных бюллетеней (КОИБ) образца 2010 года. 

Они безнадежно изношены, а закупка «электронных урн» нового поколения сорвалась из-за санкций. Под большим вопросом из-за технических сбоев оказалось и применение более свежих КОИБов образца 2017 года. Заменить их в недалеком будущем должны новейшие технические средства, которые будут учитывать «цифровые ресурсы» избирателей, пообещала глава ЦИКа Элла Памфилова.

▪ [Подписывайтесь на «Ъ» в MAX |](https://max.ru/kommersant) [в Telegram](https://t.me/+bPtk49gFbCBkYzdi)",20566,68,,kommersant
108168,2026-05-27T16:28:28+00:00,"На Суперфинале FONBET Кубка России по футболу «Спартак»—«Краснодар» Александр Овечкин вручил благотворительный чек на 8 млн руб. учредителю Фонда Хабенского — актеру Константину Хабенскому.

Сумма сформировалась после того, как «ДоброFON» умножил на 100 число зрителей матча — 72 978 человек. Оставшуюся часть помогли собрать болельщики на стенде программы, участвуя в благотворительных активностях.

Всего благодаря сотрудничеству «ДоброFON» и Фонда Хабенского удалось собрать 11 млн руб. Эти средства помогают фонду продолжать работу по поддержке детей и молодых взрослых с опухолями головного и спинного мозга.

#Спорт",18748,17,,kommersant
108167,2026-05-27T16:20:57+00:00,"**Глава Минобрнауки Валерий Фальков допустил изменения правил защиты дипломных работ из-за развития ИИ.** По его словам, университеты уже сейчас имеют право самостоятельно определять формы и порядок текущего контроля и промежуточной аттестации. 

Ряд вузов разработали регламенты проверки выпускных работ на использование в них ИИ. Выяснилось, что доля сгенерированного нейросетью текста в дипломных работах выросла, а наиболее высокий процент использования ИИ в выпускных квалификационных работах приходится на введение и заключение. 

«Лидерами — до 60% — стали экономические специальности»,— цитирует ТАСС слова господина Фалькова.

▪ [Подписывайтесь на «Ъ» в MAX |](https://max.ru/kommersant) [в Telegram](https://t.me/+bPtk49gFbCBkYzdi)",23557,108,,kommersant
108166,2026-05-27T16:09:19+00:00,"📈** Налоговая нагрузка на букмекеров выросла в 60 раз с начала 2026 года, **оценили в Едином операторе азартных игр.**
**
С 1 января букмекеры начали платить 5% от объема принятых ставок, 25% налог на прибыль и целевые отчисления на спорт в размере 2,25% от выручки. По словам главы ЕРАИ Алексея Грачева, нагрузка на отрасль выросла в 60 раз, но это является «неким средним решением», которое удалось согласовать с рынком и государством.

В [интервью «Ъ» ](https://www.kommersant.ru/doc/8691459?tg)эксперт заявил, что маркетинговые бюджеты букмекеров сократятся на 70-75% к середине лета. Тем временем выручка отрасли в первом квартале уже упала на 1% год к году, а к концу 2026 может сократиться суммарно на 4-5%.

Сейчас в ЕРАИ заявляют, что легализация онлайн-казино является «крайне необходимой мерой», которая даст альтернативу нелегальному рынку. По разным оценкам, он больше легального в 1,5 раза (до 3 трлн руб.).

📷 __Глеб Щелкунов, Коммерсантъ__",19715,63,,kommersant
108165,2026-05-27T15:35:41+00:00,"Президент Украины Владимир Зеленский пожаловался главе Белого дома Дональду Трампу **на критический дефицит средств ПВО**, пишет украинское издание «Общественное». 

Письмо, в котором он рассказал о критической нехватке систем противовоздушной обороны было также направлено спикеру Палаты представителей Майку Джонсону и другим членам Конгресса.

«Когда речь идет о противоракетной обороне, мы полагаемся на наших друзей. Когда речь идет о защите от баллистических ракет, мы полагаемся почти исключительно на Соединенные Штаты», — говорится в письме (цитата по The Kyiv Independent).

▪ [Подписывайтесь на «Ъ» в MAX |](https://max.ru/kommersant) [в Telegram](https://t.me/+bPtk49gFbCBkYzdi)",19955,28,,kommersant
108164,2026-05-27T15:22:48+00:00,"[Как стало известно «Ъ»](https://www.kommersant.ru/doc/8691393?tg), страны Персидского залива по завершении войны с Ираном **намерены обсудить с США дальнейший статус и функционирование американских военных баз в регионе. **

Дипломатические источники «Ъ» в аравийских странах полагают, что функционал военных объектов, которые Тегеран с 28 февраля подверг массированным бомбардировкам, необходимо ограничить, запретив Пентагону использовать их в наступательных операциях против Ирана. 

Сокращение военного присутствия США на Ближнем Востоке — это то, к чему Тегеран стремился с самого начала войны. 26 мая верховный лидер Моджтаба Хаменеи заявил, что никто в регионе больше не захочет стать «щитом для баз США».

#Ъузнал",19888,30,,kommersant
108163,2026-05-27T15:18:23+00:00,"Премьер-министр Армении Никол Пашинян заявил, что **его не пугает возможный рост цен в случае решения России прекратить соглашение о поставках газа, топлива и алмазов. **

«Нелогично пугать Армению высокими ценами, потому что у нас будет гораздо больше денег, чтобы это не казалось дорогим»,— сказал господин Пашинян (цитата по «Sputnik Армения»). 

По его словам, Армения превращается в «перекресток мира».

«Сегодня у нас есть военно-промышленный комплекс, и мы продаем оружие развитым странам», — добавил премьер-министр.

▪ [Подписывайтесь на «Ъ» в MAX |](https://max.ru/kommersant) [в Telegram](https://t.me/+bPtk49gFbCBkYzdi)",19176,119,,kommersant
108162,2026-05-27T15:06:46+00:00,"▶️ Специальный корреспондент «Ъ» Андрей Колесников показал кадры прибытия Владимира Путина в Казахстан. Там российского президента встретил казахстанский коллега Касым-Жомарт Токаев. 

Из аэропорта господа Путин и Токаев направятся в резиденцию казахстанского президента, где пройдет их встреча тет-а-тет. 28 мая российский президент поучаствует в Евразийском экономическом форуме, 29 мая — в заседании Высшего Евразийского экономического совета. В российскую делегацию на форуме войдут 400 человек, в том числе представители бизнеса и научно-экспертного сообщества.

▪ [Подписывайтесь на «Ъ» в MAX |](https://max.ru/kommersant) [в Telegram](https://t.me/+bPtk49gFbCBkYzdi)",20051,16,,kommersant
108161,2026-05-27T14:41:29+00:00,"❗️ Россия и Афганистан подписали соглашение о военно-техническом сотрудничестве.

Церемония состоялась на Международном форуме по безопасности.

▪ [Подписывайтесь на «Ъ» в MAX |](https://max.ru/kommersant) [в Telegram](https://t.me/+bPtk49gFbCBkYzdi)",24129,196,,kommersant
108160,2026-05-27T14:31:06+00:00,"❗️ Владимир Путин прилетел в Казахстан, его самолет сел в аэропорту Астаны.

▪ [Подписывайтесь на «Ъ» в MAX |](https://max.ru/kommersant) [в Telegram](https://t.me/+bPtk49gFbCBkYzdi)",20655,25,,kommersant
108159,2026-05-27T14:30:19+00:00,"Пожар на складе в Долгопрудном локализован на площади 4700 квадратных метров, сообщили в МЧС.

▪ [Подписывайтесь на «Ъ» в MAX |](https://max.ru/kommersant) [в Telegram](https://t.me/+bPtk49gFbCBkYzdi)",20788,33,,kommersant
108158,2026-05-27T14:17:24+00:00,"**В Севастополе нашли контейнер со взрывчаткой после атаки ВСУ, **рассказал губернатор города Михаил Развозжаев.

Глава региона отметил, что сброшенные с БПЛА предметы могут выглядеть по-разному, но все они опасны. Он предупредил, чтобы жители не трогали такие предметы и вызывали экстренные службы в случае их обнаружения.

📷 __razvozhaev__

▪ [Подписывайтесь на «Ъ» в MAX |](https://max.ru/kommersant) [в Telegram](https://t.me/+bPtk49gFbCBkYzdi)",20856,22,,kommersant
108157,2026-05-27T13:56:06+00:00,"❌ **Еврокомиссия может ограничить право вето для стран, которые только недавно вступили в ЕС**, пишет The Guardian со ссылкой на источники. 

По их данным, временное отсутствие права вето может быть включено в договор с Черногорией, которую могут принять в ЕС раньше всего. Как утверждают собеседники газеты, это может стать образцом для других договоров. 

Ограничение может быть только временным, чтобы «не создавать впечатления существования членов ЕС второго сорта», передают источники.

▪ [Подписывайтесь на «Ъ» в MAX |](https://max.ru/kommersant) [в Telegram](https://t.me/+bPtk49gFbCBkYzdi)",20689,38,,kommersant
108156,2026-05-27T13:28:22+00:00,"Криптоблогеру Валерии Федякиной, известной как Битмама, **предъявили обвинение в незаконной банковской деятельности**, сообщает ТАСС. 

По информации агентства, обвинения блогеру предъявили по пунктам «а», «б» части 2 статьи 172 УК — незаконная банковская деятельность, совершенная организованной группой, с извлечением дохода в особо крупном размере. Наказание по этой статье предусматривает лишение свободы на срок до семи лет и штраф до 1 млн руб.

▪ [Подписывайтесь на «Ъ» в MAX |](https://max.ru/kommersant) [в Telegram](https://t.me/+bPtk49gFbCBkYzdi)",22049,62,,kommersant
108155,2026-05-27T12:56:46+00:00,"**В Боливии арестовали одного из самых разыскиваемых бразильских наркобаронов **Жерсона Палермо, который принадлежит картелю «Примейру Команду да Капитал» (PCC), сообщает G1. 

В Бразилии его приговорили к 126 годам тюрьмы за международную наркоторговлю и угон самолета Boeing 737 бразильской авиакомпании Vasp в 2000 году. 

▪ [Подписывайтесь на «Ъ» в MAX |](https://max.ru/kommersant) [в Telegram](https://t.me/+bPtk49gFbCBkYzdi)",21268,30,,kommersant
108154,2026-05-27T12:38:05+00:00,"**Два депутата Госдумы случайно проголосовали против осуждения атаки на Старобельск. **Речь идет о Елене Драпеко и Валерии Гартунге (оба из «Справедливой России»).

Председатель нижней палаты Вячеслав Володин («Единая Россия», ЕР) списал произошедшее на ошибку и объявил, что эсеры напишут соответствующее заявление.

▪ [Подписывайтесь на «Ъ» в MAX |](https://max.ru/kommersant) [в Telegram](https://t.me/+bPtk49gFbCBkYzdi)",39843,428,,kommersant
108153,2026-05-27T12:19:15+00:00,"Бывший губернатор Брянской области Александр Богомаз **может войти в комитет Госдумы по транспорту**, сообщает RTVI со ссылкой на источник.

По словам собеседника RTVI, изначально экс-губернатор хотел вернуться в комитет по аграрной политике, однако получил отказ из-за конфликта интересов. 

«У него, по имеющимся данным, 20% картофельного рынка России», — утверждает источник.

▪ [Подписывайтесь на «Ъ» в MAX |](https://max.ru/kommersant) [в Telegram](https://t.me/+bPtk49gFbCBkYzdi)",21081,79,,kommersant
108152,2026-05-27T11:54:42+00:00,"**Российское посольство официально передало Армении письмо министра энергетики Сергея Цивилева о последствиях вступления республики в Евросоюз. **Об этом [сообщила](https://www.kommersant.ru/doc/8691358?tg) представитель МИД РФ Мария Захарова.

Из письма, [как писал «Ъ»,](https://t.me/kommersant/108103) следует, что Россия в одностороннем порядке приостановит или денонсирует соглашение о сотрудничестве с Арменией в области поставок природного газа, нефтепродуктов и необработанных природных алмазов от 2013 года, если та продолжит процесс вступления в ЕС.

▪ [Подписывайтесь на «Ъ» в MAX |](https://max.ru/kommersant) [в Telegram](https://t.me/+bPtk49gFbCBkYzdi)",45013,240,,kommersant
108151,2026-05-27T11:39:33+00:00,"**Генпрокурор России Александр Гуцан 27 мая провел переговоры в Министерстве общественной безопасности (МОБ), Минюсте и Генпрокуратуре КНР. **

Благодаря заключенным соглашениям, [как выяснил корреспондент «Ъ»](https://www.kommersant.ru/doc/8691265?tg) Николай Сергеев, присутствовавший на мероприятиях, стороны будут не только обмениваться информацией, необходимой для борьбы с преступностью, но и активно защищать права человека, в том числе в области предпринимательства.

«Наши страны сталкиваются с общими опасными вызовами,— сказал Александр Гуцан главе МОБ Ван Сяохуну.— В первую очередь это касается преступлений, связанных с терроризмом, экстремизмом, незаконным оборотом наркотиков и оружия, коррупцией, отмыванием преступных доходов».

Наибольшую же угрозу, по словам генпрокурора, сегодня представляет киберпреступность, тотальное распространение которой не только причиняет огромный экономический ущерб, но и дестабилизирует социальную и политическую обстановку.

▪ [Подписывайтесь на «Ъ» в MAX |](https://max.ru/kommersant) [в Telegram](https://t.me/+bPtk49gFbCBkYzdi)",42327,58,,kommersant
108150,2026-05-27T11:20:34+00:00,"**Госдума **[**ужесточила**](https://www.kommersant.ru/doc/8691307?tg)** правила медосвидетельствования для прибывающих в РФ мигрантов.**

▪️ Сокращается срок прохождения медицинского освидетельствования с 90 до 30 дней для всех мигрантов, приехавших в нашу страну на период более трех месяцев. 

▪️ При длительном пребывании в стране мигранты должны будут проходить медицинское тестирование каждый год. Осмотр будет проводиться за счет иностранных граждан или за счет их работодателя.

▪️ За уклонение от медосмотров вводятся штрафы до 50 тыс. руб. с возможностью выдворения из страны.

▪️ Медицинские организации должны будут размещать результаты осмотров в единой информационной системе здравоохранения. 

▪️ Если у мигрантов выявят опасные заболевания или подтвердится, что они употребляют наркотики, медорганизации будут обязаны сообщить об этом МВД или Роспотребнадзору в течение 24 часов. Ведомства примут решение о высылке иностранца. 

▪ [Подписывайтесь на «Ъ» в MAX |](https://max.ru/kommersant) [в Telegram](https://t.me/+bPtk49gFbCBkYzdi)",19599,37,,kommersant
108149,2026-05-27T10:55:21+00:00,"**Минфин рассматривает сохранение порога освобождения от налога на добавленную стоимость (НДС) для малого бизнеса на уровне 20 млн руб. в 2027 году. **Об этом сообщил замглавы Минфина Алексей Сазанов.

«Все опции возможны, дискуссии будут в августе-сентябре при подготовке бюджетного пакета»,— уточнил господин Сазанов в комментарии журналистам.

▪ [Подписывайтесь на «Ъ» в MAX |](https://max.ru/kommersant) [в Telegram](https://t.me/+bPtk49gFbCBkYzdi)",19717,63,,kommersant
108148,2026-05-27T10:37:33+00:00,"**Госдума приняла закон об уголовной ответственности за подделку справок об отсутствии опасных заболеваний. **

🔹 В качестве наказания будет применяться ограничение свободы на срок до трех лет, принудительные работы или лишение свободы на срок до четырех лет. Во всех случаях виновным также грозит штраф на 0,5–1 млн руб.

🔹 За подделку справок об отсутствии инфекционного заболевания — ограничение свободы на срок от двух до четырех лет, принудительные работы или лишение свободы на срок от двух до пяти лет (со штрафами до 1,2 млн руб.).

🔹 За сбыт и покупку фальшивых справок по интернету, группой лиц или с использованием служебного положения — лишение свободы на срок от трех до шести лет (со штрафом до 2 млн руб.), если это повлекло массовое заражение — на срок от четырех до восьми лет (со штрафом до 3 млн руб.).

▪ [Подписывайтесь на «Ъ» в MAX |](https://max.ru/kommersant) [в Telegram](https://t.me/+bPtk49gFbCBkYzdi)",20772,125,,kommersant
108147,2026-05-27T10:16:26+00:00,"**США не запрашивали агреман на назначение нового посла в России. **Об этом [заявил](https://www.kommersant.ru/doc/8691248?tg) журналистам замглавы российского МИДа Сергей Рябков.

По поводу дипломатических отношений России и США господин Рябков заметил, что они остаются «предельно сложными». Контакты сторон, в частности, осложняют санкционные ограничения, пояснил замминистра. 

Он добавил, что подвижек с возвращением российской дипсобственности также нет.

▪ [Подписывайтесь на «Ъ» в MAX |](https://max.ru/kommersant) [в Telegram](https://t.me/+bPtk49gFbCBkYzdi)",19324,27,,kommersant
108146,2026-05-27T09:57:53+00:00,"В последние дни Петербургского международного экономического форума, 6–7 июня, деловая программа выходит за пределы конференц-залов — в акваторию Финского залива.

На базе яхтенного порта «Смоленка» на Васильевском острове стартует первый этап парусной бизнес-регаты «Коммерсантъ». Команды из числа руководителей и топ-менеджеров российских компаний выйдут на яхтах класса J/70 в открытую воду — туда, где деловой сезон встречается с парусным спортом.

Регата — часть многоэтапного проекта Клуба «Ъ», который в 2026 году охватит несколько городов страны. Петербург открывает сезон.

__Генеральный партнер — RUBx. В мероприятии также приняли участие в качестве партнеров: North Sails, фонд «Росконгресс», PROyachting, «Абрау-Дюрсо», часовой бренд Алексей Якушик.__

#информационноесообщение",18614,50,,kommersant
108145,2026-05-27T09:44:47+00:00,"**Впервые в истории зафиксированный годовой ущерб от киберпреступлений превысил $20 млрд, **сообщили в ФБР. Причем жалобы на злоумышленников поступали в ФБР как из США, так и из других стран мира. По сравнению с 2024 годом потери из-за преступлений в интернете выросли на 25%, а с 2020 годом ($4,2 млрд) — почти в пять раз. 

ФБР [обращает особое внимание](https://www.kommersant.ru/doc/8690964?tg) на такие распространенные виды киберпреступлений, как **мошенничество с инвестициями в криптовалюты.**

«Эти изощренные долгосрочные аферы используют психологические манипуляции, видимость легитимности и эксплуатацию криптовалют для обмана жертв с целью заставить их инвестировать крупные суммы денег»,— отмечается в докладе. 

Мошенничество с инвестициями в криптовалюты стало основным источником финансовых потерь для американцев в 2025 году, составив $7,2 млрд. 

**Среди других распространенных видов киберпреступлений в США также отмечены:**

▪ аферы якобы от имени государственных органов — около 32 тыс. жалоб, убытки на сумму $798 млн;
▪ «захват учетных данных» якобы от имени финансовых организаций — около 4,7 тыс. жалоб, ущерб на сумму $360 млн;
▪ мошенничество с фиктивной курьерской доставкой золота/драгметаллов — 725 жалоб, ущерб на сумму $312 млн;
▪ создание фиктивных инвестиционных клубов/сообществ — около 1,6 тыс. жалоб, убытки $160 млн.

В ФБР также отмечают, что чаще всего жертвами киберпреступников становились пожилые люди, а использование злоумышленниками ИИ стало обычным делом.

▪ [Подписывайтесь на «Ъ» в MAX |](https://max.ru/kommersant) [в Telegram](https://t.me/+bPtk49gFbCBkYzdi)",18196,51,,kommersant
108144,2026-05-27T09:36:40+00:00,"❗️ **В связи со вспышкой лихорадки Эбола в Африке усилен санитарно-карантинный контроль в пунктах пропуска на госгранице РФ, **сообщили в Роспотребнадзоре.

В ведомстве подчеркнули, что риски завоза лихорадки Эбола в Россию оцениваются как низкие, а завозных случаев болезни зафиксировано не было.

Роспотребнадзор разработал тест-систему для диагностики лихорадки Эбола, вызываемой штаммом Бундибуджио, организовано ее производство.

▪ [Подписывайтесь на «Ъ» в MAX |](https://max.ru/kommersant) [в Telegram](https://t.me/+bPtk49gFbCBkYzdi)",18100,40,,kommersant
108143,2026-05-27T09:25:49+00:00,"**Газовые соглашения с Арменией — коммерческий вопрос, **заявил Дмитрий Песков. Представитель Кремля перенаправил в «Газпром» вопрос о возможной денонсации газовых соглашений с Арменией. При этом господин Песков отметил, что льгота в соглашениях всегда за чей-то счет, для Армении — это вклад РФ.

**Что еще сказал Дмитрий Песков:**

🔵 Дивиденды для Армении от ЕАЭС гарантированы, а будет ли это в ЕС, неизвестно.

🔵 Никто не может упрашивать Армению остаться в ЕАЭС, но разъяснения нужны.

🔵 Общение Владимира Путина и Никола Пашиняна в ближайшее время не запланировано.

🔵 Нынешний саммит не решит судьбу Армении, Ереван продолжит принимать участие в мероприятиях ЕАЭС.

▪ [Подписывайтесь на «Ъ» в MAX |](https://max.ru/kommersant) [в Telegram](https://t.me/+bPtk49gFbCBkYzdi)",18988,29,,kommersant
108142,2026-05-27T08:55:44+00:00,"**В Москве суд приговорил к трем годам 25 дням лишения свободы в колонии общего режима 27-летнюю девушку, сделавшую кальян на основе пасхального кулича.** Ее признали виновной в оскорблении чувств верующих, сообщили в столичной прокуратуре.

В ночь на 13 апреля она выложила в соцсети видео с кальяном на куличе и подписью «Даже Христос от такого воскрес». Позже девушка удалила публикацию и принесла извинения. 

Как отметили в прокуратуре, преступление девушка совершила во время испытательного срока по другому делу. В результате суд отменил назначенное ей ранее условное наказание.

▪ [Подписывайтесь на «Ъ» в MAX |](https://max.ru/kommersant) [в Telegram](https://t.me/+bPtk49gFbCBkYzdi)",26683,187,,kommersant
108141,2026-05-27T08:32:28+00:00,"**Армения не получала от России сообщений с предупреждениями о возможной денонсации соглашения о поставках газа, нефтепродуктов и необработанных алмазов. **Об этом заявило министерство территориального управления и инфраструктуры страны, [передает](https://www.kommersant.ru/doc/8691031?tg) «Арменпресс».

По данным «Ъ», министр энергетики России Сергей Цивилев ранее направил армянскому ведомству письмо, в котором указывалось, что Москва может приостановить или денонсировать в одностороннем порядке соглашение о поставках Еревану углеводородов.

▪ [Подписывайтесь на «Ъ» в MAX |](https://max.ru/kommersant) [в Telegram](https://t.me/+bPtk49gFbCBkYzdi)",19373,33,,kommersant
108140,2026-05-27T08:24:47+00:00,"❗️ **Верховный суд впервые проведет масштабное обобщение судебной практики по делам, связанным с использованием искусственного интеллекта,** сообщили в пресс-службе.

Отмечается, что при анализе особое внимание обратят на возмещение вреда, причиненного решениями ИИ, и на вопрос выбора надлежащего ответчика по таким искам.

«Отдельный блок посвящен защите чести, достоинства и деловой репутации при распространении порочащих сведений, созданных с помощью ИИ, включая случаи использования дипфейков, и защите интеллектуальной собственности, в том числе при обучении больших языковых моделей без согласия автора», — говорится в сообщении.

Также будут изучены административные и уголовные дела по вопросам оспаривания решений властей, принятых на основе предложений ИИ, а также фиксации правонарушений системами видеоаналитики и распознавания лиц.

По результатам изучения судебной практики ВС при необходимости даст разъяснения для обеспечения ее единообразия. Кроме того, Верховный суд также может выступить с инициативой о корректировке действующего законодательства в рамках предоставленных полномочий.

▪ [Подписывайтесь на «Ъ» в MAX |](https://max.ru/kommersant) [в Telegram](https://t.me/+bPtk49gFbCBkYzdi)",18801,77,,kommersant
108139,2026-05-27T08:12:54+00:00,"Минфин предлагает еще один вариант [изменений условий](https://www.kommersant.ru/doc/8690957?tg) выдачи семейной ипотеки. Новая инициатива министерства — **не выдавать новые льготные кредиты тем, у кого уже есть непогашенная льготная ипотека, оформленная до 23 декабря 2023 года.** 

Это следует из направленного в федеральное правительство письма замглавы Минфина Алексея Моисеева, на которое ссылается издание на строительную тематику «Московская перспектива». 

В Минфине изданию подтвердили отправку этого письма, сообщив, что инициатива должна снизить использование льготных жилищных кредитов не по прямому назначению, то есть на покупку квартир в инвестиционных целях.

В ведомстве подчеркнули, что в случае принятия этой инициативы отзывать уже выданные кредиты или повышать по ним требования не будут.

Стремление Минфина снизить зависимость рынка жилой недвижимости от семейной ипотеки, которая сейчас является основной в списке льготных кредитов, очевидно, связана в том числе с возникшим дефицитом бюджета страны. 

▪ [Подписывайтесь на «Ъ» в MAX |](https://max.ru/kommersant) [в Telegram](https://t.me/+bPtk49gFbCBkYzdi)",18802,44,,kommersant
108138,2026-05-27T08:00:27+00:00,"**Умер медиамагнат, совладелец Advance Publications Дональд Ньюхаус. Ему было 96 лет. **О его смерти [сообщила](https://www.kommersant.ru/doc/8691009?tg) The New York Times. Корпорации Advance Publications принадлежит издательский дом Condé Nast, который владеет The New Yorker, Vanity Fair, Vogue и другими изданиями.

Смерть миллиардера NYT подтвердил его сын Стивен. По его словам, Дональд Ньюхаус умер от лимфомы 26 мая в своем доме в Нью-Джерси.

Дональд Ньюхаус родился в 1929 году в Нью-Йорке. Он и его старший брат Сэмюэл Ньюхаус-младший (более известный как Си) унаследовали медиаимперию Advance Publications от своего отца Сэмюэла Ньюхауса. 

Дональд Ньюхаус отвечал за газеты и кабельные активы холдинга, а Си — курировал Condé Nast, The New Yorker, Vanity Fair, Vogue, Architectural Digest, Wired и другие журналы.

__📷____ Danny Moloshok / Reuters__

@kommersant",21439,74,,kommersant
108137,2026-05-27T07:32:18+00:00,"💵 **Фонд Совета мира, учрежденный по инициативе президента США Дональда Трампа, за четыре месяца не получил ни одного доллара взносов. **Об этом [сообщает](https://www.kommersant.ru/doc/8690972?tg) Financial Times со ссылкой на четыре осведомленных источника.

Как рассказали два собеседника издания, вместо того чтобы использовать официальный фонд, учрежденный и управляемый Всемирным банком, Совет мира получает пожертвования напрямую через свой счет в JPMorgan. Отчетность американского банка, в отличие от Всемирного банка, гораздо менее прозрачна, отмечается в публикации.

Представитель Совета сообщил FT, что организация разработала «несколько вариантов получения финансирования» наряду с механизмом Всемирного банка. 

«На данный момент доноры предпочли использовать другие варианты», — заявил источник. 

По его словам, Совет представит финансовые отчеты руководству, включая господина Трампа, «в подходящее для этого время».

▪ [Подписывайтесь на «Ъ» в MAX |](https://max.ru/kommersant) [в Telegram](https://t.me/+bPtk49gFbCBkYzdi)",18425,48,,kommersant
108136,2026-05-27T07:27:45+00:00,"🚙 **Папа римский Лев XIV одним из первых сел за руль нового электрокара Ferrari. **Автомобиль был представлен понтифику в летней папской резиденции в Кастель-Гандольфо, сообщила газета La Repubblica.

Итальянский автоконцерн презентовал свой первый электрокар Ferrari Luce 26 мая в Риме. Автомобиль станет одним из самых дорогих Ferrari, за исключением ограниченных серий. Стартовая цена модели — €550 тыс. Авто способно за 2,5 секунды разогнаться до 100 км/ч. 

Над внешним видом модели работало бюро LoveForm бывшего главного дизайнера Apple Джонатана Айва. Первые поставки Luce клиентам должны начаться в октябре.

▪ [Подписывайтесь на «Ъ» в MAX |](https://max.ru/kommersant) [в Telegram](https://t.me/+bPtk49gFbCBkYzdi)",18767,107,,kommersant
108135,2026-05-27T07:18:39+00:00,"**❗️**** В Казахстане потерпел крушение самолет Ан-2, один человек погиб. **Об этом сообщает ТАСС со ссылкой на министерство транспорта республики.

Уточняется, что самолет разбился в районе села Железинка Павлодарской области. Он выполнял авиационно-химические работы. По предварительным данным, самолет задел линии электропередачи. На борту находились два человека, второго пилота спасли.

@kommersant",18113,12,,kommersant
108133,2026-05-27T06:37:51+00:00,"💬 Антон Силуанов ответил на вопросы «Ъ». Министр финансов рассказал о планируемых правках в действующий бюджет, приоритетах правительства, снижении зависимости от нефтегазовых доходов и «обелении» экономики. 

**Главные заявления из интервью господина Силуанова — **[**в подборке «Ъ»:**](https://www.kommersant.ru/doc/8690769?tg)

🔹 Весенних поправок в федеральный бюджет через Госдуму в этом году не будет, однако параметры бюджета все же изменятся из-за новых макроэкономических условий и необходимости перераспределения средств на приоритетные направления.

🔹 Необходимо сохранить гибкость бюджетной политики на фоне растущей мировой неопределенности, включая конфликт на Ближнем Востоке.

🔹 С 2019 года расходы федерального бюджета выросли с 16,6% до 20% ВВП, а в денежном выражении — более чем в 2,3 раза. Это связано с пандемией, санкциями и необходимостью увеличивать расходы на безопасность и поддержку экономики.

🔹 Резервы не бесконечны, поэтому нужен переход к более сдержанным расходам.

🔹 Структура бюджета постепенно становится менее зависимой от нефтегазовых доходов.

🔹 Ненефтегазовые поступления формируют около 80% доходов федерального бюджета и почти 90% всей бюджетной системы. Это связано с ростом промышленности, сельского хозяйства, сферы услуг и цифровой экономики, а также с мерами по «обелению» бизнеса.

🔹 Базовая цена нефти в бюджетном правиле рассматривается как долгосрочный ориентир и не должна корректироваться под текущую конъюнктуру.

🔹 Минфин намерен использовать благоприятные цены на нефть для пополнения Фонда национального благосостояния.

🔹 Налоговые изменения — включая пятиступенчатую шкалу НДФЛ и рост налога на прибыль — должны принести бюджету дополнительные доходы на уровне 2,2–2,3% ВВП ежегодно.

🔹 Поступления НДС за первые месяцы года выросли более чем на 20%, а сборы налога на прибыль и НДФЛ в прошлом году увеличились почти на 90%.

🔹 Россия сохраняет один из самых низких уровней госдолга среди стран G20.

🔹 Правительство уже подготовило список компаний с госучастием для IPO и SPO.

🔹 В 2026 году власти рассчитывают провести два-три вторичных размещения акций.

🔹 Задача правительства — увеличить капитализацию российского фондового рынка до 66% ВВП к 2030 году.

▪ [Подписывайтесь на «Ъ» в MAX |](https://max.ru/kommersant) [в Telegram](https://t.me/+bPtk49gFbCBkYzdi)",18307,70,,kommersant
108132,2026-05-27T06:23:36+00:00,"Госдума 26 мая приняла в первом чтении законопроекты **об отмене некоторых штрафов за неподачу деклараций — в частности, «нулевых».** Сейчас на такие нарушения приходится 55% всех санкций, связанных с непредставлением деклараций, при этом размеры штрафов не покрывают расходы государства на их взимание. 

За несвоевременную подачу уже «ненулевых» деклараций вводится упрощенный порядок привлечения бизнеса к ответственности.

Инициатива, [заверяют авторы проекта,](https://www.kommersant.ru/doc/8690722?tg) не будет стимулировать к непредставлению деклараций в целом — подобное бездействие может стать основанием для более серьезных мер, включая блокировку счетов.

▪ [Подписывайтесь на «Ъ» в MAX |](https://max.ru/kommersant) [в Telegram](https://t.me/+bPtk49gFbCBkYzdi)",16634,35,,kommersant
108131,2026-05-27T05:58:20+00:00,"📰 **Эксклюзивные материалы свежего номера газеты «Коммерсантъ»:**

🔵 Несмотря на рост продаж водки, ее доля в структуре реализации крепкого алкоголя в январе—апреле [снизилась,](https://www.kommersant.ru/doc/8690725?tg) составив около 60%. 

🔵 Минцифры [расширило](https://www.kommersant.ru/doc/8690744?tg) перечень данных, которые операторы связи должны собирать и передавать силовым структурам. 

🔵 Спад загруженности строительных компаний, наблюдавшийся в начале 2026 года, [сменился ростом.](https://www.kommersant.ru/doc/8690694?tg)

🔵 В 2025 году резко, более чем на 20%,[ выросло](https://www.kommersant.ru/doc/8690623?tg) количество компаний, которые приобретали полисы страхования ответственности директоров.

🔵Директор по финансовым сервисам «Авито» Татьяна Жаркова [в интервью «Ъ» рассказала](https://www.kommersant.ru/doc/8690604?tg) об отличиях классифайда от маркетплейса.

🔵В интервью «Ъ» министр финансов России Антон Силуанов [рассказал](https://www.kommersant.ru/doc/8690733?tg) о ситуации с бюджетом, администрировании налогов, «обелении экономики» и о перспективах IPO госкомпаний.

🔵 Общая выручка организаций ИТ-отрасли в России за 2025 год [увеличилась](https://www.kommersant.ru/doc/8690739?tg) до 14 трлн руб.**
**
🔵 Дальнейшее сближение с ЕС грозит Армении [полной остановкой поставок](https://www.kommersant.ru/doc/8690724?tg) из РФ газа, нефтепродуктов и алмазов. 

👉 __Читайте другие эксклюзивные заметки __[__на сайте «Ъ».__](https://www.kommersant.ru/daily/166380?tg)

#Ъузнал",78092,129,,kommersant
108130,2026-05-27T05:42:56+00:00,"**Канада ввела 21-дневную самоизоляцию для прибывших из регионов с Эболой.** Канадские власти также на 90 дней приостанавливают рассмотрение заявлений об иммиграции из Конго, Южного Судана и Уганды, [передает AP.](https://www.kommersant.ru/doc/8690879?tg)

По данным Агентства общественного здравоохранения Канады, меры вводятся «из соображений повышенной осторожности» и будут действовать до 29 августа.

▪ [Подписывайтесь на «Ъ» в MAX |](https://max.ru/kommersant) [в Telegram](https://t.me/+bPtk49gFbCBkYzdi)",20894,37,,kommersant
108129,2026-05-27T05:23:53+00:00,"**Почти 70% опрошенных считают «актуальными» проблемы, связанные с давлением на женщин, дискриминацией и насилием. **Об этом свидетельствуют результаты опроса исследовательского центра Russian Field, проведенного с 13 по 20 мая среди 1605 респондентов ([есть в распоряжении «Ъ»](https://www.kommersant.ru/doc/8690627?tg)).

Согласно результатам опроса, неактуальными эти проблемы считают 25% респондентов, большинство скептиков — мужчины в возрасте 45–49 лет, имеющие высшее образование и достаток. 

Среди женщин названные проблемы считают важными 80% опрошенных, среди мужчин — 56%. Среди россиян 18–29 лет согласны с актуальностью проблематики 79% респондентов, в возрастной группе 45–60+ лет — 67%.

▪ [Подписывайтесь на «Ъ» в MAX |](https://max.ru/kommersant) [в Telegram](https://t.me/+bPtk49gFbCBkYzdi)",17754,61,,kommersant
108128,2026-05-27T05:04:49+00:00,"🗞🗞🗞🗞 **Доля водки в структуре продаж крепкого алкоголя в январе—апреле **[**сократилась**](https://www.kommersant.ru/doc/8690725?tg)** до 60,3%. **Снижение доли рынка у водки наблюдается, несмотря на рост розничных продаж — на 1,6%, до 24,2 млн декалитров.

Эксперты связывают это в первую очередь с более выраженным увеличением продаж джина, рома, настоек. Популярность этих напитков растет из-за стремления потребителей расширить вкусовую палитру.

При этом в категории водки рост показывают в основном те марки, производители которых используют стратегию сдерживания цен. По мнению участников рынка, потенциал 95% классических среднеценовых и низкоценовых водок исчерпан. В долгосрочной перспективе водка начнет уступать в продажах ликерам, аперитивам, виски и другим напиткам.

#Ъузнал",35424,71,,kommersant
108127,2026-05-27T04:40:51+00:00,"Силы ПВО сбили за ночь **140 беспилотников **над регионами России, сообщили в Минобороны.

▪ [Подписывайтесь на «Ъ» в MAX |](https://max.ru/kommersant) [в Telegram](https://t.me/+bPtk49gFbCBkYzdi)",16825,4,,kommersant
108126,2026-05-27T04:28:32+00:00,"🗞🗞🗞🗞 **Крупнейшие российские сервисы продаж отелей начали терять позиции. **На долю топ-10 игроков в мае [пришлось 83,7% гостиничных продаж,](https://www.kommersant.ru/doc/8690680?tg) что на 2,3% меньше, чем годом ранее. 

Спад во многом обеспечили сервисы «Яндекса», потерявшие часть рынка после конфликта с гостиничными сетями. Доля «Яндекс Путешествий» в мае размылась с 21,22% до 20,19%, Acase. ru — с 13,68% до 10,69%, следует из материалов Travelline. Объем продаж через Bronevik. com сократился с 7,91% до 6,3%.

Усилиться смогли небольшие платформы и китайский Trip. com. Именно он при отсутствии регуляторных ограничений может стать лидером рынка.

#Ъузнал",18437,63,,kommersant
108125,2026-05-27T04:01:07+00:00,"**⛅️****️ Главные новости к утру:**

🔸 ОБСЕ [отклонила](https://www.kommersant.ru/doc/8690762?tg) просьбу России провести заседание по поводу удара ВСУ в ЛНР.

🔸 Владимир Путин [оценил](https://www.kommersant.ru/doc/8690774?tg) объем капиталовложений России в экономику Казахстана в $30 млрд.

🔸 Суд [оправдал](https://www.kommersant.ru/doc/8690815?tg) участкового по делу о фигурантах теракта в «Крокусе».

🔸 Три человека [погибли](https://www.kommersant.ru/doc/8690816?tg) при пожаре в частном доме в Липецке.

🔸 Международная федерация университетского спорта [допустила](https://www.kommersant.ru/doc/8690786?tg) россиян к соревнованиям.

#главноекутру",18583,12,,kommersant
108124,2026-05-27T03:45:10+00:00,"**🗞****🗞****🗞****🗞**** Вакантность в коворкингах Москвы увеличилась до 16%. **Это [связано](https://www.kommersant.ru/doc/8690039?tg) с появлением на рынке большого объема еще не заполненных площадей, которые в условиях падения спроса долго остаются вакантными.

При этом **ставки аренды в этом сегменте продолжают стремительно расти**: в мае 2026 года показатель увеличился на 42% год к году, до 63,3 тыс. руб. за 1 рабочее место в месяц. 

Эксперты ожидают, что при стабилизации спроса уже к концу 2026 года доля свободных площадей в сервисных офисах может снизиться до 6–7%.

#Ъузнал",17012,29,,kommersant
108123,2026-05-27T03:13:28+00:00,"**Минцифры расширило перечень данных, которые операторы связи должны собирать и передавать силовым структурам.** Речь идет об адресах абонентов, паспортных данных, сведениях о счетах в банках и т. д. Это необходимо для обеспечения безопасности и проведения оперативно-разыскных мероприятий. 

Эксперты [связывают](https://www.kommersant.ru/doc/8690744?tg) обновление требований с технологической гонкой и расширением круга компаний, обязанных устанавливать контролирующее оборудование.

«Бизнесу, владеющему такой инфраструктурой, придется модернизировать оборудование, возможно, закупать более мощные серверы для ""отложенного"" поиска и переписывать программное обеспечение для интеграции с новыми интерфейсами. При этом это повышает возможности правоохранительных органов по раскрытию тяжких преступлений».

📡 [Сети меняются. Мы следим. Подписывайтесь](https://t.me/+SkQgmXpzMqFjZjli).",16569,135,,kommersant
108122,2026-05-27T02:30:41+00:00,"**🗞****🗞****🗞****🗞**** Минфин рассчитывает на широкий интерес инвесторов к новому выпуску ОФЗ в юанях, **заявил [в интервью «Ъ»](https://www.kommersant.ru/doc/8690733?tg) глава ведомства Антон Силуанов. По его словам, министерство предлагает рынку дебютные облигации федерального займа в китайской валюте со сроком погашения до десяти лет.

💬 «Рыночных инструментов такой срочности в данной валюте на российском рынке сейчас нет»,— отметил министр.

Новый выпуск станет продолжением программы развития рынка суверенных бумаг в юанях, начатой в декабре прошлого года. Тогда Минфин разместил ОФЗ в китайской валюте со сроками обращения до трех и семи лет общим объемом 20 млрд юаней.

#Ъузнал",16245,23,,kommersant
108121,2026-05-27T02:13:50+00:00,"**Германия и Канада готовятся подписать соглашение о поставках сжиженного природного газа** (СПГ), [пишет](https://www.kommersant.ru/doc/8690818?tg) Bloomberg со ссылкой на источники.

Покупателем канадского газа в Германии должна стать немецкая компания SEFE. Это бывшее подразделение «Газпрома», национализированное правительством после начала боевых действий на Украине.

✔️ [Подписывайтесь на «Ъ» в MAX |](https://max.ru/kommersant)[ в Telegram](https://t.me/+bPtk49gFbCBkYzdi)",15904,25,,kommersant
108120,2026-05-27T01:49:02+00:00,"**«Задача регулятора — усиливать конкуренцию на рынке банковских продуктов»**

На «Авито» ежедневно миллионы людей тратят и зарабатывают деньги, площадка предоставляет различные финансовые сервисы, но, в отличие от маркетплейсов, даже не планирует в обозримом будущем создавать собственный банк. О том, чем классифайд отличается от маркетплейсов и какие направления «Авито» намерена развивать, «Ъ» рассказала директор по финансовым сервисам компании **Татьяна Жаркова**.

«В нашем случае основной объем сделок — это сделки между физлицами, продажа вещей с историей, как по количеству, так и по объему. Да, на «Авито» работают компании и предприниматели — сегодня это около 1,4 млн профессиональных продавцов, и это важная часть платформы. Но сердце и основа платформы именно C2C-сегмент».

📰 **Читайте интервью **[**на сайте**](https://www.kommersant.ru/doc/8690604?tg)**.**

📷 __Евгений Разумный, «Коммерсантъ»__

#Ъузнал",15980,25,,kommersant
108119,2026-05-27T01:13:23+00:00,"**🗞****🗞****🗞****🗞**** Антон Силуанов назвал IPO способом привлечь капитал без роста долга.**

Правительство рассчитывает активнее использовать IPO и SPO для развития фондового рынка и привлечения инвестиций в компании, сообщил глава Минфина в интервью «Ъ». По его словам, в правительство уже внесены предложения по перечню компаний с госучастием, которые могут выйти на первичное и вторичное размещение, а также по срокам и объемам сделок. Потенциальные кандидаты есть в разных отраслях экономики. «В текущем году планируем провести два-три SPO»,— сказал он.

Конкретные компании называть пока не будут, чтобы не допустить манипулирования рынком. 

👉 **__Подробнее — __**[**__в интервью Антона Силуанова «Ъ»__**](https://www.kommersant.ru/doc/8690733?tg)**__.__**

#Ъузнал",15364,17,,kommersant
108118,2026-05-27T00:44:34+00:00,"**🗞****🗞****🗞****🗞**** В России вырос спрос на страхование ответственности директоров. **Количество компаний, которые приобретали полисы страхования ответственности директоров, в 2025 году [увеличилось](https://www.kommersant.ru/doc/8690623?tg) резко, более чем на 20%. Число договоров достигло максимума за шесть лет, при этом объем сборов существенно снизился. Тем не менее сегмент остается привлекательным для страховщиков, которые рассчитывают на расширение клиентской базы.

В сегменте крупного корпоративного сектора, где оборот превышает 10 млрд руб. в год, а лимиты составляют нескольких миллиардов рублей, **стоимость страховки достигает 1–10 млн руб.**, указывает эксперт.

#Ъузнал",15094,43,,kommersant
108117,2026-05-27T00:26:10+00:00,"Бывший заместитель секретаря Совета безопасности России **генерал-полковник Олег Храмов стал советником главы Сбербанка Германа Грефа**, [пишет](https://www.kommersant.ru/doc/8690813?tg) РБК.

В Совбезе господин Храмов проработал с 2017 года по декабрь 2025-го. На его место был назначен Максим Кутомкин. По информации «Ъ», Олег Храмов прекратил работу в Совете безопасности из-за достижения 70 лет — максимального возраста нахождения на государственной и военной службе.

✔️ [Подписывайтесь на «Ъ» в MAX |](https://max.ru/kommersant)[ в Telegram](https://t.me/+bPtk49gFbCBkYzdi)",31507,156,,kommersant
108116,2026-05-27T00:05:25+00:00,"🗞🗞🗞🗞 **В 2026 году ожидается кратный рост числа пользователей инвествычета.** Об этом сообщил [в интервью «Ъ»](https://www.kommersant.ru/doc/8690733?tg) глава Минфина Антон Силуанов.

За 2025 год федеральным инвестиционным налоговым вычетом (ФИНВ) воспользовались 759 компаний, а его объем превысил 26 млрд руб., рассказал министр. По его словам, в первом квартале этого года объем вычетов уже вдвое больше, чем за аналогичный период 2025 года,— тогда ФИНВ получили 250 организаций на сумму 2,2 млрд руб.

«В текущем году мы ожидаем кратного увеличения числа пользователей вычета, в том числе благодаря расширению возможности его применения в рамках группы налогоплательщиков»,— отметил Антон Силуанов. При этом, добавил глава Минфина, донастройка ФИНВ обсуждается «в рамках создания инвестиционно привлекательных условий для отдельных макрорегионов».

#Ъузнал",14854,22,,kommersant
108115,2026-05-26T23:42:29+00:00,"**🗞****🗞****🗞****🗞**** Загруженность строительных подрядчиков медленно, но растет.** В апреле 2026 года обеспеченность контрактами [выросла](https://www.kommersant.ru/doc/8690694?tg) на 4%, а объем заказов — на 9,5%. Индустрия показывает первые признаки восстановления после прошлогоднего падения, а спрос разгоняет активизация госпроектов.

Ключевой фактор роста — эффект низкой базы: начало 2025 года было провальным из-за жесткой денежно-кредитной политики, а в начале 2026 года уже произошло смягчение — заемные деньги стали чуть доступнее, говорит эксперт.

#Ъузнал",14467,20,,kommersant
108114,2026-05-26T23:24:07+00:00,"**Минфин подготовил предложения по корректировке параметров действующего бюджета на 2026–2028 годы**, [сообщил](https://www.kommersant.ru/doc/8690764?tg) в интервью «Ъ» министр финансов Антон Силуанов. Их целью, по его словам, «является бесперебойное исполнение обязательств бюджета вне зависимости от внешних факторов».

«Это касается обеспечения выполнения социальных программ, обороноспособности и безопасности страны, технологических приоритетов, а также обязательств, зависящих от инфляции и процентных ставок»,— сказал министр.

Причина, по его словам, в изменении макроусловий по сравнению с ранее планировавшимися, а также в необходимости дополнительной концентрации ресурсов на важных приоритетных направлениях. 

#Ъузнал",15184,26,,kommersant
108113,2026-05-26T23:03:46+00:00,"**США с начала блокады иранских портов перехватили 108 судов**, сообщило Центральное командование ВС США (CENTCOM).

По информации Axios, США и Иран прорабатывают меморандум, который позволит продлить перемирие между странами еще на 60 дней. Согласно проекту документа, Иран должен будет открыть Ормузский пролив для международного судоходства, в ответ на что Соединенные Штаты снимут блокаду иранских портов.

✔️ [Подписывайтесь на «Ъ» в MAX |](https://max.ru/kommersant)[ в Telegram](https://t.me/+bPtk49gFbCBkYzdi)",14919,11,,kommersant
108112,2026-05-26T22:40:59+00:00,"**После периода быстрого роста расходов сегодня требуется «определенная сдержанность»**, заявил глава Минфина [Антон Силуанов в интервью «Ъ»](https://www.kommersant.ru/doc/8690733?tg). Так он ответил на вопрос о подходах ведомства к планированию трат бюджета на следующую трехлетку (2027–2029 годы).

Господин Силуанов отметил, что расходы федерального бюджета в последние годы росли опережающими темпами.
«С 2019 года они выросли почти на 3,5 процентного пункта ВВП — с 16,6% до 20% в 2025 году, рост в деньгах более чем в 2,3 раза. Это следствие внешних обстоятельств — от ковида до санкционных действий западных стран против нас»,— сказал министр. Он отметил, что на это потребовались немалые ресурсы, в первую очередь бюджетные — были задействованы накопленные в предшествующие периоды резервы.

#Ъузнал",15679,28,,kommersant
108111,2026-05-26T22:20:15+00:00,"**Госдума обратится к ООН по поводу атаки на Старобельск.** Проект опубликован в электронной базе парламента. Докладчиком назначен председатель комитета по международным делам Леонид Слуцкий.

💬 «Депутаты Государственной Думы призывают всех своих здравомыслящих коллег в парламентах стран мира и международных парламентских организациях … решительно осудить преступные действия киевской хунты»,— написано в документе.

Парламентарии также хотят призвать власти других стран к прекращению военной, материальной и финансовой помощи Украине.

✔️ [Подписывайтесь на «Ъ» в MAX |](https://max.ru/kommersant)[ в Telegram](https://t.me/+bPtk49gFbCBkYzdi)",15757,23,,kommersant
108110,2026-05-26T21:56:08+00:00,"💰 **Сборы налога на прибыль и НДФЛ в федеральный бюджет в прошлом году выросли почти на 90%**, а по итогам января—апреля рост поступлений НДС превысил 20%. Об этом сообщил глава Минфина Антон Силуанов [в интервью «Ъ»](https://www.kommersant.ru/doc/8690733?tg).

По его словам, предварительно можно сказать, что ситуация с получением налоговых поступлений после изменения параметров фискальной системы развивается **«в плановых параметрах» — хотя подводить итоги пока рано**. С этого года, отметил Антон Силуанов, принятые корректировки позволят обеспечить дополнительные сборы в размере 2,2–2,3 процентного пункта ВВП в год.

С 2025 года повышен налог на прибыль с 20% до 25%, а также введена пятиступенчатая шкала НДФЛ. В федеральный бюджет поступает лишь часть налога на прибыль — по ставке 8% (ранее — 3%), остальные 17% направляются в региональные бюджеты. Доходы от базовой ставки НДФЛ в 13% получают субъекты РФ и муниципалитеты. Сборы же от повышенных ставок поступают в федеральный бюджет. С 2026 года также повышен НДС с 20% до 22%.

#Ъузнал",16606,70,,kommersant
108109,2026-05-26T21:34:09+00:00,"**↖️**** Общая выручка организаций ИТ-отрасли в России за 2025 год увеличилась на 14%**, до 13,973 трлн руб, следует из данных НИУ ВШЭ и АНО «Цифровая экономика», с которыми [ознакомился «Ъ»](https://www.kommersant.ru/doc/8690739?tg).

Прибыль организаций достигла 1,676 трлн руб., что на 21% выше уровня 2024 года.

В расчеты аналитиков входят:

🔹 отрасль информационных технологий;

🔹 сектор информационно-коммуникационных технологий;

🔹 сектор контента и средств массовой информации.

📡 [Сети меняются. Мы следим. Подписывайтесь](https://t.me/+SkQgmXpzMqFjZjli).",16279,18,,kommersant
108108,2026-05-26T21:06:13+00:00,"**💬**** «Финансовый запас прочности надо наращивать»**

🗞🗞🗞🗞 **В интервью «Ъ» министр финансов России Антон Силуанов рассказал о ситуации с бюджетом, администрировании налогов, «обелении экономики» и о перспективах IPO госкомпаний**.

«Все понимают, что неопределенность в мире усиливается, особенно в свете конфликта на Ближнем Востоке. Это требует от нас оперативно и гибко реагировать на возможные вызовы в ходе исполнения бюджета. Поэтому Минфин подготовил законодательные предложения, целью которых является бесперебойное исполнение обязательств бюджета вне зависимости от внешних факторов. Это касается обеспечения выполнения социальных программ, обороноспособности и безопасности страны, технологических приоритетов, а также обязательств, зависящих от инфляции и процентных ставок».
  
👉 __Читайте интервью __[__на сайте__](https://www.kommersant.ru/doc/8690733?tg)__. __
   
#Ъузнал",18609,65,,kommersant
108107,2026-05-26T20:15:09+00:00,"**Владимир Путин оценил объем капиталовложений России в экономику Казахстана в $30 млрд.** Об этом президент написал в статье «Россия — Казахстан: союз в сердце Евразии», опубликованной в преддверии визита в республику.

💬 «Свыше 40 процентов всех казахстанских юридических лиц с иностранным капиталом — это компании, созданные совместно с партнерами из России»,— отметил господин Путин. В Казахстане реализуется около 70 крупных проектов с участием российских инвесторов.  

Визит российского президента в Казахстан продлится с 27 по 29 мая.

✔️ [Подписывайтесь на «Ъ» в MAX |](https://max.ru/kommersant)[ в Telegram](https://t.me/+bPtk49gFbCBkYzdi)",20279,37,,kommersant
108106,2026-05-26T19:54:44+00:00,"Президент США Дональд Трамп **провел телефонный разговор с премьер-министром Израиля Биньямином Нетаньяху**, сообщил в соцсети Х журналист Axios Барак Равид со ссылкой на источник. Детали разговора не раскрываются. 

Перед началом телефонного разговора Биньямин Нетаньяху провел заседание кабинета министров Израиля по вопросам безопасности, пишет Ynet.

▪ [Подписывайтесь на «Ъ» в MAX |](https://max.ru/kommersant) [в Telegram](https://t.me/+bPtk49gFbCBkYzdi)",19000,17,,kommersant
108105,2026-05-26T19:11:10+00:00,"**Конституционный суд признал право страховщиков возмещать ущерб после ДТП на сумму не более 400 тыс. руб.** Такое постановление КС было [опубликовано](https://www.kommersant.ru/doc/8690672?tg) по жалобе компании «Т-Страхование» на закон об «автогражданке».

Его нормы в действующей редакции не учитывают сложности с поставками запчастей и наложенные на РФ санкции — в результате ремонтировать машины по страховке стало дороже и сложнее. Этим пользуются граждане, взыскивая в судах со страховщиков суммы, превышающие предельные допустимые по закону 400 тыс. руб. 

Такая практика, признал суд, угрожает страховому бизнесу и может привести к росту цен на ОСАГО. Решение КС важно для страхового рынка, говорят эксперты, но владельцам поврежденных в ДТП автомобилей — особенно дорогих — компенсировать ущерб будет сложнее: им придется чаще судиться с виновниками аварий.

▪ [Подписывайтесь на «Ъ» в MAX |](https://max.ru/kommersant) [в Telegram](https://t.me/+bPtk49gFbCBkYzdi)",20478,141,,kommersant
108104,2026-05-26T19:00:02+00:00,"🌒 **Главные новости к вечеру **

▪️ Французский суд [не признал](https://www.kommersant.ru/doc/8690696?tg) российское банкротство препятствием для взыскания долга.

▪️ Суд [удовлетворил](https://www.kommersant.ru/doc/8690697?tg) заявление ЦБ о немедленном взыскании €200 млрд с Euroclear.

▪️  Москва [грозит](https://www.kommersant.ru/doc/8690724?tg) Армении разрывом соглашения о поставках газа, топлива и алмазов.

▪️ В России [могут](https://www.kommersant.ru/doc/8690717?tg) ограничить экспорт дизтоплива и керосина.

▪️ Президента РСПП Александра Шохина [назначат](https://www.kommersant.ru/doc/8690330?tg) новым уполномоченным по правам предпринимателей в России.

▪️** **Wildberries [займется](https://www.kommersant.ru/doc/8690469?tg) развитием розничного бизнеса ВТБ.

#главноеквечеру",81465,137,,kommersant
108103,2026-05-26T18:28:49+00:00,"**🗞****🗞****🗞****🗞**** Дальнейшее сближение с ЕС грозит Армении полной остановкой поставок из РФ газа, нефтепродуктов и алмазов.** [По данным «Ъ»](https://www.kommersant.ru/doc/8690724?tg), Москва теперь считает предоставленный в 2013 году беспошлинный режим для этих товаров невозможным и грозит Еревану заморозкой или денонсацией двусторонних соглашений. 

В результате Армения может не только потерять право на скидку на российский газ и нефтепродукты, но и в целом окажется в трудной ситуации из-за сложности с замещением российских поставок, считают аналитики.

#Ъузнал",19423,84,,kommersant
108102,2026-05-26T18:05:53+00:00,"💬 Похоже, бизнес на всякий случай выстроился в очередь: уже и график есть.

26 мая президент России Владимир Путин встретился в Кремле с президентом Российского союза промышленников и предпринимателей (РСПП) Александром Шохиным, а затем стало известно, что предложил ему к тому же должность уполномоченного по защите прав предпринимателей. 

👉 Специальный корреспондент «Ъ» **Андрей Колесников** [рассказывает](https://www.kommersant.ru/doc/8690701?tg), как они пришли к такому.

📷 __Пресс-служба президента РФ__

▪ [Подписывайтесь на «Ъ» в MAX |](https://max.ru/kommersant) [в Telegram](https://t.me/+bPtk49gFbCBkYzdi)",19240,36,,kommersant
108101,2026-05-26T17:48:56+00:00,"Минтранс и Росавиация получили представление от Минобороны **по особому режиму полетов гражданских судов в Московской воздушной зоне**, сообщила Росавиация.

Особый режим полетов касается малой авиации в Московской воздушной зоне. Ограничения не затронут регулярные и чартерные пассажирские рейсы и ряд других.

▪ [Подписывайтесь на «Ъ» в MAX |](https://max.ru/kommersant) [в Telegram](https://t.me/+bPtk49gFbCBkYzdi)",20993,30,,kommersant
108100,2026-05-26T17:32:48+00:00,"⚖️ Суд Экс-ан-Прованса во Франции** не признал российское банкротство препятствием для взыскания долга.**

Решение было вынесено по спору между двумя российскими гражданами: кредитором, проживающим в Германии, и должником, проживающим во Франции. 

Ответчик не вернул долг по договору займа вовремя, из-за чего кредитор судился с ним в России и в 2022 году получил три судебных решения о взыскании задолженности. Но затем в отношении должника было возбуждено дело о несостоятельности, и 9 февраля 2023 года арбитражный суд Саратовской области ввел одну из процедур по закону банкротства.

▪ [Подписывайтесь на «Ъ» в MAX |](https://max.ru/kommersant) [в Telegram](https://t.me/+bPtk49gFbCBkYzdi)",21176,35,,kommersant
108099,2026-05-26T17:04:30+00:00,"**Частный жилой дом частично обрушился в результате пожара и взрыва в Липецке**. Под завалами, предварительно, могут быть люди, сообщил губернатор Игорь Артамонов.

«В социальных сетях распространяется версия о том, что причиной происшествия якобы стало падение БПЛА. По данным оперативных служб эта информация не соответствует действительности Причины происшествия устанавливаются».

@kommersant",21127,26,,kommersant
108098,2026-05-26T16:44:25+00:00,"**В Иране казнили экс-чемпиона по смешанным боевым искусствам (ММА) Голамрезу Хани Шекараба, **сообщает иранское агентство Tasnim. 

Его признали виновным в шпионаже и сотрудничестве с израильской разведслужбой «Моссад».

Приговор привели в исполнение после его утверждения Верховным судом страны.

▪ [Подписывайтесь на «Ъ» в MAX |](https://max.ru/kommersant) [в Telegram](https://t.me/+bPtk49gFbCBkYzdi)",22300,82,,kommersant
108097,2026-05-26T16:21:48+00:00,"**Цена размещения одной акции ВТБ на SPO составит 87 руб. **Привлеченные деньги ВТБ направит на финансирование партнерства с Wildberries и Russ, а также на развитие основного бизнеса. Акции ВТБ падают на 8,43%, до 79,3 руб., следует из данных Investing. com.

▪ [Подписывайтесь на «Ъ» в MAX |](https://max.ru/kommersant) [в Telegram](https://t.me/+bPtk49gFbCBkYzdi)",54203,121,,kommersant
108096,2026-05-26T16:03:17+00:00,"❗️ Суд удовлетворил ходатайство Банка России **о немедленном исполнении решения о взыскании с бельгийского депозитария Euroclear **причиненных убытков, передает «Интерфакс». 

▪ [Подписывайтесь на «Ъ» в MAX |](https://max.ru/kommersant) [в Telegram](https://t.me/+bPtk49gFbCBkYzdi)",21748,57,,kommersant
108095,2026-05-26T15:54:19+00:00,"❗️ Общее собрание акционеров ВТБ 30 июня **обсудит увеличение уставного капитала путем размещения дополнительных обыкновенных акций,** сообщается на сайте центра раскрытия корпоративной информации. 

Объем допэмиссии составит до 49% акций. Доля государства по итогам SPO (вторичного размещения акций) останется выше 50%.

▪ [Подписывайтесь на «Ъ» в MAX |](https://max.ru/kommersant) [в Telegram](https://t.me/+bPtk49gFbCBkYzdi)",21442,47,,kommersant
108094,2026-05-26T15:53:03+00:00,"**США не выдали визу замглавы МИД РФ Александру Алимову для участия в заседании СБ ООН, **заявил постпред России при Всемирной Организации Василий Небензя.

«Несмотря на все наши попытки добиться от американской стороны выдачи ему визы, она так и не была ему выдана».

▪ [Подписывайтесь на «Ъ» в MAX |](https://max.ru/kommersant) [в Telegram](https://t.me/+bPtk49gFbCBkYzdi)",20398,50,,kommersant
108093,2026-05-26T15:41:19+00:00,"«Речь не идет о выборе конкретного человека. Мы должны вернуться к основам, а основы — это подготовка инструментов для оказания давления на Россию». 

ЕС безуспешно [ищет](https://www.kommersant.ru/doc/8690494?tg) переговорщика с Россией и решает, нужен ли он вообще после того, как в Вашингтоне заявили о намерении взять паузу в урегулировании украинского конфликта. 

Список потенциальных кандидатов на эту роль значительно расширился, а с ним и список тех, кто выступает против любых переговоров. Предметное обсуждение различных позиций должно состояться на встрече глав МИД стран ЕС в Лимасоле 27–28 мая, однако согласие по этому вопросу маловероятно.

▪ [Подписывайтесь на «Ъ» в MAX |](https://max.ru/kommersant) [в Telegram](https://t.me/+bPtk49gFbCBkYzdi)",20001,9,,kommersant
108092,2026-05-26T15:13:36+00:00,"**📰**** Владимир Путин назначил Михаила Корнеева послом в Гамбии.**

Посол в Сенегале Дмитрий Кураков освобожден от исполнения этих обязанностей по совместительству.

Кроме того, президент также назначил Андрея Ордаша послом в Либерии. 

▪ [Подписывайтесь на «Ъ» в MAX |](https://max.ru/kommersant) [в Telegram](https://t.me/+bPtk49gFbCBkYzdi)",19613,34,,kommersant
108091,2026-05-26T14:54:06+00:00,"**Военно-морские силы США возобновили сопровождение коммерческих судов через Ормузский пролив,** пишет The Wall Street Journal. 

По данным источников издания, греческий супертанкер, загруженный 2 млн баррелей нефти, следовал по морскому коридору у побережья Омана в сопровождении американских ВМС.

▪ [Подписывайтесь на «Ъ» в MAX |](https://max.ru/kommersant) [в Telegram](https://t.me/+bPtk49gFbCBkYzdi)",18596,16,,kommersant
108090,2026-05-26T14:33:11+00:00,"**Как рост числа одиночных домохозяйств меняет рынок жилья
**
По данным переписи населения 2021 года, в России насчитывалось 27,6 млн домохозяйств из [одного человека](https://www.kommersant.ru/doc/8573409), или 41,8% от общего числа. За 20 лет их доля почти удвоилась. Сейчас две трети домохозяйств состоят из одного или двух человек, тогда как полные семьи с детьми формируют лишь 20,7% от общего числа. 

На этом фоне спрос постепенно смещается в сторону компактного жилья — студий, однокомнатных квартир и небольших евродвушек. В городах-миллионниках доля сделок с малогабаритными квартирами уже достигает 30–32%. Средняя площадь приобретаемых квартир в новостройках Москвы за пять лет сократилась с 55,8 до 46,6 кв. м. Одновременно девелоперы стали активнее наращивать предложение компактных форматов. С 2020 года доля студий в московских новостройках комфорт- и бизнес-классов выросла с 5% до 13%, а доля однокомнатных квартир — с 26% до 38%.

При этом регулирование рынка по-прежнему ориентировано на семейный формат жилья. В 2024 году в Москве запретили строить студии и однокомнатные квартиры меньше 28 кв. м, а в 2025 году аналогичные ограничения ввела Московская область. В результате рынок активнее уходит в евроформаты и общественные пространства внутри жилых комплексов, которые частично компенсируют дефицит площади внутри квартиры.

__📷____Евгений Павленко, Коммерсантъ__",19114,88,,kommersant
108089,2026-05-26T14:11:00+00:00,"**📰**** Основное из заявлений Юрия Ушакова: **

▪️ Владимир Путин выступит на Евразийском экономическом форуме 28 мая;

▪️ Более 30 человек входят в делегацию РФ во время визита Владимира Путина в Казахстан, включая глав госкорпораций и крупного бизнеса;

▪️ Соглашение о создании первой АЭС в Казахстане по российскому проекту и за счет кредита подпишут в ходе визита президента РФ;

▪️ Владимир Путин и Касым-Жомарт Токаев также подпишут совместное заявление о семи основах дружбы народов двух стран. Всего будет подписано 16 документов;

▪️ Президенты России и Казахстана выступят с заявлением для прессы;

▪️ РФ на Евразийском экономическом форуме представит делегация из 400 человек, включая представителей бизнеса и научно-экспертного сообщества;

▪️ На РФ приходится пятая часть торговли Казахстана, товарооборот достиг рекордных $29 млрд;

▪️ Инвестиции РФ в экономику Казахстана на конец прошлого года превысили $29,4 млрд;

▪️ 76 регионов России напрямую сотрудничают с областями Казахстана;

▪️ С 1 января 2027 года председательство в ЕАЭС переходит к Киргизии;

▪️ Объем торговли стран ЕАЭС за время существования союза увеличился более чем в 2 раза, а товарооборот с третьими странами вырос на 72%.

▪ [Подписывайтесь на «Ъ» в MAX |](https://max.ru/kommersant) [в Telegram](https://t.me/+bPtk49gFbCBkYzdi)",18492,23,,kommersant
108088,2026-05-26T14:07:04+00:00,"Владимир Путин неоднократно обозначал отношение РФ к планам Армении вступить в ЕС и подчеркивал, что** членство в двух объединениях невозможно,** заявил помощник президента РФ Юрий Ушаков.

По его словам, на заседании ЕАЭС в узком составе будут обсуждены возможные последствия выхода Армении из союза.

▪ [Подписывайтесь на «Ъ» в MAX |](https://max.ru/kommersant) [в Telegram](https://t.me/+bPtk49gFbCBkYzdi)",17479,27,,kommersant
108087,2026-05-26T14:05:47+00:00,"Помощник президента РФ Юрий Ушаков назвал **энергетику одним из ключевых вопросов, **который будет обсуждаться в рамках визита Владимира Путина в Казахстан.

▪ [Подписывайтесь на «Ъ» в MAX |](https://max.ru/kommersant) [в Telegram](https://t.me/+bPtk49gFbCBkYzdi)",17037,10,,kommersant
108086,2026-05-26T14:03:04+00:00,"**Купальный сезон в Анапе официально стартует 1 июня**, сообщила мэр города Светлана Маслова. В прошлом году городские пляжи закрывали после крушения танкеров с нефтью в Керченском проливе. 

Сейчас территории вывели из опасной зоны: на побережье завозят чистый песок и устанавливают новую инфраструктуру, говорится в сообщении администрации. На этом фоне продажи путевок в Анапу могут вырасти на 40%, считают в Ассоциации туроператоров России. По данным организации, половину мест уже забронировали.

💬 **Владимир Иванов**, __управляющий сети отелей Anapa-Sochi Family:__
«Платежеспособность туристов последние два года резко падает, поэтому ожидать роста цен не приходится. Сейчас цены фактически на уровне прошлого года, и даже удерживать их тяжело. Люди постоянно торгуются. Последний месяц была практически полная тишина, особенно после новостей в Туапсе. Тогда отменили около 20% броней».

💬 **Николай Катанян**, __управляющий партнер курорта «Лучи»:__
«Мы уже видим эффект от открытия курортного сезона. Объем бронирований начал расти. Анапа остается уникальным курортом благодаря песчаным пляжам и удобной логистике. Даже в 2025 году, когда побережье было закрыто, качественные инфраструктурные объекты все равно показывали хороший спрос. Я думаю, что цены будут расти, но не только из-за сезона или открытия пляжей. Многое зависит от готовности самих объектов и запуска новых проектов».

🗣 [Слушать эфир](https://t.me/kfm936?livestream) l [Написать в чат-бот](https://t.me/kmfmbot) l [Подписаться](https://t.me/kfm936)",18417,15,,kommersant
108085,2026-05-26T13:39:56+00:00,"💰 **Еврокомиссия перенаправила €1,5 млрд для стран Прибалтики **на повышение обороноспособности, наблюдение на границе и экономическую безопасность, заявила председатель ЕК Урсула фон дер Ляйен.

▪ [Подписывайтесь на «Ъ» в MAX |](https://max.ru/kommersant) [в Telegram](https://t.me/+bPtk49gFbCBkYzdi)",17493,26,,kommersant
108084,2026-05-26T13:28:23+00:00,"🗞🗞🗞🗞 Прокуратура Московской области [**признала незаконным**](https://www.kommersant.ru/doc/8690371?tg)** возбуждение уголовного дела против руководства производителя молочных смесей ЗАО «Инфаприм», **заподозренного в хищении 75 млн руб. при получении государственных субсидий. Речь идет о деле против владельца Зафара Азимова, генерального директора предприятия Екатерины Грязновой и «неустановленных лиц».

Надзор констатировал, что для расследования не было достаточных оснований. Защита считает, что происшедшее могло быть попыткой рейдерского захвата предприятия.

📷 __Егор Снетков/Коммерсантъ__

#Ъузнал",17837,30,,kommersant
108083,2026-05-26T13:16:11+00:00,"«Нельзя допустить, чтобы ИИ „завладел человечеством“».

25 мая папа Лев XIV представил энциклику Magnifuca Humanitas, в которой изложил свое видение проблемы искусственного интеллекта. Вступление столь влиятельной фигуры в такую важную и острую дискуссию стало одной из главных новостей в мире. Никто из наблюдателей не стал оспаривать сделанные понтификом заявления. Многие, однако, отметили, что сам факт его вступления в дискуссию усиливает его очевидный конфликт с президентом США Дональдом Трампом.

🔵 **The Guardian (Лондон, Великобритания):**

__«Призвав к регулированию цифровой революции и ставя во главу угла человеческое достоинство, понтифик внес свой вклад в важнейшую этическую дискуссию… В рамках презентации энциклики папы Льва выступил Кристофер Олах, атеист и соучредитель Anthropic. Компания Anthropic, резко раскритикованная господином Трампом за отказ разрешить использовать некоторые из своих инструментов для ведения войн и массовой слежки, похоже, позиционирует себя как этически приемлемое с нравственной точки зрения лицо ИИ… Ватикан, по-видимому, рассматривает такое сотрудничество как символ необходимого морального диалога. Это кажется разумным подходом, несмотря на явно некатолические заявления Anthropic о потенциально «душевных качествах» своих больших языковых моделей, известных как Claude».__

🔵 **The Wall Street Journal (Нью-Йорк, США):**

__«Энциклику папы Льва давно ждали политики, лидеры бизнеса и представители различных религиозных групп, которые рассматривают католическую церковь, крупнейшую христианскую конфессию, как источник этических ориентиров в сфере технологической политики… Лев присоединяет свое моральное влияние к растущему недовольству влиянием ИИ. В США и за их пределами люди обеспокоены потерей рабочих мест… Тот факт, что критика исходит от первого американского папы,— это упрек в адрес технологической революции, зародившейся в США и поддержанной президентом Трампом, который обрушился на понтифика за критику войны в Иране. Акцент папы Льва на угрозах человеческому достоинству и его неприятие автономных систем вооружения ставят его в оппозицию технооптимистам, которые утверждают, что ИИ положит начало революции производительности и что США должны использовать свои достижения в военных целях раньше, чем это сделают такие соперники, как Китай».__

🔵**Le Monde (Париж, Франция):**

__«Спустя 13 месяцев после начала понтификата Лев XIV подписал свою первую энциклику. Это большое событие происходит в накаленной обстановке и затрагивает очень актуальную тему: искусственный интеллект… Энциклика Magnifica Humanitas может выдержать испытание временем, если побудит нас выйти за рамки «наивного энтузиазма» и «необоснованных страхов»… Лев XIV не просто провозглашает, что «иной мир возможен»: он призывает нас построить этот иной мир, хотя и не предлагает рецепта. Он не просто обрушивается с критикой на рынок, он просит нас признать, что сегодняшний капитализм, концентрирующий богатство и власть, уже не тот, что был раньше.
Здесь Лев XIV апеллирует не к чувствам, а к мысли. Мысли, которая требует от завтрашнего дня обязательств, которых сегодня не существует. Это само по себе является программой».__

🔵 **The Business Times (Сингапур, Сингапур):**
__
____«Так открыто заявляя о необходимости защиты людей в эпоху ИИ, первый в истории американский папа, возможно, встал на путь конфронтации с президентом США Дональдом Трампом, который выступает за дерегулирование быстро развивающейся технологии ради сохранения конкурентного преимущества перед Китаем.

70-летний папа добавляет свой голос к яростным дебатам о том, насколько следует ограничивать модели ИИ, учитывая опасения, что они могут повергнуть в хаос банковскую систему, выбирать цели для военных атак и со временем заменять людей в принятии решений по широкому кругу вопросов.

Публикация документа под названием Magnifica Humanitas, что в переводе с латыни означает «великолепное человечество», знаменует собой наиболее значимый поступок понтифика с тех пор, как год назад он стал главой 1,4 млрд католиков мира».____
__
▪ [Подписывайтесь на «Ъ» в MAX |](https://max.ru/kommersant) [в Telegram](https://t.me/+bPtk49gFbCBkYzdi)",16784,60,,kommersant
108082,2026-05-26T13:00:01+00:00,"**Чем отличаются модели собственности и аренды земли под новыми зданиями
**
Большинство жилых и коммерческих проектов в Москве строится на [арендованной ](https://www.kommersant.ru/doc/8673914)земле, и для рынка это давно стало стандартной практикой. По оценкам консультантов, только 10–20% современных проектов реализуются на участках в собственности девелопера, тогда как 80–90% строятся на арендованных площадках. Такая модель исторически сложилась из-за того, что значительная часть земли в столице находится в собственности города. При этом для покупателей квартир разница между арендой и собственностью земли под домом фактически незаметна.

Договоры аренды земли под многоквартирными домами и бизнес-центрами в Москве обычно заключаются на 49 лет — это максимальный срок, предусмотренный законодательством. После его окончания договор может продлеваться неограниченное число раз, а собственники помещений имеют преимущественное право на перезаключение аренды. Поэтому сама по себе аренда земли не считается фактором риска ни для жилья, ни для коммерческой недвижимости.

Для владельцев офисов и торговых помещений разница между арендой и собственностью участка в основном сводится к нюансам налогообложения. И собственники, и арендаторы земли фактически платят сопоставимые суммы — около 1,5% от кадастровой стоимости участка. Покупателям коммерческой недвижимости важнее проверять не то, как участок когда-то получил девелопер, а какое право на землю действует на дату сделки, есть ли обременения и риски непродления. Для самого девелопера земля в собственности может быть удобнее как финансовый инструмент, поскольку ее проще использовать в залоге при кредитовании проекта.

__📷____Дмитрий Духанин, Коммерсантъ__",16442,28,,kommersant
108081,2026-05-26T12:47:07+00:00,"К «центрам принятия решений» в Киеве** не относятся правительственные здания, в том числе Верховная рада **и офис президента Украины Владимира Зеленского, уточнил председатель комитета Госдумы по обороне Андрей Картаполов.

Говоря про офис украинского президента, он сказал, что Владимир Зеленский «там не появляется» и «сидит в бункере», поэтому бить по этому объекту бессмысленно.

Господин Картаполов отметил, что главная задача вооруженных сил России — ударить по скрытым защищенным пунктам ВСУ. 

«Нужно понимать, что они не в центре Киева находятся. Это скрытые, хорошо укрепленные пункты. И наша задача — выявлять их и вскрывать при помощи имеющегося вооружения»,— пояснил депутат.

▪ [Подписывайтесь на «Ъ» в MAX |](https://max.ru/kommersant) [в Telegram](https://t.me/+bPtk49gFbCBkYzdi)",17745,86,,kommersant
108080,2026-05-26T12:40:11+00:00,"**Россия имеет свои наработки по вакцине от нового штамма Эболы**, сообщил глава Минздрава Михаил Мурашко.

**«**Россия — это, наверное, единственная страна, которая <…> содержит в своем арсенале и так называемые вакцинные консервы». 

▪ [Подписывайтесь на «Ъ» в MAX |](https://max.ru/kommersant) [в Telegram](https://t.me/+bPtk49gFbCBkYzdi)",17643,23,,kommersant
108079,2026-05-26T12:28:23+00:00,"📰 Великобритания ввела санкции против компаний из Сальвадора и Грузии в рамках антироссийских рестрикций, следует из документа на сайте британского правительства.

Ограничения также были введены против Евразийского сберегательного банка и российской компании в сфере недвижимости Diamant Estate.

Список был расширен на 18 позиций.

▪ [Подписывайтесь на «Ъ» в MAX |](https://max.ru/kommersant) [в Telegram](https://t.me/+bPtk49gFbCBkYzdi)",18317,15,,kommersant
108078,2026-05-26T12:19:45+00:00,"**Мосгорсуд утвердил решение о признании экстремистским объединением бизнесмена Александра Галицкого и корпорации Almaz Capital Partners,** передает ТАСС.

Также утверждено решение об обращении в доход государства имущества господина Галицкого на 8 млрд руб.

▪ [Подписывайтесь на «Ъ» в MAX |](https://max.ru/kommersant) [в Telegram](https://t.me/+bPtk49gFbCBkYzdi)",80637,207,,kommersant
108077,2026-05-26T11:55:44+00:00,"Госдума [приняла](https://www.kommersant.ru/doc/8690415?tg) во втором и третьем чтениях законопроект, по которому **срок исковой давности при оспаривании сделок о приватизации государственного и муниципального имущества будет ограничен 10 годами.** 

При рассмотрении поправок из-под действия нормы вывели случаи передачи имущества религиозным организациям.

▪ [Подписывайтесь на «Ъ» в MAX |](https://max.ru/kommersant) [в Telegram](https://t.me/+bPtk49gFbCBkYzdi)",20522,103,,kommersant
108076,2026-05-26T11:32:43+00:00,"📱 **Спикер ГД Вячеслав Володин предложил запретить депутатам брать с собой в зал пленарных заседаний мобильные телефоны. **Так он [отреагировал](https://www.kommersant.ru/doc/8690369?tg) на телефонный разговор, который депутат Елена Драпеко вела во время выступления лидера думской фракции ЕР Владимира Васильева.

«Коллеги, может быть, мы, придя на работу в этот зал и принимая ответственные решения, телефоны будем оставлять в своих кабинетах?» — предложил Вячеслав Володин. 

Депутаты встретили эти его слова аплодисментами. 

«Прошу вашего поручения на этот счет. Нет возражений? Нет возражений. Примем решение имени Елены Григорьевны Драпеко», — добавил господин Володин.

Как будет выполняться поручение председателя Госдумы, пока неясно. Каждый член Госдумы, по Конституции России, защищен депутатской неприкосновенностью, которая, в частности, подразумевает, что депутата нельзя подвергнуть личному досмотру, за исключением тех случаев, когда речь идет о безопасности других людей.

▪ [Подписывайтесь на «Ъ» в MAX |](https://max.ru/kommersant) [в Telegram](https://t.me/+bPtk49gFbCBkYzdi)",19964,56,,kommersant
108075,2026-05-26T11:26:20+00:00,"**ВТБ приобретет долю в цифровых и финансовых активах Wildberries. **Как пишет РБК, стороны договорились о стратегическом партнерстве. 

По данным издания, партнерство будет направлено на совместное развитие розничного бизнеса, разработку и внедрение новых продуктов, повышение доступности передовых финансовых услуг. 

В частности, обсуждается развитие финтех-проектов на базе принадлежащего маркетплейсу ВБ Банка и розничного бизнеса ВТБ.

▪ [Подписывайтесь на «Ъ» в MAX |](https://max.ru/kommersant) [в Telegram](https://t.me/+bPtk49gFbCBkYzdi)",19046,113,,kommersant
108074,2026-05-26T11:08:21+00:00,"Владимир Путин поддержал **введение в стране срока давности по приватизационным сделкам. **Об этом он заявил во время рабочей встречи с президентом Российского союза промышленников и предпринимателей Александром Шохиным.

«Есть только один вид правонарушений, один вид преступлений, к которому не применяются и не должны, на мой взгляд, применяться принципы срока давности, — это преступление против человечности. Во всех остальных случаях срок давности необходим»,— сказал господин Путин. 

Он отметил, что этот вопрос необходимо решить в ближайшее время.

▪ [Подписывайтесь на «Ъ» в MAX |](https://max.ru/kommersant) [в Telegram](https://t.me/+bPtk49gFbCBkYzdi)",20119,153,,kommersant
108073,2026-05-26T11:00:15+00:00,"🗞🗞🗞🗞 **«Эконика» может возобновить производство мужской обуви, **от которого сеть отказалась еще в 2011 году. Компания уже подала заявку на регистрацию новых товарных знаков в премиальном сегменте — ekonika man и ekonika men. 

«Компания рассматривает разные направления развития бренда»,— [сообщили «Ъ» в «Эконике».](https://www.kommersant.ru/doc/8688569?tg)

Дорогая мужская обувь — одна из тех ниш, где спрос сегодня опережает предложение, отмечают эксперты. Расширение ассортимента за счет мужской линейки позволит компании охватить сегмент, который ранее начали занимать конкуренты.

#Ъузнал",17765,44,,kommersant
108072,2026-05-26T10:56:16+00:00,"⭐️⭐️⭐️⭐️⭐️⭐️**Александр Шохин в беседе с ""Коммерсантъ FM"" заявил, что называть его новым бизнес-омбудсменом пока преждевременно.** Сегодня глава РСПП встретился с Владимиром Путиным и предложил заменить институт уполномоченного по защите прав предпринимателей автономной некоммерческой организацией. Президент поддержал идею реформы.

При этом пресс-секретарь президента Дмитрий Песков позже заявил журналистам, что именно Шохин станет новым уполномоченным.   
**
****💬**** Александр Шохин**, __глава РСПП: __
«Та конструкция института уполномоченного, которую бизнес-сообщество предложило президенту, а администрация президента поддержала, заключается в том, что это будет не государственный орган, а орган государственно-частного партнерства. Поэтому нужно внести изменения в Закон об уполномоченных по защите прав предпринимателей — только после этого может быть назначен уполномоченный. Поэтому в первую очередь надо продвигать изменения в закон, иначе назначение не состоится». 

📌__ В беседе с президентом Александр Шохин уточнил, что учредителями НКО могут быть ведущие бизнес-объединения: РСПП, Торгово-промышленная палата, «Деловая Россия» и «Опора России». __

🗣 [Слушать эфир](https://t.me/kfm936?livestream) l [Написать в чат-бот](https://t.me/kmfmbot) l [Подписаться](https://t.me/kfm936)",16701,32,,kommersant
108071,2026-05-26T10:51:57+00:00,"❗️ Госдума [приняла закон](https://www.kommersant.ru/doc/8690361?tg) об аресте имущества россиян, находящихся за пределами страны и совершивших административные правонарушения против интересов РФ.

Принятые поправки вносят изменения в КоАП. Накладывать арест на имущество релокантов российские суды смогут в случае нарушения статей:

▪️ ст. 13.14.1 (незаконное получение информации с ограниченным доступом);
▪️ ст. 13.15 (злоупотребление свободой массовой информации);
▪️ статьи 13.36 и 13.37 (нарушения в сфере распространения информации, в том числе среди детей, а также материалов с призывом к терроризму);
▪️ ст. 13.48 (публичное отождествление действий и решений руководства СССР и нацистской Германии);
▪️ ст. 17.13 (нарушение распространения сведений о защищаемых лицах);
▪️ ст. 19.34 (нарушение порядка деятельности иноагента);
▪️ ч. 3–5 ст. 20.1 (мелкое хулиганство с особыми признаками);
▪️ ст. 20.29 (производство и распространение экстремистских материалов).

▪ [Подписывайтесь на «Ъ» в MAX |](https://max.ru/kommersant) [в Telegram](https://t.me/+bPtk49gFbCBkYzdi)",18256,277,,kommersant
108070,2026-05-26T10:50:27+00:00,"❗️ Задержанный в Чехии митрополит Иларион выходит на свободу. Об этом сообщается в Telegram-канале митрополита.

**UPD. **Позднее представители священнослужителя отметили, что митрополита и сопровождавшего его оператора освободили без предъявления обвинения и без дополнительных ограничений: без залога, подписки, запрета на выезд и так далее. 

При этом экспертиза подтвердила, что в его машине нашли наркотики. В публикации подчеркнули, что митрополит Иларион категорически отвергает какую-либо причастность к незаконному хранению или перевозке запрещенных веществ.

▪ [Подписывайтесь на «Ъ» в MAX |](https://max.ru/kommersant) [в Telegram](https://t.me/+bPtk49gFbCBkYzdi)",28177,49,,kommersant
108069,2026-05-26T10:42:45+00:00,"📱 **В Минцифры **[**отложили**](https://www.kommersant.ru/doc/8690061?tg)** идею платной регистрации смартфонов по IMEI в рамках второго пакета антифрод-мер.** Ранее «Ъ» писал, что сбор может стать обязательным для всех участников цепочки поставок.

«Речи о взимании какой-либо платы не идет», — заявили «Ъ» в ведомстве.

Тем не менее планы по созданию единой базы IMEI остаются в силе.

Цель нововведения в министерстве объяснили необходимостью идентификации того, что сим-карта не находится в БПЛА. При этом, по словам источника на телеком-рынке, у инициативы есть еще две цели: помочь обелить рынок и повысить собираемость налогов. Еще один собеседник «Ъ» отмечает, что сейчас обсуждается возможность признания легитимными всех устройств, уже находящихся у пользователей.

В «МегаФоне» считают, что такой подход поможет бороться с мошенничеством и снизит продажи «серых» устройств. Однако участники рынка предупреждают: без прямых ограничительных мер доля нелегального оборота продолжит расти.

[📡 ](https://t.me/+SkQgmXpzMqFjZjli)[Тренды телекома. Коротко и по делу. Подписывайтесь.](https://t.me/+u7AJNT_CTAwzNTgy)",17514,67,,kommersant
108068,2026-05-26T10:16:19+00:00,"⚡️ Новым уполномоченным по правам предпринимателей в рамках АНО станет Александр Шохин, который сохранит должность президента РСПП, заявил Дмитрий Песков.

Он уточнил, что институт бизнес-омбудсмена в России сменит формат, станет общественной должностью

▪ [Подписывайтесь на «Ъ» в MAX |](https://max.ru/kommersant) [в Telegram](https://t.me/+bPtk49gFbCBkYzdi)",19198,63,,kommersant
108067,2026-05-26T10:10:41+00:00,"**Госдума должна принять 27 мая обращение к зарубежным парламентам из-за атаки ВСУ на колледж в Старобельске в ЛНР. **Об этом, по словам источника «Ъ», сообщил председатель ГД Вячеслав Володин на закрытой части пленарного заседания.

Спикер Госдумы разъяснил депутатам, что им следует выработать предложения к обращению, которые впоследствии будут согласованы с МИД России.

#Ъузнал",17851,28,,kommersant
108066,2026-05-26T10:03:37+00:00,"**РСПП предлагает создать автономную некоммерческую организацию вместо института уполномоченного по защите прав предпринимателей в России,** сообщил на встрече с Владимиром Путиным глава организации Александр Шохин.

«<...>институт не чисто общественный, а общественно-государственный, поскольку мы считаем, что государство должно участвовать в деятельности этой автономной некоммерческой организации в качестве учредителя. Также учредителями остаются ведущие бизнес-объединения, кроме РСПП, это Торгово-промышленная палата, “Деловая Россия”, “Опора России”», — сказал господин Шохин.

Президент РФ поддержал предложенную РСПП реформу института бизнес-омбудсмена.

▪ [Подписывайтесь на «Ъ» в MAX |](https://max.ru/kommersant) [в Telegram](https://t.me/+bPtk49gFbCBkYzdi)",18447,53,,kommersant
108065,2026-05-26T09:40:39+00:00,"**В МВД подтвердили назначение генерал-майора полиции Алексея Макарова на должность замминистра внутренних дел РФ. **Как сообщила официальный представитель МВД Ирина Волк, сегодня глава ведомства Владимир Колокольцев проинформировал личный состав о кадровых перестановках.

Накануне «Ъ» писал, что господин Макаров сменил на посту заместителя министра Виталия Шулику. Господин Шулика после 17 лет работы в органах внутренних дел перешел в Минобороны на должность заместителя министра.

▪ [Подписывайтесь на «Ъ» в MAX |](https://max.ru/kommersant) [в Telegram](https://t.me/+bPtk49gFbCBkYzdi)",18322,19,,kommersant
108064,2026-05-26T09:25:20+00:00,"🗞🗞🗞🗞 Бывший заместитель губернатора Краснодарского края Сергей Власов, курировавший вопросы строительства, **пропал без вести в зоне проведения СВО на территории Украины.** Об этом «Ъ-Кубань» [сообщили](https://www.kommersant.ru/doc/8690145) источники в силовых ведомствах. 

По их данным, говорить о гибели 35-летнего экс-вице-губернатора пока преждевременно, поскольку его тело до сих пор не найдено.

Как сообщал «Ъ-Кубань», в декабре 2025 года Сергея Власова признали виновным в получении взятки в особо крупном размере и приговорили к 11 годам колонии строгого режима и штрафу в размере 90 млн руб.

📷 __Пресс-служба администрации Краснодарского края__

#ЪУзнал",17847,87,,kommersant
108063,2026-05-26T09:19:14+00:00,"**Временному поверенному в делах Чехии Яну Ондржейку заявлен решительный протест в связи с задержанием митрополита Илариона, **сообщили в МИД РФ.

«Указано на абсурдность и полную безосновательность обвинений в “производстве и обороте наркотических средств”, выдвинутых в отношении православного иерарха. Отмечено, что осуществление данной полицейской операции на основании некоего анонимного сообщения свидетельствует о ее спланированном и провокационном характере», — говорится в сообщении.
 
Москва настоятельно требует безусловного и незамедлительного освобождения митрополита Илариона и прекращения гонений на представителей РПЦ в Чехии, добавили в ведомстве.

▪ [Подписывайтесь на «Ъ» в MAX |](https://max.ru/kommersant) [в Telegram](https://t.me/+bPtk49gFbCBkYzdi)",17403,16,,kommersant
108062,2026-05-26T08:59:09+00:00,"**Ситуация в сфере международной безопасности стремительно деградирует, **а в зоне ответственности ОДКБ наряду с существующими появляются новые вызовы и угрозы, заявил секретарь Совета безопасности РФ Сергей Шойгу на заседании комитета секретарей совбезов стран ОДКБ в Москве.

«Особенно напряженная обстановка складывается у западных рубежей ОДКБ. Основная угроза исходит от блока НАТО и входящих в него стран так называемой цивилизованной Европы, впавшей в реваншистский и милитаристский угар»,— считает господин Шойгу.

По его словам, «власти РФ адекватно оценивают риски планомерного наращивания количества учений, военного потенциала, инфраструктуры и разведывательной деятельности НАТО в западном регионе коллективной безопасности и принимают меры по их минимизации».

«Жаль, что наши армянские партнеры по организации этого не понимают и ищут защиту у непосредственного источника угрозы. Но это выбор руководства Армении и его ответственность за будущее своей страны и своего народа»,— добавил Сергей Шойгу.

▪ [Подписывайтесь на «Ъ» в MAX |](https://max.ru/kommersant) [в Telegram](https://t.me/+bPtk49gFbCBkYzdi)",18483,35,,kommersant
108061,2026-05-26T08:33:04+00:00,"**Россия ведет с Индией переговоры о поставках дополнительной партии российских систем ПВО С-400 «Триумф». **Об этом сообщили «Интерфаксу» в Федеральной службе по военно-техническому сотрудничеству (ФСВТС).

По данным службы, индийская сторона «выражает заинтересованность» в поставке.

«Россия готова к этому. Ведутся соответствующие переговоры»,— заявили в ФСВТС, не приведя подробностей.

▪ [Подписывайтесь на «Ъ» в MAX |](https://max.ru/kommersant) [в Telegram](https://t.me/+bPtk49gFbCBkYzdi)",19629,45,,kommersant
108060,2026-05-26T08:12:02+00:00,"❌ Повторные торги по продаже контрольной доли ЮГК в формате голландского аукциона не состоялись. Заявку на участие подало только АО «Русские угли», однако компанию не допустили к торгам. 

Акции ЮГК на Мосбирже отреагировали на новости падением.

▪ [Подписывайтесь на «Ъ» в MAX |](https://max.ru/kommersant) [в Telegram](https://t.me/+bPtk49gFbCBkYzdi)",19074,36,,kommersant
108059,2026-05-26T08:03:05+00:00,"**Нидерланды при поддержке нескольких стран ЕС планируют уже в ближайшие полгода создать первые центры за пределами Европы для депортации мигрантов, **[пишет](https://www.kommersant.ru/doc/8690103м) Politico. В них должны будут содержаться те, кто получил отказ в убежище в государствах Евросоюза, но по каким-то причинам не может вернуться в страну происхождения или находиться в стране транзита.

Ожидается, что первые такие центры за пределами ЕС будут использовать не только Нидерланды, но также Греция, Германия, Австрия и Дания. О том, где будут открываться такие центры, пока не сообщается. Сейчас с несколькими странами ведутся соответствующие переговоры.

▪ [Подписывайтесь на «Ъ» в MAX |](https://max.ru/kommersant) [в Telegram](https://t.me/+bPtk49gFbCBkYzdi)",20563,73,,kommersant
108058,2026-05-26T07:26:23+00:00,"Высшая квалификационная коллегия судей [рекомендовала](https://www.kommersant.ru/doc/8690085?tg) Олега Нефедова к назначению на должность заместителя председателя Верховного суда, главы коллегии по гражданским делам. Сейчас он занимает должность председателя коллегии по административным делам.

Председатель Верховного суда Игорь Краснов кандидатуру господина Нефедова поддержал, члены коллегии проголосовали единогласно.

Итоговое решение о назначении на должность будет принимать Совет федерации по представлению президента.

▪ [Подписывайтесь на «Ъ» в MAX |](https://max.ru/kommersant) [в Telegram](https://t.me/+bPtk49gFbCBkYzdi)",19732,47,,kommersant
108057,2026-05-26T07:03:53+00:00,"**В парламенте Болгарии обсуждают предложение о снятии санкций с России и возможном налаживании отношений с Москвой.** Об этом в интервью ТАСС [заявил](https://www.kommersant.ru/doc/8690038?tg) депутат парламента Болгарии Ангел Георгиев.

Парламентарий пояснил, что у Болгарии есть самолеты МиГ-29, и им надо заменить двигатели. 

«Мы предложили следующее: снять санкции на российское топливо, энергетические санкции, санкции на обслуживание этих самолетов»,— рассказал господин Георгиев.

По словам депутата, у правительства нового премьер-министра Румена Радева «нет ярко выраженной антироссийской риторики, но этого недостаточно».

▪ [Подписывайтесь на «Ъ» в MAX |](https://max.ru/kommersant) [в Telegram](https://t.me/+bPtk49gFbCBkYzdi)",41439,146,,kommersant
108056,2026-05-26T06:35:04+00:00,"**ФСБ совместно с КГБ Белоруссии в начале 2026 года пресекла организованную Украиной попытку ввоза свыше 500 взрывных устройств, предназначенных для совершения терактов в России, **[сообщил](https://www.kommersant.ru/doc/8690003?tg) глава ФСБ Александр Бортников на заседании Совета руководителей органов безопасности и спецслужб государств СНГ.

**Другие заявления:**

🔹 Украинские спецслужбы используют территории граничащих с РФ государств для заброски в Россию диверсантов и средств террора.

🔹 Украина стала крупнейшим в Европе центром контрабанды оружия.

🔹 Спецслужбы стран Евросоюза наращивают присутствие в странах СНГ под прикрытием гуманитарных проектов в области развития институтов гражданского общества, образования, миграции и экологии.

🔹 НАТО продолжает программу создания биооружия избирательного действия в Азиатско-Тихоокеанском регионе, Африке, Латинской Америке, лаборатории работают и в странах СНГ.

🔹 Западные спецслужбы намерены использовать боевиков из Сирии, в том числе выходцев из СНГ, в боевых действиях против Ирана, что приведет к росту террористической угрозы для стран Содружества.

🔹 Эскалация конфликта вокруг Ирана грозит дестабилизацией всего исламского мира, что отразится и на безопасности стран СНГ.

🔹 Явным тревожным сигналом является недавняя ликвидация американо-израильским альянсом представителей высшего руководства Ирана. Координаты местонахождения жертв были получены в том числе через программные «закладки» в системах видеомониторинга в Тегеране.

🔹 Представляется целесообразным совместное предметное взаимодействие с талибами по направлению борьбы с наркотрафиком. Афганские наркоторговцы переключаются на производство «синтетики». Фактически речь идет о формировании «пояса» наркопроизводства Юго-Восточная Азия — Афганистан — Иран.

🔹 Запрещенная в РФ группировка «Вилаят Хорасан» рекрутирует сторонников из числа трудовых мигрантов в России.

🔹 Внедрение странами СНГ западных ИИ-технологий может привести к уязвимости перед кибератаками и создает риски для руководства этих стран.

▪ [Подписывайтесь на «Ъ» в MAX |](https://max.ru/kommersant) [в Telegram](https://t.me/+bPtk49gFbCBkYzdi)",19331,61,,kommersant
108055,2026-05-26T06:10:02+00:00,"🗞🗞🗞🗞 **Поставщик сети магазинов посуды и товаров для дома Williams Oliver намерен обанкротить компанию 
**
25 мая поставщик электротоваров ООО «Премиум кофе солюшнз» уведомил о намерении обратиться в суд [с заявлением о признании банкротом](https://www.kommersant.ru/doc/8689758?tg) ООО «Патриот групп», которое управляет магазинами Williams Oliver. Сумма задолженности компании составляет 14,1 млн руб.

Эксперт Ассоциации торговой недвижимости и экспертов ритейла Павел Люлин отмечает, что вопрос не в одном долге, а в способности компании быстро восстановить маржу и договориться с поставщиками и арендодателями. По его словам, ситуация с Williams Oliver хорошо вписывается в общую картину состояния непродовольственного ритейла. Сейчас ритейлеры активно сокращают программы развития, закрывают ряд магазинов, а часть игроков и вовсе банкротятся. 

Кризис на рынке ритейла вызван, в частности, падением трафика в ТЦ. В январе—апреле 2026 года Mall Index торгцентров по всей России снизился на 2% год к году, по подсчетам Focus Technologies. Сегмент товаров для дома и DIY также находится под давлением. По данным аналитиков, трафик в этой категории снизился на 3%, а годом ранее падение составило 9%.

#Ъузнал",18458,50,,kommersant
108054,2026-05-26T05:57:13+00:00,"**📰**** Эксклюзивные материалы свежего номера газеты «Коммерсантъ»:**

🔵 Производство энергетиков [снизилось](https://www.kommersant.ru/doc/8689808?tg) на 14,8% из-за роста акциза на сахаросодержащие напитки и запрета на продажу несовершеннолетним.

🔵 С судовладельцев хотят собрать 210 млрд руб. на новый флот, [стало известно «Ъ».](https://www.kommersant.ru/doc/8689811?tg)

🔵 Минэнерго[ предлагает](https://www.kommersant.ru/doc/8689831?tg) предусмотреть для ЦОДов постепенный переход к оплате услуг по передаче электроэнергии, исходя из заявленной мощности и этапов ввода.

🔵 [Как стало известно «Ъ»](https://www.kommersant.ru/doc/8689589?tg), предприятие «Газпрома» по производству спутников может быть продано компании «Новый старт» до конца 2026 года.

🔵 Объемы дивидендных выплат публичных эмитентов за 2025 год [сократились](https://www.kommersant.ru/doc/8689761?tg) почти на четверть, до 2 трлн руб.

🔵 Прокуратура [требует признать](https://www.kommersant.ru/doc/8689616?tg) экстремистами производителей мефедрона.

🔵 Власти [планируют увеличить](https://www.kommersant.ru/doc/8689340?tg) предел разрешенной скорости на федеральных трассах.

🔵 «Фармасинтез» планирует в ближайшее время [начать поставки](https://www.kommersant.ru/doc/8688566?tg) лекарств в Афганистан.

__👉____ Читайте другие эксклюзивные заметки __[__на сайте «Ъ».__](https://www.kommersant.ru/daily/166379?tg)

#Ъузнал",73976,133,,kommersant
108053,2026-05-26T05:30:02+00:00,"Президиум Верховного суда РФ решит,** может ли каждая саморегулируемая организация (СРО) арбитражных управляющих устанавливать свой перечень аккредитованных специалистов,** в том числе площадок для проведения банкротных торгов. 

Федеральная антимонопольная служба видит в этом ограничение конкуренции, вынуждающее членов одной СРО под угрозой штрафа отказываться от услуг лиц, аккредитованных в других СРО.

__👉____ Подробнее — __[__в материале «Ъ».__](https://www.kommersant.ru/doc/8689815?tg)

▪ [Подписывайтесь на «Ъ» в MAX |](https://max.ru/kommersant) [в Telegram](https://t.me/+bPtk49gFbCBkYzdi)",18298,26,,kommersant
108052,2026-05-26T04:54:22+00:00,"🗞🗞🗞🗞 **Продажи энергетиков в натуральном выражении в январе—марте снизились на 7% год к году, а их производство — на 14,8%. **Спад в этой категории [прослеживается впервые](https://www.kommersant.ru/doc/8689808?tg) после длительного цикла роста: сегмент долго был одним из наиболее развивающихся.

Снижение спроса и производства связано с запретом на продажу продукции несовершеннолетним и ростом акциза на сахаросодержащие напитки. Органический рост категории также исчерпал себя: покупателей такой продукции не становится больше.

Источник «Ъ» в одном из крупных производителей продуктов питания отмечает, что ограничения действительно работают, покупателей стало меньше. Собеседник также обращает внимание, что почти весь ассортимент энергетиков — полносахарные напитки. Сахар, по его словам, сам по себе имеет тонизирующий эффект, а в составе напитков усиливает их свойства. Позиции без ингредиента покупают хуже. 

#Ъузнал",20582,66,,kommersant
108051,2026-05-26T04:29:17+00:00,"Госсекретарь США Марко Рубио сообщил, что **у Вашингтона нет активных или запланированных переговоров с Киевом. **Накануне он провел телефонный разговор с главой МИД России Сергеем Лавровым.

Господин Рубио добавил, что США по-прежнему готовы выступать посредниками между Россией и Украиной.

▪ [Подписывайтесь на «Ъ» в MAX |](https://max.ru/kommersant) [в Telegram](https://t.me/+bPtk49gFbCBkYzdi)",19397,17,,kommersant
108050,2026-05-26T04:09:50+00:00,"Силы ПВО сбили за ночь **59 беспилотников** над регионами России, сообщили в Минобороны.

▪ [Подписывайтесь на «Ъ» в MAX |](https://max.ru/kommersant) [в Telegram](https://t.me/+bPtk49gFbCBkYzdi)",19494,14,,kommersant
108049,2026-05-26T04:02:58+00:00,"⛅️️ **Главные новости к утру:**

🔸 Владимир Путин [подписал](https://www.kommersant.ru/doc/8689917?tg) закон о прекращении соглашения о помощи беженцам.

🔸 Госдеп США [прокомментировал](https://www.kommersant.ru/doc/8689913?tg) телефонный разговор Марко Рубио и Сергея Лаврова.

🔸 США [нанесли](https://www.kommersant.ru/doc/8689912?tg) удары по югу Ирана.

🔸 РПЦ [пообещала](https://www.kommersant.ru/doc/8689862?tg) помочь задержанному в Чехии митрополиту.

🔸 В Испании [подтвердили](https://www.kommersant.ru/doc/8689909?tg) второй случай заражения хантавирусом.

#главноекутру",21666,18,,kommersant
108048,2026-05-26T03:58:14+00:00,"**Шесть человек, в том числе четверо детей, погибли из-за пожара в частном доме в Омской области. **Возбуждено уголовное дело, сообщает СУ СКР по региону.

💬 «Во время пожара погибли 25-летняя хозяйка домостроения, ее годовалый сын и две дочери, 2 и 5 лет, а также 35-летняя подруга с 14-летним сыном», — говорится в сообщении ведомства.

На месте происшествия работает следственная группа. 

@kommersant",19001,13,,kommersant
108047,2026-05-26T03:43:48+00:00,"Си Цзиньпин[ призвал](https://www.kommersant.ru/doc/8689922?tg) президента Сербии Александра Вучича углубить сотрудничество в создании инфраструктуры.

По словам Си Цзиньпина, **Сербия и Китай также могут расширить сотрудничество в сфере искусственного интеллекта, цифровой экономики, зеленой энергетики и обрабатывающей промышленности**. Кроме того, стороны обсудили увеличение туристических потоков.

Александр Вучич находится в Китае с 24 по 28 мая. В Белграде перед началом визита президента Сербии в Китай прошла одна из самых массовых акций протеста за последний год.

✔️ [Подписывайтесь на «Ъ» в MAX |](https://max.ru/kommersant)[ в Telegram](https://t.me/+bPtk49gFbCBkYzdi)",19913,23,,kommersant
108046,2026-05-26T03:08:42+00:00,"**🗞****🗞****🗞****🗞**** С судовладельцев хотят собрать 210 млрд руб. на новый флот.** [Как стало известно «Ъ»](https://www.kommersant.ru/doc/8689811?tg), правительство планирует заместить бюджетное финансирование программы льготного лизинга судов Объединенной судостроительной корпорации (ОСК) внебюджетным. До 2030 года планируется списать все суда «река-море» старше 40 лет. Им на смену должны прийти около 500 сухогрузов, контейнеровозов и танкеров, которые за десять лет должна построить ОСК. 

Инвестсбор предлагается сформировать из двух надбавок: к тарифу на освидетельствование судов и к портовому сбору.

#Ъузнал",21446,130,,kommersant
108045,2026-05-26T02:32:45+00:00,"**США «отчаянно ищут» вольфрам для восстановления ракетного арсенала**, [сообщает](https://www.kommersant.ru/doc/8689916?tg) NBC News. Телеканал пояснил, что запасы современного оружия и боеприпасов были истощены из-за войны против Ирана.

Вольфрам используется при создании истребителей, бункерных бомб, бронебойных снарядов и ракетных систем, среди которых Tomahawk и Patriot. С 2015 года у США не было активных коммерческих рудников.

✔️ [Подписывайтесь на «Ъ» в MAX |](https://max.ru/kommersant)[ в Telegram](https://t.me/+bPtk49gFbCBkYzdi)",19553,42,,kommersant
108044,2026-05-26T02:09:22+00:00,"**Два подъезда многоквартирного дома в Рязани, который был поврежден из-за атаки 15 мая, подлежат разбору**, сообщил губернатор Рязанской области Павел Малков.

«Второй дом, к сожалению, хотя внешне выглядит, может быть, даже более целым, но пострадал сильнее. Пострадали несущие конструкции… К сожалению, два подъезда этого дома подлежат полному разбору — это около 70 квартир и нежилые помещения»,— сказал господин Малков ТАСС.

В ночь на 15 мая силы ПВО сбили над Рязанской областью 99 беспилотников. Пять человек погибли, еще шесть ранены. Повреждены два дома. Обломки БПЛА также упали на территории одного из промышленных предприятий, сообщал губернатор.

✔️ [Подписывайтесь на «Ъ» в MAX |](https://max.ru/kommersant)[ в Telegram](https://t.me/+bPtk49gFbCBkYzdi)",19891,35,,kommersant
108043,2026-05-26T01:37:24+00:00,"💬 **«Все же смотрели ""Бригаду""?»**

Высокопоставленные чиновники, сенаторы и депутаты [собрались ](https://www.kommersant.ru/doc/8689800?tg)25 мая в национальном центре «Россия» для торжественного запуска платформы «Во имя героев». Проект позволяет всем желающим разместить на специальном сайте вертикальные видео, рассказывающие истории о героизме россиян. Идея некоммерческого стартапа, принадлежащая двум студентам МГИМО, явно пришлась по душе представителям власти.

К последней пленарной дискуссии зал заметно опустел. Ее участники — актер Дмитрий Дюжев, депутат и хоккеист Вячеслав Фетисов, директор НИИ скорой помощи им. Склифосовского Сергей Петриков, Герой России и начальник главного штаба «Юнармии» Владислав Головин — долго пытались вычленить «образ героя».

«Герой моего детства, на самом деле»,— признался Герой России, указав на Дмитрия Дюжева.

📷 __Пресс-служба Национального центра «Россия»__

✔️ [Подписывайтесь на «Ъ» в MAX |](https://max.ru/kommersant)[ в Telegram](https://t.me/+bPtk49gFbCBkYzdi)",21690,73,,kommersant
108042,2026-05-26T00:32:24+00:00,"🗞🗞🗞🗞 **Механизм «бери или плати» в электросетях будет введен постепенно.** Новых крупных клиентов [будут переводить](https://www.kommersant.ru/doc/8689512?tg) на оплату услуг по передаче электроэнергии по максимальной мощности (механизм take-or-pay) не одномоментно, а с поэтапным набором мощности. Конкретные параметры пока обсуждаются в правительстве.

Крупный бизнес продолжает бороться с отдельными положениями take-or-pay, не желая, чтобы «Россети» получали сверхдоходы от нового механизма. Сетевая монополия же настаивает на том, что инициативы потребителей могут снизить его результативность.

#Ъузнал",18448,41,,kommersant
108041,2026-05-25T23:48:27+00:00,"**«Газпром» может продать завод по производству спутников.** Предприятие может быть продано компании «Новый старт» до конца 2026 года, [стало известно «Ъ»](https://www.kommersant.ru/doc/8689589?tg). «Газпром» планирует реализовать непрофильный актив, а «Новый старт» может получить готовую производственную площадку для быстрого наращивания собственных мощностей.

Собеседник «Ъ» на финансовом рынке оценивает сделку в 20 млрд руб.

Аналитики считают, что сделка перспективна для обеих сторон, но только при наличии гарантированного портфеля заказов.

📡 [Сети меняются. Мы следим. Подписывайтесь](https://t.me/+SkQgmXpzMqFjZjli).",18341,42,,kommersant
108040,2026-05-25T23:25:58+00:00,"Вооруженные силы США «в целях самообороны» нанесли удары по югу Ирана, сообщает Fox News со ссылкой на источник в Центральном командовании ВС Соединенных Штатов.

Как уточнил представитель Центрального командования, США уничтожили два катера, которые использовались для установки мин, и позицию зенитного ракетного комплекса.

Ранее иранские СМИ писали, что в районе портового города Бендер-Аббас на юге Ирана прозвучали взрывы.

✔️ [Подписывайтесь на «Ъ» в MAX |](https://max.ru/kommersant)[ в Telegram](https://t.me/+bPtk49gFbCBkYzdi)",24891,49,,kommersant
108039,2026-05-25T23:08:31+00:00,"🗞🗞🗞🗞 **Новые требования по оплате электроэнергии для ЦОДов могут быть смягчены.** [По данным «Ъ»](https://www.kommersant.ru/doc/8689831?tg), Минэнерго предлагает постепенно вводить для ЦОДов механизм оплаты услуг по передаче электроэнергии, доходя до 70% от заявленной мощности. 

В отрасли считают, что такой подход все равно не учитывает особенности работы ЦОДов, и выступают за льготный грейс-период. В «Россетях» уверяют, что платеж для востребованных ЦОДов не изменится, другие же участники не смогут «бронировать» мощность.

#Ъузнал",19047,26,,kommersant
108038,2026-05-25T22:23:24+00:00,"**Вероятность контактов Москвы и ЕС зависит от политического курса Европы**, заявили в МИД России.

«Перспективы наших контактов с Евросоюзом напрямую зависят от реальной готовности его руководства пересмотреть антироссийский внешнеполитический курс и в должной мере уважать наши легитимные интересы»,—[ сказал](https://www.kommersant.ru/doc/8689894?tg) директор департамента европейских проблем МИД России Владислав Масленников.

Россия не отказывалась от диалога с ЕС, добавил директор департамента. По его словам, Москва всегда выступала за решение разногласий дипломатическим путем.

✔️ [Подписывайтесь на «Ъ» в MAX |](https://max.ru/kommersant)[ в Telegram](https://t.me/+bPtk49gFbCBkYzdi)",18774,11,,kommersant
108037,2026-05-25T21:41:14+00:00,"**Самыми «молодежными» среди российских партий оказались «Единая Россия» и «Новые люди».** К такому выводу пришли эксперты консалтинговой группы «Полилог» в своем докладе «Юные лица: как парламентские партии завоевывают голоса зумеров» ([«Ъ» с ним ознакомился](https://www.kommersant.ru/doc/8689653?tg)).

По оценке исследователей, хотя партийцы и посвящают молодежи до трети своего контента в соцсетях, молодых людей по-прежнему «часто воспринимают как актив, кадровый резерв или объект поддержки».

Партии не в полной мере понимают реальные запросы молодежи и не всегда говорят с ней на одном языке, считает эксперт.

✔️ [Подписывайтесь на «Ъ» в MAX |](https://max.ru/kommersant)[ в Telegram](https://t.me/+bPtk49gFbCBkYzdi)",23136,125,,kommersant
108036,2026-05-25T21:07:58+00:00,"**Традиционная модель погребения остается в России основной **— ее [выбрали](https://www.kommersant.ru/doc/8689719?tg) 40% опрошенных. Кремацию предпочли бы 27%, оставляют решение за родственниками 12%. Передать свое тело для медицинских целей готовы 4% респондентов. Думать об этом заранее не хотят 13% опрошенных.

**71% опрошенных также считают, что сфера ритуальных услуг построена на «наживе на чужом горе».**

✔️ [Подписывайтесь на «Ъ» в MAX |](https://max.ru/kommersant)[ в Telegram](https://t.me/+bPtk49gFbCBkYzdi)",20951,78,,kommersant
108035,2026-05-25T20:42:50+00:00,"**Полиция задержала в Петрозаводске депутата и руководителя фракции «Яблоко»** Петрозаводского горсовета Дмитрия Рыбакова. На него составили протокол о демонстрации экстремистской символики, сообщила пресс-служба партии.

С ноября 2025 года административному преследованию по той же статье подверглись восемь членов «Яблока» — в Санкт-Петербурге, Пскове, Великом Новгороде и Петрозаводске. В «Яблоке» [считают ](https://www.kommersant.ru/doc/8689857?tg)это «выполнением политического заказа по отстранению лидеров партии от предстоящих федеральных и региональных выборов» 2026 года.

✔️ [Подписывайтесь на «Ъ» в MAX |](https://max.ru/kommersant)[ в Telegram](https://t.me/+bPtk49gFbCBkYzdi)",21251,48,,kommersant
108034,2026-05-25T20:14:21+00:00,"**В РПЦ назвали задержание митрополита Илариона в Чехии «классической подставой».
**
💬 «Похоже на классическую ""подставу"": общеизвестно, что подбрасывание наркотиков является излюбленным способом недобросовестных правоохранителей во всем мире»,—[ сказал](https://www.kommersant.ru/doc/8689859?tg) заместитель председателя отдела внешних церковных связей Московского патриархата протоиерей Игорь Выжанов. 

В РПЦ призвали власти Чехии к соблюдению прав митрополита и пообещали принять «все законные меры» для оказания помощи задержанному.

✔️ [Подписывайтесь на «Ъ» в MAX |](https://max.ru/kommersant)[ в Telegram](https://t.me/+bPtk49gFbCBkYzdi)",39269,107,,kommersant
108033,2026-05-25T19:59:38+00:00,"По поручению председателя Верховного суда России Игоря Краснова **в Генпрокуратуру направлены материалы для предъявления исков сразу двум судьям.**

Проверки показали, что стоимость активов, оформленных в том числе на родственников, не соответствует задекларированным доходам судей Арбитражного суда Москвы Дарьи Федоровой и Верховного суда Карачаево-Черкесской Республики Альбины Адзиновой.

Так, в 2020 и 2022 годах Дарья Федорова купила недвижимость в Москве общей площадью 113 кв. м. Покупка обошлась более чем в 30 млн руб., тогда как совокупный размер ее официальных доходов составил 10 млн руб.

Куда более внушительное количество движимого и недвижимого имущества оказалось оформлено на многочисленных родственников судьи Верховного суда КЧР Альбины Адзиновой.

**👉**** Подробности — в **[**материале**](https://www.kommersant.ru/doc/8689807?tg)** «Ъ».**

▪️ [Подписывайтесь на «Ъ» в MAX ](https://max.ru/kommersant)| [в Telegram](https://t.me/+bPtk49gFbCBkYzdi)",21523,121,,kommersant
108032,2026-05-25T19:29:32+00:00,"**ЦБ РФ **[**подал иск**](https://www.kommersant.ru/doc/8689792?tg)** в Суд ЕС** **против погашения долга Украины перед Евросоюзом за счет замороженных** **российских активов**. Регулятор считает это «незаконной и скрытой формой» изъятия суверенного имущества государства.

Это уже третий шаг ЦБ по защите своих активов, размещенных и заблокированных на территории ЕС.

По оценкам юристов, рассмотрение дела в Общем суде ЕС занимает 1,5–2 года, а по санкционным делам сроки могут быть больше.

▪️ [Подписывайтесь на «Ъ» в MAX ](https://max.ru/kommersant)| [в Telegram](https://t.me/+bPtk49gFbCBkYzdi)",21467,52,,kommersant
108031,2026-05-25T19:15:00+00:00,"🌒 **Главные новости к вечеру **

▪️ Россия приступает к последовательным системным ударам по предприятиям ВПК Украины в Киеве. Об этом решении Сергей Лавров [сообщил](https://www.kommersant.ru/doc/8689833?tg) Марко Рубио.

▪️ Владимир Путин [подписал](https://www.kommersant.ru/doc/8689722?tg) закон об использовании армии для защиты россиян за рубежом.

▪️ Президент РФ [освободил](https://www.kommersant.ru/doc/8689784?tg) участников СВО от погашения просроченных кредитов.

▪️ В Чехии [задержан](https://www.kommersant.ru/doc/8689401?tg) митрополит РПЦ Иларион по подозрению в хранении наркотиков.

▪️ В Калининградской области впервые [объявили](https://www.kommersant.ru/doc/8689828?tg) опасность атаки БПЛА.

▪️ Вячеслав Володин [анонсировал](https://www.kommersant.ru/doc/8689757?tg) второе чтение законопроекта об аресте имущества релокантов, нарушивших закон.

▪️ В ЦБ [призвали](https://www.kommersant.ru/doc/8689486?tg) Mastercard и Visa уйти с российского рынка. 

#главноеквечеру",85559,231,,kommersant
108030,2026-05-25T18:51:39+00:00,"В Подмосковье и ряде регионов Центральной России [могут запретить](https://www.kommersant.ru/doc/8689797?tg)** полеты частной авиации в условиях регулярных «Ковров» и атак БПЛА**.

По данным «Ъ», окончательное решение по ограничениям еще не принято и пока обсуждается между Минтрансом, Росавиацией и Минобороны.

В случае принятия меры она затронет до 1 тыс. пилотов и несколько десятков летных школ и аэроклубов. Последним при продолжительном запрете, по мнению экспертов, грозит волна банкротств.

▪️ [Подписывайтесь на «Ъ» в MAX ](https://max.ru/kommersant)| [в Telegram](https://t.me/+bPtk49gFbCBkYzdi)",25808,85,,kommersant
108029,2026-05-25T18:42:49+00:00,"💰 **В экономике растет объем наличных платежей**, а оплата картами сокращается. По [данным](https://www.kommersant.ru/doc/8689768?tg) ЦБ, объем наличных денег в составе денежной базы за год увеличился на 14%.

По данным крупнейшего оператора фискальных данных «Платформы ОФД» (на нее приходится 33,6% всех касс), в апреле этого года доля платежей наличными в общем числе трансакций выросла до 30%.

Эксперты считают, что видимость роста доли безналичных платежей может объясняться уходом части наличных платежей в «тень».

▪️ [Подписывайтесь на «Ъ» в MAX ](https://max.ru/kommersant)| [в Telegram](https://t.me/+bPtk49gFbCBkYzdi)",31848,200,,kommersant
108028,2026-05-25T18:13:39+00:00,"Сергей Лавров в телефонном разговоре с Марко Рубио передал американской стороне, что **ВС РФ приступают к системным ударам по объектам ВСУ в Киеве**, сообщает МИД РФ.

▪️ [Подписывайтесь на «Ъ» в MAX ](https://max.ru/kommersant)| [в Telegram](https://t.me/+bPtk49gFbCBkYzdi)",65744,388,,kommersant
108027,2026-05-25T18:06:37+00:00,"🗞🗞🗞🗞 **Объемы дивидендных выплат публичных эмитентов за 2025 год сократились почти на четверть, до 2 трлн руб.,** [оценил](https://www.kommersant.ru/doc/8689761?tg) «Ъ».

Главные причины — высокая ключевая ставка (она почти полгода держалась на уровне 21%) и ужесточение денежно-кредитной политики, из-за чего компании больше средств направляют на обслуживание долгов.

Дополнительное давление на дивиденды оказало повышение налога на прибыль с 20% до 25% — особенно пострадали компании из нефтегазового и металлургического сектора.

Сохраняют высокие выплаты компании нефтегазового сектора, хотя часть из них (ЛУКОЙЛ, «Роснефть», «Башнефть», «Сургутнефтегаз») сократили их в два—четыре раза. НОВАТЭК, «Газпром нефть» сохранили выплаты на уровне прошлого года.

#Ъузнал",24762,47,,kommersant
108026,2026-05-25T17:33:13+00:00,"Госдума [рассмотрит](https://www.kommersant.ru/doc/8689757?tg) во втором чтении законопроект **об аресте имущества релокантов, которые нарушили закон.**

«Это справедливая мера ответственности по отношению к тем, кто цинично нарушает наши законы, при этом продолжая жить за счет заработанного в России», — сказал председатель Госдумы Вячеслав Володин.

Речь идет о таких правонарушениях, как злоупотребление свободой массовой информации, возбуждение ненависти либо вражды, публичные призывы к действиям против территориальной целостности России, дискредитация ВС РФ, призывы к санкциям и других. 

▪️ [Подписывайтесь на «Ъ» в MAX ](https://max.ru/kommersant)| [в Telegram](https://t.me/+bPtk49gFbCBkYzdi)",24440,187,,kommersant
108025,2026-05-25T17:24:02+00:00,"**Владимир Путин** [**освободил**](https://www.kommersant.ru/doc/8689784?tg)** участников СВО и их семьи от погашения просроченных кредитов**. 

Закон распространяется на военнослужащих, заключивших контракт с 1 мая 2026 года. Долги не должны превышать в совокупности 10 млн руб. Также среди условий — суд еще не взыскал задолженность и не предъявил исполнительный лист. 

▪️ [Подписывайтесь на «Ъ» в MAX ](https://max.ru/kommersant)| [в Telegram](https://t.me/+bPtk49gFbCBkYzdi)",22534,279,,kommersant
108024,2026-05-25T17:11:12+00:00,"**Виктора Момотова выгнали даже из судейской отставки**

Высшая квалификационная коллегия судей России отменила отставку бывшего судьи Верховного суда, экс-председателя Совета судей России Виктора Момотова. Он покинул должность в октябре 2025 года в разгар рассмотрения антикоррупционного иска прокуратуры, нашедшей у него и его бизнес-партнера имущество на сумму более 9 млрд руб.

Виктор Момотов фактически был уволен из судейского корпуса по отрицательным мотивам, что лишило его звания судьи, личной неприкосновенности и льгот. Он назвал случившееся катастрофой для него и его семьи.

«После девяти месяцев публичного позора, бесчисленных бессонных ночей я стою перед вами. Вы меня достаточно хорошо знаете, я проработал 16 лет в Верховном суде… Неужели за эти 16 лет не было видно, как я живу, какие у меня доходы?! — сказал он. — У меня квартира, машина, которой 14 лет, у меня даже загородного дома нет для ""миллиардера""… Мне сейчас 65 лет, по сути, меня выбросили на улицу. Все мои счета арестовали. Я не знал, что делать в этой ситуации. Честно говоря, чуть руки на себя не наложил, если бы не дети. Не выдержал этого и оказался в больнице, но и там меня не оставили».


**__👉__****__ Подробности — в __**[**__материале__**](https://www.kommersant.ru/doc/8689772?tg)**__ «Ъ».__**

▪️ [Подписывайтесь на «Ъ» в MAX ](https://max.ru/kommersant)| [в Telegram](https://t.me/+bPtk49gFbCBkYzdi)",86049,254,,kommersant
108023,2026-05-25T16:36:50+00:00,"Накануне в Кремлевском Дворце премией Паралимпийского комитета России «Возвращение в жизнь» [наградили](https://www.kommersant.ru/doc/8689472) спортсменов-паралимпийцев, тренеров и организаторов, которые развивают адаптивный спорт в нашей стране.

Благотворительная программа ДоброFON выступила партнёром премии и направила в ПКР 8 миллионов рублей. Лауреатам вручили сертификаты на 200 тыс. руб. От программы ДоброFON чек вручил генеральный директор компании FONBET Александр Парамонов. 

«За долгосрочный период совместной работы нам удалось реализовать множество проектов и мы ценим такое продуктивное партнёрство. Огромная благодарность спортсменам-паралимпийцам! Вы показываете пример и мотивируете многих из нас. Нельзя не отметить выступление на прошедших Паралимпийских играх — это выдающийся результат! Вся страна гордиться вами!», — заявил господин Парамонов.

#Спорт",19975,5,,kommersant
108022,2026-05-25T16:21:02+00:00,"**Владимир Путин подписал** **закон об упрощении проверок нетрезвых водителей.**

Инспекторы, подозревающие гражданина в нетрезвом вождении, по действующим правилам должны отстранить автомобилиста от управления машиной. ДПС составляет протокол, а водителя направляют на проверку. Также инспектор составляет еще один протокол о перемещении машины на штрафстоянку. 

Оформление отдельных документов теперь становится необязательным. Отметку об отстранении и задержании машины можно будет ставить в других документах, например, в протоколе о возбуждении дела об административном правонарушении.

Составление одного протокола у инспектора занимает в среднем пять минут. Отказ от оформления лишь одного протокола сэкономит инспекторам 33,6 тыс. рабочих часов в год и деньги, которые тратят власти на приобретение бланков.

▪️ [Подписывайтесь на «Ъ» в MAX ](https://max.ru/kommersant)| [в Telegram](https://t.me/+bPtk49gFbCBkYzdi)",83776,248,,kommersant
108021,2026-05-25T16:14:22+00:00,"🗞🗞🗞🗞 **Tether** **выпустит привязанный к грузинской нацвалюте стейблкойн GELt**, [заявил](https://www.kommersant.ru/doc/8689507?tg) премьер-министр Грузии Ираклий Кобахидзе.

По его словам, сотрудничество с Tether — «новый, очень важный и интересный шаг на пути экономического развития Грузии», а выпуск GELt — «важнейшее послание для инвесторов всего мира, доверие которых к Грузии неуклонно повышается».

Как пояснил в интервью «Ъ» экс-президент Национального банка Грузии Роман Гоциридзе, лари станет пятой валютой после доллара, евро, песо и юаня, к которой привязан стейблкойн. По его словам, грузинская валюта исторически довольно стабильна: когда НБГ выпустил лари в 1995 году, курс GEL к доллару составлял 1,3 лари за доллар, а сейчас — 2,7 лари.

Tether — одна из крупнейших криптовалютных компаний, по объему торгов занимающая 70% рынка стейблкойнов. Компания является эмитентом стейблкойна USDT, привязанного к доллару США.

#Ъузнал",20099,42,,kommersant
108020,2026-05-25T16:03:25+00:00,"«Цифры просто летят перед глазами: миллион, полтора…»

Рушана Валиева — один из самых востребованных артистов на грядущих летних фестивалях под открытым небом. Ее фестивальный сезон начнется 20 июня на крупнейшем отечественном фестивале «Дикая мята».

В преддверии летнего концертного марафона Игорь Гаврилов [расспросил](https://www.kommersant.ru/doc/8689531?tg) Рушану Валиеву о том, как девушка из села Толбазы попала на шоу «Голос», а потом записала самый пронзительный и модно звучащий альбом последних лет. 

📷 __Соцсети певицы Рушаны__

▪️ [Подписывайтесь на «Ъ» в MAX ](https://max.ru/kommersant)| [в Telegram](https://t.me/+bPtk49gFbCBkYzdi)",20263,40,,kommersant
108018,2026-05-25T15:57:26+00:00,"**Газпромбанк мог заработать 4 млрд руб. на продаже медцентров ГК «Эксперт», **[оценила](https://www.kommersant.ru/doc/8689716?tg) консалтинговая компания Eqiva.

Долю в этом бизнесе кредитная организация получила в 2020 году, купив 5,77% в компании. За шесть лет партнерства бизнес сети вырос: выручка компании увеличилась в три раза, группа открыла три госпиталя, пять многопрофильных клиник и 12 диагностических центров.

▪️ [Подписывайтесь на «Ъ» в MAX ](https://max.ru/kommersant)| [в Telegram](https://t.me/+bPtk49gFbCBkYzdi)",20089,19,,kommersant
108017,2026-05-25T15:46:05+00:00,"**🥷**** Хакер продает 340 млн записей пользователей OnlyFans, созданных на основе старых утечек данных.**

База данных была выставлена на форуме киберпреступников за 0,313 BTC ($24,2 тыс.). В нее входят имена, email-адреса, номера телефонов, данные о подписчиках, лайках, загруженном контенте, типе аккаунта, активности, а также связанные профили в соцсетях и платежная информация.

📷__ HackRead.__

🛡 [Не дай себя взломать — подпишись.](https://t.me/+J02LuAzwF301NzA6)",20268,73,,kommersant
108016,2026-05-25T15:41:22+00:00,"Владимир Путин подписал закон о **праве задействовать армию для защиты россиян, арестованных по решению иностранных судов без участия России**.

В Минобороны считают, что закон повысит международный престиж страны.

▪️ [Подписывайтесь на «Ъ» в MAX ](https://max.ru/kommersant)| [в Telegram](https://t.me/+bPtk49gFbCBkYzdi)",20806,73,,kommersant
108015,2026-05-25T15:31:35+00:00,"**Бывшего замдиректора АО «Атомэнергоремонт» Алексея Черникова** [**осудили**](https://www.kommersant.ru/doc/8689656?tg)** на шесть лет за взятку**, а также назначили штраф в размере 29 млн руб.

Фигурант был заключен под стражу в ноябре 2024 года. По некоторым данным, Алексей Черников получил взятку на сумму порядка 5,5 млн руб. в виде автомобиля представительского класса Genesis GV80.

▪️ [Подписывайтесь на «Ъ» в MAX ](https://max.ru/kommersant)| [в Telegram](https://t.me/+bPtk49gFbCBkYzdi)",22856,38,,kommersant
108014,2026-05-25T15:22:39+00:00,"❗️ **35 тысяч человек остались без света и воды после ракетных ударов по Белгороду**. [Повреждены объекты](https://www.kommersant.ru/doc/8689677) «критически важной» социальной инфраструктуры. Об этом в своем Telegram-канале сообщил врио губернатора Александр Шуваев.

✔️ Подписывайтесь на «Ъ-Черноземье» [в Telegram](http://t.me/kommersantvrn) | [в MAX](https://max.ru/kommersantvrn)",21102,46,,kommersant
108013,2026-05-25T15:21:07+00:00,"**Лимит сверхурочной работы в России увеличен со 120 до 240 часов в год. **Соответствующий закон подписал Владимир Путин.

Также снимается запрет на отзыв из отпуска работников, занятых на опасных производствах, если возникает ЧС, которую нужно предотвратить.

Закон вступит в силу с 1 сентября.

▪️ [Подписывайтесь на «Ъ» в MAX ](https://max.ru/kommersant)| [в Telegram](https://t.me/+bPtk49gFbCBkYzdi)",55292,913,,kommersant
108012,2026-05-25T15:09:22+00:00,"🗞🗞🗞🗞 **Прокуратура требует признать экстремистами группировку наркоторговцев**, которую организовал бывший сотрудник ФСКН Гиви Калмахелидзе (приговорен к пожизненному сроку), [стало известно](https://www.kommersant.ru/doc/8689616?tg) «Ъ».

Речь идет об ОПС, которая с 2019 года производила и сбывала мефедрон, организовав подпольные лаборатории в Ивановской области. Было выпущено более 90 кг наркотиков. Прокуратура добивается конфискации имущества фигурантов: домов, машин, оружия, счетов и долей в бизнесе.

Это первое в РФ административное дело, в рамках которого прокуратура добивается признания экстремистами целой группировки наркоторговцев. Если суд согласится, подобные иски будут заявлены к другим наркодельцам, деятельность которых несет угрозу национальной безопасности. В прокуратуре настаивают: наркотизм и экстремизм неразрывно связаны, а прибыль от наркобизнеса идет на финансирование терроризма.

#Ъузнал",20282,58,,kommersant
108011,2026-05-25T14:40:17+00:00,"⭐️⭐️⭐️⭐️⭐️⭐️**Продавцы маркетплейсов подготовили сотни досудебных претензий за невыплаченные за прошлый год деньги**. ""Ъ FM"" [поговорил](https://www.kommersant.ru/doc/8689201) с селлерами, которые все еще надеются на компенсации. 

25 мая прошло десять дней с окончания дедлайна ФАС к Wildberries и Ozon по поводу задержек выплат партнерам и другим нарушениям. На прошлой неделе ТАСС писал, что Федеральная антимонопольная служба получила от платформ ответы, однако конкретные предложения публично озвучены не были. И своих денег многие селлеры так и не увидели.

История тянется еще с осени 2025 года, когда маркетплейсы резко повысили сборы с продавцов. После скандала Wildberries предложил программу кэшбэков: партнерам выставили планы продаж на ноябрь, декабрь и январь. Если продавцы их перевыполняли, маркетплейс обещал вернуть часть комиссии.

💬 **Селлер**: 
«Мы бы еще поняли, если бы Wildberries сказал: ""У нас проблемы с деньгами"". Но в день, когда должны были поступить выплаты, компания купила дизайн-студию в Москве, а спустя несколько дней — офис в центре города. То есть деньги у них есть, просто тратить их на продавцов они не хотят.

Мы выполнили договор еще в конце января. Я допускаю, что мошеннические схемы возможны всегда, однако провести проверку можно было раньше — у них на это было более 90 дней. Сейчас они говорят, что сроки проверки не регламентированы. При этом в оферте вообще нет понятия ""антифрод"". В случае мошенничества там указан максимальный срок проверки — 21 день».

📌 __Одной из причин задержки называют «антифрод-проверку», о которой Wildberries объявил 5 мая.__

🗣 [Слушать эфир](https://t.me/kfm936?livestream) l [Написать в чат-бот](https://t.me/kmfmbot) l [Подписаться](https://t.me/kfm936)",20194,62,,kommersant
108010,2026-05-25T14:36:14+00:00,"↘️ **Индекс Мосбиржи упал ниже 2600 пунктов** **после заявления МИДа об ударах по Киеву**. В 17:19 мск он снижался на 1,31%, до 2589 пунктов, следует из данных площадки.

Сильнее всего падают бумаги «iПозитив» (-4,02%), «Татнефти» (-3,23%), «Северстали» (-3,23%) и НОВАТЭКа (-3,21%). 

Перед этим МИД России объявил о скорых ударах ВС РФ по целям в Киеве и призвал иностранцев покинуть город.

▪️ [Подписывайтесь на «Ъ» в MAX ](https://max.ru/kommersant)| [в Telegram](https://t.me/+bPtk49gFbCBkYzdi)",19826,58,,kommersant
108009,2026-05-25T14:24:00+00:00,"**В МВД **[**сменился**](https://www.kommersant.ru/doc/8689604?tg)** заместитель министра по тылу**: генерал-полковника Виталия Шулику, который переведен на аналогичную должность в Минобороны, сменил 63-летний генерал-майор Алексей Макаров (на фото), занимавший пост замначальника столичного полицейского главка.

Генерал Макаров начинал службу в вооруженных силах, но уже имеет более чем 30-летний опыт работы в органах внутренних дел.

📷 __ГУ МВД России по Москве__

▪️ [Подписывайтесь на «Ъ» в MAX ](https://max.ru/kommersant)| [в Telegram](https://t.me/+bPtk49gFbCBkYzdi)",19847,29,,kommersant
108008,2026-05-25T13:54:18+00:00,"**Киборгизация человечества неизбежна в том числе с точки зрения освоения космоса. **Такими размышлениями с «Ъ» [поделился](https://www.kommersant.ru/doc/8673397?tg) Илья Чех, основатель компании «Моторика».

__«__Я думаю, что в горизонте ближайших 15–20 лет мы уже увидим реальные кейсы постепенного перехода от исключительно биологической формы человека к более кибернетической. Это может стать одним из способов адаптации человека к условиям космического пространства: к радиации, ограничениям среды, длительной изоляции», — отметил господин Чех.

По его словам, мир уже очень близок к концепции киберчеловека. И через 15–20 лет любой человек сможет себе отрезать руку и установить более функциональный имплант. Задел для такого будущего уже есть. Многие спортсмены уже используют специальные протезы, спроектированные по аналогии с лапами гепарда.

Разговор с экспертом состоялся в преддверии «Т-Двора». Мероприятие пройдет 4–6 июня в Санкт-Петербурге. На дне, посвященному бизнесу будущего, спикер расскажет о развитии биоинженерии и о том, как космос меняет экономику.
 
__📷____: Евгений Разумный, Коммерсантъ__

#Деньги",21365,98,,kommersant
108007,2026-05-25T13:50:30+00:00,"**ВККС прекратила отставку экс-судьи Верховного суда РФ Виктора Момотова**, [сообщает](https://www.kommersant.ru/doc/8689628?tg) корреспондент «Ъ».

Господин Момотов лишается льгот и выплат, а также гарантии личной неприкосновенности.

▪️ [Подписывайтесь на «Ъ» в MAX ](https://max.ru/kommersant)| [в Telegram](https://t.me/+bPtk49gFbCBkYzdi)",20740,36,,kommersant
108006,2026-05-25T13:43:49+00:00,"**Вооруженные силы России приступают к системным ударам по объектам ВПК в Киеве, **говорится в заявлении МИД РФ.

Как отмечается, удар ВСУ по Старобельску «переполнил чашу терпения». Россия предупреждает персонал посольств о необходимости как можно скорее покинуть Киев.

▪️ [Подписывайтесь на «Ъ» в MAX ](https://max.ru/kommersant)| [в Telegram](https://t.me/+bPtk49gFbCBkYzdi)",24099,191,,kommersant
108005,2026-05-25T13:33:33+00:00,"**Рособрнадзор **[**вынес**](https://www.kommersant.ru/doc/8689551?tg)** предупреждение трем вузам Москвы**:

🔹 Московскому государственному лингвистическому университету;
🔹 Российскому университету медицины Минздрава РФ;
🔹 Московской международной академии.

▪️ [Подписывайтесь на «Ъ» в MAX ](https://max.ru/kommersant)| [в Telegram](https://t.me/+bPtk49gFbCBkYzdi)",21465,52,,kommersant
108004,2026-05-25T13:26:33+00:00,"**Вспышка смертельно опасной лихорадки Эбола в ДРК может стать самой масштабной и затяжной**, предупреждают специалисты.

Главными причинами они считают природу нового штамма вируса, военный конфликт в регионе, недофинансирование медицины в стране и отношение местных жителей, которые из-за суеверий нападают на медиков и убегают из больниц и изоляторов, разнося инфекцию.

Число предполагаемых случаев заболевания лихорадкой Эбола на востоке ДРК превысило 900. По данным гендиректора ВОЗ, при новой вспышке погибли 220 человек.

**__👉__****__ Подробности — в __**[**__материале__**](https://www.kommersant.ru/doc/8689505?tg)**__ «Ъ».__**

▪️ [Подписывайтесь на «Ъ» в MAX ](https://max.ru/kommersant)| [в Telegram](https://t.me/+bPtk49gFbCBkYzdi)",22229,48,,kommersant
108003,2026-05-25T12:51:01+00:00,"**Российский книжный союз **[**обновил**](https://www.kommersant.ru/doc/8689549?tg)** перечень изданий, подлежащих маркировке из-за упоминаний наркотиков.** В него внесли две книги российского писателя и поэта Эдуарда Лимонова «Москва майская» и «В сырах».

Сейчас в перечень включено более 2 тыс. произведений: книги Виктора Пелевина, Сергея Лукьяненко, Стивена Кинга, Чака Паланика, Эриха Марии Ремарка, Карлоса Кастанеды, Франца Кафки и других авторов.

▪️ [Подписывайтесь на «Ъ» в MAX ](https://max.ru/kommersant)| [в Telegram](https://t.me/+bPtk49gFbCBkYzdi)",21651,86,,kommersant
108001,2026-05-25T11:46:43+00:00,"🇻🇦 **Папа римский сравнил угрозу со стороны ИИ с библейской «Вавилонской башней»,** пишет The Wall Street Journal.

Энциклика «Magnifica Humanitas», опубликованная Львом XIV 25 мая, является предупреждением о будущем цивилизации в условиях стремительного развития новых технологий. Папа римский использовал два библейских образа, чтобы описать выбор, стоящий перед человечеством:

1️⃣ **«Строительство Вавилонской башни»** — символизирует грандиозный проект, осуществляемый сверху вниз, где решения принимаются под влиянием гордости, прибыли и стремления к унификации, а человек становится «винтиком в системе, стремящейся к постоянно возрастающей эффективности».

2️⃣ **«Восстановление Иерусалима»** — предполагает совместную работу разных людей и достижение братского сосуществования между ними.

Понтифик также отметил, что необходимо противостоять концентрации цифровой власти в руках нескольких лиц, а перспективу массовой безработицы из-за инноваций назвал «настоящей социальной катастрофой».

🤖 [Пишем про ИИ без ИИ. Подписывайтесь.](https://t.me/+O8RPuh3Mul4zNTQy)",21449,128,,kommersant
108000,2026-05-25T11:24:05+00:00,"⚖️ Суд в Москве приговорил** к 10 годам колонии со штрафом в 100 млн руб.** бывшего первого замглавы столичного метро Дмитрия Дощатова, сообщает ТАСС.

По версии следствия, за взятку в виде автомобиля Toyota RAV4 стоимостью 4 млн руб. он способствовал приемке некачественных полушпал для строительства метро, поставленных по фиктивному контракту на сумму 3,89 млрд руб.

▪ [Подписывайтесь на «Ъ» в MAX |](https://max.ru/kommersant) [в Telegram](https://t.me/+bPtk49gFbCBkYzdi)",22388,126,,kommersant
107999,2026-05-25T11:12:08+00:00,"Виталий Шулика назначен заместителем министра обороны РФ, подтвердили в Минобороны.

▪ [Подписывайтесь на «Ъ» в MAX |](https://max.ru/kommersant) [в Telegram](https://t.me/+bPtk49gFbCBkYzdi)",42370,29,,kommersant
107998,2026-05-25T10:31:15+00:00,"**🗞****🗞****🗞****🗞**** Власти **[**планируют увеличить**](https://www.kommersant.ru/doc/8689340?tg)** предел разрешенной скорости на федеральных трассах: **на участках «Тавриды» в Крыму после установки освещения Росавтодор может повысить скорость до 110 км/ч уже в конце текущего года. Увеличение лимита ожидается и на трассах М-3 «Украина» и М-4 «Дон». 

Регионы пока с изменениями не спешат. Подмосковные власти, к примеру, недавно отчитались об установке 4,5 тыс. знаков ограничений скорости и принятых мерах по «успокоению» движения.

#Ъузнал",22028,44,,kommersant
107997,2026-05-25T10:12:23+00:00,"**Суд отказал в удовлетворении жалобы Ратмира Мавлиева на действия следователя и криминалиста**

Защита главы администрации Уфы Ратмира Мавлиева не сумела доказать нарушения в действиях правоохранительных органов. Жалобу чиновника отклонил Советский районный суд, передает корреспондент «Ъ».

Решение об оспаривании постановления защита примет после согласования позиции, рассказал журналистам адвокат Ильгиз Карамов.

Чиновнику вменяют по два эпизода взяточничества в особо крупном размере и превышения должностных полномочий. Он находится под домашним арестом.

28 мая суд рассмотрит еще одну жалобу сити-менеджера: в ней господин Мавлиев оспаривает принудительное изъятие образцов волос.

[Если было интересно — поддержите лайком и подпишитесь «Ъ-Уфа»](https://t.me/kommersantufa)[|Max](https://max.ru/kommersantufa)[|ВКонтакте](http://vk.com/ufakommersant)",20534,11,,kommersant
107996,2026-05-25T09:55:12+00:00,"📰 **Другие заявления Дмитрия Пескова:**

🔵В Кремле услышали заявления Пашиняна о том, что Армения не будет заниматься антироссийской риторикой;

🔵РФ и Армения — друзья и остаются в диалоге;

🔵 Владимир Путин на этой неделе отправится с госвизитом в Астану, где в том числе примет участие в мероприятиях ЕАЭС;

🔵 РФ надеется, что Армения так или иначе будет участвовать в предстоящих мероприятиях ЕАЭС в Астане;

🔵 Отказ ряда западных СМИ поехать в Старобельск не позволяет им называться объективными;

🔵 Дмитрий Песков заявил, что не будет передавать Владимиру Путину слова режиссера Андрея Звягинцева в Каннах;

🔵 Андрей Звягинцев никогда не осуждал бойню, которую устроил Киев в Донбассе, потому не имеет право голоса по теме СВО;

🔵 У Кремля нет информации о задержании митрополита Илариона в Карловых Варах. 

▪ [Подписывайтесь на «Ъ» в MAX |](https://max.ru/kommersant) [в Telegram](https://t.me/+bPtk49gFbCBkYzdi)",19981,24,,kommersant
107995,2026-05-25T09:53:24+00:00,"Цена на газ РФ для Армении «более чем льготная», **это изменится, если Ереван уйдет из ЕАЭС**, добавил Дмитрий Песков.

▪ [Подписывайтесь на «Ъ» в MAX |](https://max.ru/kommersant) [в Telegram](https://t.me/+bPtk49gFbCBkYzdi)",19409,29,,kommersant
107994,2026-05-25T09:52:27+00:00,"Кремль обратил внимание, что ряд СМИ Запада **под разными предлогами отказались ехать в Старобельск смотреть на последствия удара ВСУ**, отметил Дмитрий Песков.

▪ [Подписывайтесь на «Ъ» в MAX |](https://max.ru/kommersant) [в Telegram](https://t.me/+bPtk49gFbCBkYzdi)",20393,14,,kommersant
107993,2026-05-25T09:51:36+00:00,"**Льготные цены на российские энероносители невозможны для участников ЕС, Еревану это хорошо известно,** заявил пресс-секретарь президента РФ Дмитрий Песков.

▪ [Подписывайтесь на «Ъ» в MAX |](https://max.ru/kommersant) [в Telegram](https://t.me/+bPtk49gFbCBkYzdi)",18901,16,,kommersant
107992,2026-05-25T09:46:38+00:00,"❗  Спецслужбы предотвратили теракт на прибывшем из Бельгии в порт Усть-Луга Ленинградской области заминированном газовозе, сообщила ФСБ.

▪ [Подписывайтесь на «Ъ» в MAX |](https://max.ru/kommersant) [в Telegram](https://t.me/+bPtk49gFbCBkYzdi)",20645,79,,kommersant
107991,2026-05-25T09:42:36+00:00,"**❗️**** Центробанк оспорил в суде ЕС регламент Европарламента и совета ЕС по мерам поддержки Украины за счет активов Банка России.**

ЦБ сохраняет за собой все средства правовой защиты во всех юрисдикциях, доступных для обжалования незаконных мер ЕС в отношении его активов.

В регуляторе подчеркнули, что поддержка Киева за счет активов ЦБ РФ нарушает принципы международного права, включая иммунитет государств и их центральных банков. 

▪ [Подписывайтесь на «Ъ» в MAX |](https://max.ru/kommersant) [в Telegram](https://t.me/+bPtk49gFbCBkYzdi)",27907,47,,kommersant
107990,2026-05-25T09:39:15+00:00,"❌ В Московской воздушной зоне в начале июня будут запрещены полеты гражданских воздушных на высотах от 0 до 5100 м, сообщается в телеграм-канале АОПА-Россия.

**Исключения из указанного запрета будут сделаны для:**
🔵 регулярных (по расписанию) и чартерных пассажирских рейсов, выполняющих полеты по маршрутам ОВД в/из аэропортов
🔵 полетов для оказания медицинской помощи и эвакуации
🔵 полетов для выполнения авиационно-химических работ, мониторинга трубопроводов и линий электропередач,
🔵 полетов для выполнения авиационных работ по государственным контрактам.

▪ [Подписывайтесь на «Ъ» в MAX |](https://max.ru/kommersant) [в Telegram](https://t.me/+bPtk49gFbCBkYzdi)",20195,114,,kommersant
107989,2026-05-25T09:33:48+00:00,"❗ **В Чехии задержали митрополита РПЦ Илариона.** Об этом заявила редакция его Telegram-канала. 

Как следует из сообщения, сотрудники полиции не сообщили ясных причин остановки, связанных с возможным нарушением правил дорожного движения, и сразу приступили к досмотру автомобиля. Во время досмотра в его багажнике нашли четыре небольших контейнера с веществом белого цвета. Состав, происхождение и характер вещества должны быть установлены экспертизой.

«Я не имею и никогда не имел никакого отношения к незаконному обороту наркотических средств. Для меня, как для священнослужителя, само предположение о подобном является безусловно ложным. Я настаиваю на полной, независимой и процессуально безупречной проверке произошедшего», — заявил митрополит Иларион.

📷 __Соцсети__

▪ [Подписывайтесь на «Ъ» в MAX |](https://max.ru/kommersant) [в Telegram](https://t.me/+bPtk49gFbCBkYzdi)",20991,257,,kommersant
107988,2026-05-25T09:29:37+00:00,"❌ **Mastercard и Visa должны уйти с российского рынка, **заявила директор департамента национальной платежной системы ЦБ РФ Алла Бакина.

«Они не несут и не выполняют тот функционал, который всегда обеспечивали».

▪ [Подписывайтесь на «Ъ» в MAX |](https://max.ru/kommersant) [в Telegram](https://t.me/+bPtk49gFbCBkYzdi)",20245,111,,kommersant
107987,2026-05-25T09:27:42+00:00,"**Россия остается неотъемлемой частью мировой экономики**, она открыта к конструктивному взаимодействию со всеми, разделяющими принципы взаимоуважения, заявил Владимир Путин в приветствии участникам, организаторам и гостям XXIX ПМЭФ.

«Вместе с коллегами продолжаем активную работу в многосторонних объединениях - ООН и ее структурах, ЕАЭС, СНГ, БРИКС, Шанхайской организации сотрудничества и Организации Договора о коллективной безопасности, председательство в которой в 2026 году перешло к России».

▪ [Подписывайтесь на «Ъ» в MAX |](https://max.ru/kommersant) [в Telegram](https://t.me/+bPtk49gFbCBkYzdi)",20923,21,,kommersant
107986,2026-05-25T09:26:13+00:00,"**Московский омбудсмен Татьяна Потяева переходит на новую работу,** она будет советником мэра столицы и продолжит заниматься в том числе взаимодействием с уполномоченными, рассказала «Ъ» уполномоченный по правам человека в России Яна Лантратова.

«Ее уважают коллеги, ею проведена огромная работа, создан уникальный молодежный совет, ее опыт для нас очень важен. Продолжим работать с Татьяной Александровной уже в новом ее статусе».

#Ъузнал",20997,22,,kommersant
107985,2026-05-25T09:07:04+00:00,"Источник «Ъ» **подтвердил назначение генерала Алексея Макарова **на должность замминистра внутренних дел.

▪ [Подписывайтесь на «Ъ» в MAX |](https://max.ru/kommersant) [в Telegram](https://t.me/+bPtk49gFbCBkYzdi)",24261,23,,kommersant
107984,2026-05-25T08:58:05+00:00,"❗  **Генерал Алексей Макаров назначен заместителем министра внутренних дел,** сообщили источники «Вестей». 

▪ [Подписывайтесь на «Ъ» в MAX |](https://max.ru/kommersant) [в Telegram](https://t.me/+bPtk49gFbCBkYzdi)",21865,36,,kommersant
107983,2026-05-25T08:55:23+00:00,"**Площадь пожара в хостеле на востоке Москвы выросла до 400 кв. метров,** на место выехал пожарный поезд, сообщают оперативные службы.

▪ [Подписывайтесь на «Ъ» в MAX |](https://max.ru/kommersant) [в Telegram](https://t.me/+bPtk49gFbCBkYzdi)",22358,24,,kommersant
107982,2026-05-25T08:28:51+00:00,"**❗️**** Более 600 человек эвакуировали из здания на востоке Москвы из-за пожара**, рассказали «РИА Новости» в экстренных службах. 

По данным ТАСС, горит хостел, пожару присвоен повышенный ранг. Площадь пожара составляет 300 кв. метров.

▪ [Подписывайтесь на «Ъ» в MAX |](https://max.ru/kommersant) [в Telegram](https://t.me/+bPtk49gFbCBkYzdi)",22331,31,,kommersant
107981,2026-05-25T08:05:54+00:00,"**Автобус с 30 иностранцами перевернулся в Нижегородской области,** водитель получил незначительные травмы, сообщили в пресс-службе ГУ МВД.

▪ [Подписывайтесь на «Ъ» в MAX |](https://max.ru/kommersant) [в Telegram](https://t.me/+bPtk49gFbCBkYzdi)",22805,15,,kommersant
107980,2026-05-25T07:53:56+00:00,"▶️ ФСБ показала кадры задержания членов  группы, организовавшей незаконное получение лицензий на золотодобычу в Забайкальском крае. 

▪ [Подписывайтесь на «Ъ» в MAX |](https://max.ru/kommersant) [в Telegram](https://t.me/+bPtk49gFbCBkYzdi)",29608,38,,kommersant
107979,2026-05-25T07:45:34+00:00,"ФСБ пресекла деятельность группы, организовавшей незаконное получение лицензий на золотодобычу в Забайкальском крае. 

Задержания, обыски и следственные действия прошли в  Чите, Санкт-Петербурге и Благовещенске.

Как уточнили в службе, у фигурантов нашли и изъяли больше 27 млн рублей, полученные от представителей золотодобывающих компаний за общее покровительство. Оценочная стоимость разведанных запасов золота на участках составляет 1,5 млрд руб.

Возбуждены уголовные дела по ч. 6 ст. 290, п. «в» ч. 5  ст. 290 (получение взятки) и ч. 5 ст. 291 и п. «б» ч. 4 ст. 291 (дача взятки) УК России.

▪ [Подписывайтесь на «Ъ» в MAX |](https://max.ru/kommersant) [в Telegram](https://t.me/+bPtk49gFbCBkYzdi)",24250,53,,kommersant
107978,2026-05-25T07:42:00+00:00,"Корабли Королевского военно-морского флота и британские моряки **готовятся к отправке в район Ормузского пролива для его разминирования**, сообщает Associated Press (AP).

По данным командования британского ВМФ, после достижения соглашения между США и Ираном вспомогательное судно RFA Lyme Bay, находящееся в Гибралтаре, отправится на Ближний Восток. 

Сейчас на судно загружают боеприпасы и беспилотные подводные аппараты для поиска и уничтожения мин.

▪ [Подписывайтесь на «Ъ» в MAX |](https://max.ru/kommersant) [в Telegram](https://t.me/+bPtk49gFbCBkYzdi)",23143,25,,kommersant
107977,2026-05-25T07:13:37+00:00,"❗️ **Олег Савельев покинул должность замминистра обороны России из-за «перехода на другую работу». **Об этом сообщил источник «Ъ», близкий к Минобороны.

По его данным, новым замглавы назначен генерал-полковник полиции Виталий Шулика.

▪ [Подписывайтесь на «Ъ» в MAX |](https://max.ru/kommersant) [в Telegram](https://t.me/+bPtk49gFbCBkYzdi)",29966,95,,kommersant
107976,2026-05-25T07:03:39+00:00,"«Я решил точно следовать за Прокофьевым».

🗞🗞🗞🗞 28 мая на Исторической сцене Большого театра состоится первая балетная премьера юбилейного сезона. Настоящая, а не перенос уже готового спектакля. Трехактный балет Сергея Прокофьева ставит Вячеслав Лопатин — премьер Большого театра и хореограф-дебютант. 

👉 Татьяна Кузнецова [расспросила](https://www.kommersant.ru/doc/8688881?tg) Вячеслава Лопатина, что заставило его взяться за постановку, слушались ли его артисты и какую сказку он нам расскажет.

#Ъузнал",23149,23,,kommersant
107975,2026-05-25T06:45:34+00:00,"**В ДРК число предполагаемых случаев заболевания лихорадкой Эбола превысило 900**, сообщает France24.

Ранее сообщалось о 700 предполагаемых случаях. При этом по официальной статистике количество зарегистрированных смертельных исходов скорректировано со 170 до 119.

Центром вспышки заболевания остается провинция Итури, отдельные случаи также зафиксированы в провинциях Северное и Южное Киву. Ситуацию осложняет то, что часть этих территорий находится под контролем властей ДРК, а часть — вооруженных группировок. 

По оценке Международной федерации обществ Красного Креста и Красного Полумесяца, вспышка лихорадки Эбола «разворачивается в общинах, которые и без того сталкиваются с нестабильностью, перемещением населения и хрупкими системами здравоохранения».

▪ [Подписывайтесь на «Ъ» в MAX |](https://max.ru/kommersant) [в Telegram](https://t.me/+bPtk49gFbCBkYzdi)",21863,20,,kommersant
107974,2026-05-25T06:31:17+00:00,"📰 В случае подписания рамочного соглашения с США Иран **обязан немедленно открыть Ормузский пролив**, Тегеран за 30 дней также должен обеспечить восстановление довоенного уровня судоходства, пишет The Washington Post.

Условия открытия Ормузского пролива будет регулировать меморандум о взаимопонимании. США и их союзники после открытия пролива объявят о прекращении военных действий на всех фронтах, включая Ливан, указано в статье.

Также рамочное соглашение включает обязательства Ирана никогда не разрабатывать ядерное оружие. Тегеран должен уничтожить все запасы обогащенного урана. 

▪ [Подписывайтесь на «Ъ» в MAX |](https://max.ru/kommersant) [в Telegram](https://t.me/+bPtk49gFbCBkYzdi)",20567,14,,kommersant
107973,2026-05-25T06:15:40+00:00,"↘️ Августовские фьючерсы на нефть марки Brent составляли $94,7 за баррель — на 5,4% дешевле закрытия предыдущего дня, следует из данных лондонской биржи ICE на 06:52 мск. 

Последний раз Brent опускалась ниже $95 за баррель 24 апреля. Стоимость нефти американской марки WTI, отгруженной в июле, упала на 5,77% — до $90,83 за баррель.

▪ [Подписывайтесь на «Ъ» в MAX |](https://max.ru/kommersant) [в Telegram](https://t.me/+bPtk49gFbCBkYzdi)",22881,11,,kommersant
107972,2026-05-25T06:03:25+00:00,"📰 **Эксклюзивные материалы свежего номера газеты «Коммерсантъ»: **

🔵 Российские микродрамы [выходят](https://www.kommersant.ru/doc/8688612?tg) на китайский рынок.

🔵 Стоимость страхования имущества к ипотеке [достигла минимума](https://www.kommersant.ru/doc/8688562?tg) за четыре года.

🔵 Международные инвесторы [вложили](https://www.kommersant.ru/doc/8688835?tg) в фонды облигаций максимальный объем средств с июня 2020 года. 

🔵 Продажи средств от аллергии в сезон цветения [снизились](https://www.kommersant.ru/doc/8688811?tg) на 4%.

🔵 Суд в Москве [приступил к рассмотрению ](https://www.kommersant.ru/doc/8688790?tg)в заочном порядке нового уголовного дела банкира Саркиса Мейбатова.

🔵 Акционер бывшей пивоварни в Крыму [оспаривает](https://www.kommersant.ru/doc/8688591?tg) ее национализацию.

🔵 Совокупная выручка российских ИТ-компаний впервые за несколько лет [снизилась](https://www.kommersant.ru/doc/8688941?tg) почти на 60 млрд руб.

👉 __Читайте другие эксклюзивные заметки на __[__сайте «Ъ». __](https://www.kommersant.ru/daily/166378?tg)

#Ъузнал",82995,136,,kommersant
107971,2026-05-25T05:47:08+00:00,"🗞🗞🗞🗞 Выручка российского ИТ-сектора по итогам 2025 года впервые за несколько лет** **[**снизилась**](https://www.kommersant.ru/doc/8688941?tg)** — почти на 60 млрд руб., до 7,94 трлн руб., несмотря на рост количества профильных компаний. **

Количество игроков увеличилось на 3,5%, что ведет к усилению конкуренции и возможной волне слияний, говорят на рынке. Участники связывают это с дроблением средних компаний, появлением новых игроков в сфере ИИ и перетоком конкуренции в одни и те же сравнительно простые ниши.

📷 __Евгений Павленко/Коммерсантъ__

#Ъузнал",20098,60,,kommersant
107970,2026-05-25T05:15:20+00:00,"🗞🗞🗞🗞Акционер Ялтинского пивобезалкогольного завода [обратилась](https://www.kommersant.ru/doc/8688591?tg) в Конституционный суд России с иском о признании неконституционными ряда норм, вследствие которых** имущество на производстве было национализировано, а компенсация за это не выплачена.** Юристы считают, что, если истец и выиграет дело, вернуть актив будет затруднительно.

#Ъузнал",22492,60,,kommersant
107969,2026-05-25T05:10:06+00:00,"Средства ПВО сбили 173  беспилотника ВСУ над российскими регионами за ночь, сообщили в Минобороны РФ.

▪ [Подписывайтесь на «Ъ» в MAX |](https://max.ru/kommersant) [в Telegram](https://t.me/+bPtk49gFbCBkYzdi)",19814,11,,kommersant
107968,2026-05-25T04:49:17+00:00,"▶️ В китайском приложении ShortMax с 23 мая** появятся первые российские микродрамы от чебоксарской кинокомпании «Кинолента»**, речь идет о лентах «Босс мафии — мой слуга» и «Телохранитель ее любви», [узнал «Ъ»](https://www.kommersant.ru/doc/8688612?tg).

Партнерство с зарубежной компанией было заключено по модели Revenue Share, которая предусматривает распределение доходов от монетизации контента между платформой и кинопроизводителем. 

«Для российских региональных студий это открывает возможность выйти на международный рынок без необходимости конкурировать с крупными мировыми продакшенами в сегменте дорогостоящего премиального контента»,— объяснил представитель компании.

📡 [Сети меняются. Мы следим. Подписывайтесь](https://t.me/+SkQgmXpzMqFjZjli).",20854,57,,kommersant
107967,2026-05-25T04:30:15+00:00,"Председатель КНР Си Цзиньпин во время встречи с Дональдом Трампом в Пекине **подверг резкой критике премьер-министра Японии Санаэ Такаити за ремилитаризацию ее страны**, сообщает издание Financial Times (FT).

По данным собеседников издания, обсуждая Японию, китайский лидер **неожиданно повысил тон — заговорил «громко и взволнованно»**, чем удивил американских чиновников. 

 В ответ американский президент заявил, что Токио должен занять более жесткую позицию в сфере безопасности из-за растущей угрозы со стороны КНДР. О том, упомянул ли Дональд Трамп в том же контексте и Китай, чиновники не уточнили.

▪ [Подписывайтесь на «Ъ» в MAX |](https://max.ru/kommersant) [в Telegram](https://t.me/+bPtk49gFbCBkYzdi)",20130,25,,kommersant
107966,2026-05-25T04:01:56+00:00,"**⛅️**** Главные новости к утру**

🔸 США и Иран [договорились](https://www.kommersant.ru/doc/8689033?tg) об открытии Ормузского пролива, сообщает NYT со ссылкой на источник.

🔸 Нефть Brent [упала](https://www.kommersant.ru/doc/8689035?tg) ниже $99 впервые за две недели.

🔸 Самолет ВВС США [подал](https://www.kommersant.ru/doc/8689015?tg) сигнал бедствия в небе над Чехией.

🔸 Дональд Трамп [просил](https://www.kommersant.ru/doc/8689032?tg) лидеров арабских стран заключить «соглашения Авраама», сообщает Axios.

🔸 Самолету главы Минобороны Британии [заглушили](https://www.kommersant.ru/doc/8689038?tg) сигнал GPS возле России, сообщила газета The Times.

🔸 В ДРК число предполагаемых случаев заболевания лихорадкой Эбола [превысило](https://www.kommersant.ru/doc/8689043?tg) 900.

🔸 S7 [подтвердила намерение](https://www.kommersant.ru/doc/8689040?tg) закупить 100 самолетов Ту-214.

🔸 ВСУ [обстреляли](https://www.kommersant.ru/doc/8689044?tg) Белгород ракетами. Поражены объекты энергетической инфраструктуры. Повреждения получил фасад административного здания.

#главноекутру",21741,16,,kommersant
107965,2026-05-25T03:31:57+00:00,"📺 **На рынке растет доля российских телевизоров**

По итогам первого квартала 2026 года доля российских брендов и СТМ на рынке телевизоров **выросла до 31,5% против 30,5% годом ранее**, что составляет около 630 тыс. проданных устройств, [оценили для «Ъ](https://www.kommersant.ru/doc/8688922?tg)» в ряде крупных дистрибуторов.

В денежном выражении **продажи увеличились с 19,7% до 22,7% и составили почти 13,2 млрд руб.**

При этом первый квартал отметился дефицитом устройств некоторых популярных китайских и корейских брендов на российском рынке.

«Трудности с поставками возникли под влиянием различных факторов, среди которых можно назвать усложнение логистики из-за ближневосточного конфликта. Это позволило российским брендам закрыть нехватку предложения своим продуктом»,— пояснил директор департамента бытовой электроники OCS Владислав Бородин.

📡 [Сети меняются. Мы следим. Подписывайтесь](https://t.me/+SkQgmXpzMqFjZjli).",19174,29,,kommersant
107964,2026-05-25T03:16:57+00:00,"↖️ **Глобальная торговля товарами в 2026 году вырастет на 1,5–2,5% после увеличения на 4,7% в 2025-м**, [следует](https://www.kommersant.ru/doc/8688975?tg) из прогноза Конференции ООН по торговле и развитию (ЮНКТАД).

Рост во многом сконцентрирован в категориях, связанных с развитием ИИ. Торговля же базовыми потребительскими товарами увеличивается заметно медленнее.

На фоне слабого внутреннего спроса, высокой неопределенности и геополитических рисков рост ВВП, по оценке ЮНКТАД, в этом году замедлится во многих развитых и развивающихся странах.

▪ [Подписывайтесь на «Ъ» в MAX |](https://max.ru/kommersant) [в Telegram](https://t.me/+bPtk49gFbCBkYzdi)",19556,10,,kommersant
107963,2026-05-25T02:53:57+00:00,"**Самолету главы Минобороны Британии Джону Хили заглушили сигнал GPS возле России**, [сообщает](https://www.kommersant.ru/doc/8689038?tg) The Times.

Из-за воздействия средств РЭБ вблизи российской границы на самолете пропал спутниковый сигнал, пилоты были вынуждены использовать резервные навигационные системы для расчета своего местоположения.

Министр в тот момент возвращался в Великобританию после визита в Эстонию. В оборонных кругах королевства Россию считают виновной в происшествии. Впрочем, The Times подчеркивает: пока неясно, был ли самолет министра намеренной целью атаки РЭБ или же борт случайно попал в зону действия глушилок.

▪ [Подписывайтесь на «Ъ» в MAX |](https://max.ru/kommersant) [в Telegram](https://t.me/+bPtk49gFbCBkYzdi)",20310,38,,kommersant
107962,2026-05-25T02:20:57+00:00,"**Сотни заключенных захватили контроль над следственным изолятором в городе Баринас на западе Венесуэлы**, [сообщает AFP. ](https://www.kommersant.ru/doc/8689039?tg)

Арестанты заявляют, что подвергаются пыткам, и требуют увольнения начальника исправительного учреждения.

▶️ __Соцсети__

▪ [Подписывайтесь на «Ъ» в MAX ](https://max.ru/kommersant)| [в Telegram](https://t.me/+bPtk49gFbCBkYzdi)",33195,40,,kommersant
107961,2026-05-25T01:46:57+00:00,"Фармацевтические компании с 2027 года **могут начать получать от государства компенсацию** части затрат на регистрацию своих лекарств за рубежом.

О возможном возобновлении такой программы поддержки экспорта фармпродукции [сообщил Минпромторг.](https://www.kommersant.ru/doc/8688943?tg)

Эксперты, однако, отмечают, что конкурентоспособность российских лекарств на мировом рынке ограничена и экспортным потенциалом обладают только оригинальные отечественные разработки.

▪ [Подписывайтесь на «Ъ» в MAX |](https://max.ru/kommersant) [в Telegram](https://t.me/+bPtk49gFbCBkYzdi)",19252,34,,kommersant
107960,2026-05-25T00:53:08+00:00,"**Меры безопасности верховного лидера Ирана Моджтабы Хаменеи затягивают мирную сделку**, [сообщает CBS News](https://www.kommersant.ru/doc/8689037?tg) со ссылкой на данные американской разведки.

Как пишет телеканал, Моджтаба Хаменеи находится в сверхсекретном убежище, о местоположении которого не знают даже высшие государственные чиновники. Система безопасности выстроена так, что глава государства практически изолирован от внешнего мира, а связь с ним поддерживается исключительно через запутанную сеть курьеров.

В таких же условиях живут некоторые другие представители иранского руководства, утверждают в разведке. Из-за этой системы рассмотрение любых предложений Белого дома по мирному соглашению затягивается: передача сообщений и получение ответа занимают слишком много времени.

CBS называет трудности с коммуникацией главной причиной, почему согласование деталей потенциальной сделки продвигается так медленно.

▪ [Подписывайтесь на «Ъ» в MAX |](https://max.ru/kommersant) [в Telegram](https://t.me/+bPtk49gFbCBkYzdi)",19468,39,,kommersant
107959,2026-05-25T00:02:51+00:00,"**Россия обратится в Международный суд ООН из-за ущемления русских в Прибалтике**, заявили в МИД «Известиям».

Там [утверждают](https://www.kommersant.ru/doc/8689034?tg), что власти Латвии, Литвы и Эстонии занимаются «карательной политикой репрессий и запугиваний», и дипломатические попытки исправить ситуацию результатов не дают.

▪ [Подписывайтесь на «Ъ» в MAX |](https://max.ru/kommersant) [в Telegram](https://t.me/+bPtk49gFbCBkYzdi)",19403,95,,kommersant
107958,2026-05-24T23:56:07+00:00,"❌ **Движение на выезде из Ярославля в сторону Москвы перекрыто из-за атаки БПЛА**, сообщил губернатор Ярославской области Михаил Евраев.

**UPD. **Движение на выезде из Ярославля в сторону Москвы восстановлено, заявил глава региона.

▪ [Подписывайтесь на «Ъ» в MAX |](https://max.ru/kommersant) [в Telegram](https://t.me/+bPtk49gFbCBkYzdi)",19212,25,,kommersant
107957,2026-05-24T23:21:14+00:00,"🗞🗞🗞🗞 **Предоставление полувагонов под перевозку угля подорожало в мае на 16%**.

[Как поясняет собеседник «Ъ»](https://www.kommersant.ru/doc/8688935?tg), основным драйвером стало улучшение конъюнктуры на экспортных направлениях в условиях конфликта на Ближнем Востоке и роста интереса мирового рынка к энергоносителям.

Угольщики отмечают увеличение доли затрат на аренду полувагонов в стоимости угля. Но, по данным операторов, даже с учетом роста ставок те остаются на 40–60% ниже прошлогодних и не обеспечивают необходимую доходность бизнеса, позволяющую покрывать затраты на обслуживание парка.

#Ъузнал",20246,28,,kommersant
107956,2026-05-24T22:32:07+00:00,"**США и Иран договорились об открытии Ормузского пролива**, [сообщает](https://www.kommersant.ru/doc/8689033?tg) The New York Times со ссылкой на источник.

Детали договоренностей еще предстоит проработать, и еще неизвестно, останется ли у Ирана какой-либо контроль над морским коридором, пишет NYT.

Также вчера связанное с КСИР агентство Fars писало, что Иран не соглашался открыть Ормузский пролив для судоходства. Тегеран, по этому сообщению, собирается выдавать разрешения на проход через пролив, определять маршрут, время и порядок движения.

Сроки возобновления судоходства и снижения цен на энергоносители неизвестны. По прогнозам экспертов, быстрого падения цен на нефть не произойдет, пишет NYT.

▪ [Подписывайтесь на «Ъ» в MAX |](https://max.ru/kommersant) [в Telegram](https://t.me/+bPtk49gFbCBkYzdi)",51724,76,,kommersant
107954,2026-05-24T22:13:48+00:00,"**Дональд Трамп просил лидеров арабских стран заключить «соглашения Авраама»**, [сообщает](https://www.kommersant.ru/doc/8689032?tg) Axios со ссылкой на источник.

Президент США призвал их подписать документ после окончания войны на Ближнем Востоке. Он заявил, что надеется на нормализацию отношений между арабским миром и Израилем.

Среди тех, к кому обратился президент с этой просьбой, были представители Саудовской Аравии, Катара и Пакистана, у которых нет официальных дипломатических отношений с Израилем, а также Турции, Египта, Иордании и Бахрейна.

🔵 «Соглашения Авраама» — это договор о нормализации отношений между Израилем и арабскими государствами. Их участниками уже стали ОАЭ, Бахрейн, Марокко и Судан, которые подписывали договор в 2020-2021 годах, а в ноябре сообщалось о присоединении к этому формату Казахстана.

▪ [Подписывайтесь на «Ъ» в MAX |](https://max.ru/kommersant) [в Telegram](https://t.me/+bPtk49gFbCBkYzdi)",21790,26,,kommersant
107953,2026-05-24T21:35:36+00:00,"✈️ Самолет ВВС США Boeing C-17A Globemaster III подал сигнал бедствия в небе над Чехией, [сообщается](https://www.kommersant.ru/doc/8689015?tg) на сайте сервиса Flightradar 24.

Несколько минут назад самолет приземлился на авиабазе Рамштайн в Германии. Что произошло на борту, неизвестно.

▪ [Подписывайтесь на «Ъ» в MAX |](https://max.ru/kommersant) [в Telegram](https://t.me/+bPtk49gFbCBkYzdi)",21925,17,,kommersant
107952,2026-05-24T20:48:12+00:00,"**Марко Рубио заранее обвинил Иран в возможном провале переговоров. **Госсекретарь США [уверил](https://www.kommersant.ru/doc/8689012?tg), что если переговоры провалятся, в этом точно не будет вины Соединенных Штатов или их союзников в Персидском заливе.

«Это будет на 100 процентов вина Ирана»,— сказал он в интервью India Today.

Господин Рубио предупредил, что в случае провала переговоров возобновление боевых действий против Ирана будет одним из вариантов развития событий. Он уверил, что президент Дональд Трамп этого не хочет.

▪ [Подписывайтесь на «Ъ» в MAX |](https://max.ru/kommersant) [в Telegram](https://t.me/+bPtk49gFbCBkYzdi)",24146,26,,kommersant
107951,2026-05-24T19:47:11+00:00,"**Какие рынки пострадают от российско-армянского конфликта**

Обострение отношений между Москвой и Ереваном, стремящимся пойти по пути тесной интеграции с ЕС, привело к очередной торговой войне. 

Россия за несколько дней запретила ввоз из Армении цветов, овощей, фруктов, минеральной воды «Джермук» и коньяка с нескольких ключевых предприятий республики из-за несоответствия продукции обязательным требованиям. Однако на этом конфронтация едва ли завершится. 
__
____👉____ «Ъ» разбирался, __[__какие еще аргументы остались у двух стран.__](https://www.kommersant.ru/doc/8688995?tg)

▪ [Подписывайтесь на «Ъ» в MAX |](https://max.ru/kommersant) [в Telegram](https://t.me/+bPtk49gFbCBkYzdi)",23714,109,,kommersant
107947,2026-05-24T19:16:26+00:00,"В ночь на 22 мая вооруженные силы Украины атаковали общежитие и учебный корпус Старобельского профессионального колледжа Луганского педагогического университета. В списке погибших — 21 студент. Это должен был быть первый выпуск Старобельского педуниверситета с начала СВО. 

Корреспондент «Ъ»** Алина Тарганова** приехала в Старобельск в субботу, 23 мая, когда поисковые работы еще не были завершены, и поговорила с очевидцами атаки:

💬 «Честно, у меня в голове мелькнула мысль, что это колледж горит. Но я не могла поверить, что по детям ударили…»

💬 «Все в пыли, в порезах от осколков. Ну, раны обработал. Чем смогли, тем помогли, их потом скорая забрала. А мы остались в подъезде, пока это не успокоилось».

💬 «Меня от первого удара присыпало. Я выбрался сам, увидел заваленных девочек, начал помогать. Одну схватил за руку, тут еще прилет. Я с пятого этажа на второй провалился. Только начал вставать — мне кирпич на голову падает. Затем опять звук дрона. Резко встаю, только шаг делаю — и меня волной выбрасывает на улицу».

**📰**** Читайте репортаж **[**на сайте «Ъ».**](https://www.kommersant.ru/doc/8688987?tg)

@kommersant",40781,133,,kommersant
107946,2026-05-24T19:00:23+00:00,"🌒 **Главные новости к вечеру**

▪️ Минобороны [отчиталось об ударе](https://www.kommersant.ru/doc/8688831?tg) «Орешником» по Украине. В ведомстве подчеркнули, что удар был нанесен «в ответ на террористические атаки Украины по гражданским объектам на территории России».

▪️ США отменят санкции в отношении иранской нефти на время переговоров по урегулированию, [сообщает](https://www.kommersant.ru/doc/8688807?tg) иранское агентство Tasnim.

▪️ Иран [пригрозил](https://www.kommersant.ru/doc/8688994?tg) выходом из ДНЯО при вторжениях в Персидском заливе.

▪️ Президент Франции Эмманюэль Макрон и президент Белоруссии Александр Лукашенко [поговорили по телефону](https://www.kommersant.ru/doc/8688911?tg) впервые с 2022 года.

▪️ Армения и ЕС в течение двух лет отменят визовый режим, [заявил](https://www.kommersant.ru/doc/8688876?tg) премьер-министр Никол Пашинян.

▪️ В Роскомнадзоре [заявили,](https://www.kommersant.ru/doc/8688979?tg) что не блокируют DeepSeek в России.

▪️ Китай [отправил](https://www.kommersant.ru/doc/8688967?tg) на космическую станцию «Тяньгун» корабль «Шэньчжоу-23» с тремя космонавтами.

#главноеквечеру",21827,16,,kommersant
107945,2026-05-24T18:53:30+00:00,"**Футболист «Спартака» разбил Кубок России сразу после победы. **

Во время празднования победы футболист «Спартака» Пабло Солари поднял его над головой, чтобы сфотографироваться на фоне трибуны с болельщиками. В это время с кубка слетела крышка, а потом откололось основание.

▪ [Подписывайтесь на «Ъ» в MAX |](https://max.ru/kommersant) [в Telegram](https://t.me/+bPtk49gFbCBkYzdi)",22951,321,,kommersant
107944,2026-05-24T18:44:14+00:00,"**В Туапсе **[**вернутся к делу**](https://www.kommersant.ru/doc/8688970?tg)** об убийстве в 1995 году гендиректора Туапсинского НПЗ Анатолия Василенко и его водителя. **За это преступление в 2023 году был осужден Евгений Николашин, участник криминальной группировки «Волки». 

Николашин, отбывающий пожизненное наказание за другие преступления, признался в том, что был за рулем автомобиля при нападении на Василенко. Однако прокуратура усомнилась в достоверности данных о втором преступнике, который стрелял в бизнесмена и водителя.

▪ [Подписывайтесь на «Ъ» в MAX |](https://max.ru/kommersant) [в Telegram](https://t.me/+bPtk49gFbCBkYzdi)",20951,22,,kommersant
107943,2026-05-24T18:33:47+00:00,"**Иран выйдет из Договора о нераспространении ядерного оружия (ДНЯО) в ответ на нападения в Ормузском проливе и «враждебное вторжение» в Персидский залив. **Об этом заявил военный советник верховного лидера Ирана Мохсен Резаи. Его слова [передает](https://www.kommersant.ru/doc/8688994?tg) иранское агентство Tasnim.

«Одним из стратегических и предупредительных вариантов Ирана в случае продолжения этой тенденции является возможный выход из Договора о нераспространении ядерного оружия, что повлечет тяжелые последствия для противоположной стороны»,— сказал господин Резаи.

▪ [Подписывайтесь на «Ъ» в MAX |](https://max.ru/kommersant) [в Telegram](https://t.me/+bPtk49gFbCBkYzdi)",26487,43,,kommersant
107942,2026-05-24T18:06:38+00:00,"**Сколько стоит отпуск в Центральной Азии**

В условиях ограниченного доступа к европейским и ближневосточным направлениям у российских туристов появился дополнительный стимул открыть для себя Центральную Азию как для путешествия выходного дня, так и для полноценного отдыха. Неудивительно, что спрос на такие поездки постоянно растет. 

С начала текущего года число бронирований размещения здесь увеличилось на 28% год к году, следует из подсчетов «Островка». Другие сервисы бронирования рисуют похожую картину.

В сознании туристов страны Центральной Азии сейчас выступают «островком потребительской стабильности». Туда просто добраться благодаря прямым авиа- и железнодорожным рейсам. Правила въезда для россиян остаются достаточно мягкими.

Для путешествий в Узбекистан и Таджикистан достаточно иметь заграничный паспорт, а в Казахстан и Киргизию можно попасть даже по внутреннему.

💰__ «Деньги» __[__выяснили,__](https://www.kommersant.ru/doc/8671321?tg)__ сколько стоит поездка в Центральную Азию и на что в гостеприимных республиках стоит посмотреть.__

#Деньги",22377,75,,kommersant
107941,2026-05-24T17:35:27+00:00,"**«Спартак» в пятый раз стал обладателем Кубка России по футболу. **

В финальном матче московский клуб обыграл «Краснодар» в серии пенальти со счетом 4:3. 

▪ [Подписывайтесь на «Ъ» в MAX |](https://max.ru/kommersant) [в Telegram](https://t.me/+bPtk49gFbCBkYzdi)",20412,82,,kommersant
107940,2026-05-24T17:23:08+00:00,"22 мая Всемирная организация здравоохранения повысила уровень угрозы лихорадки Эбола в Демократической Республике Конго на национальном уровне до «очень высокого», на региональном — до «высокого». На глобальном уровне, по оценкам ВОЗ, угроза пока «низкая». 

**Что известно об этом заболевании — **[**в справке «Ъ»:**](https://www.kommersant.ru/doc/8688947?tg)

🔹 Геморрагическая лихорадка Эбола, вызванная вирусом Эбола,— тяжелое острое инфекционное заболевание. Болезнь поражает человека и некоторые виды животных.

🔹 Вирус передается людям от диких животных и распространяется от человека к человеку при тесном контакте через слизистую оболочку или повреждения на кожном покрове. Вирус выделяется в течение трех недель с момента развития болезни.

🔹 Инкубационный период составляет от 2 до 21 дня. Первые симптомы: лихорадка (повышение температуры) и озноб; слабость; воспаление слизистой оболочки носоглотки и лимфоидной ткани глотки (фарингит) и  кашель; боли в мышцах (миалгия); боли в животе, диарея (понос).

🔹 Отличительным симптомом называют внутренние и внешние кровотечения (геморрагический синдром). Средний коэффициент смертности составляет 50%, в ходе вспышек показатели летальности достигают 90%.

🔹 Вспышки лихорадки Эбола регулярно регистрируются в странах Центральной Африки. За последние 50 лет жертвами вируса на континенте стали около 15 тыс. человек. 

🔹 Для профилактики болезни, вызванной вирусом Эбола, зарегистрированы две вакцины — Ervebo, созданная американской фармацевтической компанией Merck & Co, и двухкомпонентная вакцина (Zabdeno и Mvabea), разработанная бельгийской компанией Janssen Pharmaceuticals. Вакцины против других эболавирусных инфекций находятся в разработке.

__ ____📷____ Gradel Muyisa Mumbere / Reuters__

▪ [Подписывайтесь на «Ъ» в MAX |](https://max.ru/kommersant) [в Telegram](https://t.me/+bPtk49gFbCBkYzdi)",21708,31,,kommersant
107939,2026-05-24T16:46:20+00:00,"❗️ **Роскомнадзор не получал решения уполномоченных органов и не вводил ограничения в отношении Deepseek, **заявили «Ъ» в ведомстве.

Ранее пользователи сообщили, что сервис перестал работать. По данным портала Detector 404, за сутки зарегистрировано 24 тыс. жалоб, на сбой. рф — около 2,4 тыс. обращений.

▪ [Подписывайтесь на «Ъ» в MAX |](https://max.ru/kommersant) [в Telegram](https://t.me/+bPtk49gFbCBkYzdi)",22203,102,,kommersant
107938,2026-05-24T16:01:27+00:00,"Китай [запустил](https://www.kommersant.ru/doc/8688967?tg) космический корабль «Шэньчжоу-23» к орбитальной станции «Тяньгун». На борту находятся три члена экипажа.

Запуск был осуществлен с космодрома Цзюцюань на северо-западе КНР в 23:08 по местному времени (18:08 мск).

▶️ __X/ChinaMilBugle__

▪ [Подписывайтесь на «Ъ» в MAX |](https://max.ru/kommersant) [в Telegram](https://t.me/+bPtk49gFbCBkYzdi)",40972,110,,kommersant
107937,2026-05-24T15:17:03+00:00,"**Накануне парламентских выборов в Армении Россия **[**сворачивает торговлю**](https://www.kommersant.ru/doc/8688885?tg)** с Ереваном, запретив ввоз цветов и приостановив ввоз и оборот минеральной воды «Джермук» и алкогольной продукции.** 

Обращает на себя внимание тот факт, что о решении Россельхознадзора было объявлено после заседания Совбеза РФ, обсудившего отношения с Арменией в связи с недружественными шагами ее руководства. 

Москва предупредила, что сближение с ЕС будет грозить стране утратой членства в ЕАЭС и еще большими потерями, включая переход на европейские цены на газ. 

Таким образом, главным вопросом на выборах в Армении станут отношения с Россией.

▪ [Подписывайтесь на «Ъ» в MAX |](https://max.ru/kommersant) [в Telegram](https://t.me/+bPtk49gFbCBkYzdi)",22066,68,,kommersant
107936,2026-05-24T14:43:57+00:00,"**На предстоящих выборах российское государство столкнется с четырьмя основными вызовами.** Об этом [рассказал](https://www.kommersant.ru/doc/8688746?tg) участникам Всероссийского электорального экспертного форума начальник управления президента по вопросам мониторинга и анализа социальных процессов Александр Харичев. 

Эти вызовы: 
🔵 ужесточение информационной войны, 
🔵 террористическая угроза, 
🔵 резкое усиление влияния новых технологий, включая искусственный интеллект, 
🔵 рост уровня тревоги в обществе. 

«Экономика мира переживает крайнюю нестабильность, идет специальная военная операция, и все это не добавляет уверенности гражданам нашей страны. Поэтому уровень тревожности в обществе достаточно высок на сегодня. Я бы сказал, что тревожных людей у нас порядка четверти населения»,— заявил Александр Харичев.

Это означает, что люди будут очень чувствительны к различного рода сигналам, особенно к негативным, предупредил он.

Социологи говорят, что пока уровень доверия к выборам находится в достаточно устойчивой позиции. Однако настораживает общая усталость населения — люди стараются закрыться от политической информации.

▪ [Подписывайтесь на «Ъ» в MAX |](https://max.ru/kommersant) [в Telegram](https://t.me/+bPtk49gFbCBkYzdi)",20970,60,,kommersant
107935,2026-05-24T14:14:09+00:00,"Отставка Тулси Габбард — уже не первая в череде увольнений в кабинете Трампа за относительно короткий срок. Аналитики указывают, что главным критерием отбора кандидатов в администрацию стала лояльность и принадлежность к числу «ястребов». 

Относительно высокие шансы заменить Тулси Габбард имеет и **Девин Нуньес** (17%). Он экс-конгрессмен-республиканец от Калифорнии, который с 2015 по 2019 год возглавлял комитет Палаты представителей по разведке. В прошлом — один из самых активных сторонников Трампа в Конгрессе. 

Среди вероятных кандидатов (13%) называют и** конгрессвумен Элизу Стефаник **(Нью-Йорк). Ее активно продвигает сенатор Джим Бэнкс, отмечая легкость утверждения в Сенате и жесткую позицию по Ирану и национальной безопасности.

__💬____ __[__С подробностями__](https://www.kommersant.ru/doc/8688830?tg)__ — корреспондент «Ъ» в США **Екатерина Мур.**__

__📷____ Alex Brandon / AP__

▪ [Подписывайтесь на «Ъ» в MAX |](https://max.ru/kommersant) [в Telegram](https://t.me/+bPtk49gFbCBkYzdi)",21022,23,,kommersant
107934,2026-05-24T13:33:19+00:00,"🗞🗞🗞🗞 **В первом квартале 2026 года тариф на страхование имущества при ипотеке по квартирным сделкам **[**достиг минимума**](https://www.kommersant.ru/doc/8688562?tg)** с 2023 года — 0,06% от страховой суммы. **

По словам экспертов, это связано с обострением конкуренции на сжимающемся рынке ипотеки, а также реализацией продуктов страховых компаний через маркетплейсы. 

Ситуация может привести к снижению рентабельности, в связи с чем страховщикам придется пересматривать андеррайтинговую политику и оптимизировать внутренние издержки.

#Ъузнал",19831,19,,kommersant
107933,2026-05-24T13:28:39+00:00,"79-й Каннский фестиваль завершился победой фильма «Фьорд» румына Кристиана Мунджу: он получил Золотую пальмовую ветвь. Гран-при жюри — второй приз по рангу — присужден картине Андрея Звягинцева «Минотавр». 

💬 [Комментирует](https://www.kommersant.ru/doc/8688902?tg) **Андрей Плахов:**

«За прошедшие два десятилетия ""румынскую школу"" кино не раз хоронили, говорили, что она кончилась или вот-вот кончится. Ничего подобного, и редкий фестиваль теперь обходится без одного, а то и двух румынских фильмов в конкурсе. А если сопоставить их с российской ""новой волной"", хлынувшей в нулевые, примерно в то же самое время, но вскоре захлебнувшейся, то контраст оказывается разительным. Российское молодое кино почти всегда проигрывает по психологической глубине, социальному объему и отточенности пластического рисунка даже румынским фильмам второго ряда. И единственное исключение здесь — с самого начала оппонировавший ""новой волне"" Андрей Звягинцев, который и стал основным соперником Мунджу за Золотую пальмовую ветвь. Румынский режиссер сорвал ее уже во второй раз. А для российского режиссера это уже пятый раз, когда его фильм отмечен каннской наградой, и на этот раз он получил самую высокую из них — Гран-при. И нынешняя награда совсем не значит, что это его ""потолок"", что перед нами ""конец истории""».

__📷____ На фото — режиссер Кристиан Мунджу (справа) и актер Себастиан Стэн__

▪ [Подписывайтесь на «Ъ» в MAX |](https://max.ru/kommersant) [в Telegram](https://t.me/+bPtk49gFbCBkYzdi)",21860,31,,kommersant
107932,2026-05-24T13:16:32+00:00,"**Президент Финляндии Александр Стубб заявил, что готов быть представителем Евросоюза на переговорах с Россией.** Об этом он сказал в эфире Yle.

«Это, наверное, тот самый вопрос, на который нельзя ответить отрицательно»,—[ сказал](https://www.kommersant.ru/doc/8688904?tg) господин Стубб. 

При этом он отметил, что переговоры нельзя проводить до тех пор, пока Россия не «возьмет на себя обязательство о прекращении огня».

▪ [Подписывайтесь на «Ъ» в MAX |](https://max.ru/kommersant) [в Telegram](https://t.me/+bPtk49gFbCBkYzdi)",22983,25,,kommersant
107931,2026-05-24T13:13:23+00:00,"🗞🗞🗞🗞 **Международные инвесторы вложили в фонды облигаций максимальный объем средств с июня 2020 года. **По данным Emerging Portfolio Fund Research (EPFR), чистый приток таких инвестиций за минувшую неделю составил $30,5 млрд. Это на 8,8% выше результата прошлой недели и почти в девять раз больше инвестиций в конце марта. 

Текущая неделя стала 56-й подряд, когда международные инвесторы увеличивали вложения в такие фонды. Суммарный объем инвестиций за это время превысил $950 млрд, треть из этой суммы фонды привлекли с начала 2026 года.

Инвесторы [фиксируют высокие долларовые ставки ](https://www.kommersant.ru/doc/8688835?tg)в надежде на завершение конфликта на Ближнем Востоке и снижение инфляционных рисков.

#Ъузнал",19258,12,,kommersant
107930,2026-05-24T13:04:15+00:00,"🗞🗞🗞🗞 **Рекордно жаркая погода, пришедшая в Центральную Россию в середине мая, резко **[**увеличила спрос**](https://www.kommersant.ru/doc/8688582?tg)** на прохладительные напитки, воду и мороженое.** Если за первую половину месяца их продажи выросли на 17–21% год к году, то **за последнюю неделю рост ускорился до 40–50%. **

В частности, в сети «Лента» зафиксировали в своих гипермаркетах увеличение спроса на 30% на российское и импортное пиво в стекле. В «Самокате» спрос на мороженое вырос на 52%, в сети «Перекресток» — на 70%.
 
Для производителей такой продукции резкие температурные колебания летом, причем в обе стороны, могут существенно отразиться на всей годовой выручке.

#Ъузнал",19334,19,,kommersant
107929,2026-05-24T12:56:42+00:00,"Президент Белоруссии Александр Лукашенко провел телефонный разговор с президентом Франции Эмманюэлем Макроном, сообщает агентство «БелТА». Отмечается, что разговор состоялся по инициативе французской стороны.

Президенты обсудили региональные проблемы и отношения Белоруссии с ЕС и Францией.

▪ [Подписывайтесь на «Ъ» в MAX |](https://max.ru/kommersant) [в Telegram](https://t.me/+bPtk49gFbCBkYzdi)",18952,28,,kommersant
107928,2026-05-24T12:47:31+00:00,"🗞🗞🗞🗞 **СКР **[**завершил многолетнее расследование**](https://www.kommersant.ru/doc/8688817?tg)** уголовного дела о хищениях при поставке обмундирования для МВД — рубашек белого и серо-голубого цветов с длинным и коротким рукавом.
**
По версии следствия, преступление было совершено при реализации госконтракта, заключенного в 2017 году МВД России с ООО БМФ. В рамках соглашения предприниматели организовали пошив вещевого имущества, которое до сентября того же года получило 41 региональное подразделение материально-технического обеспечения министерства. Однако, как только полицейские начали носить новые рубашки, выяснилось, что они крайне низкого качества и в буквальном смысле расходятся по швам.

Всего в МВД предпринимателями было поставлено более 350 тыс. некачественных рубашек, нанесенный государству ущерб оценивается в сумму 564,5 млн руб.

Фигурантами дела стали бывшие сотрудники центрального аппарата МВД Юрий Турло и Юрий Дейнег, а также предприниматель Алексей Веников.

#Ъузнал",20368,47,,kommersant
107927,2026-05-24T12:33:32+00:00,"🗞🗞🗞🗞 **Продажи антигистаминных препаратов, назначаемых при лечении аллергии, с конца февраля и по начало мая снизились на 4% год к году, **до 17,9 млн упаковок. Повышенного спроса нет даже несмотря на то, что сезон аллергий, по наблюдениям врачей, в этом году в некоторых частях страны начался раньше обычного, [отмечают участники рынка.](https://www.kommersant.ru/doc/8688811?tg)

Отчасти виной этому холодный апрель в центральной части России, на которую приходится около трети всех продаж. Кроме того, эксперты считают, что граждане стали экономить и на лекарствах, леча только острые состояния.

#Ъузнал",19605,36,,kommersant
107926,2026-05-24T12:26:10+00:00,"«Она встречалась с Башаром Асадом и винила НАТО за Украину»

Уход в отставку директора Национальной разведки США остается одной из самых обсуждаемых мировых новостей. Комментаторы не считают, что семейные обстоятельства — реальная причина того, что Тулси Габбард покидает администрацию.

**💬**** MS Now (Нью-Йорк, США):**

«Она продержалась 15 месяцев. За это время она сделала посмешищем те принципы, которые всегда представляла как свои основные. Кажется, этого оказалось недостаточно, чтобы сохранить работу… Вполне простительно, если бы вы решили, что принципиальная диссидентка, выступавшая против американской ""политики смены режимов"", воспользуется возможностью, чтобы уйти в знак протеста. Если вы так и подумали, вы ошибаетесь… На слушаниях в Сенате… она уклонялась от вопросов о том, представляет ли Иран ""непосредственную угрозу"". Если бы она громко и ясно сказала, что не представляет, и была бы тут же уволена, такое громкое неприятие войны от высокопоставленного чиновника нанесло бы реальный урон администрации и поддержало бы антивоенное движение. А еще она бы смогла сохранить хоть крупицу своего достоинства. Вместо этого она уклонялась от ответа, говорила двусмысленно и оставалась верной Трампу. Эта верность не была взаимной, и теперь, похоже, ее политическая карьера закончена».

💬 **The Economist (Лондон, Великобритания):**

«За последние три месяца Дональд Трамп лишился сразу нескольких чиновников высшего звена: министра внутренней безопасности, министра юстиции и министра труда. 22 мая к этому исходу присоединилась и Тулси Габбард, директор Национальной разведки… Она выглядела все более одинокой фигурой, отстраняемой от принятия важных решений. Г-жа Габбард, ветеран боевых действий и бывшая конгрессвумен от Гавайев, была противницей традиционной внешней политики. Она встречалась с Башаром Асадом и винила НАТО за… Украину. В промежутке она участвовала в демократических президентских праймериз, раздавая футболки с надписью ""Нет войне с Ираном""… Отставка г-жи Габбард — еще одно свидетельство того, что влияние тех в окружении г-на Трампа, кто занимает антивоенные позиции, угасает… И напротив. Влияние Марка Рубио, госсекретаря-""ястреба"", и Джона Рэтклиффа, директора ЦРУ, скептически настроенного по отношению к России, похоже, становится все большим».

💬 **The Atlantic (Вашингтон, США):**

«Габбард… проработала 15 месяцев директором Национальной разведки. На бумаге, по крайней мере. По закону, ДНР, как предполагается, выступает в качестве главного советника президента по вопросам разведки. Габбард никогда не выполняла эту роль, а многие ее взгляды противоречили действиям администрации. Трамп неуважительно относился даже к ее самым скромным попыткам говорить правду властям… Габбард многие годы выступала против военной интервенции США в Иране и не поддержала публично решения Трампа начать войну… К концу ее пребывания на посту самый актуальный вопрос о Габбард звучал так: ""Почему она остается?"" Она пережила унижение, когда ее не приглашали на важнейшие из совещаний, а президент от нее отмахивался, когда США оказались в трясине новой войны. Когда этот вопрос задавался людям, которые работали с Габбард и в законодательной, и в исполнительной ветвях власти, они обычно давали простое объяснение: ""Она хочет власти"". И это был не комплимент».

💬 **Mehr News (Тегеран, Иран):**

«Позиция Габбард на мартовских слушаниях в Конгрессе противоречила лживому утверждению Трампа, заявившему, что Иран представлял ""непосредственную угрозу"" перед нападением США и Тель-Авива. Трамп и раньше указывал на противоречия с Габбард в их подходах к Ирану, заявив, что Габбард более лояльно относится к Ирану. Кроме того, примечательны позиции Габбард в поддержку России, особенно в отношении боевых действий на Украине. Она также является ярой противницей тенденции к неограниченным военным интервенциям США… В течение нескольких месяцев Тулси Габбард за кулисами вела борьбу с ЦРУ по поводу рассекречивания ряда документов».

__📷____ Kylie Cooper / Reuters__

▪ [Подписывайтесь на «Ъ» в MAX |](https://max.ru/kommersant) [в Telegram](https://t.me/+bPtk49gFbCBkYzdi)",20209,31,,kommersant
107925,2026-05-24T11:48:47+00:00,"Ричард Талер перевернул экономику, доказав, что люди далеко не всегда рациональны и часто принимают иррациональные, даже вредные для себя решения. 

За это его называют отцом поведенческой экономики — науки на стыке экономики, психологии и когнитивистики. В 2017 году Ричард Талер получил Нобелевскую премию, а до этого на протяжении десятилетий собирал «экономические аномалии» — наблюдения, противоречащие классическим теориям.

Его книга «Проклятие победителя. Аномалии поведенческой экономики» стала манифестом нового подхода. Ричард Талер сделал экономическую науку человечной, превратив Homo economicus в Homo sapiens. Также он обладает крайне редким для ученого качеством — объяснять свои теории нормальным человеческим языком.

**__👉__****__ Подробности читайте __**[**__в материале__**](https://www.kommersant.ru/doc/8671298?tg)**__.__**

📷 __Wikipedia__

#Деньги",23087,214,,kommersant
107924,2026-05-24T11:33:22+00:00,"**Армения и ЕС в течение двух лет отменят визовый режим,** [заявил](https://www.kommersant.ru/doc/8688876?tg) Никол Пашинян на встрече с избирателями в рамках предвыборной кампании.

▪️ [Подписывайтесь на «Ъ» в MAX ](https://max.ru/kommersant)| [в Telegram](https://t.me/+bPtk49gFbCBkYzdi)",23659,131,,kommersant
107923,2026-05-24T11:08:59+00:00,"**Глава европейской дипломатии Кая Каллас **[**анонсировала**](https://www.kommersant.ru/doc/8688859?tg)** новые меры Евросоюза против России после удара «Орешником».**

Она назвала удары «политической тактикой запугивания и безрассудным балансированием на грани ядерной войны». 

▪️ [Подписывайтесь на «Ъ» в MAX ](https://max.ru/kommersant)| [в Telegram](https://t.me/+bPtk49gFbCBkYzdi)",25384,63,,kommersant
107922,2026-05-24T10:21:59+00:00,"**В Санкт-Петербурге мужчина выстрелил в 11-летнего мальчика за игру на саксофоне**, [сообщила](https://www.kommersant.ru/doc/8688850?tg) официальный представитель МВД России Ирина Волк. 

Как отмечается, ребенок играл на саксофоне около дома 1 в Минском переулке Адмиралтейского района города. 38-летний мужчина из окна своей квартиры выстрелил в него из пневматического оружия. По версии следователей, нападавшему не понравилась игра уличного музыканта.

Возбуждено уголовное дело по статье о хулиганстве с применением оружия (ч. 2 ст. 213 УК).

По данным журналистов, нападавший — уроженец Казахстана — числится в труппе миманса Мариинского театра. Его задержали.

▪️ [Подписывайтесь на «Ъ» в MAX ](https://max.ru/kommersant)| [в Telegram](https://t.me/+bPtk49gFbCBkYzdi)",27045,207,,kommersant
107921,2026-05-24T09:47:32+00:00,"Около 30–40 человек оказались заблокированы под завалами при обрушении строящегося здания в городе Анхелес на Филиппинах, [сообщает](https://www.kommersant.ru/doc/8688828?tg) Reuters.

Обрушение произошло рано утром на улице Теодоро в районе Балибаго. С двумя заблокированными под завалами рабочими спасателям удалось установить связь, они живы. 24 человека удалось спасти. Причина обрушения пока не ясна.

▪️ [Подписывайтесь на «Ъ» в MAX ](https://max.ru/kommersant)| [в Telegram](https://t.me/+bPtk49gFbCBkYzdi)",25877,10,,kommersant
107920,2026-05-24T08:51:24+00:00,"🗞🗞🗞🗞 Суд в Москве [приступил](https://www.kommersant.ru/doc/8688790?tg) к рассмотрению в заочном порядке нового уголовного дела банкира Саркиса Мейбатова.

По версии обвинения, он, будучи бенефициаром банка «Спутник», организовал хищения денежных средств компании «Татнефть-Архангельск» на сумму порядка 200 млн руб. По делу также проходит зампредправления банка и управляющая московским офисом Наталья Сегарра. Оба находятся за границей.

Ранее господин Мейбатов проходил по делу об обналичивании средств Маст-банка, однако его уголовное преследование было прекращено.

#Ъузнал",26468,15,,kommersant
107919,2026-05-24T08:48:38+00:00,"**ВС России нанесли «удар возмездия» по Украине**, сообщили в Минобороны.

Использовались в том числе ракеты «Орешник», «Искандер», «Кинжал» и «Циркон». Под удар попали объекты военного управления, авиабазы и предприятия ВПК.

▪️ [Подписывайтесь на «Ъ» в MAX ](https://max.ru/kommersant)| [в Telegram](https://t.me/+bPtk49gFbCBkYzdi)",25490,72,,kommersant
107918,2026-05-24T07:52:54+00:00,"**Более 50 журналистов из 19 стран направились на место трагедии в Старобельске**, заявила Мария Захарова.

В ЛНР полетели представители Австрии, Бразилии, Британии, Венгрии, Венесуэлы, Германии, Греции, Испании, Италии, Катара, Китая, Кубы, Ливана, ОАЭ, Пакистана, США, Турции, Финляндии и Франции.

Токио запретил своим журналистам принимать участие в поездке.

▪️ [Подписывайтесь на «Ъ» в MAX ](https://max.ru/kommersant)| [в Telegram](https://t.me/+bPtk49gFbCBkYzdi)",27653,72,,kommersant
107917,2026-05-24T07:21:32+00:00,"**Мэр Нальчика Таймураз Ахохов умер в возрасте 54 лет**, [сообщила](https://www.kommersant.ru/doc/8688783?tg) пресс-служба администрации главы Кабардино-Балкарии.

📷 __Пресс-служба администрации главы КБР__

@kommersant",25916,46,,kommersant
107916,2026-05-24T06:14:10+00:00,"Дональд Трамп [поблагодарил](https://www.kommersant.ru/doc/8688780?tg) «великолепную Секретную службу» и правоохранительные органы за оперативность и профессионализм после стрельбы у Белого дома.

Стрельба произошла сегодня. 21-летний Насир Бест сделал около трех выстрелов в направлении Белого дома. Он был нейтрализован ответным огнем, по пути в больницу скончался.

▪️ [Подписывайтесь на «Ъ» в MAX ](https://max.ru/kommersant)| [в Telegram](https://t.me/+bPtk49gFbCBkYzdi)",26033,15,,kommersant
107915,2026-05-24T05:42:02+00:00,"**Число компаний с иностранными инвестициями в Китае с начала года выросло на 6,8%** к аналогичному периоду прошлого года, до более 530 тыс. Общий объем накопленных прямых иностранных инвестиций превысил $3,6 трлн, [сообщает](https://www.kommersant.ru/doc/8688771?tg) «Синьхуа».

Наибольший прирост вложений дает Люксембург — в 2,1 раза в годовом исчислении. Прирост капитала из Швейцарии составил 60,8%, из Франции — 58,3%, из США — 24,5%.

▪️ [Подписывайтесь на «Ъ» в MAX ](https://max.ru/kommersant)| [в Telegram](https://t.me/+bPtk49gFbCBkYzdi)",25133,37,,kommersant
107914,2026-05-24T04:23:37+00:00,"Российские силы ПВО за ночь сбили 33 украинских БПЛА, сообщили в Минобороны.

▪️ [Подписывайтесь на «Ъ» в MAX ](https://max.ru/kommersant)| [в Telegram](https://t.me/+bPtk49gFbCBkYzdi)",24895,14,,kommersant
107913,2026-05-24T04:00:25+00:00,"**⛅️**** Главные новости к утру**

🔸 Возле Белого дома [произошла](https://www.kommersant.ru/doc/8688749?tg) стрельба. Дональд Трамп находился в Белом доме в момент происшествия, он не пострадал. Был задет прохожий. Нападавший — 21-летний Насир Бест — нейтрализован. [По данным NYP](https://www.kommersant.ru/doc/8688754?tg), он был психически нездоров.

🔸 Проект мирного соглашения между США и Ираном [почти согласован](https://www.kommersant.ru/doc/8688747?tg) и ожидает финального утверждения, сообщил Дональд Трамп.

🔸 В Старобельске из-под завалов колледжа [извлекли](https://www.kommersant.ru/doc/8688744?tg) тела всех погибших. Окончательное число погибших достигло 21 человека.

🔸 «Минотавр» Андрея Звягинцева [получил](https://www.kommersant.ru/doc/8688741?tg) Гран-при 79-го Каннского фестиваля.

🔸 В Белграде [задержали](https://www.kommersant.ru/doc/8688759?tg) 23 человека во время протестов, которые переросли в столкновения с полицией.

#главноекутру",25720,21,,kommersant
107912,2026-05-24T03:49:03+00:00,"БПЛА атаковали инфраструктуру во Владимирской области, в результате возник **пожар на площади около 800 кв. м**, сообщил губернатор Александр Авдеев.

«Никто не пострадал. Силы и средства мобилизованы. На месте происшествия работают оперативные службы»,— подчеркнул глава региона.

▪ [Подписывайтесь на «Ъ» в MAX |](https://max.ru/kommersant) [в Telegram](https://t.me/+bPtk49gFbCBkYzdi)",22808,36,,kommersant
107911,2026-05-24T03:34:36+00:00,"«Пчела с энтомологической точки зрения — понятие растяжимое»

20 мая отмечается Всемирный день пчелы. О том, как пчелы выживают в Арктике, почему их много в Бразилии, зачем им касты и генетические рабочие сестры, почему они бессильны в нестандартных ситуациях и в чем смысл их жизни, рассказывает **Григорий Потапов**, кандидат биологических наук, ведущий научный сотрудник Лаборатории приарктических лесных экосистем Федерального исследовательского центра комплексного изучения Арктики имени академика Н. П. Лаверова Уральского отделения Российской академии наук.

👉__ __[Читайте интервью на сайте «Ъ».](https://www.kommersant.ru/doc/8674036?tg)

📷 __Энтомологическая коллекция Григория Потапова; Андрей Афанасьев
__
▪ [Подписывайтесь на «Ъ» в MAX |](https://max.ru/kommersant) [в Telegram](https://t.me/+bPtk49gFbCBkYzdi)",23750,87,,kommersant
107910,2026-05-24T02:32:37+00:00,"Человека, который открыл сегодня стрельбу у Белого дома в Вашингтоне, звали Насир Бест, ему был 21 год, сообщает журналист NBC News Том Винтер.

По данным New York Post, **он был психически нездоров и в прошлом году его уже задерживали у Белого дома** за попытку незаконного проникновения.

В июле 2025 года он обошел закрытый для посторонних КПП Белого дома, проскочив через турникет на выходе. При задержании полицией и агентами Секретной службы делал неадекватные заявления.

Он уверял сотрудников в том, что он — Иисус Христос и требовал себя арестовать, сообщает NYP со ссылкой на судебные материалы.

▪ [Подписывайтесь на «Ъ» в MAX |](https://max.ru/kommersant) [в Telegram](https://t.me/+bPtk49gFbCBkYzdi)",22636,21,,kommersant
107909,2026-05-24T01:55:23+00:00,"**Россия разработала предложения к плану США по Украине**, [сообщил](https://www.kommersant.ru/doc/8688752?tg) «РИА Новости» директор Второго департамента стран СНГ МИД России Алексей Полищук. Москва готова их представить на следующих переговорах, сказал он.

Господин Полищук уточнил, что предложения подготовлены к плану, состоящему из 27 пунктов. Что это за план и каковы предложения российской стороны, дипломат не уточнил.

▪ [Подписывайтесь на «Ъ» в MAX |](https://max.ru/kommersant) [в Telegram](https://t.me/+bPtk49gFbCBkYzdi)",22681,45,,kommersant
107908,2026-05-24T00:53:10+00:00,"Правоохранительные органы проверяют новые обвинения в адрес брата короля Великобритании Эндрю Маунтбэттен-Виндзора, касающиеся происшествия 24-летней давности.

[По информации The Sunday Times](https://www.kommersant.ru/doc/8688750?tg), в полицию округа Темз-Вэлли обратились с заявлением о «неподобающем поведении» представителя королевской семьи в отношении женщины во время скачек в Аскоте в июне 2002 года.

▪ [Подписывайтесь на «Ъ» в MAX |](https://max.ru/kommersant) [в Telegram](https://t.me/+bPtk49gFbCBkYzdi)",22522,15,,kommersant
107907,2026-05-23T23:36:43+00:00,"Мужчина, открывший огонь у Белого дома, выжил. Он госпитализирован критическом состоянии, сообщает CBS.

Прохожий, получивший ранения в ходе перестрелки, находится в тяжелом состоянии, уточняет телеканал.

**UPD. **Виновник стрельбы умер в больнице, сообщает WSJ.

▪ [Подписывайтесь на «Ъ» в MAX |](https://max.ru/kommersant) [в Telegram](https://t.me/+bPtk49gFbCBkYzdi)",26740,31,,kommersant
107906,2026-05-23T23:03:30+00:00,"Cекретная служба нейтрализовала мужчину, который несколько раз выстрелил в сторону Белого дома, передает Fox News.

В ходе стрельбы пострадал прохожий, его состояние пока не известно.

Дональд Трамп во время стрельбы находился в здании. Он не пострадал, сообщила в X корреспондент PBS Лиз Лендерз.

Ранее полиция оцепила район вблизи Белого дома. Глава ФБР Кэш Патель заявил, что на месте работают сотрудники бюро.

▶️__ Соцсети__

▪ [Подписывайтесь на «Ъ» в MAX |](https://max.ru/kommersant) [в Telegram](https://t.me/+bPtk49gFbCBkYzdi)",27116,60,,kommersant
107905,2026-05-23T22:34:39+00:00,"**❗️**** Стрельба произошла возле Белого дома в Вашингтоне**, сообщили журналисты ABC и NBC.

«Прозвучали десятки выстрелов. Нам сказали бежать в зал для пресс-брифингов», — написала в Х журналистка ABC News Селина Ван.

▶️__ X/selinawangtv__

▪ [Подписывайтесь на «Ъ» в MAX |](https://max.ru/kommersant) [в Telegram](https://t.me/+bPtk49gFbCBkYzdi)",22031,32,,kommersant
107904,2026-05-23T21:56:22+00:00,"Что делать банкиру-займодавцу, если его должник не может и не хочет возвращать огромную сумму денег? А если при этом заемщик обладает неограниченной властью и неподсуден никому?

Семь веков назад крупнейшим банкирам Европы — флорентийским семьям Барди и Перуцци — довелось узнать ответ на эти вопросы.

👉** Краткая история двух суперкомпаний Средневековья — **[**на сайте «Ъ».**](https://www.kommersant.ru/doc/8671334?tg)

📷 __The National Gallery__

▪ [Подписывайтесь на «Ъ» в MAX |](https://max.ru/kommersant) [в Telegram](https://t.me/+bPtk49gFbCBkYzdi)",22610,111,,kommersant
107903,2026-05-23T20:56:18+00:00,"Сделка с Ираном «в значительной степени согласована», сообщил Дональд Трамп.

«В настоящее время обсуждаются последние аспекты и детали сделки, они будут объявлены в ближайшее время. В дополнение ко многим другим элементам соглашения будет открыт Ормузский пролив»,— написал президент США в Truth Social.

▪ [Подписывайтесь на «Ъ» в MAX |](https://max.ru/kommersant) [в Telegram](https://t.me/+bPtk49gFbCBkYzdi)",23866,20,,kommersant
107902,2026-05-23T20:34:27+00:00,"Число погибших при ударе ВСУ по общежитию колледжа в Старобельске в ЛНР увеличилось до 21, сообщили в МЧС.

Как отметили в ведомстве, все тела погибших извлечены из-под завалов, поисковые работы завершены.

@kommersant",23281,38,,kommersant
107901,2026-05-23T20:04:00+00:00,"🎞 **Золотую пальмовую ветвь — главную награду Каннского кинофестиваля — **[**присудили**](https://www.kommersant.ru/doc/8688741?tg)** картине «Фьорд» румынского режиссера Кристиана Мунджиу.
**
Гран-при получил фильм «Минотавр» режиссера Андрея Звягинцева.
 
Награды за лучшую режиссуру разделили Хавьер Амбросси и Хавьер Кальво за фильм «Черный шар», а также Павел Павликовский за ленту «Отечество». Приз за лучший сценарий —  французский режиссер и сценарист Эммануэль Марре.

За лучшую мужскую роль награду получили Эммануэль Маччиа и Валентен Кампань за фильм «Трус» (режиссер Лукас Донт), за лучшую женскую роль — актрисы Вирджини Эфира и Тао Окамото за картину «Внезапно» (Рюсукэ Хамагути).

Приз жюри достался ленте «Приключения мечты» немецкого режиссера Валески Гризебах. 

🔵 __Про фильм «Минотавр», атмосферу премьеры и первые реакции посмотревших __[__рассказывает__](https://www.kommersant.ru/doc/8673925?tg)__ Андрей Плахов.__

▪ [Подписывайтесь на «Ъ» в MAX |](https://max.ru/kommersant) [в Telegram](https://t.me/+bPtk49gFbCBkYzdi)",24868,87,,kommersant
107900,2026-05-23T19:41:21+00:00,"Президент Чехии Петр Павел призвал страны НАТО «показать зубы» России в ответ на инциденты на восточном фланге альянса. В качестве возможной меры он предложил отключение интернета. Об этом чешский президент [заявил](https://www.kommersant.ru/doc/8688730?tg) в интервью изданию The Guardian.

Петр Павел заявил, что такие меры должны «принудить Россию к переговорам». По его словам, Россия заинтересована в снятии санкций и обсуждении новой архитектуры европейской безопасности. 

▪ [Подписывайтесь на «Ъ» в MAX |](https://max.ru/kommersant) [в Telegram](https://t.me/+bPtk49gFbCBkYzdi)",23166,87,,kommersant
107899,2026-05-23T19:05:21+00:00,"🌒 **Главные новости к вечеру**

▪ Число жертв удара ВСУ по общежитию колледжа в Старобельске Луганской народной республики [увеличилось](https://www.kommersant.ru/doc/8688697?tg) до 18 человек. 

▪ Взгляды Ирана и США после нескольких недель переговоров сблизились, [заявил](https://www.kommersant.ru/doc/8688711?tg) представитель МИД Ирана Эсмаил Багаи.

▪ Глава МИД Армении Арарат Мирзоян[ заявил,](https://www.kommersant.ru/doc/8688718?tg) что Ереван заинтересован в сохранении и развитии партнерских отношений с Россией.

▪ Дональд Трамп [заявил](https://www.kommersant.ru/doc/8688726?tg) о возможном принятии завтра решения по Ирану.

▪ В Чехии [предложили](https://www.kommersant.ru/doc/8688730?tg) отключить Россию от интернета для принуждения к переговорам.

▪ Конференция по ДНЯО третий раз подряд [не смогла принять](https://www.kommersant.ru/doc/8688699?tg) итоговый документ.

▪ Бывшего сенатора Василия Думу [арестовали](https://www.kommersant.ru/doc/8688682?tg) по делу экс-адвоката Майкла Калви.

▪ При взрыве газа на угольной шахте в провинции Шаньси на севере Китая [погибли](https://www.kommersant.ru/doc/8688603?tg) 90 человек. 

#главноеквечеру",22913,17,,kommersant
107898,2026-05-23T18:39:09+00:00,"**Глава МИД Армении Арарат Мирзоян заявил, что Ереван заинтересован в сохранении и развитии партнерских отношений с Россией. **Так он [прокомментировал](https://www.kommersant.ru/doc/8688718?tg) заявления российских политиков о возможном дрейфе Армении в сторону ЕС и ухудшении двусторонних связей.

По его словам, развитие сотрудничества Армении с США и Евросоюзом не направлено против Москвы, а взаимодействие с зарубежными партнерами строится на взаимовыгодной основе.

Сегодня глава МИД РФ Сергей Лавров заявил, что Армению пытаются втянуть в антироссийский лагерь.

▪ [Подписывайтесь на «Ъ» в MAX |](https://max.ru/kommersant) [в Telegram](https://t.me/+bPtk49gFbCBkYzdi)",23068,28,,kommersant
107897,2026-05-23T18:18:37+00:00,"🎭 26 мая на сцене Театра Маяковского пройдет перформанс «Дисциплина личности».

**Weekend** **разыгрывает пару билетов. Итоги подведут уже 25 мая. **

👉 Об условиях розыгрыша [читайте здесь](https://t.me/myweeekend/7368).

▪ [Подписывайтесь на «Ъ» в MAX |](https://max.ru/kommersant) [в Telegram](https://t.me/+bPtk49gFbCBkYzdi)",22101,8,,kommersant
107896,2026-05-23T17:25:27+00:00,"В марте они отметили 50-летие супружеской жизни. В мае юбилей у жены. Казалось бы, что в этом удивительного? А то, что речь идет о представителях профессии, в которой подобные браки встречаются исключительно редко. Они — рок-музыканты. Шерил и Элис Купер.

Когда Элис делал Шерил предложение, это было похоже на шоу. Полвека спустя в интервью журналу Hello! она рассказывала об этом так: «Я принимала душ, и он вошел в ванную, когда я была в душе. Я завернулась в полотенце, волосы собрала в тюрбан из белого полотенца, отодвинула занавеску, а он сидел на унитазе с опущенной крышкой, полностью одетый, и выглядел очень подавленным. Я могла думать только об одном: ""Мои родители умерли?"" Он даже не смотрел на меня! А теперь представьте: я в полотенце и тюрбане сижу у него на коленях, а он на унитазе. Он говорит: ""Я долго что-то искал и не знал, что это. Сегодня, похоже, это нашел"". Конечно, я ничего этого не поняла. Я не видела кольца, он достал коробочку, открыл ее и сказал… ничего. Ничего не сказал. Я, еще вся мокрая, смотрю на это кольцо в коробочке и думаю: ""Что это?"" Я ничего не говорила. Он тоже ничего не говорил. Наконец он нарушил молчание: ""Ну, мне кажется, кто-то обручился""».

❤️ **Любовная рок-история Куперов — **[**в материале «Ъ».**](https://www.kommersant.ru/doc/8655784?tg)

__📷____ Nick Ut / AP__

▪ [Подписывайтесь на «Ъ» в MAX |](https://max.ru/kommersant) [в Telegram](https://t.me/+bPtk49gFbCBkYzdi)",23558,74,,kommersant
107895,2026-05-23T16:48:49+00:00,"**Президент США Дональд Трамп заявил о возможном принятии решения по Ирану завтра.** Сегодня он обсудит со своими старшими советниками детали обновленного проекта сделки. Об этом американский президент сообщил в комментарии для журналиста Axios Барака Равида.

«Либо мы придем к хорошей сделке, либо я разнесу их вдребезги», — [заявил господин Трамп.](https://www.kommersant.ru/doc/8688726?tg)

В интервью каналу CBS президент США заявил, что Вашингтон и Тегеран «стали значительно ближе» к соглашению. 

▪ [Подписывайтесь на «Ъ» в MAX |](https://max.ru/kommersant) [в Telegram](https://t.me/+bPtk49gFbCBkYzdi)",21469,24,,kommersant
107894,2026-05-23T16:07:10+00:00,"FONBET подарил ВИП-клиентам путешествие в Стамбул — на финал Лиги Европы УЕФА.  Программа тура включала перелет бизнес-классом, персональный трансфер, личного батлера и просмотр матча из ложи стадиона «Бешикташ Парк».  Кроме того, участники программы лояльности прогулялись по историческим кварталам Стамбула, где сохранились шедевры османской архитектуры, отмеченные ЮНЕСКО, отдохнули на пляжах и совершили яхтенную прогулку по Босфору с ужином на закате.
 
#новостикомпаний",20532,46,,kommersant
107889,2026-05-23T15:37:11+00:00,"В начале мая политическое будущее британского премьера Кира Стармера оказалось под вопросом. Лейбористская партия потерпела сокрушительное поражение на местных выборах, после чего десятки парламентариев призвали его оставить пост. Несмотря на растущую критику в обществе и ряд отставок в кабинете, без боя господин Стармер сдаваться не намерен. 

В ожидании развязки «Ъ» присмотрелся к биографиям его предшественников за 300 лет: откуда и кем они были, чем запомнились на посту и как с него уходили.

Так, основываясь на биографиях 58 премьеров, «Ъ» составил собирательный портрет главы британского правительства:

Это 52-летний уроженец Лондона по имени Уильям, который вырос в богатой семье, окончил Итонский колледж и Оксфордский университет, получил образование в области юриспруденции. До прихода в большую политику работал адвокатом. Член Консервативной партии. Женат, отец четверых детей.

👉 [Подробнее на сайте.](https://www.kommersant.ru/doc/8675079?tg)

▪ [Подписывайтесь на «Ъ» в MAX |](https://max.ru/kommersant) [в Telegram](https://t.me/+bPtk49gFbCBkYzdi)",17979,37,,kommersant
107887,2026-05-23T15:13:16+00:00,"**Социологические опросы показывают, что людям не хватает картины будущего. «Ъ» готов восполнить этот пробел в рамках проекта «Контуры будущего».**

Каждый день редакция и читатели имеют дело с потоком новостей, означающих: привычного мира — того, в котором стал выходить «Ъ», распался Советский Союз, рухнула Берлинская стена и сформировалась глобальная экономика,— уже нет. Прежние правила не работают, новые — только формируются.

Рано или поздно период турбулентности завершится. Новые очертания мира будут определены новыми соглашениями, хартиями и конвенциями.

Творческая группа проекта «Контуры будущего», которую возглавляют **Азер Мурсалиев** и **Иван Сухов,** выделила главные темы этих назревающих договоренностей в области экономики, политики, права, войны, климата, технологий, а главное — статуса человека и видения будущего человечества.

В ближайшее время мы предложим читателям оценить перспективы мировой торговли. После этого выпуски проекта будут выходить каждые три недели.

👉 [Добро пожаловать в будущее.](https://kommersant.ru/future?tg)

▪ [Подписывайтесь на «Ъ» в MAX |](https://max.ru/kommersant) [в Telegram](https://t.me/+bPtk49gFbCBkYzdi)",19455,44,,kommersant
107885,2026-05-23T14:46:49+00:00,"**Бывшего сенатора Василия Думу арестовали до 20 июля. **Вместе с бывшим адвокатом основателя инвестфонда Baring Vostok Дмитрием Клеточкиным он обвиняется в покушении на мошенничество. Об этом [сообщается](https://www.kommersant.ru/doc/8688682?tg) в Telegram-канале судов общей юрисдикции Москвы.

Уголовное преследование Дмитрия Клеточкина связано с мошенническими манипуляциями по долговым обязательствам сенатора Василия Думы, сообщили «Интерфаксу» в правоохранительных органах. По словам собеседников агентства, ущерб по делу оценивается более чем в 20 млн руб.

Василий Дума был членом Совета федерации от Костромской области с 2004 по 2011 год.

__📷____ Суды общей юрисдикции города Москвы__

▪ [Подписывайтесь на «Ъ» в MAX |](https://max.ru/kommersant) [в Telegram](https://t.me/+bPtk49gFbCBkYzdi)",20563,49,,kommersant
107884,2026-05-23T14:26:27+00:00,"**Иран и США находятся на финальном этапе работы с меморандумом, **заявил официальный представитель иранского МИДа Эсмаил Багаи.

Сейчас переговорщики обсуждают вопросы прекращения войны и американской военно-морской блокады, а также вопросы, связанные с разблокировкой замороженных иранских активов, [рассказал иранский дипломат.](https://www.kommersant.ru/doc/8688711?tg)

Госсекретарь США Марко Рубио также сообщил о прогрессе по Ирану и допустил появление новостей в ближайшие дни.

▪ [Подписывайтесь на «Ъ» в MAX |](https://max.ru/kommersant) [в Telegram](https://t.me/+bPtk49gFbCBkYzdi)",19404,28,,kommersant
107883,2026-05-23T14:07:16+00:00,"Оператор системы маркировки «Честный знак» по поручению Роспотребнадзора **остановил продажи 37 млн бутылок минеральной воды «Джермук».**

Блокировка распространяется на минеральную, питьевую, газированную воду, включая продукцию со вкусовыми добавками, в стеклянной и пластиковой таре объемом от 0,33 до 1,5 л. 

До получения разрешения Роспотребнадзора продажа и отгрузка продукции в розничных и онлайн-каналах запрещены.

▪ [Подписывайтесь на «Ъ» в MAX |](https://max.ru/kommersant) [в Telegram](https://t.me/+bPtk49gFbCBkYzdi)",19714,86,,kommersant
107882,2026-05-23T13:49:33+00:00,"❌ **11-я Обзорная конференция Договора о нераспространении ядерного оружия (ДНЯО) не смогла утвердить итоговый документ.** Об этом [сообщила](https://www.kommersant.ru/doc/8688699?tg) пресс-служба МИД России.

Как рассказали в ведомстве, благодаря нескольким непростым компромиссам участники конференции почти смогли выработать близкий к принятию консенсусом проект документа. Однако отдельные вопросы из-за «жестких установок США и их союзников» не были урегулированы, поэтому документ на утверждение конференцией представлен не был, заявили представители МИДа.

Председатель конференции, постпред Вьетнама при ООН До Хунг Вьет по итогам конференции сообщил журналистам, что решил не ставить ни один из проектов итогового документа на голосование, поскольку понял, что ни одну из версий не примут.

Обзорная конференция ДНЯО проходит раз в пять лет для оценки выполнения договора. В ней участвуют почти все участники ДНЯО — 191 государство. Итоговый документ страны не смогли принять уже в третий раз.

▪ [Подписывайтесь на «Ъ» в MAX |](https://max.ru/kommersant) [в Telegram](https://t.me/+bPtk49gFbCBkYzdi)",21865,28,,kommersant
107881,2026-05-23T13:18:50+00:00,"❗️ Тела еще двух человек извлекли из-под завалов общежития колледжа в Старобельске в ЛНР, **число погибших выросло до 18 человек, **сообщили в МЧС.

@kommersant",21356,41,,kommersant
107880,2026-05-23T12:40:30+00:00,"❗️ До 16 выросло число погибших в результате удара ВСУ по общежитию колледжа в Старобельске в ЛНР, сообщили в МЧС. Под завалами, предположительно, остаются еще пять человек.

@kommersant",21922,38,,kommersant
107879,2026-05-23T12:26:15+00:00,"**В России запретили оборот нескольких марок армянских вин и коньяков.** Армения — крупнейший импортер коньяка в Россию: [ее доля достигает 50%,](https://www.kommersant.ru/doc/8688647?tg) говорит руководитель информационного центра WineRetail Александр Ставцев. В общем объеме коньячного рынка это 12–15%. 

Но попавшие сейчас под ограничения бренды, по его словам, выступают скорее второстепенными. Напомним, ограничения касаются ЗАО «Веди-Алко», ООО «Абовянский коньячный завод» и «Винно-коньячного дома “Шахназарян”».

Наиболее востребованные в России марки армянского коньяка — «Арарат», «Ной» и другие, говорит эксперт. На них введенные ограничения пока не распространяются.

Для самой Армении мораторий на поставку вин и коньяка может быть существенным. Местные производители, по словам господина Ставцева, рассматривают Россию как основной рынок сбыта.

Президент гильдии «Алкопро» Андрей Московский обращает внимание, что нарекания к армянскому коньяку возникали и раньше. Летом прошлого года ассоциации «Антиконтрафакт» и «Союзконьяк» заявляли, что стандартам не соответствуют 85% армянских коньяков. Основная часть выявленных нарушений касалась использования спиртов невиноградного происхождения.

▪ [Подписывайтесь на «Ъ» в MAX |](https://max.ru/kommersant) [в Telegram](https://t.me/+bPtk49gFbCBkYzdi)",30530,107,,kommersant
107878,2026-05-23T11:51:52+00:00,"Президент США Дональд Трамп опубликовал в Truth Social коллаж из своего портрета и панорамы столицы Гренландии. 

Его рука на изображении лежит на одной из гор Нуука. Американский президент подписал фото: «Привет, Гренландия!».

✔ [Подписывайтесь на «Ъ» в MAX |](https://max.ru/kommersant)[ в Telegram](https://t.me/+bPtk49gFbCBkYzdi)",22705,105,,kommersant
107877,2026-05-23T10:37:25+00:00,"До 12 выросло число погибших детей при атаке беспилотников ВСУ на колледж в Старобельске. Под завалами остаются девять человек, сообщили в МЧС.

@kommersant",23232,30,,kommersant
107876,2026-05-23T10:07:50+00:00,"▶️ Вечером 23 мая состоится закрытие главного кинематографического события года — 79-го Каннского международного кинофестиваля. 

Среди 22 фильмов-участников только три считают фаворитами соревнования, рассказал кинокритик Андрей Плахов прямо из Канн специально для «Ъ». 

✔ [Подписывайтесь на «Ъ» в MAX |](https://max.ru/kommersant)[ в Telegram](https://t.me/+bPtk49gFbCBkYzdi)",27599,21,,kommersant
107875,2026-05-23T09:31:17+00:00,"Владимир Путин выразил соболезнования Си Цзиньпину в связи с катастрофой на угольной шахте в провинции Шаньси.

✔ [Подписывайтесь на «Ъ» в MAX |](https://max.ru/kommersant)[ в Telegram](https://t.me/+bPtk49gFbCBkYzdi)",24772,32,,kommersant
107874,2026-05-23T08:28:07+00:00,"РФ в связи с заявлениями западников о том, что ударов по колледжу в ЛНР якобы не было,** организовывает для инкоров посещение места трагедии,** заявила представитель МИД России Мария Захарова.

✔ [Подписывайтесь на «Ъ» в MAX |](https://max.ru/kommersant)[ в Telegram](https://t.me/+bPtk49gFbCBkYzdi)",26543,54,,kommersant
107873,2026-05-23T08:01:09+00:00,"При взрыве газа на угольной шахте в провинции Шаньси на севере Китая **погибли 90 человек, **сообщило Центральное телевидение Китая (CCTV). 

Девять человек заблокированы под завалами, пишет «Синьхуа». 123 раненых доставили в больницу. Из них двое находятся в тяжелом состоянии, еще двое — в критическом. 33 пострадавших отпустили домой. Поисково-спасательная операция продолжается. В ней участвуют 755 человек.

✔ [Подписывайтесь на «Ъ» в MAX |](https://max.ru/kommersant)[ в Telegram](https://t.me/+bPtk49gFbCBkYzdi)",26879,25,,kommersant
107872,2026-05-23T07:00:22+00:00,"**ВСУ атаковали беспилотниками одно из промышленных предприятий в Пермском крае**, сообщил губернатор Дмитрий Махонин.

По предварительным данным, пострадавших нет.  

✔ [Подписывайтесь на «Ъ» в MAX |](https://max.ru/kommersant)[ в Telegram](https://t.me/+bPtk49gFbCBkYzdi)",25889,39,,kommersant
107871,2026-05-23T05:52:56+00:00,"**ФСБ предотвратила попытку теракта в Белгородской области **с участием завербованной украинскими спецслужбами местной жительницы, сообщили в Центре общественных связей ведомства. 

Женщина избежала участи стать «живой бомбой», обратившись в органы безопасности. По плану куратора, она должна была изъять из тайника взрывное устройство, доставить его в людное место и активировать. 

✔ [Подписывайтесь на «Ъ» в MAX |](https://max.ru/kommersant)[ в Telegram](https://t.me/+bPtk49gFbCBkYzdi)",26935,33,,kommersant
107870,2026-05-23T05:31:04+00:00,"В центре Иркутска произошел пожар в здании научно-исследовательского института благородных и редких металлов и алмазов, сообщили в МЧС. Горит последний этаж, предварительная площадь возгорания — 700 кв. м, заявили в ведомстве.

Сейчас сотрудников эвакуируют из здания, сообщил губернатор области Игорь Кобзев. Никто не пострадал.

✔ [Подписывайтесь на «Ъ» в MAX |](https://max.ru/kommersant)[ в Telegram](https://t.me/+bPtk49gFbCBkYzdi)",26130,28,,kommersant
107869,2026-05-23T04:27:05+00:00,"**Средства ПВО за ночь сбили 348 беспилотника ВСУ,** в том числе над Липецкой, Орловской, Ростовской, Рязанской, Тульской областями, Татарстаном и Московским регионом, сообщили в Минобороны.

✔ [Подписывайтесь на «Ъ» в MAX |](https://max.ru/kommersant)[ в Telegram](https://t.me/+bPtk49gFbCBkYzdi)",25236,35,,kommersant
107868,2026-05-23T04:00:13+00:00,"**⛅️****️ Главные новости к утру:**

🔸 Россия [провела](https://www.kommersant.ru/doc/8688530?tg) заседание Совета Безопасности ООН после атаки на Старобельск.

🔸 В Белом доме [обсудили](https://www.kommersant.ru/doc/8688541?tg) возобновление военных действий против Ирана.

🔸 Дональд Трамп [продлил](https://www.kommersant.ru/doc/8688232?tg) санкции против руководства Белоруссии.

🔸 Ущерб по делу о переводах Аристотеля [оценили](https://www.kommersant.ru/doc/8688225?tg) в 16 млн рублей.

🔸 В Новороссийске [загорелась](https://www.kommersant.ru/doc/8688533?tg) территория нефтебазы из-за удара БПЛА.

#главноекутру",25514,23,,kommersant
107867,2026-05-23T03:27:59+00:00,"❌ **Роспотребнадзор сообщил, что приостановил продажу некачественного алкоголя из Армении.** По информации ведомства, в списке вино и коньяк производства ЗАО «Веди-алко», ООО «Абовянский коньячный завод», а также ООО «Винно-коньячный дом «Шахназарян».

Предприятиям торговли и импортерам направлена информация о приостановке реализации этой продукции и об изъятии из обращения, сообщает Роспотребнадзор.

✔️ [Подписывайтесь на «Ъ» в MAX |](https://max.ru/kommersant)[ в Telegram](https://t.me/+bPtk49gFbCBkYzdi)",30964,188,,kommersant
107866,2026-05-23T02:32:58+00:00,"**В Белом доме обсудили возобновление военных действий против Ирана**, [сообщает](https://www.kommersant.ru/doc/8688541?tg) CBS News. 

Окончательное решение пока принято не было, но, по информации телеканала, американские высокопоставленные военнослужащие готовятся к возможному экстренному сбору. Сам президент США Дональд Трамп отказался посетить свадьбу сына, которая пройдет в эти выходные.

Сейчас США и Иран находятся в состоянии перемирия и ведут переговоры о завершении конфликта. Как вчера заявляли в МИД Ирана, до заключения сделки еще далеко.

✔️ [Подписывайтесь на «Ъ» в MAX](https://max.ru/kommersant) |[ в Telegram](https://t.me/+bPtk49gFbCBkYzdi)",25599,24,,kommersant
107865,2026-05-23T01:20:39+00:00,"**Венгрия ищет замену российскому газу в Румынии**. Сейчас стороны обсуждают графики и объемы поставок. 

Румынские поставки гарантированно смогут покрыть 20–25% от объема, необходимого для замещения российского газа, пишет венгерское издание Index.

«Это был бы самый крупный шаг на пути к получению нероссийского газа по хорошей цене. Если мы не сможем это провести, то с этого момента останутся только источники, которые на порядок дороже»,— заявил источник издания.

✔️ [Подписывайтесь на «Ъ» в MAX](https://max.ru/kommersant) |[ в Telegram](https://t.me/+bPtk49gFbCBkYzdi)",21167,34,,kommersant
107864,2026-05-23T00:37:11+00:00,"**ЕС отказался предоставить Великобритании доступ к своему единому рынку товаров**, [сообщает ](https://www.kommersant.ru/doc/8688536?tg)Financial Times. Инициативу Лондона, по словам источников газеты, рассматривали всего несколько стран ЕС.

Одно из опасений насчет сделки заключалось в том, что Великобритания могла бы получить более выгодные условия, чем сами государства-члены ЕС в том числе за счет снижения регуляторных стандартов, сообщили собеседники издания.

✔️ [Подписывайтесь на «Ъ» в MAX](https://max.ru/kommersant) |[ в Telegram](https://t.me/+bPtk49gFbCBkYzdi)",20054,32,,kommersant
107863,2026-05-23T00:04:46+00:00,"**SpaceX со второй попытки запустила самую большую ракету в мире.** Компания [провела](https://www.kommersant.ru/doc/8688535?tg) тестовый запуск сверхтяжелой ракетной системы Starship, создаваемой для марсианских и лунных миссий.

Из 11 предыдущих испытаний системы шесть были признаны успешными. Как отмечает The Wall Street Journal, глава SpaceX Илон Маск рассчитывает сертифицировать Starship для пилотируемых полетов уже до конца текущего года.

✔️ [Подписывайтесь на «Ъ» в MAX](https://max.ru/kommersant) |[ в Telegram](https://t.me/+bPtk49gFbCBkYzdi)",21794,70,,kommersant
107862,2026-05-22T23:17:57+00:00,"**Как проверить участок перед покупкой без посредник**ов

В первом квартале 2026 года в России продавалось в среднем по 65 тыс. земельных участков в месяц, что на 26% меньше год к году. Средняя цена почти не изменилась и составила 450 тыс. руб. за сотку. При этом спрос на землю оказался устойчивее, чем на квартиры. Продажи новостроек в Москве за тот же период снизились на 35%, до 538,6 тыс. кв. м, а в Новой Москве — на 45%, до 149,4 тыс. кв. м.

На фоне сохраняющегося интереса к земле собственники все чаще продают участки [без посредников](https://www.kommersant.ru/doc/8573423?from=spot_nedvizhimost_1). Сейчас в продаже находится 105 тыс. объявлений по участкам, что на 5% больше год к году. Из них 41 тыс. лотов размещены напрямую от собственников, и этот сегмент вырос на 19%. Экономия на комиссии риэлтора может составлять 3–7% от суммы сделки. При цене участка 5 млн руб. это около 250 тыс. руб.

Но такая экономия переносит проверку рисков на покупателя, подчеркивают эксперты. До сделки нужно изучить выписку ЕГРН, историю перехода прав, наличие обременений, категорию земли, вид разрешенного использования, границы участка, градостроительный план, согласие супруга, наследственные истории, долги продавца и возможную процедуру банкротства. Особую осторожность эксперты советуют проявлять, если вместо договора купли-продажи предлагают оформить смену членства в СНТ. Даже участие риэлтора не гарантирует полной безопасности сделки, поэтому ключевой задачей остается полноценная юридическая проверка объекта до оплаты.

__📷____Олег Харсеев, Коммерсантъ__",19283,118,,kommersant
107861,2026-05-22T22:33:00+00:00,"Россия [провела](https://www.kommersant.ru/doc/8688530?tg) срочное заседание Совета Безопасности ООН, поводом для которого стала атака, совершенная ночью 22 мая на Старобельск.

Постоянный представитель России **Василий Небензя заявил, что страны, которые поставляют оружие Украине, ответственны за произошедшее. **Он призвал международные структуры, национальные правительства и мировую общественность дать честную оценку произошедшему.

«Молчание будет равносильно пособничеству кровавым деяниям киевских террористов»,— сказал господин Небензя.

✔️ [Подписывайтесь на «Ъ» в MAX](https://max.ru/kommersant) |[ в Telegram](https://t.me/+bPtk49gFbCBkYzdi)",19574,30,,kommersant
107860,2026-05-22T21:45:45+00:00,"💬 **«Бюджет поддержки сокращается»**

Аграриям необходимо снижать себестоимость зерна для сохранения его конкурентоспособности на внешних рынках,[ следовало](https://www.kommersant.ru/doc/8688183?tg) из выступлений на профильном форуме в Сочи.

Несмотря на хороший урожай и экспортный потенциал, укрепление рубля и сложные макроэкономические условия требуют от аграриев технологической модернизации и оптимизации логистики. Государство продолжит поддержку отрасли, но в условиях сокращения объемов помощи в первую очередь **деньги будут направляться в те сферы, где они принесут максимальную отдачу**.

✔️ [Подписывайтесь на «Ъ» в MAX](https://max.ru/kommersant) |[ в Telegram](https://t.me/+bPtk49gFbCBkYzdi)",20054,54,,kommersant
107859,2026-05-22T20:58:50+00:00,"**В «Сколково» обсудили перспективы правового регулирования ИИ.** В дискуссии [приняли участие](https://www.kommersant.ru/doc/8688166?tg) ученые, чиновники и представители бизнес-сообщества.

«Мы все ожидаем закон, поскольку очень много вопросов. Как защитить права авторов? Как защитить детей?» — сказал глава ВЭБ Игорь Шувалов. В то же время важно не создать дополнительные барьеры для технологического развития и тестирования новых решений, добавил он.

Уже всем очевидно, что ИИ — это не субъект, а инструмент, отметил судья Конституционного суда Владимир Сивицкий. Также судья КС видит **риски возможного прихода к власти «олигархов», которые являются владельцами ИИ**, или, наоборот, «философов», которые поднимут на флаг борьбу за сохранение человеческой личности. И еще неизвестно, что будет страшнее, предупредил он.

✔️ [Подписывайтесь на «Ъ» в MAX](https://max.ru/kommersant) |[ в Telegram](https://t.me/+bPtk49gFbCBkYzdi)",20352,64,,kommersant
107858,2026-05-22T20:10:09+00:00,"**Дональд Трамп продлил на год санкции против руководства Белоруссии**, действие которых истекает 16 июня. Это следует из документа на сайте Федерального реестра США.

«Действия и политика отдельных членов правительства Белоруссии и других лиц продолжают представлять необычную и чрезвычайную угрозу национальной безопасности и внешней политике Соединенных Штатов»,— указано в документе. Указ будет официально опубликован 26 мая.

Речь идет об указе 43-го президента США Джорджа Буша — младшего. Документ предусматривает санкции в отношении лиц, которые, по мнению США, «подрывают демократические процессы и институты» в Белоруссии. В 2021 году президент Джо Байден подписал дополнительный указ, уточняющий критерии введения санкций.

В марте США сняли санкции с «Беларуськалия», «Белорусской калийной компании», Белинвестбанка, Банка развития и Минфина Белоруссии. В обмен власти Белоруссии освободили 250 заключенных.

✔️ [Подписывайтесь на «Ъ» в MAX](https://max.ru/kommersant) |[ в Telegram](https://t.me/+bPtk49gFbCBkYzdi)",21938,45,,kommersant
107857,2026-05-22T19:58:52+00:00,"**На подлете к Москве сбили четыре БПЛА, **сообщил Сергей Собянин.

Специалисты экстренных служб работают на месте падения обломков, подчеркнул мэр.

Ранее Росавиация сообщила, что в аэропортах Внуково, Домодедово и Шереметьево введены временные и частичные ограничения на работу авиации.

▪️ [Подписывайтесь на «Ъ» в MAX ](https://max.ru/kommersant)| [в Telegram](https://t.me/+bPtk49gFbCBkYzdi)",25141,26,,kommersant
107856,2026-05-22T19:21:48+00:00,"**ЦБ РФ выявил ряд банков, в которых менеджеры занижают кредитные риски ради увеличения своих бонусов.**

Банк России во второй половине года собирается ограничить возможность применения экспертного суждения банков при оценке крупных проблемных кредитов. Также ЦБ планирует запретить признание хорошим или средним финансовое состояние заемщика, если у него по определенным параметрам высокая долговая нагрузка.

По мнению Эльвиры Набиуллиной, эти меры будут страховкой от «пробонусного поведения» некоторых менеджеров, которое может привести к потере запаса капитала банков.

**__👉__****__ Подробности — в __**[**__материале__**](https://www.kommersant.ru/doc/8688165?tg)**__ «Ъ».__**

▪️ [Подписывайтесь на «Ъ» в MAX ](https://max.ru/kommersant)| [в Telegram](https://t.me/+bPtk49gFbCBkYzdi)",21641,73,,kommersant
107855,2026-05-22T18:53:59+00:00,"🌒 **Главные новости к вечеру **

▪️ Шесть человек [погибли](https://www.kommersant.ru/doc/8675200?tg), еще 40 пострадали в результате атаки ВСУ на общежитие колледжа в ЛНР.

▪️ Марко Рубио [сообщил](https://www.kommersant.ru/doc/8688078?tg) о приостановке трехсторонних переговоров России, США и Украины.

▪️ Швейцария частично [присоединилась](https://www.kommersant.ru/doc/8688080?tg) к 20-му пакету санкций ЕС против РФ.

▪️ В резиденции президента Франции Эмманюэля Макрона [прошли](https://www.kommersant.ru/doc/8688163?tg) обыски.

▪️ Роспотребнадзор [запретил](https://www.kommersant.ru/doc/8688131?tg) оборот минеральной воды «Джермук».

▪️ Росимущество [объявило](https://www.kommersant.ru/doc/8688206?tg) отбор для продажи 23,76% акций «Аэрофлота».

▪️ Криштиану Роналду [стал](https://www.kommersant.ru/doc/8688133?tg) самым высокооплачиваемым спортсменом по версии Forbes.

#главноеквечеру",21413,21,,kommersant
107854,2026-05-22T18:20:39+00:00,"Первый заместитель директора Нацразведки США Аарон Лукас станет исполняющим обязанности главы ведомства, сообщил Дональд Трамп

Тулси Габбард покинет пост 30 июня. У ее мужа диагностировали редкую форму рака костей, и она решила подать в отставку, пояснил президент США.

По данным источника Reuters, знакомого с ситуацией, администрация президента вынудила ее уйти в отставку.

Аарону Лукасу 55 лет. Более 20 лет он проработал в ЦРУ: начинал как аналитик, потом стал офицером тайных операций, дослужился до начальника станции за рубежом.

▪️ [Подписывайтесь на «Ъ» в MAX ](https://max.ru/kommersant)| [в Telegram](https://t.me/+bPtk49gFbCBkYzdi)",19646,45,,kommersant
107853,2026-05-22T18:07:44+00:00,"Владимир Путин встретился с первым выпуском образовательной программы «Время героев», который с фронта ушел в административное управление, и начал с того, что произошло утром, то есть со страшного удара по общежитию.

«Сложно было сразу сказать, в чем был смысл такой встречи, но началась она с того, что российский президент высказался о событиях в Старобельске (ЛНР). И в который раз стало нехорошо».

__👉____ **С **__[**__подробностями__**](https://www.kommersant.ru/doc/8688176?tg)**__ — специальный корреспондент «Ъ» Андрей Колесников.__**

▪️ [Подписывайтесь на «Ъ» в MAX ](https://max.ru/kommersant)| [в Telegram](https://t.me/+bPtk49gFbCBkYzdi)",35617,49,,kommersant
107852,2026-05-22T17:54:56+00:00,"❗️ **Росимущество объявило об отборе организатора для продажи 23,76% акций «Аэрофлота»**.

Пакет акций принадлежит государству и подлежит приватизации. Отбор проводится для заключения агентского договора: победитель должен будет организовать от имени государства продажу ценных бумаг на фондовом рынке.

Ключевое требование к претенденту — наличие опыта размещения акций (IPO/SPO) на фондовом рынке. Прием заявок от потенциальных организаторов стартовал 22 мая и продлится до 8 июня 2026 года.

▪️ [Подписывайтесь на «Ъ» в MAX ](https://max.ru/kommersant)| [в Telegram](https://t.me/+bPtk49gFbCBkYzdi)",18350,61,,kommersant
107851,2026-05-22T17:50:33+00:00,"🗞🗞🗞🗞 **Биржевые цены на мазут **[**выросли**](https://www.kommersant.ru/doc/8688126?tg)** до рекордных с начала года 28,4 тыс. руб. за тонну. **

Как и в случае с остальными нефтепродуктами, дефицит предложения образовался в результате ремонтов на российских НПЗ. По данным Reuters, все крупные НПЗ в центральной России к 20 мая приостановили или снизили переработку и производство топлива.

Однако в сегменте мазута дополнительным фактором стал заметный скачок спроса на азиатских рынках, где это топливо используют для глубокой переработки в светлые нефтепродукты и для смешивания с легкими сортами нефти.

Аналитики ожидают дальнейшего роста цен в условиях незавершенных ремонтов и в свете предстоящего увеличения внутреннего спроса.

#Ъузнал",17940,24,,kommersant
107850,2026-05-22T17:41:51+00:00,"**Военнослужащие НАТО отработали удары по России на заброшенной станции метро Лондона** **«Чаринг-Кросс»**, [сообщила](https://www.kommersant.ru/doc/8688170?tg) пресс-служба Минобороны Великобритании.

По сценарию учений, страны альянса наносят ответный удар для защиты территории Эстонии согласно статье 5 Устава НАТО. Действие происходит в 2030 году.

Именно тогда, по мнению военных планировщиков, угроза со стороны России может быть наиболее серьезной, указано в заявлении.

▪️ [Подписывайтесь на «Ъ» в MAX ](https://max.ru/kommersant)| [в Telegram](https://t.me/+bPtk49gFbCBkYzdi)",17530,62,,kommersant
107849,2026-05-22T17:34:27+00:00,"**Россельхознадзор **[**заявил**](https://www.kommersant.ru/doc/8688130?tg)** о проблемах с ввозом овощей и фруктов из Армении.**

Армения — заметный поставщик на российский рынок ягод, косточковых фруктов и тепличных томатов. Хотя участники отрасли не ждут серьезного дефицита такой продукции, но не исключают локального роста цен.

Также на территории России запрещается оборот минеральной воды «Джермук», которую производит армянское ЗАО: в ней выявили превышение содержания гидрокарбоната иона, хлоридов и сульфатов.

Ранее Россельхознадзор также ввел ограничения на ввоз цветочной продукции из Армении.

▪️ [Подписывайтесь на «Ъ» в MAX ](https://max.ru/kommersant)| [в Telegram](https://t.me/+bPtk49gFbCBkYzdi)",18815,107,,kommersant
107848,2026-05-22T17:23:17+00:00,"Глава ЛНР Леонид Пасечник сообщил о **введении режима ЧС регионального характера **после атаки ВСУ на общежитие колледжа в Старобельске.

▪️ [Подписывайтесь на «Ъ» в MAX ](https://max.ru/kommersant)| [в Telegram](https://t.me/+bPtk49gFbCBkYzdi)",18363,8,,kommersant
107847,2026-05-22T17:18:40+00:00,"**Директор Национальной разведки США Тулси Габбард подала в отставку.** Она объяснила решение тем, что у ее мужа диагностировали рак костей.

▪️ [Подписывайтесь на «Ъ» в MAX ](https://max.ru/kommersant)| [в Telegram](https://t.me/+bPtk49gFbCBkYzdi)",19279,29,,kommersant
107846,2026-05-22T17:06:09+00:00,"**В резиденции президента Франции Эмманюэля Макрона 20 мая прошли обыски **в рамках расследования возможных случаев коррупции при заключении госконтрактов с компанией Shortcut Events, пишет газета Le Monde.

В последние годы компания отвечала за организацию крупных мероприятий для администрации президента, в том числе — церемоний переноса останков выдающихся французских деятелей в Пантеон.

По данным сатирического еженедельника Le Canard Enchaine, каждая такая церемония обходилась государству в сумму около €2 млн.

▪️ [Подписывайтесь на «Ъ» в MAX ](https://max.ru/kommersant)| [в Telegram](https://t.me/+bPtk49gFbCBkYzdi)",20350,48,,kommersant
107845,2026-05-22T16:55:45+00:00,"**22-летнюю студентку из Москвы Полину Костикову приговорили к пяти годам за вербовку в «Русский добровольческий корпус»** (РДК; признана террористической в РФ и запрещена)**, **[сообщила](https://www.kommersant.ru/doc/8688148?tg) пресс-служба столичной прокуратуры.

Суд установил, что в 2024 году студентка, пока жила в Грузии, пыталась вступить в запрещенный РДК. Она собирала деньги для корпуса и была лично знакома с ее лидером. Позже вернулась в Россию и продолжила общаться с террористами, а также вербовала новых членов группировки.

В марте 2025 года студентку отправили под домашний арест. В мае того же года она попыталась уехать в Грузию, но ее перехватили и взяли под стражу.

▪️ [Подписывайтесь на «Ъ» в MAX ](https://max.ru/kommersant)| [в Telegram](https://t.me/+bPtk49gFbCBkYzdi)",19854,28,,kommersant
107844,2026-05-22T16:13:55+00:00,"Сложно представить бизнес, которого сегодня нет в онлайне. Конкуренция за пользователя растет, а цена ошибки — тоже. Чтобы принимать решения быстрее конкурентов и с меньшими потерями, компании все активнее используют инструменты проверки продуктовых гипотез, и российский сегмент таких решений развивается вместе с этим запросом.

В среднесрочной перспективе эксперты оценивают рост объема этого рынка до 10–15 млрд руб. за счет автоматизации труда и увеличения расходов компаний на присутствие в онлайне. Сегодня уже около 30% компаний приходят с собственными решениями и хотят с помощью вендора масштабировать процесс экспериментирования. Остальные — это компании, иногда с чем-то собранным «на коленке», которые хотят выстроить процесс с нуля. Мы поговорили о трендах этого сегмента рынка с руководителями платформы для A/B-тестирования Trisigma от «Авито».

Подробнее — [читайте на сайте](https://www.kommersant.ru/doc/8674837).

__#Технологии__",19671,15,,kommersant
107843,2026-05-22T15:55:18+00:00,"**Число людей с психическими расстройствами в мире достигло 1,2 млрд** — в два раза больше, чем в 1990 году, [следует](https://www.kommersant.ru/doc/8688091?tg) из результатов исследования, опубликованного в журнале The Lancet.

Проблемы с психическим здоровьем вышли на первое место среди причин инвалидности, обогнав сердечно-сосудистые заболевания, рак и проблемы с опорно-двигательным аппаратом.

Самые распространенные среди них — тревожность и депрессия, от которых чаще всего страдают женщины 15–39 лет. У мужчин чаще встречаются СДВГ, расстройства поведения и аутизм. Наименее распространенные расстройства — анорексия, булимия и шизофрения. 

«Эти растущие тенденции могут отражать как сохраняющиеся последствия стресса, связанного с пандемией, так и долгосрочные структурные факторы, такие как бедность, незащищенность, насилие и снижение социальной сплоченности», — подчеркнул соавтор исследования Дэмиен Сантомауро.

Ученый отметил, что «был искренне шокирован масштабом проблемы».

▪️ [Подписывайтесь на «Ъ» в MAX ](https://max.ru/kommersant)| [в Telegram](https://t.me/+bPtk49gFbCBkYzdi)",23174,409,,kommersant
107842,2026-05-22T15:26:46+00:00,"❌ **В России с 22 мая **[**запрещается**](https://www.kommersant.ru/doc/8688131?tg)** оборот всех партий минеральной воды «Джермук»**, которую производит армянское ЗАО «Джермук Групп». 

На поставки воды в Россию также наложен запрет. Такое решение принял Роспотребнадзор.

▪️ [Подписывайтесь на «Ъ» в MAX ](https://max.ru/kommersant)| [в Telegram](https://t.me/+bPtk49gFbCBkYzdi)",22847,399,,kommersant
107841,2026-05-22T14:49:32+00:00,"Издательский дом «Коммерсантъ» на основе своего проекта «Ответственный бизнес» запускает инициативу «Благотворительный рассказ». Журналисты проекта в течение года будут писать о некоммерческих организациях из российских регионов, чтобы обеспечить им узнаваемость на федеральном уровне.

Принять участие в проекте смогут те НКО, которые будут соответствовать нескольким критериям, касающимся уровня их узнаваемости, структуры пожертвований и состава учредителей. Узнать об этих критериях подробнее и [подать заявку](https://www.kommersant.ru/doc/8606545?tg) на участие можно на странице проекта «Ответственный бизнес».

▪️ [Подписывайтесь на «Ъ» в MAX ](https://max.ru/kommersant)| [в Telegram](https://t.me/+bPtk49gFbCBkYzdi)",29578,65,,kommersant
107840,2026-05-22T14:46:57+00:00,"📰 Владимир Путин [подписал](https://www.kommersant.ru/doc/8688081?tg) указ, который разрешает АО «Эксплуатирующая организация Запорожской АЭС» **владеть ядерными материалами и установками.**

Запорожская АЭС — крупнейшая атомная станция в Европе. Она находится под контролем российских войск с марта 2022 года, а в октябре 2022 года была включена в собственность России.

▪️ [Подписывайтесь на «Ъ» в MAX ](https://max.ru/kommersant)| [в Telegram](https://t.me/+bPtk49gFbCBkYzdi)",20788,32,,kommersant
107839,2026-05-22T14:28:20+00:00,"**Шесть человек погибли в результате атаки ВСУ на общежитие колледжа в ЛНР**, заявил Владимир Путин. 15 числятся пропавшими без вести, разбор завалов продолжается.

Президент РФ дал приказ Минобороны представить предложения **ответа на удар ВСУ.** Ограничиться заявлениями в такой ситуации невозможно, подчеркнул он.

@kommersant",46220,216,,kommersant
107838,2026-05-22T14:21:20+00:00,"**Владимир Путин назвал терактом удар ВСУ по общежитию в Старобельске в ЛНР.
**
По словам президента, удар не был случайным: «три волны БПЛА били в одно и то же место».

▪️ [Подписывайтесь на «Ъ» в MAX ](https://max.ru/kommersant)| [в Telegram](https://t.me/+bPtk49gFbCBkYzdi)",21160,33,,kommersant
107837,2026-05-22T14:20:28+00:00,"📚 **Книжный магазин «Буквоед» откроется в Москве до конца года**, [сообщил «Ъ»](https://www.kommersant.ru/doc/8688067?tg) представитель компании.

Сеть, которая работала в Санкт-Петербурге, планирует открыть 2–3 магазина площадью около 100 кв. м. с фокусом на бестселлеры и лайфстайл-ассортимент. Инвестиции в объекты составят до 100 тыс. руб. за кв. м.

Гендиректор «Читай-город — Буквоед» Александр Брычкин отметил, что если тест будет успешным, формат масштабируют на всю Россию. Ранее по такой модели работал только «Читай-город».‍

📡 [Сети меняются. Мы следим. Подписывайтесь](https://t.me/+SkQgmXpzMqFjZjli).",18430,33,,kommersant
107836,2026-05-22T14:18:54+00:00,"**В Петербурге задержали главу «Общины мусульман Северо-Запада» Мохаммеда Хенни**, [сообщили](https://www.kommersant.ru/doc/8688056?tg) источники «Ъ Северо-Запад». Подробности дела не разглашаются.

Задержание связано с арестами представителей Духовного управления мусульман в нескольких регионах, сообщил источник.

Мохаммед Хении был имамом «Общины мусульман Северо-Запада» с 2017 по 2020 год. После этого стал председателем организации. До работы в общине он возглавлял «Союз исламских организаций» и «Исламский культурный центр» в Санкт-Петербурге.

#Ъузнал",18250,48,,kommersant
107835,2026-05-22T14:07:29+00:00,"❗️ **Минюст обновил реестр иноагентов.** В него включены:

🔵 Проект «После»;
🔵 Активистка Вилюя Чуйнова;
🔵 Филолог Ольга Орлова;
🔵 Журналист Станислав Дмитриевский. 

▪️ [Подписывайтесь на «Ъ» в MAX ](https://max.ru/kommersant)| [в Telegram](https://t.me/+bPtk49gFbCBkYzdi)",20758,29,,kommersant
107834,2026-05-22T14:04:12+00:00,"Экотропам в ООПТ подберут стандарты

В России может [появиться новый стандарт](https://www.kommersant.ru/doc/8675373) экотроп в природоохранных зонах, сообщил гендиректор «Роза Хутор» Константин Нестеров в рамках круглого стола, где обсуждается регулирование в особо охраняемых природных территориях (ООПТ). Первые маршруты будут расположены на «Роза Хутор». На высоте 600 м появится природно-познавательный маршрут — база для образовательных и просветительских программ. На отметке 1100 м — маршрут инклюзивного исполнения, адаптированный для гостей курорта с разным уровнем физической подготовки, включая людей с инвалидностью в сопровождении. На высоте 2300 м расположится активно-туристский оздоровительный маршрут.

По результатам обустройства маршрутов, оценки эффекта от восстановления экосистем, снижения антропогенной нагрузки и анализа опыта национальных и природных парков может быть сформирован общий стандарт обустройства экотроп в РФ. Подробная концепция проекта и план научных экспериментов будут представлены осенью.

__#Review__",18360,28,,kommersant
107833,2026-05-22T14:02:27+00:00,"**Владимир Путин **[**назначил**](https://www.kommersant.ru/doc/8688001?tg)** Андрея Козлова помощником секретаря Совбеза России.**

В середине марта от этой должности был освобожден Павел Коновальчик, который занимал пост с июля 2024 года.

▪️ [Подписывайтесь на «Ъ» в MAX ](https://max.ru/kommersant)| [в Telegram](https://t.me/+bPtk49gFbCBkYzdi)",17235,19,,kommersant
107832,2026-05-22T13:56:54+00:00,"**Лихорадка Эбола в ДР Конго быстро распространяется и представляет «очень высокую угрозу» на национальном уровне**, [заявил](https://www.kommersant.ru/doc/8688024?tg) глава ВОЗ Тедрос Аданом Гебреисус.

В ДРК точно подтверждены 82 случая заражения и семь случаев смерти. Однако, по его словам, эпидемия там «значительно масштабнее».

▪️ [Подписывайтесь на «Ъ» в MAX ](https://max.ru/kommersant)| [в Telegram](https://t.me/+bPtk49gFbCBkYzdi)",18190,31,,kommersant
107831,2026-05-22T13:37:21+00:00,"**Удары, подобные атаке в Старобельске, осуществляются при техническом содействии специалистов НАТО, **говорится в сообщении, опубликованном на сайте МИД РФ.

**Другие заявления:**

🔵 «Киевский режим и его кураторы берут на себя всю полноту ответственности за эскалацию боевых действий и подрыв политико-дипломатических усилий по урегулированию конфликта».

🔵 «Совершенный удар не мог быть случайным. Это была выдержанная в духе германских нацистов целенаправленная атака против гражданского населения. Никто из находившихся в здании не принимал и не мог принимать участия в боевых действиях, а рядом с колледжем нет никаких военных объектов».

🔵 «Следственным комитетом России возбуждено уголовное дело о теракте. Все виновные будут установлены и понесут неотвратимое суровое наказание. Снисхождения не будет никому».

▪️ [Подписывайтесь на «Ъ» в MAX ](https://max.ru/kommersant)| [в Telegram](https://t.me/+bPtk49gFbCBkYzdi)",20516,39,,kommersant
107830,2026-05-22T13:25:47+00:00,"**Сергей Лавров назвал угрозой для России создание аналога НАТО в Азии.**

По его словам, США и их союзники по НАТО «ударными темпами» наращивают военную инфраструктуру в Юго-Восточной и Северо-Восточной Азии.

«Под лозунгом неразрывности, безопасности Евроатлантики и так называемого Индо-Тихоокеанского региона проводится линия на то, чтобы расшатать и развалить асеаноцентричную архитектуру безопасности в Азиатско-Тихоокеанском регионе. <…> Все это нагнетает внешнее давление и на КНР, и на КНДР — наших ближайших партнеров в регионе. Ну, и, собственно, на законные интересы России на нашем восточном рубеже», — сказал он.

О том, что страны Запада намерены создать аналог НАТО в Азии, также ранее говорил Сергей Шойгу. Официально о таких планах альянс не объявлял. При этом в апреле в НАТО поставили цель укреплять сотрудничество с Австралией, Японией, Южной Кореей и Новой Зеландией.

▪️ [Подписывайтесь на «Ъ» в MAX ](https://max.ru/kommersant)| [в Telegram](https://t.me/+bPtk49gFbCBkYzdi)",18595,40,,kommersant
107829,2026-05-22T13:09:17+00:00,"**В Великобритании обсуждают вступление обратно в Евросоюз**. По данным опроса компании YouGov, воссоединение с ЕС поддерживают 55% британцев.

Экс-министр здравоохранения и потенциальный кандидат в премьеры Уэс Стритинг назвал «Брексит» «катастрофической ошибкой» и заверил, что «в один прекрасный день Британия вернется в Европейский союз».

Раскручивание темы «анти-Брексита» может обернуться ростом антироссийских настроений. Подробности — в [материале](https://www.kommersant.ru/doc/8675189?tg) «Ъ».

▪️ [Подписывайтесь на «Ъ» в MAX ](https://max.ru/kommersant)| [в Telegram](https://t.me/+bPtk49gFbCBkYzdi)",18296,92,,kommersant
107828,2026-05-22T12:56:21+00:00,"**«Упрощенка» оказалась со сложностями**

Многие предприниматели остались недовольны переходом на автоматизированную систему налогообложения в этом году. В числе главных проблем — дополнительные издержки, ограниченный круг банков и невозможность вернуться к прежнему режиму, рассказали ""Ъ FM"" представители компаний.

На автоупрощенку в этом году перешли порядка 360 тыс. налогоплательщиков, следует из данных ФНС. Режим действительно выглядит привлекательно: налог автоматически считает уполномоченный банк, отчетности меньше, и страховые взносы за сотрудников платить не нужно.

💬 **Татьяна Матвиенко**, __основатель «Кларитус консалтинг»__:
«ФНС в рамках АУСН анонсировала единый, по сути, налог со ставкой 8%. Какие же проблемы сейчас? В расчетах достаточно часто встречаются ошибки. Банки путаются в разметке операций. До 7 числа это все нужно откорректировать и выверить. Техподдержка, которая решает эти вопросы, порой делает это очень долго, очень нудно».

💬  **Евгения Самарова**, __эксперт бухгалтерии для бизнеса «Мое дело»__:
«Самое неприятное, что добровольно уйти с ""автоупрощенки"" в течение года не получится. Закон требует применять эту систему как минимум 12 месяцев. Звучит это, конечно, как ловушка, но выход все же есть, если бизнес банально перестанет соответствовать тем условиям, которые устанавливаются для АУСН. Среди самого простого — открыть расчетный счет в неуполномоченном банке или нанять шестого сотрудника».

💬 **Иван Федоров**,__ старший юристконсульт юрфирмы «Цзиньши»__:
«Если в результате эволюционного развития бизнеса действительно увеличивается выручка или штат и компания прекращает соответствовать требованиям АУСН, то нет никаких проблем: спокойно меняете ее на тот режим, который нужен. Практики, когда бы ФНС обращалась в суд или назначала камеральную или выездную налоговую проверку, пока что нет. Говорить о каких-то конкретных негативных последствиях нам не приходится».

🗣 [Слушать эфир](https://t.me/kfm936?livestream) l [Написать в чат-бот](https://t.me/kmfmbot) l [Подписаться](https://t.me/kfm936)",19347,57,,kommersant
107827,2026-05-22T12:32:15+00:00,"**Россия запросила экстренное заседание Совбеза ООН из-за удара ВСУ по общежитию в Старобельске**, сообщило постоянное представительство РФ при ООН.

▪️ [Подписывайтесь на «Ъ» в MAX ](https://max.ru/kommersant)| [в Telegram](https://t.me/+bPtk49gFbCBkYzdi)",19239,47,,kommersant
107826,2026-05-22T12:21:23+00:00,"**Оман ведет с Ираном переговоры о совместном управлении Ормузским проливом**. Султанат рассчитывает на свою долю с доходов, полученных с проходящих коммерческих рейсов.

Механизм будет оформлен не как сбор пошлин, а как система предоставления морских услуг.

Такая схема не устроит США, предупредил госсекретарь Марко Рубио. По его словам, одностороннее изменение статуса Ормуза подорвет переговорный процесс между Штатами и Ираном, в котором начали появляться подвижки.

**__👉__****__ Подробности — в __**[**__материале__**](https://www.kommersant.ru/doc/8687844?tg)**__ «Ъ».__**

▪️ [Подписывайтесь на «Ъ» в MAX ](https://max.ru/kommersant)| [в Telegram](https://t.me/+bPtk49gFbCBkYzdi)",20199,14,,kommersant
107825,2026-05-22T12:03:01+00:00,"**Феномен K-beauty — больше, чем хороший продукт, и совсем не стихийный тренд.** Пример кореянок, полюбивших локальные продукты, вдохновляет российских предпринимательниц, которые стремятся в текущей ситуации выстроить доверие к отечественной декоративной косметике. 

«Это классический пример успешного сотрудничества государства и бизнеса: льготы и субсидирование, маркетинговая поддержка на внутреннем и внешнем рынках, вклад в развитие R&D-центров и производственных комплексов»,— отметила Наталья Шик, основательница SHIK Cosmetics, одна из спикеров предстоящего «Т-Двора», который пройдет с 4 по 6 июня в Санкт-Петербурге в Никольских рядах.

В разговоре с «Ъ» она [рассказала](https://www.kommersant.ru/doc/8673417) о трендах, которые меняют индустрию красоты, и о том, какой будет «женщина будущего».

📷__ Предоставлено__ PR-отделом Т-Банка

#Деньги",51426,130,,kommersant
107824,2026-05-22T12:02:26+00:00,"**Центробанк до 2030 года постепенно повысит минимальный размер капитала банков. **У организаций с универсальной лицензией показатель вырастет до 3 млрд руб., с базовой — до 1 млрд руб., сообщила глава ЦБ Эльвира Набиуллина.

«Мы собираемся повышать требование к минимальному размеру капитала... Но стараемся это делать постепенно, по графику, до 2030 года, в течение трех лет».

Госпожа Набиуллина отметила, что повышение начнется с 2028 года. Тогда планка для банков с универсальной лицензией вырастет до 1,5 млрд руб., с базовой — до 0,5 млрд руб.

Последний раз требования к капиталу кредитных организаций менялись в 2018 году. Для банков с базовой лицензией был установлен минимальный капитал в размере 300 млн руб., для банков с универсальной лицензией — 1 млрд руб.

▪ [Подписывайтесь на «Ъ» в MAX |](https://max.ru/kommersant) [в Telegram](https://t.me/+bPtk49gFbCBkYzdi)",16687,23,,kommersant
107823,2026-05-22T11:55:28+00:00,"**Регионам не передадут новых полномочий по администрированию нарушений правил дорожного движения без участия ГИБДД. **Госдума [отклоняет](https://www.kommersant.ru/doc/8683603?tg) соответствующий проект.

Законопроект, предусматривающий возможность передачи московским властям прав по самостоятельному администрированию некоторых нарушений ПДД, включая превышение скорости и проезд на красный свет, правительство предложило еще в 2015 году. В первом чтении документ приняли в декабре 2017-го. Планировалось, что ко второму чтению полномочия передадут еще 30 регионам.

Однако в течение девяти лет проект находился без движения, каких-либо новостей о его доработке из Госдумы не поступало. Сейчас депутаты решили, что документ «потерял актуальность». Правительство с этой позицией согласилось и законопроект отзывает.

▪ [Подписывайтесь на «Ъ» в MAX |](https://max.ru/kommersant) [в Telegram](https://t.me/+bPtk49gFbCBkYzdi)",16893,19,,kommersant
107822,2026-05-22T11:54:01+00:00,"**Предварительно, 18 детей могут находиться под завалами общежития в Старобельске в ЛНР, **сообщила уполномоченный по правам ребенка при президенте РФ Мария Львова-Белова.

По уточненным данным, ранения различной степени тяжести получили 39 человек. Девять человек доставлены в больницы, состояние здоровья троих оценивается как тяжелое, добавила она.

▪ [Подписывайтесь на «Ъ» в MAX ](https://max.ru/kommersant)| [в Telegram](https://t.me/+bPtk49gFbCBkYzdi)",18101,52,,kommersant
107821,2026-05-22T11:27:21+00:00,"**ЦБ обсуждает с Минцифры включение всех банков в «белые списки», **заявила председатель Банка России Эльвира Набиуллина.

Она также добавила, что Минцифры и операторы связи проработали технические решения для работы банкоматов и платежных терминалов без интернета.

▪ [Подписывайтесь на «Ъ» в MAX |](https://max.ru/kommersant) [в Telegram](https://t.me/+bPtk49gFbCBkYzdi)",17463,57,,kommersant
107820,2026-05-22T11:14:29+00:00,"**🗞****🗞****🗞****🗞**** Число гостиничных бронирований на время ПМЭФ **[**сократилось**](https://www.kommersant.ru/doc/8675272?tg)** за год на 20–30%. **

Из-за стремления оптимизировать командировочные бюджеты компании сокращают число делегатов и срок их пребывания на форуме. Согласно Continent Express, спрос на ПМЭФ в этом году сократился со стороны телекоммуникационных компаний, банков и добывающих производств. 

Отельерам, в свою очередь, из-за ограниченного спроса не удалось существенно поднять стоимость размещения. По данным Travelline, средняя стоимость проданной ночи в отелях Санкт-Петербурга на период ПМЭФ составила 12,3 тыс. руб., прибавив год к году только 3,3%.

#Ъузнал",17620,66,,kommersant
107819,2026-05-22T11:05:15+00:00,"**Гонка военно-морских вооружений началась в мире, значимость морской силы будет расти в ходе переформатирования мировой архитектуры,** заявил помощник президента России, председатель Морской коллегии РФ Николай Патрушев.

Он также отметил, что морские блокады и даже откровенное пиратство снова становятся инструментами конкурентной борьбы на море.

▪ [Подписывайтесь на «Ъ» в MAX |](https://max.ru/kommersant) [в Telegram](https://t.me/+bPtk49gFbCBkYzdi)",16933,38,,kommersant
107818,2026-05-22T10:47:22+00:00,"**Проект соглашения США и Ирана предусматривает прекращение сторонами военных операций «на всех фронтах». **Пункты нового возможного соглашения опубликовали Al Hadath и Al Arabiya. Среди них:

🔵 Снятие американских санкций в обмен на выполнение Тегераном ряда условий.

🔵 Создание совместного механизма для разрешения конфликтов в будущем.

🔵 Прекращение атак на инфраструктуру и информационной войны.

🔵 Уважение суверенитета, территориальной целостности и невмешательство во внутренние дела.

🔵 Обеспечение свободы судоходства в Персидском и Оманском заливах, а также Ормузском проливе.

Ранее госсекретарь США Марко Рубио заявил, что американская администрация фиксирует небольшой прогресс на переговорах по ситуации вокруг Ирана.

▪ [Подписывайтесь на «Ъ» в MAX |](https://max.ru/kommersant) [в Telegram](https://t.me/+bPtk49gFbCBkYzdi)",16742,21,,kommersant
107817,2026-05-22T10:19:26+00:00,"По данным Мосстата, чаще всего жители столичного региона находили новое место за срок от одного до трех месяцев. Так было почти в 40% случаев. При этом более 10% соискателей искали работу от шести до девяти месяцев, а почти каждый десятый — год и дольше.

💬 **Денис Никулин**, __управляющий партнер компании Profistaff__: 
«Если топ-менеджер ищет себе новое место, поиск может занять и год, и полтора. А специалисты рабочих профессий обычно находят место за месяц-полтора. Но сейчас сроки поиска работы в целом увеличиваются, поэтому пять месяцев — далеко не предел. Причина в замедлении экономики: компании сокращают инвестиции, выпускают меньше продукции и услуг, а значит, и потребность в сотрудниках снижается».

💬 **Татьяна Баскина**,__ замгендиректора по работе с профессиональным сообществом ANCOR:__ 
«Средний срок закрытия профессиональной вакансии через кадровое агентство сейчас составляет около 80 дней. Мы считаем этот срок с момента открытия вакансии до выхода найденного кандидата на работу. Но важно понимать: работу меняют не только безработные — многие ищут новое место, продолжая работать на старом. Поэтому сроки могут сильно отличаться в зависимости от ситуации и от того, с какого момента вести отсчет».

🗣 [Слушать эфир](https://t.me/kfm936?livestream) l [Написать в чат-бот](https://t.me/kmfmbot) l [Подписаться](https://t.me/kfm936)",16402,86,,kommersant
107816,2026-05-22T10:00:12+00:00,"**За последние шесть лет Россию посетили 27 млн медицинских туристов,** [сообщили «Ъ» в Минздраве.](https://www.kommersant.ru/doc/8674961?tg) Ежегодно число медицинских туристов увеличивается более чем на 20%. 

Основная часть приезжих — граждане стран СНГ, однако есть и пациенты из Турции, Индии и Китая. В топе востребованных направлений — онкология, кардиология, нейрохирургия и ортопедия. 

Эксперты объясняют привлекательность российских клиник «уникальным сочетанием» цены и качества. Сдерживающими же факторами для развития этого вида туризма остаются сложности с трансграничными платежами и недостаточная осведомленность мирового рынка о возможностях российской медицины.

▪ [Подписывайтесь на «Ъ» в MAX |](https://max.ru/kommersant) [в Telegram](https://t.me/+bPtk49gFbCBkYzdi)",17393,47,,kommersant
107815,2026-05-22T09:28:29+00:00,"**В Россельхознадзоре обнаружили проблемы с поставками из Армении не только цветов, но и овощей и фруктов. **Об этом рассказал руководитель ведомства Сергей Данкверт.

«Мы были вынуждены договориться и послали своих инспекторов. Еще неделю будут работать, по результатам этой инспекции будем принимать решение. Вопрос в том, что у нас проблемы — это не только цветы, у нас и с овощами, и с фруктами»,— отметил господин Данкверт в эфире ИС «Вести».

Напомним, с 22 мая Россельхознадзор ввел ограничения на ввоз цветов из Армении. В свою очередь премьер-министр Армении Никол Пашинян оценил ситуацию как «рабочую» и обычную практику внутри Евразийского экономического союза (ЕАЭС). По его словам, в отношении товаров, не соответствующих фитосанитарным требованиям, всегда будут вводить подобные ограничения.

▪ [Подписывайтесь на «Ъ» в MAX |](https://max.ru/kommersant) [в Telegram](https://t.me/+bPtk49gFbCBkYzdi)",19077,114,,kommersant
107814,2026-05-22T09:21:24+00:00,"Дмитрий Песков назвал удар ВСУ по Старобельскому колледжу в ЛНР чудовищным преступлением.

«Ответственные за это преступление должны понести наказание. В целом наказание, конечно же, должен понести киевский режим», — сказал он.

Представитель Кремля отметил, что сейчас самое главное — принять меры по разбору завалов и оказать помощь тем, кто еще остается под ними.

▪ [Подписывайтесь на «Ъ» в MAX |](https://max.ru/kommersant) [в Telegram](https://t.me/+bPtk49gFbCBkYzdi)",18307,24,,kommersant
107813,2026-05-22T09:08:29+00:00,"**Жители провинции Альберта выскажутся по поводу референдума о выходе из Канады.** Как [сообщила ](https://www.kommersant.ru/doc/8675306?tg)премьер-министр канадской провинции Даниэль Смит, на голосовании, которое пройдет 19 октября, жителям провинции будет задан вопрос, хотят ли они, чтобы Альберта оставалась в составе Канады, или выступают за подготовку референдума о ее независимости.
 
«Пришло время выяснить волю жителей Альберты по этому вопросу и двигаться дальше»,— заявила она.

Планы отделения богатой нефтью Альберты от Канады давно продвигает крайне правая общественная организация «Проект процветания Альберты». Она неоднократно высказывалась за проведение референдума о независимости и собрала 300 тыс. подписей в поддержку этой инициативы. В январе сообщалось, что руководство «Проекта процветания Альберты» встречалось с представителями Госдепартамента США.

По данным опроса Ipsos, проведенного в начале года, за отделение от Канады выступает лишь треть жителей Альберты.

▪ [Подписывайтесь на «Ъ» в MAX |](https://max.ru/kommersant) [в Telegram](https://t.me/+bPtk49gFbCBkYzdi)",19803,54,,kommersant
107811,2026-05-22T08:27:52+00:00,"❗️ **На нефтеперерабатывающем заводе венгерской компании MOL Energy в Тисауйвароше произошел взрыв. **Погиб один человек, еще несколько человек тяжело ранены, сообщил премьер Венгрии Петер Мадьяр.

__📷____ Peter Magyar/ Facebook (принадлежит экстремистской и запрещенной в РФ Meta)__

@kommersant",23197,42,,kommersant
107810,2026-05-22T08:12:24+00:00,"По поручению министра обороны России Андрея Белоусова **с 1 июля в армии внедрят новый порядок управления материальными средствами боевой подготовки. **

Методы «бережливого управления» позволят ускорить строительство центров по войсковой подготовке и сократить стоимость обучения в три раза, сообщается в пресс-релизе Минобороны, [поступившем в «Ъ».](https://www.kommersant.ru/doc/8674587?tg)

В документообороте исключили промежуточные звенья и стандартизировали процессы оборудования учебных полигонов и центров подготовки военнослужащих. 

Продолжительность списания имущества боевой подготовки уменьшена в шесть раз. Количество должностных лиц, задействованных в процедурах, снижено на 75%.

▪ [Подписывайтесь на «Ъ» в MAX |](https://max.ru/kommersant) [в Telegram](https://t.me/+bPtk49gFbCBkYzdi)",20653,95,,kommersant
107809,2026-05-22T08:06:36+00:00,"❗️ **Четыре человека, по предварительным данным, погибли в результате удара ВСУ по общежитию Старобельского колледжа в ЛНР, **сообщила уполномоченный по правам человека в РФ Яна Лантратова.

По данным Минздрава ЛНР, пострадали 40 человек, из них 14 подростков обратились за медицинской помощью, пишет «РИА Новости».

**UPD. **Позднее глава ЛНР Леонид Пасечник сообщил, что в результате атаки ВСУ пострадали 39 человек.

@kommersant",18942,28,,kommersant
107808,2026-05-22T07:46:12+00:00,"**Российский рынок дистрибуции электроники и бытовой техники переживает один из самых серьезных периодов турбулентности за последние годы. **По оценкам самих участников рынка, его падение в 2025 году в деньгах составило от 20% до 35% в зависимости от сегмента.

🔵 Дистрибуторы одновременно столкнулись с ростом издержек — на логистику, страхование, комплаенс и кредитование — и снижением спроса со стороны розницы и корпоративных клиентов. 

🔵 Отдельным фактором участники рынка называют изменение конкурентной среды: заметное влияние оказала экспансия маркетплейсов, которые усилили ценовое давление и перераспределили спрос.

🔵 Кроме прямого снижения объемов рынка и давления со стороны маркетплейсов заметно снижается маржинальность. Наиболее уязвимыми остаются сегменты, зависящие от кредитного спроса,— смартфоны и ноутбуки. 

👉 __Как падение спроса, удорожание комплектующих и маркетплейсы меняют рынок дистрибуции электроники, __[__разбирался «Ъ». __](https://www.kommersant.ru/doc/8674866?tg)

[📡 ](https://t.me/+SkQgmXpzMqFjZjli)[Тренды телекома. Коротко и по делу. Подписывайтесь.](https://t.me/+u7AJNT_CTAwzNTgy)",18546,55,,kommersant
107807,2026-05-22T07:36:39+00:00,"**Армения никогда не была и не будет «вовлечена в антироссийские действия»,** заявил премьер-министр республики Никол Пашинян. По его словам, и в России, и в Армении «есть много людей, которые желают кризиса» в отношениях между двумя странами.

Господин Пашинян заверил, что Ереван не намерен «спорить или враждовать» с Москвой, потому что «это несерьезно». 

«Россия — сверхдержава, к которой надо относиться с уважением. И к интересам РФ тоже надо относиться с уважением»,—[ сказал премьер на брифинге.](https://www.kommersant.ru/doc/8675176?tg)

При этом армянский премьер отметил, что в вопросе Украины «Армения — не союзник России». 

«А еще говорят, почему президент Украины приехал в Армению. Извините, а почему он не должен был приезжать. А когда Армения была в конфликте с Азербайджаном, президент Азербайджана не посещал Россию? Или президент России не посещал Азербайджан?» — добавил Никол Пашинян.

▪ [Подписывайтесь на «Ъ» в MAX |](https://max.ru/kommersant) [в Telegram](https://t.me/+bPtk49gFbCBkYzdi)",17659,82,,kommersant
107806,2026-05-22T07:23:29+00:00,"**ФСБ сообщила о задержании в Новороссийске россиянина, который по заданию украинских спецслужб планировал подрыв на объекте энергетической инфраструктуры региона. **Возбуждено уголовное дело.

По данным ведомства, россиянина завербовал через мессенджер WhatsApp сотрудник СБУ. Мужчину задержали, когда он шел к тайнику, чтобы взять оттуда взрывчатку. 

Из схрона изъяты готовое к применению СВУ фугасного действия с массой взрывчатого вещества 2,5 кг и телефон, с которого подозреваемый вел переписку с куратором.

▪ [Подписывайтесь на «Ъ» в MAX |](https://max.ru/kommersant) [в Telegram](https://t.me/+bPtk49gFbCBkYzdi)",18858,66,,kommersant
107805,2026-05-22T07:20:01+00:00,"**Уголовное дело о теракте возбуждено после атаки ВСУ на общежитие в Старобельске в ЛНР, **сообщили в СКР.

По данным ведомства, ВСУ с помощью четырех беспилотников атаковали учебный корпус и общежитие Старобельского колледжа ФГБОУ ВО «Луганского государственного педагогического университета». В момент удара в здании находились 86 учащихся и один сотрудник. Оно обрушилось до второго этажа.

▪ [Подписывайтесь на «Ъ» в MAX |](https://max.ru/kommersant) [в Telegram](https://t.me/+bPtk49gFbCBkYzdi)",18714,15,,kommersant
107804,2026-05-22T07:10:41+00:00,"❗️ **Тело одного погибшего достали из-под завалов обрушившегося общежития в Старобельске в ЛНР,** сообщили в МЧС.

__Что известно о ЧП — __[__в подборке «Ъ».__](https://www.kommersant.ru/doc/8675200?tg)

@kommersant",18830,15,,kommersant
107803,2026-05-22T06:36:32+00:00,"Три человека спасены из-под завалов общежития Старобельского колледжа в ЛНР, сообщили в МЧС. Они переданы бригаде скорой медицинской помощи. Спасатели продолжают работать на месте ЧП. Всего в момент удара ВСУ в здании находились 86 детей.

__▶️____ ГУ МЧС России по ЛНР__

▪ [Подписывайтесь на «Ъ» в MAX |](https://max.ru/kommersant) [в Telegram](https://t.me/+bPtk49gFbCBkYzdi)",28259,63,,kommersant
107802,2026-05-22T06:27:53+00:00,"🗞🗞🗞🗞 **Ужесточение законодательства, рост капитальных затрат и налоговой нагрузки привели к ухудшению финансового положения большинства таксопарков. **

Согласно результатам опроса, проведенного в мае 2026 года Национальным советом такси (есть у «Ъ») среди 100 компаний, 81% участников рынка [заявили о снижении выручки,](https://www.kommersant.ru/doc/8674260?tg) 90% — о падении чистой прибыли, 60% — о росте кредиторской задолженности, 69% — об увеличении налоговой нагрузки.  

«Сегодня таксомоторная отрасль работает в худших условиях за всю свою историю — с подобным мы не сталкивались даже в период пандемии»,— уверяет руководитель таксопарка NEXT Евгений Ермолаев.

Как отмечают участники отрасли, расходы таксопарков растут быстрее, чем платежеспособность пассажиров. Кроме того, рынок испытывает дефицит водителей.

Эксперты добавляют, что часть перевозчиков предпочитает работать «в тени»: пассажиры начинают договариваться о поездках напрямую с водителями через знакомых, соседей, локальные группы и мессенджеры.

#Ъузнал",18664,57,,kommersant
107795,2026-05-22T06:08:03+00:00,"❗️ **В результате атаки ВСУ по зданию учебного корпуса и общежитию Старобельского профессионального колледжа в ЛНР пострадали 35 человек. **Как сообщил глава региона Леонид Пасечник, в момент удара в здании находились 86 детей от 14 до 18 лет.

По словам господина Пасечника, спасатели продолжают разбирать завалы. Под ними могут находиться дети, двоих уже удалось вытащить и передать врачам. На месте ЧП работают экстренные службы и сотрудники СКР.

При ударе ВСУ в Старобельске также повреждены административные здания, магазины и частные дома. В одном из них ранен мужчина, ему оказали медицинскую помощь, рассказал глава ЛНР.

__📷____ max/glava_lnr_info__

▪ [Подписывайтесь на «Ъ» в MAX |](https://max.ru/kommersant) [в Telegram](https://t.me/+bPtk49gFbCBkYzdi)",17179,109,,kommersant
107794,2026-05-22T05:59:00+00:00,"📰 **Эксклюзивные материалы свежего номера газеты «Коммерсантъ»:**

🔵 Подавляющее число таксопарков [столкнулось](https://www.kommersant.ru/doc/8674260?tg) со снижением выручки и прибыли.

🔵 «Опора России» [обратилась к президенту](https://www.kommersant.ru/doc/8674941?tg) Владимиру Путину с просьбой исключить из законопроекта о лицензировании торговли табаком поправку о праве регионов запрещать продажу электронных систем доставки никотина и жидкостей для них.

🔵 «Т Плюс»[ просит](https://www.kommersant.ru/doc/8674981?tg) льготы для инновационных турбин «Силовых машин».

🔵 Инвалида-колясочника [объявили](https://www.kommersant.ru/doc/8674969?tg) в розыск за хищение 1 млрд руб. на протезах.

🔵 Инициатива властей [ввести](https://www.kommersant.ru/doc/8674924?tg) плату за международный трафик для абонентов мобильной связи отложена до осени.

🔵 Обвиняемого в коррупции экс-мэра Белгорода Антона Иванова, которому в начале года отменили десятилетний приговор за взятки, [освободили](https://www.kommersant.ru/doc/8674890?tg) из СИЗО. 

🔵 Посол Ирана в РФ Казем Джалали [рассказал «Ъ»](https://www.kommersant.ru/doc/8674448?tg) о том, как Иран расценивает нынешнее перемирие и почему переговоры идут так тяжело.

🔵 Суд в Белгороде [вынес](https://www.kommersant.ru/doc/8674631?tg) первые приговоры по делу о хищениях бюджетных денег при возведении оборонительных сооружений на границе с Украиной.

__👉____ Читайте другие эксклюзивные заметки __[__на сайте «Ъ».__](https://www.kommersant.ru/daily/166376?tg)__ __

#Ъузнал",79691,61,,kommersant
107793,2026-05-22T05:23:11+00:00,"🗞🗞🗞🗞 **Экс-министр культуры РФ, ректор Московской государственной консерватории Александр Соколов покинет пост в августе 2026 года. **Об этом [«Ъ» сообщил источник,](https://www.kommersant.ru/doc/8674769?tg) близкий к ученому совету вуза, и подтвердили два источника «Ъ» в окружении господина Соколова. 

Вместо него пост ректора, вероятно, займет профессор вуза Александр Соловьев, добавил один из источников. Сам господин Соколов на момент публикации ситуацию не прокомментировал.

#Ъузнал",16791,48,,kommersant
107792,2026-05-22T05:16:36+00:00,"**В Челябинской области произошло ДТП с участием пермской баскетбольной команды «Бионорд Про». **Погиб водитель автобуса, сообщил губернатор Пермского края Дмитрий Махонин. Возбуждено уголовное дело.

Баскетболисты возвращались с соревнований по баскетболу 3х3, когда попали в аварию. Один из сопровождающих команды был прооперирован. Сами игроки госпитализированы с ушибами и легкими травмами, уточнил господин Махонин.

«Ребята уже в гостинице, сегодня на поезде выезжают в Пермь. Министр здравоохранения Пермского края Анастасия Крутень находится на связи с коллегами из Челябинской области»,— добавил губернатор.

По данным челябинского СКР, авария случилась на 1740-м км трассы М-5 «Урал» вблизи города Златоуста. Водитель микроавтобуса Mercedes, выехав на встречную полосу, столкнулся с «Газелью». СКР возбудил уголовное дело об оказании услуг, не отвечающих требованиям безопасности жизни или здоровья граждан (ч. 1 ст. 238 УК).

__📷____ Челябинский Следком__

▪ [Подписывайтесь на «Ъ» в MAX |](https://max.ru/kommersant) [в Telegram](https://t.me/+bPtk49gFbCBkYzdi)",16020,24,,kommersant
107791,2026-05-22T05:10:42+00:00,"🗞🗞🗞🗞 **Бизнес просит президента отказаться от запрета вейпов на уровне регионов: **«Опора России» обратилась к Владимиру Путину с просьбой поручить Госдуме и правительству исключить из законопроекта о лицензировании торговли табаком соответствующую поправку. Об этом [говорится в письме организации](https://www.kommersant.ru/doc/8674941?tg) от 20 мая (копия есть у «Ъ»). 

В Минфине «Ъ» заявили, что мера прорабатывается правительством в качестве пятилетнего эксперимента. Она направлена на защиту здоровья населения.

«Опора России» считает, что право регионов самостоятельно запрещать реализацию электронных систем доставки никотина приведет к дроблению единого экономического пространства, усложнит условия работы для бизнеса, а потребители продолжат покупать вейпы на теневом рынке.

Собеседник «Ъ» в правительстве говорит, что эта поправка изначально появилась как некий компромисс. Источник «Ъ» объясняет, что эта мера — эксперимент: результаты ограничений проанализируют. 

Регионы, впрочем, придерживаются иной логики: они уже готовы штрафовать граждан не только за продажу, но и за хранение никотиносодержащей продукции.

#Ъузнал",105813,146,,kommersant
107790,2026-05-22T04:39:29+00:00,"**Россия нарастила поставки угля в Южную Корею в апреле на 128,5% год к году. **Это около 25% от всех поставок угля в страну в этом месяце (9,17 млн тонн) и второе место после Австралии, говорится в обзоре аналитиков BigMint.

Рост экспорта РФ в Южную Корею [объясняется](https://www.kommersant.ru/doc/8674980?tg) ценовым преимуществом российского угля перед австралийским. По данным аналитиков, в апреле российский уголь поставлялся в Южную Корею в среднем по $106,96 за тонну, австралийский — по $151,88 за тонну, таким образом, разница составила почти $45 за тонну.

Поддерживающим фактором стало и короткое логистическое плечо. Южная Корея стремится пополнить запасы перед летним сезоном, закупки также стимулирует кризис на Ближнем Востоке.

▪ [Подписывайтесь на «Ъ» в MAX |](https://max.ru/kommersant) [в Telegram](https://t.me/+bPtk49gFbCBkYzdi)",17907,41,,kommersant
107789,2026-05-22T04:18:44+00:00,"Силы ПВО сбили за ночь **217 беспилотников** над регионами России, сообщили в Минобороны.

▪ [Подписывайтесь на «Ъ» в MAX |](https://max.ru/kommersant) [в Telegram](https://t.me/+bPtk49gFbCBkYzdi)",17165,16,,kommersant
107788,2026-05-22T04:00:17+00:00,"**⛅️****️ Главные новости к утру:**

🔸 Россия и США настроены продолжать работу по вопросу Украины, [сообщил](https://www.kommersant.ru/doc/8675073?tg) замглавы МИД Сергей Рябков.

🔸 Ночью вблизи Москвы [сбили](https://www.kommersant.ru/doc/8675085?tg) беспилотники.

🔸 США [направят](https://www.kommersant.ru/doc/8675053?tg) в Польшу дополнительные 5 тысяч солдат.

🔸 В Херсонской и Запорожской областях [произошли](https://www.kommersant.ru/doc/8675083?tg) массовые отключения электричества.

🔸 «Локомотив» второй год подряд [завоевал](https://www.kommersant.ru/doc/8675035?tg) Кубок Гагарина.

#главноекутру",19069,14,,kommersant
107787,2026-05-22T03:22:51+00:00,"**Утверждение резолюции о выходе США из войны с Ираном откладывается.**

Принятие решения по резолюции, обязывающей президента США Дональда Трампа завершить войну с Ираном, перенесено на июнь, после того как лидеры Республиканской партии в Палате представителей [отказались](https://www.kommersant.ru/doc/8675088?tg) проводить голосование по этому вопросу.

✔️ [Подписывайтесь на «Ъ» в MAX](https://max.ru/kommersant) |[ в Telegram](https://t.me/+bPtk49gFbCBkYzdi)",18813,13,,kommersant
107786,2026-05-22T02:28:33+00:00,"**ПМЭФ впервые за несколько лет посетит официальный представитель США.** Глава федеральной комиссии США по изящным искусствам Родни Мимс Кук [подтвердил](https://www.kommersant.ru/doc/8675086?tg), что планирует присутствовать в том числе на пленарном заседании, где должен выступить Владимир Путин.

Господин Кук станет первым за несколько лет представителем администрации президента США на форуме. ПМЭФ пройдет в Санкт-Петербурге с 3 по 6 июня.

✔️ [Подписывайтесь на «Ъ» в MAX](https://max.ru/kommersant) |[ в Telegram](https://t.me/+bPtk49gFbCBkYzdi)",19478,89,,kommersant
107785,2026-05-22T01:31:10+00:00,"**С началом высокого строительного сезона конъюнктура на цементном рынке начала улучшаться.** В апреле объем потребления [сократился](https://www.kommersant.ru/doc/8674940?tg) на 9,6% год к году. Это в два-три раза меньше падения, которое рынок показывал в январе—марте.

Выравниваться ситуация начала за счет госзаказа, в том числе в рамках программ реновации. Но по итогам всего года потребление цемента в России **все равно может стать минимальным с 2010 года**.

✔️ [Подписывайтесь на «Ъ» в MAX](https://max.ru/kommersant) |[ в Telegram](https://t.me/+bPtk49gFbCBkYzdi)",18526,42,,kommersant
107784,2026-05-22T00:48:34+00:00,"**Полноценный диалог между Россией и США необходим для существенной нормализации ситуации в мире**, считает замглавы МИД Сергей Рябков.

Как заявил господин Рябков в интервью «Ведомостям», президент США Дональд Трамп вносит личный вклад в нормализацию отношений Москвы и Вашингтона. По его словам, **процесс идет непросто из-за «токсичного наследия» **прошлой администрации и «агрессивной линии нынешних властей» по продвижению собственных интересов на мировой арене.

«Однако вести соответствующую работу нам с ними необходимо, поскольку на наших странах — как крупнейших ядерных державах — лежит особая ответственность за судьбы мира»,— добавил Сергей Рябков.

Заместитель министра также сообщил, что Москва не драматизирует из-за долгого
отсутствия нового посла США в России. По его словам, этот вопрос относится к делам внутренней бюрократии Соединенных Штатов.

✔️ [Подписывайтесь на «Ъ» в MAX](https://max.ru/kommersant) |[ в Telegram](https://t.me/+bPtk49gFbCBkYzdi)",17319,20,,kommersant
107783,2026-05-22T00:02:03+00:00,"**Новый глава ФРС Кевин Уорш будет приведен к присяге 22 мая в Белом доме. Присягу примет Дональд Трамп.** В последние десятилетия такие церемонии проходили в здании регулятора и без участия президента. Изменение традиций аналитики считают символичным: оно подчеркивает личную заинтересованность Дональда Трампа в смене руководства ФРС.

В ближайшее время Кевин Уорш, вероятно, в своих высказываниях будет сохранять осторожность: ему предстоит доказать, что смена руководства не означает утрату самостоятельности регулятора. Несмотря на внешнюю лояльность Дональду Трампу, **по своим взглядам он скорее относится к «ястребам»**.

👉 __Подробнее — __[__в материале «Ъ»__](https://www.kommersant.ru/doc/8674978?tg)__.__

✔️ [Подписывайтесь на «Ъ» в MAX](https://max.ru/kommersant) |[ в Telegram](https://t.me/+bPtk49gFbCBkYzdi)",17270,13,,kommersant
107782,2026-05-21T23:17:41+00:00,"🗞🗞🗞🗞 **«Т Плюс» просит льготы для инновационных турбин «Силовых машин». **Модернизация Пермской ТЭЦ-14, которая включает установку головного образца инновационной газовой турбины ГТЭ-65.1 «Силовых машин», может не уложиться в параметры проекта, утвержденного правительством,[ опасаются](https://www.kommersant.ru/doc/8674981?tg) в «Т Плюс».

Компания предлагает разрешить учитывать более высокие операционные расходы в цене мощности и снизить потенциальные риски штрафов. Компенсация рисков в цене мощности для таких проектов обоснованна, считают аналитики, но надо определить критерии для инновационного оборудования.

#Ъузнал",17735,33,,kommersant
107781,2026-05-21T22:43:35+00:00,"**Москва готова к продолжению прагматичного сотрудничества с Будапештом в сфере энергетики**, [сообщил](https://www.kommersant.ru/doc/8675071?tg) посол России в Венгрии Евгений Станиславов. При этом он указал, что «не все зависит от нас». 

Посол отметил, что дальнейшие отношения России и Венгрии во многом будут зависеть от позиции Венгрии по вопросам поставок российской нефти и газа. Первые контакты российских дипломатов с членами нового правительства Венгрии имели «деловой и обнадеживающий характер», уточнил он.

✔️ [Подписывайтесь на «Ъ» в MAX](https://max.ru/kommersant) |[ в Telegram](https://t.me/+bPtk49gFbCBkYzdi)",17877,10,,kommersant
107780,2026-05-21T22:06:16+00:00,"**📰**** Правительство решило, как будет сокращаться смертность на дорогах до 2036 года.** Строительство новых дорог, использование беспилотников для контроля движения, ужесточение наказания за езду без прав и в нетрезвом виде, усиление проверок пользователей каршеринга — эти и другие меры [предлагаются](https://www.kommersant.ru/doc/8674873?tg) в новом федеральном плане.

**Отдельные пункты посвящены праворульным автомобилям.** ГИБДД собирается провести «комплексное исследование рисков» участия этого транспорта в движении.

Помимо этого, будет организован централизованный учет сведений об автомобилях с иностранными номерами.

**Сколько конкретно денег потребуется на реализацию плана, в распоряжении не упомянули.**

✔️ [Подписывайтесь на «Ъ» в MAX](https://max.ru/kommersant) |[ в Telegram](https://t.me/+bPtk49gFbCBkYzdi)",19385,34,,kommersant
107779,2026-05-21T21:20:19+00:00,"**США направят в Польшу дополнительные 5 тысяч солдат**, объявил Дональд Трамп. Накануне Пентагон сообщил, что Соединенные Штаты переносят отправку войск в Польшу.

💬 «Учитывая мои прекрасные отношения с президентом Польши Каролем Навроцким, мне приятно сообщить, что США направят дополнительно 5 тыс. военнослужащих в Польшу»,— написал господин Трамп в соцсети Truth Social.

✔️ [Подписывайтесь на «Ъ» в MAX](https://max.ru/kommersant) |[ в Telegram](https://t.me/+bPtk49gFbCBkYzdi)",19033,31,,kommersant
107778,2026-05-21T20:55:18+00:00,"**«Народная партия тараканов» Индии обогнала в соцсетях правящую партию**, за пять дней набрав более 18 млн подписчиков в Instagram (принадлежит Meta, которая признана в РФ экстремистской и запрещена). У правящей партии страны, Индийской народной партии, в два раза меньше — 9 млн.

«Народная партия тараканов» была сформирована как реакция на высказывание председателя Верховного суда Индии Сурьи Канта. Тот сравнил безработную молодежь с тараканами. У партии также есть манифест, первым пунктом «тараканы» [предлагают](https://www.kommersant.ru/doc/8675045) отменить выплаты для индийских судей после отставки.

✔️ [Подписывайтесь на «Ъ» в MAX](https://max.ru/kommersant) |[ в Telegram](https://t.me/+bPtk49gFbCBkYzdi)",20932,190,,kommersant
107777,2026-05-21T20:16:42+00:00,"«Да, мало осталось людей, которые понимают, что такое хит».

21 мая президент России Владимир Путин отметил государственными наградами большое количество заслуженных людей, среди которых специальный корреспондент «Ъ» **Андрей Колесников** [отметил](https://www.kommersant.ru/doc/8675034?tg) Виталия Игнатенко, Ивана Дедова, Юрия Антонова и, конечно, Надежду Бабкину, с которыми и обсудил сложившуюся ситуацию.

✔️ [Подписывайтесь на «Ъ» в MAX](https://max.ru/kommersant) |[ в Telegram](https://t.me/+bPtk49gFbCBkYzdi)",20203,41,,kommersant
107776,2026-05-21T19:58:39+00:00,"Александр Лукашенко** возглавил рейтинг доверия россиян** к руководителям постсоветских государств, следует из результатов опроса Аналитического центра ВЦИОМ. Президенту Белоруссии доверяют 75% респондентов.

Второе место с большим отрывом занимает глава Казахстана Касым-Жомарт Токаев (25%), за которым в рейтинге расположились президент Узбекистана Шавкат Мирзиёев (8%) и премьер Армении Никол Пашинян (7%). 

Максимальную симпатию к белорусскому лидеру проявляют россияне старшего возраста: в «поколении оттепели» (родившиеся до 1947 года) ему доверяют 93% опрошенных (против 60% среди тех, кто родился в 1992–2000 годах). Зато молодежь из «поколения цифры» (родившиеся в 2001-м и позднее) больше уважают Никола Пашиняна (16% против 1% у пожилых).

▪ [Подписывайтесь на «Ъ» в MAX ](https://max.ru/kommersant)| [в Telegram](https://t.me/+bPtk49gFbCBkYzdi)",21494,109,,kommersant
107775,2026-05-21T19:11:09+00:00,"🏆 **Ярославский хоккейный клуб «Локомотив» завоевал Кубок Гагарина,** обыграв казанский «Ак Барс» в финальной серии плей-офф КХЛ.

▪ [Подписывайтесь на «Ъ» в MAX ](https://max.ru/kommersant)| [в Telegram](https://t.me/+bPtk49gFbCBkYzdi)",19785,73,,kommersant
107774,2026-05-21T19:02:13+00:00,"🌒 **Главные новости к вечеру **

▪️ США [намерены](https://www.kommersant.ru/doc/8675003?tg) ввести компенсационные пошлины на импорт палладия из России.

▪️ Верховный лидер Ирана Моджтаба Хаменеи запретил вывоз обогащенного урана из Ирана, [сообщает](https://www.kommersant.ru/doc/8674857?tg) Reuters.

▪️ Иран и Оман [ведут](https://www.kommersant.ru/doc/8674993?tg) переговоры о постоянной системе оплаты прохода через Ормуз. 

▪️ Власти Афганистана [одобрили](https://www.kommersant.ru/doc/8674709?tg) вступление в брак девочек с девяти лет.

▪️ Бывшего губернатора Белгородской области Вячеслава Гладкова [назначат](https://www.kommersant.ru/doc/8674874?tg) послом в Абхазии.

▪️ МИД России [осудил](https://www.kommersant.ru/doc/8674968?tg) давление США на Кубу в связи с преследованием Рауля Кастро.

▪️ Инвалида-колясочника [объявили](https://www.kommersant.ru/doc/8674969?tg) в розыск за хищение 1 млрд руб. на протезах.

#главноеквечеру",84181,89,,kommersant
107773,2026-05-21T18:46:14+00:00,"Верховный суд 21 мая [вынес на обсуждение](https://www.kommersant.ru/doc/8674987?tg) пакет законопроектов, которые продолжают взятый председателем суда Игорем Красновым **курс на повышение эффективности российского правосудия. 
**
В числе главных предложений — **инициатива, усиливающая статус разъяснений высшей судебной инстанции. **Из предложенных поправок стало понятно, как именно **Верховный суд намерен добиваться единообразия судебной практики, **которое господин Краснов еще раньше обозначил как одну из наиболее приоритетных задач.

▪ [Подписывайтесь на «Ъ» в MAX ](https://max.ru/kommersant)| [в Telegram](https://t.me/+bPtk49gFbCBkYzdi)",20055,71,,kommersant
107772,2026-05-21T18:16:17+00:00,"💰 **Иран и Оман ведут переговоры о постоянной системе оплаты прохода через Ормуз**, рассказал Bloomberg посол Ирана во Франции Мохамад Амин-Нежад. 

«Иран и Оман должны задействовать все свои ресурсы как для обеспечения безопасности, так и для организации судоходства наиболее эффективным способом. Это повлечет за собой расходы и… те, кто хочет извлечь выгоду из этого судоходства, разумеется, тоже должны внести свою долю»,— приводит агентство слова посла.

Иран начал взимать плату за безопасный проход через пролив в марте этого года. Для этого было создано особое учреждение, которое и передает судоходным компаниям запросы на оплату. Как уточняет агентство, иногда счет за проход через пролив может достигать $2 млн. 23 апреля иранские власти отчитались о первых полученных средствах.

▪ [Подписывайтесь на «Ъ» в MAX ](https://max.ru/kommersant)| [в Telegram](https://t.me/+bPtk49gFbCBkYzdi)",19948,26,,kommersant
107771,2026-05-21T18:00:02+00:00,"Средства ПВО за пять часов сбили 101 беспилотник ВСУ над регионами России, сообщает Минобороны.

▪ [Подписывайтесь на «Ъ» в MAX ](https://max.ru/kommersant)| [в Telegram](https://t.me/+bPtk49gFbCBkYzdi)",19709,15,,kommersant
107770,2026-05-21T17:42:19+00:00,"🗞🗞🗞🗞 **Ущерб от махинаций с социальными выплатами **от** **уехавшего в Таиланд и объявленного в международный розыск инвалида-колясочника Алексея Кихаева [**может достигать**](https://www.kommersant.ru/doc/8674969?tg)** 1 млрд руб. **

По версии следствия, на протяжении нескольких лет инвалиды по липовым документам получали в органах соцзащиты компенсации за якобы приобретенные протезы, костыли, коляски и другие средства реабилитации.

#Ъузнал",28058,76,,kommersant
107769,2026-05-21T17:21:28+00:00,"**⛸ Гном Гномыч будет выступать за Азербайджан**. Об этом «РИА Новости» сообщил отец 13-летнего фигуриста Евгений Плющенко. Федерация фигурного катания на коньках России одобрила переход спортсмена под флаг другой страны. Кроме того, он получил спортивное гражданство Азербайджана на пять лет.

Александр Плющенко сможет представлять Баку на международных соревнованиях уже со следующего сезона, если получит документ от Международного союза конькобежцев.
**
****❓** __Как спортивное сообщество отреагировало на решение семьи Плющенко?__

💬 **Дмитрий Губерниев**, __спортивный комментатор: __
«За кого хочет, за того и выступает. Это личная жизнь Гном Гномыча и его родителей. Если он хочет выступать за Азербайджан, я стремление понимаю: гарантированно попытаться быть представленным на Олимпийских играх».
**
****💬**** Татьяна Тарасова**, __заслуженный тренер СССР по фигурному катанию:__
«Потеря ли это для российского фигурного катания? Не говорите ерунду. Какая это может быть потеря?»

🗣 [Слушать эфир](https://t.me/kfm936?livestream) l [Написать в чат-бот](https://t.me/kmfmbot) l [Подписаться](https://t.me/kfm936)",19797,200,,kommersant
107768,2026-05-21T16:51:30+00:00,"🗞🗞🗞🗞 Для большинства пользователей лимита в 15 ГБ международного трафика, вероятно, хватит — при условии, что** они не потребляют активно зарубежный видеоконтент, **отметил в [разговоре с «Ъ»](https://www.kommersant.ru/doc/8674924?tg) основатель платформы управления связью «Экомобайл» Игорь Жиленко. 

«Мера принесет операторам 15–30 млрд руб. валовой выручки в год по всей ""большой четверке"" — это 1–2% совокупной выручки, притом что передача данных уже дает 65–75% мобильной выручки»,— говорит партнер практики «Цифровая трансформация» компании Strategy Partners Сергей Кудряшов. 

Эта мера будет восприниматься абонентами как «налог на VPN», и негативная реакция абонентов пойдет не против операторов, а против государственных органов, добавляет господин Кудряшов.

Отличить VPN-трафик от обычного зашифрованного трафика затруднительно, поэтому под тарификацию, вероятно, **попадал бы весь трафик, направленный на зарубежные ресурсы**, объяснил «Ъ» директор по продуктам компании Vigo Антон Прокопенко. 

«Это означает, что пользователь мог начать платить за повседневные действия — например, поиск через Google или использование зарубежных сайтов и приложений». 

#Ъузнал",23914,148,,kommersant
107767,2026-05-21T16:20:31+00:00,"**Афганистан снизил возраст вступления в брак для девочек до девяти лет**, пишет газета The Times.

Газета ссылается на «Кодекс о судебном разделении супругов», в котором по-новому интерпретируется допустимый возраст вступления в брак для девочек: теперь он связывается с наступлением половой зрелости. 

Как отмечает издание, у девочек пубертатный период может начинаться в восемь лет. А в соответствии с местными традициями шариата минимально допустимый возраст вступления в брак — девять лет.

▪ [Подписывайтесь на «Ъ» в MAX ](https://max.ru/kommersant)| [в Telegram](https://t.me/+bPtk49gFbCBkYzdi)",21539,440,,kommersant
107766,2026-05-21T16:10:48+00:00,"🗞🗞🗞🗞 **Обвиняемого в коррупции экс-мэра Белгорода Антона Иванова**, которому в начале года отменили десятилетний приговор за взятки, [**освободили**](https://www.kommersant.ru/doc/8674890?tg)** из СИЗО. **

Бывшего чиновника после трех лет в следственном изоляторе отпустили под домашний арест. Параллельно продолжается рассмотрение его уголовного дела о получении взяток почти на 4 млн руб. и о злоупотреблении полномочиями. Вину он отрицает.

#Ъузнал",20152,42,,kommersant
107765,2026-05-21T15:48:38+00:00,"Предприниматели ищут новые точки опоры: чтобы снизить зависимость от маркетплейсов и крупных экосистем, запускают собственные сайты, осваивают новые рекламные платформы и повышают эффективность с помощью ИИ.
** **
«Все говорят о сложных временах как о чем-то принципиально новом, но на самом деле это реальность, в которой мы живем. Если смотреть на ситуацию рационально, то бизнес-активность действительно меняется: число закрытий растет. Особенно тяжело компаниям с рентабельностью около 10%, на которые повлияли изменения НДС для упрощенной системы налогообложения».
 
О том, как трансформируется бизнес в ближайшие годы под влиянием этих факторов, в интервью журналу «Ъ-Деньги» [рассказал ](https://www.kommersant.ru/doc/8671283)один из спикеров предстоящего «Т-Двора» — Леонид Назаров, руководитель управления продуктов «Т-Бизнеса». Мероприятие пройдет с 4 по 6 июня в Санкт-Петербурге.

__📷____: Евгений Разумный, Коммерсантъ__

#Деньги",129854,200,,kommersant
107764,2026-05-21T15:32:08+00:00,"Верховный лидер Ирана Моджтаба Хаменеи издал директиву, **запрещающую вывоз высокообогащенного урана из страны,** сообщает Reuters. 

По словам одного из собеседников агентства, такой позиции придерживается и весь иранский истеблишмент.

Вскоре после публикации журналист Al Jazeera Али Хашим со ссылкой на свой источник в иранском правительстве написал в Х, что **такой документ Хаменеи не подписывал**. Его собеседник назвал информацию «пропагандой противников мирного соглашения».

▪ [Подписывайтесь на «Ъ» в MAX ](https://max.ru/kommersant)| [в Telegram](https://t.me/+bPtk49gFbCBkYzdi)",42252,46,,kommersant
107763,2026-05-21T15:09:44+00:00,"Системой ПВО Минобороны уничтожены два БПЛА, летевших на Москву, сообщил мэр города Сергей Собянин.

▪ [Подписывайтесь на «Ъ» в MAX ](https://max.ru/kommersant)| [в Telegram](https://t.me/+bPtk49gFbCBkYzdi)",20843,9,,kommersant
107761,2026-05-21T14:53:53+00:00,"❗️ Экс-главу Белгородской области Вячеслава Гладкова в скором времени назначат послом от России в Абхазии, утверждают источники РБК.

▪ [Подписывайтесь на «Ъ» в MAX ](https://max.ru/kommersant)| [в Telegram](https://t.me/+bPtk49gFbCBkYzdi)",29326,121,,kommersant
107760,2026-05-21T14:51:12+00:00,"Председатель КНР Си Цзиньпин рассказал президенту России Владимиру Путину за чаем об итогах визита американского коллеги Дональда Трампа в Китай, заявил пресс-секретарь президента РФ Дмитрий Песков.

▪ [Подписывайтесь на «Ъ» в MAX ](https://max.ru/kommersant)| [в Telegram](https://t.me/+bPtk49gFbCBkYzdi)",20662,13,,kommersant
107759,2026-05-21T14:30:43+00:00,"▶️ Российский блогер и альпинист Рустам Набиев **первым в мире поднялся на вершину Эвереста на одних руках.  **

«20 мая в 8:16 утра по непальскому времени впервые в истории альпинизма, впервые в истории человечества, я, Рустам Набиев, взошел на вершину Эвереста только на одних руках! Я посвящаю это восхождение каждому, кто сейчас меня смотрит», — написал альпинист в своих соцсетях.

По словам Набиева, этим поступком он хотел сказать, что, пока в человеке теплится жизнь, нужно бороться до конца. 

В 2015 году блогеру ампутировали обе ноги после травм, полученных при обрушении казармы учебного центра ВДВ в Омске. При трагедии погиб 21 человек.

▪ [Подписывайтесь на «Ъ» в MAX ](https://max.ru/kommersant)| [в Telegram](https://t.me/+bPtk49gFbCBkYzdi)",25522,208,,kommersant
107758,2026-05-21T13:52:56+00:00,"Россия не намерена вступать в гонку вооружений, ее **«ядерная триада» будет оставаться на уровне «необходимой достаточности»**, подчеркнул Владимир Путин.

▪ [Подписывайтесь на «Ъ» в MAX ](https://max.ru/kommersant)| [в Telegram](https://t.me/+bPtk49gFbCBkYzdi)",29063,27,,kommersant
107757,2026-05-21T13:40:32+00:00,"**Белоруссия не собирается «втягиваться» в конфликт на Украине**, отметил президент республики Александр Лукашенко.

При этом, по его словам, Минск может быть втянут в военные действия, если территория страны подвергнется агрессии.

▪ [Подписывайтесь на «Ъ» в MAX ](https://max.ru/kommersant)| [в Telegram](https://t.me/+bPtk49gFbCBkYzdi)",40941,55,,kommersant
107756,2026-05-21T13:30:33+00:00,"❗️ Начальник Генштаба ВС РФ Валерий Герасимов доложил Владимиру Путину **о готовности к проведению второго этапа учений ядерных сил. **

▪ [Подписывайтесь на «Ъ» в MAX ](https://max.ru/kommersant)| [в Telegram](https://t.me/+bPtk49gFbCBkYzdi)",51116,173,,kommersant
107755,2026-05-21T13:26:14+00:00,"🌐 **Власти отложили введение платы за VPN-трафик на мобильных сетях**

По данным источников «Ъ» на телеком-рынке, решение не планируют принимать до осенних выборов в Госдуму. При этом сейчас нет документа, в котором были бы указаны сроки и прописаны обязательства операторов. 

Ранее Минцифры прорабатывало введение дополнительной платы за международный трафик для пользователей мобильной связи.‍

📡 [Сети меняются. Мы следим. Подписывайтесь](https://t.me/+SkQgmXpzMqFjZjli).",22613,202,,kommersant
107754,2026-05-21T13:25:52+00:00,"Практические пуски баллистических и крылатых ракет** отработают во время совместных учений ядерных сил России и Белоруссии, **сообщил Владимир Путин. 

▪ [Подписывайтесь на «Ъ» в MAX ](https://max.ru/kommersant)| [в Telegram](https://t.me/+bPtk49gFbCBkYzdi)",20710,19,,kommersant
107753,2026-05-21T13:23:46+00:00,"**Оппозиционер-иноагент Владимир Милов внесен в перечень террористов и экстремистов в России**, следует из данных Росфинмониторинга. 

▪ [Подписывайтесь на «Ъ» в MAX ](https://max.ru/kommersant)| [в Telegram](https://t.me/+bPtk49gFbCBkYzdi)",21739,47,,kommersant
107752,2026-05-21T13:00:23+00:00,"❗️ **Ядерная триада должна служить гарантом суверенитета Союзного государства, **заявил Владимир Путин. 

▪ [Подписывайтесь на «Ъ» в MAX ](https://max.ru/kommersant)| [в Telegram](https://t.me/+bPtk49gFbCBkYzdi)",21248,33,,kommersant
107751,2026-05-21T12:40:03+00:00,"**Средства ПВО за восемь часов сбили 196 беспилотников ВСУ над регионами России** и акваторией Каспийского моря, сообщили в Минобороны.

▪ [Подписывайтесь на «Ъ» в MAX ](https://max.ru/kommersant)| [в Telegram](https://t.me/+bPtk49gFbCBkYzdi)",21593,14,,kommersant
107750,2026-05-21T12:33:16+00:00,"Президент Белоруссии Александр Лукашенко назвал «Искандер-М» **машиной своей мечты**. 

«Когда-то я об этой машине мечтал. А сегодня она у нас не одна, — сказал господин Лукашенко военнослужащим (цитата по ""БелТА""). — И вы лучше меня знаете, что это хорошее оружие».

▪ [Подписывайтесь на «Ъ» в MAX ](https://max.ru/kommersant)| [в Telegram](https://t.me/+bPtk49gFbCBkYzdi)",21846,52,,kommersant
107749,2026-05-21T12:21:37+00:00,"Александр Лукашенко и Владимир Путин связались по видео-конференц-связи в ходе совместной тренировки ядерных сил, сообщает БелТА.

«Действительно, это первая такая совместная тренировка.  Мы с вами еще зимой обсуждали перспективу участия президентов.  Я вас абсолютно поддерживаю, мы никому абсолютно не угрожаем. Но у нас есть такое оружие, и мы готовы всячески защищать наше совместное Отечество от Бреста до Владивостока. Коль что-то есть в наших руках, мы должны уметь этим пользоваться», — сказал господин Лукашенко. 

▪ [Подписывайтесь на «Ъ» в MAX ](https://max.ru/kommersant)| [в Telegram](https://t.me/+bPtk49gFbCBkYzdi)",20802,34,,kommersant
107748,2026-05-21T12:11:27+00:00,"🗞🗞🗞🗞 Суд в Белгороде [**вынес**](https://www.kommersant.ru/doc/8674631?tg)** первые приговоры **по делу о хищениях бюджетных денег при возведении оборонительных сооружений на границе с Украиной. 

Сроки **от четырех до шести лет колонии общего режима со штрафами на общую сумму более 55 млн руб. **получили четыре предпринимателя — Вячеслав Автономов, Денис Корнилов, Иван Новиков и Сергей Петряков. Их уголовные дела рассматривались в особом порядке. Защите осужденных отказали в смягчении приговоров.

#Ъузнал",91797,192,,kommersant
107747,2026-05-21T11:53:22+00:00,"Компания РТК-ЦОД и Нижегородская область [договорились](https://www.kommersant.ru/doc/8672398) о развитии дата-центров** **в регионе. Соглашение подписали губернатор Глеб Никитин и генеральный директор РТК-ЦОД Давид Мартиросов на конференции ЦИПР. 

Компания создаст в регионе инфраструктуру для обучения и использования систем ИИ, расширит действующий дата-центр с применением комбинированной схемы энергоснабжения. 

Также РТК-ЦОД откроет в Нижегородской области опорный офис, специалисты которого займутся технологической поддержкой государственных сервисов. Кроме того, стороны намерены привлекать профильных специалистов из других регионов и готовить новые кадры на базе ИТ-кампуса «Неймарк» и других учебных заведений области.

Давид Мартиросов подчеркнул, что на базе нижегородского дата-центра компания уже предоставляет государственным и коммерческим организациям региона полный спектр ИТ-услуг, включая облачные.

Заместитель губернатора Егор Поляков отметил, что регион столкнулся с нехваткой вычислительных мощностей для реализации масштабных ИТ-проектов. «Совместно с РТК-ЦОД планируем разработать новый механизм поощрения инвестиций в строительство центров обработки данных в нашем регионе»,— сказал он.

__#Технологии__",22232,42,,kommersant
107746,2026-05-21T11:40:44+00:00,"«Иран и Россия должны проявлять с этими людьми максимальную осторожность»

**Дональд Трамп дал Ирану еще «несколько дней» на принятие его условий, пригрозив, что в случае «неправильного ответа» перемирие закончится.**

Власти Ирана рассматривают американские требования, но выдвигают и свои встречные, предупреждая, что готовы к дальнейшей борьбе.

👉 О том, как иранская сторона расценивает нынешнее перемирие и почему переговоры идут так тяжело, специальному корреспонденту «Ъ» Елене Черненко [рассказал](https://www.kommersant.ru/doc/8674448?tg) посол Исламской Республики Иран в России Казем Джалали.

📷 __Антон Новодережкин / Коммерсантъ__

▪️ [Подписывайтесь на «Ъ» в MAX ](https://max.ru/kommersant)| [в Telegram](https://t.me/+bPtk49gFbCBkYzdi)",19559,13,,kommersant
107745,2026-05-21T11:16:17+00:00,"**Руководство** **НАТО **[**поддержало**](https://www.kommersant.ru/doc/8674463?tg)** Украину в споре с Грецией, обвинившей ее в создании угрозы судоходству в Средиземном море.**

Скандал разгорелся после того, как возле греческого острова был обнаружен украинский морской дрон с 300 кг взрывчатки на борту. Руководство ЕС предпочло инцидент проигнорировать.

Высокопоставленный представитель НАТО заявил, что использование Украиной безэкипажных катеров против российских судов является частью «асимметричной войны» и с военной точки зрения является вполне оправданным.

▪️ [Подписывайтесь на «Ъ» в MAX ](https://max.ru/kommersant)| [в Telegram](https://t.me/+bPtk49gFbCBkYzdi)",19815,65,,kommersant
107744,2026-05-21T11:04:06+00:00,"**Москва не сомневается, что Россия и Китай выйдут на конкретный результат по «Силе Сибири-2» в ближайшее время**, заявил Дмитрий Песков.

Кроме того, по его словам, Китай готов приложить усилия, чтобы помочь выйти на мирную траекторию урегулирования на Украине.

▪️ [Подписывайтесь на «Ъ» в MAX ](https://max.ru/kommersant)| [в Telegram](https://t.me/+bPtk49gFbCBkYzdi)",19096,35,,kommersant
107743,2026-05-21T11:00:27+00:00,"**Дмитрий Песков **[**прокомментировал**](https://www.kommersant.ru/doc/8674597?tg)** публикации в западной прессе о «тайном обучении российских военных в Китае».**

«Очень много лживой информации публикуют газеты и в Европе, и в Соединенных Штатах», — сказал он, призвав «дозированно воспринимать такую информацию».

Ранее Die Welt писала, что китайская армия тайно проводила подготовку российских военнослужащих для дальнейшей отправки в зону СВО. Источником информации были названы секретные документы европейских разведцентров. 

▪️ [Подписывайтесь на «Ъ» в MAX ](https://max.ru/kommersant)| [в Telegram](https://t.me/+bPtk49gFbCBkYzdi)",26716,17,,kommersant
107742,2026-05-21T10:48:05+00:00,"**Компания Илона Маска SpaceX **[**анонсировала**](https://www.kommersant.ru/doc/8674543?tg)** крупнейшее в мире IPO.**

Продажа акций может произойти уже в июне и побить мировые рекорды и по планируемой сумме привлеченных средств ($80 млрд), и по оценке компании ($1,75 трлн). 

Большинство подразделений компании остаются убыточными, а эксперты говорят, что важнейшим фактором для успехов на IPO является личность ее основателя Илона Маска.

▪️ [Подписывайтесь на «Ъ» в MAX ](https://max.ru/kommersant)| [в Telegram](https://t.me/+bPtk49gFbCBkYzdi)",19359,50,,kommersant
107741,2026-05-21T10:23:38+00:00,"**ОАЭ построили почти 50% нефтепровода в обход Ормузского пролива**, [сообщает](https://www.kommersant.ru/doc/8674486?tg) CNBC.

Как отмечается, новый нефтепровод удвоит экспортные возможности компании Abu Dhabi National Oil через порт Фуджейра. Завершить строительство планируется в 2027 году.

▪️ [Подписывайтесь на «Ъ» в MAX ](https://max.ru/kommersant)| [в Telegram](https://t.me/+bPtk49gFbCBkYzdi)",34341,125,,kommersant
107740,2026-05-21T10:19:56+00:00,"**Мария Захарова предостерегла россиян от поездок в Молдавию. **По ее словам, владельцы российских паспортов подвергаются дискриминации при въезде в республику.

«Под надуманным предлогом наши граждане подвергаются многочасовым процедурам проверки и допросам, фиксируются случаи задержания, заведения на них уголовных дел… Настоятельно рекомендуем здраво взвешивать риски и оценивать реальную целесообразность посещения Молдавии. Это небезопасно», — сказала она.

Кроме того, дипломатам посольства России в Молдавии не разрешают оказывать консульскую помощь россиянам, предупредила представитель МИДа.

▪️ [Подписывайтесь на «Ъ» в MAX ](https://max.ru/kommersant)| [в Telegram](https://t.me/+bPtk49gFbCBkYzdi)",27810,73,,kommersant
107739,2026-05-21T09:56:36+00:00,"**В Латвии снова заметили неопознанный дрон, прилетевший из-за границы**, [передает](https://www.kommersant.ru/doc/8674501?tg) агентство Delfi.

Местные жители заметили беспилотник и сообщили об этом в думу. Было созвано заседание комиссии по гражданской обороне. В некоторых районах приостановлено движение поездов из-за возможной угрозы в воздушном пространстве.

▪️ [Подписывайтесь на «Ъ» в MAX ](https://max.ru/kommersant)| [в Telegram](https://t.me/+bPtk49gFbCBkYzdi)",21263,22,,kommersant
107738,2026-05-21T09:41:24+00:00,"**В память об убитом экс-командире подлодки «Краснодар» Станиславе Ржицком открыли «Парту героя» **в краснодарской средней школе №108, [стало известно](https://www.kommersant.ru/doc/8674497?tg) «Ъ». 

В 2023 году офицера-подводника застрелил бывший глава федерации карате Украины Сергей Денисенко.

Станислав Ржицкий служил на подводных лодках Б-380 «Святой князь Георгий» и Б-871 «Алроса», в 2016 году был назначен командиром подлодки Б-265 «Краснодар». В 2022 году получил должность замначальника отдела по мобилизационной работе администрации Краснодара.

#Ъузнал",22706,17,,kommersant
107737,2026-05-21T09:01:38+00:00,"**Миллиардер Михаил Смирнов **[**разбился**](https://www.kommersant.ru/doc/8674423?tg)** на мотоцикле в Ленинградской области**.

ДТП случилось 20 мая. По версии МВД, мотоциклист не справился с управлением и выехал на полосу встречного движения, где столкнулся с автомобилем Haval.

Михаила Смирнова связывают с бизнес-группой «Балтийская топливная компания», которая объединяет несколько фирм (в том числе ООО «Нева Ойл»).

**__👉__****__ Подробности его биографии — в __**[**__справке__**](https://www.kommersant.ru/doc/8674583?tg)**__ «Ъ».__**

📷 __Личный архив Михаила Смирнова__

@kommersant",51319,400,,kommersant
107736,2026-05-21T08:54:09+00:00,"**В первом квартале 2026 года банкротами признаны более 137 тыс. россиян **— на 13,7% больше, чем год назад, [подсчитал](https://www.kommersant.ru/doc/8674114?tg) ЕФРСБ.

**Градация банкротов по поколениям:**
🔸 Миллениалы (рожденные в 1981–1996 годах) — 47%;
🔸 Поколение X (рожденные в 1965–1980 годах) — 26%;
🔸 Зумеры (родились в 1997–2012 годах) — 20%;
🔸 Бэби-бумеры (1946–1964 гг.) — 7%.

Женщины банкротятся чаще мужчин: 56% против 44%. При этом банкротство теперь реже гарантирует списание долгов — суды стали в 2,6 раза чаще отказывать должникам в освобождении их от непогашенных обязательств.

Эксперты поясняют, что возраст миллениалов (30–45 лет) является самым активным для трудовой деятельности, а зумеры и бэби-бумеры реже берут кредиты и, соответственно, реже проходят через банкротство. Преобладание женщин среди банкротов обусловлено их высокой кредитной нагрузкой в ритейле и МФО ради нужд семьи.

▪️ [Подписывайтесь на «Ъ» в MAX ](https://max.ru/kommersant)| [в Telegram](https://t.me/+bPtk49gFbCBkYzdi)",89527,287,,kommersant
107735,2026-05-21T08:02:48+00:00,"**В Уфе открыли улицу имени основателя ЛДПР Владимира Жириновского. **Мероприятие провели в честь 80-летия со дня рождения политика, [сообщил](https://www.kommersant.ru/doc/8674334?tg) лидер ЛДПР Леонид Слуцкий.

Улица длиной 800 м проходит между Ольховой улицей в Демском районе и одной из проектируемых улиц в Ленинском районе.

Владимир Жириновский возглавлял ЛДПР более 30 лет, был депутатом Госдумы всех восьми созывов. Политик умер 6 апреля 2022 года в возрасте 75 лет.

▪️ [Подписывайтесь на «Ъ» в MAX ](https://max.ru/kommersant)| [в Telegram](https://t.me/+bPtk49gFbCBkYzdi)",21467,112,,kommersant
107734,2026-05-21T07:51:08+00:00,"**В Румынии объявили в розыск американского рэпера Wiz Khalifa по делу о наркотиках**, сообщает Adevarul. 

Wiz Khalifa задержали в Румынии в июле 2024 года. Правоохранительные органы республики обвинили его в курении марихуаны на сцене во время фестиваля.

Сначала рэперу назначили штраф в размере около $796. Позже прокуратура обжаловала решение и потребовала тюремного заключения. Пока велось следствие, Wiz Khalifa покинул Румынию. Cуд приговорил его к девяти месяцам тюрьмы.

▪️ [Подписывайтесь на «Ъ» в MAX ](https://max.ru/kommersant)| [в Telegram](https://t.me/+bPtk49gFbCBkYzdi)",21904,25,,kommersant
107733,2026-05-21T07:11:02+00:00,"**В Сызрани отменили все массовые мероприятия до конца недели после атаки БПЛА**, сообщили в администрации городского округа.

Утром 21 мая губернатор Самарской области Вячеслав Федорищев сообщил о гибели в городе двух человек при атаке дрона.

@kommersant",20824,45,,kommersant
107732,2026-05-21T07:04:19+00:00,"**Россия не применяет некоторые средства в зоне СВО, так как не хочет «наносить чрезмерный ущерб территориям»**, [заявил](https://www.kommersant.ru/doc/8674209?tg) глава МИД РФ Сергей Лавров. 

По его словам, там «живут, по большому счету, наши люди».

▪️ [Подписывайтесь на «Ъ» в MAX ](https://max.ru/kommersant)| [в Telegram](https://t.me/+bPtk49gFbCBkYzdi)",21966,104,,kommersant
107731,2026-05-21T06:33:23+00:00,"**В Казахстане проведут административную амнистию**. Гражданам могут списать штрафы на сумму в несколько миллиардов тенге, [заявил](https://www.kommersant.ru/doc/8674227?tg) депутат мажилиса (нижней палаты) парламента Снежана Имашева.

В основном спишут штрафы, наложенные органами внутренних дел, большинство — за нарушение ПДД. Также планируется списать некоторые виды начисленной пени за штрафы.

▪️ [Подписывайтесь на «Ъ» в MAX ](https://max.ru/kommersant)| [в Telegram](https://t.me/+bPtk49gFbCBkYzdi)",21153,60,,kommersant
107730,2026-05-21T05:46:50+00:00,"**Суд по интеллектуальным правам признал недействительным товарный знак POIZON**, зарегистрированный российским ООО «Пойзон». Об этом «Ъ» [сообщил](https://www.kommersant.ru/doc/8674090?tg) представитель китайского маркетплейса DEWU (за пределами Китая известен как Poizon).

Товарный знак POIZON был зарегистрирован в декабре 2023 года. Иностранная площадка обвинила ООО в недобросовестной конкуренции.

📡 [Сети меняются. Мы следим. Подписывайтесь](https://t.me/+SkQgmXpzMqFjZjli).",20335,47,,kommersant
107729,2026-05-21T05:00:01+00:00,"📰 **Эксклюзивные материалы свежего номера газеты «Коммерсантъ»:**

🔵 Ставки фрахта угля c Дальнего Востока в Китай [возвращаются](https://www.kommersant.ru/doc/8674051?tg) к максимумам.

🔵 Детское и лечебное питание [станет](https://www.kommersant.ru/doc/8674048?tg) обязательным для маркировки.

🔵 Темп реновации санаториев в России [снизится](https://www.kommersant.ru/doc/8674024?tg) на 22,4%.

🔵 ООО «Транс-Телематика» [выкупило](https://www.kommersant.ru/doc/8674000?tg) 6,5 тыс. кв. м офисной недвижимости на востоке Москвы.

🔵 Управляющий партнер юридической компании ЭБР Александр Журавлев [рассказал](https://www.kommersant.ru/doc/8673986?tg) «Ъ» о регулировании ИИ в России.

🔵 Активы Трехсосенского пивзавода [вернулись](https://www.kommersant.ru/doc/8673982?tg) прежнему владельцу.

🔵 Бывшему топ-менеджеру «Роснано» Андрею Малышеву [грозит](https://www.kommersant.ru/doc/8673988?tg) 15-летний срок: он обвиняется в хищении более 1 млрд руб.

🔵 «Ъ» [стало известно](https://www.kommersant.ru/doc/8673961?tg) о скандале в уголовном деле объявленных в розыск совладельцев курсов личностного роста Московского тренингового центра.

🔵 Российская национальная перестраховочная компания [планирует](https://www.kommersant.ru/doc/8673822?tg) изменить правила перестрахования рисков терактов и диверсий. 

🔵 С 3 июня цифровая платформа «Яндекс 360» [отключает](https://www.kommersant.ru/doc/8673080?tg) облачную синхронизацию файлов в «Яндекс Диске» для десктоп-пользователей, использующих его бесплатно.

🔵 Разница в цене между первичным и вторичным жильем [сократилась](https://www.kommersant.ru/doc/8673199?tg) до 23%.

__👉____ Читайте другие эксклюзивные заметки __[__на сайте __](https://www.kommersant.ru/daily/166375?tg)__«Ъ».__

#Ъузнал",86888,82,,kommersant
107728,2026-05-21T04:55:29+00:00,"**🗞****🗞****🗞****🗞**** Ставки фрахта угля c Дальнего Востока в Китай возвращаются к максимумам**: стоимость перевозки [достигает](https://www.kommersant.ru/doc/8674051?tg) $13–14 за тонну.

Ключевым драйвером роста цен выступает Китай, который в преддверии летнего пика спроса увеличивает закупки угля.

В экспортной стоимости угля фрахт может занимать от 10% до 35%, но более серьезную проблему для российских экспортеров создает крепкий рубль, говорят аналитики.

#Ъузнал",17490,28,,kommersant
107727,2026-05-21T04:49:33+00:00,"**Силы ПВО за ночь перехватили 121 БПЛА над регионами России и Каспийским морем**, сообщили в Минобороны.

▪️ [Подписывайтесь на «Ъ» в MAX ](https://max.ru/kommersant)| [в Telegram](https://t.me/+bPtk49gFbCBkYzdi)",17475,11,,kommersant
107726,2026-05-21T04:48:05+00:00,"**Два человека погибли в результате атаки БПЛА на Сызрань**, есть пострадавшие, сообщил губернатор Самарской области Вячеслав Федорищев.

@kommersant",18910,38,,kommersant
107725,2026-05-21T04:46:26+00:00,"🗞🗞🗞🗞 **ООО «Транс-Телематика», входящее в концерн «Телематика», **[**выкупило**](https://www.kommersant.ru/doc/8674000?tg)** 6,5 тыс. кв. м офисной недвижимости в бизнес-центре** недалеко от станции метро «Римская» в Москве.

Эксперты оценивают сделку в 1,3–2 млрд руб.

Вероятно, здесь компания консолидирует свои подразделения. Сейчас структуры «Телематики» размещаются в разных офисах Москвы, в том числе в бизнес-центре Ostankino Business Park.

#Ъузнал",17843,20,,kommersant
107724,2026-05-21T04:33:32+00:00,"**Продажи подержанных автомобилей в апреле выросли на 6,4% год к году, **[подсчитали](https://www.kommersant.ru/doc/8674034?tg) в «Автостате». 

**Топ-5 лидеров продаж вторичного рынка:**
🔸 Lada;
🔸 Toyota;
🔸 KIA;
🔸 Hyundai;
🔸 Volkswagen.

Кроме того, фиксируется рост импорта: в апреле было ввезено 41,4 тыс. легковых машин с пробегом, что стало максимумом в 2026 году. Больше всего автомобилей с пробегом ввозится из Японии (почти 60% от общего объема), Китая (22,7%) и Южной Кореи (7,7%).

Дилеры не исключают вероятного дальнейшего роста продаж в мае, отмечая увеличение интереса к китайским и бюджетным моделям.

▪️ [Подписывайтесь на «Ъ» в MAX ](https://max.ru/kommersant)| [в Telegram](https://t.me/+bPtk49gFbCBkYzdi)",17890,41,,kommersant
107723,2026-05-21T04:01:01+00:00,"**⛅️**** Главные новости к утру**

🔸 Минобороны России [доставило](https://www.kommersant.ru/doc/8674148?tg) ядерные боеприпасы в Белоруссию для проведения учений.

🔸 США [передали](https://www.kommersant.ru/doc/8674136?tg) Ирану новый проект мирного соглашения. Дональд Трамп [согласился подождать](https://www.kommersant.ru/doc/8674140?tg) «правильный ответ».

🔸 Пентагон [подтвердил](https://www.kommersant.ru/doc/8674116?tg) перенос переброски американских войск в Польшу.

🔸 США [разместили](https://www.kommersant.ru/doc/8674139?tg) в Аравийском море эсминцы с лазерным оружием.

🔸 Дональд Трамп и Биньямин Нетаньяху [разошлись во мнениях](https://www.kommersant.ru/doc/8674133?tg) по поводу дальнейших шагов относительно Ирана, пишет Axios.

🔸 Кая Каллас [раскритиковала](https://www.kommersant.ru/doc/8674118?tg) израильского министра за видео с унижениями пропалестинских активистов.

🔸 ООН [приняла](https://www.kommersant.ru/doc/8674141?tg) резолюцию по борьбе с изменением климата.

#главноекутру",79256,90,,kommersant
107722,2026-05-21T03:49:01+00:00,"🗞🗞🗞🗞 История с банкротством Трехсосенского завода Михаила Родионова — четвертого по объему производителя пива в России, начавшаяся в 2020 году,[ подходит к концу.](https://www.kommersant.ru/doc/8673982?tg)

На торгах предприятие **было выкуплено за 500 млн руб. компанией, принадлежащей супруге бизнесмена.**

В общей сложности за всю процедуру банкротства заводом и связанными с ним структурами было выплачено 47–48 млрд руб.: значительная часть — это задолженность по налогам.

#Ъузнал",17676,32,,kommersant
107721,2026-05-21T03:31:53+00:00,"**Более 30 БПЛА сбили в пяти районах Ростовской области, возникло два лесных пожара**, сообщил губернатор Юрий Слюсарь.

Как отметил глава региона, в настоящий момент возгорания ликвидированы.

▪ [Подписывайтесь на «Ъ» в MAX |](https://max.ru/kommersant) [в Telegram](https://t.me/+bPtk49gFbCBkYzdi)",16973,18,,kommersant
107720,2026-05-21T02:51:17+00:00,"🗞🗞🗞🗞 В следующие пять лет в устаревших российских санаториях [может быть реновировано](https://www.kommersant.ru/doc/8674024?tg)** на 22,4% меньше номеров,** чем в предыдущие.

Инвесторы переносят сроки реализации проектов и с опаской смотрят на новые объекты из-за высокой стоимости заемных средств, растущих издержек и ограниченного интереса потребителей к оздоровительному отдыху.

По словам экспертов, в реновации в той или иной степени нуждаются 80% российских санаториев. Фонд здравниц обновляется крайне медленно: ежегодно на рынке появляется не более 1–2 тыс. номеров как в новых, так и в реновируемых объектах.

#Ъузнал",26654,43,,kommersant
107719,2026-05-21T02:09:31+00:00,"**Дональд Трамп согласился подождать «правильный ответ» Ирана несколько дней.**

«Поверьте, если мы не получим правильных ответов, все произойдет очень быстро. Мы все готовы к действиям … Это может занять несколько дней, но может и пролететь очень быстро»,— сказал президент США журналистам (цитата по Reuters).

▪ [Подписывайтесь на «Ъ» в MAX |](https://max.ru/kommersant) [в Telegram](https://t.me/+bPtk49gFbCBkYzdi)",17211,26,,kommersant
107718,2026-05-21T01:14:01+00:00,"💬 «Обучение ИИ на авторских текстах трудно назвать цитированием»

Законопроект о регулировании искусственного интеллекта стал по сути первым подобным опытом регулирования технологии такого масштаба в России, при этом затрагивающего сразу большое число компаний: от разработчиков ИИ до представителей креативных индустрий, сейчас отстаивающих возможность ограничения обучения нейросетей на своих работах.

👉 О том, что еще в законопроекте вызывает споры и в регулировании каких стран авторы подчерпнули готовый опыт, [«Ъ» поговорил](https://www.kommersant.ru/doc/8673986?tg) с управляющим партнером юридической компании ЭБР **Александром Журавлевым**, участвующим в разработке регулирования.

📷 __Глеб Щелкунов, «Коммерсантъ»__

📡 [Сети меняются. Мы следим. Подписывайтесь.](https://t.me/+SkQgmXpzMqFjZjli)",16295,30,,kommersant
107717,2026-05-21T00:37:01+00:00,"**🗞****🗞****🗞****🗞**** Детское и лечебное питание станет обязательным для маркировки**, [стало известно «Ъ».](https://www.kommersant.ru/doc/8674048?tg)

Ассоциация диетологов обратилась к вице-премьеру Денису Мантурову с просьбой добавить в перечень социально значимой продукции, подлежащей обязательной маркировке, 18 позиций детского и специального питания.

Предложенный список охватывает всю молочную продукцию для детского питания, смеси и сухое молоко для раннего возраста, каши, лечебное питание. Обязательная маркировка, по мнению ассоциации, также требуется для специального диетического, диабетического, энтерального (нужно при дисфункции кишечника) питания, а также продукции для беременных и кормящих женщин.

Сейчас проследить путь поставок такой продукции сложно, и контролирующие органы нередко выявляют в ней содержание токсинов, запрещенных красителей или переизбыток витаминов.

#Ъузнал",19086,59,,kommersant
107716,2026-05-21T00:00:22+00:00,"**США через Пакистан передали Ирану новый проект мирного соглашения**, [пишет](https://www.kommersant.ru/doc/8674136?tg) иранское агентство Tasnim со ссылкой на источник.

По словам источника, Иран приступил к изучению предложения США, но ответ пока не передал. Как добавил собеседник, Пакистан, который выступает посредником между Тегераном и Вашингтоном, пытается сблизить позиции сторон и согласовать тексты проектов соглашений.

▪ [Подписывайтесь на «Ъ» в MAX |](https://max.ru/kommersant) [в Telegram](https://t.me/+bPtk49gFbCBkYzdi)",16030,24,,kommersant
107715,2026-05-20T23:45:32+00:00,"📊 **Внебиржевой курс доллара впервые с января 2023 года опустился ниже уровня 70 руб./$,** с начала года рубль [уверенно укрепляет позиции](https://www.kommersant.ru/doc/8674002?tg) относительно ведущих мировых валют.

В значительной степени это связано с избыточным предложением экспортной выручки на российском рынке и низким внутренним спросом на валюту.

В результате **рубль оказался лидером роста среди валют развивающихся стран.** По данным Bloomberg, по отношению к доллару российская валюта укрепилась с начала года на 18,4%.

Складывающаяся ситуация несет риски для бюджета, так как частично «минусует» эффект от высоких цен на нефть. Тем не менее по итогам мая дополнительные нефтегазовые доходы могут достичь 330 млрд руб.

▪ [Подписывайтесь на «Ъ» в MAX |](https://max.ru/kommersant) [в Telegram](https://t.me/+bPtk49gFbCBkYzdi)",17090,53,,kommersant
107714,2026-05-20T22:52:54+00:00,"**Дональд Трамп и Биньямин Нетаньяху во время последнего разговора разошлись во мнениях по поводу дальнейших шагов относительно Ирана**, пишет Axios со ссылкой на источники.

[По словам собеседников портала](https://www.kommersant.ru/doc/8674133?tg), Дональд Трамп сказал Биньямину Нетаньяху, что посредники готовят «письмо о намерениях». Господин Трамп уточнил, что США и Иран могут подписать его для формального завершения войны, после чего начнется месяц переговоров по поводу иранской ядерной программы и открытия Ормузского пролива.

Один из источников сообщил, что израильский премьер был обеспокоен после телефонного разговора с президентом США. По словам источников, Израиль предпочел бы переговорам возобновление боевых действий, чтобы ослабить военный потенциал Ирана.

▪ [Подписывайтесь на «Ъ» в MAX |](https://max.ru/kommersant) [в Telegram](https://t.me/+bPtk49gFbCBkYzdi)",16883,27,,kommersant
107713,2026-05-20T22:02:50+00:00,"Кая Каллас раскритиковала министра нацбезопасности Израиля Итамара Бен-Гвира за видео с унижениями пропалестинских активистов.

«Обращение с активистами Глобальной флотилии Сумуд, среди которых были граждане ЕС, было унизительным и неправильным. Поведение израильского министра Бен-Гвира неподобающе для любого, кто занимает пост в демократическом государстве»,— заявила глава европейской дипломатии (цитата по Reuters).

▪ [Подписывайтесь на «Ъ» в MAX |](https://max.ru/kommersant) [в Telegram](https://t.me/+bPtk49gFbCBkYzdi)",44201,49,,kommersant
107712,2026-05-20T21:19:36+00:00,"**Пентагон подтвердил перенос переброски американских войск в Польшу. **Как уточнил пресс-секретарь ведомства Шон Парнелл, общее число боевых бригадных групп, направленных в Европу, сокращено с четырех до трех.

«Решение стало результатом комплексного многоэтапного процесса анализа военного присутствия США в Европе. Следствием этого стала временная задержка переброски войск в Польшу, которая является образцовым союзником Соединенных Штатов»,— написал он в соцсети X.

14 мая издание Military Times со ссылкой на источник сообщило, что США отменили отправку в Польшу примерно 4 тыс. военнослужащих второй бронетанковой бригады. При этом переброска войск в рамках плановой ротации началась 1 мая, а часть передового эшелона уже была развернута в Польше. 19 мая вице-президент США Джей Ди Вэнс уточнил, что Вашингтон не сокращал свой контингент в стране, а только отложил отправку военнослужащих.

▪ [Подписывайтесь на «Ъ» в MAX |](https://max.ru/kommersant) [в Telegram](https://t.me/+bPtk49gFbCBkYzdi)",22285,25,,kommersant
107711,2026-05-20T20:51:14+00:00,"**В России впервые использовали БПЛА при строительстве линии электропередачи. **В Республике Алтай беспилотник  [протянул](https://www.kommersant.ru/doc/8674113?tg) провод ЛЭП длиной 896 метров через реку Бия.

При монтаже линии электропередачи использовали промышленный беспилотник с увеличенной грузоподъемностью. Для реализации проекта также были разработаны облегченный канат и лебедка с системой контроля натяжения.

Применение наземной техники в районе реки Бия невозможно из-за сложного рельефа. Перед монтажом ЛЭП с использованием беспилотника специалисты создали испытательный полигон, где проходила подготовка операторов БПЛА.

▪ [Подписывайтесь на «Ъ» в MAX |](https://max.ru/kommersant) [в Telegram](https://t.me/+bPtk49gFbCBkYzdi)",19820,92,,kommersant
107710,2026-05-20T19:53:39+00:00,"Запрет на поставку цветочной продукции из Армении сильно ударит по рынку тюльпанов: из страны поставляется 10% товарного предложения. Одновременно потребители могут [столкнуться с ростом цен](https://www.kommersant.ru/doc/8674099?tg) на наиболее бюджетные розы и гвоздики. 

Российские производители, как отмечают эксперты, оперативно увеличить объем выпуска продукции не смогут: их мощности существенно ограничены.

▪ [Подписывайтесь на «Ъ» в MAX |](https://max.ru/kommersant) [в Telegram](https://t.me/+bPtk49gFbCBkYzdi)",30725,157,,kommersant
107709,2026-05-20T19:40:58+00:00,"«Одновременно танцевать на двух свадьбах у Армении не получится»

В Совете безопасности РФ во вторник, 20 мая, в ходе заседания специальной рабочей группы [обсудили ситуацию вокруг Армении,](https://www.kommersant.ru/doc/8674069?tg) власти которой взяли курс на отдаление от России и сближение с Евросоюзом. 

Секретарь СБ РФ Сергей Шойгу выступил с жестким докладом, из которого следовало, что у Москвы накопился внушительный список претензий к Еревану. Среди прочего он напомнил, насколько экономика Армении зависит от России и, соответственно, что она может потерять, если не откажется от нынешнего курса. 

По итогам совещания вновь прозвучало и предупреждение в адрес Еревана: совмещать членство в ЕАЭС с интеграцией в ЕС он не сможет.

▪ [Подписывайтесь на «Ъ» в MAX |](https://max.ru/kommersant) [в Telegram](https://t.me/+bPtk49gFbCBkYzdi)",19437,90,,kommersant
107708,2026-05-20T19:32:22+00:00,"Власти Нидерландов, Франции, Испании, Турции, Польши, Ирландии и Бельгии [**осудили**](https://www.kommersant.ru/doc/8674105?tg)** действия израильских силовиков при задержании пропалестинских активистов из «Глобальной флотилии Сумуд». **Сегодня министр нацбезопасности Израиля Итамар Бен-Гвир опубликовал видео издевательств над задержанными.

В публикации на странице Итамара Бен-Гвира в соцсети X видно, как задержанных собирают на палубе, ставят на колени с завязанными сзади руками, головами в пол. Через динамики в это время играет гимн Израиля. Одну из активисток, которая выкрикнула лозунг «Свободу Палестине», схватили за голову и повалили на пол. Израильский министр подписал видео словами: «Добро пожаловать в Израиль». 

Действия израильских силовиков осудили и внутри страны — глава МИД Израиля Гидеон Саар и премьер-министр Биньямин Нетаньяху.

__▶️____ x/itamarbengvir__

▪ [Подписывайтесь на «Ъ» в MAX |](https://max.ru/kommersant) [в Telegram](https://t.me/+bPtk49gFbCBkYzdi)",19040,86,,kommersant
107707,2026-05-20T19:00:39+00:00,"🌒 **Главные новости к вечеру**

▪ Владимир Путин завершил двухдневный официальный визит в Китай. Итоги поездки — [в материале «Ъ».](https://www.kommersant.ru/doc/8673680?tg)

▪ США [выдвинули обвинения](https://www.kommersant.ru/doc/8674089?tg) против бывшего лидера Кубы Рауля Кастро.

▪ [Умер](https://www.kommersant.ru/doc/8674016?tg) главный специалист по борьбе со СПИДом Вадим Покровский.

▪ Совет директоров «Газпрома» рекомендовал [не выплачивать дивиденды](https://www.kommersant.ru/doc/8674058?tg) за 2025 год.

▪ Британия [запретила](https://www.kommersant.ru/doc/8673703?tg) морские перевозки российского СПГ.

▪ Совфед [одобрил закон](https://www.kommersant.ru/doc/8673550?tg) об использовании Вооруженных сил для защиты россиян, преследуемых за рубежом. 

▪ В российских школах с 1 сентября [начнут изучать](https://www.kommersant.ru/doc/8673526?tg) профиль «Искусственный интеллект».

#главноеквечеру",18670,13,,kommersant
107706,2026-05-20T18:54:22+00:00,"**Эскалации с Кубой не будет, **заявил президент США Дональд Трамп. 

Выдвинутые обвинения бывшему лидеру Кубы Раулю Кастро американский президент назвал «очень важным моментом».

▪ [Подписывайтесь на «Ъ» в MAX |](https://max.ru/kommersant) [в Telegram](https://t.me/+bPtk49gFbCBkYzdi)",17718,25,,kommersant
107705,2026-05-20T18:46:09+00:00,"**В адрес бывшего лидера Кубы Рауля Кастро и других лиц выдвинули обвинения в сговоре с целью убийства американцев. **Об этом [заявил](https://www.kommersant.ru/doc/8674089?tg) исполняющий обязанности генпрокурора США Тодд Бланш.

«Кастро и другим фигурантам также предъявлены обвинения в других преступлениях, в том числе в уничтожении воздушного судна, а также четыре отдельных обвинения в убийстве»,— заявил господин Бланш на пресс-конференции.

▪ [Подписывайтесь на «Ъ» в MAX |](https://max.ru/kommersant) [в Telegram](https://t.me/+bPtk49gFbCBkYzdi)",18316,33,,kommersant
107704,2026-05-20T18:28:59+00:00,"Неизвестно, кто теперь будет говорить обществу неудобную правду о масштабах эпидемии ВИЧ. 

В Москве скончался академик РАН Вадим Покровский — заведующий специализированным научно-исследовательским отделом по профилактике и борьбе со СПИДом ЦНИИ эпидемиологии Роспотребнадзора. Должность длинная и непонятная, поэтому можно сказать проще — это был самый авторитетный в России специалист по теме ВИЧ и СПИДа. 

Академик Покровский начал свою борьбу с вирусом еще в советское время — буквально искал самого первого в стране «нулевого пациента». Но за 71 год его жизни СПИД перестал быть экзотическим заболеванием маргиналов. 

Спецкор «Ъ» **Александр Черных **[рассказывает,](https://www.kommersant.ru/doc/8674016?tg) как Вадим Покровский призывал бороться с эпидемией ВИЧ и не боялся говорить неудобную правду о ней.

@kommersant",59286,164,,kommersant
107703,2026-05-20T18:23:41+00:00,"**Прирост цен в апреле замедлился до 2,4%. В марте этот показатель составлял 5,9%.** Это следует из опубликованных на сайте [материалов Банка России.](https://www.kommersant.ru/doc/8674022?tg) Замедление регулятор объяснил волатильными компонентами. Устойчивая часть ценовой динамики также замедлилась.

В апреле годовая инфляция понизилась до 5,58% по сравнению с мартовским показателем в 5,86%. Снижение произошло за счет продовольственных товаров и услуг. 

В Банке России спрогнозировали снижение инфляции до 4,5–5% в 2026 году. Текущий рост цен в устойчивой части сложится вблизи 4% во втором полугодии, сообщил регулятор.

▪ [Подписывайтесь на «Ъ» в MAX |](https://max.ru/kommersant) [в Telegram](https://t.me/+bPtk49gFbCBkYzdi)",17371,13,,kommersant
107702,2026-05-20T18:02:44+00:00,"**Шер — 80!**

20 мая 1946 года родилась певица, актриса и активистка Шер. Она изменила представления о месте женщины в индустрии развлечений, на каждом этапе своей карьеры ломая барьеры предрассудков. Шер — единственная женщина, которая одновременно является лауреатом «Оскара» и включена в Зал славы рок-н-ролла.

Мы знаем и любим поп-диву не только за смелые хиты и яркие образы, но и за остроумные высказывания. Поэтому делимся отрывком интервью, где она рассказывает о десертах... и богатых мужчинах — оказывается, у них много общего.

🔸[__ У вас будни? А у нас всегда Weekend — подписывайтесь!__](https://t.me/+yefBdH1WD3UzYWVi)",17897,132,,kommersant
107701,2026-05-20T17:48:45+00:00,"❌ Россельхознадзор с 22 мая вводит ограничения на ввоз цветов из Армении, сообщили в ведомстве.

Отмечается, что решение принято для защиты фитосанитарного благополучия и экспортного потенциала России.

▪ [Подписывайтесь на «Ъ» в MAX |](https://max.ru/kommersant) [в Telegram](https://t.me/+bPtk49gFbCBkYzdi)",18038,155,,kommersant
107700,2026-05-20T17:40:32+00:00,"**Биржевые продажи бензина 20 мая сократились до 21,6 тыс. тонн, что стало трехлетним минимумом. **

Участники рынка говорят о дефиците предложения, ажиотажном спросе и росте конкуренции за продукт. Отдельные производители, [по словам источников «Ъ»,](https://www.kommersant.ru/doc/8674028?tg) начали ограничивать продажи по принципу «один лот в одни руки». Первыми последствия дефицита могут ощутить владельцы крупных независимых АЗС. 

Нехватка предложения усилилась в начале мая из-за сокращения производства в условиях аварийных и плановых ремонтов крупных НПЗ. По данным Reuters, все крупные НПЗ в центральной России к 20 мая приостановили или снизили переработку и производство топлива.

В то же эксперты не видят «ажиотажной ситуации».

▪ [Подписывайтесь на «Ъ» в MAX |](https://max.ru/kommersant) [в Telegram](https://t.me/+bPtk49gFbCBkYzdi)",18922,65,,kommersant
107699,2026-05-20T17:19:24+00:00,"**Более 500 человек пострадали и пять погибли в авариях с электросамокатами в январе—апреле 2026 года. **Всего, по данным ГИБДД, за этот период [произошло](https://www.kommersant.ru/doc/8673957?tg) 497 ДТП с участием СИМ. 60% аварий произошли по вине катающихся.

Сезон кикшеринга в российских городах стартовал в конце марта. Местные власти разрешают аренду СИМ с определенными ограничениями. Челябинская область, к примеру, еще в мае установила новые зоны запрета движения электросамокатов, а также участки с ограничением скорости. В Омске ввели запрет на парковку СИМ в туристическом центре. 

Администрации подмосковных городов запретили кикшеринг, среди них — Солнечногорск, Лобня, Люберцы, Котельники, Раменское и Жуковский. 

▪ [Подписывайтесь на «Ъ» в MAX |](https://max.ru/kommersant) [в Telegram](https://t.me/+bPtk49gFbCBkYzdi)",18652,86,,kommersant
107698,2026-05-20T17:01:41+00:00,"❗️ **Совет директоров «Газпрома» рекомендовал не выплачивать дивиденды по итогам 2025 года,** сообщили в компании.

▪ [Подписывайтесь на «Ъ» в MAX |](https://max.ru/kommersant) [в Telegram](https://t.me/+bPtk49gFbCBkYzdi)",17315,116,,kommersant
107697,2026-05-20T16:58:24+00:00,"**Школы развивают интеллект**

Школьников начнут обучать искусственному интеллекту. Занятия будут проходить в рамках углубленного курса по информатике, сообщил «РИА Новости» министр просвещения Сергей Кравцов. По его словам, вектор развития задает Всероссийская олимпиада школьников, где такой профиль уже включен. Он оказался настолько успешен и востребован, что теперь будет внедрен и в школьную программу. Преподавать курс будут с начала следующего учебного года.

💬 **Татьяна Мерцалова**, __ведущий эксперт Института образования ВШЭ:__ 
«Я сомневаюсь в успешности внедрения таких занятий, поскольку сами педагоги должны владеть этой технологией на достаточно высоком уровне и понимать, какие задачи и как можно решить с ее помощью. На сегодняшний момент даже продвинутая молодежь работает достаточно шаблонно и примитивно с этим инструментом. Учителя просто не знают о всех возможностях работы ИИ. Первое время эффективность будет низкая при массовом внедрении этой задачи в учебный процесс в школах».

💬 **Захар Барков**, __старший преподаватель курсов программирования для детей онлайн-школы Skysmart: __
«Внедрение такого курса — это очень перспективно, так как нейросети все глубже проникают во все сферы жизнедеятельности. В рамках такого курса учат корректно писать промты, то есть запросы, чтобы ИИ с большей долей вероятности выдал правильный результат. Примеры такой практики я наблюдал только в университетах».

🗣 [Слушать эфир](https://t.me/kfm936?livestream) l [Написать в чат-бот](https://t.me/kmfmbot) l [Подписаться](https://t.me/kfm936)",17794,29,,kommersant
107696,2026-05-20T16:38:59+00:00,"🗞🗞🗞🗞 **S7 оформила финансовый лизинг на два самолета А321, четыре года простаивавших у Red Wings. **Структуры Росавиации урегулировали сделку с иностранным экс-владельцем и [перевели самолеты в российскую собственность. ](https://www.kommersant.ru/doc/8674010?tg)

Сделка, по данным «Ъ», обошлась приблизительно в 2 млрд руб. Авиакомпания планирует восстановить и вернуть самолеты к полетам уже этим летом. 

Урегулирование по оставшимся у Red Wings шести самолетам может произойти до конца года, но в экономической целесообразности восстановления части из них в отрасли сомневаются.

#Ъузнал",20564,68,,kommersant
107695,2026-05-20T16:25:33+00:00,"🗞🗞🗞🗞 **Максимально возможный срок — 15 лет лишения свободы —** запросил гособвинитель в ходе заочного процесса **для проживающего в Великобритании бывшего заместителя главы госкорпорации «Роснано» Андрея Малышева. **

По двум эпизодам он [обвиняется](https://www.kommersant.ru/doc/8673988?tg) в хищении более 1 млрд руб. Защита фигуранта и запрошенный срок, и выдвинутые обвинения называет «не отвечающими букве и духу закона».

#Ъузнал",24306,41,,kommersant
107694,2026-05-20T16:05:51+00:00,"**США выдвинули обвинения против бывшего лидера Кубы Рауля Кастро. **Об этом сообщил Reuters со ссылкой на чиновника из американской администрации. В чем конкретно состоит обвинение, агентство не уточняет.

До этого газета The New York Times писала, что обвинения против 94-летнего Рауля Кастро могут быть связаны с делом 30-летней давности. В 1996 году кубинское правительство сбило два самолета, принадлежавшие гуманитарной организации. Эту же информацию подтверждали источники Fox News.

NYT писала, что высокопоставленные чиновники США допускают захват бывшего лидера Кубы по венесуэльскому сценарию.

▪ [Подписывайтесь на «Ъ» в MAX |](https://max.ru/kommersant) [в Telegram](https://t.me/+bPtk49gFbCBkYzdi)",17829,24,,kommersant
107693,2026-05-20T15:58:36+00:00,"[**«Ъ» стало известно**](https://www.kommersant.ru/doc/8673961?tg)** о скандале в уголовном деле объявленных в розыск совладельцев курсов личностного роста Московского тренингового центра Романа и Натальи Тихоновых, а также их дочери Ксении Наумовой. **

Несмотря на то что еще год назад Замоскворецкий райсуд Москвы признал незаконным отказ столичного ГСУ СКР прекратить в отношении фигурантов уголовное дело по обвинению в предпринимательской деятельности без лицензии, этого до сих пор не произошло. 

Зато следствие возбудило в отношении основателей центра новое дело о мошенничестве в связи с «некачественным предоставлением образовательных услуг».

#Ъузнал",17587,26,,kommersant
107692,2026-05-20T15:49:26+00:00,"**Создание вакцины от нынешнего штамма Эболы — Бундибугио — займет шесть–девять месяцев. **Об этом [пишет ](https://www.kommersant.ru/doc/8673927?tg)The Guardian со ссылкой на заявление главы подразделения по научно-исследовательской работе ВОЗ Вази Мурти.

Сейчас есть только вакцины от штамма Заир, который, в частности, вызвал вспышку Эболы в Африке в 2014–2015 годах. 

Ранее ВОЗ сообщала, что количество смертей от новой вспышки лихорадки Эбола предположительно достигло 139, а число вероятных случаев заражения приблизилось к 600.

▪ [Подписывайтесь на «Ъ» в MAX |](https://max.ru/kommersant) [в Telegram](https://t.me/+bPtk49gFbCBkYzdi)",17377,21,,kommersant
107691,2026-05-20T15:28:33+00:00,"**Вынесен приговор по делу о хищениях на БАМе**

В Иркутске суд первой инстанции 20 мая [завершил рассмотрение уголовного дела,](https://www.kommersant.ru/doc/8673852?tg) одним из фигурантов которого являлся бывший гендиректор и владелец ООО «Спецтрансстрой» и экс-заместитель главы Минстроя РФ Юрий Рейльян. 

Он вместе с сообщниками обвинялся в хищении 1,5 млрд руб. при исполнении контрактов с РЖД, подрядчиком которых выступал «Спецтрансстрой». 

Господин Рейльян до приговора не дожил, а замруководителя аффилированной со «Спецтранстроем» компании Алексей Медведев получил семь с половиной лет заключения по приговору, который он намерен обжаловать в связи с несогласием с обвинением.

▪ [Подписывайтесь на «Ъ» в MAX |](https://max.ru/kommersant) [в Telegram](https://t.me/+bPtk49gFbCBkYzdi)",17910,54,,kommersant
107690,2026-05-20T15:12:34+00:00,"🗞🗞🗞🗞 **Российская национальная перестраховочная компания планирует изменить правила перестрахования рисков терактов и диверсий. **

«С большой долей вероятности станет недоступно страхование перерыва в деятельности предприятия в результате теракта или атаки БПЛА, то есть возмещаться будет только вред имуществу»,— [отметил один из собеседников «Ъ». ](https://www.kommersant.ru/doc/8673822?tg)

По его словам, для объектов, которые регулярно подвергаются атакам, будет ограничиваться перестраховочная емкость при продлении договора или восстановлении страховой суммы, чтобы страхователь или страховщик «часть риска удерживали на себе».

По словам экспертов, это может сократить объем выплат, усложнить заключение новых страховых договоров и привести к росту тарифов.

#Ъузнал",25884,54,,kommersant
107689,2026-05-20T14:44:17+00:00,"Владимир Путин завершил официальный визит в Китай, сообщает корреспондент «Ъ».

Российский президент прилетел в Китай вместе с делегацией из 39 человек 19 мая. Во время переговоров с главой КНР Си Цзиньпином он подписал несколько двусторонних документов. Среди них — заявление о дальнейшем укреплении партнерства и углублении добрососедства, дружбы и сотрудничества двух стран.

▪ [Подписывайтесь на «Ъ» в MAX |](https://max.ru/kommersant) [в Telegram](https://t.me/+bPtk49gFbCBkYzdi)",18706,39,,kommersant
107688,2026-05-20T14:05:32+00:00,"🗞🗞🗞🗞 Центральный окружной военный суд приговорил бывшего военнослужащего, 38-летнего Дениса Гоппарова, к 24 годам колонии особого режима, первые семь лет из которых он проведет в тюрьме. 

Его [признали виновным](https://www.kommersant.ru/doc/8673843?tg) в двух дезертирствах и убийстве вдовы участника специальной военной операции (СВО) ради денег, которые она получила за смерть мужа. У женщины, тело которой он закопал в поле, было похищено 12 млн руб. Свою вину преступник полностью признал.

В ходе разбирательства также выяснилось, что в 2013 году Денис Гоппаров был судим за кражу, а позже — за убийство. Контракт на участие в СВО он подписал в 2023 году. За участие в боевых действиях был отмечен медалью «За храбрость» 2-й степени.

#Ъузнал",18968,63,,kommersant
107687,2026-05-20T13:56:48+00:00,"**В Москве жара побила температурный рекорд 129-летней давности.** Об этом ТАСС сообщили в Гидрометцентре России. Воздух прогрелся до +30 °C, следует из данных главной московской метеостанции на ВДНХ.

Собеседник агентства сообщил, что до этого самое жаркое 20 мая выдалось в Москве в 1897 году. Тогда температура поднималась до +29,7 °C. 

Согласно прогнозу, жаркая погода в Москве продержится до 22 мая. Жара прогнозируется в Подмосковье, а также во Владимирской, Рязанской, Тульской, Калужской, Смоленской, Тверской, Ярославской, Костромской, Ивановской областях. 

В Гидрометцентре объяснили, что жара пришла из Средней Азии вместе с теплым тропосферным гребнем (зона повышенного атмосферного давления в нижней части атмосферы), который сместился в центр европейской части страны.

▪ [Подписывайтесь на «Ъ» в MAX |](https://max.ru/kommersant) [в Telegram](https://t.me/+bPtk49gFbCBkYzdi)",20654,129,,kommersant
107686,2026-05-20T13:28:35+00:00,"Владимир Путин сообщил, что во время его визита в Китай стороны наметили перспективы развития двусторонних отношений.

Си Цзиньпин назвал визит президента РФ в Пекин весьма удачным и успешным.

__▶️____ Кремль__

▪ [Подписывайтесь на «Ъ» в MAX |](https://max.ru/kommersant) [в Telegram](https://t.me/+bPtk49gFbCBkYzdi)",19901,38,,kommersant
107685,2026-05-20T13:18:09+00:00,"**Бизнесмен Олег Дерипаска не смог ответить на вопрос журналиста, сколько миллиардов он «увезет домой» из Китая. **Господин Дерипаска приехал в КНР в составе российской делегации во главе с президентом Владимиром Путиным.

Вопрос предпринимателю задал журналист «Первого канала». 

«Так быстро сосчитать не удастся… Дело не в миллиардах, дело в тех проектах, которые можно будет совместно делать. И не только в Китае, и не только в России, но и в третьих странах»,— [ответил бизнесмен.](https://www.kommersant.ru/doc/8673816?tg) 

Вице-премьер Денис Мантуров уточнил, что речь идет «про десятки миллиардов долларов».

▪ [Подписывайтесь на «Ъ» в MAX |](https://max.ru/kommersant) [в Telegram](https://t.me/+bPtk49gFbCBkYzdi)",20514,111,,kommersant
107684,2026-05-20T12:49:02+00:00,"Выходит у премьера не всегда гладко. Он часто сталкивается с недовольными гражданами, диалог с которыми никак не складывается. Например, в один из дней Никол Пашинян попытался узнать у жителя Еревана, почему у того плохое настроение, на что тот ответил: «Потому что вас увидел».

В преддверии парламентских выборов в Армении, намеченных на 7 июня, недовольство значительного числа граждан как правительством, так и политической системой в целом становится все очевиднее. 

Предвыборная кампания премьера Никола Пашиняна сопровождается громкими скандалами и ссорами с избирателями, в первую очередь из-за карабахского вопроса. А разрозненная армянская оппозиция пока не заручилась достаточной поддержкой, чтобы гарантированно получить большинство в новом парламенте.

👉 **Как Армения готовится к выборам в парламент — **[**в материале «Ъ».**](https://www.kommersant.ru/doc/8673677?tg)

▪ [Подписывайтесь на «Ъ» в MAX |](https://max.ru/kommersant) [в Telegram](https://t.me/+bPtk49gFbCBkYzdi)",19476,58,,kommersant
107683,2026-05-20T12:27:38+00:00,"**🔎**** «Яндекс 360» **[**ограничит**](https://www.kommersant.ru/doc/8673080?tg)** возможность бесплатно использовать «Диск»**

С 3 июня пользователям десктоп-версии закроют облачную синхронизацию файлов. Без подписки в приложении можно будет открыть только те файлы, которые уже сохранены на устройстве. В компании объяснили изменения тем, что десктопное приложение все чаще используют для работы с файлами большого объема, а это требует значительных инфраструктурных ресурсов.

Это первый случай радикального урезания базовых функций облачного приложения на российском рынке, отмечают эксперты. Они считают, что причинами такого решения мог стать рост нагрузки на инфраструктуру, дефицит оборудования и его удорожание. 

Общемировой тренд на монетизацию бесплатных сервисов подтверждают и решения Google. В компании уже ограничили объем бесплатного облачного хранилища для новых пользователей почты Gmail с 15 до 5 ГБ.

📡 [Сети меняются. Мы следим. Подписывайтесь](https://t.me/+SkQgmXpzMqFjZjli).",18814,222,,kommersant
107682,2026-05-20T12:25:59+00:00,"Умер главный российский специалист по борьбе со СПИДом Вадим Покровский. Об этом [сообщили](https://www.kommersant.ru/doc/8673748?tg) в Роспотребнадзоре.

Более 40 лет Вадим Покровский руководил научно-исследовательским отделом по профилактике и борьбе со СПИДом в Центральном НИИ Эпидемиологии. 

Автор более 300 научных работ, четырех научных пособий и двух книг, член Бюро отделения медицинских наук РАН и редколлегии пяти научных журналов.

@kommersant",34409,86,,kommersant
107681,2026-05-20T11:58:34+00:00,"🗞🗞🗞🗞 **Воронежская область создает отряд «БАРС» для защиты предприятий от БПЛА
**
Добровольцев [хотят набирать](https://www.kommersant.ru/doc/8671974) в том числе из уже обученных обращению с оружием сотрудников местных частных охранных предприятий. Один из участников рынка предоставил «Ъ-Черноземье» копию письма с приглашением.

Согласно нему, местным властям «для формирования мобилизационного людского резерва» необходимо как минимум 40 человек «из числа подготовленных граждан — сотрудников ЧОП» для выполнения задач по защите «критически важных объектов региона». Также ведется набор добровольцев, не являющихся сотрудниками охранных организаций и не имеющих специфического опыта.

Требования к добровольцам, согласно листовке о наборе, которая есть у «Ъ-Черноземье»: возраст до 65 лет; состояние здоровья — «способен выполнять задачи по предназначению»; «соответствие требованиям профессиональной психологической пригодности и физической выносливости».

✔️ Подписывайтесь на «Ъ-Черноземье» [в Telegram](http://t.me/kommersantvrn) | [в MAX](https://max.ru/kommersantvrn)",18056,53,,kommersant
107680,2026-05-20T11:54:57+00:00,"Совфед одобрил поправки к статье федерального закона «Об основах системы профилактики правонарушений в РФ», предусматривающие **противодействие искажению исторической правды и уклонизму от службы в армии.**

В перечне направлений профилактики правонарушений появятся новые основания для проверки: исполнение воинской обязанности и несение военной службы; обеспечение защиты исторической правды и недопущение умаления значения подвига народа при защите Отечества.

Документ предусматривает возможность проведения специальных профилактических мероприятий.

▪️ [Подписывайтесь на «Ъ» в MAX ](https://max.ru/kommersant)| [в Telegram](https://t.me/+bPtk49gFbCBkYzdi)",18639,47,,kommersant
107679,2026-05-20T11:43:50+00:00,"**❤️**** Большинство опрошенных ВЦИОМ россиян смотрят горизонтальные ролики в «VK Видео»**

Так на опрос о видеохостингах ответил 61% респондентов. Еще 49% предпочитают Rutube, а 44% — YouTube. При этом YouTube лидирует по оттоку аудитории: 43% участников уже перестали пользоваться видеохостингом. Отток с «VK Видео», Rutube, «Дзена» и «Одноклассников» составляет от 13 до 20%.

Если оценивать регулярность использования видеосервисов, раз в неделю и чаще каждый второй опрошенный (50%) смотрит VK Видео, далее следуют YouTube (42%) и RUTUBE (35%).

39% опрошенных уточнили, что смотрят ТВ-контент в интернете (в записи или в прямом эфире). Мнения о перспективах телевидения разделились: 45% допускают, что видеосервисы заменят традиционное ТВ, а 44% не согласны с такой позицией.

📡 [Сети меняются. Мы следим. Подписывайтесь](https://t.me/+SkQgmXpzMqFjZjli).",17806,56,,kommersant
107678,2026-05-20T11:26:27+00:00,"Владимир Путин приехал в Китай с рабочим визитом и выпил чаю с председателем КНР Си Цзиньпином.

«Хотел, но не могу промолчать о том, как надел бросающиеся в глаза кроссовки фирмы типа Adidas в дополнение к костюму другой фирмы ректор МФТИ Дмитрий Ливанов. То есть это было так неожиданно, что, по данным “Ъ”, протокол российского президента даже попросил его воздержаться от парадного выхода на площадь для полноценного участия в церемонии официальной встречи лидеров России и Китая».

👉 **Подробности — в **[**репортаже**](https://www.kommersant.ru/doc/8673545?tg)** специального корреспондента «Ъ» Андрея Колесникова.**

▪️ [Подписывайтесь на «Ъ» в MAX ](https://max.ru/kommersant)| [в Telegram](https://t.me/+bPtk49gFbCBkYzdi)",18255,59,,kommersant
107677,2026-05-20T11:09:51+00:00,"**В какую сумму обойдется меблировка однокомнатной квартиры
**
Минимальные расходы на обустройство однокомнатной квартиры в 2026 году без учета ремонта составляют 150–200 тыс. руб., подсчитали эксперты. Более полноценная меблировка с кухней, техникой, системами хранения и мебелью для жилой зоны обойдется уже в 300–650 тыс. руб. При расчете по метражу ориентир составляет 20–25 тыс. руб. за 1 кв. м, поэтому обустройство квартиры площадью 40 кв. м может стоить до 1 млн руб.

Главной статьей расходов остается кухня. В среднем кухонная мебель обходится примерно в 300 тыс. руб., еще около 100 тыс. руб. приходится на технику. Еще одной обязательной позицией остается место для сна. На кухне, диване или кровати эксперты не советуют экономить, поскольку именно эти решения быстрее всего влияют на удобство и срок службы интерьера.

На фоне роста цен покупатели все чаще обустраивают квартиры поэтапно, внимательнее относятся к системам хранения и стараются сокращать расходы без потери функциональности. Одновременно спрос смещается в онлайн. Через интернет чаще покупают декор, освещение, текстиль и посуду, тогда как кухню, диван, матрасы, сантехнику и покрытия многие по-прежнему предпочитают выбирать офлайн.

**Подробнее — читайте по **[**ссылке **](https://www.kommersant.ru/doc/8589940)**в нашем новом разделе **[**«Интерьеры».**](https://www.kommersant.ru/theme/4326)**

**__📷____Евгений Павленко, Коммерсантъ__",18624,128,,kommersant
107676,2026-05-20T10:24:27+00:00,"**Владимир Путин встретился с премьером Госсовета КНР Ли Цяном**. Встреча [прошла](https://www.kommersant.ru/doc/8673632?tg) в Большом восточном зале Дома народных собраний.

▪️ [Подписывайтесь на «Ъ» в MAX ](https://max.ru/kommersant)| [в Telegram](https://t.me/+bPtk49gFbCBkYzdi)",18171,9,,kommersant
107675,2026-05-20T10:13:44+00:00,"**Совфед поддержал применение армии для защиты россиян, преследуемых за рубежом**.

Вооруженные силы России по решению президента могут быть привлечены к выполнению задач по защите российских граждан, которые арестованы, удерживаются или преследуются в уголовном или ином порядке по решениям иностранных судов, в которых Россия не участвует и компетенция которых не основана на международном договоре или на резолюции Совбеза ООН.

Закон должен вступить в силу через 10 дней после его опубликования. Документ был разработан правительством по поручению президента.

В Минобороны убеждены, что закон расширит возможности по защите российских граждан за рубежом и повысит международный престиж страны.

▪️ [Подписывайтесь на «Ъ» в MAX ](https://max.ru/kommersant)| [в Telegram](https://t.me/+bPtk49gFbCBkYzdi)",27762,86,,kommersant
107674,2026-05-20T09:50:22+00:00,"**Россия и Китай выразили обеспокоенность заявлениями некоторых стран Евросоюза о возможности обзавестись ядерным оружием**, следует из декларации по итогам переговоров Владимира Путина и Си Цзиньпина. 

**Среди других заявлений: 
**
🔸 Россия привержена принципу «одного Китая» и выступает против независимости Тайваня «в какой бы то ни было форме».

🔸 Стороны выступают против использования ИИ странами в качестве геополитического инструмента для сохранения доминирования.

🔸 Россия и Китай осуждают блокировку, арест или изъятие активов иностранных государств.

🔸 Москва и Пекин выступают против расширения военных альянсов, а также попыток посягательства на суверенитет стран в Карибском регионе и Латинской Америке. 

▪️ [Подписывайтесь на «Ъ» в MAX ](https://max.ru/kommersant)| [в Telegram](https://t.me/+bPtk49gFbCBkYzdi)",18698,17,,kommersant
107673,2026-05-20T09:44:17+00:00,"**Россия продлит безвизовый режим для граждан Китая до конца 2027 года**, [сообщил](https://www.kommersant.ru/doc/8673564?tg) Дмитрий Песков.

«Безвизовая практика показала себя весьма положительно», — сказал он.

▪️ [Подписывайтесь на «Ъ» в MAX ](https://max.ru/kommersant)| [в Telegram](https://t.me/+bPtk49gFbCBkYzdi)",17497,16,,kommersant
107672,2026-05-20T09:29:30+00:00,"**Российские школьники с 1 сентября на занятиях по информатике начнут изучать профиль «Искусственный интеллект»**, [заявил](https://www.kommersant.ru/doc/8673526?tg) министр просвещения Сергей Кравцов.

В феврале Минпросвещения уже включило учебники «Введение в искусственный интеллект» в федеральный перечень школьных пособий.

▪️ [Подписывайтесь на «Ъ» в MAX ](https://max.ru/kommersant)| [в Telegram](https://t.me/+bPtk49gFbCBkYzdi)",17800,100,,kommersant
107671,2026-05-20T09:23:02+00:00,"**В Совфеде обсудили проблемы производства и продвижения патриотических фильмов** на совещании «О производстве художественных фильмов о специальной военной операции и героических подвигах военнослужащих вооруженных сил РФ».

«У нас не в жизни, а в кино и литературе проблема с героями. Это те, кто задает ролевые модели поведения. Прошлогоднее исследование показало, что у старшего поколения герой — Штирлиц, у среднего — Брат, у молодого — Человек-паук. Это достаточно страшно, потому что мы не сумели создать героя для молодого поколения. Видим портреты участников СВО на улицах, но не знаем их историй», — отметил президент Гильдии кинодраматургов Союза кинематографистов России Алексей Алешковский.

В числе главных проблем, затрудняющих кинопроцесс, представители отрасли назвали «бесконечные придирки» и согласования с Минобороны, а также трудности с получением техники для съемок. Так, чтобы получить для съемок танк, приходится дойти до замминистра, сетуют продюсеры.

Режиссер фильма про СВО «Малыш» Андрей Симонов призвал привлекать к работе над кинолентами военкоров, а также актеров и писателей, которые были на передовой и знают, что там происходит.

**__👉__****__ Подробности — в __**[**__материале__**](https://www.kommersant.ru/doc/8673179?tg)**__ «Ъ».__**

__📷____ «Каро-Премьер»__

▪️ [Подписывайтесь на «Ъ» в MAX ](https://max.ru/kommersant)| [в Telegram](https://t.me/+bPtk49gFbCBkYzdi)",17592,52,,kommersant
107663,2026-05-20T09:09:41+00:00,"**Как проходит двухдневный визит Владимира Путина в Пекин **—** **в фотогалерее «Ъ».

19 мая в аэропорту столицы его приветствовал глава МИД КНР Ван И, а 20 мая на площади Тяньаньмэнь президент России встретился с председателем КНР Си Цзинпином.

▪️ [Подписывайтесь на «Ъ» в MAX ](https://max.ru/kommersant)| [в Telegram](https://t.me/+bPtk49gFbCBkYzdi)",15252,32,,kommersant
107662,2026-05-20T09:04:58+00:00,"**🚂**** РЖД запустит продажу билетов на электрички с проверкой личности через «Макс»**

Сервис может заработать в сентябре 2026 года, сообщил гендиректор компании Олег Белозеров. Новым способом подтверждения личности смогут воспользоваться более 20 млн льготников.

Глава РЖД напомнил о пилотном запуске сервиса посадки на поезд по биометрии «Мигом», сейчас она доступна на направлениях из Москвы в Иваново, Кострому и Нижний Новгород.‍

Ранее идентификацию через мессенджер подключили крупные продуктовые сети. Она используется для подтверждения возраста при покупке товаров с возрастными ограничениями. Функцию внедряли и маркетплейсы, например, Ozon стал запрашивать проверку возраста через «Макс» на этапе оформления заказа энергетических напитков.

📡 [Сети меняются. Мы следим. Подписывайтесь](https://t.me/+SkQgmXpzMqFjZjli).",16349,47,,kommersant
107661,2026-05-20T08:59:07+00:00,"**В Севастополе при обрушении балкона в школе №13** **пострадали 10 детей**, сообщил губернатор Михаил Развожаев.

Школьники вышли на балкон, чтобы сфотографироваться. Они получили травмы разной степени тяжести. Губернатор пообещал разобраться в причинах ЧП.

▪️ [Подписывайтесь на «Ъ» в MAX ](https://max.ru/kommersant)| [в Telegram](https://t.me/+bPtk49gFbCBkYzdi)",16465,24,,kommersant
107660,2026-05-20T08:46:21+00:00,"**Юг собирает пробки**

Планировать летний отпуск на юг России становится все тяжелее. Билеты на поезда практически раскуплены. Причем туристы массово оформляют поездки сами, пытаясь сберечь бюджет, говорят собеседники ""Ъ FM"". Спрос на классические пакетные туры упал на 10-15%. В этом году положение не спасает и авиасообщение из-за регулярных переносов и отмен рейсов.

Свои услуги предлагают и сервисы такси. Путь из Москвы до Сочи, например, занимает 20-22 часов. Цена зависит от класса машины. Поездка обойдется минимум в 54 тыс. руб., максимально — в 113 тыс. руб.
__
____❓____ Как теперь добираться до моря? И сколько это будет стоить?__

💬 **Оксана Булах**, __коммерческий директор туроператора «Алеан»__: 
«С учетом того, что количество ""ковров"" повышается, растет и востребованность ж/д. Есть регионы — Анапа, Крым — где аэропорты закрыты. В этом году добавилось еще желание тех, кто раньше предпочитал самолеты, добираться наземным транспортом. Остается единственный способ — автомобиль. Количество автопутешественников в направлении Юга последние три года постоянно увеличивается».

💬 **Сергей Ромашкин**, __вице-президент АТОР:__ 
«Пропускная способность дороги на юг в Краснодарский край и Крым через Ростов и Краснодар достигла предела. Особенности авиасообщения и пересадка туристов с самолета на поезд не связаны. Дело в том, что билетов действительно не хватает».

🗣 [Слушать эфир](https://t.me/kfm936?livestream) l [Написать в чат-бот](https://t.me/kmfmbot) l [Подписаться](https://t.me/kfm936)",17755,75,,kommersant
107659,2026-05-20T08:31:18+00:00,"**В Польше задержали трех человек по подозрению в шпионаже в пользу России**, [сообщило](https://www.kommersant.ru/doc/8673480?tg) польское агентство внутренней безопасности.

Подозреваемые — мужчины в возрасте от 48 до 62 лет. Им также предъявили обвинения в изготовлении и распространении пропагандистских и дезинформационных материалов, подготовке к диверсиям и «публичном восхвалении войны» на Украине.

▪️ [Подписывайтесь на «Ъ» в MAX ](https://max.ru/kommersant)| [в Telegram](https://t.me/+bPtk49gFbCBkYzdi)",18458,22,,kommersant
107658,2026-05-20T08:04:07+00:00,"🗞🗞🗞🗞 **Разница в цене между первичным и вторичным жильем сократилась до 23%**, [стало известно](https://www.kommersant.ru/doc/8673199?tg) «Ъ».

По подсчетам ЦИАНа, в мае жилье на вторичном рынке в 40 городах России с населением от 500 тыс. человек стоило в среднем 152 тыс. руб. за 1 кв. м. Показатель снижается пятый месяц подряд, констатируют аналитики.

Это объясняется опережающим ростом цен на вторичное жилье, покупатели переориентируются на него в связи с сокращением программ льготной ипотеки. В рыночных условиях ценовая премия новостроек не может быть выше 9–15%.

#Ъузнал",20101,63,,kommersant
107656,2026-05-20T07:16:58+00:00,"**Безвизовый режим между Россией и Китаем продлят до 31 декабря 2027 года**, сообщили в МИД КНР.

▪️ [Подписывайтесь на «Ъ» в MAX ](https://max.ru/kommersant)| [в Telegram](https://t.me/+bPtk49gFbCBkYzdi)",20259,155,,kommersant
107655,2026-05-20T06:48:18+00:00,"**Дмитрий Песков **[**призвал**](https://www.kommersant.ru/doc/8673389?tg)** не относиться серьезно к заявлению властей Литвы о способности НАТО ударить по Калининграду.**

«Это заявление на грани безумия… Это, скорее, свидетельствует о том, какие там оголтелые политики», — сказал пресс-секретарь президента РФ.

Ранее глава МИД Литвы заявил, что у НАТО есть возможности для нанесения удара по российским военным объектам в Калининграде и уничтожения размещенных там установок ПВО и ракетных комплексов.

▪️ [Подписывайтесь на «Ъ» в MAX ](https://max.ru/kommersant)| [в Telegram](https://t.me/+bPtk49gFbCBkYzdi)",20289,67,,kommersant
107654,2026-05-20T06:42:23+00:00,"❗️ **Владимир Путин и Си Цзиньпин подписали заявление об углублении отношений России и Китая.**

Всего представители двух стран подписали 20 совместных документов.

▪️ [Подписывайтесь на «Ъ» в MAX ](https://max.ru/kommersant)| [в Telegram](https://t.me/+bPtk49gFbCBkYzdi)",18385,38,,kommersant
107653,2026-05-20T06:39:18+00:00,"**В Нижегородской области после атаки БПЛА загорелись два промышленных объекта**, сообщил губернатор региона Глеб Никитин. 

Ночью и утром там сбили 30 беспилотников.

Школы в Кстовском районе Нижнего Новгорода перевели на дистант.

▪️ [Подписывайтесь на «Ъ» в MAX ](https://max.ru/kommersant)| [в Telegram](https://t.me/+bPtk49gFbCBkYzdi)",17791,56,,kommersant
107652,2026-05-20T06:33:47+00:00,"↘️ **Курс доллара на Forex опустился ниже 71 руб. **впервые с начала 2023 года.

▪️ [Подписывайтесь на «Ъ» в MAX ](https://max.ru/kommersant)| [в Telegram](https://t.me/+bPtk49gFbCBkYzdi)",17646,68,,kommersant
107651,2026-05-20T06:30:22+00:00,"💬 «Металлоторговля — отрасль довольно консервативная»

В условиях кризиса на рынке один из крупнейших российских производителей стальной продукции — Объединенная металлургическая компания (ОМК) — этой весной первым запустил продажи труб и горячекатаного листа на Петербургской бирже.

Компания рассчитывает, что этот канал позволит привлечь дополнительных клиентов, заинтересованных в приобретении металла у производителя без посредников.

👉 О первых сделках и сложностях биржевой торговли металлом, причинах кризиса в отрасли и перспективах восстановления «Ъ» [рассказала](https://www.kommersant.ru/doc/8673095?tg) директор по продажам металлотрейдерам ОМК **Анастасия Шульдова.**

📷 __Пресс-служба ОМК__

#Ъузнал",18218,35,,kommersant
107650,2026-05-20T06:12:20+00:00,"**Россия и Китай продлят договор о добрососедстве, дружбе и сотрудничестве. **Об этом договорились Владимир Путин и Си Цзиньпин.

В этом году исполняется 25 лет с момента заключения договора, к этой дате приурочен визит президента России в Пекин.

По словам Си Цзиньпина, отношения между Москвой и Пекином встали на путь ускоренного развития.

▪️ [Подписывайтесь на «Ъ» в MAX ](https://max.ru/kommersant)| [в Telegram](https://t.me/+bPtk49gFbCBkYzdi)",17274,18,,kommersant
107649,2026-05-20T06:06:53+00:00,"**В России **[**разработан**](https://www.kommersant.ru/doc/8673148?tg)** новый профстандарт для преподавателей автошкол. **

С 1 сентября все инструкторы по вождению должны быть дипломированными педагогами, досконально знать устройство автомобиля, а также причины возникновения и порядок устранения неисправностей ТС.

Также при приеме на работу теперь будет учитываться только «подтвержденный» стаж вождения в течение трех лет.

▪️ [Подписывайтесь на «Ъ» в MAX ](https://max.ru/kommersant)| [в Telegram](https://t.me/+bPtk49gFbCBkYzdi)",19068,57,,kommersant
107648,2026-05-20T05:25:42+00:00,"**Сотрудники ФСБ **[**задержали**](https://www.kommersant.ru/doc/8673312?tg)** жителя Краснодара по подозрению в подготовке теракта.**

По версии спецслужбы, мужчина по заданию куратора с Украины планировал поджог объекта энергообеспечения железной дороги.

▪️ [Подписывайтесь на «Ъ» в MAX ](https://max.ru/kommersant)| [в Telegram](https://t.me/+bPtk49gFbCBkYzdi)",18731,18,,kommersant
107647,2026-05-20T05:09:37+00:00,"Владимир Путин подтвердил свое участие в саммите АТЭС в китайском Шэньчжэне в ноябре. 

Также он пригласил Си Цзиньпина в 2027 году посетить Россию.

__▶️____ Кремль __

▪️ [Подписывайтесь на «Ъ» в MAX ](https://max.ru/kommersant)| [в Telegram](https://t.me/+bPtk49gFbCBkYzdi)",19045,27,,kommersant
107646,2026-05-20T05:01:01+00:00,"📰 **Эксклюзивные материалы свежего номера газеты «Коммерсантъ»:**

🔵 Российский рынок медицинских технологий [достиг](https://www.kommersant.ru/doc/8673019?tg) 60 млрд руб.

🔵 Риски инфляции обошли риски вооруженных конфликтов, [свидетельствуют результаты опроса](https://www.kommersant.ru/doc/8673153?tg) портфельных управляющих.

🔵 Рынок агентского взыскания по итогам первого квартала 2026 года [показал максимум](https://www.kommersant.ru/doc/8673185?tg) за три года.

🔵 Один из крупнейших производителей продуктов питания в России ГК «Эфко» [займется](https://www.kommersant.ru/doc/8673096?tg) выпуском сладких напитков, запустив линейку HiPro.

🔵 Российский дистрибуторский бизнес поставщика моторных масел Valvoline [снова сменил собственника](https://www.kommersant.ru/doc/8673169?tg).

🔵 В Ингушетии [поймали](https://www.kommersant.ru/doc/8672945?tg) 53-летнего члена общины последователей Батал-Хаджи Белхороева (ее боевое крыло признано террористическим и запрещено в РФ).

🔵 Директор по продажам металлотрейдерам ОМК Анастасия Шульдова [рассказала](https://www.kommersant.ru/doc/8673095?tg)[ ](https://www.kommersant.ru/doc/8673095?tg)«Ъ» о первых сделках и сложностях биржевой торговли металлом, причинах кризиса в отрасли и перспективах восстановления.

🔵 Российская «Р-Фарм» и индийская Dr. Reddy’s [выведут](https://www.kommersant.ru/doc/8672205?tg) на российский рынок препарат для терапии рака торипалимаб.

🔵 Объем закупок рекламы в 2025 году [составил](https://www.kommersant.ru/doc/8672318?tg) чуть более 710 млрд руб., темпы роста замедлились более чем вдвое.

👉 __Читайте другие эксклюзивные заметки __[__на сайте __](https://www.kommersant.ru/daily/166374?tg)__«Ъ».__

#Ъузнал",80639,81,,kommersant
107645,2026-05-20T05:00:22+00:00,"**Силы ПВО за ночь сбили над Россией 273 БПЛА**, сообщили в Минобороны.

Дроны сбили над Белгородской, Брянской, Воронежской, Волгоградской, Калужской, Курской, Липецкой, Ленинградской, Московской, Нижегородской, Новгородской, Орловской, Ростовской, Смоленской, Тверской и Тульской областями, Краснодарским и Ставропольским краями, Крымом, Татарстаном и над акваториями Азовского и Черного морей.

▪️ [Подписывайтесь на «Ъ» в MAX ](https://max.ru/kommersant)| [в Telegram](https://t.me/+bPtk49gFbCBkYzdi)",19926,21,,kommersant
107644,2026-05-20T04:58:23+00:00,"**США не будут выводить военнослужащих из Европы в ближайшее время, **[заявил](https://www.kommersant.ru/doc/8673264?tg) главком НАТО генерал Алексус Гринкевич.

Заявлению предшествовали обеспокоившие европейских политиков заявления Дональда Трампа о выводе 5-тысячного контингента из Германии, а также отмена Пентагоном переброски 4 тыс. военнослужащих из США в Польшу.

▪️ [Подписывайтесь на «Ъ» в MAX ](https://max.ru/kommersant)| [в Telegram](https://t.me/+bPtk49gFbCBkYzdi)",17230,28,,kommersant
107643,2026-05-20T04:52:45+00:00,"**Швеция объявила о крупнейших инвестициях в оборону с 1980-х годов. **Страна закупит у Франции четыре фрегата за $4,25 млрд с первой поставкой в 2030 году.

«Это утроение потенциала противовоздушной обороны Швеции по сравнению с сегодняшним днем, что говорит о масштабе этого решения, о важности морской пехоты», — заявил премьер-министр Швеции Ульф Кристерссон.

▪️ [Подписывайтесь на «Ъ» в MAX ](https://max.ru/kommersant)| [в Telegram](https://t.me/+bPtk49gFbCBkYzdi)",17197,29,,kommersant
107642,2026-05-20T04:33:16+00:00,"**Российский рынок медицинских технологий начал восстанавливаться** и по итогам прошлого года прибавил 21,4%, [следует](https://www.kommersant.ru/doc/8673019?tg) из данных аналитического агентства Smart Ranking. 

Выручка 70 крупнейших компаний составила 60,6 млрд руб.

**Наиболее активно росли: 
**
🔸 Сегмент устройств (разработчики и производители высокотехнологичных медицинских изделий — от устройств для кардио и нейрохирургии до бионических протезов и эйлайнеров) — +38,1%;
🔸 Сегмент исследований — +22%;
🔸 Телемедицинские сервисы —  +17,6%.

Лидерство на медтех-рынке сохраняет «СберЗдоровье» с выручкой 13,4 млрд руб. (+26,3%).

📡 [Сети меняются. Мы следим. Подписывайтесь](https://t.me/+SkQgmXpzMqFjZjli).",18005,33,,kommersant
107641,2026-05-20T04:20:17+00:00,"🗞🗞🗞🗞 Миллиардер Борис Минц, покинувший восемь лет назад Россию, [может быть привлечен](https://www.kommersant.ru/doc/8673137?tg) к субсидиарной ответственности по иску структуры O1 Properties ООО «Квартал 674-675» (ранее владела бизнес-центром «Белая площадь» в центре Москвы).

Компания в прошлом году лишилась актива, но ее задолженность перед кредиторами составляет почти 70 млрд руб.

Борис Минц считает иск «необоснованным и крайне странным», так как не выступает бенефициаром актива более восьми лет и никогда не принимал по нему управленческих решений.

#Ъузнал",17776,51,,kommersant
107640,2026-05-20T04:00:49+00:00,"**⛅️**** Главные новости к утру**

🔸 Владимир Путин и Си Цзиньпин [встретились](https://www.kommersant.ru/doc/8673267?tg) в Пекине.

🔸 ЕС и США [достигли соглашения](https://www.kommersant.ru/doc/8673257?tg) по торговой сделке.

🔸 Сенат США [одобрил](https://www.kommersant.ru/doc/8673248?tg) законопроект об ограничении военных полномочий Дональда Трампа.

🔸 Передача иранского урана в Россию обсуждалась, [заявил](https://www.kommersant.ru/doc/8673255?tg) вице-президент США Джей Ди Вэнс.

🔸 МИД Латвии [выразил протест](https://www.kommersant.ru/doc/8673218?tg) России из-за обвинений СВР.

🔸 «Арсенал» впервые за 22 года [стал чемпионом](https://www.kommersant.ru/doc/8673230?tg) Англии.

#главноекутру",17730,12,,kommersant
107639,2026-05-20T03:54:06+00:00,"**Китай и Россия должны построить более справедливую систему глобального управления**, заявил Си Цзиньпин на встрече с Владимиром Путиным.

«В качестве постоянных членов Совбеза ООН и важных мировых держав Китай и Россия должны с учетом долгосрочных интересов добиться национального возрождения путем продвижения всеобъемлющего стратегического взаимодействия и более высокого уровня качества, построить более справедливую и разумную систему глобального управления»,— сказал председатель КНР​​​.

▪ [Подписывайтесь на «Ъ» в MAX ](https://max.ru/kommersant)| [в Telegram](https://t.me/+bPtk49gFbCBkYzdi)",16832,22,,kommersant
107638,2026-05-20T03:46:06+00:00,"**Товарооборот России и Китая за 25 лет вырос более чем в 30 раз**, заявил Владимир Путин в ходе российско-китайских переговоров.

«Уже несколько лет подряд (товарооборот. — ""Ъ"") уверенно превышает отметку в $200 млрд»,— отметил российский президент.

▪ [Подписывайтесь на «Ъ» в MAX ](https://max.ru/kommersant)| [в Telegram](https://t.me/+bPtk49gFbCBkYzdi)",17088,10,,kommersant
107637,2026-05-20T03:43:57+00:00,"Россия на фоне кризиса на Ближнем Востоке остается надежным поставщиком ресурсов, а Китай — ответственным потребителем, заявил Владимир Путин на переговорах с Си Цзиньпином.

Председатель КНР отметил, что Москва и Пекин вместе определяют вектор развития двусторонних отношений «на основе взаимного уважения, справедливости и взаимной выгоды».

▪ [Подписывайтесь на «Ъ» в MAX |](https://max.ru/kommersant) [в Telegram](https://t.me/+bPtk49gFbCBkYzdi)",17196,11,,kommersant
107636,2026-05-20T03:19:03+00:00,"Владимир Путин встретился с Си Цзиньпином у Дома народных собраний в Пекине, передает специальный корреспондент «Ъ» Андрей Колесников.

▪ [Подписывайтесь на «Ъ» в MAX ](https://max.ru/kommersant)| [в Telegram](https://t.me/+bPtk49gFbCBkYzdi)",17067,30,,kommersant
107635,2026-05-20T03:03:30+00:00,"**ЕС и США достигли соглашения по торговой сделке**, [сообщила](https://www.kommersant.ru/doc/8673257?tg) депутат Европарламента Желяна Зовко.

«Я с гордостью заявляю, что Европе удалось избежать разрушительной эскалации напряженности в трансатлантической торговле и защитить европейские компании, инвестиции и миллионы рабочих мест по обе стороны Атлантики»,— написала госпожа Зовко в соцсети X.

Торговая сделка между США и ЕС заключена в июле 2026 года. Согласно условиям соглашения, европейские товары, поставляемые в Соединенные Штаты, будут облагаться 15-процентной пошлиной.

✔️ [Подписывайтесь на «Ъ» в MAX |](https://max.ru/kommersant)[ в Telegram](https://t.me/+bPtk49gFbCBkYzdi)",16115,21,,kommersant
107634,2026-05-20T02:57:01+00:00,"**США хотят сохранить «свободу рук» в вопросах контроля над вооружениями**, заявил замглавы МИД России Сергей Рябков. Он добавил, что Вашингтон посылает противоречивые сигналы.

«Складывается устойчивое ощущение, что в Вашингтоне стремятся ""нагнать туман"" по вопросу возможного возобновления ядерных испытаний, посылая во внешний мир достаточно противоречивые сигналы»,— сказал господин Рябков ТАСС.

Как напомнил замглавы МИД, прошло около полугода с того момента, как Дональд Трамп дал указание Пентагону провести испытания ядерного оружия. Он уточнил, что каких-либо дальнейших разъяснений не последовало.

✔️ [Подписывайтесь на «Ъ» в MAX |](https://max.ru/kommersant)[ в Telegram](https://t.me/+bPtk49gFbCBkYzdi)",16152,13,,kommersant
107633,2026-05-20T02:27:01+00:00,"🗞🗞🗞🗞 **Риски инфляции обошли риски вооруженных конфликтов**, [свидетельствуют](https://www.kommersant.ru/doc/8673153?tg) результаты опроса портфельных управляющих, проведенного аналитиками Bank of America (BofA).

По данным опроса, лишь 20% респондентов назвали влияние геополитических конфликтов ключевым риском для мировой экономики на горизонте ближайших 12 месяцев. По сравнению с апрелем показатель снизился в два раза.

40% опрошенных назвали новую волну роста цен ключевым риском для мировой экономики в ближайшие 12 месяцев.  Это на 14 процентных пунктов (п. п.) выше показателя апреля.

Ей будут способствовать сохраняющиеся ограничения на судоходство в Ормузском проливе, которые подняли оценку нефтяных цен до $80–100 за баррель в конце года. В результате управляющие фондами активно увеличивают долю акций в портфелях — в первую очередь за счет американских компаний.

#Ъузнал",15862,15,,kommersant
107632,2026-05-20T02:00:20+00:00,"**Передача иранского урана в Россию обсуждалась**, заявил вице-президент США Джей Ди Вэнс.

«Подобные вещи обсуждаются в ходе переговоров... Кто знает? Я не собираюсь давать предварительных обязательств в ходе переговоров»,— сказал господин Вэнс на брифинге.

Он уточнил, что Тегеран на переговорах не поднимал это предложение.

✔️ [Подписывайтесь на «Ъ» в MAX |](https://max.ru/kommersant)[ в Telegram](https://t.me/+bPtk49gFbCBkYzdi)",15682,14,,kommersant
107631,2026-05-20T01:05:10+00:00,"**Банки с базовой лицензией и НКО не смогут приобретать иностранные финорганизации**

В Госдуму [внесен законопроект](https://www.kommersant.ru/doc/8673052?tg), согласно которому российские банки с универсальной лицензией должны будут получать разрешение на покупку контрольных пакетов в иностранных финансовых организациях, а банкам с базовой лицензией и небанковским кредитным организациям это будет запрещено. 

«Поправки направлены на устранение избыточного регулирования банков при осуществлении иностранных инвестиций и снижение их издержек»,— пояснил один из авторов законопроекта, глава комитета финансового рынка Думы Анатолий Аксаков.

Эксперты считают, что интерес у российских банков может появиться к активам в Азии и Латинской Америке, но лишь в перспективе.

▪ [Подписывайтесь на «Ъ» в MAX |](https://max.ru/kommersant) [в Telegram](https://t.me/+bPtk49gFbCBkYzdi)",16125,13,,kommersant
107630,2026-05-20T00:28:01+00:00,"**Россию настораживает активность США в Центральной Азии**, заявил замглавы МИД РФ Михаил Галузин.

«Нас настораживает активность, с которой Вашингтон проталкивает сделки по критически важным минералам и редкоземельным металлам. Речь идет не просто об экономической конкуренции, а о попытке вытеснить Россию и создать управляемую Западом инфраструктуру в непосредственной близости от наших границ»,— сказал он «Известиям».

По словам замглавы МИД, Соединенные Штаты и Евросоюз стремятся взять под контроль транспортные коридоры и природные ресурсы региона. Он добавил, что западные страны хотят побудить власти стран Центральной Азии отказаться от сотрудничества с Россией.

▪ [Подписывайтесь на «Ъ» в MAX |](https://max.ru/kommersant) [в Telegram](https://t.me/+bPtk49gFbCBkYzdi)",19818,71,,kommersant
107629,2026-05-19T23:49:14+00:00,"🗞🗞🗞🗞 Российский дистрибуторский бизнес поставщика моторных масел Valvoline снова сменил собственника, [выяснил «Ъ».](https://www.kommersant.ru/doc/8673169?tg)

Выкупившая в 2023 году актив компания VP Partners передала его Алексею Городисскому, специалисту по сделкам M&A.

Рынок моторных масел в России не растет, а импортная продукция теряет долю, говорят аналитики.

#Ъузнал",16298,14,,kommersant
107628,2026-05-19T22:56:07+00:00,"**«Единая Россия» **[**настраивает**](https://www.kommersant.ru/doc/8673123?tg)** участников будущих выборов на максимально тесный контакт с избирателями и их чаяниями. **Об этом секретарь генсовета партии Владимир Якушев рассказал на встрече с журналистами 19 мая.

От кандидатов требуют **умения заряжать граждан на позитив и отвечать на порой жесткую критику**. Оценивать выдвиженцев будут не только по итогам внутрипартийных праймериз, но и с помощью социологии, и кандидаты с низкими рейтингами и высокими антирейтингами на выборы не попадут, пообещал партиец.

▪ [Подписывайтесь на «Ъ» в MAX |](https://max.ru/kommersant) [в Telegram](https://t.me/+bPtk49gFbCBkYzdi)",17740,49,,kommersant
107627,2026-05-19T22:17:13+00:00,"**Сенат США одобрил законопроект об ограничении военных полномочий Дональда Трампа.** Семь предыдущих попыток принять документ были безуспешными.

Как передает CNN, законопроект поддержали 50 сенаторов, 47 выступили против. За ограничение военных полномочий Дональда Трампа проголосовали большинство демократов и четверо республиканцев, против — большинство республиканцев и один сенатор-демократ.

Впервые Сенат США вынес законопроект на голосование в 2025 году после ударов Соединенных Штатов по ядерным объектам в Иране. Во второй раз голосование прошло 5 марта — через несколько дней после начала военной операции США и Израиля против Ирана.

▪ [Подписывайтесь на «Ъ» в MAX |](https://max.ru/kommersant) [в Telegram](https://t.me/+bPtk49gFbCBkYzdi)",25634,91,,kommersant
107626,2026-05-19T21:48:03+00:00,"**Россия готова содействовать урегулированию конфликта США и Ирана**, сообщил постпред РФ при ООН Василий Небензя.

«Призываем стороны отказаться от языка угроз и повышения ставок и немедленно вернуться на путь политико-дипломатического урегулирования в целях выхода на устойчивое и долгосрочное решение»,— [сказал](https://www.kommersant.ru/doc/8673227?tg) он на заседании Совбеза ООН по Ближнему Востоку.

По словам постпреда, единственный способ завершить конфликт на Ближнем Востоке заключается в устранении его первопричин. Он добавил, что ответственность за эскалацию в регионе лежит на США и Израиле.

▪ [Подписывайтесь на «Ъ» в MAX |](https://max.ru/kommersant) [в Telegram](https://t.me/+bPtk49gFbCBkYzdi)",22159,26,,kommersant
107625,2026-05-19T21:13:56+00:00,"🗞🗞🗞🗞 **Рынок агентского взыскания по итогам первого квартала 2026 года показал максимум за три года. **В работу коллекторам [было передано](https://www.kommersant.ru/doc/8673185?tg) 14,4 млн долгов на 355,7 млрд руб.

Причем **доля долгов микрофинансовых организаций (МФО) впервые превысила долю банковской просрочки**: 163,7 млрд руб. против 156,5 млрд руб. соответственно.

Как отмечают эксперты, на рынке микрофинансирования сейчас наблюдается стагнация на фоне регуляторных ограничений, многие МФО вынуждены привлекать внешних партнеров.

#Ъузнал",20657,40,,kommersant
107624,2026-05-19T20:42:59+00:00,"▶️ **Пожар площадью около 5 тыс. кв. м на складе в Подмосковье локализован**, сообщили в ГУ МЧС по Московской области.

▪ [Подписывайтесь на «Ъ» в MAX |](https://max.ru/kommersant) [в Telegram](https://t.me/+bPtk49gFbCBkYzdi)",20653,28,,kommersant
107623,2026-05-19T19:47:38+00:00,"МИД Латвии вызвал временного поверенного в делах России Дмитрия Касаткина и **вручил ему ноту протеста после заявления СВР о якобы прибытии в республику военнослужащих украинских беспилотных подразделений.** Об этом сообщается на сайте латвийского внешнеполитического ведомства.

В Риге сочли, что российская разведка распространяет недостоверную информацию и опирается на прежние обвинения, которые латвийская сторона отвергает. 

В МИД также заявили, что не давали согласия на использование своей территории в интересах Украины.

▪ [Подписывайтесь на «Ъ» в MAX |](https://max.ru/kommersant) [в Telegram](https://t.me/+bPtk49gFbCBkYzdi)",21552,48,,kommersant
107622,2026-05-19T18:59:58+00:00,"🌒 **Главные новости к вечеру **

▪️ Президент России Владимир Путин [прилетел](https://www.kommersant.ru/doc/8673187?tg) в Пекин. 

▪️ В армии США [объяснили](https://www.kommersant.ru/doc/8673121?tg) удар по школе в Минабе ее нахождением на базе КСИР.

▪️ Британия [разрешила](https://www.kommersant.ru/doc/8673174?tg) импорт из третьих стран дизтоплива и керосина из российской нефти.

▪️  Министр здравоохранения Михаил Мурашко  [исключил](https://www.kommersant.ru/doc/8673190?tg) риски распространения вируса Эбола в России.

▪️ На складском комплексе в Подмосковье [произошел](https://www.kommersant.ru/doc/8673204?tg) пожар.

▪️ Состоялся [первый](https://www.kommersant.ru/doc/8673184?tg) полет прототипа двухместного истребителя Су-57.

#главноеквечеру",22705,10,,kommersant
107621,2026-05-19T18:44:22+00:00,"🗞🗞🗞🗞 Один из крупнейших производителей продуктов питания в России **ГК «Эфко» **[**займется**](https://www.kommersant.ru/doc/8673096?tg)** выпуском сладких напитков, запустив линейку HiPro**. Но на существенные объемы реализации выйти будет сложно из-за высокой стоимости — 180 руб. за банку. 

Причиной запуска может быть продвижение на рынке нового ингредиента — сладкого белка браззеина, который заменяет в продукции сахар.

#Ъузнал",22000,63,,kommersant
107620,2026-05-19T18:24:08+00:00,"💬 Да, церемония встречи Владимира Путина могла показаться не выдающейся. <…> председатель КНР в аэропорт не приехал. 

Поздним вечером 19 мая президент России Владимир Путин прилетел в Пекин, где его [встретил](https://www.kommersant.ru/doc/8673187?tg) специальный корреспондент «Ъ» Андрей Колесников.

▪ [Подписывайтесь на «Ъ» в MAX |](https://max.ru/kommersant) [в Telegram](https://t.me/+bPtk49gFbCBkYzdi)",37248,239,,kommersant
107619,2026-05-19T18:06:48+00:00,"После повышения ставки земельного налога с 0,3% до 1,5% для участков под ИЖС** десятки девелоперов **[**инициировали**](https://www.kommersant.ru/doc/8673132?tg)** споры с налоговиками.** Дело в том, что с конца 2023 года инспекции стали применять повышающие коэффициенты, из-за чего **налоговая нагрузка на таких застройщиков доходит до 6% (рост в 20 раз). **

Застройщикам многоквартирных домов сохранили льготную ставку. В арбитражных судах практика противоречива, и теперь разбираться в недостатках регулирования будет Конституционный суд РФ (КС). По словам опрошенных «Ъ» юристов, позиция КС актуальна не только для бизнеса, но и для граждан, имеющих участки под застройку.

▪ [Подписывайтесь на «Ъ» в MAX |](https://max.ru/kommersant) [в Telegram](https://t.me/+bPtk49gFbCBkYzdi)",22220,88,,kommersant
107618,2026-05-19T17:36:52+00:00,"❗️  **Состоялся первый полет прототипа двухместного истребителя пятого поколения Су-57,** сообщил первый вице-премьер Денис Мантуров. 

«Этот самолёт, инициативно разработанный нашими авиастроителями, помимо уникальных боевых характеристик  будет также обладать функционалом учебно-боевого самолета и возможностями самолета боевого управления».

▪ [Подписывайтесь на «Ъ» в MAX |](https://max.ru/kommersant) [в Telegram](https://t.me/+bPtk49gFbCBkYzdi)",23261,40,,kommersant
107617,2026-05-19T17:25:33+00:00,"Суд в Москве[ вынес приговор](https://www.kommersant.ru/doc/8673145?tg) по очередному уголовному делу руководителей пермского телефонного завода «Телта», обвиняемых в хищении в 2017–2023 годах 48 млн руб., выделенных на производство военно-полевых телефонов. 

Ранее осужденные за хищения 33,8 млн руб. владелец предприятия Игорь Морозов, экс-гендиректор Алексей Высоков и бывший главбух Елена Гришина на этот раз **предпочли признать вину в трех эпизодах мошенничества и двух — покушения на него, получив сроки от 10 до 12 лет заключения.** Наказание им было назначено по совокупности приговоров.

▪ [Подписывайтесь на «Ъ» в MAX |](https://max.ru/kommersant) [в Telegram](https://t.me/+bPtk49gFbCBkYzdi)",23491,83,,kommersant
107616,2026-05-19T16:46:48+00:00,"💬 У НАТО есть необходимые средства для уничтожения российских баз в эксклаве.
**
В России **[**начались**](https://www.kommersant.ru/doc/8673006?tg)** трехдневные учения по подготовке и применению ядерных сил в условиях «угрозы агрессии».** К маневрам привлечены все компоненты стратегической ядерной триады — ракетные войска стратегического назначения (РВСН), подводные ракетоносцы и дальняя авиация, а также силы Белоруссии, на территории которой будут отрабатываться вопросы совместной подготовки и применения размещенного там ядерного оружия. 

Эти учения з**аметно отличаются от прошлогодних более широким вовлечением морского компонента и совместной отработкой** вопросов применения ядерного оружия, отмечает эксперт.

▪ [Подписывайтесь на «Ъ» в MAX |](https://max.ru/kommersant) [в Telegram](https://t.me/+bPtk49gFbCBkYzdi)",21846,39,,kommersant
107615,2026-05-19T16:25:53+00:00,"Великобритания** бессрочно разрешила импорт дизптоплива и керосина,** произведенных из российской нефти в третьих странах.

 ▪ [Подписывайтесь на «Ъ» в MAX |](https://max.ru/kommersant) [в Telegram](https://t.me/+bPtk49gFbCBkYzdi)",29413,241,,kommersant
107614,2026-05-19T16:07:20+00:00,"Президент США Дональд Трамп **высоко оценил перспективы дипломатического соглашения с правительством Кубы**. 

По его словам, это соглашение поможет Кубе независимо от того, произойдет там «смена режима» или нет.

«Куба звонит нам. Им нужна помощь. Но Куба — это несостоявшаяся страна. Кубе нужна помощь, и мы ее окажем».

▪ [Подписывайтесь на «Ъ» в MAX |](https://max.ru/kommersant) [в Telegram](https://t.me/+bPtk49gFbCBkYzdi)",21139,23,,kommersant
107613,2026-05-19T15:33:55+00:00,"**🗞****🗞****🗞****🗞**** В Ингушетии **[**поймали**](https://www.kommersant.ru/doc/8672945?tg)** 53-летнего Бекхана Албогачиева** — члена общины последователей Батал-Хаджи Белхороева (ее боевое крыло признано террористическим и запрещено в РФ).

 Более 20 лет назад, по версии следствия, он с напарником совершил вооруженное нападение в Москве, пытаясь похитить новенький Lexus. Хозяин иномарки, несмотря на выстрел из пистолета, оказал отчаянное сопротивление налетчикам, которые были вынуждены скрыться от него и попали в аварию. 

Албогачиева проверяют на причастность к банде черных риэлторов, совершавшей махинации с квартирами, похищения и убийства их владельцев в столичном регионе.

📷 __Оперативная сьемка__

#Ъузнал",27135,36,,kommersant
107612,2026-05-19T15:22:21+00:00,"❗ **Владимир Путин прибыл с госвизитом в Китай,** передает специальный корреспондент «Ъ» Андрей Колесников.  

Его визит приурочен к 25-летию Договора о добрососедстве, дружбе и сотрудничестве между странами. По итогам переговоров стороны подпишут около 40 двусторонних документов.

Официальная часть визита начнется утром 20 мая с церемонии встречи Путина и Си на площади Тяньаньмэнь. Затем лидеры проведут переговоры в узком составе, где обсудят наиболее важные вопросы двусторонних отношений. 

▪ [Подписывайтесь на «Ъ» в MAX |](https://max.ru/kommersant) [в Telegram](https://t.me/+bPtk49gFbCBkYzdi)",84324,120,,kommersant
107611,2026-05-19T15:10:03+00:00,"▶️ В Пекине все готовы к прилету президента России Владимира Путина, передает специальный корреспондент «Ъ» Андрей Колесников. 

▪ [Подписывайтесь на «Ъ» в MAX |](https://max.ru/kommersant) [в Telegram](https://t.me/+bPtk49gFbCBkYzdi)",20661,35,,kommersant
107610,2026-05-19T14:51:58+00:00,"Германия **начала процесс приватизации ведущего энергетического концерна Uniper** спустя четыре года после его национализации. 

Правительство сократит свою долю в компании с 99,12% до 25% плюс 1 акции. 

Заинтересованным сторонам предлагается «проявить свой интерес в письменной форме, направив письмо о намерениях» до 12 июня. 

▪ [Подписывайтесь на «Ъ» в MAX |](https://max.ru/kommersant) [в Telegram](https://t.me/+bPtk49gFbCBkYzdi)",20165,32,,kommersant
107609,2026-05-19T14:30:15+00:00,"РТК-ЦОД [представил](https://www.kommersant.ru/doc/8670016) устойчивое к кибератакам хранилище резервных копий данных «Ковчег». Решение предназначено для организаций, которым требуется отдельная инфраструктура для восстановления ИТ-систем после кибератак, технических сбоев или иных чрезвычайных ситуаций. 

Как сообщили в компании, комплекс может размещаться как на площадках РТК-ЦОД, так и в инфраструктуре заказчика. В обоих случаях система изолируется от основной ИТ-среды. После загрузки данных их удаление, изменение или выгрузка из хранилища технически блокируются. Доступ к резервным копиям возможен только при наступлении аварийной ситуации. 

Кроме того, компания представила вариант «ЦОД на колесах» — контейнерный модуль, который при необходимости может быть физически эвакуирован на резервную площадку. 

По оценке iKS-Consulting, объем российского рынка решений для обеспечения непрерывности и восстановления ИТ-систем в 2026 году составит 7,3 млрд руб. При среднегодовом росте на уровне 16,4% к 2030 году сегмент может превысить 13,3 млрд руб.

__#Технологии__",21210,52,,kommersant
107608,2026-05-19T13:55:48+00:00,"**В Евросоюзе предложили продлевать антироссийские санкции сразу на год вперед**, сообщает Politico со ссылкой на европейских чиновников и дипломатов, знакомых с ходом обсуждения.

Собеседники издания заявили, что идея направлена на укрепление политической и правовой надежности санкционного режима в отношении России. 

Так, утверждение пакета санкций требует единогласного решения всех стран-участниц, и европейские дипломаты каждые полгода сталкиваются с риском непринятия санкций политиками отдельных стран. Также продление санкций сразу на год вперед позволит снизить административную нагрузку на Брюссель.

▪ [Подписывайтесь на «Ъ» в MAX |](https://max.ru/kommersant) [в Telegram](https://t.me/+bPtk49gFbCBkYzdi)",20386,33,,kommersant
107607,2026-05-19T13:20:39+00:00,"«Инфицированные путешествовали и посещали похороны как минимум месяц».

Новая вспышка лихорадки Эбола в Конго и соседней Уганде — одна из главных тем сегодня для мировых медиа. Наиболее важный из обсуждаемых аспектов — необыкновенно медленная реакция властей и медиков, что, возможно, способствовало распространению заболевания. 

А еще наблюдатели говорят, что нынешняя вспышка может активизировать стремление континента к «суверенитету в сфере здравоохранения».

🔵 **The Irish Times (Дублин, Ирландия):**

__«Пандемия COVID-19 ясно показала, что скорость установления диагноза и начала лечения критически важна для сдерживания распространения смертельно опасных вирусов… Особенную озабоченность вызывает тот факт, что для распространяющегося сейчас штамма вируса нет конкретного лечения или вакцины, а смертность от него достигает 30–50%. Его трудно выявить и остановить, и властям на местах приходится справляться в условиях сокращения западной помощи, из-за которого лаборатории остались без диагностического оборудования и тест-наборов. Первые сообщения указывают на значительное число смертей среди медицинского персонала. Быстрое наращивание международной помощи жизненно важно».__

🔵 **Le Monde (Париж, Франция):**

__«Это всего лишь третья вспышка, вызванная штаммом Бундибугио. В этом и кроется главная проблема: штамм пока недостаточно исследован… Первые случаи заражения появились в апреле или даже в марте. Но Всемирную организацию здравоохранения (ВОЗ) уведомили только 5 мая. На место отправили команду специалистов, но первые тесты были отрицательными, потому что использованное оборудование было рассчитано (на другой штамм.— **“Ъ”**). Взятые анализы только 14 мая подтвердили наличие вируса. На следующий день установили, что это штамм Бундибугио, а еще через два дня ВОЗ признала наличие ЧС международного значения. Эта замедленная реакция почти наверняка способствовала распространению вируса в регионе. Теперь угроза заражения есть и в соседней Уганде. ""Мы не знаем реальной динамики,— говорит профессор вирусологии университета Монпелье и Национального института здоровья и медицинских исследований Франции Янник Симонен.— Это не типичная вспышка Эбола""».__

🔵 **The New York Times (Нью-Йорк, США):**

__«В Конго существуют системы эпидемиологического надзора для раннего выявления вспышек заболевания, чтобы их можно было эффективно локализовать… И все же драгоценное время было потеряно, когда чиновники в Итури, провинции, находящейся в эпицентре нынешней вспышки, не подняли тревогу, когда у пациентов начали проявляться симптомы. Образцы, возможно, недостаточно быстро отправили в Киншасу для тестирования… Последствия такой длительной задержки могут оказаться катастрофическими… Пока неизвестно, когда началась эта вспышка. Инфицированные путешествовали и посещали похороны как минимум месяц».__

👉 __О том как в мире реагируют на рост заболеваемости лихорадкой Эбола, — в __[__подборке «Ъ».__](https://www.kommersant.ru/doc/8672739?tg)

▪ [Подписывайтесь на «Ъ» в MAX |](https://max.ru/kommersant) [в Telegram](https://t.me/+bPtk49gFbCBkYzdi)",20877,30,,kommersant
107606,2026-05-19T12:48:56+00:00,"▶️ В «Московском комсомольце» прокомментировали «Ъ»  проникновение в здание редакции: 

«Они поднялись на третий этаж, где сидят наши арендаторы. Никакого отношения к деятельности ""МК"" то, что происходит сейчас в здании, не имеет», — подчеркнул замгендиректора «МК» Олег Воробьев. 

▪ [Подписывайтесь на «Ъ» в MAX |](https://max.ru/kommersant) [в Telegram](https://t.me/+bPtk49gFbCBkYzdi)",22927,50,,kommersant
107605,2026-05-19T12:32:59+00:00,"⭐️⭐️⭐️⭐️⭐️⭐️**Билеты на финал Лиги чемпионов обойдутся россиянам примерно в полмиллиона рублей**, сообщили ""Ъ FM"" перекупщики и участники рынка. По сравнению с прошлым годом цены выросли почти вдвое.

УЕФА открыл продажи в марте: официально билеты стоили от €70 до €1 тыс., но их быстро раскупили. Сейчас попасть на финал можно только через перепродажу — в России цены начинаются примерно от €3,5 тыс. и доходят до 1 млн руб.

💬 **Сергей**, __перекупщик:__
«На финал есть три категории билетов. Самые дешевые — третья категория, за воротами. Сейчас они стоят примерно €3,5 тыс. — это сторона ""ПСЖ"". На сторону ""Арсенала"" — около €4,5. Есть и нейтральные сектора, там цены примерно €4 тыс. Сильно цена уже не будет двигаться: максимум €500. 

Что касается покупки у перекупщиков: сейчас УЕФА рассылает билеты через приложение. Формально билет привязан к телефону и его нельзя переслать, но обходы есть — например, передают логин и пароль от аккаунта, и покупатель сам скачивает билет. Фейков тоже много. Мне, например, присылали скриншот ""билета"", но там сразу была ошибка — время начала матча указано по московскому времени, что в оригинале УЕФА не используется».

📌 __Финал Лиги чемпионов между «Арсеналом» и «Пари Сен-Жермен» пройдет в Будапеште 30 мая.__

🗣 [Слушать эфир](https://t.me/kfm936?livestream) l [Написать в чат-бот](https://t.me/kmfmbot) l [Подписаться](https://t.me/kfm936)",20216,67,,kommersant
107604,2026-05-19T11:50:26+00:00,"**В российских школах появится единый учебник по физкультуре. Минпросвещения занимается его разработкой. **Об этом сообщил глава ведомства Сергей Кравцов на Всероссийском съезде учителей физкультуры в Тульской области.

«У нас уже утверждена единая программа обучения физической культуре, сейчас разрабатывается государственный учебник»,— [рассказал](https://www.kommersant.ru/doc/8672817?tg) господин Кравцов журналистам (цитата по «РИА Новости»).

Пока в России существует только единое учебное пособие по истории. Уже разработан, но еще не используется в школах единый учебник по обществознанию для 9–11-х классов. В текущем году Минпросвещения займется разработкой единых учебников по русскому языку, литературе, географии, а также физико-математическим предметам.

▪ [Подписывайтесь на «Ъ» в MAX |](https://max.ru/kommersant) [в Telegram](https://t.me/+bPtk49gFbCBkYzdi)",21963,133,,kommersant
107603,2026-05-19T11:32:32+00:00,"❗️ **В здание на улице 1905 года, где располагается редакция «Московского комсомольца», ворвалась группа неизвестных людей в масках,** [сообщило](https://www.kommersant.ru/doc/8672806?tg) издание. Согласно опубликованной записи с камеры наблюдения в холле, мужчины в балаклавах прошли через турникеты без предъявления документов охране.

Главный редактор «МК» Павел Гусев сообщил «Ведомостям», что «вооруженные с кувалдами» поднялись на третий этаж, где находится коммерческая организация. Предположительно, речь идет об офисе сторонней структуры, арендующей помещение в здании.

▪ [Подписывайтесь на «Ъ» в MAX |](https://max.ru/kommersant) [в Telegram](https://t.me/+bPtk49gFbCBkYzdi)",44282,210,,kommersant
107602,2026-05-19T11:26:49+00:00,"Арбитражный суд Челябинской области решил списать долг ЮГК перед экс-владельцем компании Константином Струковым на сумму более 17 млрд руб. Об этом [сообщил](https://www.kommersant.ru/doc/8672776?tg) ТАСС один из участников процесса. 

С господина Струкова будет взыскана госпошлина в размере 10 млн руб.

▪ [Подписывайтесь на «Ъ» в MAX |](https://max.ru/kommersant) [в Telegram](https://t.me/+bPtk49gFbCBkYzdi)",20695,30,,kommersant
107601,2026-05-19T11:01:03+00:00,"**Полиция Каталонии **[**задержала**](https://www.kommersant.ru/doc/8672695?tg)** сына основателя сети магазинов Mango — Джонатана Андика — по подозрению в убийстве отца, **передает Reuters. 71-летний Исак Андик погиб в декабре 2024 года при падении с обрыва. Изначально смерть рассматривали как несчастный случай, на этой же версии настаивает его сын.

В день смерти предприниматель был на прогулке с сыном, который стал единственным свидетелем трагедии. Через несколько недель дело о смерти бизнесмена закрыли, но в марте 2025-го суд города Марторель возобновил расследование. У полиции вызвали подозрения противоречивые показания наследника погибшего. 

Также выяснилось, что перед поездкой в горы он попросил телохранителя своего отца «оставить их наедине». Кроме того, девушка Джонатана Андика, гольфистка Эстефания Кнут, заявила, что у него были «порою напряженные» отношения с отцом, отмечает AFP.

▪ [Подписывайтесь на «Ъ» в MAX |](https://max.ru/kommersant) [в Telegram](https://t.me/+bPtk49gFbCBkYzdi)",21343,105,,kommersant
107600,2026-05-19T10:38:38+00:00,"🗞🗞🗞🗞 **В РФ появится новый препарат для лечения рака. **Группа «Р-Фарм» договорилась с индийской Dr. Reddy’s о выводе на российский рынок препарата на основе моноклональных антител — торипалимаба. Впервые он был зарегистрирован в Китае восемь лет назад компанией Junshi Biosciences. В России регистрация препарата [ожидается в 2027 году.](https://www.kommersant.ru/doc/8672205?tg)

Это средство показано для лечения различных видов рака, в том числе пищевода и носоглотки. Если торипалимаб попадет в клинические рекомендации и в перечень жизненно важных препаратов, то он может приносить производителям на российском рынке 5–10 млрд руб. в год.

#Ъузнал",20431,97,,kommersant
107599,2026-05-19T10:28:39+00:00,"**В Эстонии впервые сбили беспилотник, нарушивший воздушное пространство страны. **БПЛА, предположительно, принадлежал Украине, [сообщил](https://www.kommersant.ru/doc/8672728?tg) глава Минобороны страны Ханно Певкур.

По словам министра, дрон упал в районе озера Выртсъярв.

▪ [Подписывайтесь на «Ъ» в MAX |](https://max.ru/kommersant) [в Telegram](https://t.me/+bPtk49gFbCBkYzdi)",19100,43,,kommersant
107598,2026-05-19T10:14:41+00:00,"🪙 **Российский рубль в этом квартале стал лидером среди валют, укрепившихся по отношению к американскому доллару, **[пишет](https://www.kommersant.ru/doc/8672713?tg) Bloomberg. 

Росту курса рубля способствовало резкое увеличение валютных поступлений от продажи нефти из-за конфликта на Ближнем Востоке, указывает агентство.

Bloomberg отмечает, что второй год подряд российская валюта опровергает «официальные и рыночные прогнозы», которые предсказывали девальвацию рубля.

▪ [Подписывайтесь на «Ъ» в MAX |](https://max.ru/kommersant) [в Telegram](https://t.me/+bPtk49gFbCBkYzdi)",19662,49,,kommersant
107597,2026-05-19T10:09:53+00:00,"**ВОЗ предупредила о растущем риске новой глобальной пандемии, **которая может превзойти по разрушительности вспышки коронавируса и лихорадки Эбола.

Эксперты [отмечают,](https://www.kommersant.ru/doc/8672662?tg) что в последние годы вспышки инфекционных заболеваний происходят все чаще и оказывают серьезное воздействие на здравоохранение, экономику и социальную стабильность. 

Среди ключевых факторов угрозы указаны активная международная мобильность, экологические изменения и снижение доверия населения к государственным институтам.

В середине мая в Демократической Республике Конго произошла новая вспышка лихорадки Эбола. По данным на 19 мая, жертвами инфекции стал 131 человек. Еще у 513 — выявлены признаки заражения. 

▪ [Подписывайтесь на «Ъ» в MAX |](https://max.ru/kommersant) [в Telegram](https://t.me/+bPtk49gFbCBkYzdi)",19357,100,,kommersant
107596,2026-05-19T09:57:22+00:00,"**К 2030 году кадровый дефицит в России может достичь 3,1 млн человек.** Российские отрасли могут почти полностью закрыть его за счет реализации программ повышения производительности труда, [заявил](https://www.kommersant.ru/doc/8672592?tg) вице-премьер Александр Новак.

Господин Новак назвал дефицит кадров одним из ограничителей экономического роста. 

▪ [Подписывайтесь на «Ъ» в MAX |](https://max.ru/kommersant) [в Telegram](https://t.me/+bPtk49gFbCBkYzdi)",25049,96,,kommersant
107595,2026-05-19T09:50:59+00:00,"💵 Внебиржевой курс доллара опустился до 71,3 руб. впервые с февраля 2023 года, следует из данных торгов.

▪ [Подписывайтесь на «Ъ» в MAX |](https://max.ru/kommersant) [в Telegram](https://t.me/+bPtk49gFbCBkYzdi)",18366,69,,kommersant
107594,2026-05-19T09:26:39+00:00,"🗞🗞🗞🗞 **Посещаемость развлекательных зон торговых центров выросла за год на 3%. Это единственная значимая категория арендаторов, **[**показавшая рост. **](https://www.kommersant.ru/doc/8672312?tg)

Количество визитов в привычные магазины снизилось на 3–6%, в заведения общепита — на 1%. Развлекательная составляющая позволяет сгладить общее падение трафика в торгцентрах, но по итогам года оно все равно составит 2–4%.

Посещение досуговых объектов зачастую становится основной целью визитов в торговые центры. Эксперты связывают это с общим ростом запроса на впечатления. Из-за стремления населения сократить траты организация досуга в ТЦ может рассматриваться как доступный вариант отдыха.

#Ъузнал",20240,61,,kommersant
107593,2026-05-19T09:08:16+00:00,"**Пять человек погибли в результате опрокидывания лодки на озере Байкал,** сообщили в МЧС по Республике Бурятия. По уточненной информации, на борту находились 18 человек, спасено 13 пассажиров, в том числе один ребенок.

«Одна женщина получила рваную рану ноги, госпитализирована в медучреждение», — добавили в ведомстве.

[@kommersant](https://t.me/+bPtk49gFbCBkYzdi)",22297,40,,kommersant
107592,2026-05-19T09:00:36+00:00,"**Конституционный суд (КС) принял жалобу жительницы Ленинградской области, оспаривающей снос ее дома в деревне Большие Пороги. **Гражданка в 2021 году купила там два участка, построила и оформила на одном из них дом, успев даже получить материнский капитал на стройку. 

После чего выяснилось, что ее земля с 2015 года входит в охранную зону памятника «Безымянная высота», а ее дом власти потребовали снести как самострой. Суды признали, что в Едином государственном реестре недвижимости (ЕГРН) не было сведений об обременениях на землю, но не сочли это достаточным аргументом. 

Опрошенные «Ъ» юристы считают иначе. В частности, руководитель коммерческой практики адвокатского бюро «Плешаков, Ушкалов и партнеры» Жанна Колесникова отмечает, что власти согласовали строительство дома на спорном участке и разрешили использовать материнский капитал. 

«То есть государственные органы совершали активные действия, подтверждающие правомерность строительства. Снос дома в такой ситуации не просто противоречит позициям высших судов, но и создает опасный прецедент»,— полагает госпожа Колесникова.

__👉____ Подробнее — __[__в материале «Ъ».__](https://www.kommersant.ru/doc/8672215?tg)

▪ [Подписывайтесь на «Ъ» в MAX |](https://max.ru/kommersant) [в Telegram](https://t.me/+bPtk49gFbCBkYzdi)",84470,280,,kommersant
107591,2026-05-19T08:37:31+00:00,"❗️ **Правительство Таиланда одобрило сокращение срока безвизового режима с 60 до 30 дней для граждан более чем 90 стран,** [сообщает](https://www.kommersant.ru/doc/8672609?tg) местная газета Khaosod. Новые правила затронут в том числе туристов из России. 

С предложением сократить срок безвизового пребывания для иностранных туристов выступил МИД Таиланда. По мнению министра иностранных дел Сихасака Пхуангкеткеоу, срок действия визы должен соответствовать цели поездки, а путешественникам достаточно 30 дней в стране.

▪ [Подписывайтесь на «Ъ» в MAX |](https://max.ru/kommersant) [в Telegram](https://t.me/+bPtk49gFbCBkYzdi)",18736,98,,kommersant
107590,2026-05-19T08:34:27+00:00,"**В Минфине России рассматривается вариант ужесточения семейной ипотеки,** узнал «Ъ». По данным «Московской перспективы», с 1 июля ее [хотят сделать дороже](https://www.kommersant.ru/doc/8672541?tg) в случае, если второй родитель оформит новую ипотеку, и в случае, если заемщик не состоит в браке и не зарегистрирован по одному адресу с ребенком. 

«Московская перспектива» отмечает, что речь идет в том числе об ипотеках, которые были оформлены после февраля этого года.

В Минстрое инициативу одобрили, однако министерство считает, что нововведения не должны касаться уже выданных кредитов. Пока неизвестно, как именно изменится ставка и как будут проверять соблюдение новых условий, отмечает «Московская перспектива».

▪ [Подписывайтесь на «Ъ» в MAX |](https://max.ru/kommersant) [в Telegram](https://t.me/+bPtk49gFbCBkYzdi)",21017,92,,kommersant
107589,2026-05-19T08:15:45+00:00,"❗️ **Катер с людьми перевернулся на озере Байкал, четыре человека остаются под водой, одного госпитализировали.** Об этом сообщили в прокуратуре Бурятии. По предварительным данным, инцидент произошел в 30 м от местности Черепаха.

__📷____ Прокуратура Республики Бурятия__

▪ [Подписывайтесь на «Ъ» в MAX |](https://max.ru/kommersant) [в Telegram](https://t.me/+bPtk49gFbCBkYzdi)",18668,43,,kommersant
107588,2026-05-19T08:03:23+00:00,"**Объем закупок рекламы в 2025 году составил чуть более 710 млрд руб., темпы роста замедлились более чем вдвое, до 13%.** Это следует из нового рейтинга медиаагентств, подготовленного АКАР совместно с Sostav, [с которым ознакомился «Ъ».](https://www.kommersant.ru/doc/8672318?tg)

Лидером по объему стала компания Media Instinct с ростом бюджета на 19%, до 63,6 млрд руб. Среди медиахолдингов в 2025 году первое место занял Group 1 (входит OMD Optimum Media, Media Instinct) с долей в 165,3 млрд руб. 

С оценкой динамики рынка компании в целом согласны, но мнения относительно итоговых позиций некоторых участников рейтинга разошлись.

Эксперты отмечают, что текущее положение топ-5 компаний указывает на этап консолидации и специализации на рынке. На общее замедление темпов роста рынка влияет ужесточение условий для рекламодателей. В текущих условиях для рекламных групп ключевой метрикой становится эффективность инвестиций и надежность партнеров, добавляют аналитики.

[📡 ](https://t.me/+SkQgmXpzMqFjZjli)[Тренды телекома. Коротко и по делу. Подписывайтесь.](https://t.me/+u7AJNT_CTAwzNTgy)",18831,30,,kommersant
107587,2026-05-19T07:33:39+00:00,"**Причиной аварийной посадки Ан-2 в Якутии стал отказ двигателя, **сообщили в Восточном межрегиональном следственном управлении на транспорте СКР. Самолет патрулировал пожароопасную обстановку. 

«После совершения посадки на судне произошло возгорание, размер ущерба устанавливается».  

По факту аварийной посадки возбуждено уголовное дело.

▪ [Подписывайтесь на «Ъ» в MAX |](https://max.ru/kommersant) [в Telegram](https://t.me/+bPtk49gFbCBkYzdi)",18311,17,,kommersant
107586,2026-05-19T07:16:38+00:00,"**В Воронежской области задержаны двое иностранных граждан, их подозревают в подрыве беспилотника в воинской части региона. **Об этом сообщили в ФСБ.

По данным ведомства, иностранцев через Telegram завербовали представители Службы безопасности Украины. По указанию куратора они покупали зарегистрированные на подставных лиц сим-карты и проверяли на конкретных участках местности уровень сигнала мобильных операторов связи.

В дальнейшем по заданию украинских спецслужб мужчины прибыли в Воронежскую область, чтобы изъять оснащенные взрывчаткой FPV-дроны, после чего подорвали один из них в воинской части.

Возбуждены уголовные дела. Решением суда обоих задержанных заключили под стражу.

▪ [Подписывайтесь на «Ъ» в MAX |](https://max.ru/kommersant) [в Telegram](https://t.me/+bPtk49gFbCBkYzdi)",25340,38,,kommersant
107585,2026-05-19T07:02:20+00:00,"**Россия и Киргизия **[**ищут компромиссные формулировки**](https://www.kommersant.ru/doc/8672291?tg)** для школьных учебников.
**
Так, российские учебники по истории могут быть изменены для улучшения отношений с соседними странами. Об этом было заявлено на заседании Российско-кыргызского экспертно-консультативного совета по истории, который организовало Российское военно-историческим общество. 

На мероприятии историки из РФ попросили коллег из Киргизии отказаться от использования в учебниках термина «колониализм» по отношению к Российской империи и СССР. 

«Если мы заменим ""колониализм"" или ""колониальная политика"" на ""администрацию"" и ""административные мероприятия"", то получается, что какие-то вещи сразу меняют свой цвет», — отметил научный сотрудник Института востоковедения РАН Андрей Быков.

Киргизские ученые назвали пересмотр терминологии «архисложной задачей», но согласились обсудить эту тему.

▪ [Подписывайтесь на «Ъ» в MAX |](https://max.ru/kommersant) [в Telegram](https://t.me/+bPtk49gFbCBkYzdi)",19330,133,,kommersant
107584,2026-05-19T06:48:08+00:00,"❗️ Самолет Ан-2 совершил аварийную посадку в лесу в Якутии. На борту находились восемь человек, сообщили в региональном МЧС. 

Уточняется, что воздушное судно вылетело из населенного пункта Теплый Ключ. Командир принял решение о возвращении в аэропорт вылета, после чего на связь не выходил.

«После аварийной посадки поступило сообщение о координатах воздушного судна и выходе пассажиров из лесного массива пешком, в сторону Теплого ключа», — говорится в сообщении.  

Для оказания помощи пассажирам и экипажу из Якутска на место ЧП отправились спасатели и медики.

▪ [Подписывайтесь на «Ъ» в MAX |](https://max.ru/kommersant) [в Telegram](https://t.me/+bPtk49gFbCBkYzdi)",18255,10,,kommersant
107583,2026-05-19T06:18:07+00:00,"**В апреле 2026 года спрос на новостройки в городах-миллионниках **[**сократился,**](https://www.kommersant.ru/doc/8672243?tg)** по разным оценкам, от 21,4% до 27,3% год к году. **Самое выраженное сокращение объема сделок с новостройками фиксируется в Волгограде. 

При этом, несмотря на падение спроса на новостройки, цены на них продолжают расти. По оценкам аналитиков, в апреле 2026 года средняя цена предложения на первичном рынке жилья по российским городам-миллионникам увеличилась на 12,3% год к году, до 219,6 тыс. руб. за 1 кв. м.

Эксперты считают, что восстановление рынка первичного жилья возможно только при снижении ключевой ставки ЦБ до уровня 8–10%. А власти заявляют, что запас прочности у застройщиков фактически исчерпан и отрасль может столкнуться с серьезными рисками.

#Ъузнал",18889,73,,kommersant
107582,2026-05-19T06:11:10+00:00,"**❗️**** С 19 по 21 мая в ВС РФ проводятся учения по подготовке и применению ядерных сил в условиях угрозы агрессии, сообщили в Минобороны. **Главное:

🔹 Целями ядерных учений ВС РФ являются отработка действий по сдерживанию противника и проверка уровня подготовки привлекаемых войск.

🔹 К учениям ВС РФ по применению ядерных сил привлекут более 64 тыс. военных, свыше 7,8 тыс. единиц техники.

🔹 Войска РВСН, ТОФ и Северный флот привлечены к участию в учениях.

🔹 В ходе учений по подготовке и применению ядерных сил будут даны пуски баллистических и крылатых ракет по полигонам на территории РФ.

🔹 Восемь подводных лодок стратегического назначения будут привлечены к учениям ядерных сил.

🔹 Более 200 ракетных пусковых установок будут привлечены к учениям ядерных сил 19-21 мая.

🔹 ВС РФ на учениях отработают вопросы совместной подготовки и применения ядерного оружия, размещенного в Белоруссии.

▪ [Подписывайтесь на «Ъ» в MAX |](https://max.ru/kommersant) [в Telegram](https://t.me/+bPtk49gFbCBkYzdi)",42633,160,,kommersant
107581,2026-05-19T05:54:56+00:00,"📰 **Эксклюзивные материалы свежего номера газеты «Коммерсантъ»:**

🔵 Продажи первичного жилья в апреле в крупных городах России [снизились](https://www.kommersant.ru/doc/8672243?tg) на 21–27%.

🔵 Спрос на черную икру в России [сократился на 22%](https://www.kommersant.ru/doc/8672233?tg) — потребители массово отказываются от деликатеса.

🔵 Президент «Ростелекома» Михаил Осеевский [в интервью «Ъ» рассказал](https://www.kommersant.ru/doc/8672184?tg) о больших рынках и здоровье конкурентов.

🔵 Цены на энергетический уголь средней калорийности в портах Дальнего Востока[ приблизились](https://www.kommersant.ru/doc/8672218?tg) к $90 за тонну, установив новый годовой максимум. 

🔵 УК «Озон управление активами»[ зарегистрировала](https://www.kommersant.ru/doc/8672186?tg) пять биржевых фондов (БПИФ) на разные классы активов.

🔵 Права на показ чемпионата мира по футболу-2026[ купил](https://www.kommersant.ru/doc/8672231?tg) «Газпром-медиа холдинг».

🔵 На предварительное внутрипартийное голосование «Единой России» по выборам в Госдуму заявились более 75% действующих депутатов-единороссов, [подсчитал «Ъ». ](https://www.kommersant.ru/doc/8672265?tg)

🔵 Взяткодатель по делу экс-начальника столичного департамента культуры Александра Кибовского [утратил](https://www.kommersant.ru/doc/8672223?tg) свободу, бизнес и квартиру.

__👉____ Читайте другие эксклюзивные заметки __[__на сайте «Ъ».__](https://www.kommersant.ru/daily/166373?tg)

#Ъузнал",78203,126,,kommersant
107580,2026-05-19T05:35:42+00:00,"🗞🗞🗞🗞 **Спрос на открытие франшиз, по разным оценкам, **[**снизился**](https://www.kommersant.ru/doc/8672198?tg)** на 28,4–45%. **Серьезнее всего пострадали те сегменты, где требуются наибольшие затраты на старт: например, торговля, общепит, образовательные услуги, туризм и бьюти-сегмент.

Спрос на франшизы падает вместе с общей деловой активностью с сентября 2025 года, отмечают в Franshiza. ru. Этому способствуют высокая стоимость заемных средств для инвестирования, падение покупательской способности, рост налогов, ограничения связи во многих регионах, закрытие привычных для бизнеса каналов продвижения товаров и услуг.

По спросу на франшизы отрасль сейчас откатилась примерно к 2011 году, добавляют в «Бизнесменс. ру».

#Ъузнал",18065,68,,kommersant
107579,2026-05-19T05:13:06+00:00,"❗️ Силы ПВО сбили за ночь **315 беспилотников** над регионами России, сообщили в Минобороны.

▪ [Подписывайтесь на «Ъ» в MAX |](https://max.ru/kommersant) [в Telegram](https://t.me/+bPtk49gFbCBkYzdi)",17618,20,,kommersant
107578,2026-05-19T05:11:59+00:00,"**В Ярославской области БПЛА ударил по промышленному объекту. Начался пожар, **сообщил губернатор региона Михаил Евраев.

«Большинство беспилотников были сбиты, но произошло попадание в промышленный объект. Возгорание ликвидируют специальные службы. Пострадавших нет»,— написал господин Евраев в Telegram.

Ранее губернатор сообщал, что из-за налета беспилотников перекрыто движение транспорта на выезде из Ярославля в направлении Москвы. Он уточнил, что в настоящий момент движение восстановлено.

▪ [Подписывайтесь на «Ъ» в MAX |](https://max.ru/kommersant) [в Telegram](https://t.me/+bPtk49gFbCBkYzdi)",18663,45,,kommersant
107577,2026-05-19T04:55:33+00:00,"🗞🗞🗞🗞 **Продажи черной икры в натуральном выражении в январе—апреле сократились на 22% год к году. **В денежном выражении оборот снизился на 12%.

Потребители [массово отказываются от деликатеса,](https://www.kommersant.ru/doc/8672233?tg) переориентируясь на более доступные аналоги. Это обеспечило резкий рост продаж красной икры: ее доступность за год выросла за счет увеличения вылова горбуши во время прошлогодней путины.

В Рыбном союзе отмечают, что икра горбуши считается наиболее доступной и массовой. За счет увеличения производства ее стоимость, по данным организации, за год сократилась на 14%, до 9,1 тыс. руб. за 1 кг в мае. 

Красная икра не единственный относительно бюджетный аналог, на который могут переориентироваться потребители. Согласно подсчетам «Эвотора», продажи икры мойвы в первом квартале в натуральном выражении выросли на 6% год к году, минтая — на 1%, а трески — сразу на 37%.

#Ъузнал",18664,61,,kommersant
107576,2026-05-19T04:22:46+00:00,"«Перестраиваться пришлось на марше»

Телеком-рынок переживает время трансформации и новых вызовов. С одной стороны, компаниям приходится вести бизнес в условиях высоких кредитных ставок и периодических отключений мобильного интернета, с другой — искать новые точки роста, так как выручка от традиционных услуг связи почти не увеличивается. 

👉 О новой стратегии, роботизации и сокращениях персонала, а также о том, зачем россиянам стационарные телефоны и как достичь триллиона выручки в условиях блокировок, [в интервью «Ъ» рассказал](https://www.kommersant.ru/doc/8672184?tg) президент «Ростелекома» **Михаил Осеевский.**

__📷____ Глеб Щелкунов, «Коммерсантъ»__

📡 [Сети меняются. Мы следим. Подписывайтесь.](https://t.me/+SkQgmXpzMqFjZjli)",18739,36,,kommersant
107575,2026-05-19T04:00:16+00:00,"**⛅️****️ Главные новости к утру:
**
🔸 Стратегическая связка России и Китая играет стабилизирующую роль в мире,[ заявил](https://www.kommersant.ru/doc/8672363?tg) Владимир Путин.

🔸 Дональда Трампа [отговорили](https://www.kommersant.ru/doc/8672324?tg) от новых ударов по Ирану.

🔸 Вблизи Москвы [сбиты](https://www.kommersant.ru/doc/8672372?tg) беспилотники.

🔸 Россия [выдала](https://www.kommersant.ru/doc/8672341?tg) агреман новому послу Германии.

🔸 Один человек погиб и двое ранены [при ударе](https://www.kommersant.ru/doc/8672337?tg) по Курской области.

#главноекутру",19951,16,,kommersant
107574,2026-05-19T03:07:36+00:00,"🗞🗞🗞🗞 **Уголь в портах Дальнего Востока подорожал до максимума за год.** Цены[ приблизились](https://www.kommersant.ru/doc/8672218?tg) к $90 за тонну. С начала 2026 года цены прибавили 24,1%, а относительно мая 2025 года — 36%.

Росту способствуют накопление запасов в Китае и отражающийся на рынках всех энергоносителей ближневосточный кризис.

При сохранении текущей конъюнктуры и жаркой погоды летом цены могут прибавить еще 10%, допускают аналитики.

#Ъузнал",19612,35,,kommersant
107573,2026-05-19T02:43:34+00:00,"**↘️**** Китайская экономика сбавила темп.** Рост[ сдержали](https://www.kommersant.ru/doc/8672236?tg) война на Ближнем Востоке и слабый внутренний спрос. Промышленное производство в апреле увеличилось на 4,1%, а розничные продажи — на 0,2%. Это минимальные показатели за последние несколько лет.

Впрочем, в ближайшее время ситуация может развернуться: торговые переговоры с США свидетельствуют о готовности стран к взаимным уступкам.

✔️ [Подписывайтесь на «Ъ» в MAX |](https://max.ru/kommersant)[ в Telegram](https://t.me/+bPtk49gFbCBkYzdi)",19048,24,,kommersant
107572,2026-05-19T01:55:23+00:00,"**России нужны еще тысячи километров скоростных дорог**, [сообщил](https://www.kommersant.ru/doc/8672365?tg) вице-премьер Марат Хуснуллин. Он уточнил, что необходимо 10 тыс. км скоростных дорог, сейчас их построено около 3,7 тыс. км.

«А если посчитать с международным восточным коридором, с трассами, связывающими нас с Монголией, с Китаем, с Казахстаном, с Узбекистаном, то, конечно, нам нужны еще тысячи километров дорог и миллиарды долларов на привлечение инвестиций»,— сказал господин Хуснуллин.

✔️ [Подписывайтесь на «Ъ» в MAX |](https://max.ru/kommersant)[ в Telegram](https://t.me/+bPtk49gFbCBkYzdi)",18707,44,,kommersant
107571,2026-05-19T01:14:16+00:00,"**Эксперты подсчитали возможные потери рынка труда от внедрения ИИ-технологий. **В среднем 7,5% работников в РФ могут в ближайшее время остаться без прежней работы из-за разворачивания применения искусственного интеллекта. Наиболее высоки риски сокращения — у служащих и специалистов. Наименьшие же шансы потерять работу — у неквалифицированных рабочих.

💬 «Однако **риск безработицы существует для всех**, и задача государства — вместе с социальными партнерами разработать план действий, чтобы предотвратить катастрофические процессы на рынке труда»,— [говорит](https://www.kommersant.ru/doc/8672260?tg) эксперт.

Так, предлагается обратить внимание на зарубежный опыт внедрения ИИ в образовательные процессы.

✔️ [Подписывайтесь на «Ъ» в MAX |](https://max.ru/kommersant)[ в Telegram](https://t.me/+bPtk49gFbCBkYzdi)",18804,50,,kommersant
107570,2026-05-19T00:12:54+00:00,"**Россия и Китай уверенно смотрят в будущее и активно развивают контакты **в политике, экономике, оборонной сфере, расширяют гуманитарные обмены, поощряют межчеловеческое общение. Об этом заявил президент России Владимир Путин в преддверии официального визита в КНР.

«То есть сообща делают всё то, что служит углублению двустороннего взаимодействия и делу всемерного развития наших государств. Важно, что именно эти вопросы составят повестку дня предстоящих в Пекине переговоров»,— сказал Владимир Путин.

По его словам, **«тесная российско-китайская стратегическая связка играет важную, стабилизирующую роль на мировой арене»**.

«При этом мы не дружим против кого-либо, а работаем на дело мира и всеобщего процветания», — сказал президент РФ.

▶️ __пресс-служба Кремля__

✔️ [Подписывайтесь на «Ъ» в MAX |](https://max.ru/kommersant)[ в Telegram](https://t.me/+bPtk49gFbCBkYzdi)",18209,27,,kommersant
107569,2026-05-19T00:02:37+00:00,"🗞🗞🗞🗞 **«Озон» предложит розничным инвесторам пять биржевых фондов** (БПИФ). УК «Озон управление активами» [зарегистрировала](https://www.kommersant.ru/doc/8672186?tg) пять БПИФ на разные классы активов. Это первые розничные фонды в линейке компании, которая ранее начала формировать ЗПИФ недвижимости.

По информации участников рынка, продаваться инвестпродукты будут только через собственные каналы. С учетом размеров розничного бизнеса Озон-банка и числа частных клиентов до конца года управляющая компания сможет привлечь 10–50 млрд руб. в розничные ПИФы.

#Ъузнал",17848,44,,kommersant
107568,2026-05-18T23:50:22+00:00,"Мэр Москвы Сергей Собянин сообщил, что силы ПВО сбили два беспилотника, летевших в направлении столицы. На месте падения обломков БПЛА работают экстренные службы, добавил он.

С 17:00 мск в районе аэропорта Внуково действуют ограничения на использование воздушного пространства.

✔️ [Подписывайтесь на «Ъ» в MAX |](https://max.ru/kommersant)[ в Telegram](https://t.me/+bPtk49gFbCBkYzdi)",17485,14,,kommersant
107567,2026-05-18T23:23:27+00:00,"«Cначала сделайте, потом требуйте»

Конституционный суд [признал](https://www.kommersant.ru/doc/8672194?tg) **право муниципалитетов претендовать на компенсацию расходов по срочной уборке государственных акваторий.** Поводом для рассмотрения дела стала жалоба администрации Калининграда, оспаривавшей обязанность очищать федеральные воды за счет местного бюджета. 

**Эксперты сомневаются в том, что этот инструмент будет реально работать.** Представить себе ситуацию, в которой глава района судится с губернатором, требуя компенсировать понесенные расходы, в нынешних реалиях почти невозможно, говорит юрист.

✔️ [Подписывайтесь на «Ъ» в MAX |](https://max.ru/kommersant)[ в Telegram](https://t.me/+bPtk49gFbCBkYzdi)",18546,23,,kommersant
107566,2026-05-18T22:31:40+00:00,"**План ударов по Ирану приостановлен на два или три дня**, заявил Дональд Трамп.

«Если мы сможем все решить, не разбомбив все к чертям, это прекрасно»,— добавил президент США.

Он [уточнил](https://www.kommersant.ru/doc/8672358?tg), что основными требованиями к Ирану для заключения сделки остается отказ Тегерана от потенциального создания ядерного оружия.

✔️ [Подписывайтесь на «Ъ» в MAX |](https://max.ru/kommersant)[ в Telegram](https://t.me/+bPtk49gFbCBkYzdi)",17881,34,,kommersant
107565,2026-05-18T22:17:10+00:00,"**📝****📝****📝****📝**** **В ЕС [никак не определятся](https://www.kommersant.ru/doc/8672140?tg), **кто может говорить с Россией и Украиной от имени Брюсселя**. С начала публичной дискуссии по этому вопросу прошло больше недели.

Среди возможных претендентов звучат имена экс-канцлера ФРГ Ангелы Меркель и президента Финляндии Александра Стубба (на фото), однако с их кандидатурами согласны не все.

Ситуация обнажает главную проблему Брюсселя: за годы украинского конфликта **в европейских столицах образовался вакуум политиков**, имеющих вес внутри ЕС и одновременно занимающих достаточно умеренную позицию, чтобы избежать обвинений в предвзятости от какой-либо из сторон украинского конфликта. И в итоге вопрос о том, кто может сесть за стол переговоров от Брюсселя, окутан такой же неопределенностью, как и вопрос о том, когда эти переговоры могут начаться.

✔️ [Подписывайтесь на «Ъ» в MAX |](https://max.ru/kommersant)[ в Telegram](https://t.me/+bPtk49gFbCBkYzdi)",19273,19,,kommersant
107564,2026-05-18T21:29:22+00:00,"Верховный суд Дагестана **заочно **[**приговорил**](https://www.kommersant.ru/doc/8672288?tg)** к пожизненному сроку бывшего депутата Госдумы** Магомеда Гаджиева, ранее он был признан иноагентом и экстремистом. 

По версии СКР, подтвержденной судом, в июне 2011 года фигурант заказал убийство ректора махачкалинского Института теологии и международных отношений Максуда Садикова. Кроме того, бывшего политика вместе с братом, который также находится в розыске, признали виновным в рэкете.

Уголовное дело о резонансном убийстве рассматривалось заочно, поскольку предполагаемый организатор преступления скрылся от правоохранительных органов за границу.

✔️ [Подписывайтесь на «Ъ» в MAX |](https://max.ru/kommersant)[ в Telegram](https://t.me/+bPtk49gFbCBkYzdi)",20986,27,,kommersant
107563,2026-05-18T20:49:13+00:00,"**Иран согласен передать уран России вместо США.** Это указано в пересмотренном Тегераном проекте соглашения по урегулированию конфликта с Вашингтоном, [сообщает](https://www.kommersant.ru/doc/8672336?tg) арабский телеканал Al Hadath. Об условиях неизвестно. 

Отказ Ирана от обогащенного урана — одно из ключевых требований Вашингтона к Тегерану. Глава МИД России Сергей Лавров в апреле сообщал, что Москва «готова сыграть свою роль в решении проблемы обогащенного урана».

✔️ [Подписывайтесь на «Ъ» в MAX |](https://max.ru/kommersant)[ в Telegram](https://t.me/+bPtk49gFbCBkYzdi)",26800,123,,kommersant
107562,2026-05-18T20:16:15+00:00,"**⚽️**** Чемпионат мира по футболу-2026 будут транслировать каналы «Газпром-медиа холдинга»**, [рассказали](https://www.kommersant.ru/doc/8672231?tg) собеседники «Ъ» на медиарынке.

Представитель холдинга подтвердил информацию, уточнив, что права на трансляцию приобретены для семейства телеканалов «Матч» («Матч Премьер», «Матч! Арена», «Матч! Игра» и т. д.). 

ЧМ-2026 пройдет с 11 июня по 19 июля в США, Канаде и Мексике.

📡 [Сети меняются. Мы следим. Подписывайтесь](https://t.me/+SkQgmXpzMqFjZjli).",22677,79,,kommersant
107561,2026-05-18T19:45:02+00:00,"▶️ Футболисты и тренеры «Зенита» вернулись в Санкт-Петербург после победы в заключительном матче 30-го тура Российской премьер-лиги (РПЛ) в Ростове-на-Дону. 

Болельщики встретили футболистов на Малой Конюшенной улице в Петербурге, кадры опубликованы в Telegram-канале футбольного клуба.

▪ [Подписывайтесь на «Ъ» в MAX |](https://max.ru/kommersant) [в Telegram](https://t.me/+bPtk49gFbCBkYzdi)",23630,41,,kommersant
107560,2026-05-18T19:19:06+00:00,"❗️ Президент США Дональд Трамп заявил, что **откладывает запланированные на завтра удары по Ирану в связи с просьбами Катара, Саудовской Аравии и ОАЭ.**

По его словам, вскоре будет заключено соглашение, по которому Тегеран не сможет иметь ядерное оружие. 

▪ [Подписывайтесь на «Ъ» в MAX |](https://max.ru/kommersant) [в Telegram](https://t.me/+bPtk49gFbCBkYzdi)",23110,63,,kommersant
107559,2026-05-18T19:01:09+00:00,"🌒 **Главные новости к вечеру 
**
▪️ Минфин США [подтвердил](https://www.kommersant.ru/doc/8672242?tg) продление лицензии на операции с российской нефтью.

▪️ Президент США Дональд Трамп [отказался](https://www.kommersant.ru/doc/8672266?tg) идти на уступки в переговорах с Ираном. 

▪️ Илон Маск [сравнил](https://www.kommersant.ru/doc/8672192?tg) работу своей компании с работой Иисуса Христа.

▪️ В Техасе подростки [украли](https://www.kommersant.ru/doc/8672254?tg) оружие, угнали четыре машины и ранили четырех человек. 

▪️ Украине[ надо подписать](https://www.kommersant.ru/doc/8672193?tg) еще три соглашения с ЕС для получения €90 млрд.

▪️ Ни один покупатель [не заявился](https://www.kommersant.ru/doc/8671536?tg) на торги по продаже акций ЮГК за 162 млрд рублей. 

▪️ В Москве [арестовали](https://www.kommersant.ru/doc/8672230?tg) бывшего гендиректора «Мосгипротранса» Игоря Мицука. 

#главноеквечеру",83223,125,,kommersant
107558,2026-05-18T18:52:45+00:00,"Бельгийский депозитарий Euroclear заявил, что **не признает юрисдикцию арбитражного суда Москвы**. До этого суд взыскал с Euroclear €200 млрд по иску Банка России. 

«Это последний из серии судебных исков, поданных против Euroclear в России. Такие иски не признаются законодательством ЕС, и Euroclear не признает юрисдикцию суда. Euroclear обжалует решение суда. Решение суда не затрагивает деятельность и финансовое положение Euroclear»,— отмечается в заявлении. 

В Euroclear заявили, что размещенные в бельгийском депозитарии активы ЦБ РФ остаются заблокированными.

▪ [Подписывайтесь на «Ъ» в MAX |](https://max.ru/kommersant) [в Telegram](https://t.me/+bPtk49gFbCBkYzdi)",22034,62,,kommersant
107557,2026-05-18T18:35:10+00:00,"🗞🗞🗞🗞 На предварительное внутрипартийное голосование «Единой России» по выборам в Госдуму **заявились более 75% действующих депутатов-единороссов**, [подсчитал «Ъ». ](https://www.kommersant.ru/doc/8672265?tg)

В их числе все вице-спикеры Думы, а также главы 15 из 17 подконтрольных единороссам комитетов. Участие в праймериз является для партийцев обязательным условием выдвижения на новый срок, но окончательное решение о конфигурации и составе списков кандидатов примет предвыборный съезд «Единой России».

[#Ъузнал](https://t.me/+bPtk49gFbCBkYzdi)",22794,30,,kommersant
107556,2026-05-18T18:02:38+00:00,"Миллиардер Илон Маск** сравнил работу своей компании с работой Иисуса Христа**.

Выступая по видеосвязи на международной конференции Samson International Smart Mobility Summit в Тель-Авиве, господин Маск так описал работу Neuralink.

«Восстановление контроля над движениями у людей с тетраплегией и возвращение зрения, я думаю, это очень важные вещи. Это, можно сказать, технологии уровня Иисуса».

▪ [Подписывайтесь на «Ъ» в MAX |](https://max.ru/kommersant) [в Telegram](https://t.me/+bPtk49gFbCBkYzdi)",21878,91,,kommersant
107555,2026-05-18T17:24:07+00:00,"**🗞****🗞****🗞****🗞**** Взяткодатель по делу экс-начальника столичного департамента культуры Александра Кибовского **[**утратил**](https://www.kommersant.ru/doc/8672223?tg)** свободу, бизнес и квартиру**. Суд вынес приговор еще одному «досудебщику» — предпринимателю Андрею Галяеву. 

Первоначально обвинявшийся в семи эпизодах дачи взяток на сумму 114,5 млн руб. и одном покушении на взятку в размере 19,7 млн руб. бизнесмен был осужден лишь за последнее преступление. Взяткодатель остался крайне недоволен сроком в три с половиной года строгого режима. Его адвокат назвал злоключения клиента «полным жизненным крахом».

#Ъузнал",22351,50,,kommersant
107554,2026-05-18T17:01:21+00:00,"⚖️ Суд в Москве** арестовал экс-гендиректора «Мосгипротранса» Игоря Мицука**, следует из картотеки. Ему предъявлено обвинение в мошенничестве в особо крупном размере.

По данным из картотеки, бывшего гендиректора «Мосгипротранса» арестовали 13 мая. Господин Мицук будет находиться под стражей два месяца. Дело расследуют в Главном управлении МВД по Москве.

▪ [Подписывайтесь на «Ъ» в MAX |](https://max.ru/kommersant) [в Telegram](https://t.me/+bPtk49gFbCBkYzdi)",21928,57,,kommersant
107553,2026-05-18T16:41:22+00:00,"**Белый дом считает недостаточным новое предложение Ирана для сделки с США**, сообщил Axios. Новое иранское предложение передали администрации США 17 мая через пакистанских посредников. По словам собеседника издания, оно «содержит лишь символические улучшения» по сравнению с прошлым вариантом. 

В новой версии больше внимания уделено отказу Ирана от разработки ядерного оружия. При этом конкретные обязательства по обогащению урана или передаче его США не указаны.

«Мы действительно не добиваемся большого прогресса... Иранцам пора пойти на уступки. Нам нужен настоящий, основательный и детальный разговор (о ядерной программе). Если этого не произойдет, мы будем общаться с помощью бомб. Это будет позором».

▪ [Подписывайтесь на «Ъ» в MAX |](https://max.ru/kommersant) [в Telegram](https://t.me/+bPtk49gFbCBkYzdi)",22795,30,,kommersant
107552,2026-05-18T16:04:35+00:00,"❌ В Роттердаме исключили угрозу вспышки хантавируса после прибытия MV Hondius.

«Роттердам — безопасная гавань: как специально назначенный карантинный порт, мы готовы к таким ситуациям»,— указано в заявлении руководителя порта города Рене де Вриса. 

Некоторые члены экипажа будут оставаться на карантине до 18 июня. Ни у кого из них не обнаружили симптомов хантавируса, добавил руководитель порта.

▪ [Подписывайтесь на «Ъ» в MAX |](https://max.ru/kommersant) [в Telegram](https://t.me/+bPtk49gFbCBkYzdi)",23100,29,,kommersant
107551,2026-05-18T15:26:51+00:00,"Минфин США **решил продлить еще на 30 дней истекшее исключение из санкций **в отношении морских поставок российской нефти, пишет Reuters. 

▪ [Подписывайтесь на «Ъ» в MAX |](https://max.ru/kommersant) [в Telegram](https://t.me/+bPtk49gFbCBkYzdi)",23234,86,,kommersant
107550,2026-05-18T15:02:42+00:00,"Бывший канцлер Германии Ангела Меркель **не поддержала идею стать переговорщиком с Россией от Европы**. Она также сказала, что не получала официальных предложений представить ЕС на переговорах с Россией. 

«Мы могли вести (переговоры.— “Ъ”) с президентом (России Владимиром.— “Ъ”) Путиным лишь потому, что мы имели политическую власть. Лично мне никогда бы не пришло в голову попросить посредника поехать в Минск от моего имени и поговорить с Путиным. Вы должны взять это в собственные руки»,— сказала Ангела Меркель в эфире радиостанции WDR, имея в виду обсуждения Минских соглашений в 2014 году.

О том, что в Брюсселе рассматривают госпожу Меркель в качестве переговорщика от ЕС, сообщало издание Politico.

▪ [Подписывайтесь на «Ъ» в MAX |](https://max.ru/kommersant) [в Telegram](https://t.me/+bPtk49gFbCBkYzdi)",43086,107,,kommersant
107549,2026-05-18T14:39:02+00:00,"**США хотят воспрепятствовать инвестициям Китая и России в Гренландии,** сообщает The New York Times со ссылкой на источники в Вашингтоне, Копенгагене и Гренландии.

Газета пишет, что США «пытаются гарантировать бессрочное пребывание американских войск в Гренландии, даже если страна получит независимость». Как подчеркивает NYT, «это бессрочная оговорка, и гренландцам это не нравится». 

Кроме того, Штаты хотят получить право вето на любые крупные инвестиционные сделки в Гренландии, «чтобы исключить таких конкурентов, как Россия и Китай». Гренландцы и датчане решительно возражают против этого.

▪ [Подписывайтесь на «Ъ» в MAX |](https://max.ru/kommersant) [в Telegram](https://t.me/+bPtk49gFbCBkYzdi)",22629,41,,kommersant
107548,2026-05-18T14:16:21+00:00,"⚖️ **Блогеру Диане Чистяковой дали 12 лет по делу о покушении на теракт у здания МВД в Санкт-Петербурге.** Инцидент произошел в октябре 2025 года. По версии следствия, девушка бросила бутылки с коктейлем Молотова в машины полка охраны и конвоирования подозреваемых и обвиняемых МВД. Блогер промахнулась, ущерба и пострадавших не было.

На допросе Чистякова заявила, что действовала по указанию мошенников. По ее словам, аферисты убедили ее перевести на «безопасный счет» 0,5 млн руб., а затем взять кредит на 1,8 млн. 

После этого ей сказали, что она стала фигуранткой дела о содействии терроризму, и приказали устроить «провокацию» у отдела полиции.

▪ [Подписывайтесь на «Ъ» в MAX |](https://max.ru/kommersant) [в Telegram](https://t.me/+bPtk49gFbCBkYzdi)",23763,66,,kommersant
107547,2026-05-18T13:40:33+00:00,"Союз пациентов России попросил Минздрав** упростить ввоз лекарств от редких заболеваний**, сообщили «Известия» со ссылкой на письмо организации. 

«Как только препарат зарегистрирован, его уже нельзя ввезти по механизму для незарегистрированных препаратов, что влечет риски перерывов в лечении и не дает возможности инициировать новых пациентов, пока препарат не начнут ввозить в российских упаковках»,— отмечается в письме Союза пациентов. 

В министерстве уточнили, что проект постановления правительства «в настоящее время проходит регламентные процедуры».

▪ [Подписывайтесь на «Ъ» в MAX |](https://max.ru/kommersant) [в Telegram](https://t.me/+bPtk49gFbCBkYzdi)",22699,40,,kommersant
107546,2026-05-18T13:05:09+00:00,"❗️ Даты визита Владимира Путина в Китай были **согласованы еще в феврале и никак не связаны с визитом Дональда Трампа**, сообщил журналистам Юрий Ушаков.

Он уточнил, что Владимир Путин и Си Цзиньпин в этом году встретятся еще трижды — на саммитах ШОС в Бишкеке, БРИКС в Нью-Дели и АТЭС в Шэньчжэне.

▪ [Подписывайтесь на «Ъ» в MAX |](https://max.ru/kommersant) [в Telegram](https://t.me/+bPtk49gFbCBkYzdi)",22392,65,,kommersant
107545,2026-05-18T13:04:15+00:00,"Игорь Сечин, Алексей Миллер, Геннадий Тимченко, Андрей Гурьев, Леонид Михельсон, Олег Дерипаска **будут составе российской делегации во время визита Владимира Путина в Китай**, сообщил помощник президента Юрий Ушаков.

**Другие заявления:**

▪️  Владимира Путина во время визита в Китай будут сопровождать пятеро вице-премьеров, восемь министров, главы ЦБ и ряда госкорпораций, руководители регионов.

▪️  Практически все экспортно-импортные операции в торговле России и Китая выполняются в рублях и юанях.

▪️  Поставки российской нефти в Китай за первый квартал текущего года выросли на 35%.

▪️  Более 2 миллионов россиян побывали в Китае в прошлом году, более миллиона граждан КНР посетили Россию.

▪ [Подписывайтесь на «Ъ» в MAX |](https://max.ru/kommersant) [в Telegram](https://t.me/+bPtk49gFbCBkYzdi)",60130,419,,kommersant
107544,2026-05-18T12:59:28+00:00,"**Индия планирует увеличить поставки коксующего угля из России в два или три раза,** заявил ТАСС замминистра стали Индии Сандип Паундрик. 

По его словам, ограничений в объемах поставок нет.

«Если качество и цена будут подходящими, то нынешняя доля России, которая составляет примерно 8-9 млн тонн в год, может удвоиться или утроиться в ближайшие годы».

▪ [Подписывайтесь на «Ъ» в MAX |](https://max.ru/kommersant) [в Telegram](https://t.me/+bPtk49gFbCBkYzdi)",21746,39,,kommersant
107543,2026-05-18T12:32:30+00:00,"✈️ **Россиянам доступны перелеты в меньшее число стран, чем до распада СССР**, следует из исследования Ассоциации туроператоров (АТОР).

Будущим летом из России без пересадок можно будет улететь в 31–32 страны, что на 25% меньше, чем в зимнем расписании. 

И это в три раза меньше, чем в СССР во время «железного занавеса». 

«То есть для массового или хотя бы условно массового туризма в июне 2026 года из России на прямых рейсах будут доступны в лучшем случае полтора десятка стран, — заявили в АТОР. — Для сравнения, даже в СССР во времена ""железного занавеса"" зарубежная маршрутная сеть была намного шире... К концу десятилетия (80-х годов. — ""Ъ"") прямое авиасообщение было установлено примерно с сотней стран. И надо понимать, что часть нынешних зарубежных направлений на тот момент считалась внутренними».

▪ [Подписывайтесь на «Ъ» в MAX |](https://max.ru/kommersant) [в Telegram](https://t.me/+bPtk49gFbCBkYzdi)",73737,1171,,kommersant
107542,2026-05-18T12:13:13+00:00,"Дмитрий Свищев избран председателем Федерации лыжных видов спорта и сноуборда России.

▪ [Подписывайтесь на «Ъ» в MAX |](https://max.ru/kommersant) [в Telegram](https://t.me/+bPtk49gFbCBkYzdi)",20184,28,,kommersant
107541,2026-05-18T12:03:41+00:00,"**Страхование имущества от стихийных бедствий может стать обязательным
**
Ущерб, нанесенный недвижимому имуществу граждан весенними паводками в 2026 году, может достичь 5,2 млрд руб. Годом ранее показатель составлял 950 млн руб. Наиболее серьезная ситуация этой весной сложилась в Чечне и Дагестане, где после первой волны паводков 27–30 марта пострадало около 2,7 тыс. зданий, а ущерб оценен в 1,5 млрд руб.

По данным МЧС, общий материальный ущерб от ЧС в России в 2024 году составил 70,6 млрд руб., из которых 54,3 млрд руб. пришлось на природные ЧС. При этом [страхование жилья](https://www.kommersant.ru/doc/8637272) от ЧС остается слабо распространенным, уровень проникновения таких полисов страховщики оценивают примерно в 10%. Господдержка также ограничена. Единовременная помощь составляет 15,7 тыс. руб. на человека, при частичной утрате имущества — 78,7 тыс. руб., при полной — 156,8 тыс. руб.

На этом фоне рынок обсуждает законопроект об обязательном страховании жилья от ЧС. Его цель — перейти от фактически неработающей добровольной модели к системе, где риск распределяется между собственниками, страховщиками и государством. Среди возможных механизмов — автоматическое включение платежа в квитанции ЖКХ или единый платежный документ с возможностью отказа. Документ сейчас рассматривают Минфин, МЧС, Банк России и Всероссийский союз страховщиков, а вероятность его принятия участники рынка оценивают как высокую.

__📷____Александр Черных, Коммерсантъ__",19007,97,,kommersant
107540,2026-05-18T11:54:35+00:00,"Заксобрание Мордовии [подготовило поправки](https://www.kommersant.ru/doc/8671077?tg) к закону «О пробации», **разрешающие коммерческим организациям создавать центры социальной реабилитации для бывших заключенных.** Документ внесен на рассмотрение в Госдуму.

Депутаты считают, что у некоммерческих организаций нет финансовых и кадровых возможностей, чтобы обеспечивать социальную адаптацию отбывших наказание. И в этом может помочь бизнес — как минимум предприятия, которые уже сотрудничают с осужденными к принудительным работам. 

Опрошенные «Ъ» эксперты поддерживают предложение, но отмечают: чтобы закрывать рабочие вакансии бывшими заключенными, бизнесу придется нанимать еще и соцработников, психологов и юристов.

▪ [Подписывайтесь на «Ъ» в MAX |](https://max.ru/kommersant) [в Telegram](https://t.me/+bPtk49gFbCBkYzdi)",18786,25,,kommersant
107539,2026-05-18T11:44:16+00:00,"**США согласились приостановить действие санкций в отношении нефти из Ирана на время переговоров. **Об этом пишет иранское агентство Tasnim со ссылкой на источник, близкий к переговорному процессу.

▪ [Подписывайтесь на «Ъ» в MAX |](https://max.ru/kommersant) [в Telegram](https://t.me/+bPtk49gFbCBkYzdi)",18144,37,,kommersant
107536,2026-05-18T11:35:43+00:00,"**Россиянин попытался провезти из Грузии в Россию 47 предметов антиквариата, включая холодное оружие XIX–XX веков. **

В салоне внедорожника мужчины таможенники нашли, в частности, штыки, кинжалы, сабли, тесаки, мечи, ножи, шпагу и ритуальный нож, изготовленные на Северном Кавказе, в странах Закавказья, Европы, Центральной и Северной Африки, а также в Индии и Японии. Экспертиза отнесла предметы к культурным ценностям, их общую стоимость оценили в 2 млн руб., сообщили в ФТС.

Мужчина утверждал, что покупал антиквариат для личной коллекции. Разрешения на перемещение товаров у него не было.

В отношении нарушителя возбудили уголовное дело, мужчине грозит до пяти лет лишения свободы.

__📷____ ФТС__

▪ [Подписывайтесь на «Ъ» в MAX |](https://max.ru/kommersant) [в Telegram](https://t.me/+bPtk49gFbCBkYzdi)",18533,86,,kommersant
107535,2026-05-18T11:24:54+00:00,"**Вдову композитора Вячеслава Добрынина — Ирину Добрынину — признали потерпевшей по делу гендиректора музыкального издательства «Джем» Андрея Черкасова. **Последнего обвиняют в мошенничестве с авторскими правами и незаконном образовании юридического лица. Об этом сообщил ТАСС.

О новой потерпевшей сообщил судья Тверского районного суда Москвы на заседании по продлению срока ареста обвиняемого — он останется под стражей до 20 августа. Помимо госпожи Добрыниной, потерпевшими признаны основатели группы «Руки вверх» Сергей Жуков и Алексей Потехин, а также компания «Первое музыкальное издательство».

Андрея Черкасова задержали в ноябре 2025 года по заявлению композитора Максима Фадеева. Он утверждал, что гендиректор подделал подписи в 1990-х, из-за чего композитор потерял права на музыку певицы Светланы Гейман (Линда). 12 мая 2026 года фигурантом дела стал музыкальный директор Линды Михаил Кувшинов. Оба обвиняемых отрицают вину.

▪ [Подписывайтесь на «Ъ» в MAX |](https://max.ru/kommersant) [в Telegram](https://t.me/+bPtk49gFbCBkYzdi)",19053,22,,kommersant
107534,2026-05-18T11:17:42+00:00,"В преддверии подготовки к промежуточным выборам 2026 года в США республиканцы одержали еще одну тактическую победу в масштабной кампании по изменению границ избирательных округов, запущенной по инициативе президента Трампа. 

Верховный суд США окончательно заблокировал новую карту избирательных округов Виргинии, лишив демократов надежд на дополнительные четыре места в Палате представителей. 

Но несмотря на локальные успехи республиканцев, ситуация складывается не в их пользу: по оценкам аналитиков, демократы по-прежнему сохраняют статус фаворитов в борьбе за контроль над нижней палатой Конгресса. 

👉[ С подробностями](https://www.kommersant.ru/doc/8671620?tg) — корреспондент «Ъ» в США **Екатерина Мур.**

▪ [Подписывайтесь на «Ъ» в MAX |](https://max.ru/kommersant) [в Telegram](https://t.me/+bPtk49gFbCBkYzdi)",19362,19,,kommersant
107533,2026-05-18T11:03:58+00:00,"Росимущество 19 мая планирует объявить **голландский аукцион по продаже ЮГК.**

Снижение цены может составить до 50% от начальной цены продажи — до 81 млрд руб. Шаг аукциона на понижение — 2% от начальной цены продажи, это 3,24 млрд руб.

Сбор заявок на участие в торгах на площадке «Росэлторг» продлится пять рабочих дней, до 25 мая. Итоги голландского аукциона подведут 26 мая, [сообщили](https://www.kommersant.ru/doc/8671812?tg) в федеральном агентстве.

▪ [Подписывайтесь на «Ъ» в MAX |](https://max.ru/kommersant) [в Telegram](https://t.me/+bPtk49gFbCBkYzdi)",20687,54,,kommersant
107532,2026-05-18T10:50:08+00:00,"Россия находится в постоянном контакте с Кубой, в том числе по вопросу помощи в условиях энергокризиса, сложившегося на острове. Об этом заявил пресс-секретарь президента РФ Дмитрий Песков, отвечая на вопрос “Ъ FM”. 

«Мы находимся в постоянном контакте с нашими кубинскими друзьями. Разумеется, на постоянной основе обмениваемся мнениями, информацией о том, что могло бы быть сделано для облегчения того действительно огромного бремени из-за той блокады, которая устроена». 

▪ [Подписывайтесь на «Ъ» в MAX |](https://max.ru/kommersant) [в Telegram](https://t.me/+bPtk49gFbCBkYzdi)",20222,25,,kommersant
107531,2026-05-18T10:14:02+00:00,"Бывший гендиректор московского футбольного клуба «Торпедо» Валерий Скородумов признал вину в подкупе арбитров. Его дело рассмотрят в особом порядке, [передает](https://www.kommersant.ru/doc/8671645?tg) ТАСС. 

Валерий Скородумов был арестован в июне 2025 года. Также были задержаны совладелец «Торпедо» Леонид Соболев и бухгалтер футбольного клуба Ирина Волкова. 

По данным следствия, господин Скородумов вместе с организованной группой «оказал противоправное влияние на результаты 20 матчей». Предположительно, взятки получили 13 арбитров, которые судили матчи на Мелбет-Первенстве по футболу среди команд Первой лиги сезона 2024-2025 годов. Суммы взяток варьировались от 500 тыс. до 3 млн руб., считает следствие. В октябре господин Скородумов заключил досудебное соглашение.

▪ [Подписывайтесь на «Ъ» в MAX |](https://max.ru/kommersant) [в Telegram](https://t.me/+bPtk49gFbCBkYzdi)",38840,161,,kommersant
107530,2026-05-18T09:52:50+00:00,"Суд Омска оштрафовал и запретил в течение года участвовать в выборах двум членам руководства реготделения КПРФ — Ивану Федину и Владимиру Виниченко, [сообщили «Ъ-Сибирь»](https://www.kommersant.ru/doc/8671629) в обкоме партии.

Решения вынесены по ст. 20.3.1 КоАП (публичное демонстрирование атрибутики или символики экстремистских организаций). Ивану Федину и Владимиру Виниченко **вменили в вину размещенное в соцсетях фото семилетней давности с изображением логотипа Facebook** (принадлежит компании Meta, деятельность которой признана экстремистской и запрещена на территории РФ).

По данным обкома, это фото с молодежного митинга протеста против «идеологического модерирования контента» этой соцсетью.

[Подписывайтесь на «Ъ-Сибирь» в MAX](https://max.ru/kommersant_siberia) |[Telegram](https://t.me/kommersant_siberia)",21292,88,,kommersant
107529,2026-05-18T09:33:59+00:00,"Мирный процесс по Украине находится на паузе, **Россия рассчитывает на его возобновление, **заявил пресс-секретарь президента РФ Дмитрий Песков.

▪ [Подписывайтесь на «Ъ» в MAX |](https://max.ru/kommersant) [в Telegram](https://t.me/+bPtk49gFbCBkYzdi)",20557,32,,kommersant
107528,2026-05-18T09:30:46+00:00,"**У Москвы самые серьезные ожидания от предстоящего официального визита Владимира Путина в Китай, **заявил пресс-секретарь российского президента Дмитрий Песков.

Он отметил, что все экономические вопросы, которые есть на повестке дня РФ и КНР, будут затрагиваться во время визита. Любой контакт Владимира Путина и Си Цзиньпина способствует созданию нового импульса для расширения отношений России и Китая, добавил представитель Кремля.

По словам Дмитрия Пескова, в состав делегации войдут вице-премьеры, министры и главы компаний.

▪ [Подписывайтесь на «Ъ» в MAX |](https://max.ru/kommersant) [в Telegram](https://t.me/+bPtk49gFbCBkYzdi)",20872,26,,kommersant
107527,2026-05-18T09:21:26+00:00,"Из-за вспышки заболевания лихорадкой Эбола на востоке Демократической Республики Конго (ДРК) **погиб 91 человек. **В общей сложности выявлено **около 350 случаев заражения,** заявил глава Минздрава страны Самюэль Роже Камба.

Эпицентр вспышки лихорадки Эбола находится в граничащей с Угандой провинции Итури на востоке ДРК. Роспотребнадзор заверил в отсутствии риска распространения Эболы в России. Ведомство направит в Уганду российских специалистов для борьбы с лихорадкой. Всемирная организация здравоохранения объявила ЧС международного характера.

▪ [Подписывайтесь на «Ъ» в MAX |](https://max.ru/kommersant) [в Telegram](https://t.me/+bPtk49gFbCBkYzdi)",19799,64,,kommersant
107526,2026-05-18T09:05:09+00:00,"**Минтранс представил **[**новую редакцию правил**](https://www.kommersant.ru/doc/8670392?tg)** применения автоматических камер на железнодорожных переездах. **Главное условие установки комплексов — два или более ДТП, произошедших в течение года. Если происшествия отсутствуют, то камеру разрешат выключить и демонтировать. 

В 2025 году, по данным ГИБДД, произошло 169 ДТП на переездах (на 13,4% больше, чем в 2024 году) с 46 погибшими и 196 пострадавшими.

В ОАО РЖД, в ведении которого находится более 10 тыс. переездов, поддержали правила, отметив, что установка камер должна быть все же «экономически оправданной». Эксперты призывают доработать документ.

▪ [Подписывайтесь на «Ъ» в MAX |](https://max.ru/kommersant) [в Telegram](https://t.me/+bPtk49gFbCBkYzdi)",19106,22,,kommersant
107525,2026-05-18T08:50:13+00:00,"**Заповедным территориям откроют границы**

На фоне активного развития туризма в России [продолжается](https://www.kommersant.ru/doc/8656301) корректировка законодательства, связанного с использованием особо охраняемых природных территорий (ООПТ). В действующих нормативах от 1995 года есть много пробелов, которые несут риски для туристических объектов, расположенных в заповедных зонах.

Эксперты и участники рынка уверены, что развивать инфраструктуру в ООПТ, как и туризм, можно безопасно для природы, но для этого нужен четкий научный подход к оценке и мониторингу окружающей среды. Эти вопросы экологи и бизнес-сообщество обсудят на круглом столе «В поисках равновесия: политика и регулирование в сфере ООПТ». Он пройдет в мае по инициативе владельца курорта «Роза Хутор» «Интерроса» и федеральной территории «Сириус».

Встреча должна стать первой попыткой выработать конкретную программу действий и сформировать рамки для системного решения имеющихся проблем. Осенью обсуждение поправок к законодательству будет продолжено на отраслевой конференции.

__#Review__",18646,52,,kommersant
107524,2026-05-18T08:35:19+00:00,"**Главное из выступления премьера Михаила Мишустина на конференции ЦИПР:**

🔵 Отрасль IT является одной из самых быстрорастущих в экономике РФ, за шесть лет ее доля в структуре ВВП удвоилась.

🔵 Объем продаж отечественных IT-продуктов и сервисов по итогам 2025 года превысил 5 трлн руб.

🔵 Экспорт российских цифровых программ и услуг, связанных с созданием софта, вырос на 15% впервые с 2022 года.

🔵 Свыше миллиона человек сегодня работают в российской IT-индустрии.

🔵 Выручка 5,5 тыс. российских организаций выросла более чем в три раза благодаря мерам поддержки в IT-отрасли.

🔵 Освобождение от НДС сделок по продаже прав на российский софт останется и будет распространено на «облачные» сервисы.

🔵 Цифровая трансформация охватывает все больше компаний в РФ, доля использующих прикладное ПО увеличивается.

🔵 Инвестиции в IT-отрасль окупаются, она является драйвером российской промышленности.

🔵 Российский софт используется уже более чем на 10 млн рабочих мест на тысячах предприятий по стране.

🔵 Российские решения в сфере IT становятся полноценной заменой ушедших западных аналогов.

🔵 Все ключевые процессы в геологоразведке, электроэнергетике и нефтехимической отрасли полностью обеспечены российским ПО.

🔵 Рынок российских «облачных» сервисов за шесть лет вырос вчетверо.

🔵 Более половины российских предприятий уже внедряют технологии ИИ.

▪ [Подписывайтесь на «Ъ» в MAX |](https://max.ru/kommersant) [в Telegram](https://t.me/+bPtk49gFbCBkYzdi)",22609,149,,kommersant
107523,2026-05-18T07:47:26+00:00,"**Тренировка воинских частей боевого применения ядерного оружия и ядерного обеспечения проходит в Белоруссии, **сообщили в Минобороны республики. Для проведения мероприятия привлекаются воинские части ракетных войск и авиации.

«В ходе тренировки во взаимодействии с российской стороной планируется отработать вопросы доставки ядерных боеприпасов и подготовки их к применению».

В ведомстве подчеркнули, что тренировка плановая, не направлена против третьих стран и не несет угроз безопасности в регионе.

▪ [Подписывайтесь на «Ъ» в MAX |](https://max.ru/kommersant) [в Telegram](https://t.me/+bPtk49gFbCBkYzdi)",28791,48,,kommersant
107522,2026-05-18T07:27:47+00:00,"💳 **«Сбер» планирует **[**запустить**](https://www.kommersant.ru/doc/8671175?tg)** собственную коммуникационную платформу в 2027 году**.

Новый сервис объединит чаты, звонки, видеоконференции, почту, календари и ИИ-помощника на базе «ГигаЧата», рассказал «Ъ» старший вице-президент Сбербанка Кирилл Меньшов на конференции ЦИПР. Платформу можно будет развернуть в облаке или на собственной IT-инфраструктуре. В компании рассчитывают за два-три года занять 20-25% рынка, который к тому моменту составит около 190 млрд руб.

Эксперты связывают выход «Сбера» на рынок коммуникационных платформ с замедлением Telegram, который использовала значительная часть компаний для коммуникаций. Однако они напоминают, что сегмент в России уже сформирован: лидеры («МТС Линк», VK WorkSpace, «Яндекс 360») показывают устойчивый рост и новичку будет сложно конкурировать с устоявшимися решениями. 

Тем не менее, универсального российского аналога Microsoft Teams или Slack пока не создано, считают в Strategy Partners. В самом «Сбере» тестирование платформы планируют завершить до конца 2026 года.

📡 [Сети меняются. Мы следим. Подписывайтесь](https://t.me/+SkQgmXpzMqFjZjli).",20291,152,,kommersant
107521,2026-05-18T07:20:48+00:00,"**Аукцион по продаже ЮГК не состоялся из-за отсутствия заявок на участие в торгах.** Об этом свидетельствуют данные торговой площадки.

На этом фоне акции ЮГК обвалились на Мосбирже. За несколько минут цена опустилась с 0,72 руб. до 0,66 руб.

▪ [Подписывайтесь на «Ъ» в MAX |](https://max.ru/kommersant) [в Telegram](https://t.me/+bPtk49gFbCBkYzdi)",19724,54,,kommersant
107520,2026-05-18T07:17:35+00:00,"**СКР расследует **[**уголовные дела**](https://www.kommersant.ru/doc/8671491?tg)** о преступлениях в сфере компьютерной информации в 12 регионах. **По одному из таких дел проходят молодые люди 17 и 18 лет, обвиняемые в незаконном использовании абонентского терминала.

По версии следствия, оборудование обвиняемым привозили курьеры от других участников преступной группы, его размещали в арендованных квартирах в Санкт-Петербурге и Ленинградской области. Эти квартиры меняли еженедельно в целях конспирации. Оба фигуранта за свою работу «периодически» получали по 85 тыс. руб. По данным СКР, блокировка работы только такого оборудования помогла прекратить ежедневное прохождение 9 тыс. звонков от мошеннических колл-центров. Обоих фигурантов отправили под арест.

Помимо этого следственными органами возбуждены и расследуются уголовные дела в отношении 43 человек в возрасте от 16 до 42 лет во Владимирской, Нижегородской, Омской, Саратовской, Томской областях, Пермском и Красноярском краях, Удмуртии, Северной Осетии и Крыму.

▪ [Подписывайтесь на «Ъ» в MAX |](https://max.ru/kommersant) [в Telegram](https://t.me/+bPtk49gFbCBkYzdi)",20439,29,,kommersant
107519,2026-05-18T07:02:43+00:00,"💰 **Конфликт США и Израиля с Ираном уже обошелся мировому бизнесу в $25 млрд, и сумма ущерба продолжает расти. **Об этом [сообщает](https://www.kommersant.ru/doc/8671433?tg) Reuters со ссылкой на результаты анализа корпоративной информации компаний, представленных на биржах США, Европы и Азии.

По меньшей мере 279 компаний назвали иранский конфликт причиной принятия экстренных мер, включая повышение цен и сокращение производства. 

Другие приостановили выплату дивидендов или выкуп акций, отправили сотрудников в неоплачиваемый отпуск, ввели топливные надбавки или обратились за государственной помощью, указывает Reuters.

▪ [Подписывайтесь на «Ъ» в MAX |](https://max.ru/kommersant) [в Telegram](https://t.me/+bPtk49gFbCBkYzdi)",19224,24,,kommersant
107518,2026-05-18T06:36:57+00:00,"Археолог, сотрудник Эрмитажа **Александр Бутягин,** задержанный в Варшаве в декабре 2025 года по запросу Украины и вернувшийся в Россию в результате обмена, рассказал в интервью корреспонденту «Ъ» **Марии Барановской** о пребывании в польской тюрьме, о связи археологии и политики, о том, как изменилась его работа после 2014 года — и ответил на вопрос «чей Крым?».

**О польской тюрьме:**

💬 «Отношения с сокамерниками были хорошими. Уже в конце к нам попал один словак и сказал, что наша камера — просто рай: в ней нормальные люди и он вообще такого еще не видел». 

**О написанных книгах во время ареста:**

💬 «Многие отмечают это как героизм, но на самом деле это был просто вопрос выживания — нужно же как-то поддерживать свои мозги. <...> Я написал ""Древнюю Грецию в 50 предметах"", хотелось бы ее довести до ума. Только нужно перепроверить местами. Успел процентов на 40 написать ""Рим в 50 предметах"". Сочинил статью о том, что такое археология в искусстве, кучу заметок, восемь рассказов и с десяток стихотворений. <...> Есть идея смешать эти рассказы, добавить предыдущие немногочисленные стихи и тюремные заметки и издать художественную книжку». 

**Об обмене:**

💬 «Я, конечно, разочарован, что не было моста, как в фильме ""Мертвый сезон"". Но в остальном все проходило примерно так. Поляки везли меня в маске и наручниках, хотя непонятно зачем. Потом меня выпустили на пограничном пункте, где я, пока сидел полчаса, вел светский разговор с охранником; он говорил по-русски. А потом нас подвели к границе, с другой стороны подвели обвиняемого, и мы перешли с вещичками».

**Об уголовном деле:**

💬 «Я думал, что европейское сообщество не захочет втягиваться в охоту на гуманитарных ученых. Но оказалось, что некоторые страны вроде Польши с радостью включились».

💬 «Доказательства Украины были ужасно шаткими, и то, что даже было прислано в Польшу, выглядело очень сомнительно. Польский суд занял позицию, что это вообще не наше дело: на Украину отправим, а там разберутся».

💬 «<...> как выразился мой адвокат: ""С вашим процессом было бы все нормально, если бы Польша не была таким хорошим другом Украины"". То есть сейчас в рамках помощи Украине делается все, несмотря на какие-то неурядицы, на которые закрываются глаза».

**Об археологической работе:**

💬 «Понимаете, никакого преступления в научной работе быть не может. <...> Археологический памятник не виноват в том, что вокруг него воюют или он куда-то переходит».

💬 «Конечно, каждый делает свой собственный выбор. Мой выбор прост: я ставлю научную значимость выше остальных».

💬 «Понятно, что любая пропаганда использует меня теперь и в одну, и в другую сторону. С одной стороны — как страшного грабителя и уничтожителя объектов, с другой — как героя.Но я просто ученый, который всю жизнь хотел изучать свой памятник, испытывать от этого огромное удовольствие, публиковать все это и рассказывать об этом людям».

**Почему Крым выбран объектом изучения:**

💬 «Это очень личная история. <...> С моей точки зрения, это просто место, где я отдыхал, работал и бывал постоянно. У меня даже есть текст под названием ""Крым — мой""».

📰 **Читайте интервью **[**на сайте «Ъ».  **](https://www.kommersant.ru/doc/8671178?tg)

#Ъузнал",51954,351,,kommersant
107517,2026-05-18T06:20:19+00:00,"❗️ Исполнительный комитет Международной федерации гимнастики (World Gymnastics) решил допустить российских гимнастов к международным соревнованиям с флагом и гимном.

▪ [Подписывайтесь на «Ъ» в MAX |](https://max.ru/kommersant) [в Telegram](https://t.me/+bPtk49gFbCBkYzdi)",19282,36,,kommersant
107516,2026-05-18T05:59:29+00:00,"📰 **Эксклюзивные материалы свежего номера газеты «Коммерсантъ»:**

🔵 Археолог Александр Бутягин в интервью «Ъ» [рассказал](https://www.kommersant.ru/doc/8671178?tg) об аресте, обмене и научных открытиях в Крыму.

🔵 В правительстве [обсуждается запрет](https://www.kommersant.ru/doc/8671202?tg) владельцам генерации напрямую подключать потребителей к шинам электростанций.

🔵 Рост онлайн-продаж продуктов [замедлился](https://www.kommersant.ru/doc/8671222?tg) до минимума за три года.

🔵 Экспорт дизтоплива из России в страны ближнего зарубежья, включая Монголию и Узбекистан, по железной дороге за апрель [сократился](https://www.kommersant.ru/doc/8671161?tg) почти на треть.

🔵 «Ростелеком» [планирует запустить](https://www.kommersant.ru/doc/8671023?tg) производство умных телевизоров на базе собственной операционной системы «Аврора ТВ».

🔵 Спутницы погибших бойцов СВО [добиваются](https://www.kommersant.ru/doc/8671130?tg) отмены норм, лишающих их права на выплаты. 

🔵 Суд [обязал](https://www.kommersant.ru/doc/8671119?tg) Кирилла Якубовского завершить чтение дела о хищении 14,6 млрд руб. до 27 мая.

🔵 Российский премиальный бренд женской одежды N.O.M.I. [может уйти](https://www.kommersant.ru/doc/8671125?tg) с рынка. 

🔵 Добыча золота на россыпных месторождениях, по прогнозам участников отрасли, в 2026 году [может снизиться ](https://www.kommersant.ru/doc/8655936?tg)на 5%, до 74–78 тонн, из-за жесткого регулирования и роста затрат. 

🔵 Доля рассрочки при покупке новостроек [сократилась](https://www.kommersant.ru/doc/8670830?tg) с 40% до 25–30%.

👉 __Читайте другие эксклюзивные заметки __[__на сайте «Ъ». __](https://www.kommersant.ru/daily/166372?tg)

#Ъузнал",83960,81,,kommersant
107515,2026-05-18T05:32:37+00:00,"Президент США Дональд Трамп обсудил с высокопоставленными членами своей команды по национальной безопасности** дальнейшие действия в отношении Ирана, **сообщает CNN со ссылкой на источники.

По данным канала, встреча прошла через несколько часов после возвращения Дональда Трампа из Пекина в президентском гольф-клубе. На ней присутствовали вице-президент Джей Ди Вэнс, госсекретарь Марко Рубио, директор ЦРУ Джон Рэтклифф и специальный посланник Стив Уиткофф. Что именно обсуждалось во время встречи, не сообщается.

Ожидается, что Дональд Трамп снова соберет свою команду в начале этой недели. По данным портала Axios, встреча состоится во вторник. Со слов источников CNN, Пентагон подготовил военные планы на случай, если президент решит нанести дополнительные удары по энергообъектам и инфраструктуре.

▪ [Подписывайтесь на «Ъ» в MAX |](https://max.ru/kommersant) [в Telegram](https://t.me/+bPtk49gFbCBkYzdi)",19445,16,,kommersant
107514,2026-05-18T05:17:29+00:00,"🗞🗞🗞🗞 **Генерирующим компаниям могут запретить прямое подключение потребителей. **[По данным «Ъ»,](https://www.kommersant.ru/doc/8671202?tg) соответствующий вопрос обсуждается в правительстве.

Прежде всего, мера направлена на дата-центры, которые напрямую присоединяются к генерации, говорят источники «Ъ». При принятии изменений за подключения будут отвечать только сетевые организации. 

Генерирующие компании не поддерживают пересмотр уже заключенных договоров, а в «Россетях» считают меру необходимой для предотвращения дефицитов мощности.

#Ъузнал",19449,53,,kommersant
107513,2026-05-18T04:59:54+00:00,"🗞🗞🗞🗞 **Железнодорожный экспорт дизтоплива из России в страны ближнего зарубежья в апреле **[**снизился**](https://www.kommersant.ru/doc/8671161?tg)** на 27%.**

Крупнейшим покупателем российского дизтоплива с поставкой по железной дороге в апреле остается Монголия, которая сократила закупки на 17,3% к предыдущему месяцу. Наиболее существенное снижение пришлось на Узбекистан: отгрузки в страну сократились на 78% к марту и на 52% год к году. 

Падение экспорта связано с ростом производства у некоторых импортеров, перенаправлением белорусского транзита и переводом части российских объемов на экспорт через порты.

#Ъузнал",19547,37,,kommersant
107512,2026-05-18T04:28:41+00:00,"🗞🗞🗞🗞 **Оборот рынка онлайн-торговли продовольственными товарами в январе—марте 2026 года в России составил 482 млрд руб., увеличившись на 23,9% год к году. **Это [худший квартальный рост](https://www.kommersant.ru/doc/8671222?tg) с начала 2023 года. 

Замедлению темпа способствовали ограничения на работу интернета и общее стремление потребителей к экономии. 

При этом граждане все меньше ходят в магазины: их трафик в январе—апреле снизился на 5% год к году. За счет этого доля онлайн-канала увеличилась с 5,7% до 6,6% от общего объема продаж продовольствия в стране.

#Ъузнал",20690,55,,kommersant
107511,2026-05-18T04:19:01+00:00,"Силы ПВО за ночь сбили 50 беспилотников над регионами России, сообщили в Минобороны.

▪ [Подписывайтесь на «Ъ» в MAX |](https://max.ru/kommersant) [в Telegram](https://t.me/+bPtk49gFbCBkYzdi)",19844,13,,kommersant
107510,2026-05-18T04:00:10+00:00,"**⛅️****️ Главные новости к утру:
**
🔸 В Сенате США [рассказали](https://www.kommersant.ru/doc/8671237?tg) о работе над новым проектом антироссийских санкций.

🔸 Стоимость нефти Brent [превысила](https://www.kommersant.ru/doc/8671358?tg) $110 за баррель.

🔸 Два американских истребителя [столкнулись](https://www.kommersant.ru/doc/8671239?tg) во время авиашоу.

🔸 Саудовская Аравия [перехватила](https://www.kommersant.ru/doc/8671355?tg) три иракских беспилотника.

🔸 Сегодня в Москве [начнется](https://www.kommersant.ru/doc/8671356?tg) аномальная жара.

#главноекутру",23037,22,,kommersant
107509,2026-05-18T03:37:10+00:00,"🗞🗞🗞🗞 **Экспорт подсолнечного масла из России вырос на 10% за год.** Это связано с увеличением активности импортеров и высокими ценами на мировых рынках. Дополнительным стимулом стало снижение экспортной пошлины более чем в два раза.

Ключевыми покупателями российского подсолнечного масла в 2026 году [называют](https://www.kommersant.ru/doc/8671179?tg) Индию, Турцию, Китай, Белоруссию и Египет.

Но пересматривать прогнозы на весь сезон рынок пока не готов. Потенциал по-прежнему ограничен пропускной способностью терминалов и осторожной стратегией покупателей, говорит эксперт.

#Ъузнал",21016,30,,kommersant
107508,2026-05-18T03:12:46+00:00,"🗞🗞🗞🗞 ГК «Кронштадт», включающая одноименного производителя дронов для Минобороны, завершила реорганизацию, [выяснил «Ъ»](https://www.kommersant.ru/doc/8671194?tg). Головной структурой стало «Аэромакс» — подразделение, ранее входившее в АФК «Система».

**Теперь группа рассчитывает зарабатывать на гражданских беспилотниках и выбраться из многомиллиардных убытков.**

Рынок гражданских дронов, сократившийся на треть за 2025 год, считается перенасыщенным и сложным, поэтому возврат инвестиций эксперты прогнозируют только в долгосрочной перспективе.

#Ъузнал",21095,54,,kommersant
107507,2026-05-18T02:52:48+00:00,"**Запас прочности у застройщиков исчерпан**, [заявил](https://www.kommersant.ru/doc/8671365?tg) вице-премьер России Марат Хуснуллин. По его словам, изменения в правилах выдачи семейной ипотеки снизят объемы ипотечного кредитования, что ударит по строительному рынку и приведет к рискам для отрасли.

«Мы запас прочности свой, который у нас был — у строителей, у девелоперов, с 2024 года уже выбрали. Дальше нас уже нельзя давить, дальше это уже риски для отрасли»,— сказал господин Хуснуллин.

Он добавил, что рынок живет за счет денег дольщиков.

✔️ [Подписывайтесь на «Ъ» в MAX](https://max.ru/kommersant) |[ в Telegram](https://t.me/+bPtk49gFbCBkYzdi)",22241,198,,kommersant
107506,2026-05-18T02:25:38+00:00,"**Нацрежим закупок работает со сбоями.** Как [показал](https://www.kommersant.ru/doc/8671166?tg) опрос, 61% участников этого рынка считают, что нацрежим действует недостаточно эффективно и нуждается в доработке, 22% — не видят никакого результата от его введения, 13% заявили, что результат есть и закупки российской продукции выросли, 4% посчитали выставление оценки преждевременным.

Национальный режим действует с 1 января 2025 года и распространяется на закупки государства и госкомпаний. Его суть — в ограничении возможности приобретения для государственных нужд иностранных товаров, преимущество отдается продукции из РФ и Евразийского союза.

✔️ [Подписывайтесь на «Ъ» в MAX](https://max.ru/kommersant) |[ в Telegram](https://t.me/+bPtk49gFbCBkYzdi)",21125,30,,kommersant
107505,2026-05-18T01:36:17+00:00,"**Украина не подавала сигналов о готовности продолжать мирные переговоры с Россией**, [заявил](https://www.kommersant.ru/doc/8671361?tg) замглавы МИД РФ Михаил Галузин. При этом он посоветовал президенту Украины Владимиру Зеленскому отдать вооруженным силам приказ отступить из Донбасса. Это нужно, чтобы создать условия для результативного диалога, сказал дипломат.

Он подчеркнул, что Россия по-прежнему настаивает на устранении первопричин украинского кризиса и верности «духу Анкориджа» — соглашениям, которые Владимир Путин и Дональд Трамп достигли на Аляске в августе прошлого года.

✔️ [Подписывайтесь на «Ъ» в MAX](https://max.ru/kommersant) |[ в Telegram](https://t.me/+bPtk49gFbCBkYzdi)",21284,45,,kommersant
107504,2026-05-18T01:04:21+00:00,"**В прокуратуру Парижа обратились новые жертвы Джеффри Эпштейна.**

Всего к французским правоохранительным органам обратились около 20 предполагаемых жертв, примерно десять из них никогда до этого не фигурировали в материалах дела, [сообщила](https://www.kommersant.ru/doc/8671360?tg) парижский прокурор Лор Беккю.

Следователи допрашивают пострадавших. Часть из них находятся за границей.

✔️ [Подписывайтесь на «Ъ» в MAX](https://max.ru/kommersant) |[ в Telegram](https://t.me/+bPtk49gFbCBkYzdi)",22171,25,,kommersant
107503,2026-05-18T00:08:44+00:00,"**Инфляция в России демонстрирует устойчивое замедление**, [заявил](https://www.kommersant.ru/doc/8671359?tg) глава Минэкономразвития Максим Решетников. Это открывает пространство для смягчения денежно-кредитной политики, считает он. При этом министр добавил, что выбор конкретной стратегии — снизить ставку одномоментно или действовать постепенно — остается исключительной прерогативой Банка России.

По словам Максима Решетникова, на 12 мая инфляция в годовом выражении опустилась до 5,5%, что ниже показателей конца прошлого года.

✔️ [Подписывайтесь на «Ъ» в MAX](https://max.ru/kommersant) |[ в Telegram](https://t.me/+bPtk49gFbCBkYzdi)",20872,57,,kommersant
107502,2026-05-17T23:29:01+00:00,"**Стоимость нефти Brent превысила $110 за баррель.** Стоимость июльских фьючерсов на бирже ICE достигла отметки $110,4 за баррель. По состоянию на 1:56 мск рост составляет около одного процента.

В предыдущий раз Brent торговалась на уровне выше $110 во время торгов 4 мая. Тогда цены превышали $114.

Также растут июньские фьючерсы на WTI. По данным биржи NYMEX на 1:50 мск, они находились на отметке $107,26 (+1,75%).

✔️ [Подписывайтесь на «Ъ» в MAX](https://max.ru/kommersant) |[ в Telegram](https://t.me/+bPtk49gFbCBkYzdi)",20509,28,,kommersant
107501,2026-05-17T23:06:30+00:00,"**💶**** Последствия войны на Ближнем Востоке уже сказываются на состоянии европейской экономики**, [отмечают](https://www.kommersant.ru/doc/8671188?tg) аналитики Европейского центрального банка. Еще недавно, в феврале инфляция в ЕС колебалась вблизи целевого уровня в 2%, а экономика пусть медленно, но росла. Теперь же аналитики фиксируют ухудшение перспектив.

Если перебои с поставками затянутся, **зона евро рискует столкнуться со стагфляцией** — экономическим спадом при сохраняющемся инфляционном давлении. Дополнительным фактором неопределенности остаются американские пошлины. 

✔️ [Подписывайтесь на «Ъ» в MAX](https://max.ru/kommersant) |[ в Telegram](https://t.me/+bPtk49gFbCBkYzdi)",22033,37,,kommersant
107500,2026-05-17T22:01:32+00:00,"**В ФРГ боятся системного политического кризиса.** Рейтинг крайне правой партии «Альтернатива для Германии» достиг рекордных 29%, в то время как правящие христианские демократы опустились до самой низкой отметки за последние четыре года — 22%.

Такой расклад вновь высветил кризис традиционных партий и вызвал сравнения нынешней ФРГ с Веймарской республикой перед приходом национал-социалистов. Хотя эта аналогия и немного натянута, Германия уверенно движется к затяжному системному кризису и фундаментальному переформатированию политического ландшафта.

«Если еще одно демократическое правительство сейчас потерпит крах, по какой бы причине это ни произошло, то мы пойдем по веймарскому пути»,— [сказал](https://www.kommersant.ru/doc/8671151?tg) лидер христианских социалистов и премьер Баварии Маркус Зёдер.

✔️ [Подписывайтесь на «Ъ» в MAX](https://max.ru/kommersant) |[ в Telegram](https://t.me/+bPtk49gFbCBkYzdi)",23859,76,,kommersant
107499,2026-05-17T21:07:29+00:00,"**Каждый седьмой декретный отпуск по уходу за ребенком в России оформляется на мужчин**, [следует ](https://www.kommersant.ru/doc/8671140?tg)из полученных «Ъ» данных Социального фонда. В последние два года число таких декретов выросло почти в восемь раз — с 30 тыс. в 2023-м до 226 тыс. в 2025 году. Такой бурный рост показателя в первую очередь объясняется новыми правилами выплаты декретных пособий. Теперь родитель может получать их, даже продолжая работать, что и подталкивает пары оформлять декретный отпуск на того, кто получает больше.

💬 В то же время, говорит эксперт, нельзя полностью исключить влияние на рост показателя и других факторов меняющегося рынка труда: «Сейчас много сокращений в IT-компаниях, возможно, какая-то часть мужчин уходит в декрет по этой причине, пытаясь избежать потери работы».

✔️ [Подписывайтесь на «Ъ» в MAX](https://max.ru/kommersant) |[ в Telegram](https://t.me/+bPtk49gFbCBkYzdi)",24658,150,,kommersant
107498,2026-05-17T20:29:13+00:00,"«Я не просил его ни о каких услугах»
**
Визит Дональда Трампа в Китай оценили и как провальный, и как триумфальный.** Президент США подвел итоги своего визита в Пекин, назвав его «огромным успехом». Китайская сторона сообщила о «значительных результатах» саммита.

Оценки мировых СМИ гораздо более критичны — они [утверждают](https://www.kommersant.ru/doc/8671131?tg), что Трамп проиграл китайскому лидеру. Однако совершенно очевидно, что визит способствовал продвижению США и КНР к гармонизации двусторонних отношений, продемонстрировав готовность сторон избегать конфронтации и находить общий язык по Тайваню, Ирану и Украине.

Между тем **третьей стороной нового диалога США и Китая становится Россия**. Сразу после президента Трампа со своим визитом в КНР 19 мая прибудет президент РФ Владимир Путин. Газета The New York Times отмечает, что китайский лидер упомянул президента Путина во время прогулки с президентом Трампом по парку своей резиденции.

✔️ [Подписывайтесь на «Ъ» в MAX](https://max.ru/kommersant) |[ в Telegram](https://t.me/+bPtk49gFbCBkYzdi)",24476,45,,kommersant
107497,2026-05-17T20:02:54+00:00,"«В Сан-Франциско ""Авось"" пиратствует».

220 лет назад два русских парусника стояли в гавани Сан-Франциско. Находившийся на борту камергер двора императора Александра I Николай Резанов ждал возможности отправиться на родину, чтобы добиваться решения служебных и личных дел — в том числе просить через русскую миссию в Ватикане согласия папы Пия VII на брак с дочерью коменданта Сан-Франциско Марией Консепсьон де Аргуэльо (Кончитой). 

Иван Тяжлов [изучал детали сюжета](https://www.kommersant.ru/doc/8656125?tg), 45 лет назад легшего в основу одного из популярнейших сценических проектов в отечественной истории — рок-оперы «""Юнона"" и ""Авось""».

📷 Государственный исторический музей

▪ [Подписывайтесь на «Ъ» в Telegram ](https://t.me/+bPtk49gFbCBkYzdi)| [в MAX](https://max.ru/kommersant)",24232,129,,kommersant
107496,2026-05-17T19:51:03+00:00,"В Конгрессе США **продвигается работа над новым законопроектом, который позволит вводить санкции против стран, покупающих российскую нефть**, сообщил сенатор США Линдси Грэм. 

По его словам, законодатели «очень близки» к принятию санкций.

▪ [Подписывайтесь на «Ъ» в Telegram ](https://t.me/+bPtk49gFbCBkYzdi)| [в MAX](https://max.ru/kommersant)",21286,36,,kommersant
107495,2026-05-17T19:45:01+00:00,"💬 Несмотря на все финансовые злоключения и нервный паралич политики того времени, человеческое все же оказалось сильнее.

15 мая отмечался день московского метро, которому в 2026-м исполнился 91 год. А чуть раньше, в конце апреля, 35-летие было у метро Екатеринбурга, где до недавнего времени использовали для проезда московские жетоны. 

👉 __Как строилась последняя, 13-я система подземного транспорта в СССР, с какими трудностями сталкивался проект и на какой стадии застопорилось его развитие — в __[__материале «Ъ».__](https://www.kommersant.ru/doc/8670277?tg)__
__
▪ [Подписывайтесь на «Ъ» в Telegram ](https://t.me/+bPtk49gFbCBkYzdi)| [в MAX](https://max.ru/kommersant)",21919,31,,kommersant
107494,2026-05-17T19:37:58+00:00,"11 мая прошел день рождения Иеронима Карла Фридриха фон Мюнхгаузена. Не книжного, подлинного. По этому случаю [«Ъ» рассказывает](https://www.kommersant.ru/doc/8670326?tg), каким он был на самом деле. А заодно напоминает, кто скрывается под именами Эдмона Дантеса, Шерлока Холмса, Джея Гэтсби и Робинзона Крузо.

📷 __Munchhausenmuseum Bodenwerder__

▪ [Подписывайтесь на «Ъ» в Telegram ](https://t.me/+bPtk49gFbCBkYzdi)| [в MAX](https://max.ru/kommersant)",22512,145,,kommersant
107493,2026-05-17T19:00:52+00:00,"🌒 **Главные новости к вечеру **

▪️ Президент США Дональд Трамп [пригрозил](https://www.kommersant.ru/doc/8671220?tg) Ирану «гораздо более серьезным ударом» в случае отказа от сделки.

▪️ ВСУ [обстреляли](https://www.kommersant.ru/doc/8671182?tg) цех Запорожской АЭС.

▪️ На северо-востоке Литвы [упал](https://www.kommersant.ru/doc/8671230?tg) беспилотник ВСУ.

▪️ В Москве [потушили](https://www.kommersant.ru/doc/8671164?tg) пожар под Северо-Восточной хордой.

▪️ Врио губернатора Брянской области [отправил](https://www.kommersant.ru/doc/8671195?tg) правительство региона в отставку.

▪️ Спутницы погибших бойцов СВО [добиваются](https://www.kommersant.ru/doc/8671130?tg) отмены норм, лишающих их права на выплаты.

▪️ Суд [обязал](https://www.kommersant.ru/doc/8671119?tg) Кирилла Якубовского завершить чтение дела о хищении 14,6 млрд руб. до 27 мая.

#главноеквечеру",24830,19,,kommersant
107492,2026-05-17T18:01:10+00:00,"⚽️ Петербургский «Зенит» обыграл «Ростов» в заключительном матче 30-го тура Российской премьер-лиги (РПЛ) со счетом 1:0. «Зенит»** стал 11-кратным чемпионом России по футболу.**

Матч прошел на «Ростов Арене». Мяч забил с пенальти на 14-й минуте нападающий «Зенита» Александр Соболев.

▪ [Подписывайтесь на «Ъ» в Telegram ](https://t.me/+bPtk49gFbCBkYzdi)| [в MAX](https://max.ru/kommersant)",25822,40,,kommersant
107491,2026-05-17T17:00:01+00:00,"**«Ростелеком» **[**планирует запустить**](https://www.kommersant.ru/doc/8671023?tg)** производство умных телевизоров** на базе собственной операционной системы «Аврора ТВ», узнал «Ъ». 

Первая партия может составить 150–200 тыс. устройств до конца 2026 года. 

Основным заказчиком, как ожидается, выступит госсектор. В планах компании в ближайшие три года занять до 30% рынка.

 «Цель занять 30% рынка выглядит амбициозной: российское производство телевизоров обеспечивает не более 30–35% внутренних продаж, есть конкуренция с другими отечественными ОС для ТВ. Более реалистичной выглядит доля 15–25% от всего рынка Smart TV при условии успешного развития OEM-партнерств и дистрибуции. Достижение 30% возможно при введении жестких требований к локализации ОС и фактических ограничений на использование Android TV и Google TV»,— считает руководитель проектов практики «Промышленность и технологии» компании Strategy Partners Виталий Шапошников.

📡 [Сети меняются. Мы следим. Подписывайтесь](https://t.me/+SkQgmXpzMqFjZjli).",26816,77,,kommersant
107490,2026-05-17T16:47:48+00:00,"❗️ **Правительство Брянской области отправлено в отставку**. Такой указ подписал врио главы региона Егор Ковальчук.

▪ [Подписывайтесь на «Ъ» в Telegram ](https://t.me/+bPtk49gFbCBkYzdi)| [в MAX](https://max.ru/kommersant)",25841,81,,kommersant
107489,2026-05-17T16:21:20+00:00,"🗞🗞🗞🗞 Спутницы погибших бойцов СВО [**добиваются**](https://www.kommersant.ru/doc/8671130?tg)** отмены норм, лишающих их права на выплаты. **Такой иск к** **Федеральному собранию поступил в Верховный суд РФ, после того, как были приняты поправки о праве гражданских жен погибших на Украине военных претендовать на льготы и выплаты только при наличии общего ребенка и установлении факта совместного проживания более трех лет.

На очереди и другие аналогичные иски от фактических жен бойцов, которые полагают, что эти нормы ущемляют права тех, кто не соответствует установленным законом критериям. Законодатели менять свое решение не собираются.

#Ъузнал",27428,125,,kommersant
107488,2026-05-17T16:02:59+00:00,"🗞🗞🗞🗞 Cуд обязал до 27 мая [завершить](https://www.kommersant.ru/doc/8671119?tg) ознакомление с материалами второго уголовного дела экс-совладельца сетей «Азбука вкуса» и «Кофе Хауз» Кирилла Якубовского, золотопромышленника Павла Масловского и еще двух фигурантов, обвиняемых в хищении 14,6 млрд руб. 

Следователь утверждала, что адвокаты и их фигуранты затягивают процедуру, чтобы дотянуть до прекращения дела по сроку давности по некоторым эпизодам. Защита заявила о неэффективности расследования, начатого еще восемь лет назад.

#Ъузнал",24668,39,,kommersant
107487,2026-05-17T15:39:14+00:00,"🗞🗞🗞🗞** Российский премиальный бренд женской одежды N.O.M.I. **[**может уйти**](https://www.kommersant.ru/doc/8671125?tg)** с рынка**. Заявление о банкротстве его структур намерен подать Сбербанк, часть магазинов производитель уже закрыл. 

Внутренние проблемы компании наложились на масштабный кризис в фешен-отрасли. Из-за падения спроса на одежду и обувь на 8–10% и роста конкуренции продолжать работу сейчас удается лишь наиболее устойчивым компаниям.

#Ъузнал",24219,48,,kommersant
107486,2026-05-17T14:59:55+00:00,"🎤 **Болгария впервые выиграла «Евровидение-2026**». Конкурс проходил в столице Австрии на крытом стадионе. От Болгарии выступала исполнительница Дарина Йотова, известная как Dara. С песней Bangaranga ей удалось набрать 516 баллов. Над композицией работал греческий композитор Димитрис Контопулос. В России он известен тем, что сотрудничал с Филиппом Киркоровым, Сергеем Лазаревым и Аней Лорак. 

Второе место завоевал Ноам Беттан, который представлял Израиль. Он получил на 173 балла меньше, чем победительница. На третьем месте, отстав на 47 баллов, оказалась Александра Кэпитэнеску из Румынии. Меньше всего набрал участник из Великобритании. Он получил 1 балл.

💬 **Владимир Завьялов**, __музыкальный критик: __
«Победа Болгарии очень неожиданная. Она была ""темной лошадкой"". На нее не ставили букмекеры, она даже не была в тройке лидеров. Фаворитами были Финляндия, Греция, Дания и Хорватия. Тем не менее Болгария поразила высоким стандартом сценических постановок. Кроме того, для песни выбран удачный микс балканских мелодий и залипательного слова Bangaranga, которое сильно въедается в голову».

📌 __Всего в финал вышли представители 25 стран. Россия не участвует в конкурсе 2022 года.__

🗣 [Слушать эфир](https://t.me/kfm936?livestream) l [Написать в чат-бот](https://t.me/kmfmbot) l [Подписаться](https://t.me/kfm936)",24518,71,,kommersant
107485,2026-05-17T14:03:01+00:00,"▶️ **Папа Римский Лев XIV поддержал и повторил мем «6-7» (six-seven). **Дети подловили понтифика в Ватикане, показали движения руками и предложили сделать то же самое. 

Такие кадры опубликованы в Сети. 

▪ [Подписывайтесь на «Ъ» в MAX ](https://max.ru/kommersant)| [в Telegram](https://t.me/+bPtk49gFbCBkYzdi)",25244,365,,kommersant
107484,2026-05-17T13:43:48+00:00,"🗞🗞🗞🗞  **В России среди банков **[**набирает**](https://www.kommersant.ru/doc/8671098?tg)** популярность секьюритизация ипотеки без гарантии «Дом. РФ». **После реализации третьего зарегистрированного выпуска объем таких облигаций станет сопоставим с объемом размещенных с начала года бумаг под гарантии института развития. 

Эксперты отмечают, что секьюритизация без участия «Дом. РФ» дает возможность использовать более широкий спектр кредитов и позволяет избежать комиссии за гарантию.

#Ъузнал",23822,41,,kommersant
107483,2026-05-17T13:34:20+00:00,"🗞🗞🗞🗞 **Крупные страховые компании **[**запустили**](https://www.kommersant.ru/doc/8671090?tg)** накопительное страхование жизни (НСЖ) с механизмом получения дохода как в инвестиционном страховании жизни (ИСЖ).** По словам юристов, законодательство не запрещает привязывать доходность по страховым продуктам к различным активам. 

Однако с принятием закона о страховании с расчетной доходностью страховщики потеряют возможность продавать такие продукты.

#Ъузнал",22724,34,,kommersant
107482,2026-05-17T13:21:13+00:00,"▶️ Движение по СВХ перекрыли в обе стороны из-за пожара на стройплощадке в районе метро «Черкизовская», сообщил столичный Дептранс.

«Обстоятельства произошедшего и информация о пострадавших уточняются. Пожалуйста, выбирайте пути объезда».

▪ [Подписывайтесь на «Ъ» в MAX ](https://max.ru/kommersant)| [в Telegram](https://t.me/+bPtk49gFbCBkYzdi)",23358,242,,kommersant
107481,2026-05-17T13:16:03+00:00,"🗞🗞🗞🗞 Добыча золота на россыпных месторождениях, по прогнозам участников отрасли, в 2026 году [**может снизиться **](https://www.kommersant.ru/doc/8655936?tg)**на 5%, до 74–78 тонн, из-за жесткого регулирования и роста затрат. **

По их оценкам, при росте нагрузки до 15% компаний и до 7% объемов добычи уйдут в серый сегмент. Но некоторые аналитики уверены, что спад добычи имеет естественные причины, а учитывая высокие цены на золото, у легального сегмента рынка сохранится интерес даже к бедным россыпям.

#Ъузнал",21837,31,,kommersant
107480,2026-05-17T13:02:45+00:00,"«Инвесторы сейчас покупают скорее не американскую экономику в целом, а историю вокруг ИИ и технологического сектора». 

🗞🗞🗞🗞  Максимальный с января объем средств вывели мировые инвесторы из фондов китайских акций. За неделю, закончившуюся 12 мая, **чистый отток средств из таких фондов **[**составил**](https://www.kommersant.ru/doc/8671078?tg)** $22 млрд**. Продажи связаны с сохраняющимися геополитическими и экономическими рисками и дефицитом поставок нефти на мировой рынок. 

В таких условиях капитал перетекает на американский рынок, который выглядит более привлекательно как из-за большей энергонезависимости, так и благодаря компаниям, внедряющим передовые технологии.

#Ъузнал",21963,32,,kommersant
107479,2026-05-17T12:44:37+00:00,"🗞🗞🗞🗞   Крупный оренбургский бизнесмен Вячеслав Богатов [**отрицает**](https://www.kommersant.ru/doc/8671082?tg)**, что хотел посадить экс-омбудсмена из «Деловой России». **По версии СКР, господин Богатов и его предполагаемые сообщники намеревались дать взятку за возбуждение дела в отношении Елены Киселевой, в недавнем прошлом девелопера и члена генсовета «Деловой России». 

Она уже была под следствием по делу об обмане дольщиков, кредиторов, а также лично господина Богатова, но в итоге оно было закрыто. Защита бизнесмена обращает внимание на нестыковку в обвинении: взятку якобы он хотел дать в то время, когда дело предпринимательницы еще не прекратили.

📷 __Из семейного архива__

#Ъузнал",22462,28,,kommersant
107478,2026-05-17T12:33:14+00:00,"🗞🗞🗞🗞  **Доля рассрочки при покупке новостроек **[**сократилась**](https://www.kommersant.ru/doc/8670830?tg)** с 40% до 25–30%. **В портфелях крупных девелоперов доля инструмента сократилась почти в полтора раза. 

Это связано с повышением доступности рыночной ипотеки и усилиями властей, направленными на ограничение программ рассрочек.

#Ъузнал",21574,27,,kommersant
107477,2026-05-17T12:16:43+00:00,"🗞🗞🗞🗞 Новым гендиректором развивающего свиноводческие активы ГК «Дымов» ООО «Тарбаево»** **[**стал выходец**](https://www.kommersant.ru/doc/8670838?tg)** из «Сибагро» Евгений Лазарев. **Смена менеджмента произошла в условиях падающей рентабельности производства свинины и может указывать на стремление повысить эффективность работы. 

Но предыдущая попытка привести в ГК «Дымов» управленца из крупной производственной компании оказалась неудачной.

#Ъузнал",21939,27,,kommersant
107476,2026-05-17T11:59:59+00:00,"**Минздрав **[**утвердил**](https://www.kommersant.ru/doc/8670355?tg)** новые правила подготовки будущих родителей к рождению ребенка. **Документ систематизирует работу «школ для беременных» и вводит единые стандарты психопрофилактической подготовки семей.

Программа включает пять занятий с акушерами, педиатрами и психологами по 60 минут: по одному в первом и втором триместрах беременности и три — в третьем (оплачиваемые по ОМС).

Ключевое нововведение — обязательное вовлечение в процесс будущих отцов. Их будут учить уходу за новорожденным и основам поддержки при родах.

Опрошенные «Ъ» эксперты отмечают, что подготовленные пациентки спокойнее ведут себя в родах, реже принимают эмоциональные решения и лучше взаимодействуют с персоналом.

▪️ [Подписывайтесь на «Ъ» в MAX ](https://max.ru/kommersant)| [в Telegram](https://t.me/+bPtk49gFbCBkYzdi)",25468,168,,kommersant
107475,2026-05-17T11:13:09+00:00,"**Высокий представитель мирового сообщества в Боснии Кристиан Шмидт подал в отставку после почти пяти лет пребывания на посту**, который сравнивают с позицией внешнего управляющего в этой балканской республике.

Господин Шмидт объяснил отставку личными мотивами. Однако многие эксперты считают, что его уходу поспособствовала нынешняя администрация США, которую не устраивала несговорчивость немецкого дипломата и его жесткий конфликт с руководством входящей в состав Боснии Республики Сербской.

__👉____ **С **__[**__подробностями__**](https://www.kommersant.ru/doc/8671045?tg)**__ — корреспондент «Ъ» на Балканах Геннадий Сысоев.__**

▪️ [Подписывайтесь на «Ъ» в MAX ](https://max.ru/kommersant)| [в Telegram](https://t.me/+bPtk49gFbCBkYzdi)",27069,22,,kommersant
107474,2026-05-17T10:32:12+00:00,"**Неизвестный беспилотник упал вблизи АЭС «Барака» в Абу-Даби, после чего начался пожар**, сообщает Reuters.

▪️ [Подписывайтесь на «Ъ» в MAX ](https://max.ru/kommersant)| [в Telegram](https://t.me/+bPtk49gFbCBkYzdi)",27546,56,,kommersant
107473,2026-05-17T09:28:56+00:00,"❌ **ТРЦ «Мега» в Химках **[**не открылся**](https://www.kommersant.ru/doc/8671044?tg)** после атаки БПЛА.** Представители торгового центра не уточнили причины приостановки работы.

Утром администрация Химок сообщала о последствиях беспилотной атаки. В частности, были повреждены частный и многоквартирные дома. Погибла женщина, еще один человек пострадал.

@kommersant",32442,244,,kommersant
107471,2026-05-17T09:14:12+00:00,"**Москва и Подмосковье **[**пережили**](https://www.kommersant.ru/doc/8671017?tg)** одну из самых массированных атак БПЛА. **Что известно к этому часу:

🔹 На подлете к Москве к утру 17 мая было сбито более 120 БПЛА.

🔹 Одной из целей атак стал Московский нефтеперерабатывающий завод. Там ранены 12 человек. 

🔹 В Химках при попадании дрона в частный дом погибла женщина. Еще один человек находится под завалами.

🔹 В Мытищах погибли мужчина и женщина.

🔹 В Красногорске БПЛА попал в многоквартирный жилой дом. Повреждения получили несколько квартир.

🔹 В Истре также повреждены дома: многоквартирный дом в Дедовске и шесть частных домов в поселке Агрогородок. Пострадали четыре человека.

🔹 В Наро-Фоминском округе в результате падения БПЛА загорелся частный дом.

🔹 В нескольких муниципалитетах атакованы инфраструктурные объекты.

🔹 Из-за ночных ограничений на запасные аэродромы направили 51 самолет. На вылет задержаны 32 рейса. Аэропортовые службы работают в усиленном режиме.

📷 __Telegram-канал губернатора Подмосковья Андрея Воробьева

__▪️ [Подписывайтесь на «Ъ» в MAX ](https://max.ru/kommersant)| [в Telegram](https://t.me/+bPtk49gFbCBkYzdi)",31289,517,,kommersant
107470,2026-05-17T08:42:33+00:00,"**Запретить доступ к соцсетям для детей младше 14 лет** [предложили](https://www.kommersant.ru/doc/8671028?tg) в Общественной палате.

Такие меры должны помочь в борьбе с интернет-мошенничеством в отношении детей. При этом они не дадут полной гарантии, если подросток будет использовать сервисы обхода блокировок.

Ранее запрет на соцсети до 16 лет ввели в Австралии. Подобные меры также рассматривают Великобритания, Франция, Испания, Индия и Япония. Институт немецкой экономики на основе исследования рекомендовал запретить соцсети детям до 13 лет.

▪️ [Подписывайтесь на «Ъ» в MAX ](https://max.ru/kommersant)| [в Telegram](https://t.me/+bPtk49gFbCBkYzdi)",28439,103,,kommersant
107469,2026-05-17T08:04:34+00:00,"🗞🗞🗞🗞 **ФСБ расследует уголовное дело о масштабных хищениях в подведомственном самой спецслужбе ФГУП «Комплекс»**, [стало известно](https://www.kommersant.ru/doc/8670941?tg) «Ъ».

Организация отвечает за реализацию «высвобождаемого движимого и недвижимого имущества» подразделений органов госбезопасности. 

Сейчас под стражей в СИЗО находятся несколько руководителей и сотрудников предприятия. В марте был арестован замруководителя ФГУП Николай Филиппов. Помимо работы во ФГУП он возглавляет управляющую компанию, обслуживающую ЖК премиум-класса в Крыму.

Как, на какую сумму и какое именно имущество было похищено, следствие ФСБ не сообщает. Также не раскрывается организатор хищений. Адвокаты фигурантов расследования от комментариев категорически отказались.

#Ъузнал",28675,117,,kommersant
107468,2026-05-17T06:55:40+00:00,"**Заражение хантавирусом выявлено у одного из канадцев с круизного лайнера MV Hondius**, заявила глава медицинского управления канадской провинции Британская Колумбия Бонни Хенри.

По ее словам, тест на вирус показал положительный результат, однако симптомы не выражены. Пациент содержится в больнице в изоляции.

▪️ [Подписывайтесь на «Ъ» в MAX ](https://max.ru/kommersant)| [в Telegram](https://t.me/+bPtk49gFbCBkYzdi)",29242,24,,kommersant
107467,2026-05-17T06:43:26+00:00,"**Четыре частных дома и три автомобиля получили повреждения в результате падения обломков БПЛА в подмосковном Сергиевом Посаде**, пострадавших нет, сообщила глава городского округа Оксана Ероханова.

__📷____ Telegram-канал главы Сергиево-посадского городского округа__

▪️ [Подписывайтесь на «Ъ» в MAX ](https://max.ru/kommersant)| [в Telegram](https://t.me/+bPtk49gFbCBkYzdi)",31264,114,,kommersant
107466,2026-05-17T05:25:01+00:00,"**Обломки БПЛА упали на территорию аэропорта Шереметьево**, сообщила авиагавань. 

Они находятся на безопасном расстоянии от зон обслуживания пассажиров и воздушных судов. На месте работают оперативные службы.

Отмечается, что пострадавших и разрушений в районе аэропорта нет, Шереметьево работает штатно.

▪️ [Подписывайтесь на «Ъ» в MAX ](https://max.ru/kommersant)| [в Telegram](https://t.me/+bPtk49gFbCBkYzdi)",30334,220,,kommersant
107465,2026-05-17T05:21:57+00:00,"⛅️ **Главные новости к утру:**

🔸 В России за ночь сбили 556 БПЛА. В Подмосковье во время ударов [погибли](https://www.kommersant.ru/doc/8670971?tg) три человека.

🔸 В Пятигорске [потушили](https://www.kommersant.ru/doc/8670959?tg) пожар на АЗС, из-за взрыва на которой пострадали шесть человек.

🔸 Сергей Собянин [сообщил](https://www.kommersant.ru/doc/8670974?tg) о налете БПЛА на Московский нефтеперерабатывающий завод.

🔸 Болгария [победила](https://www.kommersant.ru/doc/8670963?tg) на «Евровидении-2026».

🔸 Премьер-министр Словакии Роберт Фицо [предупредил](https://www.kommersant.ru/doc/8670956?tg) студентов, что в мире будет происходить все больше военных конфликтов.

#главноекутру",30601,63,,kommersant
107464,2026-05-17T04:33:44+00:00,"**Средства ПВО за ночь сбили 556 украинских БПЛА над регионами России**, сообщили в Минобороны.

▪️ [Подписывайтесь на «Ъ» в MAX ](https://max.ru/kommersant)| [в Telegram](https://t.me/+bPtk49gFbCBkYzdi)",29917,172,,kommersant
107463,2026-05-17T04:23:31+00:00,"**Московский нефтеперерабатывающий завод оказался под ударом БПЛА, **сообщил мэр столицы Сергей Собянин.

Возле проходной объекта пострадала смена строителей.

Всего из-за попадания беспилотников, по предварительным данным, в Москве пострадали 12 человек. Повреждено три дома. Отражение атаки БПЛА продолжается. 

▪️ [Подписывайтесь на «Ъ» в MAX ](https://max.ru/kommersant)| [в Telegram](https://t.me/+bPtk49gFbCBkYzdi)",31815,251,,kommersant
107462,2026-05-17T04:08:52+00:00,"**Трое человек погибли во время налета БПЛА в Подмосковье, **сообщил губернатор Московской области Андрей Воробьев.

В Химках дрон влетел в частный дом, погибла женщина. Еще один человек находится под завалами. Двое мужчин погибли в деревне Погорелки в Мытищах.

Кроме того, в Истре несколько беспилотников попали в один многоэтажный и шесть частных домов. Пострадали четверо человек.

В деревне Субботино в Наро-Фоминском округе загорелся один частный дом. Там никто не пострадал. Также атакованы инфраструктурные объекты в нескольких муниципалитетах, добавил губернатор. 

За ночь рядом с Москвой сбили 80 БПЛА, сообщал мэр столицы Сергей Собянин. Аэропорты региона закрывались на несколько часов, сейчас они работают штатно. Ограничения сохраняются для Домодедово.

@kommersant",35724,462,,kommersant
107461,2026-05-16T20:00:39+00:00,"Упавший сегодня в турецком прибрежном городе Самсун **беспилотник был украинским**, сообщает турецкое издание Doru Haber. По данным СМИ, обломки БПЛА были похожи на части дронов-приманок «Майя».

Издание предполагает, что беспилотник мог сбиться с курса во время атаки на Краснодарский край или Крым. 

▪ [Подписывайтесь на «Ъ» в MAX ](https://max.ru/kommersant)| [в Telegram](https://t.me/+bPtk49gFbCBkYzdi)",33927,73,,kommersant
107460,2026-05-16T19:00:19+00:00,"🌒 **Главные новости к вечеру **

▪️ Автомобиль [въехал](https://www.kommersant.ru/doc/8670940?tg) в толпу людей в итальянской Модене.

▪️ В США [допустили](https://www.kommersant.ru/doc/8670909?tg) захват Рауля Кастро по венесуэльскому сценарию. 

▪️ Китай и Соединенные Штаты [договорились](https://www.kommersant.ru/doc/8670907?tg) о поставках американских самолетов. 

▪️ Армия Израиля [заявила](https://www.kommersant.ru/doc/8670898?tg) об убийстве командующего военным крылом «Хамаса». 

▪️ МИД Приднестровья [оценил](https://www.kommersant.ru/doc/8670943?tg) решение РФ упростить правила предоставления гражданства. 

▪️ Один подросток погиб, десять человек [пострадали](https://www.kommersant.ru/doc/8670949?tg) при атаках ВСУ на ДНР.

▪️ Число пострадавших при взрыве на заправке в Пятигорске [выросло](https://www.kommersant.ru/doc/8670879?tg) до шести.

#главноеквечеру",97658,134,,kommersant
107459,2026-05-16T18:31:53+00:00,"В посольство России в Нидерландах не поступало обращений за помощью от россиянина, работающего на голландском лайнере MV Hondius, сообщил ТАСС со ссылкой на дипмиссию. На борту лайнера произошла вспышка хантавируса.

При этом в посольстве отметили, что готовы при необходимости оказать помощь российскому гражданину «в рамках компетенции посольства».

▪ [Подписывайтесь на «Ъ» в MAX ](https://max.ru/kommersant)| [в Telegram](https://t.me/+bPtk49gFbCBkYzdi)",30433,27,,kommersant
107458,2026-05-16T17:25:06+00:00,"Средства ПВО за пять часов сбили 89 беспилотников ВСУ над регионами России, сообщает Минобороны.

▪ [Подписывайтесь на «Ъ» в MAX ](https://max.ru/kommersant)| [в Telegram](https://t.me/+bPtk49gFbCBkYzdi)",30495,20,,kommersant
107457,2026-05-16T17:21:56+00:00,"Автомобиль сбил несколько пешеходов и врезался в витрину магазина в центре итальянского города Модена, **пострадали 10 человек,** сообщил Il Giornale. 

По данным агентства ANSA, после того как мужчина выехал на тротуар и сбил несколько пешеходов, он вышел из авто и напал на прохожего с ножом. 

Нарушителя задержала полиция, сейчас он находится под стражей. Il Giornale сообщает, что водителю 31 год и он родом из Туниса.

▪ [Подписывайтесь на «Ъ» в MAX ](https://max.ru/kommersant)| [в Telegram](https://t.me/+bPtk49gFbCBkYzdi)",35491,35,,kommersant
107456,2026-05-16T16:19:47+00:00,"**Высокопоставленные чиновники США допускают захват бывшего лидера Кубы Рауля Кастро по венесуэльскому сценарию**, сообщила газета The New York Times со ссылкой на источники в американской администрации.

Обвинения, предположительно, связаны с делом 30-летней давности, сообщили источники издания. В 1996 году кубинское правительство сбило два самолета, принадлежавшие гуманитарной организации.

▪ [Подписывайтесь на «Ъ» в MAX ](https://max.ru/kommersant)| [в Telegram](https://t.me/+bPtk49gFbCBkYzdi)",29843,40,,kommersant
107455,2026-05-16T15:15:47+00:00,"**Основатель Telegram Павел Дуров соскучился по «иранским фейерверкам» в Дубае**. Он положительно оценил работу системы противовоздушной обороны ОАЭ, заявив, что система ПВО страны «превосходно себя проявила».

По словам господина Дурова, после обстрелов жизнь в Дубае быстро возвращается к привычному ритму. 

«Дубай снова полон машин и толп людей. Уже скучаю по иранским фейерверкам — они помогли очистить город от тех, кого легко впечатлить».

▪ [Подписывайтесь на «Ъ» в MAX ](https://max.ru/kommersant)| [в Telegram](https://t.me/+bPtk49gFbCBkYzdi)",29476,67,,kommersant
107454,2026-05-16T14:16:16+00:00,"**Владимир Путин поговорил по телефону с президентом ОАЭ, **сообщили в Кремле.

Стороны обсудили вопросы, связанные с кризисной ситуацией на Ближнем Востоке и вокруг Ирана. Президент России поблагодарил эмиратскую сторону за регулярное содействие в решении гуманитарных задач в контексте украинского конфликта.

▪ [Подписывайтесь на «Ъ» в MAX ](https://max.ru/kommersant)| [в Telegram](https://t.me/+bPtk49gFbCBkYzdi)",27719,21,,kommersant
107453,2026-05-16T14:00:17+00:00,"**Пекин показывает лидерские приемы**

Владимир Путин едет в Китай вслед за Дональдом Трампом. Визит пройдет с 19 по 20 мая, сообщили в Кремле. Поездка приурочена к 25-летию подписания Договора о добрососедстве, дружбе и сотрудничестве. Лидеры РФ и КНР обсудят отношения между странами, поговорят о главных мировых событиях и, как ожидается, подпишут совместное заявление на высшем уровне, а также другие документы. 

На этой неделе Пекин посещал американский президент. Он провел там три дня, с 13 по 15 мая. По итогам стороны, по сообщениям самого Трампа, заключили ряд «фантастических сделок».

💬 **Татьяна Пархалина**, __президент Ассоциации Евро-Атлантического сотрудничества:__ 
«Если говорить об итогах поездки Трампа в Пекин, то они не впечатляющие. На этом фоне Китаю очень важно продемонстрировать, что Пекин соблюдает баланс. Я думаю, поэтому после визита американского президента следует поездка российского лидера. Будут подниматься вопросы двустороннего сотрудничества, экономического и военно-технического. Неизбежно будут обсуждаться ситуация с Ираном, разблокировка Ормузского пролива и российско-украинский конфликт. Визит важен и для Европы — европейцы очень боятся раздела мира, так сказать, на троих».

__💬____ __**Дмитрий Лютягин**, __независимый эксперт нефтегазового рынка: __
«Во-первых, скорее всего, будут вынесены на стол переговоров отдельные вопросы, связанные с дальнейшим развитием трубопроводного газового маршрута по ""Силе Сибири-2″. Там у нас еще нет согласованных коммерческих условий по поставкам газа, соответственно, это притормаживает активную стадию строительства трубопровода. Во-вторых, лидеры смогут обсудить ход строительства и развития атомной электроэнергетики. В-третьих, будет подниматься вопрос, связанный с поставкой жидких углеводородов, в частности, нефти».

🗣 [Слушать эфир](https://t.me/kfm936?livestream) l [Написать в чат-бот](https://t.me/kmfmbot) l [Подписаться](https://t.me/kfm936)",28458,18,,kommersant
107452,2026-05-16T13:03:39+00:00,"До 20 увеличилось количество сбитых беспилотников, летевших на Москву, сообщил мэр города Сергей Собянин.

▪ [Подписывайтесь на «Ъ» в MAX ](https://max.ru/kommersant)| [в Telegram](https://t.me/+bPtk49gFbCBkYzdi)",26395,36,,kommersant
107451,2026-05-16T12:26:15+00:00,"За шесть часов над регионами России сбили 76 беспилотников ВСУ, сообщили в Минобороны.

▪ [Подписывайтесь на «Ъ» в MAX ](https://max.ru/kommersant)| [в Telegram](https://t.me/+bPtk49gFbCBkYzdi)",26754,14,,kommersant
107450,2026-05-16T12:10:10+00:00,"Пожар после взрыва на АЗС в Пятигорске локализовали на площади 1 000 кв. метров, сообщили в МЧС России.

▪ [Подписывайтесь на «Ъ» в MAX ](https://max.ru/kommersant)| [в Telegram](https://t.me/+bPtk49gFbCBkYzdi)",27554,11,,kommersant
107449,2026-05-16T11:41:58+00:00,"**Неизвестный беспилотник упал на одну из улиц в городе Самсун на черноморском побережье Турции**, передает агентство DHA. В двух домах повреждены крыши и выбиты стекла.

На место происшествия прибыли полиция, скорая помощь и пожарные бригады. Длина дрона составляет около 1 м. Ведется расследование для установления личности пилота БПЛА и его мотивов. Никто не пострадал.

▪️ [Подписывайтесь на «Ъ» в MAX ](https://max.ru/kommersant)| [в Telegram](https://t.me/+bPtk49gFbCBkYzdi)",27765,46,,kommersant
107448,2026-05-16T10:47:20+00:00,"**В Бангкоке восемь человек погибли, еще несколько пострадали при столкновении грузового поезда с автобусом** в районе станции «Маккасан», сообщает газета Nation.

@kommersant",26023,36,,kommersant
107447,2026-05-16T10:31:08+00:00,"**Взрыв с последующим возгоранием произошел при разгрузке газовоза в Пятигорске,** сообщил глава города Дмитрий Ворошилов. 

«Есть двое пострадавших, один в тяжелой степени, с ними работают медики. Проводятся необходимые мероприятия, в тушении пожара задействованы 45 человек и 15 единиц техники», — написал губернатор Ставропольского края Владимир Владимиров.

По предварительной информации, была нарушена техника безопасности.

▪️ [Подписывайтесь на «Ъ» в MAX ](https://max.ru/kommersant)| [в Telegram](https://t.me/+bPtk49gFbCBkYzdi)",25683,41,,kommersant
107446,2026-05-16T10:28:44+00:00,"**Береговая охрана США задержала лодки с 3 т кокаина на сумму около $46 млн** **у берегов Колумбии**.

«Это означает, что 2,3 млн потенциально смертельных доз кокаина не попадут на американские улицы... Этот перехват предотвратил попадание значительного количества незаконных наркотиков на берега Америки», — отмечается в заявлении службы.

США начали борьбу с наркокартелями в Латинской Америке в ноябре 2025 года. Операция получила название «Южное копье» и укрепила американское военное присутствие в Карибском регионе.

▪️ [Подписывайтесь на «Ъ» в MAX ](https://max.ru/kommersant)| [в Telegram](https://t.me/+bPtk49gFbCBkYzdi)",24112,44,,kommersant
107445,2026-05-16T09:53:23+00:00,"**Выход Армении из ЕАЭС может обойтись республике как минимум в $5 млрд, что соответствует 15–20% ее ВВП**, заявил Вячеслав Володин.

Он также обратил внимание на льготные условия поставок российского газа: Россия поставляет газ Армении по цене $177,5 за 1 тыс. кубометров, тогда как в Европе стоимость достигает $633.

Также спикер Госдумы сообщил, что около четверти армянского экспорта приходится на российский рынок, однако на фоне разговоров о сближении с Евросоюзом товарооборот двух стран уже сократился на 45,4%.

▪️ [Подписывайтесь на «Ъ» в MAX ](https://max.ru/kommersant)| [в Telegram](https://t.me/+bPtk49gFbCBkYzdi)",24491,81,,kommersant
107444,2026-05-16T08:32:06+00:00,"**Этой весной Третьяковская галерея передала в безвозмездное пользование РПЦ две средневековые иконы **— «Богоматерь Владимирскую» (XII век) и «Богоматерь Донскую» (XIV век).

«Богоматерь Владимирская» передана на 49 лет и выставлена в храме Христа Спасителя для поклонения. По условиям договора специалисты Третьяковской галереи имеют беспрепятственный доступ к образу для мониторинга состояния.

На Русь эта икона была прислана из Константинополя как дар киевскому князю Мстиславу Владимировичу. По преданию, образ написал евангелист Лука на доске от стола, за которым трапезовало Святое семейство.

Потом перед ней молились Иван Грозный перед военными походами, Борис Годунов при избрании на царство, а в 1812 году с ней совершали крестный ход в день Бородинской битвы.

👉 **«Ъ» **[**вспоминает**](https://www.kommersant.ru/doc/8670089?tg)** истории других реликвий, переданных из музеев в пользование церкви.**

__📷____ Государственная Третьковская Галерея__

▪️ [Подписывайтесь на «Ъ» в MAX ](https://max.ru/kommersant)| [в Telegram](https://t.me/+bPtk49gFbCBkYzdi)",24933,118,,kommersant
107443,2026-05-16T07:54:43+00:00,"**Роскачество до конца года утвердит стандарт для транспортных приложений**. Организация рассчитывает, что его примут на уровне ГОСТа, заявил ее руководитель Максим Протасов.

По его словам, существует много приложений и ресурсов, которые организуют логистику и помогают водителям ориентироваться и доставлять груз. Однако приложения имеют разный интерфейс и «непросто совместимы друг с другом».

▪️ [Подписывайтесь на «Ъ» в MAX ](https://max.ru/kommersant)| [в Telegram](https://t.me/+bPtk49gFbCBkYzdi)",24012,27,,kommersant
107442,2026-05-16T07:21:08+00:00,"**Две трети гуманитарной помощи, отправляемой в Белоруссию, поступает из США,** [заявил](https://www.kommersant.ru/doc/8670800?tg) Александр Лукашенко.

Он поблагодарил американские власти за поддержку и помощь белорусам.

▪️ [Подписывайтесь на «Ъ» в MAX ](https://max.ru/kommersant)| [в Telegram](https://t.me/+bPtk49gFbCBkYzdi)",32564,166,,kommersant
107441,2026-05-16T06:18:49+00:00,"**Владимир Путин посетит Китай 19–20 мая по приглашению Си Цзиньпина**, сообщила пресс-служба Кремля.

По итогам переговоров планируется подписание совместного заявления на высшем уровне и еще нескольких двусторонних документов.

Главы государств примут участие в церемонии открытия Годов образования России и Китая (2026–2027 годы). Владимир Путин также встретится с премьером Госсовета КНР Ли Цяном, они обсудят торгово-экономическое сотрудничество.

▪️ [Подписывайтесь на «Ъ» в MAX ](https://max.ru/kommersant)| [в Telegram](https://t.me/+bPtk49gFbCBkYzdi)",26273,68,,kommersant
107440,2026-05-16T05:45:53+00:00,"**Россия **[**нарастила**](https://www.kommersant.ru/doc/8670795?tg)** закупки яблок из Бразилии до максимума за пять лет.** В апреле их ввезли на $2,2 млн. В годовом выражении сумма выросла в 3,5 раза.

По итогам прошлого месяца Россия стала вторым крупнейшим покупателем бразильских яблок. В тройку основных импортеров также попали Индия (закупила яблок на $5,8 млн) и Саудовская Аравия ($1,6 млн).

▪️ [Подписывайтесь на «Ъ» в MAX ](https://max.ru/kommersant)| [в Telegram](https://t.me/+bPtk49gFbCBkYzdi)",24381,122,,kommersant
107439,2026-05-16T04:41:03+00:00,"**Вооруженные силы США и Нигерии ликвидировали «самого активного террориста в мире»**, заявил Дональд Трамп.

Речь идет о втором командире ИГ («Исламского государства»; признано в России террористическим и запрещено) — Абу-Билале аль-Минуки.

По словам президента США, после ликвидации глобальная деятельность террористической организации значительно сократилась.

▪️ [Подписывайтесь на «Ъ» в MAX ](https://max.ru/kommersant)| [в Telegram](https://t.me/+bPtk49gFbCBkYzdi)",23755,42,,kommersant
107438,2026-05-16T04:24:13+00:00,"⛅️ **Главные новости к утру:**

🔸 Дональд Трамп [заявил](https://www.kommersant.ru/doc/8670763?tg), что вопрос о поставках на Тайвань оружия поставлен на паузу.

🔸 Многоразовый грузовой корабль Cargo Dragon компании SpaceX успешно [вышел](https://www.kommersant.ru/doc/8670761?tg) на орбиту и взял курс на МКС.

🔸 Власти Южной Кореи [закрыли](https://www.kommersant.ru/doc/8670755?tg) 82% ферм собачьего мяса.

🔸 Минпросвещения России [решило](https://www.kommersant.ru/doc/8670758?tg) усилить контроль за проведением школьных олимпиад.

🔸 США [будут равнять](https://www.kommersant.ru/doc/8670445?tg) связанных с мафией мексиканских чиновников с террористами.

#главноекутру",24513,27,,kommersant
107437,2026-05-16T04:17:18+00:00,"**Российские силы ПВО за ночь уничтожили 138 украинских беспилотников**, сообщило Минобороны.

▪️ [Подписывайтесь на «Ъ» в MAX ](https://max.ru/kommersant)| [в Telegram](https://t.me/+bPtk49gFbCBkYzdi)",24293,17,,kommersant
107436,2026-05-16T04:07:13+00:00,"Дональд Трамп [заявил](https://www.kommersant.ru/doc/8670763?tg), что **вопрос о поставках на Тайвань американского оружия на $12 млрд поставлен на паузу**.

По его словам, дальнейшие действия Вашингтона зависят от Китая.

▪️ [Подписывайтесь на «Ъ» в MAX ](https://max.ru/kommersant)| [в Telegram](https://t.me/+bPtk49gFbCBkYzdi)",26056,51,,kommersant
107435,2026-05-15T20:02:50+00:00,"Госдеп США заявил **о продлении перемирия Ливана и Израиля еще на 45 дней. **По словам представителя Госдепа Томми Пиготта, стороны приняли такое решение на переговорах в США 14 и 15 мая.

Следующий раунд переговоров между странами пройдет 2 и 3 июня. 

«Мы надеемся, что эти дискуссии будут способствовать установлению прочного мира между двумя странами, полному признанию суверенитета и территориальной целостности друг друга, а также обеспечению подлинной безопасности вдоль их общей границы»,— написал в Х Томми Пиготт.

▪ [Подписывайтесь на «Ъ» в MAX |](https://max.ru/kommersant) [в Telegram](https://t.me/+bPtk49gFbCBkYzdi)",26456,24,,kommersant
107434,2026-05-15T19:08:45+00:00,"**До девяти выросло число пострадавших при атаке ВСУ на многоквартирный дом в Белгороде,** сообщили в оперштабе региона.

▪ [Подписывайтесь на «Ъ» в MAX |](https://max.ru/kommersant) [в Telegram](https://t.me/+bPtk49gFbCBkYzdi)",24801,14,,kommersant
107433,2026-05-15T19:01:10+00:00,"🌒 **Главные новости к вечеру **

▪️ Пентагон [объяснил](https://www.kommersant.ru/doc/8670238?tg) вывод войск из Европы разочарованием в союзниках.

▪️ Россия [предложила](https://www.kommersant.ru/doc/8670412?tg) странам БРИКС создать новую инвестиционную платформу.

▪️ Президент США Дональд Трамп [призвал](https://www.kommersant.ru/doc/8670380?tg) Тайвань не стремиться к признанию своей независимости.

▪️ Суд в Москве [удовлетворил](https://www.kommersant.ru/doc/8670377?tg) иск ЦБ к Euroclear на €200 млрд.

▪️ Верховный суд [внес](https://www.kommersant.ru/doc/8670428?tg) законопроект о смягчении наказания за покупку наркотиков.

▪️ Беспилотник [ударил](https://www.kommersant.ru/doc/8670414?tg) по многоквартирному дому в Белгороде. 

▪️ Запрещенная Pussy Riot [внесена](https://www.kommersant.ru/doc/8670288?tg) в перечень террористов и экстремистов в России

#главноеквечеру",83568,125,,kommersant
107430,2026-05-15T18:25:41+00:00,"«Ум, честь и совесть нашего телевидения». 

В храме Космы и Дамиана в Шубине [прошло](https://www.kommersant.ru/doc/8670369?tg) прощание с телеведущим и автором программы «До и после полуночи» Владимиром Молчановым, ушедшим из жизни после продолжительной болезни. 

Коллеги и друзья журналиста единодушно отмечали не только его профессиональные заслуги, но и человеческие качества, называя Владимира Молчанова «настоящим русским интеллигентом» и «честным человеком, который не шел ни на какие компромиссы».

▪ [Подписывайтесь на «Ъ» в MAX |](https://max.ru/kommersant) [в Telegram](https://t.me/+bPtk49gFbCBkYzdi)",22325,19,,kommersant
107429,2026-05-15T17:48:23+00:00,"Владимир Путин подписал указ о единых базовых мерах поддержки в регионах России участников спецоперации.

▪ [Подписывайтесь на «Ъ» в MAX |](https://max.ru/kommersant) [в Telegram](https://t.me/+bPtk49gFbCBkYzdi)",23576,51,,kommersant
107425,2026-05-15T17:34:37+00:00,"❗️ **В Белгороде беспилотник ВСУ атаковал многоквартирный дом, есть пострадавшие**, сообщили в оперштабе региона.

▪ [Подписывайтесь на «Ъ» в MAX |](https://max.ru/kommersant) [в Telegram](https://t.me/+bPtk49gFbCBkYzdi)",22242,67,,kommersant
107424,2026-05-15T17:04:42+00:00,"❗️  Уполномоченный по правам человека в России Яна Лантратова сообщила, что от украинской стороны [в рамках обмена](https://t.me/kommersant/107390) по формуле «205 на 205» **получены письма российских военнопленных своим родным.**

РФ в свою очередь передала на Украину четырех жителей Сумской области, эвакуированных ранее из зоны боевых действий.

▪ [Подписывайтесь на «Ъ» в MAX |](https://max.ru/kommersant) [в Telegram](https://t.me/+bPtk49gFbCBkYzdi)",22969,18,,kommersant
107423,2026-05-15T16:27:58+00:00,"↘️ **ВВП России в первом квартале снизилось на 0,2%, до 99,8%** относительно аналогичного периода прошлого года, следует из данных Росстата. 

▪ [Подписывайтесь на «Ъ» в MAX ](https://max.ru/kommersant)| [в Telegram](https://t.me/+bPtk49gFbCBkYzdi)",22258,63,,kommersant
107422,2026-05-15T16:08:04+00:00,"Арбитражный суд Москвы **удовлетворил в полном объеме иск Банка России к бельгийской международной расчетно-клиринговой организации Euroclear** о взыскании €200 млрд (примерно 18,2 трлн руб.).

▪ [Подписывайтесь на «Ъ» в MAX |](https://max.ru/kommersant) [в Telegram](https://t.me/+bPtk49gFbCBkYzdi)",22559,82,,kommersant
107421,2026-05-15T15:45:19+00:00,"За последние десять лет доверие к банкам выросло с 67% до 77%, [говорится](https://www.kommersant.ru/doc/8670130) в исследовании НАФИ, проведенном в начале 2026 года.

Наибольший уровень лояльности демонстрируют клиенты Т-Банка, который возглавил топ-5 организаций, выбранных россиянами в качестве основных банков. Он набрал 72 пункта индекса NPS (Net Promoter Score), который позволяет оценить степень приверженности клиентов, их готовность рекомендовать банк знакомым на основе своего опыта. В рейтинг также вошли Озон-банк, Альфа-банк, Сбербанк и ВТБ. 

Основным драйвером роста уровня лояльности к банкам стала группа клиентов 55 лет и старше. Среди них зафиксирован максимальный прирост доли лояльных клиентов — с 49% до 71%. 

При этом структура причин лояльности за последние два года существенно изменилась. Произошло резкое снижение доли упоминаний «выгодных тарифов» в качестве драйвера лояльности. Вместо этого для клиентов важнее факторы надежности и удобства цифровых каналов, наличие небанковских сервисов.

#Инвестиции",23164,58,,kommersant
107420,2026-05-15T15:22:15+00:00,"🗞🗞🗞🗞 **АЛРОСА к 2031 году построит электростанцию мощностью 48 МВт в центре Якутии,** [выяснил «Ъ»](https://www.kommersant.ru/doc/8670303?tg).** **Стоимость стройки составит около 7 млрд руб., компания просит о повышенном уровне доходности для проекта. 

Среди других мер, которые обсуждает правительство,— продление ресурса ТЭС «РусГидро», строительство ЛЭП и отбор накопителей по результатам конкурса. При этом «РусГидро», оценивая себестоимость продления только до 2032 года в 30 млрд руб., призывает правительство изыскать для него отдельные источники финансирования.

#Ъузнал",20849,58,,kommersant
107419,2026-05-15T15:03:57+00:00,"**Режим чрезвычайной ситуации введен в Рязани после атаки БПЛА,** сообщает администрация города.

▪ [Подписывайтесь на «Ъ» в MAX |](https://max.ru/kommersant) [в Telegram](https://t.me/+bPtk49gFbCBkYzdi)",21001,50,,kommersant
107418,2026-05-15T14:46:59+00:00,"🗞🗞🗞🗞  **Бронирования туров на июнь—август **[**снизились**](https://www.kommersant.ru/doc/8670280?tg)** за год на 12% из-за ограничений **на их продажу в страны Ближнего Востока, геополитической напряженности и общего стремления туристов сэкономить. 

Заметный рост удалось показать лишь развивающимся азиатским рынкам — Вьетнаму и Китаю, в то время как Таиланд выбыл из списка популярных направлений. Из-за сдержанного спроса и укрепления рубля цены на туры за год выросли лишь на 2–5%.

#Ъузнал",21488,29,,kommersant
107417,2026-05-15T14:29:49+00:00,"🗞🗞🗞🗞 У экс-начальницы  управления процессуального контроля следственного департамента МВД РФ Елены Москаленко **изъяли полученную от украинского адвоката валюту, **эквивалентной 31 млн руб. Она [не смогла оспорить](https://www.kommersant.ru/doc/8670274?tg) решение суда по иску Генпрокуратуры о конфискации средств. 

Деньги были обнаружены при расследовании уголовного дела сослуживцев госпожи Москаленко. Бывшая сотрудница центрального аппарата МВД утверждала, что доллары ей передал на хранение украинский адвокат Виталий Махинчук.

#Ъузнал",83362,187,,kommersant
107416,2026-05-15T14:20:37+00:00,"Владимир Путин поручил Генпрокуратуре **проверить соблюдение регионами запретов и ограничений**, направленных на защиту от затоплений.

▪ [Подписывайтесь на «Ъ» в MAX |](https://max.ru/kommersant) [в Telegram](https://t.me/+bPtk49gFbCBkYzdi)",20162,19,,kommersant
107415,2026-05-15T14:03:48+00:00,"📰 **Минюст расширил реестр иноагентов**, в список внесли: 

🔵 Информационно-аналитический центр «БАШНЯ»,
🔵 сообщество «Reforum Space Vilnius»,
🔵 ассоциацию по охране окружающей среды «Охрана природы»,
🔵 поэтессу Елену Фанайлову,
🔵 украинского блогера Дениса Казанского (на фото),
🔵 социолога Сергея Ерофеева,
🔵бывшего замглавреда журнала «Афиша» Георгия Биргера.

📷 __wikimedia__

▪ [Подписывайтесь на «Ъ» в MAX |](https://max.ru/kommersant) [в Telegram](https://t.me/+bPtk49gFbCBkYzdi)",23117,47,,kommersant
107414,2026-05-15T13:42:19+00:00,"**Пентагон объяснил вывод войск из Европы разочарованием в союзниках **и тем, что европейские страны «не проявили себя, когда Америка в них нуждалась», сообщает CNN.

Там напомнили о высказываниях немецких властей, которые выступили с критикой операции США на Ближнем Востоке. 

В военном ведомстве убеждены, что вывод войск даст сигнал союзникам США о необходимости взять на себя основную ответственность за оборону Европы, а также поможет им восстановить боеготовность, добавляет телеканал.

▪ [Подписывайтесь на «Ъ» в MAX |](https://max.ru/kommersant) [в Telegram](https://t.me/+bPtk49gFbCBkYzdi)",21169,26,,kommersant
107413,2026-05-15T13:12:39+00:00,"Запрещенная в РФ панк-группа Pussy Riot внесена в перечень террористов и экстремистов, следует из данных Росфинмониторинга.

▪ [Подписывайтесь на «Ъ» в MAX |](https://max.ru/kommersant) [в Telegram](https://t.me/+bPtk49gFbCBkYzdi)",22620,67,,kommersant
107412,2026-05-15T12:56:47+00:00,"🗞🗞🗞🗞 Главного свидетеля обвинения в деле экс-начальника столичного департамента культуры Александра Кибовского — Константина Яковлева, заключившего с прокуратурой досудебное соглашение о сотрудничестве, [**отправили**](https://www.kommersant.ru/doc/8670180?tg)** в колонию особого режима на семь с половиной лет и обязали выплатить штраф в 35 млн руб.**, конфисковав у него имущество, оцениваемое в 114,5 млн руб.

#Ъузнал",28838,83,,kommersant
107411,2026-05-15T12:20:39+00:00,"Б1 подготовила отчет о развитии рынка ИВНС и программно-аппаратных комплексов (ПАК). Из него следует, что рынок ИВНС по итогам 2025 года [оценивается ](https://www.kommersant.ru/doc/8656297)в почти 660 млрд руб. и будет расти среднегодовым темпом более 15% до 2031 года, опережая общие ИТ-расходы. 

ИВНС — это ИТ-инфраструктура, обеспечивающая работу цифровых платформ с огромным количеством пользователей, данных и операций. Чтобы она работала непрерывно, требуется ИТ-ландшафт, который можно строить при помощи ПАК — комплексов, объединяющих серверное оборудование и ПО. В России спрос на них растет в связи с высокой отказоустойчивостью, гибкостью масштабирования и экономической эффективностью. Как отмечают в Б1, ПАК строятся на базе единой платформы, что позволяет снизить зависимость от узкоспециализированных экспертов. 

Устойчивый спрос также формирует усиление регулирования в области КИИ, говорит руководитель «Скала^р» (группа Rubytech) Виктор Урусов. Согласно исследованию, лидером в сегменте вендорских ПАК является группа Rubytech с долей рынка 26,8%.

__#Review__",22838,28,,kommersant
107410,2026-05-15T12:00:18+00:00,"Дональд Трамп заявил, что выступает за обсуждение денуклеаризации с участием США, Китая и России.

«У нас (с председателем КНР Си Цзиньпином. — ""Ъ"") есть очень хорошее понимание... Речь идет об идее денуклеаризации, и Россия также должна быть вовлечена в это. Такая концепция была бы очень хорошей», — сказал президент США журналистам.

▪ [Подписывайтесь на «Ъ» в MAX |](https://max.ru/kommersant) [в Telegram](https://t.me/+bPtk49gFbCBkYzdi)",22987,27,,kommersant
107409,2026-05-15T11:26:35+00:00,"«Си приставил пистолет к груди Трампа»

**Двухдневная поездка Дональда Трампа в КНР стала**[** одной из главных тем **](https://www.kommersant.ru/doc/8661450?tg)**в международной прессе.** Обозреватели подводят предварительные итоги переговоров, отмечая, что позиции США и КНР по ряду вопросов все еще очень далеки.

💬 **The Wall Street Journal (Нью-Йорк, США):**

«За помпезностью и дружелюбием скрываются существенные различия в том, чего обе стороны хотели добиться от саммита и как они воспринимают американо-китайские отношения в целом. Второй и заключительный день саммита стал проверкой того, смогут ли переговоры привести к конкретному соглашению. К моменту отъезда Трампа из Пекина никакое соглашение пока не материализовалось».

💬 **«Синьхуа» (Пекин, КНР):**

«Председатель КНР Си Цзиньпин и президент США Дональд Трамп договорились о построении конструктивных китайско-американских отношений, основанных на стратегической стабильности. Они направляют гигантский корабль китайско-американских отношений в верном направлении и вносят стабильность и определенность в мир, отмеченный турбулентностью и трансформациями...

Перспективы китайско-американских отношений выглядят многообещающими. Находясь на новом историческом этапе, обе стороны должны сохранять приверженность построению конструктивных отношений стратегической стабильности, укреплять диалог, надлежащим образом урегулировать разногласия и расширять практическое сотрудничество».

💬 **Le Monde (Париж, Франция):**

«Си Цзиньпин позаботился о том, чтобы все прошло с размахом, при этом сохраняя твердую позицию по вопросу Тайваня — повестки, которая определяет все остальные отношения с Вашингтоном.

В южной части Пекина тремя ярусами конических крыш, покрытых темно-синей черепицей, сияет Храм Неба. Императоры династий Мин и Цин приходили сюда, чтобы молить небеса о богатом урожае для своего народа. Именно в этот храм XV века Си Цзиньпин, несмотря на жару, привел Дональда Трампа после 2 часов 15 минут переговоров между президентами двух мировых держав. Чтобы напомнить ему о глубоком историческом значении Китая. Он объяснил, что Коммунистическая партия Китая является наследницей традиции, согласно которой власть служит народу».

💬 **Frankfurter Allgemeine Zeitung (Франкфурт, Германия):**

«Глава Китая встретил Трампа с помпой. Но по теме Тайваня Си тут же бросает вызов президенту и говорит: мы на равных. После теплого приема в Храме Неба Си Цзиньпин тут же перешел к стратегической жесткости. Си непосредственно связал судьбу свободной островной республики (Тайваня.— “Ъ” ) с отношениями между двумя странами (Китая и США.— “Ъ”) в целом.

Во время первого с 2017 года визита президента США обе стороны стремились к стабильности в хрупких отношениях между соперничающими мировыми державами. Как уступка может рассматриваться уже сам факт того, что Трамп обсуждал с Китаем поставки вооружений Тайваню. В заявлении (США.— “Ъ”) говорится, что встреча прошла ""хорошо"". Это звучит не слишком восторженно, особенно в сравнении с обычным тоном Вашингтона.

У американского президента в Пекине явно не было желания открытой конфронтации. (Во время банкета.— “Ъ”) он продолжал клясться в единстве с Китаем».

▪ [Подписывайтесь на «Ъ» в MAX |](https://max.ru/kommersant) [в Telegram](https://t.me/+bPtk49gFbCBkYzdi)",26780,46,,kommersant
107408,2026-05-15T11:07:24+00:00,"Владимир Путин наградил экс-губернатора Белгородской области Вячеслава Гладкова орденом Александра Невского, сообщил замполпреда в Центральном федеральном округе Алексей Еремин.

▪ [Подписывайтесь на «Ъ» в MAX |](https://max.ru/kommersant) [в Telegram](https://t.me/+bPtk49gFbCBkYzdi)",36510,72,,kommersant
107407,2026-05-15T10:36:10+00:00,"**Программа ПМЭФ в этом году будет обширной**, участники форума обсудят важные для отечественного бизнеса вопросы, заявил Владимир Путин.

▪ [Подписывайтесь на «Ъ» в MAX |](https://max.ru/kommersant) [в Telegram](https://t.me/+bPtk49gFbCBkYzdi)",21682,55,,kommersant
107406,2026-05-15T10:33:54+00:00,"**ВВП России в марте прибавил 1,8%**, сообщил Владимир Путин в ходе совещания по вопросам экономики.

Глава государства поручил правительству уделять особое внимание вопросам поддержки экономического роста.

«Нужно, чтобы наметившаяся положительная динамика закреплялась, охватывала все больше отраслей и секторов — то есть, чтобы экономический рост становился все более основательным и устойчивым»,— отметил он.

▪ [Подписывайтесь на «Ъ» в MAX |](https://max.ru/kommersant) [в Telegram](https://t.me/+bPtk49gFbCBkYzdi)",25446,58,,kommersant
107405,2026-05-15T10:28:26+00:00,"📉 **Маркетплейсы потеряли до 10% пользователей из-за блокировки VPN**.

По данным Digital Budget, [с которыми ознакомился «Ъ»,](https://www.kommersant.ru/doc/8655902?tg) в апреле мобильный веб-трафик Wildberries снизился на 10% по отношению к марту, Ozon и «Яндекс Маркета» — на 3%, «Авито» — на 1,5%. Десктопный трафик сократился только у Wildberries (на 6%), в то время как у «Авито» он вырос на 2%, у Ozon — на 1%, а у «Яндекс Маркета» — на 26%. В марте же мобильный трафик у платформ месяц к месяцу рос.

По оценкам селлеров, падение выручки в апреле составило от 3% до 30% по сравнению с мартом, и они напрямую связывают это с блокировками VPN. В «Рейтинге Рунета» считают, что из-за нововведений в апреле площадки могли потерять в деньгах около 1%, или же 7 млрд руб.

В Ассоциации компаний интернет-торговли также считают, что ограничения ослабляют позиции российских платформ на международном рынке, где идет серьезная конкурентная борьба за российских покупателей.

📡 [Тренды телекома. Коротко и по делу. Подписывайтесь.](https://t.me/+u7AJNT_CTAwzNTgy)",21828,123,,kommersant
107404,2026-05-15T10:16:09+00:00,"**Бывшего специального корреспондента «Ъ» Владимира Соловьева заочно приговорили к трем годам лишения свободы**, сообщили в пресс-службе столичных судов.

Он признан виновным в участии в деятельности иностранной или международной организации, признанной нежелательной на территории РФ.

Суд установил, что Владимир Соловьев сотрудничал с «Фондом Карнеги» (признан в России иноагентом и нежелательной организацией).

«На информационном ресурсе организации <...> регулярно публиковались статьи Соловьева В.В. о Приднестровье»,— заявили в пресс-службе.

▪ [Подписывайтесь на «Ъ» в MAX |](https://max.ru/kommersant) [в Telegram](https://t.me/+bPtk49gFbCBkYzdi)",34295,104,,kommersant
107403,2026-05-15T10:06:32+00:00,"Церемония прощания с журналистом и телеведущим Владимиром Молчановым прошла в храме Святых Космы и Дамиана в Шубине в Москве, сообщает корреспондент «Ъ».

На прощание пришли десятки человек, в том числе журналист Юрий Рост, режиссер Иван Цыбин, журналист Александр Любимов, телеведущая Яна Чурикова и другие. Тело Владимира Молчанова кремируют.

@kommersant",47971,18,,kommersant
107402,2026-05-15T09:59:25+00:00,"▶️ Кадры обмена телами погибших военнослужащих между Россией и Украиной.

@kommersant",20511,36,,kommersant
107401,2026-05-15T09:31:16+00:00,"❗️ Россия и Украина проводят обмен телами погибших военнослужащих, сообщает ТАСС со ссылкой на источник.

По данным агентства, украинской стороне передадут 526 тел, РФ получит 41 тело.

@kommersant",20678,27,,kommersant
107400,2026-05-15T09:24:39+00:00,"Силы ПВО сбили два беспилотника, летевших на Москву, сообщил Сергей Собянин.

▪ [Подписывайтесь на «Ъ» в MAX |](https://max.ru/kommersant) [в Telegram](https://t.me/+bPtk49gFbCBkYzdi)",20751,13,,kommersant
107399,2026-05-15T09:13:21+00:00,"**Кремль вскоре объявит о сроках визита Владимира Путина в Китай**, сообщил Дмитрий Песков. По его словам, подготовка визита российского президента в КНР завершена.

«Повестка дня понятная — прежде всего это наши двусторонние отношения, это особые отношения привилегированного стратегического партнерства, солидный объем торгово-экономического взаимодействия, который стабильно превышает $200 млрд. Ну и, конечно, международные дела тоже будут активно на повестке дня»,— рассказал пресс-секретарь.

▪ [Подписывайтесь на «Ъ» в MAX |](https://max.ru/kommersant) [в Telegram](https://t.me/+bPtk49gFbCBkYzdi)",21919,24,,kommersant
107398,2026-05-15T09:06:50+00:00,"**Почти 90% нелегальных БАДов продается на маркетплейсах**, следует из предоставленных «Ъ» данных СРО «Союз производителей БАД к пище».

Роскачество обнаружило на маркетплейсах в рамках недавнего масштабного мониторинга более 400 товаров, в составе которых были запрещенные для использования в биодобавках вещества, такие как ашваганда (обладает нефротоксичным эффектом), эфедра (входит в перечень сильнодействующих наркотических и психотропных растений), кава-кава (за реализацию в РФ предусмотрена уголовная ответственность).

👉__ Откуда в Россию поступают несертифицированные БАДы — __[__в материале «Ъ».__](https://www.kommersant.ru/doc/8655939?tg)

#Ъузнал",21423,99,,kommersant
107397,2026-05-15T08:42:35+00:00,"Владимир Путин и Александр Лукашенко провели телефонный разговор, сообщает «Пул Первого».

Как отмечается в публикации, стороны обсудили сотрудничество в экономике и обороне, а также предстоящие совместные мероприятия по этим направлениям.

▪ [Подписывайтесь на «Ъ» в MAX |](https://max.ru/kommersant) [в Telegram](https://t.me/+bPtk49gFbCBkYzdi)",21029,14,,kommersant
107396,2026-05-15T08:36:49+00:00,"Сергей Лавров [подтвердил](https://www.kommersant.ru/doc/8656322?tg) подготовку визита премьер-министра Индии Нарендры Моди в Россию.

▪ [Подписывайтесь на «Ъ» в MAX |](https://max.ru/kommersant) [в Telegram](https://t.me/+bPtk49gFbCBkYzdi)",20905,25,,kommersant
107395,2026-05-15T08:28:44+00:00,"Напавший с ножом на семилетнюю девочку в Наро-Фоминске является местным жителем, сообщает ТАСС со ссылкой на источник в правоохранительных органах.

«Это мужчина 2004 года рождения, уроженец Узбекистана, имеет гражданство России»,— уточнил собеседник агентства.

Как сообщила представитель МВД Ирина Волк, предварительно установлено, что 14 мая подозреваемый подошел на улице к двум гулявшим девочкам, «достал нож и без видимой причины несколько раз ударил им одну из несовершеннолетних».

@kommersant",20938,85,,kommersant
107394,2026-05-15T08:12:08+00:00,"▶️ Кадры возвращения российских военнослужащих из украинского плена публикует Минобороны.

▪ [Подписывайтесь на «Ъ» в MAX |](https://max.ru/kommersant) [в Telegram](https://t.me/+bPtk49gFbCBkYzdi)",20450,46,,kommersant
107393,2026-05-15T07:58:17+00:00,"**В Подмосковье задержан подозреваемый в нападении с ножом на семилетнего ребенка**, сообщила представитель МВД России Ирина Волк.

Инцидент произошел в Наро-Фоминском городском округе.

Как уточнили в пресс-службе прокуратуры Московской области, девочка была госпитализирована с резаными ранами лица. Возбуждено уголовное дело.

По данным ТАСС, напавший имеет психические расстройства и состоит на учете в ПНД.

@kommersant",20255,41,,kommersant
107392,2026-05-15T07:46:01+00:00,"🔎 **Соцсетям могут предложить самостоятельно **[**блокировать**](https://www.kommersant.ru/doc/8655980?tg)** резонансные дипфейки**

Замначальника отдела спецпроектов и академических программ Научно-технического центра Главного радиочастотного центра Роскомнадзора Станислав Махортов также предложил создать базу технологических угроз и ввести маркировку ИИ-контента до его распространения. В РКН пояснили «Ъ», что соцсети могут самостоятельно контролировать быстрое распространение контента и приостанавливать его до проверки у доверенного источника.

Участники рынка указывают на отсутствие технической возможности точно определять ИИ-контент и уточняют, что ошибки могут привести к юридическим спорам с пользователями и брендами. Эксперты считают, что необходима гибридная система: ИИ-фильтры, маркировка и ручная верификация.

🤖 [Пишем про ИИ без ИИ. Подписывайтесь.](https://t.me/+O8RPuh3Mul4zNTQy)",19889,22,,kommersant
107391,2026-05-15T07:17:01+00:00,"**🗞****🗞****🗞****🗞**** В России **[**снижается**](https://www.kommersant.ru/doc/8655853?tg)** число круглосуточных магазинов — их количество за год сократилось на 6,4–8%.**

Ритейлеры закрывают такие объекты в попытке оптимизировать расходы, так как торговля в ночное время с развитием онлайн-доставки становится неэффективной.

В дальнейшем сокращение круглосуточных магазинов продолжится, но формат сохранит востребованность в городах с высокой плотностью населения и развитым туристическим потоком.

#Ъузнал",20524,47,,kommersant
107390,2026-05-15T07:00:00+00:00,"❗️ Россия вернула из украинского плена 205 военнослужащих, взамен переданы 205 военнопленных ВСУ, сообщили в Минобороны.

При возвращении российских военнослужащих из плена посреднические усилия оказали ОАЭ, добавили в ведомстве. Сейчас они находятся в Белоруссии.

▪ [Подписывайтесь на «Ъ» в MAX |](https://max.ru/kommersant) [в Telegram](https://t.me/+bPtk49gFbCBkYzdi)",19410,21,,kommersant
107389,2026-05-15T06:35:56+00:00,"📝📝📝📝 Российские власти, начавшие более двух лет назад бороться с нелегальной продукцией на рынке биологически активных добавок (БАД) введением обязательной маркировки, смогли наладить контроль за их производством и оборотом внутри страны.

Однако полностью перекрыть импорт некачественной продукции, особенно из стран—участниц ЕАЭС, пока не удалось.

👉 «Ъ» [разбирался](https://www.kommersant.ru/doc/8655939?tg), какие еще лазейки остаются для поставок в Россию контрафактных БАДов.

▪ [Подписывайтесь на «Ъ» в MAX |](https://max.ru/kommersant) [в Telegram](https://t.me/+bPtk49gFbCBkYzdi)",20214,36,,kommersant
107388,2026-05-15T06:31:14+00:00,"**Владимир Путин полетит в Китай 20 мая**, сообщила газета South China Morning Post (SCMP) со ссылкой на источники.

[По данным собеседников издания](https://www.kommersant.ru/doc/8656221?tg), Владимир Путин посетит Китай с однодневным визитом.

Они отметили, что вряд ли в Пекине пройдут торжественная встреча и парад, поскольку переговоры российского президента и председателя КНР Си Цзиньпина «являются частью рутинных дел России и Китая».

▪ [Подписывайтесь на «Ъ» в MAX |](https://max.ru/kommersant) [в Telegram](https://t.me/+bPtk49gFbCBkYzdi)",23163,145,,kommersant
107387,2026-05-15T06:02:30+00:00,"📰 **Эксклюзивные материалы свежего номера газеты «Коммерсантъ»:**

🔵 Ритейлеры и рестораторы [раскритиковали](https://www.kommersant.ru/doc/8655885?tg) законопроект о квоте на российское вино.

🔵 В России [снижается](https://www.kommersant.ru/doc/8655853?tg) число круглосуточных магазинов — их количество за год сократилось на 6,4–8%.

🔵 [По данным «Ъ»](https://www.kommersant.ru/doc/8655955?tg), правительство прорабатывает механизм ревизии используемой потребителями электросетевой мощности.

🔵 Бывший командующий Центральным и Ленинградским военными округами генерал-полковник Александр Лапин [может возглавить](https://www.kommersant.ru/doc/8656038?tg) комитет Госдумы по обороне.

🔵 Заочно арестованному экс-замглавы Минприроды Денису Буцаеву [вменяется в вину](https://www.kommersant.ru/doc/8655928?tg) мошенничество на сумму 4,1 млн руб.

🔵 ЦБ [отложил](https://www.kommersant.ru/doc/8655014?tg) введение наказаний для МФК за неиспользование биометрии.

__👉____ Читайте другие эксклюзивные заметки __[__на сайте «Ъ».__](https://www.kommersant.ru/daily/166370?tg)

#Ъузнал",77980,126,,kommersant
107386,2026-05-15T05:33:25+00:00,"**🗞****🗞****🗞****🗞**** Ритейлеры и рестораторы **[**раскритиковали**](https://www.kommersant.ru/doc/8655885?tg)** законопроект в поддержку российских виноделов**, чья продукция по задумке должна быть представлена на полках магазинов и в меню ресторанов по квоте не менее 20%.

Они отмечают, что введение квоты в текущих условиях технически невыполнимо и экономически нецелесообразно, а также противоречит антимонопольному законодательству и приведет к искажению рынка.

По словам источника «Ъ», близкого к правительству, 13 мая состоялось очередное заседание подкомиссии для обсуждения законопроекта. Бизнес **предлагал ввести штрафы за несоблюдение новых норм**, но в правительстве не поддержали эту идею.

#Ъузнал",33526,50,,kommersant
107385,2026-05-15T04:59:01+00:00,"🗞🗞🗞🗞 **RBE Group займется продажей зерна в новых регионах**, [стало известно «Ъ».](https://www.kommersant.ru/doc/8655867?tg)

Оператор корпоративного питания RBE Group Андрея Шокина создал в ДНР новую проектную компанию «РБЕ Трейд», которая специализируется в том числе на торговле зерном.

Его урожай в новых регионах достигает 4 млн тонн в год, но работать с этой продукцией компании не спешат из-за рисков, связанных со сложностями ведения бизнеса.

Основным мотивом RBE Group для выхода на зерновой рынок, впрочем, может быть стремление избежать посредников, замкнув полный цикл поставок продовольствия по госконтрактам.

#Ъузнал",19592,64,,kommersant
107384,2026-05-15T04:46:01+00:00,"**За ночь над Россией сбили 355 беспилотников,** сообщили в Минобороны.

▪ [Подписывайтесь на «Ъ» в MAX |](https://max.ru/kommersant) [в Telegram](https://t.me/+bPtk49gFbCBkYzdi)",18627,31,,kommersant
107383,2026-05-15T04:28:03+00:00,"**США могут повторить удары по ядерным объектам в Иране**, заявил Дональд Трамп.

«Я сказал им: если они отправят туда войска, чтобы попытаться это сделать (вывезти уран,— ""Ъ""), или если мы увидим, что кто-то пытается это сделать, мы просто сбросим туда пару бомб, и на этом все закончится»,— сказал президент США в интервью Fox News.

По его словам, США круглосуточно следят за иранскими ядерными объектами.

▪ [Подписывайтесь на «Ъ» в MAX |](https://max.ru/kommersant) [в Telegram](https://t.me/+bPtk49gFbCBkYzdi)",20048,22,,kommersant
107382,2026-05-15T04:00:39+00:00,"**⛅️****️ Главные новости к утру:
**
🔸 Три человека погибли и 12 [пострадали](https://www.kommersant.ru/doc/8656135?tg) при атаке БПЛА на Рязань.

🔸 Китай согласился покупать американскую нефть, [заявил](https://www.kommersant.ru/doc/8656132?tg) Дональд Трамп.

🔸 Саудовская Аравия [предлагает](https://www.kommersant.ru/doc/8656083?tg) заключить пакт о ненападении между странами региона и Ираном.

🔸 Суд в Гааге [отказался](https://www.kommersant.ru/doc/8656074?tg) временно освободить Ратко Младича для лечения.

🔸 Российский теннисист Даниил Медведев [вышел](https://www.kommersant.ru/doc/8656092?tg) в полуфинал Masters.

#главноекутру",20166,20,,kommersant
107381,2026-05-15T03:43:26+00:00,"**🗞****🗞****🗞****🗞**** Доля складов light industrial в общем объеме ввода в Москве и Подмосковье сократилась до 14%.** Это [связано](https://www.kommersant.ru/doc/8655913?tg) с высокой базой прошлого года и переносом девелоперами сроков ввода своих проектов.

Сейчас спрос на такую недвижимость снижается, что провоцирует снижение арендных ставок. Средняя арендная ставка по итогам первого квартала 2026 года снизилась на 5,4% год к году, до 13,5 тыс. руб. за 1 кв. м в год.

В будущем доля таких складов будет оставаться незначительной.

#Ъузнал",19054,31,,kommersant
107380,2026-05-15T03:11:35+00:00,"**Политика США в отношении Тайваня не изменилась** после встречи президента Дональда Трампа с председателем КНР Си Цзиньпином, [заявил](https://www.kommersant.ru/doc/8656134?tg) госсекретарь США Марко Рубио.

Он указал, что китайская сторона поднимала эту тему, но она не занимала «видного места». По его словам, в таких случаях **США «четко выражают свою позицию и переходят к другим темам»**.

Китай считает Тайвань неотъемлемой частью своей территории. США не признают независимость Тайваня, но остаются основным поставщиком оружия на остров.

✔️ [Подписывайтесь на «Ъ» в Telegram](https://t.me/+bPtk49gFbCBkYzdi) |[ в MAX](https://max.ru/kommersant)",22248,44,,kommersant
107379,2026-05-15T02:57:09+00:00,"❗️ **Три человека погибли и 12 пострадали в результате атаки БПЛА на Рязань**, сообщил губернатор Павел Малков. Среди пострадавших есть дети.  

По словам главы региона, повреждены два многоэтажных жилых дома, обломки БПЛА также упали на территорию одного из промышленных предприятий.

💬 «Ведется разбор поврежденных конструкций. Организована эвакуация жителей. Для тех, кому это необходимо, развёрнуты пункты временного размещения. На месте работают все оперативные службы, идет ликвидация последствий», — сообщил губернатор.

[@kommersant](https://t.me/kommersant)",19754,76,,kommersant
107378,2026-05-15T02:01:18+00:00,"Глава CENTCOM назвал недостоверной информацию о сохранности ракетного арсенала Ирана.

«Иран больше не способен проводить массированные и масштабные атаки. Более того, с разрушенной на 90% оборонно-промышленной базой Иран не сможет восстановиться в течение многих лет»,— [сказал](https://www.kommersant.ru/doc/8656126?tg) глава Центрального командования ВС США (CENTCOM) адмирал Брэд Купер на слушаниях в комитете Сената США.

По его словам, армия Соединенных Штатов за 40 дней военной операции достигла всех целей и «ослабила способность Тегерана проецировать свою мощь».

✔️ [Подписывайтесь на «Ъ» в Telegram](https://t.me/+bPtk49gFbCBkYzdi) |[ в MAX](https://max.ru/kommersant)",18871,25,,kommersant
107377,2026-05-15T01:22:38+00:00,"**💰**** Объем хищений денег с банковских счетов сократился за квартал на 0,55 млрд рублей и составил 7,4 млрд руб.** Эксперты [отмечают](https://www.kommersant.ru/doc/8656033?tg), что это связано с целым рядом мер, принятых властями в последнее время:

«Период охлаждения — приостановка подозрительных выдач наличных и кредитов, блокировка переводов на два дня — убил главную схему, когда жертву заставляют снять деньги в банкомате».

Однако доля успешных мошеннических списаний растет, при этом возврат украденных средств только по картам находится на относительно высоком уровне (более 10%), в то время как по другим платежным способам не доходит и до 4%.

✔️ [Подписывайтесь на «Ъ» в Telegram](https://t.me/+bPtk49gFbCBkYzdi) |[ в MAX](https://max.ru/kommersant)",18679,29,,kommersant
107376,2026-05-15T01:08:19+00:00,"В результате атаки беспилотников на Рязанскую область есть пострадавшие, сообщил губернатор.

💬 «Идет атака БПЛА на регион. Работает ПВО. К сожалению, от обломков пострадали несколько жилых домов, а также территория одного из предприятий. По предварительным данным, есть пострадавшие. Идет ликвидация последствий, на месте работают оперативные службы»,— сообщил глава региона Павел Малков.

✔️ [Подписывайтесь на «Ъ» в Telegram](https://t.me/+bPtk49gFbCBkYzdi) |[ в MAX](https://max.ru/kommersant)",18011,24,,kommersant
107375,2026-05-15T00:26:37+00:00,"🗞🗞🗞🗞 **Правительство хочет провести ревизию электросетевой мощности.** Ее предлагается ограничить уровнем максимальной загрузки сетей за прошедшие пять лет с запасом в 20%, **а излишек изъять и перераспределить**.

Кроме того, у новых потребителей планируют изъять мощность, которой они три-пять лет не пользовались. В «Россетях» хотят использовать невостребованный резерв вместо строительства новых электросетей, аналитики же указывают на маловероятность этого сценария. Также, по словам экспертов, непонятно, как инициативы будут интегрированы в действующее тарифное законодательство. 

👉 __Подробнее — в материале __[__на сайте__](https://www.kommersant.ru/doc/8655955?tg)__.__

#Ъузнал",18566,69,,kommersant
107374,2026-05-14T23:46:03+00:00,"**🗞****🗞****🗞****🗞**** На рынке куриного яйца может быть заключена крупная сделка.** Агрохолдинг «Таврос»[ ведет переговоры](https://www.kommersant.ru/doc/8655960?tg) о покупке поволжского производителя «Саратов-Птица», консолидировавшего пять птицефабрик. Стоимость бизнеса может составлять около 3,5 млрд руб. Но быстро заработать на нем не получится: рентабельность производства яйца в России снижается из-за перепроизводства.

#Ъузнал",19037,32,,kommersant
107373,2026-05-14T23:01:27+00:00,"**Китай впервые за почти десять лет купит самолеты американского производства.** По словам президента США Дональда Трампа, Пекин [согласился](https://www.kommersant.ru/doc/8656115?tg) заказать 200 самолетов у компании Boeing.

Как пишет Reuters, размер сделки оказался гораздо меньше, чем ожидалось. По словам источников агентства, переговоры шли о закупке 500 самолетов.

✔️ [Подписывайтесь на «Ъ» в Telegram](https://t.me/+bPtk49gFbCBkYzdi) |[ в MAX](https://max.ru/kommersant)",18363,50,,kommersant
107372,2026-05-14T22:15:16+00:00,"**❓**** Социологи обсудили, как правильно выявлять политические предпочтения россиян.**[ Выяснилось](https://www.kommersant.ru/doc/8656006?tg), что в ходе телефонных опросов социологи «не добирают» возрастных респондентов, которые опасаются мошенников, а в поквартирных опросах «не добирается средний класс и молодежь».

В части «телефонников» также **обострились проблемы качества связи и маркировки звонков**, поэтому при замере политических показателей решили перейти к комбинированным опросам.

Информация о партийных рейтингах, собранная социологами, всегда актуальна и точна, да и в целом не претендует на то, чтобы выступать в качестве прогноза итогов будущего голосования, рассудили участники мероприятия.

✔️ [Подписывайтесь на «Ъ» в Telegram](https://t.me/+bPtk49gFbCBkYzdi) |[ в MAX](https://max.ru/kommersant)",82198,52,,kommersant
107371,2026-05-14T21:51:08+00:00,"Пять беспилотников, летевших на Москву, сбито за последний час, следует из сообщений мэра столицы Сергея Собянина.

По его словам, на месте падения обломков работают специалисты экстренных служб. 

✔️ [Подписывайтесь на «Ъ» в Telegram](https://t.me/+bPtk49gFbCBkYzdi) |[ в MAX](https://max.ru/kommersant)",19323,23,,kommersant
107370,2026-05-14T21:03:14+00:00,"**Россия в апреле увеличила поставки мазута в страны Ближнего Востока в условиях конфликта в регионе и проблем с местной переработкой.** Год к году показатель [увеличился](https://www.kommersant.ru/doc/8655808?tg) на 98%.

Поставки мазута частично компенсируют нефтяникам невозможность экспортировать бензин, говорит эксперт. Покупатели используют мазут для переработки в бензин, который они недополучают из-за проблем в Персидском заливе.

Суммарный экспорт нефтепродуктов из РФ при этом остается под давлением из-за снижения загрузки НПЗ и ограничений на вывоз бензина, хотя поставки дизтоплива растут. Аналитики полагают, что объемы как производства, так и экспорта нефтепродуктов могут вырасти по мере снижения количества сезонных и внеплановых ремонтов НПЗ.

✔️ [Подписывайтесь на «Ъ» в Telegram](https://t.me/+bPtk49gFbCBkYzdi) |[ в MAX](https://max.ru/kommersant)",21680,26,,kommersant
107369,2026-05-14T20:29:37+00:00,"**Саудовская Аравия предлагает заключить пакт о ненападении между странами региона и Ираном**, [пишет](https://www.kommersant.ru/doc/8656083?tg) Financial Times.

По словам собеседников издания, Эр-Рияд рассматривает в качестве потенциальной модели Хельсинкский процесс 1970-х годов, ослабивший напряженность в Европе во время холодной войны.

Сообщается, что Евросоюз поддержал идею и призвал другие страны Персидского залива присоединиться.

✔️ [Подписывайтесь на «Ъ» в Telegram](https://t.me/+bPtk49gFbCBkYzdi) |[ в MAX](https://max.ru/kommersant)",22122,42,,kommersant
107368,2026-05-14T19:54:01+00:00,"🪙 **Российский рубль уверенно укрепляет свои позиции. **14 мая курс доллара на внебиржевом рынке опускался к отметке 72 руб./$, минимума с февраля 2023 года, курс юаня — до 10,8 руб./CNY.

Этому [способствует](https://www.kommersant.ru/doc/8655989?tg) растущее предложение валюты со стороны экспортеров при недостаточно высоком спросе как со стороны импортеров и населения, так и Минфина.

Аналитики не исключают снижения курса доллара к концу месяца до 71 руб./$.

▪ [Подписывайтесь на «Ъ» в Telegram ](https://t.me/+bPtk49gFbCBkYzdi)| [в MAX](https://max.ru/kommersant)",21728,82,,kommersant
107367,2026-05-14T19:26:06+00:00,"💬 Оставалось поверить и попробовать воодушевиться.

14 мая президент России Владимир Путин приехал в национальный центр «Россия» на Х съезд Союза машиностроителей и не стал говорить о высокой ключевой ставке, так как не хотел о грустном.

Специальный корреспондент «Ъ» **Андрей Колесников** [считает](https://www.kommersant.ru/doc/8656045?tg), что тем не менее зал прежде всего хотел бы услышать именно о грустном.

▪ [Подписывайтесь на «Ъ» в Telegram ](https://t.me/+bPtk49gFbCBkYzdi)| [в MAX](https://max.ru/kommersant)",20918,42,,kommersant
107366,2026-05-14T18:58:02+00:00,"🌒 **Главные новости к вечеру**

▪️ Суд заочно [арестовал](https://www.kommersant.ru/doc/8655928?tg) на два месяца бывшего замглавы Минприроды Дениса Буцаева.

▪️ Госдума [утвердила](https://www.kommersant.ru/doc/8656008?tg) Яну Лантратову в должности уполномоченного по правам человека в РФ.

▪️ Анатолий Чубайс [назвал репрессиями](https://www.kommersant.ru/doc/8655874?tg) дела против бывших топ-менеджеров «Роснано».

▪️ Глава АвтоВАЗа Максим Соколов [допустил](https://www.kommersant.ru/doc/8655882?tg) создание беспилотного автомобиля.

▪️ Фридрих Мерц [отверг](https://www.kommersant.ru/doc/8655931?tg) идею об участии экс-канцлера ФРГ Герхарда Шредера в переговорах с Россией.

▪️ Бывший губернатор Брянской области Александр Богомаз [стал](https://www.kommersant.ru/doc/8655465?tg) депутатом Госдумы. Владимир Путин [наградил](https://www.kommersant.ru/doc/8655900?tg) его орденом Александра Невского.

▪️ Суд [отправил под домашний арест](https://www.kommersant.ru/doc/8656013?tg) музыкального директора певицы Линды Михаила Кувшинова по делу о мошенничестве с авторскими правами на песни.

▪️ Бывшего главу Офиса президента Украины Андрея Ермака [арестовали](https://www.kommersant.ru/doc/8655322?tg) на 60 суток.

▪️ Госдума вдвое [увеличила](https://www.kommersant.ru/doc/8655793?tg) лимит сверхурочной работы — до 240 часов в год.

▪️ Писательница Зоя Богуславская, вдова поэта Андрея Вознесенского, [умерла](https://www.kommersant.ru/doc/8655889?tg) в возрасте 102 лет.

#главноеквечеру",80284,131,,kommersant
107365,2026-05-14T18:44:52+00:00,"🗞🗞🗞🗞 Бывший командующий Центральным и Ленинградским военными округами генерал-полковник **Александр Лапин может получить пост председателя комитета по обороне в новом созыве Госдумы**, куда будет баллотироваться от «Единой России», [стало известно «Ъ».](https://www.kommersant.ru/doc/8656038?tg)

Сейчас эту должность занимает экс-начальник Главного военно-политического управления Минобороны Андрей Картаполов. Но он, вероятнее всего, на переизбрание в нижнюю палату претендовать не будет.

#Ъузнал",22193,108,,kommersant
107364,2026-05-14T18:34:06+00:00,"**Гражданский сектор российской промышленности испытывает серьезные трудности**, [признали](https://www.kommersant.ru/doc/8656041?tg) участники прошедшего 14 мая съезда Союза машиностроителей.

Председатель этого объединения и гендиректор «Ростеха» Сергей Чемезов перечислил целый набор проблем, с которыми в период «контролируемого охлаждения экономики» столкнулись предприятия: высокая инфляция, жесткая монетарная политика ЦБ, выросшая фискальная нагрузка на предприятия, дефицит кадров, падение спроса, переукрепленный рубль.

Ситуацию усугубляет нарастание дефицита бюджета, ограничивающее возможности господдержки.

В оборонно-промышленном комплексе, обеспеченном сейчас гарантированным госзаказом, дела обстоят получше, но и там рост не может быть бесконечным — в правительстве считают необходимым повышать долю производимой ОПК гражданской продукции.

▪ [Подписывайтесь на «Ъ» в Telegram ](https://t.me/+bPtk49gFbCBkYzdi)| [в MAX](https://max.ru/kommersant)",20746,78,,kommersant
107363,2026-05-14T18:04:34+00:00,"**Израиль подает в суд на The New York Times за статью о сексуальном насилии над палестинцами.**

Информация об этом [появилась](https://www.kommersant.ru/doc/8656009?tg) на официальном сайте офиса израильского премьер-министра. Статья названа в сообщении «самой чудовищной и извращенной ложью, когда-либо публиковавшейся против Государства Израиль в современной прессе».

Речь идет об опубликованной три дня назад колонке ветерана NYT Николаса Кристофа, в которой он рассказал о сексуальном насилии над палестинскими заключенными со стороны израильских солдат и поселенцев. Она основана на интервью с 14 пострадавшими мужчинами и женщинами. Автор заявлял, что сексуальное насилие стало одной из «стандартных оперативных процедур» и «основным элементом жестокого обращения» с палестинскими заключенными.

▪ [Подписывайтесь на «Ъ» в Telegram ](https://t.me/+bPtk49gFbCBkYzdi)| [в MAX](https://max.ru/kommersant)",51342,84,,kommersant
107362,2026-05-14T17:32:06+00:00,"Суд в Москве отправил под домашний арест продюсера певицы Линды Михаила Кувшинова, подозреваемого в мошенничестве с авторскими правами на музыкальные произведения Максима Фадеева.

Как сообщает ТАСС, фигуранту при этом запретили пользоваться интернетом и телефоном.

▪ [Подписывайтесь на «Ъ» в Telegram ](https://t.me/+bPtk49gFbCBkYzdi)| [в MAX](https://max.ru/kommersant)",21801,9,,kommersant
107361,2026-05-14T17:18:01+00:00,"**Бывший вице-спикер Сергей Неверов покинет Госдуму**

Депутат [сообщил](https://www.kommersant.ru/doc/8655956?tg), что принял решение снять свою кандидатуру с предварительного голосования ЕР по отбору кандидатов для выдвижения в новый созыв нижней палаты по Смоленскому одномандатному округу.

Он призвал сторонников голосовать за участника спецоперации Артема Корнюченкова, который также претендует на выдвижение в этом округе.

▪ [Подписывайтесь на «Ъ» в Telegram](https://t.me/+bPtk49gFbCBkYzdi) [| в MAX](https://max.ru/kommersant)",22916,72,,kommersant
107360,2026-05-14T16:55:55+00:00,"Канцлер Германии Фридрих Мерц [заявил](https://www.kommersant.ru/doc/8655931?tg), что Европа сама определит, кто будет представлять ее на возможных переговорах с Россией.

Ранее Владимир Путин предложил на эту роль бывшего канцлера ФРГ Герхарда Шредера.

▪ [Подписывайтесь на «Ъ» в Telegram](https://t.me/+bPtk49gFbCBkYzdi) [| в MAX](https://max.ru/kommersant)",21417,14,,kommersant
107359,2026-05-14T16:26:30+00:00,"❗️ **Заочно арестованному экс-замглавы Минприроды Денису Буцаеву вменяется в вину мошенничество на сумму 4,1 млн руб.**, [сообщил «Ъ» источник](https://www.kommersant.ru/doc/8655928?tg), знакомый с материалами расследования.

Уголовное дело было возбуждено 20 апреля по факту хищения средств публично-правовой компании «Российский экологический оператор» (ПАО РЭО), огласил материалы дела судья. По его словам, в одно производство с данным расследованием соединили дело в отношении неустановленных лиц.

ПАО РЭО Денис Буцаев возглавлял до перехода в Минприроды. Как ранее писал «Ъ», речь идет о хищении средств, выделявшихся на так называемую мусорную реформу.

Назначенный судом адвокат заявил «Ъ», что не увидел в материалах дела мошенничества. «Скорее можно говорить о злоупотреблении должностными полномочиями (ст. 285 УК РФ)»,— сказал «Ъ» защитник.

#Ъузнал",22045,97,,kommersant
107352,2026-05-14T15:54:01+00:00,"**Как страны пытаются разблокировать движение через Ормузский пролив**

Блокада Ормузского пролива продолжает оказывать негативное влияние на мировые энергетические рынки. Цена на нефть остается около $100 за баррель, и многие страны испытывают растущий дефицит топлива.

Такая ситуация привела к тому, что в последнее время все больше стран и международных организаций [начали совершать более активные усилия](https://www.kommersant.ru/doc/8655013?tg) по разблокированию Ормузского пролива.

▪ [Подписывайтесь на «Ъ» в Telegram ](https://t.me/+bPtk49gFbCBkYzdi)| [в MAX](https://max.ru/kommersant)",19118,7,,kommersant
107351,2026-05-14T15:39:01+00:00,"💬 Великая вдова советского шестидесятничества

На 103-м году жизни [умерла](https://www.kommersant.ru/doc/8655889?tg) Зоя Богуславская, литературовед, писатель и крупный культурный деятель как советских, так и постсоветских времен.

В истории она останется прежде всего как «Оза» — героиня одноименной поэмы (1964) Андрея Вознесенского, ее мужа на протяжении сорока шести лет.

@kommersant",20622,35,,kommersant
107350,2026-05-14T15:31:56+00:00,"Суд в Москве заочно арестовал экс-замглавы Минприроды Дениса Буцаева по обвинению в мошенничестве, сообщили в пресс-службе столичных судов.

▪ [Подписывайтесь на «Ъ» в Telegram ](https://t.me/+bPtk49gFbCBkYzdi)| [в MAX](https://max.ru/kommersant)",19369,12,,kommersant
107349,2026-05-14T15:08:57+00:00,"**Глава АвтоВАЗа Максим Соколов** **допустил создание беспилотного автомобиля.**

[По его словам](https://www.kommersant.ru/doc/8655882?tg), весь мир движется в сторону беспилотных технологий, и даже компактные автомобили, которые выпускает АвтоВАЗ, уже оснащены элементами ADAS — системами помощи водителю, приближающимися к уровню автономности.

«Они (элементы беспилотности. —""Ъ"") уже присутствуют даже в наших сегодняшних машинах»,— сказал господин Соколов на съезде Союза машиностроителей России.

▪ [Подписывайтесь на «Ъ» в Telegram ](https://t.me/+bPtk49gFbCBkYzdi)| [в MAX](https://max.ru/kommersant)",40183,230,,kommersant
107348,2026-05-14T14:37:36+00:00,"**Европа подключает мобильные сети к борьбе с беспилотниками**

Немецкие компании Rheinmetall и Deutsche Telekom [объявили](https://www.kommersant.ru/doc/8655652?tg) о создании системы защиты от беспилотников, которая должна объединить мобильные сети и средства противодействия БПЛА для охраны критической инфраструктуры. 

Проект разработан с учетом опыта российско-украинского конфликта и появился на фоне серии инцидентов с неопознанными дронами в Европе. Аналитики допускают, что подобные системы в будущем могут получить распространение и в приграничных с Россией странах, включая Польшу и государства Балтии.

▪ [Подписывайтесь на «Ъ» в Telegram ](https://t.me/+bPtk49gFbCBkYzdi)| [в MAX](https://max.ru/kommersant)",21338,58,,kommersant
107347,2026-05-14T14:10:53+00:00,"**Министр обороны Израиля Исраэль Кац допустил скорое возобновление операции против Ирана.**

«Мы должны завершить цели кампании таким образом, чтобы гарантировать, что Иран больше не будет представлять угрозу существованию Израиля и США»,— [сказал](https://www.kommersant.ru/doc/8655803?tg) он на мемориальной церемонии в память о погибших военнослужащих ЦАХАЛа.

▪ [Подписывайтесь на «Ъ» в Telegram ](https://t.me/+bPtk49gFbCBkYzdi)| [в MAX](https://max.ru/kommersant)",20611,30,,kommersant
107346,2026-05-14T13:59:01+00:00,"**Курортный сезон под вопросом**

Анапские отели летом будут загружены менее чем наполовину, а санатории и вовсе рискуют пропустить сезон. Опрошенные ""Ъ FM"" участники рынка не питают иллюзий относительно предстоящего лета и продолжают ждать однозначной позиции Роспотребнадзора по состоянию пляжей.

Поводом для новых споров стал ответ ведомства местному депутату Олегу Янцену, который запросил данные о качестве воды и побережья. Однако Роспотребнадзор результаты анализов публиковать не стал.

💬 **Евгений Витишко**, __эколог:__
«Нынешний песок не соответствует нормальному состоянию: у отдыхающих он оставит негативное впечатление, а для детей не подходит. Скорее всего, там будут стабильные превышения по нефтепродуктам и другим компонентам. Возможно, закроют отдых от Благовещенки в сторону Веселовки и района Утриша — там действительно нанесен большой ущерб. Волонтеры до сих пор убирают мазут, и нефтепродукты могут оставаться там еще пару лет. Не исключено, что они будут попадать и на центральные пляжи Анапы».

💬 **Игорь Ткачук**, __глава торгово-промышленной палаты Анапы:__
«Экономика региона тесно связана с туризмом. У санаториев, оздоровительных учреждений и отелей Анапы сейчас до 50% отказов, многие стоят полупустые. Главный стоп-фактор — действующий режим ЧС в Анапе: из-за него корпоративные заказчики и организованные туристические группы не готовы заключать контракты. Если режим ЧС снимут и пляжи откроют, ситуация станет легче, но к показателям прошлых лет быстро вернуться не получится. Максимум можно ожидать прирост примерно на 30% к прошлому году».

🗣 [Слушать эфир](https://t.me/kfm936?livestream) l [Написать в чат-бот](https://t.me/kmfmbot) l [Подписаться](https://t.me/kfm936)",21122,118,,kommersant
107345,2026-05-14T13:47:07+00:00,"**Госдума увеличила лимит сверхурочной работы до 240 часов в год — это вдвое больше нынешнего показателя.**

Сейчас лимит сверхурочных работ — четыре часа в течение двух дней подряд, но не более 120 часов в год. При этом сверхурочная работа оплачивается в полуторном размере за первые два часа в день и в двойном — за последующие.

Принятый закон [предлагает](https://www.kommersant.ru/doc/8655793?tg) увеличить лимит сверхурочных работ до 240 часов в год, если «это предусмотрено коллективным договором и (или) отраслевым (межотраслевым) соглашением». Переработки, начиная с 121-го часа, будут оплачиваться «не менее чем в двойном размере за каждый час».

▪ [Подписывайтесь на «Ъ» в Telegram ](https://t.me/+bPtk49gFbCBkYzdi)| [в MAX](https://max.ru/kommersant)",21969,156,,kommersant
107344,2026-05-14T13:27:50+00:00,"**Армения не собирается портить отношения с Россией**, заявил Никол Пашинян.

[По его словам](https://www.kommersant.ru/doc/8655724?tg), высказывания об эскалации и напряжении между странами — «дешевые провокации» оппозиции.

«Они делают все, чтобы спровоцировать эскалацию конфликта между Арменией и Россией. Этого не произойдет, во-первых, потому что спорить с Россией — это не наш масштаб, мы маленькая, скромная страна, а во-вторых, мы являемся полноправным членом Евразийского экономического союза. Кочарян также сказал, что ожидает, что Россия создаст проблемы»,— сказал премьер-министр Армении.

▪ [Подписывайтесь на «Ъ» в Telegram ](https://t.me/+bPtk49gFbCBkYzdi)| [в MAX](https://max.ru/kommersant)",20872,50,,kommersant
107343,2026-05-14T13:17:14+00:00,"**Министр иностранных дел РФ Сергей Лавров проводит встречу с главой МИД Ирана Аббасом Аракчи** на полях заседания министров иностранных дел стран БРИКС в Нью-Дели, сообщила официальный представитель МИД РФ Мария Захарова.

📷__ Telegram/MariaVladimirovnaZakharova__

▪ [Подписывайтесь на «Ъ» в Telegram ](https://t.me/+bPtk49gFbCBkYzdi)| [в MAX](https://max.ru/kommersant)",20955,17,,kommersant
107342,2026-05-14T13:05:53+00:00,"**Россия и Украина ведут подготовку к обмену военнопленными**, сообщил Дмитрий Песков. По его словам, стороны продолжают согласовывать списки военнослужащих.

«Это самая сложная часть этой работы, она продолжается очень быстро»,— [сказал](https://www.kommersant.ru/doc/8655739?tg) пресс-секретарь российского президента.

▪ [Подписывайтесь на «Ъ» в Telegram ](https://t.me/+bPtk49gFbCBkYzdi)| [в MAX](https://max.ru/kommersant)",20719,17,,kommersant
107341,2026-05-14T12:49:52+00:00,"Вячеслав Володин раскритиковал прогноз Минэкономики о росте тарифов ЖКХ на 33,5% за четыре года.

[По словам председателя Госдумы](https://www.kommersant.ru/doc/8655692?tg), уже поступило «огромное количество обращений со стороны граждан» из-за планируемого подорожания услуг ЖКХ. Вячеслав Володин считает, что такие предложения вначале нужно обсуждать с профильным комитетом Госдумы.

«Получается, с одной стороны, министерство экономического развития говорит о снижении инфляции, высказывает прогнозы, что она до конца года снизится до 5%. А с другой стороны, прогнозирует рост тарифов, — двукратный относительно инфляции»,— отметил он.

▪ [Подписывайтесь на «Ъ» в Telegram ](https://t.me/+bPtk49gFbCBkYzdi)| [в MAX](https://max.ru/kommersant)",23915,163,,kommersant
107340,2026-05-14T12:34:01+00:00,"Татьяна Москалькова [сообщила](https://www.kommersant.ru/doc/8655718?tg) о желании вернуться в Госдуму.

«Хотелось бы, конечно, участвовать, вернуться в законодательный орган, — сказала она. — Потому что я знаю эту работу, я ее люблю, она мне ценна».

Бывший уполномоченный по правам человека представляла «Справедливую Россию» в нижней палате с 2007 по 2016 год, когда была назначена на пост омбудсмена.

▪ [Подписывайтесь на «Ъ» в Telegram ](https://t.me/+bPtk49gFbCBkYzdi)| [в MAX](https://max.ru/kommersant)",21161,48,,kommersant
107339,2026-05-14T12:18:35+00:00,"Дело экс-главы офиса президента Украины Андрея Ермака не повлияет на мирные переговоры, считает Дмитрий Песков.

Он отметил, что в Кремле не следят за расследованием.

«Это не вопрос нашей повестки дня. Это больше проблема — если действительно судом будет доказано, что это коррупция, — это вопрос, наверное, самого киевского режима и вопрос тех, кто давал ему деньги, то есть чьи деньги разворовали. Поэтому это не наш вопрос, особо не следим»,— сказал представитель Кремля.

▪ [Подписывайтесь на «Ъ» в Telegram ](https://t.me/+bPtk49gFbCBkYzdi)| [в MAX](https://max.ru/kommersant)",21644,14,,kommersant
107338,2026-05-14T11:50:02+00:00,"🗞🗞🗞🗞 **Банк России **[**скорректировал**](https://www.kommersant.ru/doc/8655014?tg)** требования к микрофинансовым компаниям**, которые были обязаны с 1 марта обслуживать клиентов при выдаче онлайн-займов с использованием биометрии. 

Регулятор не будет наказывать компании за нарушение этой нормы до 1 января 2027 года.

Благодаря такой поблажке по итогам года рынок сможет показать рост выдачи займов на 10–15%.

#Ъузнал",22909,30,,kommersant
107337,2026-05-14T11:39:21+00:00,"**Средняя предлагаемая зарплата на российских сайтах по поиску работы составляет 73 тыс. руб. в месяц, **говорится в исследовании аналитиков «МегаФона» и «Авито Работы», которое [есть](https://www.kommersant.ru/doc/8655651?tg) у «Ъ».

Мужчины 35—44 лет показывают самый высокий интерес — на них приходится 27% от объема данных, израсходованного на сервисах с вакансиями.

▪ [Подписывайтесь на «Ъ» в Telegram ](https://t.me/+bPtk49gFbCBkYzdi)| [в MAX](https://max.ru/kommersant)",22560,90,,kommersant
107336,2026-05-14T11:15:47+00:00,"❗️ **Яну Лантратову назначили на должность уполномоченного по правам человека в России. **

С 2016 года эту должность занимала Татьяна Москалькова. По закону избираться на пост более двух сроков нельзя.

▪ [Подписывайтесь на «Ъ» в Telegram ](https://t.me/+bPtk49gFbCBkYzdi)| [в MAX](https://max.ru/kommersant)",28639,105,,kommersant
107335,2026-05-14T11:00:52+00:00,"✈️ **«Аэрофлот» с 1 июня возобновит регулярные рейсы из Москвы в Дубай**, сообщила пресс-служба авиакомпании.

Полеты в июне будут выполняться один раз в сутки, с 1 июля — два раза в сутки.

▪ [Подписывайтесь на «Ъ» в Telegram ](https://t.me/+bPtk49gFbCBkYzdi)| [в MAX](https://max.ru/kommersant)",23808,83,,kommersant
107334,2026-05-14T10:48:17+00:00,"**В Махачкале **[**уволены**](https://www.kommersant.ru/doc/8655601?tg)** заведующая и три сотрудницы детсада, где ребенку «дорезали» палец и положили в колготки**.

По предварительной версии, трехлетней девочке дверью прищемило мизинец на ноге, палец начал отрываться, воспитатели его «дорезали» и положили девочке в колготки. Родители обнаружили травму дочери уже дома.

Суд арестовал двух воспитательниц и няню, их подозревают в оказании услуг, не отвечающих требованиям безопасности.

▪ [Подписывайтесь на «Ъ» в Telegram ](https://t.me/+bPtk49gFbCBkYzdi)| [в MAX](https://max.ru/kommersant)",29070,392,,kommersant
107333,2026-05-14T10:14:02+00:00,"**На Кубе прошли «кастрюльные протесты» из-за отключений света**, сообщает Periodico Cubano.

На улицы вышли сотни людей — они блокировали движение транспорта, поджигали мусор на улицах, стучали кастрюлями и сковородками, а также выкрикивали лозунги с критикой властей Кубы.

Жители вышли на улицы после более чем 20 часов непрерывных отключений электроэнергии. Люди также требовали решить проблемы с нехваткой продовольствия и предметов первой необходимости.

▪ [Подписывайтесь на «Ъ» в Telegram ](https://t.me/+bPtk49gFbCBkYzdi)| [в MAX](https://max.ru/kommersant)",24683,128,,kommersant
107332,2026-05-14T10:07:05+00:00,"**Армия России нанесла массированный удар возмездия** (в том числе гиперзвуковыми ракетами «Кинжал») **по предприятиям ОПК Украины**, военным аэродромам, объектам топливной и транспортной инфраструктуры, используемым в интересах ВСУ, сообщило Минобороны РФ.

▪ [Подписывайтесь на «Ъ» в Telegram ](https://t.me/+bPtk49gFbCBkYzdi)| [в MAX](https://max.ru/kommersant)",23175,104,,kommersant
107331,2026-05-14T09:50:33+00:00,"**Социальные лифты и программы подготовки кадров в России работают**, заявил Дмитрий Песков.

«Работают социальные лифты, работают программы подготовки кадров. Особенно это, конечно, программа по работе, усовершенствованию навыков участников СВО — наших героев. Но, разумеется, все назначения не могут ограничиваться только ими», — сказал господин Песков, комментируя назначения новых врио глав Белгородской и Брянской областей.

Врио губернатора Брянской области назначен выпускник «школы губернаторов» Егор Ковальчук, Белгородской — Герой России и ветеран СВО Александр Шуваев.

▪ [Подписывайтесь на «Ъ» в Telegram ](https://t.me/+bPtk49gFbCBkYzdi)| [в MAX](https://max.ru/kommersant)",23851,43,,kommersant
107330,2026-05-14T09:36:00+00:00,"**Претензий в адрес экс-губернаторов Белгородской и Брянской областей нет**, заявил Дмитрий Песков.

Он подчеркнул, что Вячеслав Гладков и Александр Богомаз работали в чрезвычайных условиях и показали свою высокую эффективность. 

«Безусловно, им будут предложены варианты трудоустройства», — сказал господин Песков.

▪ [Подписывайтесь на «Ъ» в Telegram ](https://t.me/+bPtk49gFbCBkYzdi)| [в MAX](https://max.ru/kommersant)",22809,36,,kommersant
107329,2026-05-14T09:18:57+00:00,"Испытания ракетного комплекса «Сармат» стали большим прорывом и большой победой российской науки и промышленности, заявил секретарь Совбеза РФ Сергей Шойгу.

«Это очень и очень большой серьезный проект в области ракетостроения. Это большая победа нашей науки, нашей промышленности, наших инструкторов», — сказал он.

▪ [Подписывайтесь на «Ъ» в Telegram ](https://t.me/+bPtk49gFbCBkYzdi)| [в MAX](https://max.ru/kommersant)",23300,55,,kommersant
107328,2026-05-14T09:02:46+00:00,"**Бывший губернатор Брянской области Александр Богомаз **[**стал**](https://www.kommersant.ru/doc/8655465?tg)** депутатом Госдумы**.

Он занял место представлявшего Татарстан Айрата Фаррахова («Единая Россия»), который возглавил Казанский государственный медицинский университет и сложил полномочия.

▪ [Подписывайтесь на «Ъ» в Telegram ](https://t.me/+bPtk49gFbCBkYzdi)| [в MAX](https://max.ru/kommersant)",22356,77,,kommersant
107327,2026-05-14T08:57:44+00:00,"В отношении стендап-комика Александра Долгополова могут возбудить **уголовное дело по статье о реабилитации нацизма** (ст. 354.1 УК), сообщила пресс-служба прокуратуры Москвы.

Согласно материалам проверки, во время одного из выступлений господин Долгополов сделал заявление, оскорбившее память защитников Отечества, унижающее честь и достоинство ветеранов, а также приуменьшающее значение победы в ВОВ.

Александр Долгополов ранее участвовал в проекте московского Stand-Up Club #1. В начале 2020 года он уехал из России после появления жалоб на оскорбление чувств верующих в одном из его выступлений. Сейчас комик живет в Германии.

__📷____ Соцсети Александра Долгополова__

▪ [Подписывайтесь на «Ъ» в Telegram ](https://t.me/+bPtk49gFbCBkYzdi)| [в MAX](https://max.ru/kommersant)",21285,26,,kommersant
107326,2026-05-14T08:52:38+00:00,"**США разрешили поставки чипов Nvidia H200 десяти китайским компаниям**, среди которых Alibaba, Tencent, ByteDance, сообщает** **Reuters.

Каждому потенциальному покупателю установлен лимит в 75 тыс. H200. При этом пока ни одна партия таких чипов не была поставлена — это может быть связано с противодействием китайских властей, которые ранее часто запрещали компаниям использовать американские чипы.

Также отмечается, что глава Nvidia Дженсен Хуанг присоединился к делегации Дональда Трампа во время его официального визита в Китай, что «подогрело надежду, что этот визит наконец разблокирует зашедшие в тупик попытки продавать чипы H200 в Китае».

▪ [Подписывайтесь на «Ъ» в Telegram ](https://t.me/+bPtk49gFbCBkYzdi)| [в MAX](https://max.ru/kommersant)",30421,74,,kommersant
107325,2026-05-14T08:20:11+00:00,"**Писательница Зоя Богуславская, вдова поэта Андрея Вознесенского, умерла в возрасте 102 лет**, сообщили в Центре Вознесенского. 

В начале 1970-х годов ее книги публиковались в журналах «Новый мир», «Знамя», «Юность».

Их брак с Андреем Вознесенским продлился 46 лет до его смерти в 2010 году.

@kommersant",22992,70,,kommersant
107324,2026-05-14T08:13:55+00:00,"**Премьер-министр Латвии Эвика Силиня ушла в отставку.**

Причиной стал развал правящей коалиции из-за продолжающихся экономических проблем и ситуации с украинскими дронами.

__📷____ Алекс Сочацки / Коммерсантъ__

▪ [Подписывайтесь на «Ъ» в Telegram ](https://t.me/+bPtk49gFbCBkYzdi)| [в MAX](https://max.ru/kommersant)",27008,61,,kommersant
107323,2026-05-14T07:34:28+00:00,"▶️ **Си Цзиньпин не дал Дональду Трампу перетянуть рукопожатие на себя на встрече в Пекине.**

Президент США пробудет в Китае до 15 мая включительно.

▪ [Подписывайтесь на «Ъ» в Telegram ](https://t.me/+bPtk49gFbCBkYzdi)| [в MAX](https://max.ru/kommersant)",24040,348,,kommersant
107322,2026-05-14T07:01:08+00:00,"«Большой брат следит за нами. В Пекине буквально повсюду камеры»**

Съемочная группа Fox News в Китае получила штраф в размере $40 за неправильную парковку**, сообщил ведущий телеканала Брет Байер в репортаже из Пекина.

По его словам, автомобиль съемочной группы припарковался в неположенном месте «буквально на две минуты», и водитель машины сразу получил электронный штраф. 

Он сообщил, что за год в столице Китая установили более 1,5 тыс. новых камер видеонаблюдения.

▪ [Подписывайтесь на «Ъ» в Telegram ](https://t.me/+bPtk49gFbCBkYzdi)| [в MAX](https://max.ru/kommersant)",23221,58,,kommersant
107321,2026-05-14T06:56:28+00:00,"Высший антикоррупционный суд в Киеве [вынес решение](https://www.kommersant.ru/doc/8655322?tg) об **аресте экс-главы офиса президента Украины Андрея Ермака** с возможностью выхода под залог в 140 млн грн ($3,2 млн).

Он заявил, что у него нет таких средств, но достаточно знакомых и друзей, которые смогут помочь внести залог.

Андрею Ермаку инкриминируют легализацию около $10 млн при строительстве элитного жилья под Киевом. Он отрицает все обвинения и подчеркивает, что «честно проработал шесть лет 24/7 на свою страну».

▪ [Подписывайтесь на «Ъ» в Telegram ](https://t.me/+bPtk49gFbCBkYzdi)| [в MAX](https://max.ru/kommersant)",22433,39,,kommersant
107320,2026-05-14T06:20:01+00:00,"🗞🗞🗞🗞 В ходе тайных проверок Росаккредитация и Роскачество [обнаружили](https://www.kommersant.ru/doc/8655053?tg) **нарушения у 11 компаний, присваивающих звезды российским отелям**.

Сейчас около трети работающих в России гостиниц не соответствуют заявленной классификации. Это вызывает негативные эмоции у туристов и дискредитирует систему в целом.

#Ъузнал",28227,95,,kommersant
107319,2026-05-14T06:06:19+00:00,"🗞🗞🗞🗞 **Инвестиционно-финансовая группа Fordewind намерена обанкротить четыре компании алтайского производителя мороженого «Русский холод»**, [стало известно](https://www.kommersant.ru/doc/8655011?tg) «Ъ».

Долг компании превысил 12,5 млрд руб., вынудив прекратить отгрузки продукции. О намерении купить бизнес, консолидировав эти обязательства, уже заявила группа А1.

Проблемы в бизнесе у «Русского холода» начались в условиях непростой конъюнктуры на рынке мороженого. Натуральные продажи продукции в 2025 году выросли только на 1% за год. 

#Ъузнал",21628,89,,kommersant
107318,2026-05-14T05:59:35+00:00,"**Легальные трансляции Disney в России с 2027 года могут оказаться недоступны**

Лицензионные контракты американской студии [заканчивают](https://www.kommersant.ru/doc/8655102?tg) действие в этом году и продлены не будут. Студия не планирует заключать новые контракты в России. Онлайн-кинотеатры будут обязаны удалить контент Disney из библиотек.

Несмотря на то что ключевые хиты студии, такие как «Король Лев», «Зверополис», «Холодное сердце», были изъяты из библиотек стримингов еще в 2023 году, у некоторых онлайн-кинотеатров оставался ряд старых анимаций. 

Даже при потере популярных лент кинотеатры не станут нарушать лицензионные соглашения Disney, считают юристы.

📡 [Сети меняются. Мы следим. Подписывайтесь](https://t.me/+SkQgmXpzMqFjZjli).",20431,65,,kommersant
107317,2026-05-14T05:58:22+00:00,"Бывший первый зампред правительства Подмосковья Илья Бронштейн, обвиняемый в получении взятки, и еще один фигурант дела Михаил Мясников [ушли](https://www.kommersant.ru/doc/8655267?tg) на СВО.

Расследование в отношении них приостановлено.

▪ [Подписывайтесь на «Ъ» в Telegram ](https://t.me/+bPtk49gFbCBkYzdi)| [в MAX](https://max.ru/kommersant)",20402,59,,kommersant
107316,2026-05-14T05:33:15+00:00,"**В Пекине завершились переговоры Дональда Трампа и Си Цзиньпина**. Встреча [продлилась](https://www.kommersant.ru/doc/8655265?tg) 2 часа 15 минут.

Стороны обсудили основные вопросы двусторонних отношений. Си Цзиньпин предупредил, что в случае отсутствия взаимопонимания по Тайваню Китай и США могут дойти до открытого конфликта.

Вашингтон и Пекин пока не предоставляли подробностей об итогах встречи.

Дональд Трамп, в свою очередь, после завершения переговоров заявил, что они «прошли прекрасно».

▪ [Подписывайтесь на «Ъ» в Telegram ](https://t.me/+bPtk49gFbCBkYzdi)| [в MAX](https://max.ru/kommersant)",20183,60,,kommersant
107315,2026-05-14T05:23:35+00:00,"«На рынке нет веры, что импортозамещение создает добавленную ценность»

Доля отечественных решений ERP (систем управления предприятием) достигла уже 75%.

👉 О том, как проходит импортозамещение в этом секторе, почему потенциальное возвращение SAP в России — это не только риски для отечественных разработчиков, но и новые возможности, а также о слухах, что акционером компании стал банк «Россия», «Ъ» [рассказал](https://www.kommersant.ru/doc/8654904?tg) гендиректор корпорации «Галактика» Алексей Телков**.

**__📷____ Дмитрий Духанин / Коммерсантъ__

📡 [Сети меняются. Мы следим. Подписывайтесь](https://t.me/+SkQgmXpzMqFjZjli).",19380,26,,kommersant
107314,2026-05-14T05:08:29+00:00,"**Топливные запасы на Кубе полностью исчерпаны**, заявил глава Минэнерго страны.

«У нас нет абсолютно никакого мазута. Дизельного топлива у нас тоже нет абсолютно никакого... Единственное, что у нас есть, — это попутный газ с наших месторождений и национальная нефть, добыча которой также растет», — рассказал он.

Нехватка топлива — одна из главных причин отключений электроэнергии на Кубе.

Поступившая от России крупная партия нефти помогла временно снизить масштаб отключений, но была израсходована к началу мая.

▪ [Подписывайтесь на «Ъ» в Telegram ](https://t.me/+bPtk49gFbCBkYzdi)| [в MAX](https://max.ru/kommersant)",18922,76,,kommersant
107313,2026-05-14T05:01:16+00:00,"📰 **Эксклюзивные материалы свежего номера газеты «Коммерсантъ»:**

🔵 Правительство [обсуждает](https://www.kommersant.ru/doc/8655148?tg) два способа дофинансирования постройки атомных ледоколов «Ленинград» и «Сталинград» и судна для их обслуживания за счет внебюджетных средств.

🔵 Экс-замглавы Минприроды Дениса Буцаева [хотят заочно арестовать](https://www.kommersant.ru/doc/8655099?tg) за мошенничество в ходе «мусорной реформы».

🔵 За первый квартал факторинговые компании впервые за пять лет [показали](https://www.kommersant.ru/doc/8655018?tg) снижение доходов.

🔵 В России [растет](https://www.kommersant.ru/doc/8654850?tg) доля поддельных комплектующих в зарубежном IT-оборудовании

🔵 Ушедший в отставку глава Брянской области Александр Богомаз [может получить](https://www.kommersant.ru/doc/8655163?tg) мандат депутата Госдумы.

🔵 Объем предложения бизнес-центров в Москве [вырос](https://www.kommersant.ru/doc/8654091?tg) вдвое по итогам первого квартала 2026 года.

🔵 Певица Линда [стала](https://www.kommersant.ru/doc/8654764?tg) подозреваемой по делу о мошенничестве.

👉 __Читайте другие эксклюзивные заметки __[__на сайте __](https://www.kommersant.ru/daily/166369?tg)__«Ъ». __

#Ъузнал",79136,17,,kommersant
107312,2026-05-14T04:57:05+00:00,"**Китай имеет значительное преимущество перед США**, [доложила](https://www.kommersant.ru/doc/8655228?tg) американская разведка. Доклад вызвал тревогу в Пентагоне.

КНР извлекает выгоды из войны на Ближнем Востоке, добиваясь сдвигов в нескольких областях конкуренции.

С начала войны Китай продавал оружие союзникам США в Персидском заливе. Также Пекин помогает странам смягчить энергокризис и зарабатывает на этом. 

Кроме того, отмечается, что авторитет Дональда Трампа падает как в США, так и во всем мире из-за недовольства общественности конфликтом и тем значительным ущербом, который он нанес мировой экономике.

▪ [Подписывайтесь на «Ъ» в Telegram ](https://t.me/+bPtk49gFbCBkYzdi)| [в MAX](https://max.ru/kommersant)",18061,47,,kommersant
107311,2026-05-14T04:41:48+00:00,"**В российских онкодиспансерах **[**появятся**](https://www.kommersant.ru/doc/8655057?tg)** кабинеты психологов**, куда врачи будут направлять больных для борьбы со стрессом, суицидальными мыслями и в связи с усталостью от лечения.

Нововведение планируется записать в приказе Минздрава.

Ежегодно в России выявляют около 600 тыс. новых случаев злокачественных новообразований. Всего на диспансерном наблюдении по поводу рака состоит более 4 млн человек.

▪ [Подписывайтесь на «Ъ» в Telegram ](https://t.me/+bPtk49gFbCBkYzdi)| [в MAX](https://max.ru/kommersant)",18485,51,,kommersant
107310,2026-05-14T04:21:46+00:00,"**За ночь над регионами РФ сбиты 36 украинских БПЛА**, сообщили в Минобороны.

Дроны сбили над Белгородской, Брянской, Воронежской, Калужской, Курской, Московской, Новгородской, Ростовской, Смоленской, Тверской, Тульской областями и Крымом.

▪ [Подписывайтесь на «Ъ» в Telegram ](https://t.me/+bPtk49gFbCBkYzdi)| [в MAX](https://max.ru/kommersant)",18225,15,,kommersant
107309,2026-05-14T04:20:27+00:00,"🗞🗞🗞🗞 Правительство обсуждает **два способа дофинансирования постройки атомных ледоколов «Ленинград» и «Сталинград» и судна для их обслуживания за счет внебюджетных средств**, [стало известно](https://www.kommersant.ru/doc/8655148?tg) «Ъ».

Речь идет либо о введении портового сбора в $0,2 на тонну со всех экспортных грузов, либо о взимании до 2035 года дополнительных $0,4–2,75 с каждой тонны груза на Севморпути.

Стоимость каждого из ледоколов оценивается примерно в 85 млрд руб.

#Ъузнал",21033,70,,kommersant
107308,2026-05-14T04:00:14+00:00,"**⛅️****️ Главные новости к утру:
**
🔸 Дональд Трамп и Си Цзиньпин [начали](https://www.kommersant.ru/doc/8655223?tg) переговоры в Пекине.

🔸 КНДР и Вьетнам [договорились](https://www.kommersant.ru/doc/8655231?tg) о расширении сотрудничества.

🔸 Россия и Норвегия [проведут](https://www.kommersant.ru/doc/8655210?tg) переговоры по линии военных.

🔸 РЖД [выставили](https://www.kommersant.ru/doc/8655209?tg) на продажу и сдачу в аренду недвижимость на 300 млрд рублей.

🔸 ОАЭ [опровергли](https://www.kommersant.ru/doc/8655194?tg) заявления о тайном визите Биньямина Нетаньяху в страну.

#главноекутру",19433,23,,kommersant
107307,2026-05-14T03:47:38+00:00,"Доля контрафактных комплектующих для зарубежного инфраструктурного оборудования в России [оценивается](https://www.kommersant.ru/doc/8654850?tg) в 18%, а в ряде классов уже достигает 80%. **Лидерами по частоте подделок деталей стали бренды Dell EMC, Lenovo, Cisco Systems, Hitachi Vantara и Dell Technologies.**

Рост объема контрафакта связывают с ухудшением цепочек поставок. При этом и интерес к таким компонентам растет, так как инфраструктура российских компаний до сих пор почти на 70% состоит из зарубежного оборудования, которое требует обслуживания и ремонта.

В ближайшие три-пять лет ситуация на рынке может улучшиться за счет роста доли российских производителей и «легальной альтернативы» в виде китайских вендоров, считает эксперт.

📡 [Сети меняются. Мы следим. Подписывайтесь.](https://t.me/+SkQgmXpzMqFjZjli)",17803,51,,kommersant
107306,2026-05-14T03:29:37+00:00,"**Дональд Трамп **[**назвал**](https://www.kommersant.ru/doc/8655223?tg)** честью свой визит в Китай. **Он также выразил надежду на то, что у двух стран будет «фантастическое будущее».

«Вы великий лидер. Я всем говорю, что вы великий лидер. Иногда людям не нравится, что я это говорю, но я все равно это говорю, потому что это правда»,— сказал президент США господину Си.**
**
**Си Цзиньпин, в свою очередь, заявил, что 2026 год должен стать историческим** и знаменательным для американо-китайских отношений.

«Смогут ли Китай и США преодолеть так называемую ловушку Фукидида и создать новую модель отношений между великими державами? Это вопросы, поставленные историей, миром и народами»,— добавил он.

Визит Дональда Трампа в Китай проходит с 13 по 15 мая. В поездке его сопровождают руководители крупных американских компаний, в числе которых главы Tesla, Apple, Boeing, Goldman Sachs Group, Blackstone, BlackRock, Citigroup.

✔️ [Подписывайтесь на «Ъ» в Telegram](https://t.me/+bPtk49gFbCBkYzdi) |[ в MAX](https://max.ru/kommersant)",18203,64,,kommersant
107305,2026-05-14T03:12:42+00:00,"**Продажи дорожно-строительной техники в первом квартале упали на 51%.** Причины прежние: высокая ключевая ставка и низкий спрос на технику в жилищном и дорожном секторах.

Часть участников отрасли [оценивают](https://www.kommersant.ru/doc/8655032?tg) ситуацию критически, отмечая, что такими темпами «рынок может быть подарен зарубежным игрокам». Другие уверены, что в сегменте происходит коррекция и возврат к равновесию после аномального спроса 2022–2023 годов.

✔️ [Подписывайтесь на «Ъ» в Telegram | в MAX](https://t.me/+bPtk49gFbCBkYzdi)",18571,53,,kommersant
107304,2026-05-14T02:13:53+00:00,"Президент США Дональд Трамп встретился с председателем КНР Си Цзиньпином. Лидеры двух стран пожали друг другу руки.

▪ [Подписывайтесь на «Ъ» в Telegram ](https://t.me/+bPtk49gFbCBkYzdi)| [в MAX](https://max.ru/kommersant)",18123,30,,kommersant
107303,2026-05-14T01:54:22+00:00,"**Население в апреле увеличило покупки валюты. **Чистые покупки валюты физлицами[ выросли](https://www.kommersant.ru/doc/8654926?tg) до 108 млрд руб. с 65,2 млрд руб. в марте, что оказалось выше показателя апреля как 2024-го, так и 2025 года, а также среднемесячного уровня прошлого года.

Впрочем, основными покупателями валюты в апреле, по данным ЦБ, выступили банки, которые приобрели ее на 532 млрд руб., компании продали ее на 702 млрд руб.

✔️ [Подписывайтесь на «Ъ» в Telegram](https://t.me/+bPtk49gFbCBkYzdi) |[ в MAX](https://max.ru/kommersant)",18136,58,,kommersant
107302,2026-05-14T01:15:30+00:00,"**Из базилики в Чехии похитили реликвию XIII века — череп святой Здиславы.** В момент кражи в базилике находился только священник.

💬 «Когда он подошел к алтарю, он услышал два выстрела и увидел, как кто-то убегает»,— [рассказал](https://www.kommersant.ru/doc/8655214?tg) настоятель Павел Мария Майер.

На записях с камер видеонаблюдения виден только силуэт похитителя.

Украдены только сами останки. Позолоченная корона, которая была надета на череп, не тронута.

✔️ [Подписывайтесь на «Ъ» в Telegram](https://t.me/+bPtk49gFbCBkYzdi) |[ в MAX](https://max.ru/kommersant)",17573,54,,kommersant
107301,2026-05-14T00:08:35+00:00,"**Власти будут оплачивать исследования только прорывных лекарств. **Минпромторг РФ решил сузить круг фармкомпаний—получателей компенсаций за финальные стадии исследований инновационных препаратов. Вопреки первоначальным заявлениям теперь власти готовы оплачивать затраты на разработку только прорывных разработок в фарминдустрии — так называемых лекарств первых в классе (first in class), которых ранее не было в мировой медицинской практике. **Предельный размер компенсации на один препарат составит 2,5 млрд руб.** В Минпромторге[ уточнили «Ъ»](https://www.kommersant.ru/doc/8655056?tg), что отбор разработок, претендующих на такую господдержку, будет ежегодным и стартует в этом году.

До этого планировалось покрывать расходы и на создание препаратов «лучших в классе» (best in class), превосходящих существующие аналоги по эффективности и безопасности.

✔️ [Подписывайтесь на «Ъ» в Telegram](https://t.me/+bPtk49gFbCBkYzdi) |[ в MAX](https://max.ru/kommersant)",20946,126,,kommersant
107300,2026-05-13T23:25:59+00:00,"**Китай — главный геополитический соперник Соединенных Штатов**, заявил госсекретарь США Марко Рубио. Он добавил, что интересы двух стран могут идти вразрез друг с другом.

💬 «С точки зрения геополитики это наш основной вызов. Вместе с тем работа над отношениями с Китаем имеет ключевую важность»,— сказал господин Рубио в интервью Fox News. Он указал, что Вашингтону и Пекину нужно искать взаимопонимание, «чтобы избегать войн и поддерживать мир».

✔️ [Подписывайтесь на «Ъ» в Telegram](https://t.me/+bPtk49gFbCBkYzdi) |[ в MAX](https://max.ru/kommersant)",20139,21,,kommersant
107299,2026-05-13T22:41:27+00:00,"РЖД [выставили](https://www.kommersant.ru/doc/8655209?tg) на продажу и сдачу в аренду недвижимость на 300 млрд рублей. 

Большую часть суммы должна составить продажа небоскреба Moscow Towers в районе «Москва-Сити». Компания рассчитывает получить от сделки не менее 280,8 млрд руб.

Все вырученные средства планируется направить на реализацию инвестиционной программы.

✔️ [Подписывайтесь на «Ъ» в Telegram](https://t.me/+bPtk49gFbCBkYzdi) |[ в MAX](https://max.ru/kommersant)",19447,84,,kommersant
107298,2026-05-13T22:05:18+00:00,"**ОАЭ опровергли заявления о тайном визите в страну премьер-министра Израиля Биньямина Нетаньяху**.

«Объединенные Арабские Эмираты опровергают сообщения о предполагаемом визите премьер-министра Израиля Биньямина Нетаньяху в ОАЭ или о приеме какой-либо израильской военной делегации в стране»,— написано в сообщении МИД Эмиратов в соцсети X.

Канцелярия премьер-министра Израиля сообщала, что Биньямин Нетаньяху тайно посетил ОАЭ и встретился с президентом страны Мухаммедом бен Зейдом Аль Нахайяном.

✔️ [Подписывайтесь на «Ъ» в Telegram](https://t.me/+bPtk49gFbCBkYzdi) |[ в MAX](https://max.ru/kommersant)",19337,25,,kommersant
107297,2026-05-13T21:31:41+00:00,"🗞🗞🗞🗞 **Факторинговые компании впервые за пять лет показали снижение доходов в первом квартале.** Суммарный объем доходов за первый квартал 2026 года составил 102 млрд руб., на 25% ниже показателя годовой давности. Сокращение [коснулось](https://www.kommersant.ru/doc/8655018?tg) почти всех крупных участников рынка.

Причина — снижение ставок предоставления факторинга и обострение конкуренции за крупных дебиторов. Однако рост портфеля пока не может компенсировать снижение маржинальности.

Участники рынка ожидают стабилизации ситуации и восстановления доходов лишь во втором полугодии. 

#Ъузнал",19295,24,,kommersant
107296,2026-05-13T21:01:00+00:00,"**Сенат США в седьмой раз отклонил резолюцию, направленную на ограничение военных полномочий президента Дональда Трампа.** В случае ее принятия администрация президента Соединенных Штатов должна была бы прекратить военные действия в отношении Ирана.

Против принятия резолюции [проголосовали](https://www.kommersant.ru/doc/8655182?tg) 50 сенаторов, за — 49.

После войны во Вьетнаме, которая завершилась в 1975 году, в США был принят закон, который позволяет президенту страны вести военные операции против других стран без разрешения Конгресса в течение 60 дней. В тексте резолюции указано, что для военной операции США против Ирана этот срок истек 1 мая.

✔️ [Подписывайтесь на «Ъ» в Telegram](https://t.me/+bPtk49gFbCBkYzdi) |[ в MAX](https://max.ru/kommersant)",19757,39,,kommersant
107295,2026-05-13T20:27:36+00:00,"**Нефти всем не хватит.** Предложения нефти в этом году будет недостаточно, чтобы покрыть мировой спрос, [следует](https://www.kommersant.ru/doc/8655083?tg) из майского отчета Международного энергетического агентства (МЭА). Еще в апреле аналитики ожидали профицита нефти, однако сейчас из-за последствий конфликта на Ближнем Востоке прогнозы пересмотрены — теперь агентство ждет заметного сокращения как спроса, так и предложения.

В МЭА предполагают, что судоходство через Ормузский пролив начнет постепенно восстанавливаться лишь с третьего квартала. До тех пор сохраняющаяся неопределенность будет поддерживать цены высокими.

**Доходы России от экспорта нефти** и нефтепродуктов, по данным агентства, в апреле **выросли на $6,3 млрд в годовом сравнении** и достигли $19,2 млрд.

✔️ [Подписывайтесь на «Ъ» в Telegram](https://t.me/+bPtk49gFbCBkYzdi) |[ в MAX](https://max.ru/kommersant)",20896,61,,kommersant
107288,2026-05-13T19:58:58+00:00,"**79-й Каннский кинофестиваль: яркие кадры с Лазурного берега**

Всем ценителям кино предстоят горячие двенадцать дней самого важного фестиваля мира. Гости и участники, жюри и звезды — в [фотоподборке](https://www.myweekend.ru/gallery/8654432?tg) с места события.

🔸[__ Мы сорвали ваши планы. В Weekend найдете занятия получше.__](https://t.me/+6r1ntr_phWEwYzdi)",19974,45,,kommersant
107287,2026-05-13T19:27:25+00:00,"**🗞****🗞****🗞****🗞**** Ушедший в отставку 13 мая глава Брянской области Александр Богомаз может получить мандат депутата Госдумы. **Об этом «Ъ» [сообщили](https://www.kommersant.ru/doc/8655163?tg) источники в регионе и в «Единой России».

Господин Богомаз может занять место бывшего депутата-единоросса Айрата Фаррахова (Татарстан), недавно покинувшего нижнюю палату в связи с переходом на другую работу.

#Ъузнал",20014,50,,kommersant
107286,2026-05-13T19:00:12+00:00,"🌒 **Главные новости к вечеру **

▪️ Сенат США [утвердил](https://www.kommersant.ru/doc/8655162?tg) на пост председателя Федеральной резервной системы (ФРС) Кевина Уорша. 

▪️ МИД Венгрии [вызвал](https://www.kommersant.ru/doc/8655155?tg) посла России.

▪️ Премьер-министр Израиля Биньямин Нетаньяху [встретился](https://www.kommersant.ru/doc/8655140?tg) с президентом ОАЭ во время операции против Ирана. 

▪️ В Баку [приговорили](https://www.kommersant.ru/doc/8655021?tg) еще двух задержанных летом прошлого года россиян. 

▪️ В Белгородской и Брянской областях [назначены](https://www.kommersant.ru/doc/8655154?tg) новые губернаторы.

▪️ [Объявлена](https://www.kommersant.ru/doc/8655151?tg) дата проведения Grammy в 2027 году.

▪️ Суд ЕС [снял](https://www.kommersant.ru/doc/8655038?tg) санкции с бизнесмена Михаила Гуцериева.

#главноеквечеру",82728,123,,kommersant
107285,2026-05-13T18:39:57+00:00,"❗️ Cенат США утвердил Кевина Уорша на пост главы ФРС.

▪ [Подписывайтесь на «Ъ» в Telegram |](https://t.me/+bPtk49gFbCBkYzdi) [в MAX |](https://max.ru/kommersant) [Оставляйте «бусты»](https://t.me/kommersant?boost)",27200,192,,kommersant
107284,2026-05-13T18:35:53+00:00,"Стали известны [подробности](https://www.kommersant.ru/doc/8655100?tg) исковых требований Венгрии, которая добивается в Суде ЕС отмены регламента, запрещающего перевод замороженных российских активов обратно в Россию и устанавливающего, по сути, их бессрочную блокировку. Этот же регламент** в Общем суде ЕС оспаривает и ЦБ РФ. **

По мнению Будапешта, Совет ЕС выбрал неверное основание для этих санкций — статью о чрезвычайных экономических мерах. Юристы полагают, что исход венгерского дела, инициированного еще при Викторе Орбане, может как усилить, так и ослабить позиции Центробанка. Впрочем, новые власти страны могут иск и вовсе отозвать.

▪ [Подписывайтесь на «Ъ» в Telegram |](https://t.me/+bPtk49gFbCBkYzdi) [в MAX |](https://max.ru/kommersant) [Оставляйте «бусты»](https://t.me/kommersant?boost)",21376,20,,kommersant
107283,2026-05-13T18:06:14+00:00,"**Американский президент Дональд Трамп  хочет помиловать 250 человек к 250-летию США**, сообщила The Wall Street Journal (WSJ).

По данным источников, господин Трамп может объявить об этих помилованиях 14 июня. В эту дату в США отмечается День флага, а сам Дональд Трамп празднует день рождения.

После вступления в должность в январе 2025 года господин Трамп, в частности, помиловал участников штурма Капитолия в январе 2021 года, основателя криптобиржи Binance Чанпэна Чжа, основателя сайта Silk Road Росса Ульбрихта. В прошлом году в США было подано рекордное количество прошений о помиловании — более 16 тыс.

▪ [Подписывайтесь на «Ъ» в Telegram |](https://t.me/+bPtk49gFbCBkYzdi) [в MAX |](https://max.ru/kommersant) [Оставляйте «бусты»](https://t.me/kommersant?boost)",21129,14,,kommersant
107282,2026-05-13T17:31:43+00:00,"🗞🗞🗞🗞 Бывшего замглавы Минприроды Дениса Буцаева [хотят заочно арестовать](https://www.kommersant.ru/doc/8655099?tg)** за мошенничество в ходе «мусорной реформы».**

 Скрывшийся за границей и объявленный в розыск экс-чиновник обвиняется в многомиллионных хищениях бюджетных средств, выделявшихся публично-правовой компании «Российский экологический оператор». Эту структуру господин Буцаев возглавлял до перехода в министерство.

#Ъузнал",44267,280,,kommersant
107281,2026-05-13T17:06:34+00:00,"В отношении экс-министра внутренней безопасности США Кристи Ноэм начали проверку, написала The Wall Street Journal (WSJ).

По данным источников издания, в центре расследования — запущенная госпожой Ноэм программа на сумму $38 млрд по покупке МВБ складов и перепрофилированию их в центры временного содержания. В них предполагалось содержать нелегальных иммигрантов, задержанных Службой иммиграционного и таможенного контроля (ICE).

▪ [Подписывайтесь на «Ъ» в Telegram |](https://t.me/+bPtk49gFbCBkYzdi) [в MAX |](https://max.ru/kommersant) [Оставляйте «бусты»](https://t.me/kommersant?boost)",21920,20,,kommersant
107280,2026-05-13T16:29:24+00:00,"❗  Егор Ковальчук назначен врио губернатора Брянской области, сообщили в Кремле.

Александр Богомаз также покинул свой пост главы региона. 

▪ [Подписывайтесь на «Ъ» в Telegram |](https://t.me/+bPtk49gFbCBkYzdi) [в MAX |](https://max.ru/kommersant) [Оставляйте «бусты»](https://t.me/kommersant?boost)",23850,128,,kommersant
107279,2026-05-13T16:29:00+00:00,"❗️ **Александр Шуваев назначен временно исполняющим обязанности губернатора Белгородской области**, сообщили в Кремле.

Там уточнили, что Вячеслав Гладков покинул пост главы региона — он подал заявление о досрочном прекращении полномочий. 

▪ [Подписывайтесь на «Ъ» в Telegram |](https://t.me/+bPtk49gFbCBkYzdi) [в MAX |](https://max.ru/kommersant) [Оставляйте «бусты»](https://t.me/kommersant?boost)",24045,163,,kommersant
107278,2026-05-13T16:28:32+00:00,"⚖️ Суд ЕС удовлетворил иск российского предпринимателя, основателя группы «Сафмар» Михаила Гуцериева** об отмене санкций Евросоюза,** введенных против него в феврале 2025 года, следует из решения суда.

Изначально Евросоюз ввел санкции против Михаила Гуцериева в 2021 году, затем они несколько раз продлевались. Суд ЕС утверждал, что бизнесмен поддерживает власти Белоруссии, знаком с президентом республики Александром Лукашенко и «получает от этого выгоду».

▪ [Подписывайтесь на «Ъ» в Telegram |](https://t.me/+bPtk49gFbCBkYzdi) [в MAX |](https://max.ru/kommersant) [Оставляйте «бусты»](https://t.me/kommersant?boost)",23828,50,,kommersant
107271,2026-05-13T15:56:17+00:00,"__«Мы работали, потому что нам в кайф это было»__

Журналист и телеведущий Владимир Молчанов, ведущий программ «Время», «90 минут» и «До и после полуночи» умер на 76 году жизни. Его творческий путь — в [фотогалерее «Ъ»](https://www.kommersant.ru/gallery/8654561).

#ГалереяЪ #некролог
@kommersant_photo",20710,21,,kommersant
107270,2026-05-13T15:27:30+00:00,"❌ **В Москве вводят ограничения на публикации фото и видео последствий атак беспилотников и терактов,** сообщили в пресс-службе мэрии.

Такие меры объяснили необходимостью обеспечения общественной безопасности.

Там уточнили, что ограничения не коснутся информации, опубликованной Минобороны России, на официальном сайте Мэра Москвы и Правительства Москвы и на страницах блога Мэра Москвы.

▪ [Подписывайтесь на «Ъ» в Telegram |](https://t.me/+bPtk49gFbCBkYzdi) [в MAX |](https://max.ru/kommersant) [Оставляйте «бусты»](https://t.me/kommersant?boost)",23610,259,,kommersant
107269,2026-05-13T15:10:37+00:00,"🗞🗞🗞🗞 Участники встречи секретарей Совбезов государств ШОС [**обсудят**](https://www.kommersant.ru/doc/8654982?tg)**  развитие сотрудничества и совершенствование механизмов взаимодействия государств—членов ШОС** в сферах противодействия терроризму, сепаратизму и экстремизму, незаконному обороту оружия и наркотиков, торговле людьми и другим видам транснациональной организованной преступности, обеспечения международной информационной безопасности и безопасности в сфере информационно-коммуникационных технологий.

Сергей Шойгу выступит с оценками ситуации в сфере международной безопасности и предложениями по укреплению сотрудничества в формате ШОС, направленными на повышение роли и авторитета организации в мире.

#Ъузнал",22477,6,,kommersant
107268,2026-05-13T15:01:33+00:00,"▶️ Секретарь Совбеза России Сергей Шойгу прибыл в Бишкек на 21-ю встречу профильных структур государств-членов Шанхайской организации сотрудничества (ШОС). 

▪ [Подписывайтесь на «Ъ» в Telegram |](https://t.me/+bPtk49gFbCBkYzdi) [в MAX |](https://max.ru/kommersant) [Оставляйте «бусты»](https://t.me/kommersant?boost)",20681,22,,kommersant
107267,2026-05-13T14:31:09+00:00,"**📱**** Золотой телефон Дональда Трампа начнут поставлять уже на этой неделе, **сообщает USA Today.

Trump Mobile подтвердила газете, что вскоре предзаказы доберутся до клиентов. Релиз гаджета несколько раз переносили, изначально он должен был выйти в августе 2025 года. Гендиректор О'Брайен признал, что производство столкнулось с задержками, но «они того стоили», поскольку теперь компания выпускает «потрясающий продукт». 

Ранее в соцсетях распространялась информация о том, что смартфоны так и не отправят покупателям. О количестве предзаказов не сообщается, но разработчики «чрезвычайно довольны интересом».

__📷____ Trump Mobile.__

📡 [Сети меняются. Мы следим. Подписывайтесь.](https://t.me/+SkQgmXpzMqFjZjli)",20525,113,,kommersant
107266,2026-05-13T14:17:58+00:00,"🗞🗞🗞🗞 **Объем предложения бизнес-центров в Москве **[**вырос**](https://www.kommersant.ru/doc/8654091?tg)** вдвое **по итогам** **первого квартала 2026 года. Это связано с изменением стратегии девелоперов, которые все чаще предпочитают продавать объекты вместо сдачи в аренду. 

Спрос на покупку офисов остается устойчивым, что поддерживает дальнейший рост цен. В отдаленных от центра города районах вакантность увеличивается: офисы вне деловых кластеров дольше остаются незаполненными.

#Ъузнал",20659,17,,kommersant
107265,2026-05-13T13:57:21+00:00,"🗞🗞🗞🗞**Цены на сталь **[**растут**](https://www.kommersant.ru/doc/8654150?tg)** быстрее, чем на сырье. **Однако темпы роста цен на сталь по-прежнему невелики, а логистика с февраля прибавила в цене 30–50%. 

По мнению экспертов, по мере ограничения выпуска стали в Китае спрос будет восстанавливаться, однако российские металлурги смогут вернуться к рентабельности не ранее середины 2027 года.

#Ъузнал",21839,36,,kommersant
107264,2026-05-13T13:31:25+00:00,"**Россия продолжит модернизировать и развивать стратегические ядерные силы, **заявил президент Владимир Путин.

▪ [Подписывайтесь на «Ъ» в Telegram |](https://t.me/+bPtk49gFbCBkYzdi) [в MAX |](https://max.ru/kommersant) [Оставляйте «бусты»](https://t.me/kommersant?boost)",22034,18,,kommersant
107263,2026-05-13T13:00:55+00:00,"📰 Госдума приняла в первом чтении проект** об отказе в выдаче РВП, ВНЖ и гражданства иностранцам с непогашенной судимостью **за любое преступление.

▪ [Подписывайтесь на «Ъ» в Telegram |](https://t.me/+bPtk49gFbCBkYzdi) [в MAX |](https://max.ru/kommersant) [Оставляйте «бусты»](https://t.me/kommersant?boost)",22696,34,,kommersant
107262,2026-05-13T12:50:31+00:00,"**❗️**** Экс-вице-губернатора Кубани Анну Минькову приговорили к 5,5 года условно с испытательным сроком 5 лет,** следует из решения суда.

▪ [Подписывайтесь на «Ъ» в Telegram |](https://t.me/+bPtk49gFbCBkYzdi) [в MAX |](https://max.ru/kommersant) [Оставляйте «бусты»](https://t.me/kommersant?boost)",29801,61,,kommersant
107261,2026-05-13T12:45:41+00:00,"**❌**** В Латвии запретят все автобусные перевозки в Россию и Белоруссию**. Такие акты готовит минтранс страны, сообщило Delfi.

В Латвии уже действует запрет на нерегулярные пассажирские перевозки автобусами через латвийско-белорусскую и латвийско-российскую границы. Этот запрет планируют распространить на регулярные автобусные рейсы. 

«Наличие регулярных рейсов в Беларусь и Россию наряду с другими возможностями поездок повышает для граждан Латвии риск столкнуться с ситуациями влияния и вербовки»,— объяснили в Министерстве транспорта.

▪ [Подписывайтесь на «Ъ» в Telegram ](https://t.me/+bPtk49gFbCBkYzdi)| [в MAX](https://max.ru/kommersant)",60741,254,,kommersant
107260,2026-05-13T12:18:46+00:00,"🗞🗞🗞🗞 Певица Линда (Светлана Гейман) после допроса, проведенного 12 мая в Главном следственном управлении ГУ МВД по Москве, [стала](https://www.kommersant.ru/doc/8654764?tg) подозреваемой по уголовному делу об особо крупном мошенничестве (ч. 4 ст. 159 УК РФ).

Собеседник «Ъ» не исключил, что следствие обратится в суд с ходатайством об избрании в отношении певицы меры пресечения.

«Мне жаль, что мы с Линдой оказались в этой точке. На протяжении 30 лет я пытался урегулировать этот вопрос мирно через ее представителей — Кувшинова, Черкасова, но результата это не дало», — заявил продюсер Максим Фадеев.

#Ъузнал",68492,249,,kommersant
107259,2026-05-13T11:54:21+00:00,"Президент США Дональд Трамп с делегацией прибыл в Пекин, сообщило Центральное ТВ Китая.

▪ [Подписывайтесь на «Ъ» в Telegram ](https://t.me/+bPtk49gFbCBkYzdi)| [в MAX](https://max.ru/kommersant)",22123,24,,kommersant
107258,2026-05-13T11:50:55+00:00,"**В Австралии отказались от строительства 91-этажного небоскреба Trump Tower из-за «токсичности бренда»**, передает телеканал ABC. 

Соглашение о строительстве в феврале текущего года заключили исполнительный вице-президент The Trump Organisation Эрик Трамп и глава Altus Property Group Дэвид Янг. 335-метровое здание должно было стать самым высоким в Австралии. 

По словам Дэвида Янга, компания не отказывается от планов строительства небоскреба на выделенном участке, однако намерена сделать это с другим партнером.

«Спустя месяцы переговоров и одних пустых обещаний за другими Altus Property не смогла выполнить самые простые финансовые обязательства в рамках соглашения»,— заявили в Trump Organisation в ответ на решение австралийской стороны. 

▪ [Подписывайтесь на «Ъ» в Telegram ](https://t.me/+bPtk49gFbCBkYzdi)| [в MAX](https://max.ru/kommersant)",23851,43,,kommersant
107257,2026-05-13T11:26:04+00:00,"Госдума приняла закон **о праве привлекать Вооруженные силы для защиты россиян**, арестованных по решению иностранных судов без участия России.

▪ [Подписывайтесь на «Ъ» в Telegram ](https://t.me/+bPtk49gFbCBkYzdi)| [в MAX](https://max.ru/kommersant)",25037,138,,kommersant
107256,2026-05-13T10:58:01+00:00,"💵 **Курс доллара на межбанке опустился ниже 73 руб. впервые с 19 февраля 2023 года.** Показатель составил 72,975 руб. (-1,11%), свидетельствуют данные торгов.

Одновременно на 1,34% — до 85,45 руб. — снизился курс евро на межбанке. Последний раз показатель опускался ниже 86 руб. 5 июня 2023 года.

👉 __Актуальные курсы доллара, евро и юаня, а также котировки главных индексов и акций на Мосбирже — __[__на сайте «Ъ».__](https://www.kommersant.ru/indices?tg)

▪ [Подписывайтесь на «Ъ» в Telegram ](https://t.me/+bPtk49gFbCBkYzdi)| [в MAX](https://max.ru/kommersant)",25201,192,,kommersant
107255,2026-05-13T10:53:27+00:00,"❗️ Врио председателя правительства Дагестана Магомед Рамазанов назначен премьер-министром республики, сообщила пресс-служба главы региона.

▪ [Подписывайтесь на «Ъ» в Telegram ](https://t.me/+bPtk49gFbCBkYzdi)| [в MAX](https://max.ru/kommersant)",22105,7,,kommersant
107254,2026-05-13T10:52:14+00:00,"У России и США могло бы быть много взаимовыгодных проектов, полезных компаниям обеих стран, заявил Дмитрий Песков, отвечая на вопрос о возможности сотрудничества Москвы и Вашингтона по «Северным потокам».

«По мере того, как американская сторона будет готова не увязывать перспективы нормализации торгово-экономических отношений с украинским урегулированием или по мере того, как украинское урегулирование произойдет — и наступит украинское урегулирование, тогда, мы надеемся, путь к реализации целого ряда экономических проектов будет открыт»,— сказал представитель Кремля.

▪ [Подписывайтесь на «Ъ» в Telegram](https://t.me/+bPtk49gFbCBkYzdi) | [в MAX](https://max.ru/kommersant)",22794,17,,kommersant
107253,2026-05-13T10:43:01+00:00,"**МЭА ухудшило прогноз по мировому спросу на нефть в 2026 году из-за конфликта на Ближнем Востоке.**

Суточное снижение спроса ожидается на уровне 418 тыс. баррелей в сутки (б/c), [следует](https://www.kommersant.ru/doc/8654644?tg) из отчета МЭА.

Агентство на 334 тыс. б/с ухудшило прогноз по спросу по сравнению с апрельским (ожидалось снижение на 84 тыс. б/с вместо спрогнозированного еще ранее роста спроса). Прогноз снижен на 1,3 млн б/с в сравнении с оценкой, данной до начала ближневосточного конфликта.

▪ [Подписывайтесь на «Ъ» в Telegram](https://t.me/+bPtk49gFbCBkYzdi) | [в MAX](https://max.ru/kommersant)",21366,17,,kommersant
107252,2026-05-13T10:29:50+00:00,"Число сбитых на подлете к Москве БПЛА возросло до трех, следует из сообщений Сергея Собянина.

▪ [Подписывайтесь на «Ъ» в Telegram](https://t.me/+bPtk49gFbCBkYzdi) | [в MAX](https://max.ru/kommersant)",20523,13,,kommersant
107251,2026-05-13T10:14:58+00:00,"«То, что обсуждают эти двое, имеет последствия для всего мира»

**Предстоящая встреча глав США и КНР стала **[**одной из главных тем**](https://www.kommersant.ru/doc/8654531?tg)** в международной прессе.** Многие обозреватели отмечают, что результаты переговоров между Дональдом Трампом и Си Цзиньпином в ближайшее время окажут большое влияние на всю мировую политику.

💬 **The New York Times (Нью-Йорк, США):**

«Президент Трамп не хотел прибывать в Китай именно таким образом. Когда Трамп отложил свою долгожданную поездку в Пекин на шесть недель, он рассчитывал прибыть туда, вынудив иранцев капитулировать перед его требованиями. Вместо этого многие в Китае будут задаваться вопросом, как он оказался втянутым в войну, которую сам же и начал, против гораздо меньшей по силе державы. Иранский ядерный арсенал находится там, где и был. Ормузский пролив, через который Китай получает более 30% своей нефти, остается закрытым, и нет никаких очевидных планов по его повторному открытию.

Однако война создает сложности и для господина Си. Несмотря на все глобальные амбиции Китая, он не смог и не захотел прийти на помощь Ирану, своему политическому партнеру и ключевому поставщику, и не предложил собственного плана по возобновлению жизненно важных поставок нефти и газа в Китай».

💬 **«Синьхуа» (Пекин, КНР):**

«Перед двумя странами открывается возможность построить стратегические, конструктивные и стабильные отношения. Обзор двусторонних отношений, которые в целом сохраняли стабильность, несмотря на взлеты и падения, показывает, что дипломатия глав государств всегда служила «якорем» отношений, играя незаменимую стратегическую направляющую роль и обеспечивая важные стратегические гарантии для улучшения и развития двусторонних связей».

💬 **Le Monde (Париж, Франция):**

«Президент США начинает свою поездку в Китай в среду, находясь втянутым в войну с Ираном, партнером которого является Пекин. Нефтяной кризис, связанный с блокадой Ормузского пролива, представляет меньшую проблему для Китая, который принял меры предосторожности против такого рода рисков.

Дональд Трамп с нетерпением ожидает пышного китайского приема в свою честь. Он совершает эту поездку, пока его администрация ищет выход из иранского конфликта. Вашингтон представляет этот визит как возможность оказать давление на Китай, чтобы тот использовал свои отношения с Тегераном в своих интересах».

💬 **Der Spiegel (Гамбург, Германия):**

«Весь мир наблюдает за этим визитом: президент США Дональд Трамп сегодня приземлится в Пекине. Китай может оказать давление на Тегеран, чтобы тот вступил в мирные переговоры и открыл Ормузский пролив. Если Си Цзиньпин действительно согласится, он сможет вновь представить свою страну как оплот стабильности, а себя — как ответственного геополитика — противовес хаотичному президенту США.

Война с Ираном демонстрирует, насколько сильно изменился баланс сил между Трампом и Си Цзиньпином за последние годы. Президент США хотел сдержать Пекин, но в действительности он ускорил подъем Китая. Трамп развязал войну с Израилем, но без Си Цзиньпина он не сможет из нее выйти».

💬 **BBC (Лондон, Великобритания):**

«Когда лидер Китая Си Цзиньпин будет принимать своего американского коллегу в Пекине, Дональд Трамп вспомнит свой последний визит в 2017 году — тогда его всячески старались ублажать, устроив ужин в Запретном городе, а такой чести до него не удостаивался ни один президент США.

Но теперь многое изменилось. Трамп возвращается в более сильный и гораздо более уверенный в себе Китай. Амбициозный Си Цзиньпин продвигает планы по созданию ""новых производительных сил"" с крупными инвестициями в возобновляемую энергетику, робототехнику и искусственный интеллект. Если американский президент и его администрация хотят увидеть будущее, к которому Пекин стремился в последнее десятилетие, им стоит заглянуть за пределы внушительного центра столицы, где они проведут большую часть своего времени».

▪ [Подписывайтесь на «Ъ» в Telegram ](https://t.me/+bPtk49gFbCBkYzdi)| [в MAX](https://max.ru/kommersant)",21787,28,,kommersant
107250,2026-05-13T09:59:14+00:00,"**Ирак и Пакистан договорились с Ираном о транспортировке нефти и СПГ через Ормузский пролив.** Об этом [сообщает](https://www.kommersant.ru/doc/8654498?tg) Reuters.

Отмечается, что Багдад и Тегеран договорились о безопасном проходе двух крупных танкеров, которые способны перевезти около 2 млн баррелей иракской нефти. Они прошли через пролив 10 мая.

Пакистан договорился с Ираном о проходе через пролив двух танкеров с катарским СПГ. До войны Пакистан получал около десяти партий СПГ в месяц, однако с марта поставки прекратились из-за боевых действий.

По словам источников Reuters, ни Ирак, ни Пакистан не производили прямых платежей Ирану или Корпусу стражей исламской революции в связи с этими соглашениями.

▪ [Подписывайтесь на «Ъ» в Telegram ](https://t.me/+bPtk49gFbCBkYzdi)| [в MAX](https://max.ru/kommersant)",19469,14,,kommersant
107249,2026-05-13T09:55:08+00:00,"**Россия и Белоруссия: укрепление промышленной кооперации**

Россия и Белоруссия продолжают развивать совместные проекты в сфере машиностроения, технологий, производственной кооперации и локализации производств. Отраслевые площадки при этом становятся важным инструментом для укрепления деловых связей, защиты союзного рынка и повышения конкурентоспособности продукции.

В 2025 году Россия сохранила статус ключевого партнера Белоруссии: порядка 60% привлеченных иностранных инвестиций пришлось на российских инвесторов. Кроме того, по итогам прошлого года внешнеторговый оборот двух стран вырос на 5,6%.

Одной из площадок для прямого взаимодействия бизнеса и власти двух стран является международная промышленная выставка «ИННОПРОМ. Беларусь». В ходе февральского заседания Совета министров Союзного государства России и Белоруссии премьер-министр Республики Беларусь Александр Турчин подтвердил готовность Минска принять ежегодное мероприятие, которое пройдет осенью 2026 года.

По итогам 2025 года 520 компаний из России, Белоруссии, Узбекистана, Казахстана и Киргизии продемонстрировали свою продукцию на выставочной экспозиции, за три дня мероприятие посетили более 14 тыс. человек из 24 стран мира.

__#информационноесообщение__",18995,16,,kommersant
107248,2026-05-13T09:37:27+00:00,"**🛴 В подмосковной Лобне запретили прокат электросамокатов**, следует из постановления, размещенного на сайте администрации.

Согласно документу, с 8 мая в Лобне запрещена деятельность операторов, оказывающих услуги по предоставлению средств индивидуальной мобильности (СИМ).

Аналогичные меры уже действуют в подмосковных Люберцах, а также в Котельниках и Раменском.

▪ [Подписывайтесь на «Ъ» в Telegram ](https://t.me/+bPtk49gFbCBkYzdi)| [в MAX](https://max.ru/kommersant)",19386,125,,kommersant
107247,2026-05-13T09:24:15+00:00,"**Перечень стратегически значимых лекарств вновь пересмотрят**

Минпромторг [рассчитывает](https://www.kommersant.ru/doc/8654555?tg) добиться пересмотра обновленного перечня СЗЛС уже в мае 2026 года. Ведомство осталось недовольно текущей редакцией списка, утвержденной правительством в конце апреля.

Замглавы ведомства Екатерина Приезжева заявила, что позиции Минпромторга и Минздрава по этому вопросу кардинально разошлись.

«Вместо большого нового перечня мы имеем старый перечень, только урезанный — с 215 до 206 позиций», — отметила она, выступая на Российском фармацевтическом форуме им. Семашко.

▪ [Подписывайтесь на «Ъ» в Telegram ](https://t.me/+bPtk49gFbCBkYzdi)| [в MAX](https://max.ru/kommersant)",19788,36,,kommersant
107246,2026-05-13T09:13:33+00:00,"🗞🗞🗞🗞 **Российский экспорт кормовых компонентов начал восстанавливаться**: в этом году он[ может вырасти](https://www.kommersant.ru/doc/8654236?tg) на 4–5% после прошлогоднего падения на 15%. 

Это связано с постепенным замещением резко сократившегося европейского спроса поставками в Турцию и страны Азии.

Потенциал сегменту обеспечивают мировой рост животноводства, аквакультуры и переориентация на высокотехнологичное производство.

#Ъузнал",26315,29,,kommersant
107245,2026-05-13T08:59:08+00:00,"Продюсер Максим Фадеев прокомментировал задержание певицы Линды, заявив, что 30 лет пытался решить вопрос через представителей артистки.

«Мне жаль, что мы с Линдой оказались в этой точке. На протяжении 30 лет я пытался урегулировать этот вопрос мирно через ее представителей — Кувшинова, Черкасова (который сейчас в СИЗО), но результата это не дало. Речь идет не о запретах и не о публичной войне, а о защите моих авторских прав и той части смежных прав, которая мне принадлежит»,— написал он в своем Telegram-канале.

Как отметил продюсер, подобные вопросы, по его мнению, должны решаться «не через интервью у блогеров и не через публичную полемику», а в правовом поле, поэтому он выбрал «единственно возможный путь — законный».

🔵 Следственные действия начались в связи с конфликтом Линды с Максимом Фадеевым из-за прав на песни, которые он написал для певицы. В ноябре 2025 года продюсер сообщил, что из-за подделки подписей и махинаций с документами в 1990-х он потерял права на музыку Линды, и все это время не получал авторских отчислений.

▪ [Подписывайтесь на «Ъ» в Telegram ](https://t.me/+bPtk49gFbCBkYzdi)| [в MAX](https://max.ru/kommersant)",21616,62,,kommersant
107244,2026-05-13T08:47:17+00:00,"**Власти не рассматривают повышение налогов для граждан и заморозку банковских вкладов. **Об этом «РИА Новости» [заявил](https://www.kommersant.ru/doc/8654536?tg) министр финансов Антон Силуанов, комментируя появление в соцсетях сообщений о якобы планируемой заморозке денег на счетах физлиц.

«Это фейковые вбросы, такие предложения не рассматриваются, — сказал глава Минфина. — Основные изменения в налоговой системе приняты».

Господин Силуанов подчеркнул, что сейчас российская экономика нуждается в иных мерах, правительство готовит предложения, «чтобы сделать бюджет более сбалансированным». Он пояснил, что это — условие макроэкономической устойчивости, и заверил, что непростая задача будет выполнена.

Министр добавил, что последствия охлаждения экономики уже проявляются в виде снижения инфляции и ставок по кредитам.

▪ [Подписывайтесь на «Ъ» в Telegram ](https://t.me/+bPtk49gFbCBkYzdi)| [в MAX](https://max.ru/kommersant)",54197,263,,kommersant
107243,2026-05-13T08:30:09+00:00,"**Электричка сошла с рельсов в Белгородской области**, сообщил губернатор Вячеслав Гладков. Пострадал один человек.

«По предварительным данным, причиной инцидента стало отсутствие около двух метров железнодорожного полотна, которое **могло быть вызвано детонацией взрывного устройства**»,— написал он в своем Telegram-канале.

ЧП случилось в Яковлевском округе. Машинист был вынужден экстренно затормозить. Из-за этого половина вагона сошла с рельсов. В поезде было 15 человек.

**UPD. **Позднее Вячеслав Гладков отредактировал свой пост в Telegram, написав, что отсутствие железнодорожного полотна «могло быть вызвано повреждениями».

▪ [Подписывайтесь на «Ъ» в Telegram ](https://t.me/+bPtk49gFbCBkYzdi)| [в MAX](https://max.ru/kommersant)",20993,47,,kommersant
107242,2026-05-13T08:20:48+00:00,"**Замгубернатора Белгородской области Рустэма Зайнуллина уволили из-за утраты доверия**, [сообщили](https://www.kommersant.ru/doc/8654532?tg) «Интерфаксу» в правительстве региона.

Как уточнил собеседник агентства, господина Зайнуллина уволили еще 21 апреля. Он работал в правительстве Белгородской области с 2021 года: сначала советником, потом заместителем губернатора.

В июне 2025 года Рустэма Зайнуллина арестовали по делу о мошенничестве, совершенном организованной группой либо в особо крупном размере. По данным Генпрокуратуры, он получал коррупционные доходы при выполнении госконтрактов на строительство фортификационных сооружений. Ущерб достигал 32 млн руб. В апреле текущего года статью о мошенничестве из обвинения исключили. Ему вменили особо крупную растрату и получение взятки в особо крупном размере.

📷 __Единая Россия__

▪ [Подписывайтесь на «Ъ» в Telegram ](https://t.me/+bPtk49gFbCBkYzdi)| [в MAX](https://max.ru/kommersant)",83644,186,,kommersant
107241,2026-05-13T08:12:52+00:00,"Число пострадавших при взрыве и последующем пожаре на линейной производственно-диспетчерской станции в селе Нурлино в Башкирии возросло до трех.

Состояние двух из них оценивается как крайне тяжелое, еще одного — средней степени тяжести. Об этом сообщил глава башкирского Минздрава Айрат Рахматуллин.

@kommersant",18954,14,,kommersant
107240,2026-05-13T08:08:28+00:00,"**США хотят восстановить «Северные потоки» и выкупить их у европейцев**, [утверждает](https://www.kommersant.ru/doc/8654500?tg) глава МИД РФ Сергей Лавров.

«Посмотрите, как сейчас американцы планируют восстановить ""Северные потоки"" — два взорванных газопровода. Выкупить они хотят раз в десять дешевле, чем европейцы вложили»,— сказал министр в интервью RT India.

По его словам, это позволит Вашингтону диктовать собственные цены на газ.

▪ [Подписывайтесь на «Ъ» в Telegram ](https://t.me/+bPtk49gFbCBkYzdi)| [в MAX](https://max.ru/kommersant)",58327,233,,kommersant
107239,2026-05-13T07:49:34+00:00,"Парламент Дагестана одобрил кандидатуру врио премьера региона Магомеда Рамазанова на пост председателя правительства республики, сообщает ТАСС.

▪ [Подписывайтесь на «Ъ» в Telegram ](https://t.me/+bPtk49gFbCBkYzdi)| [в MAX](https://max.ru/kommersant)",19120,2,,kommersant
107238,2026-05-13T07:36:12+00:00,"**20 человек пострадали в массовой драке работников на птицефабрике в Ленинградской области**, сообщили в пресс-службе регионального ГУ МВД России.

Всего в конфликте участвовали более 60 человек, 12 из них — «граждане одного из среднеазиатских государств в возрасте от 21 до 39 лет» — задержаны.

По предварительным данным, причиной драки стал «словесный конфликт между выходцами из Средней и Южной Азии». Решается вопрос о возбуждении уголовного дела.

▪ [Подписывайтесь на «Ъ» в Telegram ](https://t.me/+bPtk49gFbCBkYzdi)| [в MAX](https://max.ru/kommersant)",20700,137,,kommersant
107236,2026-05-13T07:23:01+00:00,"**🗞****🗞****🗞****🗞**** Количество открытий новых магазинов в торговых центрах Москвы сократилось вдвое**: в январе—марте [было открыто](https://www.kommersant.ru/doc/8654124?tg) всего 80 магазинов.

Ритейлеры все реже открывают новые точки, но чаще закрывают старые. По словам экспертов, запуски новых объектов откладываются до прояснения макротрендов и восстановления покупательского трафика.

Наиболее серьезно кризис ударил по обувным ритейлерам, продавцам аксессуаров и части игроков сегмента товаров для дома.

#Ъузнал",23006,71,,kommersant
107235,2026-05-13T07:15:57+00:00,"**В селе Нурлино в Башкирии произошли взрыв и последующий пожар на линейной производственно-диспетчерской станции**. Два человека получили ожоги, сообщило региональное ГУ МЧС.

ЧП случилось в Уфимском районе. Инцидент произошел на резервуаре, он выведен из эксплуатации. По данным МЧС, причиной стали «нарушения технологического процесса».

@kommersant",19814,30,,kommersant
107234,2026-05-13T06:49:45+00:00,"**Россия и Украина потеряли интерес к мирным переговорам**, [сообщила](https://www.kommersant.ru/doc/8654409?tg) Financial Times со ссылкой на источники с обеих сторон.

По словам источников издания, ни одна из сторон конфликта «не видит большой ценности в продолжении переговоров», несмотря на заявления Дональда Трампа о том, что Киев и Москва близки к урегулированию.

Как пояснили украинские чиновники, в Киеве расстроены тем, что президент США не оказал давления на Владимира Путина для смягчения его требований по урегулированию.

FT пишет, что Владимир Путин «сосредоточился на силовом захвате еще большей украинской территории» и намерен и далее выдвигать все новые требования, даже если ему удастся взять под контроль всю территорию Донбасса.

Украина также стала менее уязвима для давления США в вопросах «неблагоприятной, быстрой» сделки, указали FT чиновники в Киеве.

▪ [Подписывайтесь на «Ъ» в Telegram ](https://t.me/+bPtk49gFbCBkYzdi)| [в MAX](https://max.ru/kommersant)",26809,163,,kommersant
107233,2026-05-13T06:34:38+00:00,"**Пожар произошел на Астраханском ГПЗ после падения обломков БПЛА,** сообщил губернатор Игорь Бабушкин.

«Угрозы загрязнения атмосферного воздуха на территории Астрахани не наблюдается. Жертв и пострадавших среди сотрудников завода нет»,— отметил глава региона.

▪ [Подписывайтесь на «Ъ» в Telegram](https://t.me/+bPtk49gFbCBkYzdi) | [в MAX](https://max.ru/kommersant)",21432,67,,kommersant
107232,2026-05-13T06:14:07+00:00,"🎬 **Посещаемость кинотеатров на майских праздниках снизилась на 35% год к году** — с 3,7 млн человек до 2,5 млн, [узнал «Ъ».](https://www.kommersant.ru/doc/8654170?tg)

Совокупные сборы фильмов в кинопрокате с 30 апреля по 11 мая составили **1 млрд руб. против 1,5 млрд руб. годом ранее**. Средняя цена на билет в этом году колебалась от 486,8 до 491,8 руб.

Основную кассу принес проект «Коммерсант» с Александром Петровым, и в целом прокат состоял преимущественно из отечественных картин, хотя военные драмы на этот раз особого ажиотажа у зрителей не вызвали.

📡 [Сети меняются. Мы следим. Подписывайтесь.](https://t.me/+SkQgmXpzMqFjZjli)",21632,81,,kommersant
107231,2026-05-13T05:52:52+00:00,"**Экс-замглавы Минприроды Денис Буцаев стал фигурантом уголовного дела о мошенничестве в особо крупном размере**, сообщает ТАСС со ссылкой на источник в правоохранительных органах.

По данным агентства, бывший замминистра проходит по делу как обвиняемый.

▪ [Подписывайтесь на «Ъ» в Telegram](https://t.me/+bPtk49gFbCBkYzdi) | [в MAX](https://max.ru/kommersant)",23218,74,,kommersant
107230,2026-05-13T05:42:17+00:00,"📰 **Эксклюзивные материалы свежего номера газеты «Коммерсантъ»:**

🔵 Посещаемость кинотеатров на майских праздниках [снизилась](https://www.kommersant.ru/doc/8654170?tg) на 35%.

🔵 Количество открытий новых магазинов в торговых центрах Москвы [сократилось](https://www.kommersant.ru/doc/8654124?tg) вдвое.

🔵 Общественники просят правительство [ввести маркировку](https://www.kommersant.ru/doc/8654231?tg) вредных продуктов.

🔵 Ограничения для иностранных контейнерных перевозчиков [могут быть смягчены.](https://www.kommersant.ru/doc/8654213?tg)

🔵 Экс-глава трех спортивных федераций Алексей Власенко условно-досрочно [отпущен](https://www.kommersant.ru/doc/8654202?tg) из «Бутырки».

🔵 «Ъ» [изучил](https://www.kommersant.ru/doc/8653655?tg), как развиваются региональные системы сбора жалоб на пьяных водителей.

🔵 Спрос на российский энергетический уголь [вырос](https://www.kommersant.ru/doc/8653841?tg) в Европе, но упал в Индии.

__👉____ Читайте другие эксклюзивные заметки __[__на сайте «Ъ».__](https://www.kommersant.ru/daily/166368?tg)

#Ъузнал",82418,125,,kommersant
107229,2026-05-13T05:11:14+00:00,"Силы ПВО сбили беспилотник, летевший на Москву, сообщил мэр Сергей Собянин.

**UPD.** Сергей Собянин сообщил об уничтожении еще одного БПЛА на подлете к столице.

▪ [Подписывайтесь на «Ъ» в Telegram](https://t.me/+bPtk49gFbCBkYzdi) | [в MAX](https://max.ru/kommersant)",20236,17,,kommersant
107228,2026-05-13T05:10:22+00:00,"Короткое замыкание могло стать причиной пожара в здании на Вернисажной улице на востоке Москвы, сообщает ТАСС со ссылкой на оперативные службы.

По данным агентства, в здании были выявлены нарушения пожарной безопасности. Его собственник должен был устранить нарушения до сентября.

▪ [Подписывайтесь на «Ъ» в Telegram](https://t.me/+bPtk49gFbCBkYzdi) | [в MAX](https://max.ru/kommersant)",20507,14,,kommersant
107227,2026-05-13T04:42:48+00:00,"**🗞****🗞****🗞****🗞**** **Общественники просят правительство по аналогии с табачными изделиями **ввести маркировку с предупреждениями о вреде ультрапереработанных продуктов**, включая чипсы, колбасы и сосиски.

Об этом говорится в обращении движения «Здоровое Отечество» к премьер-министру Михаилу Мишустину, [которое есть в распоряжении «Ъ». ](https://www.kommersant.ru/doc/8654231?tg)

По мнению общественников, маркировка поможет снизить потребление таких продуктов. Они также выступают за утверждение обязательных ГОСТов.

В российском законодательстве отсутствует термин «ультрапереработанный продукт», что делает его маркировку невозможной. Введение же обязательных ГОСТов может привести к снижению разнообразия и конкурентоспособности в пищевой отрасли, считают эксперты.

#Ъузнал",21647,119,,kommersant
107226,2026-05-13T04:24:44+00:00,"**⛅️**** Главные новости к утру**

🔸 Иран [выдвинул](https://www.kommersant.ru/doc/8654258?tg) США пять условий для продолжения переговоров.

🔸 Рядом с измайловским Кремлем [произошел](https://www.kommersant.ru/doc/8654291?tg) пожар, который распространился на 3 тыс. кв. м. Из огня были спасены пять человек. Пожар тушили 140 пожарных, 40 единиц техники, включая пожарный поезд. Огонь [потушили](https://www.kommersant.ru/doc/8654309?tg) к утру.

🔸 Минобороны Кувейта [обвинило](https://www.kommersant.ru/doc/8654303?tg) иранский КСИР в попытке вторжения на остров Бубиян. Власти исламской республики назвали утверждения абсолютно беспочвенными.

🔸 Прокуратура Франции [попросила](https://www.kommersant.ru/doc/8654292?tg) возобновить дело Люка Бессона по обвинению в изнасиловании.

🔸 [Умер](https://www.kommersant.ru/doc/8654273?tg) телеведущий Владимир Молчанов.

🔸 За ночь над Россией [сбили](https://www.kommersant.ru/doc/8654327?tg) 286 беспилотников, сообщили в Минобороны.

#главноекутру",21516,20,,kommersant
107225,2026-05-13T04:04:33+00:00,"**🗞****🗞****🗞****🗞**** Ограничения для иностранных контейнерных перевозчиков могут быть смягчены**, [стало известно «Ъ».](https://www.kommersant.ru/doc/8654213?tg)

Обсуждение ограничения доступа к работе на рынке РФ иностранных морских контейнерных линий не увенчалось консенсусом участников. На заседании рабочей группы 28 апреля были констатированы потеря динамики в разработке ограничительных мер, неисполнение предыдущих решений группы и отсутствие единой позиции участников.

Сейчас обсуждается вариант, когда** запрет будет распространяться только на деятельность десяти компаний, которые ушли из РФ в 2022 году. **Впрочем, и они смогут вернуться, пусть и только через СП под контролем российского акционера с соблюдением ряда других жестких условий.

Также вновь обсуждается повышение портового сбора для судоходных компаний под флагами недружественных стран.

#Ъузнал",22363,34,,kommersant
107224,2026-05-12T23:34:42+00:00,"Пожар на востоке Москвы локализован, сообщает пресс-служба столичного МЧС.

Возгорание произошло на ул. Вернисажная, 6, в металлокаркасном строении. В этом здании, согласно «Яндекс Картам», располагаются автосервисы и спортивная школа. Рядом находится музей «Бункер Сталина», стадион «Измайлово» и парк «Кремль в Измайлово».

@kommersant",23322,47,,kommersant
107223,2026-05-12T22:49:10+00:00,"Площадь пожара на Вернисажной улице, возле Измайловского кремля, увеличилась до 3 тыс. кв. м. Тушение осложняет сложная планировка и конструктивные особенности здания, сообщают в столичном МЧС. 

Со слов администрации людей внутри здания нет.

@kommersant",23868,25,,kommersant
107222,2026-05-12T22:28:04+00:00,"На Вернисажной улице на востоке Москвы произошло возгорание в металлокаркасном строении, сообщает пресс-служба столичного МЧС.

Площадь пожара достигла 1 тыс. кв. м. К тушению привлечено более 100 человек и 30 единиц техники. Пожару присвоен третий ранг сложности.

@kommersant",23980,40,,kommersant
107221,2026-05-12T22:17:28+00:00,"Ушедший в отставку в апреле замглавы Минприроды Денис Буцаев объявлен в розыск** **по статье УК. Его карточка появилась [в базе данных МВД.](https://www.kommersant.ru/doc/8654287?tg)

По какой именно статье разыскивается экс-замминистра, не уточняется.

Господин Буцаев находился в должности заместителя министра год — с марта 2025-го до апреля 2026-го. Он ушел в отставку по собственному желанию, сообщали в его ведомстве. 

До этого Денис Буцаев был руководителем публично-правовой компании «Российский экологический оператор» (РЭО). В апреле стало известно о возбуждении уголовных дел в отношении руководства РЭО.**

**▪ [Подписывайтесь на «Ъ» в Telegram](https://t.me/+bPtk49gFbCBkYzdi) | [в MAX](https://max.ru/kommersant)",24076,105,,kommersant
107220,2026-05-12T21:40:35+00:00,"Российский журналист и радиоведущий Владимир Молчанов умер в возрасте 75 лет. Об этом сообщил фотограф Юрий Рост.

Владимир Молчанов был автором и ведущим программы «До и после полуночи» в конце 1980-х — начале 1990-х годов на советском телевидении, а также был членом Академии российского телевидения с 1994 года.

📷: __Wikimedia__

@kommersant",27486,109,,kommersant
107219,2026-05-12T19:47:55+00:00,"**Иран отказался вести переговоры с США без выполнения пяти условий, **[сообщает](https://www.kommersant.ru/doc/8654258?tg) агентство Fars.

**Тегеран требует:**
🔹 Снятия санкций;
🔹 Окончания боевых действий на всех фронтах, в том числе в Ливане;
🔹 Разморозки иранских средств;
🔹 Компенсации ущерба от ударов США и Израиля;
🔹 Признания права Ирана на суверенитет над Ормузским проливом.

Выполнение требований необходимо для создания «минимального уровня доверия» между сторонами, утверждает источник агентства.

▪ [Подписывайтесь на «Ъ» в Telegram ](https://t.me/+bPtk49gFbCBkYzdi)| [в MAX](https://max.ru/kommersant)",25564,78,,kommersant
107218,2026-05-12T19:33:34+00:00,"**Австрия **[**обвинила**](https://www.kommersant.ru/doc/8654251?tg)** разведку США в нарушении своего воздушного пространства.**

Представитель австрийского Минобороны Михаэль Бауэр сообщил, что 11 мая в небе пролетали два американских разведывательных самолета PC-12. Минобороны страны подняло в воздух самолеты быстрого реагирования.

▪ [Подписывайтесь на «Ъ» в Telegram ](https://t.me/+bPtk49gFbCBkYzdi)| [в MAX](https://max.ru/kommersant)",24740,23,,kommersant
107217,2026-05-12T19:14:39+00:00,"**Карликовый рисовый хомяк является переносчиком хантавируса «Андес»**, сообщили в Роспотребнадзоре.

Там подчеркнули, что российский климат для него неприемлем, что существенно снижает риск появления вируса на территории страны. Такие хомяки обитают в основном в Аргентине и Чили.

«В целях недопущения завоза хантавируса “Андес” на территорию России Роспотребнадзором совместно с пограничной службой Российской Федерации приняты меры, направленные на усиление пропускного контроля на границе. Также для оценки и минимизации рисков используется система ""Периметр""», — говорится в сообщении ведомства.

📷 __Wikipedia__

▪ [Подписывайтесь на «Ъ» в Telegram ](https://t.me/+bPtk49gFbCBkYzdi)| [в MAX](https://max.ru/kommersant)",25722,243,,kommersant
107216,2026-05-12T19:09:22+00:00,"**ВОЗ предупреждает о возможном росте числа зараженных хантавирусом из-за длительного инкубационного периода.**

По словам [опрошенных ](https://www.kommersant.ru/doc/8654199?tg)«Ъ» инфекционистов, заболевание начинается как грипп: резко повышается температура, появляются боли в мышцах и головные боли. Специфические симптомы (нарушение работы почек и расстройства дыхания) появляются через несколько дней и сопровождаются серьезным ухудшением состояния.

Завоз единичных случаев в Россию возможен, однако вероятность крупной вспышки крайне низка. Для передачи необходим контакт с выделениями грызунов, а не с больным человеком, поясняют специалисты.

▪ [Подписывайтесь на «Ъ» в Telegram ](https://t.me/+bPtk49gFbCBkYzdi)| [в MAX](https://max.ru/kommersant)",22376,84,,kommersant
107215,2026-05-12T19:02:06+00:00,"🌒 **Главные новости к вечеру **

▪️ Россия [провела](https://www.kommersant.ru/doc/8654041?tg) успешный пуск новейшей ракеты «Сармат», Владимир Путин подчеркнул, что это самый мощный ракетный комплекс в мире. 

▪️ Александр Лукашенко [заявил](https://www.kommersant.ru/doc/8653948?tg) о продолжающейся подготовке белорусской армии к войне.

▪️ Минэкономразвития [снизило](https://www.kommersant.ru/doc/8654110?tg) прогноз роста ВВП России на ближайшие три года.

▪️ США [проведут](https://www.kommersant.ru/doc/8654132?tg) проверку биолабораторий за рубежом, в том числе на Украине.

▪️ Дональд Трамп [заявил](https://www.kommersant.ru/doc/8654242?tg), что боевые действия на Украине близятся к завершению.

▪️ Суд [приговорил](https://www.kommersant.ru/doc/8653949?tg) к пяти годам колонии одного из экс-руководителей ЛДПР Сергея Абельцева.

#главноеквечеру",82738,123,,kommersant
107214,2026-05-12T18:59:33+00:00,"**Власти Финляндии **[**готовятся**](https://www.kommersant.ru/doc/8654212?tg)** дополнительно ограничить поставки в Россию медизделий и лекарств**.

Мера может затронуть популярный противоспалительный препарат «Метиперд». Сейчас выпускаемое финской Orion Pharma средство формирует более 60% продаж лекарств на основе метилпреднизолона.

Метилпреднизолон используется для лечения воспалений, аутоимунных и аллергических заболеваний. Он показан, например, при шоковых состояниях, отеке мозга, тяжелой форме бронхиальной астмы.

▪ [Подписывайтесь на «Ъ» в Telegram ](https://t.me/+bPtk49gFbCBkYzdi)| [в MAX](https://max.ru/kommersant)",21946,110,,kommersant
107213,2026-05-12T18:47:33+00:00,"**Дональд Трамп заявил о скором завершении российско-украинского конфликта.**

«Я думаю, что завершение войны на Украине уже очень близко», — сказал он журналистам перед вылетом в Китай.

▪ [Подписывайтесь на «Ъ» в Telegram ](https://t.me/+bPtk49gFbCBkYzdi)| [в MAX](https://max.ru/kommersant)",21357,101,,kommersant
107212,2026-05-12T18:37:09+00:00,"Сегодня Владимир Путин встретился с Татьяной Москальковой, которая работает уполномоченным по правам человека в России.

«Татьяна Москалькова уходит с должности, и для нее это мероприятие было, может, главным в этих стенах за все 10 лет. Встречали-то по одежке — а пришла она в генеральской форме. Провожали теперь отчетом за 10 лет беспорочной службы»

👉 **Специальный корреспондент «Ъ» Андрей Колесников **[**знает**](https://www.kommersant.ru/doc/8654228?tg)**, что она уходит. Но не может поверить.**

__📷____ Пресс-служба президента РФ__

▪ [Подписывайтесь на «Ъ» в Telegram ](https://t.me/+bPtk49gFbCBkYzdi)| [в MAX](https://max.ru/kommersant)",22622,43,,kommersant
107211,2026-05-12T18:26:17+00:00,"**Правительство **[**снизило**](https://www.kommersant.ru/doc/8654201?tg)** экологические требования к мусорным полигонам, прекратившим прием отходов.**

Такие свалки больше не будут приравниваться к действующим опасным объектам — теперь они отнесены ко второй категории негативного воздействия на экологию вместо прежней наиболее «грязной» первой.

Собственникам таких объектов теперь не нужно будет получать комплексные экологические разрешения на них. Перевести же эти полигоны в условно безопасную третью категорию можно будет только после завершения рекультивации.

▪ [Подписывайтесь на «Ъ» в Telegram ](https://t.me/+bPtk49gFbCBkYzdi)| [в MAX](https://max.ru/kommersant)",21044,79,,kommersant
107210,2026-05-12T18:22:31+00:00,"**Рост ВВП России восстановился в марте 2026 года**, однако о возвращении к прежней траектории говорить рано, [заявил](https://www.kommersant.ru/doc/8654219?tg) глава Минэкономразвития Максим Решетников на встрече с Владимиром Путиным.

В целом экономическая ситуация в стране стабилизируется, добавил он.

▪ [Подписывайтесь на «Ъ» в Telegram ](https://t.me/+bPtk49gFbCBkYzdi)| [в MAX](https://max.ru/kommersant)",20218,27,,kommersant
107209,2026-05-12T18:01:03+00:00,"🗞🗞🗞🗞 **Экс-глава трех спортивных федераций Алексей Власенко условно-досрочно отпущен из «Бутырки», **[стало известно](https://www.kommersant.ru/doc/8654202?tg) «Ъ».

Фигурант отсидел больше половины срока, погасил штраф, трудился в хозотряде СИЗО и получал поощрения. Кроме того, руководство одного АО готово взять его на должность заместителя коммерческого директора с окладом 200 тыс. руб.

Алексей Власенко был осужден на семилетний срок по делу о хищении 450 млн руб. бюджетных средств, выделенных на реализацию госпрограммы «Фарма-2020». Кто именно похитил деньги, до сих пор не установлено, в связи с чем апелляционная инстанция Мосгорсуда отменила приговор в части возмещения ущерба.

#Ъузнал",22103,80,,kommersant
107208,2026-05-12T17:24:06+00:00,"**Губернатор Самарской области Вячеслав Федорищев **[**заявил**](https://www.kommersant.ru/doc/8654192?tg)** о планах сократить каждого шестого чиновника**: к концу года число госслужащих будет снижено с 4,8 тыс. до 4 тыс. человек.

В ближайшие два месяца количество сотрудников администрации губернатора сократится с 257 до 200 человек, министерства финансов — с 312 до 280, а министерства экономического развития и инвестиций — со 167 до 115.

При этом набор участников СВО в госструктуры Самарской области продолжится, рассказал источник «Ъ» в правительстве региона.

▪ [Подписывайтесь на «Ъ» в Telegram ](https://t.me/+bPtk49gFbCBkYzdi)| [в MAX](https://max.ru/kommersant)",21909,105,,kommersant
107207,2026-05-12T16:52:17+00:00,"22 мая в театре «Мастерская Петра Фоменко» пройдет спектакль «Аркадия» по пьесе Тома Стоппарда.

Действие разворачивается одновременно в двух временных пластах — в начале XIX века и в наши дни; в одном и том же пространстве — в комнате дома в графстве Дербишир. Изыскания современных ученых, их отношения переплетаются с жизнями тех, кто обитал в этом же доме почти двести лет назад.

Наши коллеги из «Коммерсантъ Конференций» разыгрывают одну пару билетов.

👉 Подробнее об условиях розыгрыша — [читайте по ссылке](https://t.me/kommersantevents/2667). 

Победителей объявят уже 19 мая.

__📷____: пресс-служба театра «Мастерская Петра Фоменко»__

▪ [Подписывайтесь на «Ъ» в Telegram ](https://t.me/+bPtk49gFbCBkYzdi)| [в MAX](https://max.ru/kommersant)",21504,31,,kommersant
107206,2026-05-12T16:40:13+00:00,"Бывшего регионального директора криптобиржи Binance в СНГ **Владимира Смеркиса приговорили к пяти годам колонии за мошенничество, **сообщила пресс-служба прокуратуры Москвы.

В 2024 году к нему обратился криптоблогер с просьбой организовать рекламную кампанию. Владимир Смеркис пообещал, что привлечет 2 млн новых пользователей, за что попросил более 8,8 млн руб.

Блогер заплатил, однако рекламная кампания не состоялась. Сам Владимир Смеркис утверждал, что вернул деньги «в сверхобъеме».

▪ [Подписывайтесь на «Ъ» в Telegram ](https://t.me/+bPtk49gFbCBkYzdi)| [в MAX](https://max.ru/kommersant)",20837,46,,kommersant
107205,2026-05-12T16:31:13+00:00,"**Банк России поддержал увеличение лимита одного перевода по СБП для бизнеса до 30 млн руб., **[сообщили](https://www.kommersant.ru/doc/8654133?tg) «Ъ FM» в пресс-службе регулятора.

Техническая реализация такой возможности запланирована на 2027 год.

В настоящее время ограничение составляет 1 млн руб. Помимо расчетов с другими компаниями, это может коснуться и платежей в бюджет.

▪ [Подписывайтесь на «Ъ» в Telegram ](https://t.me/+bPtk49gFbCBkYzdi)| [в MAX](https://max.ru/kommersant)",20832,39,,kommersant
107204,2026-05-12T16:23:58+00:00,"↖️ **Минэкономразвития **[**спрогнозировало**](https://www.kommersant.ru/doc/8654151?tg)** рост зарплаты россиян на 2,2% в 2026 году. **Реальные располагаемые доходы граждан по итогам года должны вырасти на 0,8%.

Прогноз связан с ожидаемым ростом российской экономики в этом году на уровне 0,4%.

▪ [Подписывайтесь на «Ъ» в Telegram ](https://t.me/+bPtk49gFbCBkYzdi)| [в MAX](https://max.ru/kommersant)",21216,55,,kommersant
107203,2026-05-12T16:11:04+00:00,"**США проведут проверку более 120 зарубежных биолабораторий** (40 из них — на Украине), **существующих на американские деньги**, [заявила](https://www.kommersant.ru/doc/8654132?tg) директор разведслужбы Тулси Габбард.

Она не исключила, что эти лаборатории могли заниматься исследованиями, представляющими угрозу для всего мира.

Деятельность биолабораторий активно поддерживалась предыдущей американской администрацией, нынешний президент США намерен положить ей конец, подчеркнула директор разведслужбы.

▪ [Подписывайтесь на «Ъ» в Telegram ](https://t.me/+bPtk49gFbCBkYzdi)| [в MAX](https://max.ru/kommersant)",21640,148,,kommersant
107202,2026-05-12T16:01:44+00:00,"💜 **Пользователи начнут получать коды подтверждения от операторов в мессенджере «Макс»**, сообщила его пресс-служба.

Мессенджер заключил стратегические соглашения с операторами «большой четверки» — МТС, «Билайном», «Мегафоном» и Т2. Сотрудничество предполагает использование платформы для отправки авторизационных, сервисных и транзакционных сообщений, а также развитие совместных услуг и продуктов.

Коды подтверждения для входа в сервисы и уведомления от компаний будут автоматически распределяться по двум защищенным папкам: «Коды подтверждения» и «Полезные уведомления». Особо важные сообщения станут приходить только на доверенное устройство, которое укажет пользователь.

📡 [Сети меняются. Мы следим. Подписывайтесь.](https://t.me/+SkQgmXpzMqFjZjli)",21182,88,,kommersant
107201,2026-05-12T15:25:13+00:00,"**Гендиректора «Тверьавтотранса» Федора Петрушина** **арестовали по делу о получении взяток**, сообщила пресс-служба столичных судов.

Под стражу взяли еще двух обвиняемых: директора ПАТП-1 Сергея Булычева и экс-главу ГКУ «Организатор перевозок Тверской области» Сергея Атанова. Дело связано с получением взяток в сфере перевозок.

▪ [Подписывайтесь на «Ъ» в Telegram ](https://t.me/+bPtk49gFbCBkYzdi)| [в MAX](https://max.ru/kommersant)",21640,45,,kommersant
107200,2026-05-12T15:20:03+00:00,"🗞🗞🗞🗞 **Спрос на логопарки со стороны маркетплейсов в Москве и Подмосковье за январь—март **[**сократился**](https://www.kommersant.ru/doc/8654018?tg)** вдвое год к году**. 

Маркетплейсы, которые ранее арендовали избыточный объем складских площадей, сейчас оптимизируют пространства и занимают новые логопарки точечно. 

#Ъузнал",21428,35,,kommersant
107199,2026-05-12T14:52:21+00:00,"**Минэкономики обновило среднесрочный макроэкономический прогноз** **на 2027–2029 годы: **ожидания правительства по части роста российской экономики [заметно снизились](https://www.kommersant.ru/doc/8654026?tg).

Темпы увеличения ВВП в этом году составят лишь 0,4% вместо ранее называвшихся 1,3%. Далее экономика должна начать расти быстрее, но не такими темпами, как предполагалось ранее. В 2027 году теперь ожидается рост на 1,4% вместо 2,8%.

Предполагается быстрый рост регулируемых тарифов: это, в частности, индексация тарифов ЖКХ с октября 2026 года на 9,9%, с июля 2027 года — на 8,7%, в 2028 году — на 7,1%, в 2029-м — на 6,1%. Тарифы на газ для населения должны вырасти на 9,6%, 9,1%, 7% и 7%, на электричество — на 11,3%, 8,6%, 9,1% и 5% соответственно.

Макропрогноз — это ориентир для других ведомств. Под него сводятся параметры доходов и расходов бюджета, тарифов, уточняются задачи отраслевых программ и экономическая политика властей в целом.

▪ [Подписывайтесь на «Ъ» в Telegram ](https://t.me/+bPtk49gFbCBkYzdi)| [в MAX](https://max.ru/kommersant)",24200,152,,kommersant
107198,2026-05-12T14:30:29+00:00,"🗞🗞🗞🗞 Производитель одних из самых популярных в России слабоалкогольных коктейлей Hooper’s Hooch [лишил](https://www.kommersant.ru/doc/8653817?tg) конкурента возможности пользоваться схожим дизайном банок.

Речь идет о дизайне жестяных банок для коктейлей Pick Up, который оказался слишком похож на банки Hooper’s Hooch, что, по мнению «Мегапак», позволяло конкуренту пользоваться преимуществами известной марки.

Роспатент сходства между внешним видом тары Hooper’s Hooch и Pick Up не увидел, но Суд по интеллектуальным правам признал сходное общее впечатление упаковки для потребителей.

#Ъузнал",21084,34,,kommersant
107197,2026-05-12T14:21:05+00:00,"**Пять лет колонии получил один из самых ярких в недавнем прошлом представителей ЛДПР Сергей Абельцев.**

Бывший помощник Владимира Жириновского был признан виновным в обмане ранее судимого гражданина, которому за набор техники Apple и 10 млн руб. обещал очистить биографию от темного пятна и сделать помощником депутата.

**__👉__****__ Подробности — __**[**__в материале __**](https://www.kommersant.ru/doc/8653949?tg)**__«Ъ».__**

▪ [Подписывайтесь на «Ъ» в Telegram ](https://t.me/+bPtk49gFbCBkYzdi)| [в MAX](https://max.ru/kommersant)",22353,77,,kommersant
107196,2026-05-12T14:01:51+00:00,"**Комплекс «Орешник» может быть оснащен ядерными боеголовками, **напомнил Владимир Путин. 

Президент подчеркнул, что работы над комплексами «Посейдон» и «Буревестник» находятся на завершающей стадии, также продолжаются работы по совершенствованию ракеты «Кинжал». 

▪ [Подписывайтесь на «Ъ» в Telegram ](https://t.me/+bPtk49gFbCBkYzdi)| [в MAX](https://max.ru/kommersant)",21789,64,,kommersant
107195,2026-05-12T13:34:05+00:00,"❗️ **Россия провела успешный пуск новейшей ракеты «Сармат», **доложил командующий РВСН Владимиру Путину. Дальность ее применения может быть более 35 тыс. км.

По словам президента, комплекс будет поставлен на боевое дежурство в конце 2026 года.

«Сармат» является самым мощным ракетным комплексом в мире, его суммарная мощность более чем в четыре раза превышает мощность любого западного аналога, подчеркнул Владимир Путин.

▪ [Подписывайтесь на «Ъ» в Telegram ](https://t.me/+bPtk49gFbCBkYzdi)| [в MAX](https://max.ru/kommersant)",52800,262,,kommersant
107194,2026-05-12T13:31:48+00:00,"📺 **Техас обвинил Netflix в слежке за пользователями и провоцировании зависимости.**

Генпрокурор штата Кен Пакстон подал иск, в котором утверждается, что стриминг «шпионит» за пользователями, собирая данные о кликах и времени просмотра, а также использует «аддиктивные» механики (например, автопереключение на следующий эпизод). В компании же такие обвинения отрицают.

Технологические компании регулярно критикуют за слежку и вызывающий зависимость дизайн, аналогичные иски о «сознательном создании вызывающих привыкание механизмов» уже подавались против некоторых сервисов.

📡 [Сети меняются. Мы следим. Подписывайтесь.](https://t.me/+SkQgmXpzMqFjZjli)",22968,27,,kommersant
107193,2026-05-12T13:30:16+00:00,"**Александр Лукашенко **[**заявил**](https://www.kommersant.ru/doc/8653948?tg)** о продолжающейся подготовке белорусской армии к войне**.

«Дай бог, чтобы ее удалось избежать», — сказал господин Лукашенко.

По его словам, для поддержания боеготовности будет проводиться точечная мобилизация отдельных частей.

▪ [Подписывайтесь на «Ъ» в Telegram ](https://t.me/+bPtk49gFbCBkYzdi)| [в MAX](https://max.ru/kommersant)",55549,424,,kommersant
107192,2026-05-12T13:18:46+00:00,"Певицу Линду [задержали](https://www.kommersant.ru/doc/8654007?tg) в Москве для допроса по делу о мошенничестве.

▪ [Подписывайтесь на «Ъ» в Telegram ](https://t.me/+bPtk49gFbCBkYzdi)| [в MAX](https://max.ru/kommersant)",26041,161,,kommersant
107191,2026-05-12T13:11:04+00:00,"**Россия фиксирует действия Киева по наркотизации населения Донбасса**, сообщила пресс-служба аппарата Совбеза РФ.

В частности, ФСБ пресекла деятельность 25 участников курируемой с территории Украины наркогруппировки, которая поставляла, фасовала и распространяла наркотики на территории ДНР, а также занималась пропагандой наркозависимости среди молодежи республики, отметили в Совбезе.

▪ [Подписывайтесь на «Ъ» в Telegram ](https://t.me/+bPtk49gFbCBkYzdi)| [в MAX](https://max.ru/kommersant)",24342,138,,kommersant
107190,2026-05-12T12:56:15+00:00,"🗞🗞🗞🗞 **Спрос на российский энергетический уголь вырос в Европе, но упал в Индии**, [следует](https://www.kommersant.ru/doc/8653841?tg) из данных NEFT Research.

В Европе востребованность российского угля выросла из-за большого дисконта и короткого логистического плеча, а в Индии фрахт оказал губительное воздействие на российских экспортеров, у которых резко стали выигрывать австралийские и южноафриканские конкуренты с более калорийным сырьем.

В Турции же спрос вырос из-за роста себестоимости для цементного производства альтернативного нефтяного кокса.

#Ъузнал",23051,23,,kommersant
107189,2026-05-12T12:34:46+00:00,"**В России сокращается число управляющих компаний многоквартирных домов
**
Количество действующих управляющих компаний многоквартирных домов в России продолжает [снижаться](https://www.kommersant.ru/doc/8590907?from=spot_nedvizhimost_1). В декабре 2025 года их число составило 106,4 тыс., сократившись на 2,3% год к году. С марта 2024 года по март 2026 года число УК уменьшилось на 1,52%, при этом количество ликвидаций по итогам 2025 года выросло на 68%, а число новых регистраций снизилось на 5,9%.

На рынок одновременно давят ужесточение регулирования, налоговые изменения и рост издержек на взыскание долгов, отмечают эксперты. С марта 2025 года ужесточились правила лицензирования УК, включая ограничения для учредителей компаний с аннулированными лицензиями. С января 2026 года УК с выручкой более 20 млн руб. обязаны платить НДС, однако оперативно переложить дополнительные расходы на жильцов компании не могут, поскольку тарифы утверждаются собственниками на общих собраниях.

Дополнительное давление создает рост долгов населения за ЖКУ, который, по оценкам участников рынка, уже превышает 1 трлн руб. Просрочки по коммунальным платежам есть более чем у 20% плательщиков. После повышения госпошлин минимальная стоимость подачи иска выросла с 400 до 4 тыс. руб., а судебного приказа — с 200 до 2 тыс. руб. При средней задолженности жильцов в 3–5 тыс. руб. взыскание через суд стало для многих УК экономически невыгодным.

__📷____Егор Снетков, Коммерсантъ__",23026,119,,kommersant
107188,2026-05-12T12:20:20+00:00,"Суд в Сочи [признал](https://www.kommersant.ru/doc/8653899?tg) Алексея Лазарева, исполнительного директора ООО «Многофункциональный депозитарный центр», виновным в хищении средств клиентов на сумму 220 млн руб.

Компания предлагала услуги по аренде ячеек для хранения денег. Клиентов убеждали, что дубликаты ключей могут использоваться только в присутствии сотрудников Росгвардии и самого арендатора. На самом деле господин Лазарев имел свободный доступ к содержимому хранилища.

Алексей Лазарев похитил средства и скрылся, но вскоре был задержан. Валюту на сумму $600 тыс. он спрятал в лесу и после ареста указал место тайника, однако основную часть средств найти не удалось.

За 27 краж он отправится в колонию общего режима на 10 лет.

__📷____ Объединенная пресс-служба судов Краснодарского края__

▪ [Подписывайтесь на «Ъ» в Telegram ](https://t.me/+bPtk49gFbCBkYzdi)| [в MAX](https://max.ru/kommersant)",22743,71,,kommersant
107187,2026-05-12T11:50:49+00:00,"❤️ **Роскомнадзор опроверг информацию о блокировке Minecraft.**

В ведомстве заявили, что не получали решений об ограничении доступа к игре. Ранее в некоторых СМИ распространилась информация о том, что РКН готовится к блокировке Minecraft, так как игру используют для вовлечения школьников в киберпреступления. 

🎮 [В «Ъ» тоже гамают. Подписывайтесь](https://t.me/+hg3QjLY34yc2YTgy).",22737,81,,kommersant
107186,2026-05-12T11:37:38+00:00,"▶️ СКР показал кадры работы следователей на месте стрельбы в школе на Кубани.

Было возбуждено уголовное дело о хулиганстве. По предварительным данным, жизни пострадавших в настоящее время ничего не угрожает. Подозреваемый задержан, с ним проводятся необходимые следственные действия.

✔ [Подписывайтесь на «Ъ» в Telegram](https://t.me/+bPtk49gFbCBkYzdi) |[ в MAX](https://max.ru/kommersant)",23967,10,,kommersant
107185,2026-05-12T11:04:16+00:00,"**Порядка 20 детей переданы Украине для воссоединения с семьями **по линии уполномоченного по правам человека, сообщила Татьяна Москалькова на встрече с Владимиром Путиным.

России были переданы семь детей, добавила она.

✔ [Подписывайтесь на «Ъ» в Telegram](https://t.me/+bPtk49gFbCBkYzdi) |[ в MAX](https://max.ru/kommersant)",22804,14,,kommersant
107184,2026-05-12T11:01:52+00:00,"💰 **Условный срок дали главе тамбовской стройфирмы за обман дольщиков на 85 млн
**
Октябрьский районный суд Тамбова признал бывшего генерального директора ООО «Рони» [Романа Шамояна виновным](https://www.kommersant.ru/doc/8653747) в особо крупном мошенничестве и назначил ему четыре года лишения свободы условно с пятилетним испытательным сроком. 

По данным следствия, осужденный присвоил более 85 млн руб. при реализации проекта долевого строительства на Коммунальной улице облцентра. Вину Роман Шамоян не признал, приговор в законную силу не вступил. 

✔️ Подписывайтесь на «Ъ-Черноземье» [в Telegram](http://t.me/kommersantvrn) | [в MAX](https://max.ru/kommersantvrn)",23938,46,,kommersant
107183,2026-05-12T10:49:54+00:00,"**Россия вернула из плена уже 3,7 тыс. военных**, следует из материалов Татьяны Москальковой на встрече с Владимиром Путиным.

✔ [Подписывайтесь на «Ъ» в Telegram](https://t.me/+bPtk49gFbCBkYzdi) |[ в MAX](https://max.ru/kommersant)",22639,15,,kommersant
107182,2026-05-12T10:29:39+00:00,"**🗞****🗞****🗞****🗞**** Гражданам выплатили уже более 2,3 млн руб. за жалобы в полицию на пьяных водителей,** [подсчитал «Ъ». ](https://www.kommersant.ru/doc/8653655?tg)Сейчас такая практика применяется в 16 регионах, причем размер выплат ежегодно растет и кое-где достиг уже 20 тыс. руб. за сообщение. Первым стал ЯНАО, позже практику взяли на вооружение другие регионы. 

Статистика показывает, что в ряде субъектов жители неохотно жалуются на нетрезвых автомобилистов. А некоторые россияне, напротив, даже не приходят за деньгами, считая, что сигнализировать о нарушении — это их гражданский долг. Эксперты призывают расширять практику премирования на всю страну — с помощью портала «Госуслуг».

#Ъузнал",33338,77,,kommersant
107181,2026-05-12T10:11:12+00:00,"⚖️ Суд в Москве приговорил к 5 годам колонии одного из экс-руководителей ЛДПР Сергея Абельцева, передает ТАСС.

✔ [Подписывайтесь на «Ъ» в Telegram](https://t.me/+bPtk49gFbCBkYzdi) |[ в MAX](https://max.ru/kommersant)",24117,29,,kommersant
107180,2026-05-12T09:58:46+00:00,"**Жилой дом поврежден в Оренбурге при отражении атаки БПЛА, **сообщил губернатор области Евгений Солнцев.

Информация о пострадавших уточняется.

✔ [Подписывайтесь на «Ъ» в Telegram](https://t.me/+bPtk49gFbCBkYzdi) |[ в MAX](https://max.ru/kommersant)",25336,33,,kommersant
107179,2026-05-12T09:38:17+00:00,"❗️ **Девятиклассник пронес пневматическое оружие в школу в районе Кубани и открыл стрельбу, пострадали двое учеников, **сообщил губернатор Краснодарского края.

«Детям оперативно оказывают всю необходимую медицинскую помощь в больнице, на данный момент медики оценивают состояние пострадавших как удовлетворительное. Кроме того, краевой минздрав направил психологов для оказания соответствующей помощи учащимся школы и родителям». 

✔ [Подписывайтесь на «Ъ» в Telegram](https://t.me/+bPtk49gFbCBkYzdi) |[ в MAX](https://max.ru/kommersant)",29118,102,,kommersant
107178,2026-05-12T09:34:32+00:00,"**Владимир Путин готов к встрече с Владимиром Зеленским для переговоров в Москве в любой момен**т, заявил пресс-секретарь президента РФ Дмитрий Песков. 

Встреча президентов за пределами Москвы имеет смысл только для финализации процесса урегулирования, а над этим надо работать, добавил он. 

✔ [Подписывайтесь на «Ъ» в Telegram](https://t.me/+bPtk49gFbCBkYzdi) |[ в MAX](https://max.ru/kommersant)",29689,71,,kommersant
107177,2026-05-12T09:33:47+00:00,"❗️ **Специальная военная операция остановится в любой момент, едва в Киеве примут необходимые решения**, о которых прекрасно знают, сказал пресс-секретарь президента РФ Дмитрий Песков. 

Он отметил, что наработки по Украине позволяют говорить о приближении урегулирования, но о конкретике говорить сейчас рано.

✔ [Подписывайтесь на «Ъ» в Telegram](https://t.me/+bPtk49gFbCBkYzdi) |[ в MAX](https://max.ru/kommersant)",25228,68,,kommersant
107176,2026-05-12T09:21:44+00:00,"Всего в период действия режима прекращения огня в зоне спецоперации **зафиксировано 30 383 случая нарушения перемирия **украинской стороной, сообщили в Минобороны. 

✔ [Подписывайтесь на «Ъ» в Telegram](https://t.me/+bPtk49gFbCBkYzdi) |[ в MAX](https://max.ru/kommersant)",24184,17,,kommersant
107175,2026-05-12T09:07:08+00:00,"Число жертв атаки БПЛА в Чебоксарах **возросло до трех**, сообщил вице-премьер правительства Чувашии Владимир Степанов.

«Вопросы оказания всей необходимой медицинской и социальной помощи пострадавшим в результате вражеской атаки на город Чебоксары 5 мая 2026 года держу на личном контроле. По оперативным данным на 11:30 12 мая, пострадало 47 человек, трое из них погибли».

@kommersant",23780,21,,kommersant
107168,2026-05-12T08:33:02+00:00,"🗞🗞🗞🗞 Председатель правления Московской биржи Виктор Жидков в 13-м выпуске совместного проекта «Ъ» и Центрального университета «Директора и люди»[ рассказал](https://www.kommersant.ru/doc/8636058) о стратегии развития финансовой биржи, уникальных специализациях в компании и подготовке кадров.

🔵Международные амбиции у нас всегда были, они есть и сегодня.

🔵Мы IT-компания, у нас есть потребность в специалистах для разработки, кибербезопасности, построения аналитических процессов и так далее.

🔵Есть уникальные профессии, которые нужны только на бирже. Их сложно найти, поэтому мы взращиваем их самостоятельно.

🔵Для экономики не нормально, если человек учится одному, а потом идет работать в другую сферу просто потому, что его там приняли.

Московская биржа — один из ключевых партнеров Центрального университета. В рамках сотрудничества компания поддерживает стипендиальную программу вуза, участвует в карьерных мероприятиях и регулярно проводит гостевые лекции.

__#совместныйпроект__",251255,261,,kommersant
107167,2026-05-12T08:07:23+00:00,"**США отправили в Европу стратегическую атомную подлодку типа Ohio с баллистическими ракетами,** она зашла на базу в Гибралтаре. Об этом сообщила пресс-служба 6-го оперативного флота ВМС США.

«Этот визит демонстрирует возможности, гибкость и неизменную приверженность США своим союзникам по НАТО. Подводные лодки Ohio являются незаметными пусковыми платформами для баллистических ракет подводного базирования, обеспечивая США наиболее живучий компонент ядерной триады»,— подчеркнули в пресс-службе.

✔ [Подписывайтесь на «Ъ» в Telegram](https://t.me/+bPtk49gFbCBkYzdi) |[ в MAX](https://max.ru/kommersant)",23787,45,,kommersant
107166,2026-05-12T07:33:47+00:00,"**Умер заслуженный артист России Вадим Александров, ему было 87 лет,** следует из данных на сайте «Кино-театр. ру». 

Актер известен по ролям в «Кин-дза-дза!», «Мы из джаза», «Папиных дочках» и других фильмах и сериалах.

В 1962 году Вадим Александров окончил театральное училище имени М. С. Щепкина. С 1962 по 1976 год работал в ЦДТ (ныне РАМТ). В 1988–2000 годах играл в театре-студии под руководством Олега Табакова. Там он исполнял роли в постановках «Ревизор», «Механическое пианино», «Станционный смотритель» и других.

📷 __кадр из «Инспектор Купер» (2012)__

✔ [Подписывайтесь на «Ъ» в Telegram](https://t.me/+bPtk49gFbCBkYzdi) |[ в MAX](https://max.ru/kommersant)",24570,26,,kommersant
107164,2026-05-12T07:15:49+00:00,"**Журналиста-иноагента Тихона Дзядко заочно приговорили к восьми годам **колонии. Он признан виновным по статье о фейках про армию. Об этом сообщила московская прокуратура.

Также подсудимого оштрафовали на 250 тыс. руб. и запретили ему администрировать интернет-ресурсы в течение четырех лет.

В апреле 2025 года журналиста объявили в розыск. В июле возбудили уголовное дело из-за публикаций в соцсетях об украинском городе Буча. В октябре Росфинмониторинг включил журналиста в перечень террористов и экстремистов.

📷 __wikimedia__

✔ [Подписывайтесь на «Ъ» в Telegram](https://t.me/+bPtk49gFbCBkYzdi) |[ в MAX](https://max.ru/kommersant)",23573,26,,kommersant
107163,2026-05-12T07:01:17+00:00,"⚖️ Суд в Москве приговорил бывших сотрудников ЗАГСов к срокам от 3 до 6 лет колонии по делу **о незаконной легализации мигрантов через заключение фиктивных браков и установление отцовства над детьми из числа граждан России**, сообщили в ЦОС ФСБ.

По данным спецслужбы, всего по этому делу установлены 20 фигурантов — руководители и сотрудники региональных подразделений ЗАГС. 

С 2019 года они легализовали по такой схеме не менее 2,5 тысячи выходцев из стран Центральной Азии.

✔ [Подписывайтесь на «Ъ» в Telegram](https://t.me/+bPtk49gFbCBkYzdi) |[ в MAX](https://max.ru/kommersant)",22022,64,,kommersant
107162,2026-05-12T07:01:05+00:00,"Во время недели «Евровидения», стартующей в Вене 12 мая, **пройдут демонстрации в поддержку Палестины.** Запланированы как минимум несколько демонстраций. В городе усилили меры безопасности: **наряды полиции укомплектовали сотрудниками со всей Австрии, а также пригласили коллег из Германии**, сообщает AP.

«Разногласия по поводу участия Израиля омрачают 70-летие этого экстравагантного поп-музыкального шоу», — указывает агентство.

Пять стран отказались от участия в конкурсе из-за допуска Израиля — это Испания, Ирландия, Нидерланды, Словения и Исландия.

✔ [Подписывайтесь на «Ъ» в Telegram](https://t.me/+bPtk49gFbCBkYzdi) |[ в MAX](https://max.ru/kommersant)",24267,40,,kommersant
107161,2026-05-12T06:45:39+00:00,"Школы Липецка 12 и 13 мая **переведены на дистанционный режим из-за «возможных провокаций»**, сообщили в правительстве региона.

«Очных занятий в школах города не будет. Для учеников младших классов и детсадовцев организуют работу дежурных групп. Кружки и секции в учреждениях допобразования временно отменяются».

✔ [Подписывайтесь на «Ъ» в Telegram](https://t.me/+bPtk49gFbCBkYzdi) |[ в MAX](https://max.ru/kommersant)",21603,64,,kommersant
107160,2026-05-12T06:28:01+00:00,"🗞🗞🗞🗞**За первый квартал ввоз одежды из Китая в Россию **[**вырос**](https://www.kommersant.ru/doc/8653335?tg)** на 60%: **за первые три месяца этого года он достиг $1,1 млрд против $679 млн годом ранее. 

Как считают эксперты, на это повлияли как обеление рынка, так и более выгодные ценовые предложения на товары из этой страны. Но в дальнейшем темпы могут замедлиться, что связано с возможным вводом НДС на трансграничные товары и продолжающимся снижением расходов российских потребителей на товары фешен-категории.

#Ъузнал",22929,56,,kommersant
107159,2026-05-12T06:15:21+00:00,"Мэра Уфы Ратмира Мавлиева **увезли в больницу из-за боли в сердце,** сообщил его адвокат Марат Самойлов. 

Чиновник находится под домашним арестом по делу о получении взятки в особо крупном размере.

«Супруга сказала, что он из-за переживаний жаловался на сердце, у него было плохое самочувствие».

✔ [Подписывайтесь на «Ъ» в Telegram](https://t.me/+bPtk49gFbCBkYzdi) |[ в MAX](https://max.ru/kommersant)",27777,41,,kommersant
107158,2026-05-12T06:01:18+00:00,"📰** Эксклюзивные материалы свежего номера газеты «Коммерсантъ»:**

🔵 «Пивоварни Бочкарев» [могут](https://www.kommersant.ru/doc/8652250?tg) начать производство колы. 

🔵  Правительство [может запретить](https://www.kommersant.ru/doc/8653333?tg) майнинг криптовалют в Объединенной энергосистеме Центра. 

🔵  Ученые [оценили](https://www.kommersant.ru/doc/8653283?tg) генетические риски распространения псориаза.

🔵  На российском топливном рынке [усиливается](https://www.kommersant.ru/doc/8653351?tg) нехватка предложения бензина марки АИ-95.

🔵 Число мошеннических звонков в РФ [сократилось](https://www.kommersant.ru/doc/8653279?tg) на 45% в начале 2026 года.

🔵 В России [растет](https://www.kommersant.ru/doc/8653224?tg) спрос на полисы онкострахования.

🔵 «Ъ» [стали известны](https://www.kommersant.ru/doc/8653331?tg) детали иска Генпрокуратуры к бывшему первому замминистра обороны. 

👉 __Читайте другие эксклюзивные заметки __[__на сайте «Ъ». __](https://www.kommersant.ru/daily/166367?tg)

#Ъузнал",85700,130,,kommersant
107157,2026-05-12T05:55:21+00:00,"🗞🗞🗞🗞 «Пивоварни Бочкарев» (ранее холдинг «Объединенные пивоварни», ОПХ)** **[**могут запустить**](https://www.kommersant.ru/doc/8652250?tg)** проект по выпуску собственной колы. **Компания уже подала заявку на регистрацию товарного знака «Наша кола». 

Эта категория на российском рынке остается одной из самых растущих в сегменте безалкогольных напитков. Но выход в нее потребует значительных вложений в маркетинг, так как сегмент уже насыщен российскими аналогами.

📷__ Евгений Павленко/Коммерсантъ__

#Ъузнал",21188,53,,kommersant
107156,2026-05-12T05:45:22+00:00,"🗞🗞🗞🗞  Во всей Объединенной энергетической системе (ОЭС) Центра, одной из крупнейших в России, [**может быть введен **](https://www.kommersant.ru/doc/8653333?tg)**запрет на майнинг криптовалют. **Диспетчер энергосистемы объясняет, что развитие ОЭС Центра не будет поспевать за новыми потребностями в вычислительных мощностях. 

Аналитики полагают, что запрет усилит предпринимательские риски промышленного майнинга. При этом правительство рассматривает и возможность разрешить крупным майнинговым проектам работать в ОЭС, если они сами инвестируют в необходимую им генерацию и сети, что может стать вариантом решения проблемы.

📷 __Олеся Курпяева/Коммерсантъ__

#Ъузнал",20525,52,,kommersant
107155,2026-05-12T05:32:07+00:00,"🗞🗞🗞🗞 Компания Genotek [выяснила](https://www.kommersant.ru/doc/8653283?tg), в каких российских этносах распространена наследственная предрасположенность к псориазу. Как оказалось, **«рисковый» вариант гена чаще всего встречается у представителей дагестанских народов — он был обнаружен в 45,14% проверенных геномов. **

Эксперты считают, что эта информация важна для персонализированной профилактики. Однако врачи напоминают: даже при неблагоприятной генетике развитие псориаза не неизбежно, а современные методы терапии позволяют добиваться длительной ремиссии.

#Ъузнал",20981,86,,kommersant
107154,2026-05-12T04:33:34+00:00,"**🗞****🗞****🗞****🗞**** На российском топливном рынке усиливается нехватка предложения бензина марки АИ-95. **Причины — внеплановые ремонты НПЗ, снижение первичной переработки и сезонный рост потребления. По словам участников рынка, НПЗ вынуждены перераспределять производство в пользу более социально значимого АИ-92. 

При этом спрос на АИ-95 перед летним сезоном растет быстрее предложения, а внебиржевые объемы реализуются с премией в 10%, но и по такой цене, [говорят собеседники «Ъ»](https://www.kommersant.ru/doc/8653351?tg), купить топливо сложно.

📷 __Егор Снетков/Коммерсантъ__

#Ъузнал",30422,167,,kommersant
107153,2026-05-12T04:07:49+00:00,"Силы ПВО за ночь перехватили и уничтожили **27 беспилотников ВСУ **над территориями Белгородской, Воронежской и Ростовской областей, сообщает Минобороны России.

✔ [Подписывайтесь на «Ъ» в Telegram](https://t.me/+bPtk49gFbCBkYzdi) |[ в MAX](https://max.ru/kommersant)",21270,16,,kommersant
107152,2026-05-12T04:00:08+00:00,"⛅️️ **Главные новости к утру:**

🔸 ВОЗ [сообщила](https://www.kommersant.ru/doc/8653378?tg) о семи подтвержденных случаях заражения хантавирусом.

🔸 ОАЭ нанесли удары по НПЗ в Иране в начале апреля, [пишет](https://www.kommersant.ru/doc/8653409?tg) WSJ.

🔸 Экс-главу офиса президента Украины Андрея Ермака [заподозрили](https://www.kommersant.ru/doc/8653380?tg) в легализации $10 млн.

🔸 Правительство РФ [ожидает](https://www.kommersant.ru/doc/8653403?tg) рост ВВП на 0,4% в 2026 году.

🔸 12 мая [открывается](https://www.kommersant.ru/doc/8653235?tg) Каннский кинофестиваль.

#главноекутру",23302,17,,kommersant
107151,2026-05-12T03:41:21+00:00,"🗞🗞🗞🗞 **Девелоперы торговых центров чаще откладывают ввод своих проектов. **Около 96% торговых центров, заявленных к открытию в этом году в Москве,— проекты с отложенным сроком ввода. Для сравнения: в прошлом году с опозданием к первоначальному сроку было введено 54% торговых объектов.

Проблемы у владельцев торгцентров [накапливаются](https://www.kommersant.ru/doc/8652174?tg) как из-за роста строительных затрат, так и из-за политики ритейлеров, нацеленной на сокращение арендуемых площадей.

Ситуация может измениться по мере снижения ключевой ставки ЦБ, замедления инфляции и роста доходов населения, говорит эксперт. Но даже в этом случае девелоперы и ритейлеры не вернутся к докризисному периоду активности, считают аналитики.

#Ъузнал",21641,31,,kommersant
107150,2026-05-12T02:56:09+00:00,"**Правительство намерено избежать монополизации рынка маркетплейсами**, заявил вице-премьер Александр Новак.

«Основная задача, стоящая перед нами, — не допускать монополизации рынка со стороны маркетплейсов, поддерживать конкуренцию как между платформами, так и внутри платформ — между продавцами, а также защищать права потребителей»,— [сказал](https://www.kommersant.ru/doc/8653416?tg) вице-премьер.

За 2022–2024 годы рынок e-commerce и маркетплейсы выросли более чем в 2,5 раза, добавил господин Новак.

✔️ [Подписывайтесь на «Ъ» в Telegram](https://t.me/+bPtk49gFbCBkYzdi) |[ в MAX](https://max.ru/kommersant)",21699,37,,kommersant
107149,2026-05-12T02:15:51+00:00,"**У предложения Тегерана по конфликту с США нет альтернатив**, заявил спикер парламента Ирана Мохаммад Багер Галибаф.

💬 «Нет иного выбора, кроме как признать права иранского народа, изложенные в предложении из 14 пунктов. Любой другой подход будет совершенно безрезультатным, не более чем чередой неудач»,— написал он в соцсети X.

Иран передал свой ответ на меморандум из 14 пунктов 10 мая. Президент США Дональд Трамп назвал иранские предложения неприемлемыми.

✔️ [Подписывайтесь на «Ъ» в Telegram](https://t.me/+bPtk49gFbCBkYzdi) |[ в MAX](https://max.ru/kommersant)",22277,10,,kommersant
107148,2026-05-12T01:31:47+00:00,"**Годовой план по дефициту бюджета превышен в полтора раза.** Дефицит федерального бюджета по итогам первой трети года [вырос](https://www.kommersant.ru/doc/8653346?tg) до 5,9 трлн руб. при плане на весь 2026-й в 3,8 трлн руб. Доходы в апреле несколько подросли, но и расходы остаются высокими уже четвертый месяц подряд.

Как и ранее, Минфин объясняет большие траты опережающим авансированием госконтрактов. Финансовое ведомство в конце апреля уже объявило скорую корректировку параметров текущего бюджета — на этот раз без участия парламента.

✔️ [Подписывайтесь на «Ъ» в Telegram](https://t.me/+bPtk49gFbCBkYzdi) |[ в MAX](https://max.ru/kommersant)",26889,134,,kommersant
107147,2026-05-12T00:48:25+00:00,"**Инвестиции в телекоммуникации и IT растут, но уже не так быстро**: в 2025 году ожидался прирост по отношению к показателю 2020 года на уровне 46,7%, однако фактически он составил всего 37,4%.

В Минцифры это [связывают](https://www.kommersant.ru/doc/8653286?tg) со спадом инвестиций в телекоммуникационной отрасли в целом из-за высокой ключевой ставки, эффектом высокой базы 2024 года в IT-сегменте и макроэкономической неопределенностью. Аналитики отмечают отмену льгот и субсидий, проверки ранее выданных средств, а также острый дефицит кадров.

💬 «Один год отклонения объясним макроэкономикой, но, если инвестиции не восстановятся в 2026–2027 годах, это станет риском для устойчивости цифровой инфраструктуры и технологического суверенитета»,— добавил эксперт. 

📡 [Сети меняются. Мы следим. Подписывайтесь](https://t.me/+SkQgmXpzMqFjZjli).",23401,65,,kommersant
107146,2026-05-11T23:55:01+00:00,"🗞🗞🗞🗞 **«Ъ» стали известны подробности антикоррупционного иска Генпрокуратуры к бывшему первому замминистра обороны Руслану Цаликову.** Надзор [просит](https://www.kommersant.ru/doc/8653331?tg) изъять у него и его близких родственников имущество на сумму 5,5 млрд руб. Большую часть заявленной собственности — 3,4 млрд руб.— составляют активы ООО «Сандора», привлеченного к исполнению многомиллиардных контрактов Минобороны. Сам господин Цаликов фактическое владение компанией отрицает.

При этом **в число ответчиков по иску к нему попала Влада Марковская, мать бывшего пресс-секретаря министра обороны Сергея Шойгу Россияны Марковской.** На женщину, как следует из иска, господин Цаликов оформил три дорогостоящих объекта недвижимости общей стоимостью 73,2 млн руб. По словам источников, близких к окружению господина Цаликова, сам экс-замминистра обороны наличие каких-либо близких отношений с Россияной Марковской отрицает. При этом, по их словам, требования прокуратуры выглядят не столь однозначно.

#Ъузнал",88701,269,,kommersant
107145,2026-05-11T23:06:01+00:00,"🪙 **Инфляция в России снизится до 5,2% по итогам 2026 года**, [сообщил](https://www.kommersant.ru/doc/8653405?tg) вице-премьер Александр Новак. По его словам, с 2027 года показатель будет находиться вблизи целевого уровня в 4%.

«Низкая инфляция — это благо для экономики, предсказуемость условий ведения бизнеса, стабильность для потребителей. Но необходимо искать баланс между экономическим ростом и инфляцией»,— сказал господин Новак.

По словам вице-премьера, рост инфляции уже замедлился: в 2024 году инфляция составляла 9,5%, а по итогам 2025 года она снизилась до 5,6%.

✔️ [Подписывайтесь на «Ъ» в Telegram](https://t.me/+bPtk49gFbCBkYzdi) |[ в MAX](https://max.ru/kommersant)",22494,40,,kommersant
107144,2026-05-11T22:22:13+00:00,"**Правительство ожидает экономический рост в 2026 году на уровне 0,4% ВВП**, [сообщил](https://www.kommersant.ru/doc/8653403?tg) вице-премьер Александр Новак в интервью газете «Ведомости». Согласно прогнозу, в 2027 году рост составит 1,4%, а к 2029 году темпы увеличатся до 2,4%.

Вице-премьер отметил, что кабинет министров ведет системную работу по выводу экономики на траекторию устойчивого роста, сопоставимого со среднемировыми показателями. Основной упор делается на структурную трансформацию и переток ресурсов и кадров в наиболее производительные секторы.

Среди ключевых приоритетов господин Новак выделил технологическое обновление, повышение производительности труда, снижение административных барьеров для бизнеса и «обеление» экономики.

✔️ [Подписывайтесь на «Ъ» в Telegram](https://t.me/+bPtk49gFbCBkYzdi) |[ в MAX](https://max.ru/kommersant)",21472,41,,kommersant
107143,2026-05-11T22:01:58+00:00,"**Дональд Трамп обсудит с командой по нацбезопасности возобновление ударов по Ирану**, так как переговоры по мирному соглашению зашли в тупик, сообщает Axios со ссылкой на источники.

По информации издания, американский президент рассматривает нанесение ударов по целям в Иране, которые ранее остались нетронутыми.

Кроме того, обсуждается возвращение к «Проекту Свобода» по военному сопровождению судов в Ормузском проливе.

✔️ [Подписывайтесь на «Ъ» в Telegram](https://t.me/+bPtk49gFbCBkYzdi) |[ в MAX](https://max.ru/kommersant)",25337,39,,kommersant
107141,2026-05-11T21:18:04+00:00,"**С сегодняшнего дня начинают действовать новые правила приема экзаменов на водительские права.** Срок, в течение которого ГИБДД назначает проверку практических навыков вождения — так называемого города, уменьшен с 6 месяцев до 60 дней.

А если попытки сдать «город» заняли более полугода с момента проверки «теории», то ее придется проверять заново. Использование скрытых микрофонов и камер на тестировании теперь [грозит](https://www.kommersant.ru/doc/8653260?tg) аннулированием результатов — и пересдача в этом случае возможна только через год.

«Конечно, хотелось бы, чтобы сроки были еще меньше,— отмечает эксперт.— Но если выпускник хорошо учился и ему дали полный объем знаний, то думаю, что за два месяца он навыки не потеряет. Тем более что курсанты перед сдачей экзамена обычно берут дополнительные занятия».

✔️ [Подписывайтесь на «Ъ» в Telegram](https://t.me/+bPtk49gFbCBkYzdi) |[ в MAX](https://max.ru/kommersant)",22229,205,,kommersant
107140,2026-05-11T20:25:43+00:00,"💬 **Словакия «не будет мерзнуть».**

Словацкий премьер-министр Роберт Фицо побывал в Москве на праздновании Дня Победы уже в третий раз. В 2025 году оппозиция использовала визит в российскую столицу для обвинений в том, что **Братислава при Фицо становится «вассалом Москвы»**. Тогда рейтинг его партии показал минимальный результат за три года — с 24% он упал до 18%. После нынешнего визита оппозиционные и либеральные СМИ в Словакии также вышли с тезисами о «предательстве» национальных интересов, называя поездку «исторической ошибкой».

В то же время правительственные и деловые круги уже который день [обсуждают](https://www.kommersant.ru/doc/8653330?tg) **энергетические гарантии, полученные словацкой делегацией в России**, тогда как сам Фицо сразу после переговоров заявил, что готов быть «черной овцой» для Брюсселя, но обеспечивать «суверенитет» и «выживание экономики» своей страны.

✔️ [Подписывайтесь на «Ъ» в Telegram](https://t.me/+bPtk49gFbCBkYzdi) |[ в MAX](https://max.ru/kommersant)",21721,30,,kommersant
107139,2026-05-11T19:46:11+00:00,"Глава европейской дипломатии Кая Каллас [не исключила](https://www.kommersant.ru/doc/8653371?tg), что **на возможных переговорах с Россией она будет представлять ЕС.**

«Но мы еще не подошли к моменту, когда Россия сможет действительно вести переговоры, потому что пока она выдвигает максималистские требования», — отметила она.

Владимир Путин ранее говорил, что для него предпочтительным собеседником от ЕС был бы экс-канцлер Германии Герхард Шредер. Кая Каллас выступила против его кандидатуры.

▪ [Подписывайтесь на «Ъ» в Telegram ](https://t.me/+bPtk49gFbCBkYzdi)| [в MAX](https://max.ru/kommersant)",22020,23,,kommersant
107137,2026-05-11T19:39:28+00:00,"30 апреля на Wink вышел проект, который создатели называют первым российским сериалом о большом теннисе — не самом очевидном для страны виде спорта. Тем не менее он удостоился крупного формата на ТВ. 

Каким получился сериал «Первая ракетка» с Данилой Козловским, [рассказывает Weekend](https://www.myweekend.ru/doc/8651344?tg).

🔸[__ Мы сорвали ваши планы. В Weekend найдете занятия получше.__](https://t.me/+6r1ntr_phWEwYzdi)",21927,33,,kommersant
107136,2026-05-11T19:34:51+00:00,"**НАБУ и САП **[**предъявили**](https://www.kommersant.ru/doc/8653380?tg)** обвинение экс-главе офиса Владимира Зеленского Андрею Ермаку.**

Его обвиняют в участии в организованной группе, которая причастна к легализации более $10 млн при строительстве элитного жилья вблизи Киева. Уголовное дело возбуждено по статье о легализации, отмывании средств, полученных незаконным путем. 

▪ [Подписывайтесь на «Ъ» в Telegram ](https://t.me/+bPtk49gFbCBkYzdi)| [в MAX](https://max.ru/kommersant)",21494,39,,kommersant
107135,2026-05-11T19:28:19+00:00,"🌒 **Главные новости к вечеру **

▪️ Никол Пашинян [предупредил](https://www.kommersant.ru/doc/8653274?tg) Владимира Путина, что не поедет на саммит ЕАЭС.

▪️ Германия [запускает](https://www.kommersant.ru/doc/8653297?tg) с Украиной производство БПЛА с дальностью полета до 1500 км.

▪️ Москва не получала ответ из Европы по кандидатуре Герхарда Шредера для переговоров России и ЕС, [сообщил](https://www.kommersant.ru/doc/8653328?tg) Дмитрий Песков.

▪️ ЕС [ввел](https://www.kommersant.ru/doc/8653237?tg) санкции против детского лагеря «Орленок».

▪️ Новым патриархом Грузии [избран](https://www.kommersant.ru/doc/8653300?tg) Шио III.

▪️ В 21-й пакет санкций [войдут](https://www.kommersant.ru/doc/8653353?tg) ограничения в отношении ВПК России.

▪️ ВОЗ [сообщила](https://www.kommersant.ru/doc/8653315?tg) о смерти участника операции по эвакуации пассажиров MV Hondius, где произошла вспышка хантавируса.

#главноеквечеру",22064,19,,kommersant
107134,2026-05-11T19:12:39+00:00,"🗞🗞🗞🗞 **В России растет спрос на полисы онкострахования, **[следует](https://www.kommersant.ru/doc/8653224?tg) из опроса «Ъ» участников рынка.

🔹 У СОГАЗа за январь—март число заключенных договоров выросло на 123% относительно аналогичного периода прошлого года;
🔹 В «СберСтраховании» — на 60%;
🔹 В «Росгосстрахе» — на 20%;
🔹 В «Ренессанс страховании» — на 19%;
🔹 У «АльфаСтрахования» — на 14%.

Интерес к таким продуктам разгоняют как собственные маркетинговые усилия страховщиков, так и спрос со стороны клиентов на фоне медицинской инфляции и удорожания препаратов. Кроме того, люди все чаще сталкиваются с примерами дорогостоящего лечения среди знакомых.

По словам экспертов, чаще всего полисы онкострахования покупают люди 36–45 лет.

#Ъузнал",26351,76,,kommersant
107133,2026-05-11T18:55:08+00:00,"**Россияне снова стали интересоваться американскими сериалами**, [следует](https://www.kommersant.ru/doc/8653225?tg) из данных рейтинга «Индекс Кинопоиск Pro».

Доля интереса к проектам из США за апрель составила 34%, увеличившись в 1,5 раза год к году. Интерес подогрели выходы новых сезонов популярных франшиз («Пацаны», «Эйфория», «Непобедимый»).

Стриминги отмечают, что такой показатель может оказаться рекордным, ранее аналогичный интерес к релизам из США был только зимой 2022 года. Но в этот раз американские сериалы перетянули на себя интерес не от российских проектов, а от аниме.

📡 [Сети меняются. Мы следим. Подписывайтесь](https://t.me/+SkQgmXpzMqFjZjli).",23231,41,,kommersant
107132,2026-05-11T18:30:11+00:00,"**Украинский дрон расколол правительство Латвии **

10 мая министр обороны Латвии Андрис Спрудс подал в отставку на фоне жесткой критики за неспособность вооруженных сил защитить воздушное пространство страны.

Этот шаг, ставший отражением внутриполитической борьбы, может привести к распаду коалиционного правительства менее чем за полгода до очередных парламентских выборов.

**__👉__****__ Подробности — в __**[**__материале__**](https://www.kommersant.ru/doc/8653313?tg)**__ «Ъ».__**

▪ [Подписывайтесь на «Ъ» в Telegram ](https://t.me/+bPtk49gFbCBkYzdi)| [в MAX](https://max.ru/kommersant)",23253,40,,kommersant
107131,2026-05-11T18:24:34+00:00,"🗞🗞🗞🗞 **ООО «Эконива» **[**обновило**](https://www.kommersant.ru/doc/8653339?tg)** состав совета директоров по решению единственного учредителя.**

В состав вошел 22-летний Иван Дюрр, сын Штефана Дюрра, основателя агрохолдинга, считающегося крупнейшим производителем сырого молока в РФ и Европе.

В прошлом году консолидированная выручка от продаж ГК «Эконива» увеличилась на 14% и превысила 103 млрд руб. При этом чистая прибыль группы сократилась на 34% — до 5,9 млрд руб.

#Ъузнал",22732,75,,kommersant
107130,2026-05-11T18:16:34+00:00,"**TikTok и YouTube блогеров будут приглашать на заседания саммитов ЕС и некоторые министерские встречи**, сообщает Politico.

Инфлюенсеры получат доступ в те зоны штаб-квартиры Совета в Брюсселе, куда в настоящее время пускают только аккредитованных журналистов, однако им будет запрещено задавать вопросы министрам и лидерам.

Представитель Евросовета подтвердил, что проект стартует в июле. По его словам, такая мера позволит информировать о деятельности Совета более широкую аудиторию.

Отмечается, что дипломаты были шокированы предложением. Некоторые из них заявили, что не видят в проекте смысла, так как «тиктокеры вряд ли понимают, что такое Евросовет».

▪ [Подписывайтесь на «Ъ» в Telegram ](https://t.me/+bPtk49gFbCBkYzdi)| [в MAX](https://max.ru/kommersant)",27658,68,,kommersant
107129,2026-05-11T17:37:42+00:00,"**Новым главой грузинской православной церкви избран выпускник московского духовного училища Шио III.**

Он сменил умершего в марте 93-летнего патриарха Илию II.

Избранию нового митрополита предшествовала бурная дискуссия, поскольку многие считают владыку Шио ставленником Москвы.

👉 **С **[**подробностями**](https://www.kommersant.ru/doc/8653300?tg)** — корреспондент «Ъ» в Тбилиси Георгий Двали.**

📷 __Patriarchate Of Georgia__

▪ [Подписывайтесь на «Ъ» в Telegram ](https://t.me/+bPtk49gFbCBkYzdi)| [в MAX](https://max.ru/kommersant)",22644,59,,kommersant
107128,2026-05-11T17:33:13+00:00,"**Белый дом пригласил ряд американских бизнесменов принять участие в визите Дональда Трампа в Китай**, сообщает Bloomberg.

Приглашения отправлены главам Tesla, Apple, Boeing, Goldman Sachs Group, Blackstone, BlackRock, Citigroup и Meta Platforms (признана экстремистской и запрещена в РФ).

Как ожидается, во время визита господина Трампа в Китай, который запланирован на 13–15 мая, США заключат несколько деловых сделок и соглашений с Пекином.

▪ [Подписывайтесь на «Ъ» в Telegram ](https://t.me/+bPtk49gFbCBkYzdi)| [в MAX](https://max.ru/kommersant)",21198,27,,kommersant
107127,2026-05-11T17:26:37+00:00,"🗞🗞🗞🗞 В Москве начался заочный процесс по делу находящегося в международном розыске экс-заместителя председателя правления «Роснано» Юрия Удальцова, [стало известно](https://www.kommersant.ru/doc/8653296?tg) «Ъ».

Он обвиняется в многомиллиардных хищениях при создании так называемого планшета Чубайса — гибкого гаджета для российских школьников, так и не запущенного в серию.

Сейчас под следствием и судом находится целый ряд других бывших топ-менеджеров госкорпорации, которые помогали скрывать хищения, искажая финансовую отчетность.

В частности, многомиллиардные долги перед банками, гарантом по которым было государство, выдавались в документах за активы. Таким же образом придавалась видимость успешных убыточным проектам. В 2022–2024 годах государством на спасение «Роснано» от банкротства, в том числе из-за махинаций с отчетностью, было выделено более 43 млрд руб.

#Ъузнал",23235,65,,kommersant
107126,2026-05-11T17:16:46+00:00,"Досрочное голосование в Косово, назначенное на 7 июня, станет уже третьим за последние 1,5 года. 

Выборы станут политической дуэлью премьера Альбина Курти («Самоопределение») с покинувшей недавно пост президента Вьосой Османи. Она возглавит одну из ведущих партий оппозиции — «Демократический союз Косово».

В косовское противостояние оказались вовлечены и США с Европой.

__👉____ **С **__[**__подробностями__**](https://www.kommersant.ru/doc/8653193?tg)**__ — корреспондент «Ъ» на Балканах Геннадий Сысоев.__**

▪ [Подписывайтесь на «Ъ» в Telegram ](https://t.me/+bPtk49gFbCBkYzdi)| [в MAX](https://max.ru/kommersant)",23203,13,,kommersant
107125,2026-05-11T16:30:09+00:00,"**У короля Малайзии султана Ибрагима Исмаила после визита в Россию **[**появился**](https://www.kommersant.ru/doc/8653326?tg)** автомобиль Aurus Senat.** Неизвестно, купил ли король машину или получил ее в подарок.

Пресс-служба султана Ибрагима Исмаила уточнила, что 10 мая король посетил музей «Гараж особого назначения» в Москве, где и получил Aurus.

Король Малайзии прилетел в Россию 6 мая для участия в праздновании Дня Победы по приглашению Владимира Путина. На переговорах с президентом султан Ибрагим Исмаил назвал Россию «вторым домом» и пригласил Владимира Путина посетить Малайзию в 2027 году.

▪ [Подписывайтесь на «Ъ» в Telegram ](https://t.me/+bPtk49gFbCBkYzdi)| [в MAX](https://max.ru/kommersant)",24885,91,,kommersant
107124,2026-05-11T16:21:14+00:00,"В Москве не получали ответа из Европы по предложению Владимира Путина **назначить экс-канцлера Германии Герхарда Шредера представителем ЕС на переговорах с Россией**, заявил Дмитрий Песков.

▪ [Подписывайтесь на «Ъ» в Telegram ](https://t.me/+bPtk49gFbCBkYzdi)| [в MAX](https://max.ru/kommersant)",24312,13,,kommersant
107123,2026-05-11T16:05:24+00:00,"🗞🗞🗞🗞 Мэр Уфы Ратмир Мавлиев, на днях отпущенный из СИЗО под домашний арест, **обратился к руководителям Генпрокуратуры и СКР с просьбой проверить его уголовное дело**, [стало известно](https://www.kommersant.ru/doc/8653213?tg) «Ъ».

Чиновник настаивает, что приписываемые ему следствием деяния полностью противоречат реальным событиям, которые можно подтвердить материалами гражданских судов и нормативными актами.

По данным «Ъ», у чиновника на днях взяли на экспертизу фрагменты волос и слюны, что обычно делается при расследовании не должностных, а насильственных преступлений против личности.

#Ъузнал",24959,42,,kommersant
107122,2026-05-11T15:57:03+00:00,"🗞🗞🗞🗞 В российской практике сформировалось два противоположных подхода к тому, как надо исполнять антиисковые запреты.

«Закон Лугового» позволяет запрещать иностранным лицам судиться с российскими гражданами и компаниями за рубежом, однако не до конца ясно, как быть, когда такой запрет наложен уже после подачи иска.

Одни арбитражные суды РФ считают, что достаточно оставить иск без рассмотрения. Но такое действие позволяет впоследствии подать иск снова, и другие суды настаивают на полном отказе от исковых требований.

**__👉__****__ Подробности — __**[**__в эксклюзивном материале__**](https://www.kommersant.ru/doc/8652156?tg)**__ «Ъ».__**

#Ъузнал",23195,11,,kommersant
107121,2026-05-11T15:39:43+00:00,"🗞🗞🗞🗞 **Бьюти-мастера, работающие на дому или в коворкинге, в марте 2026 года заметно **[**нарастили**](https://www.kommersant.ru/doc/8637271?tg)** доход** — в среднем почти на 10%, до 136,6 тыс. руб. в месяц, а некоторые специалисты отметили рост заработка до 35,4%.

**Как вырос доход мастеров:**

🔸 Барберы стали зарабатывать на 35,4% больше (164 тыс. руб. в месяц);
🔸 Мастера ногтевого сервиса — на 27% (118,2 тыс. руб.);
🔸 Колористы — на 18,64% (229,6 тыс. руб.);
🔸 Массажисты — на 15,2% (102,6 тыс. руб.).

По словам экспертов, бьюти-мастера выбирают работу на себя из-за нежелания отдавать процент от заработка салонам красоты, а потребители все чаще выбирают услуги частников в целях экономии. 

#Ъузнал",23831,118,,kommersant
107120,2026-05-11T15:20:56+00:00,"**Число мошеннических звонков в России сократилось на 45% **за первый квартал 2026 года по сравнению с началом прошлого года. Их доля среди всех входящих вызовов уменьшилась вдвое и составила менее 1%, [утверждают](https://www.kommersant.ru/doc/8653279?tg) в «Т-Мобайле».

Высокий уровень фрод-вызовов фиксируется в Приморском крае, в Чукотском автономном округе и Хабаровском крае. 17% всех нежелательных звонков в России в начале года пришлось на Москву.

Снижение активности мошенников связывают с усилением совместной работы операторов, банков и государства, а также с ограничениями на звонки через мессенджеры.

Мошенники будут адаптировать схемы с учетом новых обстоятельств, и атаки станут более таргетированными, предупреждают эксперты в области безопасности.

📡 [Сети меняются. Мы следим. Подписывайтесь](https://t.me/+SkQgmXpzMqFjZjli).",23092,30,,kommersant
107119,2026-05-11T15:01:56+00:00,"**Число браков в Китае упало до рекордного минимума**

В первом квартале 2026 года в КНР [было зарегистрировано](https://www.kommersant.ru/doc/8653289?tg) около 1,7 млн новых браков, что на 6,2% меньше, чем за аналогичный период годом ранее. Это самый низкий показатель за все время сбора данных — с 2013 года.

Статистика новых браков следует за показателями рождаемости, которые сокращаются в стране четвертый год подряд. В 2025 году в Китае родились менее 8 млн детей, что стало рекордно низким показателем. 

▪ [Подписывайтесь на «Ъ» в Telegram ](https://t.me/+bPtk49gFbCBkYzdi)| [в MAX](https://max.ru/kommersant)",25968,81,,kommersant
107118,2026-05-11T14:36:59+00:00,"**Стоимость серебра на бирже впервые с 12 марта **[**превысила**](https://www.kommersant.ru/doc/8653290?tg)** $85 за тройскую унцию.**

В начале 2026 года стоимость серебра многократно обновляла рекорды и превышала $120 за тройскую унцию. После начала военной операции США и Израиля против Ирана в начале февраля цены на серебро обвалились.

▪ [Подписывайтесь на «Ъ» в Telegram ](https://t.me/+bPtk49gFbCBkYzdi)| [в MAX](https://max.ru/kommersant)",25128,36,,kommersant
107117,2026-05-11T13:46:03+00:00,"**Участник операции по эвакуации пассажиров MV Hondius умер от сердечного приступа**, сообщил глава ВОЗ Тедрос Гебрейесус.

Напомним, на круизном лайнере MV Hondius произошла вспышка хантавируса. ВОЗ подтвердила семь случаев заражения, три человека скончались.

@kommersant",25880,68,,kommersant
107116,2026-05-11T13:36:22+00:00,"**Министр обороны Германии Борис Писториус прибыл в Киев с необъявленным визитом для обсуждения вопросов производства вооружений**, сообщает издание Rheinische Post.

По словам господина Писториуса, Украина и Германия договорились о запуске совместного производства дальнобойных дронов с **дальностью полета до 1,5 тыс. км.**

Россия считает, что поставки вооружений Украине мешают урегулированию, напрямую вовлекают страны НАТО в конфликт и являются «игрой с огнем».

▪ [Подписывайтесь на «Ъ» в Telegram ](https://t.me/+bPtk49gFbCBkYzdi)| [в MAX](https://max.ru/kommersant)",25988,42,,kommersant
107115,2026-05-11T13:25:33+00:00,"**Никол Пашинян подтвердил, что не поедет на саммит ЕАЭС**, который пройдет 28–29 мая в Астане. 

По его словам, он сообщил об этом Владимиру Путину во время визита в Москву в апреле. Причиной смены планов господин Пашинян назвал предвыборную кампанию в Армении. По той же причине он не приехал на парад 9 мая.

Также политик отметил, что если Армения решит выйти из ЕАЭС, она сделает это не внезапно, а спланированно.

Ранее Владимир Путин заявил, что Армения не может одновременно находиться в таможенном союзе и с ЕС, и с ЕАЭС.

▪ [Подписывайтесь на «Ъ» в Telegram ](https://t.me/+bPtk49gFbCBkYzdi)| [в MAX](https://max.ru/kommersant)",26182,54,,kommersant
107114,2026-05-11T13:12:12+00:00,"**Новым патриархом Грузии избран митрополит Сенакский и Чхороцкуский Шио**, сообщает Interpressnews.

Гражданское имя священнослужителя — Элизбар Муджири, ему 57 лет. Он будет носить имя Шио III. Расширенное церковное собрание избрало его 22 голосами из 39.

▪ [Подписывайтесь на «Ъ» в Telegram ](https://t.me/+bPtk49gFbCBkYzdi)| [в MAX](https://max.ru/kommersant)",24690,35,,kommersant
107113,2026-05-11T12:36:14+00:00,"**Британский флот потратит около 200 тыс. фунтов на перешив женской парадной формы из-за расположения пуговиц**, сообщает The Times.

Ведомство сочло «неуместным» положение двух верхних декоративных пуговиц в районе груди на мундире для женщин-офицеров. В новом варианте формы положение всех четырех рядов пуговиц планируют сместить ниже.

Источник издания в ВМС назвал «совершенно абсурдной» трату денег на такое «незначительное изменение формы».

__📷____ The Telegraph__

▪ [Подписывайтесь на «Ъ» в Telegram ](https://t.me/+bPtk49gFbCBkYzdi)| [в MAX](https://max.ru/kommersant)",27869,193,,kommersant
107112,2026-05-11T11:48:28+00:00,"❗️** Евросоюз внес в санкционный список против РФ 16 физлиц и семь организаций**, следует из пресс-релиза Совета ЕС.

В список в том числе попали всероссийские детские центры «Орленок», «Алые паруса» и «Смена», а также Центр ДОСААФ в Севастополе, Нахимовское военно-морское училище и военно-патриотический клуб «Патриот» в Крыму.

▪ [Подписывайтесь на «Ъ» в Telegram ](https://t.me/+bPtk49gFbCBkYzdi)| [в MAX](https://max.ru/kommersant)",28304,46,,kommersant
107111,2026-05-11T10:53:43+00:00,"✈️** Россия скоро может ввести безвиз с Малайзией, Кувейтом и Бахрейном**, сообщило Минэкономики.

«Активно прорабатываются вопросы о введении безвизового режима с Малайзией, Кувейтом и Бахрейном. Ожидается, что эти направления могут стать доступными без виз в ближайшее время», — [отметили](https://www.kommersant.ru/doc/8653229?tg) в ведомстве.

Как напомнили в ведомстве, сейчас граждане России могут посещать без визы 86 стран мира. Еще в 38 государствах для россиян действует упрощенный порядок въезда.

▪ [Подписывайтесь на «Ъ» в Telegram ](https://t.me/+bPtk49gFbCBkYzdi)| [в MAX](https://max.ru/kommersant)",32681,92,,kommersant
107109,2026-05-11T09:46:32+00:00,"Осенью в России пройдут выборы депутатов Госдумы IX созыва. «Ъ» запускает «политический тотализатор», дав читателям возможность спрогнозировать результаты партий, явку, активность избирателей в регионах и т. д.

Ваши «прогнозные рейтинги» будут публиковаться на страницах «Коммерсанта», а после выборов те, кто наиболее точно предскажет их исход, получат ценные (но некоммерческие) призы.

__👉____ **Проверьте свое политическое чутье **__[**__на сайте «Ъ».__**](https://www.kommersant.ru/doc/8589703?tg)__
__
▪ [Подписывайтесь на «Ъ» в Telegram ](https://t.me/+bPtk49gFbCBkYzdi)| [в MAX](https://max.ru/kommersant)",37473,99,,kommersant
107108,2026-05-11T08:39:57+00:00,"❗️ **Великобритания расширила антироссийский санкционный список на 85 позиций**.

Согласно [обновленному документу](https://www.kommersant.ru/doc/8653187?tg), в список внесены в том числе:

🔵 министр молодежной политики ЛНР Юлия Величко;
🔵 глава Росмолодежи Григорий Гуров;
🔵 начальник главного штаба движения «Юнармия» Владислав Головин;
🔵 уполномоченный по правам ребенка в Новосибирской области Надежда Болтенко;
🔵 бывший первый замминистра образования и науки ЛНР Дмитрий Шевченко;
🔵 депутат из ДНР, боец смешанных единоборств Максим Швец;
🔵 топ-менеджеры АНО «Диалог»;
🔵 сотрудники «Агентства социального проектирования», которое власти США обвиняли во вмешательстве в американские выборы, а британские власти — в «информационной войне» против Украины;
🔵 АНО Стратегических коммуникаций «Каспий 2030»;
🔵 «Экспертный институт социальных исследований»;
🔵 «Институт развития интернета»;
🔵 Центр военно-спортивной подготовки и патриотического воспитания молодежи «Воин»;
🔵 Центр изучения и сетевого мониторинга молодежной среды;
🔵 Севастопольский государственный университет.

▪ [Подписывайтесь на «Ъ» в Telegram ](https://t.me/+bPtk49gFbCBkYzdi)| [в MAX](https://max.ru/kommersant)",29866,53,,kommersant
107107,2026-05-11T07:57:40+00:00,"**Главы МИД стран ЕС на встрече 27–28 мая обсудят темы для возможных переговоров с Россией. **Об этом [сообщила](https://www.kommersant.ru/doc/8653161?tg) глава европейской дипломатии Кая Каллас.

«Мы должны обсудить между собой, о чем мы хотим с ними поговорить. И именно поэтому мы организуем встречу с министрами иностранных дел, на которой мы обсудим возможные варианты», — сообщила Кая Каллас.

Глава евродипломатии отметила, что стороны обсудят требования к России по обеспечению мира и стабильности в Европе, поскольку «это проблема европейской безопасности».

▪ [Подписывайтесь на «Ъ» в Telegram ](https://t.me/+bPtk49gFbCBkYzdi)| [в MAX](https://max.ru/kommersant)",31570,52,,kommersant
107106,2026-05-11T06:51:19+00:00,"У одного из 17 американских граждан, эвакуированных с круизного лайнера MV Hondius,** подтвердилось заражение хантавирусом «Андес»**. У еще одного пассажира — легкие симптомы заболевания. Об этом сообщил Минздрав США в X.

Сейчас пассажиры находятся на пути в США на борту самолета, предоставленного Госдепартаментом. Двоих человек разместили в отсеках биологической изоляции в целях предосторожности.

▪ [Подписывайтесь на «Ъ» в Telegram ](https://t.me/+bPtk49gFbCBkYzdi)| [в MAX](https://max.ru/kommersant)",30801,57,,kommersant
107105,2026-05-11T06:03:45+00:00,"**Спасатели эвакуировали двух туристов, застрявших на Эльбрусе.**

По предварительным данным, альпинисты получили обморожение, сообщило МЧС Кабардино-Балкарии.

▪ [Подписывайтесь на «Ъ» в Telegram ](https://t.me/+bPtk49gFbCBkYzdi)| [в MAX](https://max.ru/kommersant)",29616,63,,kommersant
107104,2026-05-11T04:57:49+00:00,"**Биньямин Нетаньяху заявил о желании отказаться от военной поддержки США.**

«Я говорил об этом президенту Трампу. Я говорил это нашему собственному народу. У них челюсти отвисают... Я сказал: давайте начнем сейчас и сделаем это в течение следующего десятилетия, за десять лет, но начать я хочу именно сейчас»,— [сказал](https://www.kommersant.ru/doc/8653131?tg) он в интервью CBS News.

Премьер уточнил, что Израиль ежегодно получает от США $3,8 млрд. Поддержку одобряет американский Конгресс, причем за нее традиционно выступают как демократы, так и республиканцы.

▪ [Подписывайтесь на «Ъ» в Telegram ](https://t.me/+bPtk49gFbCBkYzdi)| [в MAX](https://max.ru/kommersant)",30102,92,,kommersant
107103,2026-05-11T04:03:53+00:00,"**⛅️**** Главные новости к утру**

🔸 Дональд Трамп [назвал неприемлемым](https://www.kommersant.ru/doc/8653109?tg) предложение Ирана по урегулированию конфликта.

🔸 Между Россией и Саудовской Аравией [начал действовать](https://www.kommersant.ru/doc/8653115?tg) безвизовый режим.

🔸 США [резко увеличили](https://www.kommersant.ru/doc/8653121?tg) разведывательную активность у берегов Кубы.

🔸 Дональд Трамп [объявил](https://www.kommersant.ru/doc/8653123?tg) об освобождении пяти человек из тюрем РФ и Белоруссии.

🔸 Премьер-министр Индии Нарендра Моди [призвал](https://www.kommersant.ru/doc/8653122?tg) граждан работать из дома ради экономии топлива.

🔸 В МИД РФ [заявили](https://www.kommersant.ru/doc/8653118?tg) о четырехкратном росте числа репатриантов в 2025 году.

#главноекутру",32191,26,,kommersant
107102,2026-05-10T19:57:13+00:00,"Пять граждан Франции эвакуировали домой на самолете после прибытия круизного лайнера MV Hondius на Канарские острова. У **одного из них во время перелета проявились симптомы хантавируса**, сообщил премьер-министр Франции Себастьен Лекорню. 

По его словам, они получают медицинскую помощь и проходят обследование. Премьер-министр добавил, что издаст указ о мерах по защите населения от инфекции.

▪ [Подписывайтесь на «Ъ» в Telegram ](https://t.me/+bPtk49gFbCBkYzdi)| [в MAX](https://max.ru/kommersant)",32888,130,,kommersant
107101,2026-05-10T19:01:23+00:00,"🌒 **Главные новости к вечеру **

▪️ Иран [передал](https://www.kommersant.ru/doc/8653072?tg) США ответ на последнее мирное предложение.

▪️ В ФРГ [предложили](https://www.kommersant.ru/doc/8653092?tg) дуэт Франка-Вальтера Герхарда Штайнмайера и Шредера для переговоров по Украине.

▪️ Спецпосланник президента США Стив Уиткофф и бизнесмен Джаред Кушнер [могут](https://www.kommersant.ru/doc/8653015?tg) уже скоро приехать в Россию.

▪️ Сухогруз под флагом США [получил](https://www.kommersant.ru/doc/8653014?tg) повреждения у берегов Катара.

▪️ Министр обороны Латвии [подал в отставку](https://www.kommersant.ru/doc/8653088?tg) после инцидента с БПЛА.

▪️ Школьник в Норвегии случайно [нашел](https://www.kommersant.ru/doc/8653101?tg) меч времен викингов во время экскурсии. 

▪️ Три человека [пропали](https://www.kommersant.ru/doc/8653094?tg) в Томской области после опрокидывания судна в реке. 

#главноеквечеру",33276,16,,kommersant
107100,2026-05-10T18:02:20+00:00,"Правящая коалиция Германии рассматривает возможность участия президента **Франка-Вальтера Штайнмайера вместе с бывшим канцлером Герхардом Шредером в переговорах с Россией по Украине. **Об этом сообщает Spiegel со ссылкой на источники. 

В коалиции считают, что Герхард Шредер **не справится с ролью посредника в одиночку, однако его дуэт с господином Штайнмайером «мог бы стать интересным вариантом»**. Кандидатуру Герхарда Шредера предложил президент России Владимир Путин. Он подчеркнул, что на эту роль должны назначить того, кто «не наговорил каких-то гадостей» в сторону России.

«Наша цель должна заключаться в том, чтобы сидеть за столом переговоров. Если одним из условий для этого является участие бывшего канцлера Германии, это следует тщательно рассмотреть»,— сказал Spiegel представитель СДПГ по вопросам внешней политики Адис Ахметович.

▪ [Подписывайтесь на «Ъ» в Telegram ](https://t.me/+bPtk49gFbCBkYzdi)| [в MAX](https://max.ru/kommersant)",31768,91,,kommersant
107099,2026-05-10T17:05:16+00:00,"Иран через пакистанских посредников передал США ответ на **последнее предложение по урегулированию конфликта**, сообщают IRNA и Tasnim. 

По информации IRNA, на данный момент переговоры сосредоточены «исключительно на прекращении боевых действий в регионе».

Ответное предложение Ирана состоит из 14 пунктов и сводится к «завершению войны и обеспечению безопасности судоходства» в Персидском заливе и Ормузском проливе.

▪ [Подписывайтесь на «Ъ» в Telegram ](https://t.me/+bPtk49gFbCBkYzdi)| [в MAX](https://max.ru/kommersant)",31409,24,,kommersant
107098,2026-05-10T16:53:30+00:00,"❗️ **Министр обороны Латвии Андрис Спрудс подал в отставку** после того, как украинские БПЛА, вторгшиеся в воздушное пространство республики, не были сбиты, сообщило LSM.

▪ [Подписывайтесь на «Ъ» в Telegram ](https://t.me/+bPtk49gFbCBkYzdi)| [в MAX](https://max.ru/kommersant)",29309,73,,kommersant
107097,2026-05-10T16:35:11+00:00,"Премьер-министр Великобритании Кир Стармер отверг призывы к отставке после проигрыша его партии на местных выборах. 

Он заявил, что рассчитывает оставаться на посту в общей сложности 10 лет. 

«Я не собираюсь отказываться от работы, на которую был избран в июле 2024 года. Я не собираюсь погружать страну в хаос»,— сказал господин Стармер The Observer.

▪ [Подписывайтесь на «Ъ» в Telegram ](https://t.me/+bPtk49gFbCBkYzdi)| [в MAX](https://max.ru/kommersant)",30553,53,,kommersant
107096,2026-05-10T16:06:10+00:00,"Подготовка к запуску прямого железнодорожного сообщения между ДНР и Ростовской областью достигла финальной стадии, сообщил министр транспорта республики Александр Бондаренко. Он выразил надежду, что **электричку запустят до конца года.**

По словам господина Бондаренко, технически к запуску электрички все готово. 

«Единственной сейчас для нас задержкой и проблематикой является как раз организация безопасного пропуска электропоездов в части организации прохождения пункта пропуска, досмотровых мероприятий».

▪ [Подписывайтесь на «Ъ» в Telegram ](https://t.me/+bPtk49gFbCBkYzdi)| [в MAX](https://max.ru/kommersant)",28726,46,,kommersant
107095,2026-05-10T15:39:29+00:00,"Американский президент Дональд Трамп заявил, что **Штаты заберут из Ирана запасы обогащенного урана.**

«Рано или поздно мы их получим. Мы это отслеживаем. Знаете, я создал то, что называется Космические силы, и они наблюдают за этим каждый [день]. Если кто-то туда войдёт, они смогут сказать вам его имя, адрес, номер его бейджа. Нет, мы это очень хорошо отслеживаем. Если кто-то приблизится к этому месту, мы узнаем об этом и взорвём их к чёртовой матери»,— сказал американский лидер во время интервью с журналисткой Шерил Аткинсон, отвечая на соответствующий вопрос.

▪ [Подписывайтесь на «Ъ» в Telegram ](https://t.me/+bPtk49gFbCBkYzdi)| [в MAX](https://max.ru/kommersant)",28017,39,,kommersant
107094,2026-05-10T14:45:57+00:00,"Весной 1891 года, незадолго до своего 32-летия, Артур Конан Дойль убил Шерлока Холмса. Великий сыщик, придуманный писателем, упал в Рейхенбахский водопад во время драки с профессором Мориарти. 

С настолько несправедливой гибелью вымышленного героя публика еще не сталкивалась — и начала яростно бороться за жизнь своего кумира.

👉 [Рассказываем](https://www.myweekend.ru/doc/8636731?tg), почему Конан Дойль убил Холмса и как эта история научила фанатов отстаивать свои требования.

__📷____: Frederick Dorr Steele__

__🔸____ __[__Выразить невыразимое? Подписывайтесь — в Weekend и не такое случается.__](https://t.me/+gic6ENYPFsM2YjVi)",30337,173,,kommersant
107093,2026-05-10T13:44:06+00:00,"Блогера и ресторатора Николая Василенко внесли в базу  украинского экстремистского сайта «Миротворец» за покупку внедорожника бойцам СВО, следует из данных ресурса.

__Фото: соцсети__

▪ [Подписывайтесь на «Ъ» в Telegram ](https://t.me/+bPtk49gFbCBkYzdi)| [в MAX](https://max.ru/kommersant)",28234,121,,kommersant
107092,2026-05-10T13:02:33+00:00,"**Идеи провести референдум о независимости сейчас нет в повестке Республики Сербской**, заявил президент энтитета Синиша Каран.

По его словам, ее создали искусственно и использовали как предлог для обвинений против руководства Республики Сербской. 

«Автономия, о которой мы говорим, — это именно та внутренняя автономия по Дейтонскому соглашению».

▪ [Подписывайтесь на «Ъ» в Telegram ](https://t.me/+bPtk49gFbCBkYzdi)| [в MAX](https://max.ru/kommersant)",27357,14,,kommersant
107091,2026-05-10T11:58:47+00:00,"В конце апреля исполнилось 235 лет со дня рождения Сэмюэла Морзе, человека, именем которого назван самый известный международный код связи. 

Всю первую половину жизни господина Морзе знали как художника. Задуматься о скоростной передаче информации его заставила личная трагедия. В 1825 году после родов умерла его жена, которую он нежно любил. Из-за того, что письмо с печальным известием шло слишком долго, он не успел на похороны, о чем жалел всю жизнь.

Позже он сделал прототип телеграфного аппарата из подручных материалов, каковыми в доме художника были рамы для картин. Морзе был не единственным (и не первым), кто задумывался над передачей информации на расстоянии. Однако он, как оказалось, изобрел наиболее удобный однопроводной аппарат. А вот с азбукой возникли проблемы.

**👉**** История изобретения и применения самого живучего вида связи — в **[**материале **](https://www.kommersant.ru/doc/8635889?tg)**«Ъ».**

__📷____ Mathew Brady / Library of Congress

__▪ [Подписывайтесь на «Ъ» в Telegram ](https://t.me/+bPtk49gFbCBkYzdi)| [в MAX](https://max.ru/kommersant)",29945,127,,kommersant
107090,2026-05-10T11:22:37+00:00,"**России в отношениях с Арменией важно, чтобы Ереван не занимал антироссийскую позицию**, сообщил пресс-секретарь президента РФ Дмитрий Песков.

«Конечно, наверное, ожидали бы все-таки каких-то разъяснений от Еревана… Судя по тому, что была предоставлена площадка для антироссийских заявлений, судя по тому, что не было никаких балансирующих заявлений со стороны руководства Армении, здесь открывается поле для дополнительного анализа», — подчеркнул он.

В МИД РФ ранее заявили, что отсутствие официальной негативной реакции со стороны Еревана на выступление Владимира Зеленского в Армении с угрозами в адрес РФ **не соответствует партнерскому духу российско-армянских отношений.**

«Вот этого мы не понимаем. А почему глава правительства Армении не пытается как-то это сбалансировать своими заявлениями? Вот это пока мы не можем объяснить», — добавил господин Песков.

▪ [Подписывайтесь на «Ъ» в Telegram ](https://t.me/+bPtk49gFbCBkYzdi)| [в MAX](https://max.ru/kommersant)",26310,49,,kommersant
107089,2026-05-10T10:53:29+00:00,"**Лидер «Справедливой России» в ЯНАО Максим Лазарев умер в возрасте 48 лет, **сообщили в пресс-службе ямальского парламента.

Депутат находился в поездке в Москве, [стало известно](https://www.kommersant.ru/doc/8653007?tg) «Ъ-Урал».

__📷____ Законодательное собрание ЯНАО__

@kommersant",26249,32,,kommersant
107088,2026-05-10T10:46:13+00:00,"**Стив Уиткофф и Джаред Кушнер могут скоро посетить Россию**, [заявил](https://www.kommersant.ru/doc/8653015?tg) помощник президента РФ Юрий Ушаков.

После начала американской кампании против Ирана участие США в переговорах по Украине было приостановлено. В Москве выражали надежду на то, что Вашингтон позднее вернется к своей роли посредника в украинском урегулировании.

▪ [Подписывайтесь на «Ъ» в Telegram |](https://t.me/+bPtk49gFbCBkYzdi) [в MAX](https://max.ru/kommersant)",25368,26,,kommersant
107087,2026-05-10T10:10:13+00:00,"«Не нужно доводить до крайности»

Поздно вечером 9 мая Владимир Путин вышел к журналистам в Малахитовую гостиную и ответил на вопросы, которые, без сомнения, накопились.

Президент рассказал, какими были бы ответные действия России, если бы атака на Красную площадь состоялась; раскритиковал Армению за планы присоединиться к Евросоюзу; а также заявил, что война подходит к концу.

**__👉__****__ Подробности __**[**__читайте__**](https://www.kommersant.ru/doc/8652964?tg)**__ в репортаже специального корреспондента «Ъ» Андрея Колесникова.__**

▪ [Подписывайтесь на «Ъ» в Telegram |](https://t.me/+bPtk49gFbCBkYzdi) [в MAX](https://max.ru/kommersant)",41206,96,,kommersant
107086,2026-05-10T09:47:08+00:00,"**5 мая отмечается Всемирный день астмы. **Известный врач XIX века Сергей Боткин считал заболевание психогенным. Астматики — это люди, склонные к паническим реакциям, часто тревожные, эмоционально неустойчивые, соглашаются современные специалисты.

Стрессы играют важную роль как в возникновении болезни, так и в провоцировании обострений. Однако необязательно именно стресс становится причиной возникновения астмы. Чаще это все-таки сенсибилизация к аллергенам.

«Как нельзя излечиться от диабета первого типа, от ревматизма, так и от астмы полностью излечиться нельзя. Но, чтобы жизнь была качественной, человек должен принимать соответствующие меры. Тогда он может не чувствовать своей болезни, заниматься спортом, даже стать космонавтом, а женщины могут рожать детей. Но надо уметь хорошо контролировать болезнь»

👉 Подробности [рассказывает](https://www.kommersant.ru/doc/8635330?tg) академик Александр Чучалин, заведующий кафедрой госпитальной терапии Пироговского медицинского университета.

▪ [Подписывайтесь на «Ъ» в Telegram |](https://t.me/+bPtk49gFbCBkYzdi) [в MAX](https://max.ru/kommersant)",26575,158,,kommersant
107085,2026-05-10T09:12:36+00:00,"**Около 100 связанных с Гонконгом судов застряли в Ормузском проливе**, [сообщил](https://www.kommersant.ru/doc/8652983?tg) глава Гонконгской ассоциации судовладельцев Ричард Хекст.

По его словам, несмотря на прекращение огня между США и Ираном, использование Ормузского пролива остается рискованным — по проходящему через водный коридор судну могут открыть огонь.

▪ [Подписывайтесь на «Ъ» в Telegram |](https://t.me/+bPtk49gFbCBkYzdi) [в MAX](https://max.ru/kommersant)",30636,18,,kommersant
107084,2026-05-10T08:18:59+00:00,"✈️ **Работа аэропортов юга России восстановлена в полном объеме**, сообщили в Минтрансе.

В плане регулярных перевозок — 277 рейсов в и из аэропортов юга страны, отмен рейсов нет. За сегодня уже выполнено 83 рейса, перевезено 11 тыс. пассажиров.

Ранее из-за попадания БПЛА в здание «Аэронавигации Юга России» 13 аэропортов южных регионов приостанавливали работу.

▪ [Подписывайтесь на «Ъ» в Telegram |](https://t.me/+bPtk49gFbCBkYzdi) [в MAX](https://max.ru/kommersant)",26882,41,,kommersant
107083,2026-05-10T07:33:52+00:00,"**Власти Эстонии потребовали от Украины большего контроля над дронами, **сообщает ERR. 

«Для украинской стороны самый простой способ удерживать свои беспилотники подальше от нашей территории — это более эффективный контроль над своей деятельностью», — заявил министр обороны Эстонии Ханно Певкур.

После инцидентов Киев направит в страны Балтии своих военных экспертов.

▪ [Подписывайтесь на «Ъ» в Telegram |](https://t.me/+bPtk49gFbCBkYzdi) [в MAX](https://max.ru/kommersant)",27624,34,,kommersant
107081,2026-05-10T06:46:01+00:00,"В начале мая с разницей в один день на свет появились два выдающихся мыслителя XIX века — Карл Маркс и Зигмунд Фрейд.

Двойной повод не только попраздновать, но и [проверить](https://www.kommersant.ru/doc/8636701?tg) себя: что вы знаете и помните о самих ученых и об их взглядах.

__📷____ Сгенерировано с помощью ИИ / Wikimedia__

▪ [Подписывайтесь на «Ъ» в Telegram |](https://t.me/+bPtk49gFbCBkYzdi) [в MAX](https://max.ru/kommersant)",27082,101,,kommersant
107080,2026-05-10T06:19:14+00:00,"Круизный лайнер MV Hondius, где произошла вспышка хантавируса, [пришел](https://www.kommersant.ru/doc/8652947?tg) к испанскому острову Тенерифе.

Пассажиров доставят на берег в порт Гранадилья, вдали от жилых районов. США и несколько стран Евросоюза направят самолеты для вывоза своих граждан.

В МВД Испании подчеркивали, что люди не смогут покинуть судно до тех пор, пока их рейсы не будут готовы к вылету. Эвакуируют всех пассажиров и 17 членов экипажа. Остальной экипаж останется на борту и проследует в Нидерланды, где судно пройдет полную дезинфекцию.

▪ [Подписывайтесь на «Ъ» в Telegram |](https://t.me/+bPtk49gFbCBkYzdi) [в MAX](https://max.ru/kommersant)",26070,65,,kommersant
107079,2026-05-10T05:20:20+00:00,"**В Пакистане боевики атаковали полицейский блокпост: погибли по меньшей мере 12 человек**, [сообщает](https://www.kommersant.ru/doc/8652943?tg) AFP.

Нападение началось с того, что террорист-смертник протаранил пост на заминированном автомобиле. После взрыва на территорию ворвалась группа боевиков, которые открыли шквальный огонь. Нападавшие использовали не только тяжелое вооружение, но и БПЛА.

@kommersant",25693,26,,kommersant
107078,2026-05-10T04:32:03+00:00,"«Планируется к 2050 году покончить с туберкулезом в мире»

**116 лет назад в России была создана Лига борьбы с туберкулезом**, который тогда был центральной проблемой в медицине. 

Это самая первая болезнь, про которую было известно. Она передается воздушно-капельным путем и остается на первом месте среди инфекционных болезней, приводящих к смерти.

В раскопках находят египетских мумий с туберкулезным поражением ДНК. Античные врачи описывали чахотку в своих трактатах. Большое количество писателей упоминали чахотку и сами ею болели. Умерли от нее в том числе Антон Чехов, Эрих Мария Ремарк, Франц Кафка, Виссарион Белинский, Джордж Оруэлл.

👉 О том, откуда взялась болезнь и что она представляет собой сегодня, [рассказывает](https://www.kommersant.ru/doc/8635278?tg) член-корреспондент РАН, доктор медицинских наук Андрей Марьяндышев.

▪ [Подписывайтесь на «Ъ» в Telegram |](https://t.me/+bPtk49gFbCBkYzdi) [в MAX](https://max.ru/kommersant)",26307,49,,kommersant
107077,2026-05-10T04:08:39+00:00,"⛅️ **Главные новости к утру **

🔸 Конфликт России и Украины идет к завершению, [заявил](https://www.kommersant.ru/doc/8652916?tg) Владимир Путин.

🔸 Израиль создал секретный военный аванпост в Ираке для поддержки своей воздушной кампании против Ирана, [сообщила](https://www.kommersant.ru/doc/8652926?tg) The Wall Street Journal.

🔸 Bloomberg [сообщил](https://www.kommersant.ru/doc/8652932?tg) о рекордном истощении мировых запасов нефти.

🔸 Авиакомпании [возобновили](https://www.kommersant.ru/doc/8652925?tg) часть международных рейсов через юг России.

🔸 В России [утвердили](https://www.kommersant.ru/doc/8652938?tg) концепцию исторического просвещения в детсадах, школах и вузах. 

#главноекутру",26315,25,,kommersant
107069,2026-05-09T20:02:11+00:00,"Празднование Дня Победы

В России отметили 81-ю годовщину Победы в Великой Отечественной войне. Парады прошли в Москве и других городах. Кадры с торжественных мероприятий — в [фотогалерее «Ъ»](https://www.kommersant.ru/gallery/8652760)

#ГалереяЪ
@kommersant_photo",25029,11,,kommersant
107068,2026-05-09T19:00:01+00:00,"🌒 **Главные новости к вечеру **

▪  9 мая президент России Владимир Путин [принял](https://www.kommersant.ru/doc/8652839?tg) участие в военном параде на Красной площади.

▪  Помощник президента России Юрий Ушаков [рассказал](https://www.kommersant.ru/doc/8652863?tg) о переговорах с США по перемирию, работе над обменом и послании от Владимира Зеленского. 

▪  Петер Мадьяр [призвал](https://www.kommersant.ru/doc/8652879?tg) президента Венгрии немедленно уйти в отставку. 

▪  Индия [провела](https://www.kommersant.ru/doc/8652885?tg) испытания ракеты, способной нести несколько ядерных боезарядов.

▪  Президент Южной Осетии [анонсировал](https://www.kommersant.ru/doc/8652910?tg) подписание договора об интеграции с Россией.

▪  Власти Швеции [намерены](https://www.kommersant.ru/doc/8652901?tg) отпустить танкер Sea Owl 1 с россиянами на борту.

▪  Гендиректор «Росатома» Алексей Лихачев [рассказал](https://www.kommersant.ru/doc/8652850?tg) об альтернативе сотрудничеству «Росатома» с Siemens. 

#главноеквечеру",89532,122,,kommersant
107067,2026-05-09T18:49:57+00:00,"📰 **Другие заявления Владимира Путина** **с пресс-подхода: **

▪️ У России нет желания усугублять с кем-либо отношения, но ответ Москвы на провокации Киева в День Победы мог привести именно к этому. 

▪️Россия никого не приглашала на День Победы в этом году, но разослала всем информацию, что будет рада гостям и никому не запрещает приезжать.

▪️__ «Для нас, для России 9 мая это не комедийное шоу с игрой на клавишных инструментах, для нас это святой день. Мы ни в какие игрушки не играем»__ — о реакции Киева на перемирие

▪️ Иран не без основания доверяет России в ядерной сфере; 

▪️ США и Иран, и Израиль изначально согласились на вывоз обогащенного урана в РФ, но затем Вашингтон передумал.

▪️ Чем сильнее будет Россия, тем быстрее будут сходить на нет попытки принизить вклад СССР в победу над нацизмом;

▪️ Запад рассчитывал на крах России в течение шести месяцев в 2022 году;

▪️ Руководство Финляндии решило присоединиться к НАТО в надежде, что в России все рухнет и Хельсинки сможет «что-то оттяпать»;

▪️ __«Глупость может довести до нищеты»,__ — ответил Владимир Путин на вопрос журналистов о давлении Европы на политиков, планировавших посетить парад Победы в Москве.

▪ [Подписывайтесь на «Ъ» в Telegram](https://t.me/+bPtk49gFbCBkYzdi) [| в MAX](https://max.ru/kommersant)",23245,51,,kommersant
107066,2026-05-09T18:39:52+00:00,"Взаимодействие России и Китая** является важнейшим фактором в стабилизации международных отношений**, подчеркнул Владимир Путин.

Он также поблагодарил КНР за поддержку диверсификации высокотехнологичных отраслей.

▪ [Подписывайтесь на «Ъ» в Telegram](https://t.me/+bPtk49gFbCBkYzdi) [| в MAX](https://max.ru/kommersant)",21859,16,,kommersant
107065,2026-05-09T18:37:29+00:00,"❗️ Россия по-прежнему готова вывезти иранский обогащенный уран, сообщил Владимир Путин.

▪ [Подписывайтесь на «Ъ» в Telegram](https://t.me/+bPtk49gFbCBkYzdi) [| в MAX](https://max.ru/kommersant)",22196,28,,kommersant
107064,2026-05-09T18:34:13+00:00,"России нужно сделать так,** чтобы ей никто не угрожал,** прокомментировал Владимир Путин глубину «зоны безопасности».

▪ [Подписывайтесь на «Ъ» в Telegram](https://t.me/+bPtk49gFbCBkYzdi) [| в MAX](https://max.ru/kommersant)",23248,26,,kommersant
107063,2026-05-09T18:32:27+00:00,"❗️ Владимир Путин назвал бывшего канцлера ФРГ Шредера **предпочтительным переговорщиком для диалога между Россией и Европой.**

▪ [Подписывайтесь на «Ъ» в Telegram](https://t.me/+bPtk49gFbCBkYzdi) [| в MAX](https://max.ru/kommersant)",22921,73,,kommersant
107062,2026-05-09T18:30:42+00:00,"Россия** никогда не закрывалась** от переговоров с Европой, подтвердил Владимир Путин.

▪ [Подписывайтесь на «Ъ» в Telegram](https://t.me/+bPtk49gFbCBkYzdi) [| в MAX](https://max.ru/kommersant)",22502,38,,kommersant
107061,2026-05-09T18:28:13+00:00,"Владимир Путин считает, что **дело идет к завершению украинского конфликта.**

▪ [Подписывайтесь на «Ъ» в Telegram](https://t.me/+bPtk49gFbCBkYzdi) [| в MAX](https://max.ru/kommersant)",61278,443,,kommersant
107060,2026-05-09T18:24:48+00:00,"Переговоры о мирном урегулировании — прежде всего дело России и Украины, но **Москва не против посреднической помощи Вашингтона, **отметил Владимир Путин.

▪ [Подписывайтесь на «Ъ» в Telegram](https://t.me/+bPtk49gFbCBkYzdi) [| в MAX](https://max.ru/kommersant)",26623,36,,kommersant
107059,2026-05-09T18:22:59+00:00,"**❗️**** Владимир Путин допустил возможность встречи с Владимиром Зеленским в третьей стране,** когда будут достигнуты окончательные договоренности по украинскому урегулированию.

Он подчеркнул, что речь должна идти о подписании договоренностей, а не переговорах.

▪ [Подписывайтесь на «Ъ» в Telegram](https://t.me/+bPtk49gFbCBkYzdi) [| в MAX](https://max.ru/kommersant)",20839,60,,kommersant
107058,2026-05-09T18:19:31+00:00,"Президент США Дональд Трамп в последнем телефонном разговоре **очень достойно говорил о 9 Мая**, заявил Владимир Путин, отвечая на вопрос специального корреспондента «Ъ» Андрея Колесникова. 

▪ [Подписывайтесь на «Ъ» в Telegram](https://t.me/+bPtk49gFbCBkYzdi) [| в MAX](https://max.ru/kommersant)",20992,37,,kommersant
107057,2026-05-09T18:15:59+00:00,"❗️ Владимир Путин считает, что **было бы логичным Армении провести референдум по вопросу об участии в Евросоюзе или ЕАЭС.**

По словам президента РФ, Армения получает значительные преимущества в рамках ЕАЭС.

▪ [Подписывайтесь на «Ъ» в Telegram](https://t.me/+bPtk49gFbCBkYzdi) [| в MAX](https://max.ru/kommersant)",21233,48,,kommersant
107056,2026-05-09T18:14:46+00:00,"❗️ **Планы Армении присоединиться к ЕС «требуют особого рассмотрения»**, заявил Владимир Путин.

Он добавил, что Россия не видит ничего особенного в планах Армении присоединиться к Евросоюзу и поддержит все, что выгодно армянскому народу. 

▪ [Подписывайтесь на «Ъ» в Telegram](https://t.me/+bPtk49gFbCBkYzdi) [| в MAX](https://max.ru/kommersant)",21434,43,,kommersant
107055,2026-05-09T18:11:44+00:00,"Зарубежные лидеры, прибывшие на День Победы в Москву, **проявили личное мужество**, подчеркнул Владимир Путин.

▪ [Подписывайтесь на «Ъ» в Telegram](https://t.me/+bPtk49gFbCBkYzdi) [| в MAX](https://max.ru/kommersant)",24505,31,,kommersant
107054,2026-05-09T18:08:53+00:00,"❗️ **Россия 5 мая передала Украине предложение об обмене и направила список из 500 украинских военнопленных,** рассказал Владимир Путин.

По его словам, в Киеве заявили, что не готовы к этому обмену.

Сейчас Москва рассчитывает на то, что украинская сторона пойдет на обмен в формате «1000 на 1000», но пока **предложений от Киева не поступало.**

▪ [Подписывайтесь на «Ъ» в Telegram](https://t.me/+bPtk49gFbCBkYzdi) [| в MAX](https://max.ru/kommersant)",21743,18,,kommersant
107053,2026-05-09T18:07:57+00:00,"❗️ **У России нет желания усугублять с кем-либо отношения**, но ответ Москвы на провокации Киева в День Победы мог привести именно к этому, заявил Владимир Путин.

▪ [Подписывайтесь на «Ъ» в Telegram](https://t.me/+bPtk49gFbCBkYzdi) [| в MAX](https://max.ru/kommersant)",24536,37,,kommersant
107052,2026-05-09T18:06:58+00:00,"Россия предупредила зарубежных партнеров о возможных последствиях ответного ракетного удара по Киеву, рассказал Владимир Путин.

По его словам, Москва попросила, в частности, Вашингтон **обеспечить безопасность дипломатических представительств в украинской столице**, из этого и возникла инициатива Дональда Трампа о трехдневном перемирии.

▪ [Подписывайтесь на «Ъ» в Telegram](https://t.me/+bPtk49gFbCBkYzdi) [| в MAX](https://max.ru/kommersant)",21893,24,,kommersant
107051,2026-05-09T18:05:41+00:00,"Россия после угроз Киева не ограничилась предупреждением Минобороны и нотой МИД России, но **начала работу с важнейшими партнерами — Китаем, Индией, США**, сообщил Владимир Путин.

▪ [Подписывайтесь на «Ъ» в Telegram](https://t.me/+bPtk49gFbCBkYzdi) [| в MAX](https://max.ru/kommersant)",20894,28,,kommersant
107050,2026-05-09T18:04:05+00:00,"Парад Победы в Москве прошел без техники не из-за угроз со стороны Киева, но** потому что военные должны сосредоточиться на окончательном разгроме противника**, отметил Владимир Путин.

Он подчеркнул, что эти решения были приняты задолго до угроз со стороны Украины.

▪ [Подписывайтесь на «Ъ» в Telegram](https://t.me/+bPtk49gFbCBkYzdi) [| в MAX](https://max.ru/kommersant)",47956,175,,kommersant
107049,2026-05-09T18:03:05+00:00,"Минобороны РФ пока **не докладывало о каких-либо провокациях с украинской стороны в День Победы**, сообщил Владимир Путин.

Он добавил, что вернется на рабочее место и получит доклад от военных.

▪ [Подписывайтесь на «Ъ» в Telegram](https://t.me/+bPtk49gFbCBkYzdi) [| в MAX](https://max.ru/kommersant)",47470,30,,kommersant
107048,2026-05-09T17:37:50+00:00,"Соглашения с нефтяными компаниями об объемах поставок и стоимости топлива еще не подписаны, сообщил вице-премьер России Александр Новак.

По его словам, Минэнерго продолжает работать с нефтяниками для заключения соглашений.

▪ [Подписывайтесь на «Ъ» в Telegram](https://t.me/+bPtk49gFbCBkYzdi) [| в MAX](https://max.ru/kommersant)",24417,16,,kommersant
107047,2026-05-09T16:32:12+00:00,"**Власти Швеции намерены отпустить танкер Sea Owl 1 с россиянами на борту,** который был задержан Береговой охраной 12 марта. Судно заподозрили в нахождении в шведских территориальных водах под ложным флагом Коморских островов.

Сейчас танкер сменил флаг с Коморских островов на камерунский, сообщил инспектор Шведского транспортного агентства Йоаким Мильтон, передает SVT. 

По его словам, Камерунское морское управление подтвердило регистрацию судна, и оно теперь соответствует требованиям.

▪ [Подписывайтесь на «Ъ» в Telegram](https://t.me/+bPtk49gFbCBkYzdi) [| в MAX](https://max.ru/kommersant)",25762,40,,kommersant
107046,2026-05-09T15:58:19+00:00,"Прямо сейчас по всей России объявлена минута молчания в память об участниках Великой Отечественной войны.

▪ [Подписывайтесь на «Ъ» в Telegram](https://t.me/+bPtk49gFbCBkYzdi) [| в MAX](https://max.ru/kommersant)",25435,28,,kommersant
107045,2026-05-09T15:51:50+00:00,"**Индия провела испытания ракеты «Агни», способной нести несколько ядерных боезарядов,** сообщили в Минобороны страны. 

Разработка оснащена технологией разделяющихся головных частей индивидуального наведения (MIRV).

▪ [Подписывайтесь на «Ъ» в Telegram](https://t.me/+bPtk49gFbCBkYzdi) [| в MAX](https://max.ru/kommersant)",25821,35,,kommersant
107044,2026-05-09T15:24:51+00:00,"Президент США Дональд Трамп** верит в продление режима перемирия между Россией и Украиной, но это зависит не только от него**, отметил в беседе с журналистами помощник президента РФ Юрий Ушаков.

«Человек надеется, может, верит, почему нет. Способствует этому. Но это (продление перемирия) зависит уже не только от него, но и от двух других сторон», — сказал он.

На уточняющий вопрос, является ли надежда главы Белого дома на продление перемирия неподкрепленной, помощник российского лидера ответил утвердительно.

«Неподкрепленная, я бы сказал», — добавил господин Ушаков.

▪ [Подписывайтесь на «Ъ» в Telegram](https://t.me/+bPtk49gFbCBkYzdi) [| в MAX](https://max.ru/kommersant)",26418,26,,kommersant
107043,2026-05-09T14:45:14+00:00,"В последние месяцы Россия и Иран **резко нарастили объем торговли через Каспийское море**, сообщает The New York Times (NYT).

Этот маршрут стал альтернативным после ограничения судоходства через Ормузский пролив из-за конфликта на Ближнем Востоке, пишет газета.

В Каспийском море работают четыре иранских порта. Они принимают суда с пшеницей, кукурузой, кормами для животных, подсолнечным маслом и другими товарами, которые раньше поставлялись через Ормузский пролив.

▪ [Подписывайтесь на «Ъ» в Telegram](https://t.me/+bPtk49gFbCBkYzdi) [| в MAX](https://max.ru/kommersant)",58157,76,,kommersant
107042,2026-05-09T13:48:51+00:00,"Москва **готовила списки военнопленных на обмен еще до объявления перемирия**, однако никакого ответа от Киева на них не последовало, сообщил помощник президента РФ Юрий Ушаков.

▪ [Подписывайтесь на «Ъ» в Telegram](https://t.me/+bPtk49gFbCBkYzdi) [| в MAX](https://max.ru/kommersant)",49216,71,,kommersant
107041,2026-05-09T13:44:30+00:00,"В течение всего дня 9 мая службы **активно работают со списками военнопленных, если договорятся, то начнется обмен пленными между РФ и Украиной**, сообщил помощник президента РФ Юрий Ушаков.

На обмен пленными требуется время, но все это можно сделать быстро, отметил он.

▪ [Подписывайтесь на «Ъ» в Telegram](https://t.me/+bPtk49gFbCBkYzdi) [| в MAX](https://max.ru/kommersant)",25419,22,,kommersant
107040,2026-05-09T13:40:30+00:00,"«Нет, без парада техники это было не то. Не то».

9 мая президент России Владимир Путин принял участие в военном параде на Красной площади и затем поделился впечатлениями о том, как это было, с коллегой из Словакии. Специальный корреспондент «Ъ» **Андрей Колесников** [поделился](https://www.kommersant.ru/doc/8652839?tg) тем, как это было, с читателями «Ъ».

📷 __пресс-служба президента РФ__

▪ [Подписывайтесь на «Ъ» в Telegram](https://t.me/+bPtk49gFbCBkYzdi) [| в MAX](https://max.ru/kommersant)",26812,50,,kommersant
107039,2026-05-09T13:23:52+00:00,"Беспилотники ВСУ  атаковали объекты гражданской инфраструктуры Чеченской Республики, **пострадали шесть человек**, сообщил ТАСС вице-премьер правительства, министр по национальной политике, внешним связям, печати и информации Ахмед Дудаев.

По словам господина Дудаева, при атаке повреждены продуктовый супермаркет, многоэтажный жилой дом в районе Ипподромный и частный дом в селе Пролетарское. 

Два остальных сбитых дрона упали в полях фермы в поселке Катаяма и в селе Белгатой, уточнил вице-премьер.

@kommersant",25218,69,,kommersant
107038,2026-05-09T12:47:12+00:00,"**Парламент Венгрии избрал лидера партии «Тиса» Петера Мадьяра премьер-министром страны.**

В его поддержку выступили 140 депутатов, против — 54, один воздержался.

▪ [Подписывайтесь на «Ъ» в Telegram](https://t.me/+bPtk49gFbCBkYzdi) [| в MAX](https://max.ru/kommersant)",25113,31,,kommersant
107037,2026-05-09T12:40:36+00:00,"**Гендиректор «Росатома» Алексей Лихачев подтвердил, что компания прекращает сотрудничество с немецкой Siemens. **Причиной стали «непотребное поведение» немецкой компании как поставщика и отказ Германии от атомной энергетики, что, по словам господина Лихачева, привело к утрате влияния страны на глобальном рынке.

«Мы не будем с ними работать. Мы нашли замену и у себя, и в дружественных странах»,— [заявил](https://www.kommersant.ru/doc/8652850?tg) глава «Росатома» журналистам. 

Он подчеркнул, что в проектах корпорации в России и за рубежом теперь используются решения, не связанные с Siemens, включая системы управления, автоматизацию, электротехнику и системы выдачи мощности.

▪ [Подписывайтесь на «Ъ» в Telegram](https://t.me/+bPtk49gFbCBkYzdi) [| в MAX](https://max.ru/kommersant)",25761,86,,kommersant
107036,2026-05-09T12:15:10+00:00,"Владимир Путин и Роберт Фицо завершили переговоры в Кремле. 

Как сообщил помощник российского президента Юрий Ушаков, словацкий премьер проинформировал Владимира Путина о своем контакте с Владимиром Зеленским, но никаких посланий от него не передавал. 

Среди многих других вопросов стороны обсуждали украинскую тему в ходе переговоров, добавил господин Ушаков.

▪ [Подписывайтесь на «Ъ» в Telegram](https://t.me/+bPtk49gFbCBkYzdi) [| в MAX](https://max.ru/kommersant)",25571,12,,kommersant
107035,2026-05-09T11:34:15+00:00,"Поездка представителей администрации США, в том числе Стива Уиткоффа в Москву **пока не готовится**, сообщил пресс-секретарь президента РФ Дмитрий Песков.

▪ [Подписывайтесь на «Ъ» в Telegram](https://t.me/+bPtk49gFbCBkYzdi) [| в MAX](https://max.ru/kommersant)",25618,14,,kommersant
107034,2026-05-09T11:10:08+00:00,"Контакты Москвы и Вашингтона **активизировались на фоне угроз Киева и предупреждения России о возможном ответ**е, в результате была достигнута договоренность о перемирии, заявил журналистам помощник президента РФ Юрий Ушаков.

«Естественно, не было и массированного ответного ракетного удара по Киеву».

Он отметил, что в большинстве мировых столиц с пониманием отнеслись к предупреждениями Москвы в ответ на террористические угрозы Киева.

▪ [Подписывайтесь на «Ъ» в Telegram](https://t.me/+bPtk49gFbCBkYzdi) [| в MAX](https://max.ru/kommersant)",26106,16,,kommersant
107033,2026-05-09T10:45:27+00:00,"Украинская сторона **знает, что нужно сделать для того, чтобы следующий раунд переговоров был успешным**, заявил помощник президента России Юрий Ушаков.

▪ [Подписывайтесь на «Ъ» в Telegram](https://t.me/+bPtk49gFbCBkYzdi) [| в MAX](https://max.ru/kommersant)",24890,24,,kommersant
107032,2026-05-09T10:43:56+00:00,"❗️ В трехсторонних переговорах по Украине взята пауза, о следующем раунде договоренностей не достигнуто, заявил помощник президента России Юрий Ушаков.

▪ [Подписывайтесь на «Ъ» в Telegram](https://t.me/+bPtk49gFbCBkYzdi) [| в MAX](https://max.ru/kommersant)",25370,34,,kommersant
107031,2026-05-09T10:42:23+00:00,"Россия будет делать все, чтобы удовлетворить потребности Словакии в энергоресурсах, заявил Владимир Путин.

▪ [Подписывайтесь на «Ъ» в Telegram](https://t.me/+bPtk49gFbCBkYzdi) [| в MAX](https://max.ru/kommersant)",23789,29,,kommersant
107030,2026-05-09T10:33:26+00:00,"За время перемирия **ВСУ предприняты 12 атак позиций российских подразделений**, сообщили в Минобороны РФ.

▪ [Подписывайтесь на «Ъ» в Telegram](https://t.me/+bPtk49gFbCBkYzdi) [| в MAX](https://max.ru/kommersant)",24211,29,,kommersant
107029,2026-05-09T10:32:53+00:00,"**Средства ПВО за сутки сбили 467 беспилотников ВСУ,** восемь управляемых авиабомб и один снаряд HIMARS, сообщили в Минобороны РФ.

▪ [Подписывайтесь на «Ъ» в Telegram](https://t.me/+bPtk49gFbCBkYzdi) [| в MAX](https://max.ru/kommersant)",28141,65,,kommersant
107028,2026-05-09T10:30:19+00:00,"Все группировки российских войск в зоне спецоперации с полуночи 8 мая** строго соблюдают режим прекращения огня и остаются на ранее занятых рубежах**, сообщили в Минобороны РФ.

При этом российская сторона зафиксировала с начала перемирия 8970 нарушений режима прекращения огня, добавили в ведомстве. 

▪ [Подписывайтесь на «Ъ» в Telegram](https://t.me/+bPtk49gFbCBkYzdi) [| в MAX](https://max.ru/kommersant)",24759,22,,kommersant
107027,2026-05-09T10:17:18+00:00,"▶️ **Тысячи людей участвовали в шествии «Бессмертного полка» в Санкт-Петербурге**. В 12:30 участники нескончаемым потоком направились по Невскому проспекту в сторону Дворцовой площади.

▪ [Подписывайтесь на «Ъ» в Telegram](https://t.me/+bPtk49gFbCBkYzdi) [| в MAX](https://max.ru/kommersant)",25348,61,,kommersant
107026,2026-05-09T09:50:43+00:00,"Выход на мирное соглашение — это очень долгий путь со сложными деталями, заявил пресс-секретарь президента РФ Дмитрий Песков.

▪ [Подписывайтесь на «Ъ» в Telegram](https://t.me/+bPtk49gFbCBkYzdi) [| в MAX](https://max.ru/kommersant)",24504,29,,kommersant
107025,2026-05-09T09:12:58+00:00,"**Сняты временные ограничения на работу мобильного интернета и отправку СМС в Москве, **связанные с обеспечением безопасности во время празднования Дня Победы, сообщили в Минцифры. 

«Пока работает ""белый список"" сайтов, с 13:00 мск все ресурсы будут доступны в полном объеме».

В министерстве уточнили, что при непосредственных угрозах безопасности могут точечно вводиться ограничительные меры. 

«В таком случае операторы оперативно предупредят абонентов».

📡 [Сети меняются. Мы следим. Подписывайтесь.](https://t.me/+SkQgmXpzMqFjZjli)",26272,68,,kommersant
107024,2026-05-09T08:51:05+00:00,"Владимир Путин **призвал жестко пресекать попытки фальсификации истории,** героизации нацистов и коллаборационистов: 

«Наш долг — не допустить оправдания геноцида граждан СССР и других злодеяний нацистских преступников. Они однозначно осуждены решениями Нюрнбергского трибунала и не имеют срока давности».

▪ [Подписывайтесь на «Ъ» в Telegram](https://t.me/+bPtk49gFbCBkYzdi) [| в MAX](https://max.ru/kommersant)",25914,28,,kommersant
107023,2026-05-09T08:50:18+00:00,"Формирующаяся сегодня более справедливая многополярная архитектура мира **должна опираться на нормы Устава ООН во всей их полноте и исходить из принципа равной и неделимой безопасности**, подчеркнул Владимир Путин.

▪ [Подписывайтесь на «Ъ» в Telegram](https://t.me/+bPtk49gFbCBkYzdi) [| в MAX](https://max.ru/kommersant)",25036,18,,kommersant
107022,2026-05-09T08:45:18+00:00,"Россия никогда не делила Победу на свою и чужую, чтит память о боевом союзничестве, заявил Владимир Путин.

Он отметил, что народы Советского Союза внесли решающий вклад в разгром нацизма, но в России чтут и вклад стран антигитлеровской коалиции.

▪ [Подписывайтесь на «Ъ» в Telegram](https://t.me/+bPtk49gFbCBkYzdi) [| в MAX](https://max.ru/kommersant)",25193,26,,kommersant
107017,2026-05-09T07:54:29+00:00,"Владимир Путин вместе с главами союзных государств возлагает цветы к Могиле Неизвестного Солдата в Александровском саду в Москве.

Память участников Великой Отечественной войны почтили в том числе президент Белоруссии Александр Лукашенко, глава Казахстана Касым-Жомарт Токаев, президент Узбекистана Шавкат Мирзиёев.

▪ [Подписывайтесь на «Ъ» в Telegram](https://t.me/+bPtk49gFbCBkYzdi) [| в MAX](https://max.ru/kommersant)",25563,15,,kommersant
107016,2026-05-09T07:49:12+00:00,"После завершения парада Победы Владимир Путин пообщался с ветеранами и пожал им руки.

▪ [Подписывайтесь на «Ъ» в Telegram](https://t.me/+bPtk49gFbCBkYzdi) [| в MAX](https://max.ru/kommersant)",32026,25,,kommersant
107015,2026-05-09T07:46:54+00:00,"❗️ Парад на Красной площади в честь 81-летия Победы советского народа в Великой Отечественной войне **завершился песней «Прощание Славянки».**

▪ [Подписывайтесь на «Ъ» в Telegram](https://t.me/+bPtk49gFbCBkYzdi) [| в MAX](https://max.ru/kommersant)",23173,14,,kommersant
107014,2026-05-09T07:44:44+00:00,"Над Красной площадью пролетели летчики пилотажных групп «Русские витязи» и «Стрижи» в знаменитом «Кубинском бриллианте». 

Возглавляет группу подполковник Владимир Мордасов.

▪ [Подписывайтесь на «Ъ» в Telegram](https://t.me/+bPtk49gFbCBkYzdi) [| в MAX](https://max.ru/kommersant)",22724,37,,kommersant
107013,2026-05-09T07:43:52+00:00,"Завершили пешую часть парада — курсанты высшего общевойскового училища.

▪ [Подписывайтесь на «Ъ» в Telegram](https://t.me/+bPtk49gFbCBkYzdi) [| в MAX](https://max.ru/kommersant)",21398,0,,kommersant
107012,2026-05-09T07:39:54+00:00,"**Расчет военнослужащих КНДР, **участвовавших в освобождении Курской области, принимают участие в Параде Победы на Красной площади в Москве.

▪ [Подписывайтесь на «Ъ» в Telegram](https://t.me/+bPtk49gFbCBkYzdi) [| в MAX](https://max.ru/kommersant)",46162,184,,kommersant
107011,2026-05-09T07:37:08+00:00,"**Началось движение пеших парадных расчётов. **В этом году парад открывают курсанты военного института имени Александра Невского.

▪ [Подписывайтесь на «Ъ» в Telegram](https://t.me/+bPtk49gFbCBkYzdi) [| в MAX](https://max.ru/kommersant)",21837,10,,kommersant
107010,2026-05-09T07:32:04+00:00,"📰 **Главное из выступления президента России:**

🔵 Великий подвиг поколения победителей вдохновляет воинов спецоперации;

🔵 Русский характер и сила духа с особой мощью проявляются в трудные времена;

🔵 Бойцы СВО противостоят агрессивной силе, которая поддерживается всем блоком НАТО, и несмотря на это они идут вперед;

🔵 Как бы ни менялись техника и способы ведения боя, неизменным остается главное: судьбу страны вершат люди;

🔵 Победа в СВО куется и на поле боя, и в тылу; 

🔵 «Наше дело правое»;

🔵 Российские ученые, инженеры создают передовые, уникальные образцы вооружения, разворачивают их массовое производство;

🔵 Залог успеха России — моральная, нравственная сила, отвага, сплоченность, способность выдержать все, одолеть любые испытания.

▪ [Подписывайтесь на «Ъ» в Telegram](https://t.me/+bPtk49gFbCBkYzdi) [| в MAX](https://max.ru/kommersant)",25876,47,,kommersant
107008,2026-05-09T07:26:16+00:00,"▶ Парад, посвященный 81-летию Победы в Великой Отечественной войне, проходит на Красной площади в Москве.

🔈 **__Присоединяйтесь к __**[**__нашей трансляции в Telegram.__**](https://t.me/kommersant?livestream)",21168,12,,kommersant
107006,2026-05-09T07:22:44+00:00,"Новый разговор президентов России и США Владимира Путина и Дональда Трампа** пока не запланирован**, заявил представитель Кремля Дмитрий Песков.

«Нет, сейчас нет таких планов».

▪ [Подписывайтесь на «Ъ» в Telegram](https://t.me/+bPtk49gFbCBkYzdi) [| в MAX](https://max.ru/kommersant)",20643,4,,kommersant
107004,2026-05-09T07:21:24+00:00,"❗️ Владимир Путин объявил **минуту молчания**.

▪ [Подписывайтесь на «Ъ» в Telegram](https://t.me/+bPtk49gFbCBkYzdi) [| в MAX](https://max.ru/kommersant)",21137,6,,kommersant
107003,2026-05-09T07:18:26+00:00,"Советский солдат в годы Великой Отечественной **вернул суверенитет тем странам, которые капитулировали перед Адольфом Гитлером и стали соучастницами его преступлений**, подчеркнул Владимир Путин.

▪ [Подписывайтесь на «Ъ» в Telegram](https://t.me/+bPtk49gFbCBkYzdi) [| в MAX](https://max.ru/kommersant)",22710,34,,kommersant
107000,2026-05-09T07:16:30+00:00,"Владимир Путин поздравил участников парада на Красной площади с 81-й годовщиной Победы советского народа в Великой Отечественной войне.

▪ [Подписывайтесь на «Ъ» в Telegram](https://t.me/+bPtk49gFbCBkYzdi) [| в MAX](https://max.ru/kommersant)",21127,16,,kommersant
106997,2026-05-09T07:15:52+00:00,"**❗️**** Попыток срыва празднования Дня Победы сегодня не было,** сообщил пресс-секретарь президента России Дмитрий Песков.

▪ [Подписывайтесь на «Ъ» в Telegram](https://t.me/+bPtk49gFbCBkYzdi) [| в MAX](https://max.ru/kommersant)",21489,36,,kommersant
106995,2026-05-09T07:13:59+00:00,"**Продление перемирия на Украине после 11 мая пока не обсуждалось,** заявил пресс-секретарь президента России Дмитрий Песков.

▪ [Подписывайтесь на «Ъ» в Telegram](https://t.me/+bPtk49gFbCBkYzdi) [| в MAX](https://max.ru/kommersant)",21487,21,,kommersant
106992,2026-05-09T07:10:09+00:00,"Министр обороны России Андрей Белоусов принимает парад в Москве.

▪ [Подписывайтесь на «Ъ» в Telegram](https://t.me/+bPtk49gFbCBkYzdi) [| в MAX](https://max.ru/kommersant)",22554,27,,kommersant
106990,2026-05-09T07:01:03+00:00,"▶ Парад, посвященный 81-летию Победы в Великой Отечественной войне, проходит на Красной площади в Москве.

🔈 **__Присоединяйтесь к __**[**__нашей трансляции.__**](https://vkvideo.ru/video-23482909_456263648?back_url=&list=85a255d323c962574b&preview=&screen=&source=&webcast=)",28292,8,,kommersant
106989,2026-05-09T06:59:19+00:00,"❗️ Владимир Путин и иностранные лидеры прибыли на Красную площадь на парад Победы.

▪ [Подписывайтесь на «Ъ» в Telegram](https://t.me/+bPtk49gFbCBkYzdi) [| в MAX](https://max.ru/kommersant)",23416,3,,kommersant
106983,2026-05-09T06:21:00+00:00,"**США и Иран могут возобновить прямой диалог на следующей неделе**, пишет The Wall Street Journal (WSJ). 

Предполагается, что стороны будут согласовывать пункты меморандума о взаимопонимании, который разрабатывают Тегеран и Вашингтон при участии посредников. 

Этот документ определит рамки будущих переговоров, которые будут посвящены уже завершению войны.

▪ [Подписывайтесь на «Ъ» в Telegram](https://t.me/+bPtk49gFbCBkYzdi) [| в MAX](https://max.ru/kommersant)",24943,23,,kommersant
106982,2026-05-09T06:03:12+00:00,"День Победы является для Владимира Путина не только «днем гордости со слезами на глазах»,** но и непростым рабочим днем,** сказал его пресс-секретарь Дмитрий Песков. 

Он уточнил, что сегодня у президента состоится «целый марафон двусторонних встреч».

Как напомнил господин Песков, президент сначала выступит на Красной площади, затем возложит венок к Могиле Неизвестного Солдата вместе с гостями, а после проведет несколько встреч в Кремле с лидерами других стран.

«Помимо того, что он торжественный, помимо того, что он мемориальный, помимо того, что, как для любого русского, (для Владимира Путина.— ""Ъ"") это день гордости со слезами на глазах, для него это еще и рабочий день».

▪ [Подписывайтесь на «Ъ» в Telegram](https://t.me/+bPtk49gFbCBkYzdi) [| в MAX](https://max.ru/kommersant)",25676,20,,kommersant
106981,2026-05-09T05:21:48+00:00,"**Лидер КНДР Ким Чен Ын направил Владимиру Путину поздравление по случаю 81-й годовщины победы в Великой Отечественной войне**, сообщил ЦТАК.

Он выразил надежду, что победоносная история России будет продолжаться.

Ким Чен Ын также высказал слова гордости за то, что ведет корейско-российские отношения вместе с господином Путиным и открывает «новый блестящий период самостоятельности и достоинства, мира и процветания по общему идеалу и чаянию народов двух стран». 

▪ [Подписывайтесь на «Ъ» в Telegram](https://t.me/+bPtk49gFbCBkYzdi) [| в MAX](https://max.ru/kommersant)",25650,30,,kommersant
