id,date,text,views,forwards,replies,channel_short
15014,2026-06-02T06:02:31+00:00,"👶🏻 **Здоровье человека формируется с детства**

Именно в юном возрасте закладываются привычки, которые в дальнейшем влияют на физическое состояние, уровень энергии и общее самочувствие.

💪 Если здоровый образ жизни становятся нормой в детстве, то в старшем возрасте мы начинаем следовать ему не потому что «так надо», а потому что забота о себе становится базовой потребностью.

Мы подготовили карточки, в которых наглядно показали, как маленькие шаги в детстве становятся фундаментом здоровых привычек в старшем возрасте.

💬 [Получить MAXимум пользы для здоровья](https://max.ru/minzdrav_ru)",235,5,5,minzdrav_ru
15011,2026-06-01T16:45:17+00:00,"🏥 **Михаил Мурашко: Бесплатным лекобеспечением охвачены свыше 3 млн. человек, перенесших сосудистые катастрофы**

Об этом министр здравоохранения РФ Михаил Мурашко сообщил на ежегодной сессии НМИЦ сердечно-сосудистой хирургии им. А.Н. Бакулева Минздрава России, посвященной 70-летию центра.

Министр отметил, что изменения, происходящие сегодня в отрасли здравоохранения, в том числе в сердечно-сосудистой хирургии, носят масштабный характер. 

➡️ Завершившийся нацпроект «Здравоохранение» сформировал систему медицинской помощи, доступной для граждан нашей страны независимо от места их проживания. Новый нацпроект «Продолжительная и активная жизнь» строится на основе результатов и инициатив, доказавших свою эффективность.

__— Нацпроект «Продолжительная активная жизнь» включает лекарственное обеспечение всех пациентов, перенесших сосудистые катастрофы, а это уже более 3 млн человек. Сегодня на терапии находится почти один миллион человек. Хочу отметить, что этот проект в Народной программе «Единая Россия» занимает главенствующее место, поскольку именно он дал возможность снизить летальность от повторных инфарктов, инсультов и обеспечить комфортную реабилитацию пациентов, перенёсших сосудистую катастрофу, — сказал он.__

↪️ Он добавил, что сегодня по поручению Президента реализуется программа по модернизации и внедрению новых технологий в работу федеральных центров.

Также в рамках нацпроекта «Продолжительная и активная жизнь» создается сеть центров, которые проводят диагностику с помощью радиофармпрепаратов, включая поставку оборудования для ПЭТ/КТ, циклотронов. 

__— В НМИЦ сердечно-сосудистой хирургии им. А.Н. Бакулева Минздрава России также идёт создание циклотронного комплекса, который создаст новые возможности для диагностики заболеваний, — уточил министр.__

📌 Михаил Мурашко подчеркнул, что программа государственных гарантий не отстает от темпов развития материально-технической базы.  

__— В прошлом году более 60 млрд рублей было дополнительно направлено на оказание медицинской помощи. В первую очередь, это были пациенты с сердечно-сосудистыми заболеваниями, — сказал министр.

__💬 [Получить MAXимум пользы для здоровья](https://max.ru/minzdrav_ru)

#СетьНМИЦев",874,5,4,minzdrav_ru
15005,2026-06-01T14:10:16+00:00,"🏥 **Михаил Мурашко поздравил сотрудников НМИЦ сердечно-сосудистой хирургии им. А.Н. Бакулева Минздрава России с 70-летием Центра**

Министр здравоохранения РФ Михаил Мурашко вместе с Председателем Совета Федерации Валентиной Матвиенко вручил коллективу центра Орден Пирогова.

➡️ Также гости вручили государственные награды сотрудникам центра и посетили клинические подразделения медучреждения, пообщались с пациентами и сотрудниками детских клинических подразделений, ознакомились с выставкой медицинских изделий, разработанных и изготавливаемых в центре им. Бакулева.

Михаил Мурашко отметил, что сегодня в России действует 846 сосудистых центров. 

📌 Также помощь детскому населению с врожденными пороками сердца оказывается в 83 центрах страны, из них для детей первого года жизни — 33 медорганизации, для новорожденных — 31.

__— В НМИЦ сердечно-сосудистой хирургии им. А. Н. Бакулева Минздрава России в 2025 году получили хирургическую помощь более 930 новорожденных детей, — сказал министр.__

Также министр сообщил, что в детском реабилитационном центре на базе НМИЦ сердечно-сосудистой хирургии им. А. Н. Бакулева Минздрава России ежегодно более 2 тыс. маленьких пациентов проходят восстановительное лечение.

➡️ В подразделении разрабатываются и внедряются такие уникальные методики, как тренировки на аква-велотренажере, доказавшие свою эффективность в повышении физической работоспособности и адаптации к гипоксии.

Важно, что в НМИЦ сердечно-сосудистой хирургии им. А. Н. Бакулева Минздрава России проводятся диагностика и лечение всего спектра патологий сердечно-сосудистой системы у пациентов любого возраста: врожденных и приобретенных пороков сердца, ишемической болезни сердца, аритмий, сердечной недостаточности, сосудистых заболеваний и множества других.

__— Ежегодно через консультативно-диагностический блок проходит более 65 тыс. человек, 25 тыс. пациентов получают лечение в стационарном отделении, 17,5 тыс. пациентам оказывают хирургическое лечение, из них 5 тыс. — это операции на открытом сердце, — сообщил Михаил Мурашко. __

↪️ Министр подчеркнул, что НМИЦ сердечно-сосудистой хирургии им. А. Н. Бакулева Минздрава России  — это не только ведущее медучреждение по сердечно-сосудистой хирургии, но и научно-образовательный центр, а также база для проведения телемедицинских консультаций.

__— За последние 6 лет в 70 раз увеличилось количество телемедицинских консультаций с федеральными центрами, — сказал глава Минздрава России. __

Он отметил методологическую роль федерального центра Минздрава России в области сердечно-сосудистой хирургии.

__— Специалисты центра приняли участие в разработке более 40 клинических рекомендаций. Эти клинические рекомендации позволили нам с 2026 года перейти к новому формату диагностики и ведения пациентов. Мы сегодня погрузили в программу государственных гарантий раннюю диагностику дислипидемий, врожденных дислипидемий, — сказал министр. __

✅ Помимо лекарственной терапии, активно внедряются сорбционные методы лечения пациентов с такими патологиями. Для этой категории граждан также предусмотрены отдельные тарифы на оказание медицинской помощи.

__— Все это позволяет избежать ранних сосудистых катастроф, которые встречаются у молодых людей трудоспособного возраста 40-50 лет, — сказал он.__

Министр подчеркнул, что в целом все принятые меры принесли ощутимые результаты.

__— В сфере сердечно-сосудистой хирургии малоинвазивные вмешательства с сосудистым доступом выросли только за последние пять лет на более чем 60%. Также за последние шесть лет в целом по стране снизились показатели смертности на 23%. Это, конечно, заслуга, в том числе и сотрудников центра, — заключил он.__

#ЗдоровьеДетей
#СетьНМИЦев",791,6,3,minzdrav_ru
14998,2026-06-01T13:03:43+00:00,"👦 #ПростыеПравила: **Как защитить ребенка от падения из окна в летний период?
**
Об этом рассказал заведующий отделением травматологии и ортопедии Российской детской клинической больницы Минздрава России Александр Саутенко.

__— С наступлением жаркой погоды возрастает риск тяжелых травм у детей, связанных с падением из окон. Маленькие дети активно исследуют пространство, при этом еще не способны оценивать высоту и риск падения, — рассказал эксперт.
__
 Наиболее уязвимы дети младшего возраста — примерно от 1,5 до 7 лет: они уже достаточно активны, но еще не понимают опасности высоты.

❗️ **Как обезопасить ребенка:**

 ▫️ Установить защитные механизмы на окна;
 ▫️ Убрать мебель от подоконников, чтобы ребенок не мог забраться наверх;
 ▫️ Отказаться от открытия окна нараспашку, если в комнате находится маленький ребенок;
 ▫️ Обеспечить постоянный контроль за ребенком в помещении с открытым окном.

Подробнее об этом смотрите в наших карточках 📲

О полезных привычках смотрите  на сайте [ТакЗдорово](https://www.takzdorovo.ru/)

**1 июня — Международный день защиты детей

**💬[ Получить MAXимум пользы для здоровья](https://max.ru/minzdrav_ru)",1949,16,1,minzdrav_ru
14996,2026-06-01T10:10:31+00:00,"👨‍⚕️ **Врачи Тюменской области спасли пациента с раком легкого благодаря ранней диагностике**

62-летний мужчина обратился в поликлинику по месту жительства с жалобами на длительный кашель, одышку и общую слабость. По словам пациента, он курил более 40 лет.

➡️ В ходе обследования врачи выявили затемнение в верхней доле левого легкого. Медики провели антибактериальную терапию и направили пациента в Многопрофильный клинический медицинский центр ""Медицинский город"". 

В медучреждении специалисты провели компьютерную томографию, а также биопсию участка легочной ткани. Гистологическое исследование подтвердило диагноз — плоскоклеточный рак легкого. Опухоль не вышла за пределы органа, метастазов обнаружено не было.

В ходе малотравматичной операции хирурги через небольшие проколы с помощью камеры удалили пораженный участок легкого в пределах здоровых тканей.

💡 Данный метод позволяет сократить сроки восстановления, снизить болевые ощущения и быстрее вернуться к обычной жизни.

—__ Курил почти всю жизнь, знал, конечно, что вредно, но думал, меня это обойдёт стороной. Пока однажды кашель не стал таким сильным, что ночью спать перестал, — рассказал пациент. —  Врачи нашли опухоль рано, успели прооперировать. Теперь понимаю, везунчик я оказался. Но зачем ждать чуда? Лучше бросить заранее.__

❤️ Операция прошла успешно. Сейчас пациент чувствует себя хорошо, находится в ремиссии и выписан домой под амбулаторное наблюдение.

#МедицинаРегионов

💬[ Получить MAXимум пользы для здоровья](https://max.ru/minzdrav_ru)",1012,7,0,minzdrav_ru
14995,2026-06-01T06:03:11+00:00,"😷** ****#ПростыеПравила****: Как пассивное курение опасно для  здоровья детей**

Об этом рассказала заведующая Консультативно-диагностическим центром Российской детской клинической больницы Минздрава России, педиатр Анна Усачева.

__— У детей не существует безопасного уровня воздействия табачного дыма. Даже если взрослые курят не рядом с ребенком, продукты горения табака сохраняются в помещении, оседают на одежде, волосах и предметах, формируя так называемое остаточное воздействие, — заявила эксперт.__

🚭 Пассивное курение особенно опасно для здоровья детей, так как у них дыхательные пути и слизистая легче воспаляются, а иммунная система только формируется. 

Из-за того, что дети делают вдохи чаще, чем взрослые, их маленький организм получает гораздо больше токсинов на килограмм веса, чем организм взрослого.

📋 Чем пассивное курение опасно для ребенка:

1️⃣ Риск бронхитов и пневмоний повышается на 50–100%, а риск госпитализации — на 30–70%;
2️⃣ Вероятность симптомов астмы и свистящего дыхания вырастает на 20–40%, а при уже имеющейся астме частота обострений увеличивается на 20–50%;
3️⃣ Риск среднего отита выше на 20–60%, что в раннем возрасте может влиять на слух и развитие речи.
4️⃣ К школьному возрасту у ребенка могут ухудшиться показатели работы легких, а во взрослой жизни — повыситься риск хронических бронхолегочных заболеваний.

__— Даже редкое курение в семье создает накопительный эффект. Ребенок подвергается воздействию ежедневно, и ключевую роль играет именно длительность контакта, — подчеркнула Анна Усачева.__

🚨 Наиболее эффективной мерой защиты ребенка остается полный отказ от курения в семье, особенно если дети маленькие или имеют заболевания дыхательной системы.
**
**💬[ Получить MAXимум пользы для здоровья](https://max.ru/minzdrav_ru)",1778,17,0,minzdrav_ru
14994,2026-05-31T16:25:29+00:00,"🧑‍⚕️ **Медсестра из Новгородской области спасла женщину, которая впала в диабетическую кому **

Старшая медицинская сестра Центральной городской клинической больницы Великого Новгорода Ольга Алексеева, возвращаясь домой, увидела женщину без сознания.

Медик почувствовала запах ацетона, характерный при жизнеугрожающем состоянии у людей с диабетом. Как позже выяснилось, женщина забыла вовремя сделать инъекцию инсулина и выпила сладкий напиток.

Старшая медсестра незамедлительно вызвала скорую, оказала первую помощь и до приезда бригады контролировала состояние женщины.

❤️ Все время до приезда бригады скорой медицинской помощи Ольга Алексеева оставалась рядом, а затем сопроводила женщину в больницу.

#МедицинаРегионов

💬[ Получить MAXимум пользы для здоровья](https://max.ru/minzdrav_ru)",1722,5,1,minzdrav_ru
14993,2026-05-31T11:04:54+00:00,"🚭 #ПростыеПравила: **Почему отказ от курения – лучшее решение для вашего здоровья
**
Об этом рассказала руководитель Центра профилактики и контроля потребления табака НМИЦ терапии и профилактической медицины Минздрава России Маринэ Гамбарян.

__– Негативное воздействие табачного дыма и никотина практически на все органы и системы организма начинается с первой выкуренной сигареты, что делает риск рака легкого и инфаркта лишь частью долгосрочных последствий курения, – заявила эксперт. __

📋 **К каким последствиям приводит курение:**

▫️ Даже одна сигарета в день более чем в два раза повышает риск смерти от инфаркта миокарда и инсульта;
▫️ До 80–90% случаев хронической обструктивной болезни легких связаны с курением;
▫️ Курение вызывает рак легкого, полости рта, гортани, пищевода, желудка, поджелудочной железы, мочевого пузыря, почек и шейки матки;
▫️ Курение повышает риск гастрита, язвенной болезни и рефлюкса, а также увеличивает риск развития сахарного диабета 2-го типа на 30–40%;
▫️ У мужчин ухудшается качество сперматозоидов и повышается риск эректильной дисфункции, у женщин снижается фертильность, осложняется течение беременности;
▫️ Ворзрастает риск заболеваний десен и зубов. 

__— После отказа от курения организм начинает восстанавливаться практически сразу. Уже в первые месяцы улучшается дыхание и кровообращение, а в течение года риск сердечно-сосудистой смерти снижается примерно вдвое, — подытожила эксперт.

__**31 мая – Всемирный день без табака**

💬[ Получить MAXимум пользы для здоровья](https://max.ru/minzdrav_ru)",3678,50,4,minzdrav_ru
14992,2026-05-31T06:03:52+00:00,"👨‍⚕️ **Молодой специалист приступил к работе в Республике Тыва**

Новый фельдшер Чамбал Оваадай приступил к работе в фельдшерско-акушерском пункте в селе Тоолайлыг.

➡️ Молодой специалист в 2023 году окончил Республиканский медицинский колледж в Кызыле по специальности «Лечебное дело» и после прошел службу в армии.

__— После службы я хотел вернуться в родной район и продолжить работу по специальности. Когда узнал, что в Тоолайлыге нужен фельдшер, решил, что хочу здесь работать. Здесь моя помощь действительно нужна людям, — рассказал Чамбал Оваадай.__

Сегодня фельдшер ежедневно принимает пациентов, обеспечивая своевременную диагностику и лечение заболеваний. 

❤️‍🩹 Чамбал Оваадай стал участником программы «Земский доктор», которая направлена на поддержку медицинских кадров, переехавших на работу в сельскую местность.

#МедицинаРегионов
#БудущееМедицины

💬[ Получить MAXимум пользы для здоровья](https://max.ru/minzdrav_ru)",1661,2,1,minzdrav_ru
14989,2026-05-30T11:02:22+00:00,"🏥 **Врачи федерального центра Минздрава России спасли 6-летнего мальчика с гигантской опухолью сердца
**
В НМИЦ им. ак. Е.Н. Мешалкина Минздрава России поступил 6-летний пациент из Екатеринбурга. Из-за редчайшей генетической особенности с рождения ему диагностировали фиброму сердца (доброкачественное новообразование).

📌 Обычно такая опухоль не угрожает жизни, но у ребенка она поразила практически весь орган: межжелудочковую перегородку, переднюю стенку правого желудочка и элементы левых отделов сердца.

На этом фоне у мальчика всю жизнь наблюдались нарушения сердечного ритма. Ранее их удавалось контролировать с помощью лекарственной терапии, но затем состояние ребенка ухудшилось. 

➡️ Специалисты НМИЦ им. ак. Е.Н. Мешалкина Минздрава России решили провести сложную операцию. За три часа они удалили большую часть фибромы, обходя проводящую систему сердца, которая генерирует электрические импульсы и заставляет сердечную мышцу сокращаться.

❤️ Вмешательство прошло успешно. Сейчас мальчик чувствует себя хорошо. Врачам удалось уменьшить проявление аритмии и восстановить способность органа ритмично сокращаться и перекачивать кровь.

💬[ Получить MAXимум пользы для здоровья](https://max.ru/minzdrav_ru)

#СетьНМИЦев",1507,4,0,minzdrav_ru
14986,2026-05-30T06:32:14+00:00,"🏥 **Новый ФАП открылся в Луганской Народной Республике**

Фельдшерско-акушерский пункт расположен в поселке городского типа Краснодарский, который находится примерно в 70 км от областного центра — Луганска. К новому медучреждению прикреплено почти 300 граждан, из них 19 — дети.

🚑 Кроме того, на базе ФАПа функционируют мобильные врачебные бригады, осуществляющие экстренное оказание медицинской помощи населению.

Здесь жители смогут получать плановую и неотложную помощь, пройти вакцинацию и диспансеризацию.

📌 Новое медучреждение построено в рамках модернизации первичного звена здравоохранения.

💬[ Получить MAXимум пользы для здоровья](https://max.ru/minzdrav_ru)

#Модернизация
#МедицинаРегионов",1454,3,0,minzdrav_ru
14985,2026-05-29T17:04:29+00:00,"🧑‍⚕️👩‍⚕️ **Михаил Мурашко: Средний медицинский персонал — это самостоятельная профессиональная единица, в которой заложен значительный карьерный потенциал развития**

Об этом сообщил министр здравоохранения РФ Михаил Мурашко в ходе общения со студентами медицинских и фармацевтических колледжей - финалистами всероссийского конкурса.

Обучающаяся Медицинского колледжа Новгородского государственного университета им. Ярослава Мудрого спросила Михаил Мурашко о перспективах профессии среднего медицинского персонала без продолжения обучения в вузах.

📌 Михаил Мурашко подчеркнул, что карьерный путь среднего медицинского персонала не обязательно должен сводиться к переходу в профессию врача.

__— Средний медицинский персонал — это самостоятельная профессиональная единица. Карьерные траектории связаны с развитием професионализма в своей специальности и ростом внутри медицинской организации: младшая медицинская сестра, старшая медицинская сестра, — сказал он.__

Министр рассказал о концепции «Т-образных специалистов» — сотрудников, обладающих базовым медицинским образованием и дополнительными компетенциями в смежных областях, таких как IT, физика, химия и другие дисциплины.

↪️ По его словам, такие кадры становятся особенно важны в современной системе здравоохранения, поскольку сочетают глубокие профессиональные знания с дополнительными навыками.

Также Михаил Мурашко подчеркнул, что средний медицинский персонал сегодня крайне востребован на рынке труда, а конкуренция за квалифицированных специалистов в медорганизациях постоянно растёт.

__— Я просто вижу, насколько сегодня средний медицинский персонал востребован на рынке и как за него борются. Это, несмотря на то, что мы нарастили объем выпуска из медицинских колледжей практически в два раза, — уточнил он.

__💬[ Получить MAXимум пользы для здоровья](https://max.ru/minzdrav_ru)

#БудущиеВрачи",1648,10,2,minzdrav_ru
14983,2026-05-29T16:03:31+00:00,"💭 **Михаил Мурашко: Наставничество играет важную роль в профессиональном становлении медицинских работников**

Министр здравоохранения РФ Михаил Мурашко встретился со студентами и преподавателями медицинских и фармацевтических колледжей — финалистами Всероссийского конкурса — и ответил на их вопросы.

Отвечая на вопрос студента специальности «Сестринское дело» Стахановского медицинского колледжа — филиала Луганского ГМУ им. Свт. Луки Минздрава России, Михаил Мурашко отметил, что ключевое преимущество наставничества — сопровождение молодых специалистов на этапе начала самостоятельной практики непосредственно на рабочем месте. 

__— Каждый, кто выходит в самостоятельную практику на определённом этапе, нуждается в сопровождении человека, который вводит вас в специальность уже непосредственно на рабочем месте, — подчеркнул он.__

➡️ Министр вспомнил своих наставников — врачей, медицинских и операционных сестёр, которые помогли ему сделать первые шаги в профессии и передали практические навыки.

__— Но это всё происходило на уровне, так скажем, личных определённых договорённостей внутри медицинских организаций. И, к сожалению, это действовало не везде, — уточнил он. — Сегодня наставничество закреплено в Федеральном законе №424-ФЗ.__

Студент Иркутского базового медицинского колледжа по специальности «Лечебное дело» уточнил у министра, как на практике реализовывается недавно принятый закон, согласно которому фельдшеры и акушерки при необходимости смогут исполнять обязанности лечащих врачей.

📋 Министр ответил, что, особенно в местностях с низкой плотностью населения, создать высокотехнологичные медицинские центры в каждом населённом пункте невозможно.

В связи с этим, подчеркнул он, роль среднего медицинского персонала в обеспечении доступности медицинской помощи значительно возрастает, поскольку именно эти специалисты работают рядом с местом проживания людей.

__— На этом этапе фельдшер или акушер являются иногда единственным медицинским работником, который берёт на себя весь первичный приём, оказание скорой помощи и многое другое. Поэтому для самостоятельной работы вы должны быть готовы практически на уровне врача-диагноста и специалиста, который обеспечивает сопровождение пациента на длительном промежутке времени, в том числе людей с хроническими заболеваниями, — сказал он.__

Михаил Мурашко отметил, что для поддержки средних медицинских специалистов активно развивается цифровая инфраструктура здравоохранения. 

🔬 Всё оборудование, поставляемое в рамках модернизации первичного звена здравоохранения, в том числе в ФАПы, является цифровым. Это позволяет в полной мере применять телемедицинские технологии — передавать показания цифровых приборов специалистами-врачам районных и областных больниц, проводить телемедконсультации без необходимости для пациента выезжать на очный прием в другое медучреждение.

🖥️ Внедрение электронных медицинских карт и развитие телемедицинских консультаций на базе этих медучреждений позволяют значительно сократить время постановки диагноза и повысить доступность медицинской помощи, а также совершенствовать знания и навыки медицинских работников.

💬[ Получить MAXимум пользы для здоровья](https://max.ru/minzdrav_ru)

#БудущиеКадры",1482,8,0,minzdrav_ru
14981,2026-05-29T14:10:23+00:00,"🧑‍⚕️👩‍⚕️ **Михаил Мурашко: Средний медицинский персонал вносит огромный вклад в охрану здоровья людей** 

Министр здравоохранения РФ Михаил Мурашко принял участие в церемонии награждения победителей ІІ Всероссийского конкурса среди медицинских и фармацевтических колледжей.

__— Говоря о среднем медицинском персонале, мы прекрасно понимаем, что это самая большая армия и именно она вносит огромный вклад в состояние здоровья человека, поддержание его функций, выхаживание и диагностику. Всё это — медицинский персонал, на который мы опираемся: медицинские сёстры, фельдшеры, медицинские братья, сотрудники лабораторной службы, — сказал он.__

➡️ Министр отметил, что сегодня государство реализует меры и программы поддержки как для среднего медицинского персонала, так и для врачей.

__— Это и программы «Земский доктор», «Земский фельдшер», социальные выплаты, дополнительные региональные льготы, в том числе по оплате жилья и ряд других социальных гарантий, — сказал он.__

Также глава Минздрава России подчеркнул, что за последние годы на фоне глобальных вызовов престиж профессии медицинского работника значительно вырос.

__— В период пандемии COVID-19 люди поняли, насколько медицинские работники важны, нужны, и что в сложных ситуациях медики первыми приходят на помощь, — сказал министр. — СВО стало ещё одним колоссальным глобальным вызовом, в рамках которого наши коллеги и мы сами принимали участие в оказании помощи бойцам: выносили раненых с поля боя, занимались их лечением и реабилитацией. И, конечно, всё это также очень высоко оценивается людьми и обществом.__

✅ Он подчеркнул, что современная система здравоохранения требует от среднего медицинского персонала высокого уровня подготовки, владения новыми технологиями и постоянного профессионального развития.

Сегодня лабораторная служба и служба экстренной медпомощи, основу которых составляет средний медицинский персонал, совершенствуются: внедряются новые технологии и современные методы оказания медицинской помощи.

__— Но формируя новые подходы и проекты, важно понимать, что без обучения персонала, без вашего профессионализма и без подготовки лидеров ничего не произойдёт, — сказал министр.__

➡️ Он обратил внимание на трансформацию роли среднего медицинского персонала в современной системе здравоохранения.

__— Роль среднего медицинского персонала — медицинских сестёр, фельдшеров и лаборантов — сегодня кардинально трансформируется, — сказал он. — Мне хотелось бы видеть от вас и инновационные предложения, и технологичнеские решения.__

💬[ Получить MAXимум пользы для здоровья](https://max.ru/minzdrav_ru)

#БудущиеВрачи",1433,8,0,minzdrav_ru
14980,2026-05-29T09:05:18+00:00,"👶 **Михаил Мурашко: Именно от здоровья подрастающего поколения зависит будущее нашей страны**

Об этом заявил министр здравоохранения РФ Михаил Мурашко на Национальном конгрессе по детской гематологии, онкологии и иммунологии «35 лет вместе».

__— Национальная цель, поставленная Президентом — на преумножение населения, укрепление здоровья, повышение благополучия людей и поддержку семьи — придаёт охране здоровья ключевое значение. Именно от здоровья подрастающего поколения зависит будущее, — сказал он. __

Михаил Мурашко добавил, что ключевые векторы государственной политики в сфере детского здоровья, включая новые приоритеты 2025–2030 годов, заданы указами Президента и национальными проектами, и в основу в том числе легли предложения Народной программы «Единой России».

➡️ Он отметил, что государственная политика и внимание парламентариев принесли значимые результаты в снижении младенческой и детской смертности. 

__— В 2025 году младенческая смертность достигла — 3,6 промилле. В этом году мы видим тенденцию к продолжению снижения. Это системный подход в целом в стране и в каждом регионе по отдельности. В 39 регионах страны показатель за 2025 год оказался на уровне или ниже среднероссийского — подчеркнул Михаил Мурашко. — Особо отмечу: Россия входит в десятку стран с самой низкой младенческой смертностью.__

Кроме того, наша страна вышла на минимальный разрыв в младенческой смертности между городом и селом. 

__— Это тоже очень важный показатель. Мы сделали медицинскую помощь доступной независимо от места проживания человека, — сказал он.__

✅ Глава Минздрава России подчеркнул, что сегодня возможности отечественной медицины позволяют формировать оптимальный клинический маршрут еще до рождения ребенка. 

Так, впервые в России в программу расширенного неонатального скрининга были включены врожденные дефекты иммунной системы с использование двух молекулярных маркеров для доклинической диагностики тяжелой комбинированной иммунной недостаточности. 

__— Результатом стало выявление врожденных дефектов иммунной системы у 1 на 11,5 тыс. новорожденных, что в 2,5 раза выше, чем на доскрининговом этапе. Достигнутые значения — мировой успех, — сказал он.

__💬[ Получить MAXимум пользы для здоровья](https://max.ru/minzdrav_ru)__
__
#ЗдоровьеДетей",3205,12,0,minzdrav_ru
14978,2026-05-29T07:10:19+00:00,"📉 **Михаил Мурашко: С 2022 года детская смертность от онкологических заболеваний неуклонно снижается — более чем на 5%**

Об этом заявил министр здравоохранения РФ Михаил Мурашко на Национальном конгрессе по детской гематологии, онкологии и иммунологии «35 лет вместе».

__— Неуклонно снижается детская смертность от онкологических заболеваний: с 2022 года — более чем на 5 %, — сказал он. — Все усилия детской онкологической и гематологической службы должны быть направлены именно на снижение этого показателя.__

➡️ Министр также отметил выход показателя онкологической заболеваемости детей на уровень стран с высоким технологическим развитием. 

__— В 2025 году показатель общей заболеваемости составил 12,1 на 100 тыс. детского населения. Подобная ситуация отражает рост уровня диагностики, в том числе доступности самых современных молекулярно-генетических методов верификации новообразований. Кроме того, система работает таким образом, что с момента постановки диагноза до лечения в стационаре проходят считанные дни, — подчеркнул он.__

🏥 Михаил Мурашко добавил, что Минздрав России совместно с субъектами Российской Федерации уделяет самое пристальное внимание повышению доступности помощи детям с онкологическими заболеваниями, а также инфраструктурной и кадровой оснащенности регионов. 

__— Сегодня в стране развернуто более 3,6 тыс. онкологических и гематологических педиатрических коек, помощь оказывают свыше 900 врачей. За редким исключением укомплектованность высококвалифицированными кадрами на местах достигает 100% — сказал он. — В целом по стране помощь пациентам оказывается в 11 федеральных медорганизациях и 110 учреждениях регионов. За прошлый год проведено 103 тыс. госпитализаций — на 42 % больше, чем пять лет назад. В 12 организациях выполняется трансплантация костного мозга. Также федеральный регистр доноров костного мозга, который курирует ФМБА России, позволяет нам сегодня значительно быстрее подбирать для пациентов донора и проводить лечение. 
__
Кроме того, постоянно наращиваются объемы высокотехнологичной помощи: в 2025 году детям выполнено более 170 тыс. таких операций. 

__— За последние пять лет рост составил почти 20%, — уточнил министр.__

↪️ Лекарственная терапия — основа лечения детей с онкологическими и онкогематологическими заболеваниями

Михаил Мурашко подчеркнул, что Россия — одна из стран с самым высоким в мире уровнем обеспечения детей противоопухолевыми препаратами.

✅ Он отметил вклад фонда «Круг добра» в лечение и лекарственное обеспечение детей с тяжёлыми жизнеугрожающими и хроническими, в том числе орфанными заболеваниями.

__— Только за прошлый год фонд оказал помощь более 1,8 тыс. детям с 21 онкологическим, гематологическим и иммунологическим заболеванием, включая высокозатратные нозологии, — сказал он.__

Кроме того, благодаря фонду «Круг добра»:

▫️ приобретаются препараты по профилям «детская онкология», «гематология» и «иммунология»; 

▫️ 110 пациентам выполнены сложнейшие онкоортопедические операции с использованием «растущих» протезов.

#ЗдоровьеДетей
#МедицинскаяНаука",2810,21,0,minzdrav_ru
14970,2026-05-29T06:06:32+00:00,"🩺 **Татьяна Голикова и Михаил Мурашко посетили НМИЦ детской гематологии, онкологии и иммунологии им. Димы Рогачева Минздрава России в канун 15-летия центра**__
__
Заместитель председателя Правительства РФ Татьяна Голикова и министр здравоохранения РФ Михаил Мурашко посетили НМИЦ детской гематологии, онкологии и иммунологии им. Д. Рогачева Минздрава России в канун 15-летия центра. 

В ходе визита вице-премьер и глава Минздрава России пообщались с юной пациенткой из Донецка, которая сейчас проходит лечение в центре, и ее мамой и пожелали девочке скорейшего выздоровления.

Ключевым моментом визита стал запуск научно-производственного комплекса биомедицинских технологий. Это позволит центру самостоятельно производить в год до 500 препаратов клеточной и генной терапии для детей.

Кроме того, Михаил Мурашко наградил сотрудников НМИЦ детской гематологии, онкологии и иммунологии им. Димы Рогачева Минздрава России и выступил с докладом на Юбилейном Российском национальном конгрессе по детской гематологии, онкологии и иммунологии «35 лет вместе», приуроченном к 35-летию создания службы детской гематологии в России и 15-летию со дня основания центра.

__— Российская детская онкологическая служба имеет лидирующие показатели выживаемости по ряду злокачественных новообразований — 98-99 %. Общая выживаемость детей с онкозаболеваниями превышает 83%, — сообщил он. __

🔬 Министр подчеркнул, что сегодня российским детям доступны самые передовые технологии борьбы с онкозаболеваниями.

__— В педиатрической практике разработаны и клинически применяются клеточные технологии. Восемь лет назад были только первые шаги в этом направлении. Сегодня это уже работающая система, которая погружена в программу госгарантий, — уточнил Михаил Мурашко.__

🏥 Кроме того, благодаря расширению сети трансплантационных центров, в том числе открытию новых в Башкирии, Ростове-на-Дону и Красноярске выросло количество трансплантации костного мозга.

__— В 2025 году число трансплантаций костного мозга детям достигло практически 1 тыс. случаев — вдвое больше, чем десять лет назад, — подчеркнул министр.
__
✅ Также глава Минздрава России уточнил, что современная детская онкология и гематология немыслима без молекулярно-генетической диагностики. 

__— Развитие сети национальных референс-центров даёт возможность проводить молекулярную диагностику каждому пациенту в стране и выявлять крайне редкие опухоли у детей, прежде не описанные в мировой литературе!, — сказал он.__

➡️ По его словам, отечественная детская онкохирургия также находится на высоком уровне. 

__— Ведущие клиники страны выполняют сложнейшие онкоортопедические операции. Предмет особой гордости: промышленность развивается таким образом, что мы сегодня максимально создаём и производим отечественные продукты, — уточнил министр.__

#СетьНМИЦев
#ЗдоровьеДетей",1592,10,0,minzdrav_ru
14969,2026-05-29T06:00:48+00:00,"🍏 #ПростыеПравила: **Как связано питание и женское здоровье?**

Об этом рассказала заведующая научно-исследовательской лабораторией здоровья женщины, матери и ребенка Института материнства и детства Пироговского Университета Минздрава России Ольга Братчикова.

__— Грамотно выстроенный режим питания помогает сохранить гормональный баланс, уменьшить проявления предменструального синдрома, снизить риск развития серьезных заболеваний и в целом повысить качество жизни, — отметила она.__

✅ Особое внимание стоит уделить контролю массы тела: ожирение повышает риск развития различных заболеваний, в том числе гинекологических и онкологических.

__— При ожирении нарушается баланс эстрогенов, прогестерона и тестостерона. Это приводит к усиленному отложению жира по женскому или мужскому типу, аномальным маточным кровотечениям, снижению фертильности, — подчеркнула эксперт.__

❗️ В то же время крайне опасны и противоположные крайности: экстремальные диеты, дефицит калорий и резкая потеря веса могут привести к нарушению менструального цикла.

Ольга Братчикова отметила, что для поддержания женского здоровья необходим сбалансированный подход к питанию. 

__— Рацион должен быть разнообразным и соответствовать энергетическим потребностям организма, с контролем количества соли и сахара, — сказала она. — Важно отказаться от употребления алкоголя и курения, потреблять достаточно клетчатки и чистой воды, что поможет снизить нагрузку на кишечник и печень и улучшить метаболизм гормонов.__

Дополнительно поддержать гормональный баланс могут продукты, содержащие фитоэстрогены: 

▫️ бобовые;
▫️ семена льна;
▫️ кунжут;
▫️ цельнозерновые. 

Они мягко воздействуют на эстрогеновые рецепторы и могут облегчать климактерические симптомы.

__— Осознанный выбор продуктов и сбалансированный режим питания — действенный инструмент профилактики серьезных заболеваний и залог благополучия здоровья женщины, — заключила эксперт.__
 
28 мая — Международный день защиты женского здоровья

💬 [Получить MAXимум пользы для здоровья](https://max.ru/minzdrav_ru)",1830,20,0,minzdrav_ru
14968,2026-05-28T16:40:51+00:00,"⛹️‍♀️ **Снова в спорте: история спасения и реабилитации молодых баскетболисток после ДТП**

Пять лет назад команда баскетболисток из Волгограда попала в дорожно-транспортное происшествие во время поездки на соревнование. По поручению министра здравоохранения РФ Михаила Мурашко пострадавших спортсменок транспортированы бортами санавиации в Российскую детскую клиническую больницу Минздрава России.

👨‍⚕️👩‍⚕️ Мультидисциплинарная команда больше года боролась за жизнь девочек: реаниматологи, хирурги, травматологи, нейрохирурги, неврологи, реабилитологи, специалисты диагностических служб, средний и младший медицинский персонал.

Главной целью было не только сохранить пациенткам жизнь, но и вернуть ее качество. Реабилитация началась уже на этапе реанимации.

🙏 Спустя пять лет девочки живут полноценной жизнью: вернулись в спорт, продолжают учиться и благодарят врачей за спасение.

#ЗдоровьеДетей

💬 [Получить MAXимум пользы для здоровья](https://max.ru/minzdrav_ru)",1464,3,0,minzdrav_ru
14967,2026-05-28T13:40:20+00:00,"🏥 **Врачи Ямало-Ненецкого автономного округа восстановили нормальное дыхание пациенту с образованием в легком
**
Мужчина поступил в Надымскую районную больницу с жалобами на затрудненное дыхание. 

➡️ В ходе обследования медики выявили в легком образование более 5 см с воздухом внутри, что привело к пневмотораксу — жизнеугрожающему состоянию. При этой патологии воздух попадает в полость между легким и грудной клеткой. В результате легкое сдавливается, и человек не может нормально дышать.

Хирурги приняли решение о проведении малоинвазивной операции: они удалили образование через небольшой прокол около 4 см. 

Ранее в ходе таких вмешательств требовался разрез 15–20 см. 

❤️ Операция прошла успешно. Сейчас пациент чувствует себя хорошо и выписан под амбулаторное наблюдение. Через два дня после вмешательства он начал самостоятельно дышать.

#МедицинаРегионов

💬 [Получить MAXимум пользы для здоровья](https://max.ru/minzdrav_ru)",1443,2,0,minzdrav_ru
14966,2026-05-28T07:45:15+00:00,"💭 **Андрей Плутницкий: Преступления против человечности не имеют срока давности и требуют наказания всех виновных и причастных**

Об этом сообщил замминистра здравоохранения РФ Андрей Плутницкий в ходе круглого стола «Военные преступления киевского режима: от свидетельств к приговору» на Международном форуме по безопасности. 

__— Вопросы военных преступлений киевского режима в отношении мирных граждан и медицинских работников требует прежде всего международного обсуждения и, конечно, наказания всех виновных и причастных, — подчеркнул он.__

➡️ Замминистра также отметил, что международное право предусматривает защиту мирного населения, детей, медицинских учреждений и персонала, а также машин скорой помощи от нападений и атак вооружённых формирований. Однако киевский режим ежедневно нарушает эти нормы.

С 2014 по 2022 гг.:

▫️ украинские вооруженные формирования целенаправленно нанесли удары по 508 объектам здравоохранения и 91 машине скорой медицинской помощи;
▫️ от атак киевского режима пострадали 62 гражданских медицинских работника, погибло — 20 специалистов.

__— Я хочу отметить, что в 2014 году новые регионы входили в состав Украины. То есть само государство целенаправленно уничтожало мирных граждан и тех людей, кто пытался оказывать им помощь, — сказал замминистра.__

С 2022 по 2025 гг.:

▫️  атаковано 736 объектов здравоохранения и 99 машин скорой медицинской помощи;
▫️ пострадало 168 медицинских работника, погибло — 35.

Андрей Плутницкий подчеркнул, что сейчас регулярно продолжаются атаки с применением негуманного оружия.

__— Только в этом году 56 объектов здравоохранения подверглись целенаправленным атакам вооружённых формирований Украины. Пострадал 21 медицинский работник, трое погибли. Зафиксировано 8 подтверждённых случаев повторных атак на наши объекты. И я хочу также засвидетельствовать, что эти атаки проводятся с применением негуманного оружия: рентген-негативных поражающих элементов, фосфорных боеприпасов, приводящие к серьёзным отравлениям и ожогам. Это всё то оружие, которое убивает и калечит людей на долгие годы, — сообщил замминистра.__

➡️ Он подчеркнул, что от имени всего медицинского сообщества российская сторона требует безусловного расследования каждого факта ударов по медицинским объектам и специалистам, которые спасают жизни людей.

__— Хочу обратить внимание, что все атаки мы пытаемся задокументировать на уровне Всемирной организации здравоохранения. Вместе с тем несправедливое отношение к текущей ситуации не позволяет выполнять эту задачу. ВОЗ не признаёт исторические для нас регионы с людьми, которые являются неотъемлемой частью России, — сказал замминистра.
__
Андрей Плутницкий призвал участников форума и «все здравые силы мира» дать принципиальную оценку происходящему. От чёткой, сильной, справедливой и открытой позиции международного сообщества зависит будущее стран и всего человечества.

__— Мы настаиваем на гарантиях безопасности для наших медицинских работников и пациентов в зонах боевых конфликтов. И, конечно, мы всецело разделяем позицию нашего Президента Владимира Путина о том, что преступления против человечности не имеют срока давности. Каждый, кто поднял руку на наших мирных жителей и медицинских работников, должен понести законное и заслуженное наказание. Мы вместе. Победа будет за нами, — заключил он.__

✅ Замминистра также поблагодарил всех, кто приезжает и оказывает помощь жителям новых и приграничных регионов. 

__— Хочу поблагодарить всех тех, кто, независимо от ведомственной принадлежности, регионального расположения, приезжает в приграничные и новые регионы, оказывает помощь жителям. Вся страна участвует в оказании помощи, — сказал он.__

💬 [Получить MAXимум пользы для здоровья](https://max.ru/minzdrav_ru)",2217,8,0,minzdrav_ru
14965,2026-05-28T06:42:11+00:00,"☀️#ПростыеПравила: **Как наслаждаться солнцем без вреда для здоровья?**

Об этом рассказала заведующая отделением физиотерапии Государственного научного центра дерматовенерологии и косметологии Минздрава России Марьянна Жилова.

Она отметила, что в солнечную погоду важно следить за УФ-индексом, который показывает интенсивность ультрафиолетового излучения.

__— Чем выше индекс (от 0 до 11+), тем меньше по времени рекомендуется пребывать на солнце. При значении УФ-индекса 6–7 не следует находиться под прямыми солнечными лучами даже с применением солнцезащитных средств, — подчеркнула эксперт.__

💻 Для того, чтобы узнать актуальное значение УФ-индекса, достаточно заглянуть в раздел «погода» на любом гаджете.

В целом, с 10 до 16 часов солнце наиболее агрессивно

__— В это время лучше находиться в тени, — уточнила Марьянна Жилова.__

Кроме того, продолжительность пребывания на солнце зависит не только от УФ-индекса, но и от фототипа кожи.

__— Чем светлее ваша кожа, тем меньше времени можно проводить под прямыми солнечными лучами. Для первого выхода на пляж достаточно 10-15 минут, — сказала Марьянна Жилова. — Людям со светлой кожей (I фототип) лучше вообще избегать прямого солнца.__

❗️Главное: не забывать использовать солнцезащитные средства.

__— Выбирайте правильный SPF. Используйте водостойкие кремы широкого спектра действия с SPF не ниже 15-30. Наносите их каждые 2 часа, а также после купания. После нанесения солнцезащитного средства не стоит увеличивать время пребывания на солнце. Крем защищает от ожогов, но не от фотостарения, вызванного UVA-излучением, — подчеркнула эксперт.__

📎 Важно помнить, что ни одно средство не дает абсолютной защиты. Поэтому рекомендуется носить закрытую одежду и головные уборы. 

#МинздравНапоминает: Следите за здоровьем кожи. При изменениях цвета или размера родинок немедленно обращайтесь к врачу.

💬 [Получить MAXимум пользы для здоровья](https://max.ru/minzdrav_ru)",1885,25,0,minzdrav_ru
14962,2026-05-27T16:03:20+00:00,"Сегодня среда, а значит... #НаучнаяСреда

🏆 **Отечественное устройство для реабилитации пациентов с когнитивными и моторными нарушениями получило награду на премии «Вершина»**

Программно-аппаратный комплекс «Брэйнбилдинг», разработанный научными сотрудниками НМИЦ терапии и профилактической медицины Минздрава России, признан победителем в номинации «Лучший проект в области здравоохранения» III Всероссийской инвестиционной премии «Вершина». 

➡️  Устройство предназначено для реабилитации пациентов с когнитивными и моторными нарушениями после инсульта, травм и при заболеваниях центральной нервной системы.

⚙️ Как это работает:

▫️пациент за компьютером выполняет одновременно когнитивную и двигательную задачу по воображению движения и активирует моторные зоны в коре головного мозга;
▫️устройство считывает и анализирует электрическую активность мозга в реальном времени;
▫️когда устройство находит нужные сигналы мозга, оно дает человеку обратную связь: картинку на экране и легкую вибрацию в том месте, где должны работать мышцы;
▫️так мозг в реальном времени понимает, что воображаемое движение совпало с «правильной» активностью нейронов. Постепенно он учится самостоятельно настраивать нейронные связи.

📌 Экспертный совет премии подчеркнул высокую социальную значимость «Брэйнбилдинга» и его потенциал для масштабного применения.

💬 [Получить MAXимум пользы для здоровья](https://max.ru/minzdrav_ru)",1659,13,0,minzdrav_ru
14958,2026-05-27T12:02:19+00:00,"🏥 **Михаил Мурашко посетил с рабочим визитом Омскую область **

Министр здравоохранения РФ Михаил Мурашко в рамках поездки в Омскую область ознакомился с работой медицинских организаций региона, в том числе посетил Клинический медико-хирургический центр и оценил ход строительства 8-этажного нового операционного корпуса, а также провел встречу с губернатором региона Виталием Хоценко.  

📈 Михаил Мурашко отметил, что сегодня в Омской области активно наращиваются объемы высокотехнологичной помощи.

__— Субъект действительно наращивает объёмы высокотехнологичной помощи, — сказал он. — Такой вид медицинской помощи должен оказываться в новых, соответствующих условиях, с высокими требованиями к вентиляции, отделке помещений и внутренней логистике перемещения пациентов. Также важна реанимационная защита, позволяющая избежать внутрибольничных инфекций, с высокими требованиями к очистке воздуха и материалам, которые используются.__

В состав Клинического медико-хирургический центра входит:

▫️ консультативная поликлиника на 485 посещений в смену;
▫️ многопрофильный стационар на 389 круглосуточных коек;
▫️ центры восстановительной терапии.

Основные направления работы учреждения — хирургия, травматология и ортопедия, вертебрология. Ежегодно в центре выполняется около 9,2 тыс. операций, более 2,3 тыс. из которых — высокотехнологичные.

✅ Также Михаил Мурашко отметил, что в Омской области все мероприятия программы модернизации первичного звена выполнены в установленные сроки.

__— Первый этап программы модернизации первичного звена завершён в 2025 году. За этот период почти 6 млрд рублей было выделено субъекту. Хочу отметить, что субъект выполнил все мероприятия в срок. Сейчас начался второй этап модернизации первичного звена, — сказал министр. __

Он подчеркнул, что модернизация первичного звена системы здравоохранения реализуется в рамках нацпроектов и Народной программы «Единой России», в которую включены направления работы, обеспечивающие доступную и качественную медицинскую помощь.

__— Национальные проекты, которые реализуются по поручению Президента, и Народная программа «Единой России» включают в себя те ключевые направления, которые сегодня обеспечивают населению удобство и своевременность получения медицинской помощи. В первую очередь это программа модернизации первичного звена, — сказал он.

__💬 [Получить MAXимум пользы для здоровья](https://max.ru/minzdrav_ru)

#Модернизация
#МедицинаРегионов",1237,9,1,minzdrav_ru
14956,2026-05-27T08:25:25+00:00,"📋 **Михаил Мурашко обозначил ключевые задачи по обеспечению национальной безопасности в сфере здоровья граждан нашей страны**

Министр здравоохранения РФ Михаил Мурашко выступил на круглом столе «Сила сотрудничества для здоровья наций», который состоялся в рамках Международного форума по безопасности под эгидой Совета Безопасности Российской Федерации.

✅ Министр отметил, что Стратегия развития здравоохранения в РФ до 2030 года включает в себя главную цель — повышение качества медицинской помощи, увеличение ее доступности, обеспечение прав граждан.

__— 15 ключевых пунктов, которые погружены в Стратегию, направлены на то, чтобы продлить активный период здоровой жизни человека, — уточнил министр.__

В краткосрочной перспективе особенно важны несколько задач: 
 
1️⃣ Развитие первичного звена здравоохранения и профилактики

__— Здесь важно взаимодействие и с муниципалитетами, и с работодателями, потому что здоровье трудоспособного населения — приоритетная задача, — подчеркнул глава Минздрава России.__
 
2️⃣ Борьба с факторами риска неинфекционных заболеваний

Глава Минздрава России подчеркнул, что политика общественного здоровья — не запреты, а создание среды для здорового образа жизни.

Сегодня в нашей стране уже достигнуты результаты по снижению потребления алкоголя и отказу от курения, которые подтверждают данные по продажам.
 
3️⃣ Укрепление готовности к инфекционным и биологическим угрозам

Михаил Мурашко отметил, что вопрос биологической безопасности сегодня — это вопрос скорости. В России процесс от диагностики до создания вакцинных препаратов занимает короткие промежутки времени. 

4️⃣ Технологическая устойчивость

__— Основная задача — это наращивание производства лекарств, создание медицинской продукции, вопросы производства препаратов крови, биомедицинских и клеточных технологий. Всё это сегодня реализуется в стране, — уточнил министр.__

Министр также отметил среднесрочное направление развития системы здравоохранения  — цифровую трансформацию. 

🖥️ Сегодня в нашей стране внедрена электронная медицинская карта, 
создается единая цифровая платформа управления здоровьем человека, основанная на цифровом профиле и сервисах искусственного интеллекта. 

__— Цель цифровизации — это раннее выявление рисков, непрерывное наблюдение пациента, поддержка врачебных решений, снижение рутинной нагрузки на медицинский персонал и повышение производительности труда, — уточнил он.__

Также министр подчеркнул, что вопрос кадрового обеспечения — еще одно важнейшее направление работы. 

__— Принятые решения внутри страны позволяют нам на протяжении последних трёх лет иметь прирост медицинского персонала. — сказал он.

__💬 [Получить MAXимум пользы для здоровья](https://max.ru/minzdrav_ru)

#ЗдоровьеВПриоритете",1596,17,0,minzdrav_ru
14948,2026-05-27T07:05:20+00:00,"💬 **Михаил Мурашко: Разработки России в области медицины катастроф уже продвигаются в других странах**

Об этом заявил министр здравоохранения РФ Михаил Мурашко журналистам в рамках Международного форума по безопасности, которых проходит под эгидой Совета Безопасности Российской Федерации

Глава Минздрава России подчеркнул, что безопасность и здравоохранение всегда идут рядом, и система должна быть готова к любым ситуациям.

__— Сегодня была представлена основная функция системы здравоохранения — обеспечение безопасности при любых обстоятельствах, которые возникают в рамках чрезвычайных ситуаций, плановых или каких-либо других, — пояснил Михаил Мурашко. — Вопросы народоприумножения, народосбережения для каждой страны являются стратегически важными. Поэтому безопасность и здравоохранение — это всегда идущие рядом направления.__

➡️ Министр отметил, что на площадке форума Минздрав России продемонстрировал комплексные решения, охватывающие все этапы оказания медицинской помощи.

🚑 На площадке форума  были продемонстрированы комплексы Федерального центра медицины катастроф Минздрава России:

▫️ Автомобиль спутниковой связи;
▫️ Бронированный автомобиль скорой медицинской помощи;
▫️ Медицинский мобильный комплекс компьютерной томографии;
▫️ Многопрофильный полевой госпиталь.

🌍 Министр здравоохранения РФ обозначил растущий интерес зарубежных стран к мобильным решениям для выездной работы медицинских служб, а также к разработкам лекарственных препаратов и медицинских изделий.
__
— Это направление вызывает большой интерес у наших коллег. Сегодня есть уже совместные решения и разработки, которые продвигаются на территории зарубежных стран. Сейчас мобильный госпиталь проходит преквалификацию Всемирной организации здравоохранения для того, чтобы использоваться в том числе в международном формате, — добавил Михаил Мурашко.

__💬 [Получить MAXимум пользы для здоровья](https://max.ru/minzdrav_ru)

#МеждународноеСотрудничество",1543,8,1,minzdrav_ru
14942,2026-05-26T17:32:16+00:00,"🏥 **Михаил Мурашко: Сильная национальная система здравоохранения — это наш вклад в безопасность граждан**

Министр здравоохранения РФ Михаил Мурашко в рамках Международного форума по безопасности под эгидой Совета Безопасности Российской Федерации провел круглый стол «Сила сотрудничества для здоровья наций».

В дискуссии приняли участие министр здравоохранения Кыргызской Республики Дамирбек Осмонов, представитель ВОЗ в России Батыр Бердыклычев, министр в администрации президента ЮАР Кумбудзо Фофи Сайлэнс Нтшавени, директор Департамента безопасности Минздрава Казахстана Бахтияр Бекбатыров, директор ОАО «РЖД» по медицине — начальник Центральной дирекции здравоохранения — филиала ОАО «РЖД» Елена Фисенко, заместитель Секретаря Совета Безопасности РФ Александр Масленников. 

__— Глобальная безопасность — это не только технологии, информация или экономика. Этот фундамент включает в себя здоровье населения. Именно оно делает государства устойчивыми, а нации — сплочёнными, — отметил министр.__

➡️ Он добавил, что сильная национальная система здравоохранения и эффективное международное взаимодействие помогает каждой стране сохранять устойчивость к глобальным вызовам.

__— Последние годы окончательно подтвердили, что эпидемии, биологические риски, неинфекционные заболевания, кадровый дефицит, технологический суверенитет, киберугрозы  — это вопросы не только здравоохранения. Повестка национальной безопасности, демографии, экономики, социальной стабильности и доверия людей к государству — наиболее значимые приоритеты для государства, — сказал Михаил Мурашко.__
 
Он уточнил, что здоровье человека — это не абстрактное право, а конкретные государственные гарантии, которые позволяют получить медицинскую помощь в моменты наибольшей уязвимости и поддерживать здоровье на протяжении всей жизни.
 
__— Для человека важна прежде всего доступность медицинской помощи независимо от места проживания, возраста и жизненной ситуации. Из этого складывается доверие к государству, — подчеркнул он.__

#ЗдоровьеВПриоритете

💬[ Получить MAXимум пользы для здоровья](https://max.ru/minzdrav_ru)",2698,8,0,minzdrav_ru
14940,2026-05-26T13:40:22+00:00,"🧑🏻‍⚕️ **Специалисты федерального центра Минздрава России вернули способность ходить парализованному мальчику**

14-летний мальчик поступил в Детскую городскую клиническую больницу г. Макеевки с тяжелой травмой позвоночника после падения с большой высоты.

Врачи диагностировали перелом позвоночника в поясничном отделе, оскольчатые переломы обеих рук и ушиб легких. Из-за полученных травм спинной мозг мальчика оказался сдавлен, и ребенка парализовало. 

🩺 В ходе телемедицинской консультации со специалистами федерального центра Минздрава России врачи приняли решение направить пациента в Российскую детскую клиническую больницу Минздрава России.

Для определения дальнейшей тактики лечения медики провели МРТ и диагностировали ликворею — истечение спинномозговой жидкости. Специалисты приняли решение о проведении экстренной операции.

В ходе вмешательства они удалили костные осколки, выполнили пластику твердой мозговой оболочки, чтобы остановить истечение спинномозговой жидкости. Также врачи установили специальные винты в позвонки для восстановления и фиксации позвоночника.

❤️ Операция прошла успешно. У пациента восстановилась чувствительность в ногах. Благодаря комплексной программе медицинской реабилитации через месяц после вмешательства мальчик начал самостоятельно ходить.

#СетьНМИЦев

💬 [Получить MAXимум пользы для здоровья](https://max.ru/minzdrav_ru)",1466,5,0,minzdrav_ru
14937,2026-05-26T13:00:48+00:00,"💭 **Михаил Мурашко: Технологическое лидерство должно основываться на оригинальных идеях, источники которых – наука и фундаментальные знания**

Об этом сообщил министр здравоохранения РФ Михаил Мурашко на Общем собрании Российской академии наук.

__— В 2025 году было допущено к применению 33 единицы фармацевтической и медицинской продукции, разработанных в государственном секторе. За 5 лет в пересчете на выход на рынок лекарственных препаратов и биомедицинских клеточных продуктов рост составил в четыре раза, — сказал он.__

Министр отметил, что существующие подходы и технологии во многом себя исчерпали по резервам развития, поэтому для дальнейшего увеличения продолжительности здоровой жизни граждан нужны принципиально новые подходы и технологии.

__— Сегодня мы постепенно обеспечиваем независимость и самостоятельное развитие по ключевым технологическим направлениям в медицине, — сказал он.__

📍 Он привел в пример развитие технологии мРНК.

__— Недавним примером общей кооперации стала технология матричного РНК, которая за несколько лет была создана в Российской Федерации, включая производственную площадку. Сегодня она обеспечивает научные компетенции, на её платформе продолжаются дальнейшие разработки для практического здравоохранения. Также эта технология уже включена в программу госгарантий и начала применяться в медицинских организациях, — сообщил Михаил Мурашко.__

Министр подчеркнул, что ключевое направление — обеспечение технологического лидерства.

__— Технологическое лидерство должно основываться на оригинальных идеях, источники которых - наука и фундаментальные знания, - а не только следование мировым трендам — подчеркнул он.__

➡️ Глава Минздрава России уточнил, что важно доводить отечественные разработки до практического применения, и ведомство готово оказывать поддержку проектам.

__— Минздрав как квалифицированный заказчик готов все эти этапы поддержать, — подчеркнул он. — Мы создали в 2022 году Центр трансфера медицинских технологий, который осуществляет сопровождение проектов по разработке, по клиническим исследованиям, по поиску технологического партнера.

__💬[ Получить MAXимум пользы для здоровья](https://max.ru/minzdrav_ru)",1337,8,0,minzdrav_ru
14936,2026-05-26T10:32:36+00:00,"🧑‍⚕️ **Специалисты Санкт-Петербурга предотвратили развитие обширного инсульта у пациента с редким поражением сосудов**

В Региональный сосудистый центр Александровской больницы поступил 38-летний мужчина с жалобами на нарушение речи, затруднение движений в левой руке и ноге, асимметрию лица.

➡️ По данным компьютерной томографии головного мозга с контрастом врачи выявили у пациента редкое поражение сосудов: в двух внутренних сонных артериях мужчины обнаружили крупные тромбы, сужающие просвет сосудов более чем на 90%. 

Опасность заключалась в том, что сгустки крови лишь частично фиксировались, а их основная часть свободно находилась в просвете артерий. 

⚡️ В любой момент тромбы могли оторваться и с кровотоком попасть в сосуды головного мозга. Это грозило развитием обширного инсульта и тяжёлой инвалидизацией.

Первые симптомы, с которыми пациент обратился за медицинской помощью, возникли из-за того, что мелкие фрагменты уже попали в сосуды головного мозга, нарушив кровоснабжение отдельных его участков. Это привело к развитию ишемического инсульта.

➡️ Врачи принял решение о проведении экстренной операции. В ходе вмешательства специалистам удалось поочередно полностью удалить тромбы и фрагменты атеросклеротических бляшек из обеих сонных артерий и восстановить проходимость сосудов. 

В течение суток пациент находился под наблюдением в отделении реанимации, затем его перевели в профильное неврологическое отделение для дальнейшего лечения.
 
❤️ Сейчас пациент чувствует себя хорошо, прошел курс реабилитации и готовится к выписке.

💬[ Подписывайтесь на Минздрав России в МАХ](https://max.ru/minzdrav_ru)

#МедицинаРегионов",1657,3,1,minzdrav_ru
14935,2026-05-25T17:01:10+00:00,"🏥 **Врачи федерального центра Минздрава России спасли сердце 2-летнего мальчика **

В НМИЦ сердечно-сосудистой хирургии им. А.Н. Бакулева Минздрава России поступил 2-летний мальчик из ДНР с критическим врожденным пороком сердца. 

Из-за патологии в сердце поступало гораздо больше крови, чем нужно. В результате стенки органа истончились, а полость значительно увеличилась.

➡️ Специалисты центра в условиях искусственного кровообращения сформировали анатомически правильное сердце ребенка: с помощью синтетической заплаты создали тоннель между левым желудочком и аортой, исправили сужение мышечной ткани. 

❤️ Операция длилась пять часов и прошла успешно. 

Обследование показало, что сердце научилось правильно перекачивать кровь, давление в легочной артерии вернулось в норму, а вся система кровообращения работает стабильно.

💬 [Получить MAXимум пользы для здоровья](https://max.ru/minzdrav_ru)

#МедицинаРегионов",1992,4,0,minzdrav_ru
14934,2026-05-25T13:40:18+00:00,"🔋** Специалисты Республики Коми извлекли батарейку из носа у годовалого ребенка **

В Республиканскую детскую клиническую больницу доставили маленького пациента. По словам мамы мальчика, ребенок сам подошел к ней и жестами показал, что ему что-то мешает в носу.

➡️ Специалисты больницы провели комплексное обследование. Во время эндоскопии они обнаружили в носовой полости маленькую плоскую батарейку.

Несмотря на своевременное обращение, инородное тело вызвало химический ожог нижней носовой раковины. Это привело к временной потере обоняния у малыша.

Врачи приняли решение о проведении операции. В ходе вмешательства специалисты извлекли опасный предмет.

Сейчас у мальчика восстанавливается обоняние. Ребенок чувствует себя хорошо и готовится к выписке.

#МинздравПредупреждает:
Дети любого возраста, особенно во время игр, могут случайно проглотить или вдохнуть мелкий предмет (детали игрушек, батарейки, магниты, колпачки от ручек). Не оставляйте малышей без присмотра, даже на несколько минут. Маленькие дети — исследователи, им все интересно, но они часто не осознают опасности, которые их поджидают.

💬 [Получить MAXимум пользы для здоровья](https://max.ru/minzdrav_ru)

#ЗдоровьеДетей
#МедицинаРегионов",1931,5,0,minzdrav_ru
14929,2026-05-25T10:33:10+00:00,"🏥 **В Оренбургской области открылась новая модульная женская консультация **

В рамках федпроекта «Охрана материнства и детства» нацпроекта «Семья» на территории Оренбургской районной больницы построена новая женская модульная консультация.

➡️ В медицинском подразделении установлено современное диагностическое оборудование, закуплена новая мебель и необходимая компьютерная техника. 

В новой модульной консультации размещены:

▫️ кабинеты акушеров-гинекологов;
▫️ кабинет консультативного приема
▫️ кабинеты ультразвуковой (УЗИ) и функциональной диагностики;
▫️ специализированный кабинет патологии шейки матки;
▫️ малую операционную и процедурный кабинет;
▫️ дневной стационар на две палаты;
▫️ кабинет психолога и доврачебный кабинет.

✅ Отметим, что в подразделении сформирован штат квалифицированных специалистов: три акушера-гинеколога, четыре акушерки и две медицинские сестры.

Мощность объекта рассчитана на высокую пропускную способность: до 150 пациенток в смену.

🏥 Новая женская консультация значительно расширяет доступность медицинской помощи для жительниц региона, позволяя получать необходимую диагностику, консультации специалистов и наблюдение в современных и комфортных условиях.

#Модернизация",1401,3,0,minzdrav_ru
14924,2026-05-25T06:03:08+00:00,"📚** ****#ПростыеПравила****: Как помочь мозгу запомнить информацию перед экзаменом?**

Об этом рассказала клинический психолог Педиатрического Университета Минздрава России Алеся Евмененко.

__— Успешная подготовка к экзаменам предполагает не только освоение учебного материала, но и эффективное использование памяти, систематизацию информации и сохранение эмоциональной стабильности, — отметила эксперт.__

✅ Важно:

▫️ По возможности составьте план подготовки: так вы будете видеть прогресс и получать эмоциональное подкрепление;
▫️ Просто перечитывать конспекты — одна из самых неэффективных стратегий, гораздо важнее активно проговаривать информацию вслух или переписывать на память.
▫️ При подготовке оптимально повторить материал через 20 минут после первого изучения, затем через 6–8 часов и в последний раз — через сутки;
▫️ Ещё один эффективный метод для усвоения информации — это периоды работы по 25 минут, после которых следует 5-минутный отдых.

__— Следует обязательно чередовать умственный труд и физическую активность: встать, пройтись, сделать легкую разминку, — подчеркнула Алеся Евмененко.__

Подробнее об этом смотрите в наших карточках ⬆️

О полезных привычках смотрите на сайте ➡️ [ТакЗдорово](https://www.takzdorovo.ru/)

💬 [Получить MAXимум пользы для здоровья](https://max.ru/minzdrav_ru)",3821,83,0,minzdrav_ru
14923,2026-05-24T13:01:49+00:00,"🏥  **Специалисты Пермского края спасли пациентку с инфарктом, временно заместив функции сердца и легких**

В Клинический кардиологический диспансер поступила пациентка в критическом состоянии — сердце почти не перекачивало кровь. Такое состояние называется кардиогенный шок. 

В ходе обследования врачи диагностировали инфаркт. На фоне тяжелого состояния женщину перевели на искусственную вентиляцию легких.

Специалисты провели операцию и установили стенты. Однако даже после вмешательства сердце почти не перекачивало кровь.

📌  Для восстановления работы сердца и поддержки функций органов врачи приняли решение впервые в медучреждении провести экстракорпоральную мембранную оксигенацию (ЭКМО).

В крупные вены установили катетеры. Через специальный аппарат кровь насыщалась кислородом и возвращалась в организм, замещая функцию легких и сердца.

➡️  Через несколько дней насосная функция сердца стала восстанавливаться. Благодаря ЭКМО удалось сохранить и почки, которые сильно пострадали во время кардиогенного шока.

❤️  Сейчас женщина чувствует себя хорошо и уже находится дома. Она продолжает наблюдаться у кардиолога. 

💬 [Получить MAXимум пользы для здоровья](https://max.ru/minzdrav_ru)

#МедицинаРегионов",2060,5,0,minzdrav_ru
14922,2026-05-24T07:04:24+00:00,"🏥 ** В больнице Архангельской области внедрили новый метод лечения урологических патологий**

Врачи Первой городской клинической больницы им. Е.Е. Волосевич освоили ботулинотерапию для лечения пациентов с нарушениями мочеиспускания, которые могут быть вызваны различными факторами. 

Среди частых причин:

▫️  неврологические заболевания;
▫️  последствия травм спинного мозга;
▫️  возрастные изменения. 

➡️  Эти нарушения сопровождаются постоянными болями внизу живота, а также частыми и внезапными позывами к мочеиспусканию, что снижает качество жизни пациентов.

__— У таких пациентов с «гиперактивным» мочевым пузырем серьезно нарушено качество жизни: даже выйти на обычную прогулку становится серьезным испытанием, — отметил руководитель регионального урологического центра Максим Савельев. — При лечении этих больных не всегда помогает медикаментозная терапия, поэтому мы внедрили ботулинотерапию — метод, который дает возможность удлинить период активной и качественной жизни человека.__

💡  Метод основан на точечном введении под наркозом ботулотоксина — сильнодействующего нейропаралитического вещества — в мышечные слои стенки мочевого пузыря при помощи специальной эндоскопической иглы. 

✅ После этого снижается чрезмерная активность мышц и восстанавливается контроль над мочеиспусканием.

__— Особенность ботулинотерапии в том, что эффект длится от четырех до девяти месяцев в зависимости от патологии. Поэтому мы предупреждаем пациентов о необходимости повторного планового лечения и одновременно работаем над вопросом продления эффекта от процедуры, — уточнил Максим Савельев.__

💬 [Получить MAXимум пользы для здоровья](https://max.ru/minzdrav_ru)

#МедицинаРегионов",1973,9,0,minzdrav_ru
14915,2026-05-23T13:00:53+00:00,"🩺** ****#ПростыеПравила****: Как обеспечить здоровье щитовидной железы? **

Об этом рассказала эндокринолог НМИЦ «Лечебно-реабилитационный центр» Минздрава России Анастасия Артемьева.

🤔 Щитовидная железа — это орган, вырабатывающий жизненно важные гормоны (тироксин и трийодтиронин), которые:

▫️ регулируют скорость обмена веществ;
▫️ контролируют сердечный ритм и кровяное давление;
▫️ влияют на функции мозга, нервной системы;
▫️ участвуют в процессах роста и развития детей;
▫️ обеспечивают репродуктивную функцию.

__— Нарушения в работе щитовидной железы могут привести к серьезным последствиям для здоровья — от нарушений обмена веществ до когнитивных проблем, — заявила эксперт.__

❗️ Йод — ключевой микроэлемент, необходимый для синтеза гормонов щитовидной железы. Чтобы его достаточное поступление, важно соблюдать простые правила:

1️⃣ Используйте йодированную соль: храните ее в закрытой непрозрачной таре и добавляйте в блюдо после приготовления.
2️⃣ Ешьте продукты, богатые йодом: морепродукты, морскую капусту, молочные продукты, яйца.

Видимое увеличение шеи в области щитовидной железы, изменение веса, повышенная утомляемость, непереносимость холода или жары, изменения сердечного ритма, нарушения менструального цикла, выпадение волос — симптомы, которые могут указывать на нарушения в работе органа.

👩🏻‍⚕️ В таких случаях необходимо обратиться к врачу.

О полезных привычках смотрите на сайте ➡️ [ТакЗдорово](https://www.takzdorovo.ru/)

💬 [Получить MAXимум пользы для здоровья](https://max.ru/minzdrav_ru)",2889,31,1,minzdrav_ru
14914,2026-05-23T06:00:27+00:00,"🖥 **Успейте подать заявку на Международную Премию ****#МЫВМЕСТЕ**

Международная Премия #МЫВМЕСТЕ — главная премия социальных проектов, реализуемая при поддержке Президента. 

Ее цель — признание и поддержка лидеров общественно значимых инициатив, направленных на помощь людям и повышение качества жизни в России

В 2026 году заявки принимаются по четырем направлениям:

1️⃣ Категория «Личность»

Для граждан РФ старше 18 лет, занимающихся меценатством, волонтёрством, наставничеством или руководящих НКО.

Номинации:

▫️ «Волонтёр года» — за вклад в волонтёрское движение и помощь людям (18+);
▫️ «Наставник года» — за достижения в наставничестве (21+);
▫️ «Лидер НКО» — за эффективное управление НКО и развитие гражданского общества (21+).

2️⃣ Категория «НКО и проекты»

Для НКО, госучреждений и общественных объединений (от 14 лет), реализующих значимые социальные проекты.

Номинации:

▫️ «Устойчивое будущее» — экология, охрана природы, технологии реагирования;
▫️ «Герои нашего времени» — поддержка СВО, ветеранов, жителей исторических территорий;
▫️ «Поколение добра» — проекты подростков от 14 до 17 лет;
▫️ «Страна возможностей» — развитие образования, спорта, добровольчества, науки, культуры;
▫️ «Код милосердия» — защита прав человека, помощь уязвимым группам, пропаганда ЗОЖ, донорства, здравоохранение.

3️⃣ Категория «Компании»

Для МСП и крупного бизнеса, реализующих проекты КСО и устойчивого развития.

Номинации:

▫️ «Лидер социальных изменений. Крупный бизнес»;
▫️ «Лидер социальных изменений. МСП».

4️⃣ Категория «Территория»

Для регионов и муниципалитетов, поддерживающих НКО и добровольчество.

Номинации:

▫️ «Муниципальные образования и моногорода»;
▫️ «Субъекты Российской Федерации».

✅ В 6 сезоне премии появилась также специальная номинация «Сила единства», посвящённая Году единства народов России.
 
Подавайте свои проекты на Международную премию #МЫВМЕСТЕ в 2026 году! 

Заявки принимаются на сайте ➡️ премия.мывместе.рф до 24 мая

💬 [Получить MAXимум пользы для здоровья](https://max.ru/minzdrav_ru)",1702,8,1,minzdrav_ru
14913,2026-05-22T16:01:57+00:00,"🩺 **Михаил Мурашко: В сфере общественного здоровья ключевые задачи стран СНГ — профилактика инфекций и расширение охвата вакцинацией**

Об этом сообщил министр здравоохранения РФ Михаил Мурашко на 60 сессии Межпарламентской ассамблеи СНГ.
__
— В сфере общественного здоровья наши ключевые задачи — профилактика инфекций и расширение охвата вакцинацией — это направление максимально актуально, — подчеркнул он.__

➡️ Он добавил, что не менее значима борьба с неинфекционными заболеваниями через ограничение потребления алкоголя, табака, соли, сахаромодержащих продуктов.

Михаил Мурашко поблагодарил присутствующих на заседании руководителей законодательных органов стран СНГ за законы по борьбе с социально-вредными привычками и поддержке здорового образа жизни.
__
— Эти инициативы критически важны для гармонизации нашего законодательства в сфере общественного здоровья, — уточнил он.__

✅ Также поддержана актуализация Стратегии «Здоровье населения государств — участников СНГ». В рамках этой работы в марте прошло заседание межгосударственной Сети институтов организации и информатизации здравоохранения, посвященное продвижению здорового питания.

__— Делегаты Армении, Беларуси, Казахстана, Кыргызстана, России, Таджикистана, Узбекистана предметно обсудили подходы к маркировке продуктов, налогообложению сладких напитков и ограничению их маркетинга, — отметил Михаил Мурашко.__

🖥 Со своей стороны, Минздрав России развивает официальный портал Takzdorovo.ru. Это единое, экспертное информационное пространство, транслирующее достоверные знания о здоровье на понятном гражданам языке. 

__— На сайте открыт специальный раздел «Здоровое питание» с правилами составления рациона, калькулятором калорий и видеорецептами полезных блюд, — сообщил глава Минздрава России.__

📋 Министр добавил, что ожирение —  ещё один серьёзный вызов для здоровья населения стран СНГ.

__— Сегодня в рамках борьбы с этим тяжелым недугом на базе НМИЦ эндокринологии им. ак. И.И. Дедова Минздрава России также созданы специальные подразделения, которые методологически и терапевтически оказывают медицинскую помощь, помогая избежать многим пациентам инфарктов, инсультов, злокачественных новообразований, — заключил он.__

💬 [Получить MAXимум пользы для здоровья](https://max.ru/minzdrav_ru)

#ЗдоровьеВПриоритете
#МеждународноеСотрудничество",1696,10,0,minzdrav_ru
14912,2026-05-22T14:03:36+00:00,"🌐 **Михаил Мурашко: Минздрав России видит в сети базовых организаций СНГ мощный инструмент профессиональной кооперации**

Об этом сообщил министр здравоохранения РФ Михаил Мурашко на 60 сессии Межпарламентской ассамблеи СНГ.

__— Минздрав России видит в сети базовых организаций СНГ мощный инструмент профессиональной кооперации. Они консолидируют лучшие компетенции и формируют единое экспертное поле, — подчеркнул он.__

➡️ В частности, уже состоялись запланированные заседания общественных советов базовых организаций в области детской травматологии и ортопедии (на базе НМИЦ детской травматологии и ортопедии им. Г.И. Турнера Минздрава России), а также в сфере терапии и профилактической медицины (на базе НМИЦ терапии и профилактической медицины Минздрава России).

Министр добавил, что сегодня также принято решение о развитии сотрудничества по профилю гематология на базе НМИЦ гематологии Минздрава России.

__— Этот центр — уникальный в мире, который, так же как и НМИЦ детской гематологии, онкологии и иммунологии им. Д. Рогачева Минздрава России, достигает излечиваемости при онкогематологических заболеваниях более 92%, — уточнил Михаил Мурашко.__

Глава Минздрава России подчеркнул, что, в целом, российская медицина 
востребована среди пациентов из других стран.

__— В 2025 году рост числа иностранных пациентов, желающих лечиться в нашей стране, составил более 25%. Также развитие наших технологий позволило  значимо увеличить экспорт медицинской продукции, — заключил он.__

💬 [Получить MAXимум пользы для здоровья](https://max.ru/minzdrav_ru)

#МеждународноеСотрудничество",2017,10,0,minzdrav_ru
14910,2026-05-22T13:04:58+00:00,"🤝 **Михаил Мурашко: Сегодня действует более 880 договоров о сотрудничестве между учреждениями Минздрава России и организациями стран СНГ**

Об этом сообщил министр здравоохранения РФ Михаил Мурашко на 60 сессии Межпарламентской ассамблеи СНГ, которое проходит в Санкт-Петербурге под председательством спикера Совета Федерации Валентины Матвиенко.

__— Нас связывает прочная сеть соглашений со всеми присутствующими здесь государствами: между учреждениями Минздрава России и медицинскими, научными, образовательными организациями стран СНГ сегодня действует более 880 договоров о сотрудничестве. Мы строим работу на принципах равноправия, солидарности и глубокого уважения к национальным приоритетам друг друга, — сказал он.__

➡️ Министр отметил, что взаимная поддержка в подготовке кадров, создании специализированных центров, внедрении цифровых решений и формировании здорового образа жизни — это общая миссия стран СНГ.

✅ Особое место в сотрудничестве между государствами Содружества занимает проект «Пути снижения материнской и младенческой смертности» для защиты матерей и детей до 5 лет, реализуемый в СНГ с 2011 года. 

Его суть — практическое обучение национальных кадров служб родовспоможения и детства, передача опыта неотложной помощи и лечения инфекций.

__— Сегодня в рамках проекта мы готовим специалистов в области материнства и детства со всего мира. В прошлом году 290 специалистов из стран СНГ прошли переобучение. Главный результат: за время работы проекта зафиксировано устойчивое снижение младенческой смертности в наших странах, — подчеркнул Михаил Мурашко.__

Также Глава Минздрава России добавил, что важным шагом в развитии сотрудничества стала «Школа лидеров — организаторов здравоохранения для стран СНГ». 

__— Ее цель — укрепление управленческого потенциала и развитие международного партнерства. Мы приветствуем это направление, потому что именно организаторы здравоохранения создают чёткий вектор развития системы, — уточнил он.__

💬 [Получить MAXимум пользы для здоровья](https://max.ru/minzdrav_ru)

#МеждународноеСотрудничество",1589,8,0,minzdrav_ru
14909,2026-05-22T11:54:58+00:00,"🧑‍⚕️👩‍⚕️ **Врачи Орловской области избавили от сильных болей 17-летнего подростка с грыжей позвоночника**

В Научно-клинический многопрофильный центр им. З. И. Круглой поступил пациент с жалобами на сильную боль и слабость в правой ноге.

➡️ По результатам обследования специалисты диагностировали грыжу межпозвонкового диска — выпячивание или смещение части межпозвонкового диска за его привычные границы. 

Диск теряет целостность, его мягкое содержимое начинает давить на спинной мозг или нервные окончания, что вызывает сильную боль и онемение.

✅ Врачи центра совместно с коллегами из Орловской областной клинической больницы приняли решение о проведении высокотехнологичной операции. 

Ранее для выполнения подобных вмешательств пациенты направлялись в федеральные медицинские центры.

В ходе операции специалисты через малотравматичный доступ между дужками позвонков удалили грыжу и сохранили стабилизирующие структуры позвоночника.

Хирургическое вмешательство прошло успешно. Уже на следующий день после операции у пациента значительно уменьшились боли. 

❤️ На третьи сутки после вмешательства подросток чувствовал себя хорошо. Его выписали домой под амбулаторное наблюдение.

💬 [Получить MAXимум пользы для здоровья](https://max.ru/minzdrav_ru)

#МедицинаРегионов",1447,5,1,minzdrav_ru
14905,2026-05-22T07:32:35+00:00,"🏥 **В Самарской области открылся первый в регионе Центр медицины здорового долголетия**

На базе Самарской городской больницы №10 начал работу Центр медицины здорового долголетия. 

💡Задача подразделения — выявлять риски преждевременного старения и развития хронических заболеваний у граждан от 18 лет.

👨‍⚕️Прием ведет терапевт, гериатр. 

Обследование проводится по четырем направлениям, которые позволяют оценить:

▫️ иммуновоспалительные процессы;
▫️ уровень инсулинорезистентности;
▫️ оксидативный стресс;
▫️ состояние сосудов; 
▫️ факторы риска развития нарушений обмена веществ и ожирения.

➡[️ Получить MAXимум пользы для здоровья](https://max.ru/minzdrav_ru)

#Модернизация
#МедицинаРегионов
#ЗдоровьеВПриоритете",1645,12,2,minzdrav_ru
14904,2026-05-21T17:02:57+00:00,"👩‍⚕️ **Врачи Астраханской области сохранили почку пациентке с серьезными патологиями мочевыводительной системы **

В Александро-Мариинскую областную клиническую больницу поступила женщина с жалобами на боли в правой почке.

➡️ В ходе обследования врачи обнаружили, что верхняя часть мочеточника сужена, из-за этого моча не могла свободно оттекать, накапливалась в почке, растягивала её — такое состояние называется гидронефроз. 

При отсутствии лечения патология очень быстро может привести к почечной недостаточности. 

❗️Кроме того, в нижней чашечке почки специалисты обнаружили камень диаметром около 1 см.

​​​​​​​Раньше при таких патологиях операцию разбивали на два этапа.  Перед вторым вмешательством пациентам ставили дренажные трубки, и они ходили с ними несколько недель или месяцев.

В этом случае врачи приняли решение о проведении одномоментной операции:

1️⃣ Сначала специалисты через небольшие проколы восстановили нормальную ширину мочеточника в месте сужения;

2️⃣ Затем лазером раздробили камень в нижней чашечке почки, извлекли мелкие осколки и сохранили орган.

​​​​​​​❤️ Операция прошла успешно. Сейчас женщина чувствует себя хорошо.

💬 [Получить MAXимум пользы для здоровья](https://max.ru/minzdrav_ru)

#МедицинаРегионов",1820,5,1,minzdrav_ru
14898,2026-05-21T15:15:21+00:00,"🩺 **Уникальный российский медицинский поезд прибыл в Монголию в рамках проекта «Миссия Добро»**

В Монголии начал работу передвижной консультативно-диагностический центр на базе российского медицинского поезда «Святой Пантелеймон». Проект реализуется ОАО «РЖД» при поддержке Минздрава России в рамках гуманитарной инициативы «Миссия Добро».

💡 «Святой Пантелеймон» — современная «поликлиника на колесах». В состав поезда входят 14 вагонов, восемь из которых оборудованы для диагностики и приема пациентов.

🚅 Это уникальный и единственный в мире поезд, зарегистрированный как медицинское изделие. В России он предназнаен для оказания медицинской помощи пациентам на станциях отдаленных территорий страны, в том числе на Дальнем Востоке.

В медицинскую бригаду входят более 60 российских специалистов, в том числе 34 врача сети клиник «РЖД-Медицина».

Врачи оказывают помощь жителям Монголии как в столице страны, так и в отдалённых населённых пунктах, расположенных вдоль Улан-Баторской железной дороги. Общее количество станций на маршруте — 7.

➡️ Пациенты передвижного медицинского центра могут пройти рентгенографию, маммографию, ультразвуковые исследования, а также получить консультации эндокринолога, уролога, хирурга, педиатра. Кроме того, поезд оснащён отделениями лабораторной, лучевой диагностики и стерилизации.

Медицинский поезд уже посетил одну железнодорожную станцию. За это время:

▫️ за медицинской помощью обратился 441 человек, включая 63 детей;
▫️ было проведено 679 амбулаторных приемов, в том числе 34 — для детей;
▫️ выполнено 928 лабораторных и диагностических исследований, из них 3 — детям.

💬 [Получить MAXимум пользы для здоровья](https://max.ru/minzdrav_ru)

#МеждународноеСотрудничество",1299,9,1,minzdrav_ru
14897,2026-05-21T14:11:46+00:00,"🫀**«Сердце выскакивало из груди»: врачи НМИЦ им. ак. Е.Н. Мешалкина Минздрава России спасли пациента с редкой патологией**

65-летний мужчина из Югры поступил в федеральный центра Минздрава России с образованием на передней стенке грудной клетки, пульсирующим в ритме сердца. 

➡️ По оценке врачей, более года назад у пациента образовалась аневризма сердца и разорвалась. 

💡 Аневризма сердца — это опасное выпячивание истонченного участка стенки сердечной мышцы, которое значительно снижает насосную функцию органа, приводя к сердечной недостаточности, риску образования тромбов и тяжелым аритмиям. Ее разрыв может привести к жизнеугрожающим состояниям.

Однако пациент даже не почувствовал изменение в состоянии, поскольку кровь удержали в сердце спайки, сформировавшиеся после операции, проведенной 14 лет назад.

⚡️ В результате в грудной клетке образовался огромный мешок с 1,5 л крови. Его стенки постепенно покрывались кальциевыми отложениями и стали каменистыми — так организм пытался укрепить их своими силами. 

Но часть этой аневризмы стала выступать наружу через дефект в грудной стенке и удерживалась уже только кожей на груди.

Любая царапина в этой ситуации привела бы к смертельному кровотечению.

📋 Врачи приняли решение о проведении сложной операции. В ходе 5-часового вмешательства они в условиях искусственного кровообращения закрыли разрыв стенки левого желудочка с помощью искусственной заплатки.

Затем специалисты заместили огромную полость ложной аневризмы собственными тканями сальника (широкая складка брюшины, состоящая из жировой ткани и кровеносных сосудов) пациента.

❤️ Операция прошла успешно. Сейчас мужчина чувствует себя хорошо и готовится к выписке.

💬 [Получить MAXимум пользы для здоровья](https://max.ru/minzdrav_ru)

#СетьНМИЦев",12595,14,0,minzdrav_ru
14896,2026-05-21T06:00:56+00:00,"🧑‍⚕️ **Врачи Республики Крым извлекли гвоздь из головы пациента**
 
29-летний мужчина во время строительных работ случайно выстрелил в себя из гвоздезабивного пистолета и получил тяжелое ранение лицевого отдела черепа. 

⚡️ Гвоздь попал в гайморову пазуху и остановился всего в двух миллиметрах от головного мозга.

Мужчину доставили в Республиканскую клиническую больницу им. Н. А. Семашко.

Во время удаления инородного тела у пациента открылось артериальное кровотечение. Из-за характера раны остановить его обычным способом (наложением швов или зажимов) оказалось невозможно. 

✅ При помощи рентгенологического исследования сосудов с введением контрастного вещества специалисты выявили источник кровотечения (ветви верхнечелюстной артерии), и для его локализации закупорили сосуд специальными материалами. 

После остановки кровотечения они удалили инородное тело. 

❤️ Сейчас пациент чувствует себя хорошо и его жизни ничего не угрожает. 

💬 [Получить MAXимум пользы для здоровья](https://max.ru/minzdrav_ru)

#МедицинаРегионов",12562,16,0,minzdrav_ru
14895,2026-05-20T16:05:18+00:00,"🩺 **Михаил Мурашко: В России активно расширяется доступность медико-психологической помощи в первичном звене здравоохранения**

Об этом министр здравоохранения РФ Михаил Мурашко сообщил в приветствии участникам XVIII Съезда психиатров России «Психиатрия в условиях смешанной реальности: новые вызовы — новые возможности».

__— Активно расширяется доступность медико-психологической помощи в первичном звене здравоохранения, в том числе для участников СВО — за три года число кабинетов медико-психологического консультирования увеличилось с 1 285 до 1 625, кабинетов (отделений) медико-психологической помощи – с 387 до 496, а психотерапевтических кабинетов — с 533 до 605, — сказал он.__

✅ Министр также отметил плодотворную работу по нормативному правовому регулированию в сфере психиатрической помощи.

__— За два предшествующих года обновлено 28 клинических рекомендаций в области психиатрии и наркологии, — уточнил министр.__
 
Кроме того, за пять лет вступили в силу:

▫️ новый порядок медицинской помощи при психических расстройствах и расстройствах поведения;

▫️новый порядок диспансерного наблюдения за лицами, страдающими психическими расстройствами;

▫️ изменения в закон о психиатрической помощи.

🧑‍⚕️ Глава Минздрава России также подчеркнул, что важнейшую роль в оказании психиатрической помощи играет обеспечение системы здравоохранения новыми квалифицированными кадрами. 

__— Всего в 2025 г. в системе здравоохранения работало более 9,6 тыс. медицинских психологов, а в психиатрической службе – более 10,2 тыс. психиатров и более 1,3 тыс. психотерапевтов, — добавил он.__

Он отметил важность привлечения молодых кадров и совершенствования системы наставничества.

__— В 2025 г. в образовательных и научных организациях Минздрава России обучение по программам повышения квалификации прошли более 7,3 тыс. специалистов, новую специальность путем освоения программам профессиональной переподготовки получил 781 специалист, — сообщил министр.__

Также министр выделил актуальные вызовы, стоящие перед психиатрической службой:

▫️ цифровая трансформация;
▫️ внедрение систем поддержки принятия решений для скрининга на раннее выявление признаков психических расстройств;
▫️ разработка нейроинтерфейсов ассистивной коммуникации, иммерсивных технологий, включая виртуальную реальность, с целью их внедрения в программы медицинской реабилитации.

➡️ Министр добавил, что за психолого-психотерапевтической помощью обращаются более 3,5 млн человек в год.

__— С учетом актуальных потребностей общества мною инициирована разработка порядка оказания психотерапевтической помощи, — заключил он.

__💬 [Получить MAXимум пользы для здоровья](https://max.ru/minzdrav_ru)

#ЗдоровьеВПриоритете",2166,12,1,minzdrav_ru
14893,2026-05-20T13:40:18+00:00,"Сегодня среда, а значит... #НаучнаяСреда

🖥️ **Специалисты Самарского ГМУ Минздрава России создали Центр управления виртуальным обучением**

В Самарском ГМУ Минздрава России разработали цифровую систему для централизованного управления обучением с применением VR-симуляторов. 

⚙️ Центр управления может использоваться в медицинских и немедицинских колледжах и вузах, в системе ординатуры и дополнительного профессионального образования. Система объединяет все виртуальные тренажеры линейки «СИММЕД» в единую экосистему, давая преподавателю полный контроль над процессом. 

📌 Обучающиеся отрабатывают алгоритмы первой и экстренной медицинской помощи в различных условиях, учатся проводить осложненные роды, диагностические манипуляции (ЭКГ, офтальмоскопия, оценка слуха) и другое. Формируемые навыки зависят от выбранного преподавателем симуляционного модуля.

↪️ **Принцип работы и особенности системы:**

▫️ дает возможность назначать сценарии в обучающем и контрольном режимах;
▫️ отслеживает действия обучающихся в реальном времени;
▫️ транслирует прохождение сценария от первого лица;
▫️ позволяет приостанавливать, перезапускать или завершать сценарий дистанционно.

По итогам прохождения сценария система автоматически формирует отчет по каждому обучающемуся. В отчет включаются последовательность действий, корректность выполнения заданий и итоговый балл. 

__— Центр управления СИММЕД — важный шаг к цифровизации медицинского образования. Он позволяет не только повысить качество подготовки специалистов, но и стандартизировать подходы к оценке их компетенций, — отметил директор Института инновационного развития Самарского ГМУ Минздрава России Сергей Чаплыгин.__

💬 [Получить MAXимум пользы для здоровья](https://max.ru/minzdrav_ru)",2015,18,1,minzdrav_ru
14892,2026-05-20T10:25:17+00:00,"📋 **Михаил Мурашко: В России сегодня готовится ряд мер для регулирования употребления никотиносодержащей продукции**

Об этом сообщил министр здравоохранения РФ Михаил Мурашко журналистам на полях Всемирной ассамблеи здравоохранения.

__— В нашей стране сегодня готовится ряд мер, которые также вводят дополнительные нормы регулирования по никотиносодержащей продукции, — отметил он. — Считаем, что это направление и внутреннее законодательство по этому вопросу должны развиваться и прогрессировать.__

➡️ Министр добавил, что в ходе пленарной сессии на полях Всемирной ассамблеи здравоохранения активно обсуждались вопросы потребления табака и никотиносодержащих смесей.

__— Ряд стран уже принимает решения по ограничению продажи данной продукции отдельным категориям граждан, — сказал он.__

Так, например, в нескольких странах введен запрет на продажу никотиносодержащей продукции лицам, родившимся после 2009 года. 

💭 Глава Минздрава России добавил, что в рамках мероприятия большое внимание уделялось вопросам алкоголизации, наркомании и ряда заболеваний, передающихся преимущественно половым путем.

💬 [Получить MAXимум пользы для здоровья](https://max.ru/minzdrav_ru)

#ЗдоровьеВПриоритете
#МеждународноеСотрудничество",2284,13,0,minzdrav_ru
14891,2026-05-20T07:05:10+00:00,"💭 **Михаил Мурашко: Готовность мира, в том числе России, к новым инфекционным вызовам повысилась **

Об этом сообщил министр здравоохранения РФ Михаил Мурашко журналистам на полях Всемирной ассамблеи здравоохранения.

__— Мир стал более готов к новым инфекционным вызовам. Это однозначно. Все, что сегодня обсуждается об очагах возникновения, уже четко отрабатывается странами. И в том числе начали реализовываться новые соглашения, — отметил он.__

➡️ Он привел в пример Испанию. На полях Всемирной ассамблеи здравоохранения представители страны продемонстрировали, как в чрезвычайной ситуации работать с инцидентом, оказывать медицинскую помощь, отслеживать перемещение пациентов и проводить эпидемиологические расследования.

✅ По его словам, аналогичная работа ведется и по лихорадке Эбола.

__— На сегодняшний день тоже вырабатываются определенные международные команды по реагированию, — заключил Михаил Мурашко. — Россия является участником всех этих процессов.__

💬[ Получить MAXимум пользы для здоровья](https://max.ru/minzdrav_ru)

#МеждународноеСотрудничество",2183,14,1,minzdrav_ru
14887,2026-05-19T18:10:15+00:00,"🌐 **Михаил Мурашко: Россия активно участвует в разработке многих международных инициатив в сфере здравоохранения **

Министр здравоохранения РФ Михаил Мурашко в рамках 79-й сессии Всемирной ассамблеи здравоохранения провел двусторонние встречи с главами Минздравов Китая, Египта, Туниса, Таиланда, Руанды, Намибии, Индонезии, Казахстана и Таджикистана.

➡️  Глава Минздрава России сообщил, что в рамках двусторонних встреч подписаны документы о сотрудничестве в сфере здравоохранения с Руандой и Тунисом.

Одно из ключевых направлений международного взаимодействия — ядерная медицина.

🤝  Министр добавил, что многие государства активно развивают с Россией международное сотрудничество в сфере здравоохранения и по другим областям.

__— Многие страны сегодня активно развивают взаимоотношения с нашей страной. Хочу отметить большой интерес к получению образования в нашей стране, поставке медицинского оборудования, медицинских изделий, технологий, — уточнил Михаил Мурашко.__

Он также отметил, что на полях Всемирной ассамблеи здравоохранения состоялись встречи с представителями Казахстана и Таджикистана — стран-партнеров России в реализации серьезных проектов в сфере здравоохранения, включая медицину катастроф.

__— Эта поездка задала новое направление развитию взаимоотношений как с международными организациями, так и в части двусторонних контактов, — подчеркнул министр.__

✅ Михаил Мурашко отметил, что Россия выступает активным участником в разработке многих инициатив, в том числе по помощи пациентам с гемофилией, орфанными заболеваниями и многим другим направлениям. 

__— В этих проектах мы фактически делимся своим опытом, — сказал он.__

По его словам, международные инициативы также учтены в рамках внутренних документов нашей страны, включая Стратегию развития здравоохранения до 2030 года.

__— В рамках Всемирной ассамблеи здравоохранения рассматривался ряд организационных вопросов, в том числе касающихся новых направлений развития. Поскольку в Российской Федерации принята Стратегия развития здравоохранения до 2030 года, то, конечно, международные инициативы и проекты учтены в рамках наших внутренних документов, — уточнил он.__

💬 [Получить MAXимум пользы для здоровья](https://max.ru/minzdrav_ru)

#МеждународноеСотрудничество",3784,17,0,minzdrav_ru
14884,2026-05-19T17:04:48+00:00,"🏥 **Михаил Мурашко: Принцип доступности и бесплатной базовой медицинской помощи остается одним из фундаментальных приоритетов России и Беларуси**

Об этом заявил министр здравоохранения РФ Михаил Мурашко в ходе выступления на пленарном заседании 79-й сессии Всемирной ассамблеи здравоохранения от имени Союзного государства России и Беларуси.

__— Сегодня сотрудничество Союзного государства России и Республики Беларусь подает положительный пример профессионального диалога, основанного на принципах солидарности, — отметил он.__

📍Министр подчеркнул, что в  странах сформированы национальные системы здравоохранения, которые характеризуются высокой доступностью и экономической эффективностью, самой современной медицинской помощью.

__— Принцип доступности и бесплатной базовой медицинской помощи остается одним из фундаментальных приоритетов Союзного государства. Мы видим, что уровень удовлетворенности граждан системой здравоохранения растет, ежегодно увеличиваясь на 8%, — сообщил Михаил Мурашко.__

↪️ Реализуемые в России и Беларуси государственные программы обеспечивают:

▫️ повышение доступности первичной медико-санитарной и стационарной помощи;
▫️ модернизацию инфраструктуры здравоохранения;
▫️ внедрение в практику современных технологий лечения, реабилитации и профилактики детской смертности.

Министр также добавил, что сегодня активно реализуются программы по цифровизации здравоохранения и внедряются решения на основе искусственного интеллекта.

__— В прошлом году проведено 24 млн телемедицинских консультаций. Особое внимание уделяется подготовке медицинских специалистов. В нашей стране учатся медицине студенты из 150 стран. Видим рост числа медиков в секторе, оказывающем медицинскую помощь, последние три года, — уточнил министр.__

📍Эффективность принятых организационных решений подтверждается ключевыми интегративными показателями, прежде всего уровнями материнской и младенческой смертности.

__— Младенческая смертность сегодня составляет менее 3,4 промилле. Детская смертность до 5 лет за последние 5 лет снизилась на 25%, — заявил он.__

➡️ Михаил Мурашко выразил уверенность в том, что совместными усилиями Союзного государства продолжит развиваться научный потенциал стран и показатели здравоохранения улучшатся.

💬 [Получить MAXимум пользы для здоровья](https://max.ru/minzdrav_ru)",1578,5,1,minzdrav_ru
14881,2026-05-19T15:33:34+00:00,"🇷🇺🇹🇳 **Россия и Тунис подписали программу сотрудничества в сфере здравоохранения**

Министр здравоохранения РФ Михаил Мурашко на полях Всемирной ассамблеи здравоохранения провел встречу с главой Минздрава Тунисской Республики Мустафой Ферджани.

Стороны приняли программу сотрудничества между Министерством здравоохранения Российской Федерации и Министерством здравоохранения Тунисской Республики
на 2026–2027 гг. 

Согласно документу, стороны будут взаимодействовать по следующим направлениям:

▫️ организация и управление государственной системой здравоохранения;
▫️ медицинские научные исследования;
▫️ обращение лекарственных средств и медицинских изделий;
▫️ профилактика неинфекционных заболеваний;
▫️ профилактика и контроль инфекционных заболеваний, в том числе сотрудничество в области вакцинопрофилактики;
▫️ подготовка и повышение квалификации специалистов в сфере здравоохранения;
▫️ информационные технологии.

💬 [Получить MAXимум пользы для здоровья](https://max.ru/minzdrav_ru)

 #МеждународноеСотрудничество",1585,10,0,minzdrav_ru
14879,2026-05-19T14:15:21+00:00,"🇷🇺🇷🇼 **Россия и Руанда подписали меморандум о сотрудничестве в сфере здравоохранения**

На полях Всемирной ассмблеи здравоохранения глава Минздрава России Михаил Мурашко и глава Минздрава Республики Руанда Сабин Нсанзимана провели встречу.

📋 В рамках мероприятия стороны подписали меморандум о взаимопонимании между Министерством здравоохранения Российской Федерации и Министерством здравоохранения Республики Руанда.

Страны намерены сотрудничать в следующих областях:

▫️ укрепление систем здравоохранения;
▫️ профессиональное развитие медицинских работников;
▫️ профилактика, медицинская реабилитация, диагностика, лечение неинфекционных и инфекционных заболеваний;
▫️ государственное регулирование обращения лекарственных средств и медицинских изделий;
▫️ медицинские научные исследования;
▫️ охрана здоровья матери и ребенка, включая меры по снижению детской и младенческой смертности;
▫️ ядерная медицина и другие.

💬 [Получить MAXимум пользы для здоровья](https://max.ru/minzdrav_ru)

#МеждународноеСотрудничество",4828,33,2,minzdrav_ru
14878,2026-05-19T11:01:27+00:00,"😴 **#ПростыеПравила****: Как справиться с частыми ночными пробуждениями**

Об этом рассказала сомнолог НМИЦ терапии и профилактической медицины Минздрава России Надежда Арсентьева.

🛏 Частые ночные пробуждения могут быть сигналом о проблемах с гигиеной сна. 

Основные причины: световое и шумовое загрязнение, неоптимальная температура, неудобные матрас или подушка, кофе и чай после обеда, поздние плотные ужины, употребление алкоголя, курение и использование гаджетов перед сном.

📋 **Как сделать сон качественным**

1️⃣ Выберите хороший матрас и подушку, проветривайте и зашторивайте комнату перед сном.
2️⃣ Отрегулируйте биологические часы — старайтесь ложиться и вставать в одно время.
3️⃣ Исключите алкоголь, не пейте кофе и чай по вечерам, а последний прием пищи завершайте за три часа до сна.
4️⃣ Добавьте умеренную активность (30—40 минут в день), но заканчивайте занятия спортом за три часа до сна.

__— Важно различать случайные ночные пробуждения от проблем, которые требуют внимания специалиста, — подчеркнула Надежда Арсентьева.__

🚨 Тревожные сигналы для визита к врачу:

▫️ Ночные пробуждения длительностью более 30 минут.
▫️ Нарушения сна более трех ночей в неделю на протяжении одного месяца.
▫️ Дневная сонливость, усталость, снижение памяти и работоспособности.
▫️ Громкий храп или задержки дыхания во сне.

__— Качественный сон — это не роскошь, а жизненная необходимость. Позаботьтесь о своем сне, и ваше тело отплатит вам энергией, хорошим настроением и крепким здоровьем, — подытожил эксперт.__

💬 [Получить MAXимум пользы для здоровья](https://max.ru/minzdrav_ru)",3247,32,0,minzdrav_ru
14877,2026-05-19T10:31:58+00:00,"💭 **Михаил Мурашко поздравил фармацевтических работников с профессиональным праздником**

Министр здравоохранения Российской Федерации Михаил Мурашко поздравил специалистов с Днем фармацевтического работника и отметил значимость их труда для системы здравоохранения.

__— Современная медицина немыслима без качественных и доступных лекарств. Российская фармацевтическая отрасль активно развивается, расширяя номенклатуру, выводя на рынок новейшие прорывные препараты. А многотысячная армия фармацевтических работников ежедневно обеспечивает лекарственную безопасность страны. Спасибо за Ваш неустанный труд и профессионализм! Желаю Вам успехов, благополучия и, конечно, крепкого здоровья!, — сказал министр.__

**19 мая — День фармацевтического работника**

💬 [Получить MAXимум пользы для здоровья](https://max.ru/minzdrav_ru)",3608,13,2,minzdrav_ru
14876,2026-05-19T06:02:18+00:00,"📋 **Как получить медицинские документы через Госуслуги? **

Электронные медицинские документы — цифровые аналоги, сформированные в медорганизации и подписанные электронной подписью.

С согласия пациента электронные документы поступают в его медкарту на Госуслугах. Кроме того, в личном кабинете родителей отображаются карточки детей.

Цифровые документы с электронной подписью имеют ту же юридическую силу, что и бумажные.

📤 **Преимущества электронных документов**

▫️Направления, результаты анализов, рецепты всегда под рукой и доступны с любого устройства;
▫️ Цифровые документы нельзя подделать или изменить после подписания электронной подписью;
▫️Ознакомиться с результатами анализов и других исследований можно не выходя из дома.

🔍 **Как начать получать электронные медицинские документы**

➡️ Войдите на Госуслуги под своей учётной записью. Перейдите в личный кабинет → Документы → Здоровье → Медкарта

➡️ Оформите согласие на получение данных. Для этого ознакомьтесь с информацией и нажмите «Разрешить»

Получайте электронные документы — ваши и ваших детей. Теперь они будут поступать в медкарту в личном кабинете

📎 **Как скачать электронный документ**

➡️ В личном кабинете перейдите в раздел «Медкарта»;

➡️ Выберите категорию документа;

➡️ Откройте нужный документ и скачайте его.

📋 **По каким категориям разделены документы в медкарте**

▫️ Справки и медзаключения;
▫️ Рецепты;
▫️ Направления;
▫️ Протоколы исследований;
▫️ Протоколы консультаций;
▫️ Выписки из стационаров;
▫️ Профилактика и диспансеризация;
▫️ Вызовы скорой.

Электронные медицинские документы — это удобно, безопасно и всегда под рукой. Начните пользоваться уже сегодня 😊

Напомним, что в рамках федпроекта «Государство для людей» реализуется жизненная ситуация «[Получение медицинских документов](https://www.gosuslugi.ru/landing/medical_docs)».

💬 [Получить MAXимум пользы для здоровья](https://max.ru/minzdrav_ru)

#жизненная_ситуация
#ГДЛ",14698,100,2,minzdrav_ru
14875,2026-05-18T14:00:46+00:00,"🩺 **Иркутские врачи избавили пациентку с редким синдромом от боли и тошноты после еды **

В Иркутскую областную детскую клиническую больницу поступила 12-летняя девочка с синдромом Данбара. 

💡 Синдром Данбара — редкая патология, при которой связка диафрагмы расположена ниже нормы и сдавливает чревный ствол (короткий кровеносный сосуд). Из-за этого нарушается кровоснабжение желудка, печени, селезенки и поджелудочной железы.

После каждого приема пищи пациентка испытывала боль и тошноту. Из-за этого она перестала полноценно питаться, и ее вес резко снизился. 

➡️ Специалисты решили провести операцию с помощью роботической системы — она дает многократное увеличение и высокую маневренность инструментов. 

Ключевая задача вмешательства — рассечь связку диафрагмы. Робот позволил сделать это с высокой точностью и освободить сосуды от сдавления.

❤️ Вмешательство прошло успешно. Через несколько часов после операции девочка смогла поесть без боли. Скоро пациентку выпишут домой.

💬 [Получить MAXимум пользы для здоровья](https://max.ru/minzdrav_ru)

#МедицинаРегионов",1922,5,2,minzdrav_ru
14870,2026-05-18T13:32:33+00:00,"🚑 **Михаил Мурашко поздравил коллектив Новгородской станции скорой медицинской помощи со 100-летием со дня основания**

Министр здравоохранения РФ Михаил Мурашко поздравил с юбилеем коллектив Новгородской станции скорой медицинской помощи.

__— Целый век коллектив станции, проявляя высочайший профессионализм, самоотверженность и душевную чуткость, спасает жизни людей. Ваша работа требует не только глубоких знаний, но и невероятной выдержки, готовности принимать ответственные решения за короткое время, — отметил он.__

📋 Особые слова благодарности Михаил Мурашко выразил ветеранам медучреждения.

__— В этот знаменательный день я выражаю особую благодарность ветеранам Новгородской станции скорой медицинской помощи. Вы заложили славные традиции милосердия, служения и высочайшей ответственности, которые сегодня с честью продолжает новое поколение медиков, — сказал он.__

Глава Минздрава России подчеркнул, что за эти годы станция прошла огромный путь, за время работы сменялись эпохи, методы работы, технологии, но неизменной оставалась готовность медиков прийти на помощь в любое время.

__— В прошлом году силами 52 бригад станции выполнено более 120 тыс. выездов, оказана помощь 122 тыс. пациентов, 87% из которых требовалась экстренная помощь, — уточнил министр.__

🚁 Также он добавил, что Новгородская станция скорой медицинской помощи обеспечивает оперативную и качественную медицинскую помощь жителям области даже в самых сложных условиях.

💬 [Получить MAXимум пользы для здоровья](https://max.ru/minzdrav_ru)

#ЗдоровьеВПриоритете",1422,3,1,minzdrav_ru
14869,2026-05-18T11:01:53+00:00,"🏥 **В Воронежской области открылась новая врачебная амбулатория**

Новое медучреждение расположено в селе Архиповка, которое находится в 215 км от Воронежа. Врачебная амбулатория оказывает медицинскую помощь более 1,5 тыс. гражданам, 500 из которых дети.

👉 В здании расположен кабинет приема пациентов, а также процедурно-прививочная комната.

Новое медучреждение оснащено современным медоборудованием, в том числе:

⚪ портативным биохимическим анализатором крови;
⚪ анализатором сердечно-сосудистой деятельности матери и плода;
⚪ отоскопом;
⚪ фетальным монитором.

Врачебная амбулатория построена в рамках программы «Модернизация первичного звена здравоохранения» национального проекта «Продолжительная и активная жизнь».

💬 [Получить MAXимум пользы для здоровья](https://max.ru/minzdrav_ru)

#Модернизация",1751,1,0,minzdrav_ru
14867,2026-05-18T06:03:35+00:00,"🧑 **Врачи Кабардино-Балкарской Республики спасли 20-летнего мужчину с множественными травмами после ДТП**

Пациент поступил в Республиканскую клиническую больницу с травмами, полученными в результате ДТП: закрытая травма грудной клетки, ушиб обоих легких, закрытый перелом левой бедренной кости, а также открытые переломы обоих надколенников.

Для фиксации перелома левого бедра врачи наложили аппарат наружной фиксации.

💡 При множественных травмах высок риск развития тяжелого осложнения — жировой эмболии, которая приводит к нарушению кровотока в жизненно важных структурах: головном и спинном мозге, легких, сердце.

В ходе операции хирурги удалили аппарат внешней фиксации и установили титановый штифт в бедренную кость для обеспечения правильного сращения перелома, а также для заживления и восстановления функции коленного сустава.

❤️ Сейчас пациент чувствует себя хорошо. Он прошел этап реабилитации.  

💬 [Получить MAXимум пользы для здоровья](https://max.ru/minzdrav_ru)

#МедицинаРегионов",3157,7,1,minzdrav_ru
14866,2026-05-17T13:04:02+00:00,"📋 **#ЯТолькоСпросить****: Как распознать гипертонию и почему давление важно контролировать даже в любом возрасте?**

Кардиолог НМИЦ терапии и профилактической медицины Минздрава России Надежда Арсентьева ответила на популярные вопросы об артериальной гипертензии.

💡 Артериальная гипертензия (гипертония) — это стойкое повышение давления в сосудах выше допустимого уровня. Диагноз ставится, когда показатели стабильно превышают 140/90 мм рт. ст.

Эксперт выделила основные симптомы патологии:

▫️Головная боль;
▫️Мушки перед глазами;
▫️Шум в ушах.

__— Однако часто повышенное давление может протекать незаметно, — подчеркнула Надежда Арсентьева.__

Также она отметила основные факторы риска, которые влияют на повышение давления:

▫️ Ожирение;
▫️ Избыточное потребление соли (более 5 г в день);
▫️ Употребление алкоголя;
▫️ Курение;
▫️ Низкая физическая активность.

❗️Важно, что патология может развиться и у молодых людей.

Подробные ответы на вопросы про артериальную гипертонию смотрите в нашем ⬆️

#МинздравНапоминает: При появлении симптомов своевременно обращайтесь к врачу. Также регулярно проходите профилактические осмотры. Это позволяет начать лечение вовремя, снизить риск осложнений и сохранить здоровье.

**17 мая — Всемирный день борьбы с артериальной гипертензией
**[
💬 Получить MAXимум пользы для здоровья](https://max.ru/minzdrav_ru)",3977,22,0,minzdrav_ru
14860,2026-05-17T06:01:57+00:00,"🐍  **#ПростыеПравила****: Как обезопасить себя от укуса змеи**

Об этом рассказал доцент кафедры поликлинической терапии Пироговского Университета Минздрава России Дмитрий Карпенко.

🗺  Чаще всего змей можно встретить в траве в полях или лесах, возле пней, около водоемов и каменистых осыпей, а также у заброшенных дачных участков.

__— Исход укуса змеи никогда не бывает предсказуемым на сто процентов. Он зависит от целого каскада факторов, а именно от вида змеи, количества введенного яда, места укуса, возраста пострадавшего и его исходного состояния здоровья, — заявил эксперт. __

📋 Змея не нападает первой без причины. Укус всегда является защитной реакцией на реальную или мнимую угрозу, когда на нее наступили или попытались поймать. Чтобы минимизировать риски, важно соблюдать простые правила:

1️⃣  Надевайте высокие резиновые сапоги, плотные брюки и шерстяные носки перед выходом в лес.
2️⃣  Смотрите под ноги, раздвигайте траву длинной палкой и не засовывайте руки в норы и дупла.
3️⃣  Увидев змею — замрите и медленно отходите назад. Не пытайтесь ее убить или прогнать.

❗️  Если укус произошел — отойдите от змеи, запомните время укуса (это важно сообщить врачу) и немедленно вызовите скорую помощь (103 или 112). Чем раньше будет введена сыворотка против яда змеи, которая входит в перечень жизненно необходимых и важнейших лекарственных средств, тем благоприятнее прогноз. 

👨‍⚕️  До приезда врачей обездвижьте конечность, снимите кольца и часы, пейте много воды.

💬 [Получить MAXимум пользы для здоровья](https://max.ru/minzdrav_ru)",3875,51,0,minzdrav_ru
14855,2026-05-16T17:05:46+00:00,"👨‍⚕️  **Пословицы и поговорки о здоровье разных народов России**

Мудрость о ценности здоровья передается из поколения в поколение. У каждого народа России есть свои слова о том, как важно заботиться о своем организме и беречь силы.

📖  Мы собрали для вас пословицы и поговорки на языках народов нашей страны — с переводом на русский язык. 

💬 [Получить MAXимум пользы для здоровья](https://max.ru/minzdrav_ru)

#ГодЕдинстваНародовРоссии",2351,13,0,minzdrav_ru
14849,2026-05-16T13:32:23+00:00,"🩺  **Михаил Мурашко оценил организацию онкологической помощи в Псковской области**

Министр здравоохранения РФ Михаил Мурашко в рамках рабочей поездки посетил Псковский областной клинический онкологического диспансер. 

Пациенты получают медицинскую помощь в профильных отделениях: 

▫️  абдоминальной онкологии и торакальной хирургии;
▫️  опухолей молочной железы; 
онкогинекологии;
▫️  противоопухолевой терапии;
▫️  радиотерапии.

На базе диспансера работают дневной стационар, круглосуточный стационар на 206 коек, а также поликлиника.

✅ С 2019 года в онкологический диспансер поступило порядка 130 ед. техники, в том числе аппарат КТ, линейный ускоритель, аппарат контактной лучевой терапии.

Позитивная динамика в лечении пациентов с онкологическими заболеваниями стала возможной благодаря масштабной модернизации медучреждений, подчеркнул глава Минздрава России.

__— Отмечаю позитивную ситуацию по лечению пациентов с онкологическими заболеваниями. В предыдущие годы здесь реализовано большое количество мероприятий, связанных с поставкой оборудования. И это оборудование, как мы увидели сегодня, эффективно эксплуатируется — это и лучевая терапия, и диагностическое оборудование, — сообщил министр.__

В том числе, как заметил Михаил Мурашко, улучшение оказания онкологической помощи в регионе связано с активным профессиональным взаимодействием специалистов.

__— Что важно, специалисты не работают изолированно: они контактируют с ведущими федеральными центрами, со своими коллегами из других регионов. И это отражается на качестве лечения, эффективности терапии в борьбе с такими сложными заболеваниями, — отметил он.__

📋 Помимо этого, министр заявил, что регион получил дополнительное финансирование для закупки нового диагностического оборудования широкого профиля.

__— Президентом России дано поручение по продолжению программы. Сегодня регион уже получил дополнительные  средства на оплату поставки нового диагностического оборудования, которое будет использоваться не только для онкологических пациентов, но и для пациентов с сердечно‑сосудистыми заболеваниями, а также заболеваниями центральной нервной системы, — рассказал он.__

➡️  В онкодиспансере активно применяется экспертная система поддержки принятия врачебных решений «OncoFocus» для диагностики злокачественных новообразований шейки матки. 

Ее внедрение позволило повысить точность скрининга злокачественных новообразований за счет применения ИИ. 

🖥  Министр сообщил, что на развитие информационных систем в сфере здравоохранения выделены дополнительные средства.
__
— Правительство выделило дополнительное финансирование на поддержку развития информационных систем. Это напрямую влияет на качество ведения пациентов и внедрение современных технологий поддержки принятия решений, что в конечном итоге позволяет пациентам оптимизировать свое время, тратить меньше сил, — объяснил он.__

Он также добавил, что медики региона позитивно оценивают перспективы внедрения ИИ в медицине.

__— Специалисты подтверждают, что современные решения сокращают трудозатраты, положительно сказываются на качестве работы, — дополнил он.__

❗️  Михаил Мурашко отметил, что важно соблюдать стандарты и совершенствовать маршрутизацию пациентов.

__— Именно стандарты позволяют повысить качество оказания помощи, производительность труда. Важно также выстроить маршрутизацию пациентов таким образом, чтобы обеспечить минимальные сроки ожидания, — сказал он.__

💬 [Получить MAXимум пользы для здоровья](https://max.ru/minzdrav_ru)

#ЗдоровьеВПриоритете",1406,5,0,minzdrav_ru
14848,2026-05-16T12:34:25+00:00,"❤️ **Открыт набор: направление «Здоровье» в треке «Министерство контента» проекта «ТопБЛОГ»**

▫️ Ведете здоровый образ жизни и мотивируете через свой блог других заботиться о себе?
▫️ Разбираетесь в фитнесе, правильном питании и профилактике заболеваний?
▫️ Знаете, в чем особенность трехуровневой системы здравоохранения и почему на нашу систему Семашко равняются зарубежные системы здравоохранения? 

➡️ Тогда приглашаем вас присоединиться к треку «Министерство контента» 6-го сезона Всероссийского проекта «ТопБЛОГ» президентской платформы «Россия – страна возможностей».

«Министерство контента» — программа, нацеленная на формирование компетенций авторов, ориентирующихся на тематическом контенте. 

Одно из ключевых направлений — «Здоровье» — создано в партнерстве с Министерством здравоохранения РФ. Этот трек идеально подойдет тем, кто создает контент на тематику здорового образа жизни.

__— Сегодня тема здоровья занимает значимое место в информационном поле. Достоверная информация в СМИ и соцсетях формирует у человека грамотность в вопросах здоровья и ответственность, позволяя перейти от лечения болезней к их профилактике. При этом большинство опасных заболеваний на ранних стадиях излечимы почти в 100% случаев, а здоровые привычки не имеют противопоказаний и побочных действий в отличие от лекарственных препаратов. Проект «ТопБЛОГ» объединяет экспертов здравоохранения и авторов контента, чтобы перевести сложные знания на современный и понятный язык, — сообщил министр здравоохранения РФ Михаил Мурашко.__

«Министерство контента» – программа, не имеющая аналогов в стране и мире, где блогеры и федеральные министерства объединяют усилия для решения реальных задач и формирования доверительной коммуникации с обществом.

Вас ждут: 

✔️индивидуальные и командные испытания для развития творческого потенциала;
✔️увлекательные мастер-классы и лекции от лидеров индустрии;
✔️уникальная программа дополнительного профессионального образования, разработанная совместно с Мастерской управления «Сенеж», которая откроет новые карьерные перспективы.

👍Готовы создавать контент со смыслом, брать на себя ответственность за слово и вносить вклад вразвитие общественного здоровья? Тогда присоединяйтесь к проекту «ТопБЛОГ».

Регистрация открыта до 9 июня ➡️ на сайте

Участие бесплатное. 0+

#ЗдоровьеВПриоритете #ТопБЛОГ 
#МинистерствоКонтента
#РоссияСтранаВозможностей",1736,19,1,minzdrav_ru
14838,2026-05-16T11:27:48+00:00,"🏥  **Михаил Мурашко посетил Псковскую область с рабочим визитом**

Министр здравоохранения РФ Михаил Мурашко в рамках визита в Псковскую область вместе с губернатором региона Михаилом Ведерниковым посетил медицинские организации первичного звена здравоохранения региона и оценил их работу.

__— В рамках поручения Президента РФ Владимира Путина в регионе реализовывался национальный проект «Здравоохранение». Особое внимание было уделено модернизации первичного звена, поскольку это первая точка контакта пациентов с медициной. В рамках проекта региону было выделено 2,5 млрд рублей. Средства потрачены эффективно, и все мероприятия реализованы в срок. На сегодняшний день построено 44 объекта, отремонтировано 94 объекта, приобретено более 200 единиц автотранспорта, — заявил он.
__
🏥  В ходе рабочей поездки министр осмотрел обновленный Гдовский филиал Псковской межрайонной больницы после реконструкции и оценил работу приемного отделения, кабинета маммографии и УЗИ, стоматологический кабинета, палаты основного больничного корпуса, реконструированного поста скорой помощи, где созданы все условия для эффективной и комфортной работы бригад.

➡️  Медицинская помощь в медучреждении оказывается в условиях дневного и круглосуточного стационаров, в том числе предусмотрены койки по профилям гинекология, педиатрия, хирургия, терапия. К филиалу прикреплены более 8,3 тыс. человек.

В ходе визита Михаил Мурашко также посетил ФАП в деревне Самолва Гдовского района и врачебную амбулаторию в деревне Писковичи, которая открыта в рамках модернизация первичного звена здравоохранения.

🩺  Также Михаил Мурашко осмотрел отделение профилактики Псковской городской поликлиники, где можно пройти диспансеризацию и профосмотры, в том числе в выходные дни. 

📉  Он отметил, что в регионе снижается потребление алкоголя, а также  распространенность табакокурения.

__— Медики фиксируют снижение числа людей, злоупотребляющих алкоголем, а также уменьшение распространенности табакокурения. Это действительно позитивный тренд, который говорит о том, что люди все больше внимания уделяют своему здоровью. Кроме того, я вижу, что в регионе ответственно относятся к организации спортивных и общественных мероприятий. Считаю, что усилия региона в этом направлении абсолютно созидательны и правильны, они помогают формировать приверженность здоровому долголетию, — подчеркнул Михаил Мурашко.__

📋 Министр также добавил, что в настоящее время в Народной программе партии «Единая Россия» предусмотрено направление по продолжению модернизации первичного звена, поэтому для поддержки Псковской области выделено 3 млрд. на инфраструктурные изменения.

Особое внимание Михаил Мурашко обратил на позитивные изменения в решении кадрового вопроса в регионе.

__— Благодаря модернизации мы видим, что ситуация стала меняться. Также важную роль играет позиция губернатора и те средства, которые направляются на социальные выплаты, — это программы «Земский доктор» и «Земский фельдшер». Региональный бюджет также вносит свой вклад в развитие мер соцподдержки медиков, в том числе в решении жилищных вопросов, и помогает решать, в том числе, вопросы по дополнительным региональным выплатам, — подчеркнул он.__

Отметим, что глава Минздрава России в ходе визита возложил цветы к мемориалу «Князь Александр Невский с дружиной» на Чудском озере.

Также он провел совещание с руководством региона по актуальным вопросам развития системы здравоохранения и вручил ведомственные награды медработникам.

💬 [Получить MAXимум пользы для здоровья](https://max.ru/minzdrav_ru)

#МедицинаРегионов
#Модернизация
#ЗдоровьеВПриоритете",1315,2,0,minzdrav_ru
14837,2026-05-16T06:01:26+00:00,"🌐** Россия и Беларусь развивают сотрудничество в сфере здравоохранения **

Замминистра здравоохранения РФ Евгений Камкин принял участие в заседании постоянно действующего семинара при Парламентском Собрании Союза Беларуси и России по вопросам строительства Союзного государства, которое состоялось в Минске.

В этом году мероприятие посвящено теме «Формирование и развитие современной системы здравоохранения в Республики Беларусь и в Российской Федерации». 

Евгений Камкин рассказал об основных достижениях реализации нацпроектов «Продолжительная и активная жизнь», «Новые технологии сбережения здоровья» и федпроектов «Охрана материнства и детства» и «Производительность труда», а также обозначил задачи развития системы здравоохранения РФ.

↪️ Развитие международного сотрудничества двух стран

Замглавы Минздрава России отметил, что с 2006 года Минздрав России последовательно обеспечивает выполнение Соглашения о равных правах граждан на медицинскую помощь.

__— Сегодня на территории РФ по системе обязательного медицинского страхования застраховано более 49,2 тыс. граждан Республики Беларусь, — уточил Евгений Камкин.__

Также замминистра добавил, что на постоянной основе осуществляется сотрудничество в области медицинского образования и науки.

__— В 2025 году в 28 медицинских вузах России обучались 603 гражданина Беларуси, из них 388 — за счет бюджетных ассигнований. Прием в 2025 году составил 130 человек, — сказал он.__

Кроме того, в программе Союзного государства по разработке новых спинальных систем для лечения детей с тяжелыми вырожденными деформациями позвоночника созданы образцы медизделий и представлены новые хирургические технологии. 

↪️ Совершенствование системы экстренного реагирования и управления здравоохранением в кризисных ситуациях 

В 2024 году министрами здравоохранения России и Беларуси подписан Меморандум о сотрудничестве в области медицины катастроф и проведены российско-белорусские командно-штабные и тактико-специальные учения.

Тема: «Организация лечебно-эвакуационных мероприятий при ликвидации медико-санитарных последствий ЧС — крупное ДТП на автомобильной трассе Москва–Минск в приграничной с Республикой Беларусь территории (Смоленской области)».

__— Отработаны взаимодействие при проведении аварийно-спасательных работ, оказание первой и скорой медицинской помощи, а также госпитальный этап в медицинских организациях двух стран, — добавил замминистра.
__
↪️ Взаимодействие в области ликвидации последствий аварии Чернобыльской АЭС 

Также Евгений Камкин отметил, что с 2016 года Минздравами РФ и Беларуси ежегодно реализуется мероприятие Союзного государства «Оказание комплексной медицинской помощи отдельным категориям граждан Беларуси и России, подвергшихся радиационному воздействию вследствие катастрофы на Чернобыльской АЭС».

__— С 2016 года комплексную помощь получили более 1,8 тыс. граждан, подвергшихся радиационному воздействию вследствие катастрофы на Чернобыльской АЭС, — сказал он.

__💬 [Получить MAXимум пользы для здоровья](https://max.ru/minzdrav_ru)

#МеждународноеСотрудничество",1852,7,0,minzdrav_ru
14836,2026-05-15T14:40:24+00:00,"🧑‍⚕️ **Врачи Чувашской Республики избавили пациентку от гигантской миомы матки, которая весила 3 кг**

48-летняя пациентка поступила в Больницу скорой медицинской помощи г. Чебоксары.

➡️ Год назад женщина впервые обратилась в больницу с диагнозом миома матки — доброкачественной опухолью, которая возникает в мышечном слое органа. 

Врачи, основываясь на тщательном анализе ее состояния, объяснили необходимость хирургического вмешательства и назначили дату госпитализации и операции. 

❗️Однако в последний момент пациентка отказалась от медицинской помощи и покинула больницу.

За прошедший год миома значительно увеличилась в размерах. 

Это привело к нарушению функции соседних органов и ухудшению состояния пациентки: у неё начались трудности с дыханием, участилось мочеиспускание, появились сильные боли, слабость, нарушения менструального цикла и признаки анемии. 

➡️ Понимая, что дальнейшее промедление может привести к серьезным последствиям, женщина вновь обратилась за помощью — уже в экстренном порядке.

✅ В ходе 2-часовой операции врачи успешно удалили миому весом почти три килограмма.

Сейчас пациентка чувствует себя хорошо и готовится к выписке.

#МинздравНапоминает: 
Не откладывайте визит к врачу и не отказывайтесь от рекомендованного лечения. Своевременное обращение за медицинской помощью — залог вашего здоровья и качества жизни.

💬 [Получить MAXимум пользы для здоровья](https://max.ru/minzdrav_ru)

#МедицинаРегионов",1983,4,2,minzdrav_ru
14835,2026-05-15T11:04:09+00:00,"🏥 **В Саратовском ГМУ им. В.И. Разумовского Минздрава России внедряют современные технологии роботизированной хирургии**

В НИИ травматологии, ортопедии и нейрохирургии на базе вуза поставлена роботизированная система для проведения операций на коленных и тазобедренных суставах. 

➡️ Хирурги-ортопеды медучреждения уже приступили к отработке методик тотальной и частичной замены суставов с помощью робота-ассистента.

Главное преимущество технологии —персонализированный подход. 

📋 Перед операцией на основе компьютерной томографии пациента создается точная 3D-модель сустава.

__— Имплант подбирается по высокоточным данным 3D-моделирования КТ. Весь процесс внедрения сустава также контролируется роботизированной технологией. В результате установленный протез полностью соответствует анатомии и биомеханике родного сустава, — подчеркнул заместитель главного врача по медицинской части Михаил Гиркало.__

Система позволяет выполнять как полную, так и частичную малотравматичную замену коленного сустава. 

✅ Опора на оперированную ногу возможна уже на следующий день после вмешательства. Технология подходит как молодым, так и пожилым пациентам.

💬 [Получить MAXимум пользы для здоровья](https://max.ru/minzdrav_ru)

#БудущееМедицины
#МедицинскаяНаука",1922,5,0,minzdrav_ru
14831,2026-05-15T06:04:43+00:00,"🚁 **48 вылетов совершила служба санавиации Курской области с начала года**

Вертолет санавиации на базе территориального центра медицины катастроф областной многопрофильной клинической больницы с начала года совершил 48 вылетов. Оказана медицинская помощь 56 гражданам, в том числе 2 детям.

📌 В настоящее время отечественный вертолет «Ансат» — единственное медицинское воздушное судно, которое продолжает полеты в приграничном регионе. 

Вылеты санитарного вертолета и выезды бригад медиков санавиации координирует дистанционный консультативный центр. Специалисты дистанционного консультативного центра помогают врачам оперативно направить пациента в подходящую медицинскую организацию.

❤️ Оказание медицинской помощи с привлечением санавиации особенно важно для пациентов с острыми сердечно-сосудистыми состояниями, требующих немедленного хирургического вмешательства, тяжелыми травмами, для пострадавших в ДТП, а также для беременных женщин с патологиями.

💬 [Получить MAXимум пользы для здоровья](https://max.ru/minzdrav_ru)

#МедицинаРегионов",1896,8,0,minzdrav_ru
14830,2026-05-14T17:10:31+00:00,"🩺 **Врачи федерального центра Минздрава России исправили сложные деформации стоп и кисти 13-летней девочке
**
В 2025 году пациентка поступила в НМИЦ детской травматологии и ортопедии им. Г.И. Турнера Минздрава России с синостозом стоп и сращиванием пальцев на правой кисти, которое нарушало нормальные функции руки.  

💡 Синостоз стоп — редкая врождённая патология, при которой формируется аномальное костное сращение, ограничивающее подвижность и вызывающее боли при ходьбе. 

__— Когда я ходила, у меня заворачивались ноги внутрь. При долгой ходьбе ноги начинали болеть, я быстро уставала. Это очень мешало, так как по характеру я очень активная, — поделилась пациентка.__

➡️ Врачи приняли решение провести реконструктивную операцию для восстановления правой стопы и кисти.

__— Мы столкнулись с тем, что аномальная косточка обвивала две кости и фиксировала их в неправильном положении. Это нарушало биомеханику стопы, формировало болевой синдром и неправильную постановку ноги, — рассказала заведующая отделением патологии стопы, нейроортопедии и системных заболеваний Ирина Клычкова.__

📋 В ходе вмешательства врачи разъединили удалили патологическую кость и выровняли ось стопы для полноценной опоры.

После первого этапа лечения состояние девочки значительно улучшилось: уменьшились боли, восстановилась функция кисти, повысилась физическая активность.

__— Дочь стала заметно активнее. Раньше при ходьбе стопы заворачивались внутрь, быстро наступала усталость, приходилось постоянно делать остановки. После операции на правой ноге гулять стали больше. И кисть заработала — теперь может и ручкой писать, и мелкую моторику использовать, что для девочки-подростка очень важно, — поделилась мама девочки.
__
🏥 В этом году пациентка поступила в федеральный центр Минздрава России для проведения второго этапа лечения — операции на левой стопе.

❤️ Вмешательство прошло успешно. Сейчас девочка чувствует себя хорошо и готовится к выписке. Врачи прогнозируют полное восстановление опорной функции обеих ног. В будущем специалисты центра также планируют провести девочке ещё одну операцию для коррекции сопутствующей деформации позвоночника — сколиоза.

#СетьНМИЦев

💬 [Получить MAXимум пользы для здоровья](https://max.ru/minzdrav_ru)",2202,3,0,minzdrav_ru
14829,2026-05-14T13:15:26+00:00,"🏥 **Врачи Тюменской области предотвратили перитонит у 11-летнего ребенка из-за добавочной селезенки**

Девочка поступила в Тобольскую областную больницу № 3 с сильными болями в животе. В ходе обследования врачи выявили образование — добавочную селезенку, крайне редкую врожденную аномалию.

__— Подобные случаи — единичны в мире. Добавочная селезенка обычно имеет размеры 1–2 см. В данном случае орган был значительно больше и практически полностью имитировал почку, что существенно усложнило диагностику, — рассказал заведующий отделением гнойной хирургии Игорь Амелин.__

В данном случае образование имело большие размеры (7–8 см) и располагалась на длинной сосудистой ножке, перекрут которой привел к нарушению кровоснабжения, некрозу и развитию перитонита. Врачи приняли решение о проведении экстренной операции.

👉 В ходе хирургического вмешательства специалисты удалили добавочную селезенку и купировали воспалительный процесс.

❤️ Сейчас девочка чувствует себя хорошо. Ее основная селезенка функционируют нормально.

💬 [Получить MAXимум пользы для здоровья](https://max.ru/minzdrav_ru)

#МедицинаРегионов",2294,5,0,minzdrav_ru
14821,2026-05-13T16:00:54+00:00,"📋 **Михаил Мурашко: Всероссийская служба медицины катастроф — эффективная система обеспечения повседневной готовности, экстренного реагирования и управления здравоохранением в кризисных ситуациях**

Министр здравоохранения РФ Михаил Мурашко и глава МЧС России Александр Куренков посетили Федеральный центр медицины катастроф Минздрава России. 

В ходе визита они оценили работу Центра управления в кризисных ситуациях ФЦМК Минздрава России и осмотрели развернутый полевой многофункциональный госпиталь и мобильную операционную.

__— В Центр незамедлительно поступает вся информация о возникновении ситуаций, требующих реагирования, — сказал министр. — ФЦМК Минздрава России взаимодействует непосредственно с МЧС, Минобороны, ФМБА, Роспотребнадзором, МИД.__

🧑‍⚕️ Кадровый резерв Федерального центра медицины катастроф Минздрава России насчитывает около 1,8 тыс. медиков из разных регионов. 

__— При необходимости в течение часа формируются бригады в зависимости от вида ЧС, — сообщил министр. __

Михаил Мурашко отметил, что федеральный центр состоит из нескольких подразделений, которые формируют эффективную систему экстренного реагирования и управления в кризисных ситуациях:

▫️ Центр управления в кризисных ситуациях;
▫️ Полевые многопрофильные госпитали;
▫️ Управления организации деятельности службы медицины катастроф и межрегионального взаимодействия и организационно-методического обеспечения;
▫️ Центр санавиации и экстренной медпомощи.

__— За период с 2017 по 2026 год санитарная авиация эвакуировала более 138 тыс. пациентов. Из них 23 тыс. — дети и 8 тыс. — младенцы до года, — сказал министр.__

Также ФЦМК Минздрава России  ежедневно обеспечивает проведение и мониторинг запросов на телемедицинские консультации, как экстренные, так и плановые.

__— За 2025 год центр провел почти 380 тыс. телемедицинских консультаций. Еще у нас есть внутрисубъектные телемедицинские консультации, — уточнил Михаил Мурашко. — Поэтому сегодня количество телемедицинских консультаций по стране составляет десятки  миллионов.__

🖥️ Кроме того, для оперативного межведомственного реагирования и взаимодействия на базе ФЦМК Минздрава России функционирует информационная система с данными о месте и характеристиках чрезвычайных ситуаций и происшествий. 

Она позволяет проанализировать и спрогназировать ситацию, чтобы принять решение о задействовании сил, привлечении специалистов из соседних регионов или бригад федерального уровня.

__— Система отслеживает весь путь пострадавших в ЧС, а также каждого ребенка, попавшего в ДТП, на всех этапах оказания медицинской помощи до момента выписки из стационара, — уточнил Михаил Мурашко.

__💬 [Получить MAXимум пользы для здоровья](https://max.ru/minzdrav_ru)

#ЗдоровьеВПриоритетн",2166,20,0,minzdrav_ru
14820,2026-05-13T13:32:07+00:00,"Сегодня среда, а значит... #НаучнаяСреда

🩺 **Врачи Кубанского ГМУ Минздрава России разработали устройство для ускоренного заживления тяжелых ран **

Устройство позволяет бережно «стянуть» края обширных ран без сложных многоэтапных пересадок кожи, стимулируя собственные ткани к росту. Подходит для всех типов кожных повреждений.

↪️ Принцип работы:

▫️ Устройство автоматически поддерживает оптимальную силу натяжения кожи, равномерно распределяя ее по периметру раны. 
▫️ Стягивающие нити расположены за границами раны, чтобы не травмировать глубокие слои тканей и внутренних органов.
▫️ Можно применять на любых участках тела и сочетать с другими методами лечения (например, с вакуумной терапией).

__— Применение устройства не только улучшит результаты лечения, но и позволит сэкономить средства за счет сокращения сроков госпитализации и уменьшения количества осложнений, — подчеркнул заведующий кафедрой восстановительной медицины Кубанского ГМУ Минздрава России Станислав Пятаков.__

➡️ В настоящее время разработка проходит регистрацию.

[💬 Получить MAXимум пользы для здоровья](https://max.ru/minzdrav_ru)",3360,14,0,minzdrav_ru
14819,2026-05-13T09:34:34+00:00,"👩‍⚕️** Андрей Плутницкий: Медсестры и сестры милосердия всегда были рядом в тяжелых условиях на СВО**

Об этом замминистра здравоохранения РФ Андрей Плутницкий сообщил на пресс-конференции в ТАСС.

__— С первых дней специальной военной операции наши коллеги всегда были рядом в самых тяжелых условиях, в самых опасных местах, всегда рядом с нами оказывали помощь и продолжают это делать и сегодня, — сказал он.
__
➡️ Также замминистра добавил, что сегодня в стране работают более 800 тыс. медсестер.

__— У нас в стране более 800 тыс. медицинских сестер, — уточнил он.

__💬 [Получить MAXимум пользы для здоровья](https://max.ru/minzdrav_ru)

#ЗдоровьеВПриоритете",2882,9,0,minzdrav_ru
14818,2026-05-13T06:01:14+00:00,"👁️ **Специалисты федерального центра Минздрава России восстановили зрение женщине спустя 40 лет после тяжелой травмы глаза**

50-летняя пациентка Волгоградского филиала НМИЦ МНТК «Микрохирургия глаза» им. ак. С.Н. Фёдорова в детстве получила тяжелую офтальмотравму — проникающее ранение глазного яблока.

➡️ Тогда хирургам удалось сохранить орган зрения, но из-за травмы сформировалась грубая спайка, зрачок сместился, и правый глаз практически перестал видеть.

По воспоминаниям пациентки, в детстве она узнала адрес офтальмолога С.Н. Фёдорова и направила письмо в клинику. Девочка получила ответ с приглашением на операцию, однако, испугавшись, не сообщила об этом родителям. 

➡️ С возрастом состояние глаза ухудшилось: развились посттравматическая катаракта и вторичная глаукома. 

Специалисты федерального центра Минздрава России провели обследование и приняли решение о проведении этапного лечения.

📋 Сначала врачи устранили посттравматическую катаракту и имплантировали прозрачный искусственный хрусталик. Затем — сформировали зрачок.

На послеоперационном осмотре пациентка смогла прочитать четыре строчки таблицы для проверки остроты зрения.

__— Когда вернулось зрение, у меня просто не было слов! Этот глаз не видел больше 40 лет, — поделилась женщина.__
 
#СетьНМИЦев

💬 [Получить MAXимум пользы для здоровья](https://max.ru/minzdrav_ru)",2233,9,0,minzdrav_ru
14817,2026-05-12T17:33:08+00:00,"🧑‍⚕️ **Оториноларингологи Омской области предотвратили развитие абсцесса мозга у пациента**
 
В Медико-санитарную часть г. Омска поступил 43-летний мужчина с запущенным гнойным мастоидитом — воспалением части височной кости, которая располагается за ушной раковиной (сосцевидного отростка).
 
➡️ Пациент более двух месяцев терпел боль в ухе и голове и обратился за медицинской помощью только после появления отека. 
 
В ходе обследования врачи выявили, что за ушной раковиной сформировался абсцесс, а сам сосцевидный отросток височной кости оказался частично разрушен гнойным процессом.
 
📋 Врачи приняли решение о проведении экстренного вмешательства. 

__— Когда мы вскрыли полость, оттуда под давлением вылилось около 30 мл гноя. Это очень много для такой локализации, — отметила оториноларинголог Ольга Грунвальд. __

➡️ Гнойный процесс распространился наружу — под мягкие ткани, а не внутрь, к твердой мозговой оболочке. Если бы инфекция пошла глубже, это могло привести к абсцессу мозга или гнойному менингиту.

В ходе операции специалисты удалили гной и пораженную часть сосцевидного отростка.

❤️ Сейчас пациент чувствует себя хорошо, его выписали домой под амбулаторное наблюдение.

#МинздравНапоминает: Не занимайтесь самолечением. При появлении любых симптомов своевременно обращайтесь к врачу. Также регулярно проходите профилактические осмотры. Это позволяет начать лечение вовремя, снизить риск осложнений и сохранить здоровье.

💬 [Получить MAXимум пользы для здоровья](https://max.ru/minzdrav_ru)

#МедицинаРегионов",2405,9,2,minzdrav_ru
14816,2026-05-12T14:01:18+00:00,"🏥 **В онкоцентр Тульской области поступило новое реабилитационное оборудование **

В отделении медицинской реабилитации Тульского областного онкологического диспансера в рамках нацпроекта «Продолжительная и активная жизнь» поставлены современные тренажеры:

1️⃣ Медицинская беговая дорожка с биологической обратной связью, которая предназначена для людей со сниженной способностью к привычной физической нагрузке. Во время занятий специалисты видят на экране движения пациента, его данные о пульсе и переносимости активности, что позволяет индивидуально подбирать режим тренировок;
 
2️⃣ Ударно-волновой терапевтический комплекс, который применяется при заболеваниях костно-мышечной системы и способствует уменьшению боли и восстановлению подвижности;
 
3️⃣ Велотренажер, оснащенный двумя режимами работы: пассивным (аппарат сам вращает педали и ручки) и активным (пациент выполняет упражнения по заданной программе, тренируя выносливость и укрепляя мышцы ног, бедер, голеней и связочный аппарат суставов). 
 
__— Новое оборудование значительно расширяет возможности по реабилитации пациентов с онкозаболеваниями. Мы можем более эффективно бороться с осложнениями после лечения, восстанавливать двигательную активность и возвращать людей к полноценной жизни, — подчеркнула заведующая отделением Лидия Швецова.__

💬 [Получить MAXимум пользы для здоровья](https://max.ru/minzdrav_ru)

#Модернизация",2133,7,0,minzdrav_ru
14815,2026-05-12T11:25:21+00:00,"👩‍⚕️ **Михаил Мурашко: Сестринское дело — высокое искусство медицины, подлинное милосердие  и проявление трепетной заботы о пациентах**

Министр здравоохранения РФ Михаил Мурашко поздравил медицинских сестер с профессиональным праздником.

__— Сестринское дело — высокое искусство медицины, подлинное милосердие и проявление трепетной заботы о пациентах. Труд медицинских сестер на благо здоровья человека, душевное тепло и внимание, ваш профессионализм достойны самого высокого признания, — сказал он.__ 

✅ Министр отметил, что именно медицинские сестры обеспечивают непрерывность лечебного процесса, качественный уход и психологическую поддержку, от которых напрямую зависит скорость выздоровления человека.

__— Именно квалифицированный сестринский уход, постоянный мониторинг состояния пациентов и своевременные манипуляции позволяют сократить сроки госпитализации, снизить число повторных обращений и осложнений, дать людям возможность быстрее вернуться к активной жизни, — сказал Михаил Мурашко. __

➡️ Особые слова благодарности он выразил медсестрам, которые сегодня работают на передовой — в зоне СВО, в исторических и приграничных российских регионах. 

__— Ваша самоотверженность и верность профессиональному долгу спасают жизни мирных граждан и защитников нашего Отечества, — сказал глава Минздрава России.__

🎓 Сегодня в отечественной системе здравоохранения трудятся почти 800 тыс. медицинских сестер. Министр добавил, что интерес к этой профессии растет. 

__— В 2025 году медколледжи выпустили почти 73 тыс. специалистов по направлению «Сестринское дело», а количество поступивших увеличилось почти на 9%. Это свидетельствует о растущем интересе к профессии, который важно сохранять у молодых специалистов, начинающих свой путь, — подчеркнул глава Минздрава России.__

Ключевую роль в образовательном процессе играет институт наставничества, уточнил министр.

__— Наставники помогают адаптироваться, передают уникальный опыт, ведут молодых коллег от первых шагов к самостоятельной и уверенной работе. Благодаря этой преемственности в профессию приходят уже подготовленные, ответственные кадры, способные с первого дня включаться в спасение жизней, — заключил он.__

**12 мая — Международный день медицинской сестры**

💬 [Получить MAXимум пользы для здоровья](https://max.ru/minzdrav_ru)",8676,46,0,minzdrav_ru
14814,2026-05-12T06:01:19+00:00,"🧠 **Новосибирские врачи удалили пациенту «жемчужную» опухоль мозга**

22-летний мужчина обратился к специалистам по месту жительства с жалобами на сильную головную боль и нарушение координации движений.

➡️ Врачи провели обследования и по результатам МРТ диагностировали у пациента холестеатому размером 6х4,5 см.

💡 **Холестеатома, или эпидермоидная киста головного мозга**, — редкое доброкачественное новообразование. Его называют «жемчужной опухолью» из-за характерного внешнего вида.

⚡️ Холестеатома бессимптомно росла много лет и перекрыла ствол головного мозга.

Пациент поступил в Новосибирскую областную клиническую больницу.

➡️ Врачи приняли решение о проведении экстренной операции. Опухоль вплотную прилегала к дыхательному центру в мозге, что грозило остановкой дыхания и сердечной деятельности в любой момент.

__— Болезнь не проявляла себя до тех пор, пока у головного мозга была возможность задействовать компенсаторные возможности. Как только опухоль перекрыла все пути, по которым течет спинномозговая жидкость, выросло внутричерепное давление и появились сильная головная боль и нарушения координации движений, — отметил нейрохирург Шалиндер Аул.__

Вмешательство длилось почти семь часов: нейрохирурги аккуратно удалили образование с помощью ультразвукового метода, не повредив жизненно важные структуры.

❤️ Сейчас молодой человек чувствует себя лучше, завершает курс лечения в больнице и готовится к выписке.

#МедицинаРегионов

💬 [Получить MAXимум пользы для здоровья](https://max.ru/minzdrav_ru)",2354,6,1,minzdrav_ru
14813,2026-05-11T13:02:18+00:00,"🩺 **Сосудистые хирурги Кемеровской области спасли пациентку с тромбом в яремной вене
 **
64-летняя женщина стала замечать одышку и обратилась к терапевту по месту жительства. Врач направил пациентку на УЗИ. 

Исследование выявило флотирующий тромб в яремной вене размером более 6 см. 

💡 **Флотирующий тромб** — опасное состояние, при котором сгусток крови одним концом фиксирован к стенке сосуда, а другой конец свободно перемещается в просвете.

В любой момент тромб мог оторваться, попасть в легочную артерию и перекрыть кровоток.

Пациентку экстренно направили в отделение сосудистой хирургии Новокузнецкой городской клинической больницы №29 им. А.А. Луцика. 

Врачи провели операцию под общим наркозом: хирурги полностью удалили тромб и восстановили просвет вены.

❤️ Сейчас пациентка чувствует себя хорошо, и ее жизни ничего не угрожает. Через неделю после операции женщину выписали домой под амбулаторное наблюдение.

#МедицинаРегионов

💬 [Получить MAXимум пользы для здоровья](https://max.ru/minzdrav_ru)",2742,10,0,minzdrav_ru
14812,2026-05-10T17:05:42+00:00,"🏃 #ПростыеПравила: **Как спорт в детстве формирует здоровье в течение всей жизни**

Об этом рассказала терапевт Института клинической медицины Пироговского Университета Минздрава России Ульяна Махова.

__— Польза от занятий спортом выходит далеко за рамки физического развития. Во время тренировок вырабатываются вещества, улучшающие настроение и помогающие справляться со стрессом. Ребенок становится более уравновешенным, учится преодолевать трудности и ставить перед собой цели, — добавила эксперт.__

❗️ Как спорт влияет на здоровье ребенка:

▫️ укрепляет кости и мышцы;
▫️ формирует правильную осанку;
▫️ развивает координацию и ловкость;
▫️ повышает выносливость и энергичность.

📋 Как физическая активность в детстве влияет на здоровье взрослого в будущем:

1️⃣ Снижает риск ожирения и сахарного диабета 2-го типа.
2️⃣ Уменьшает вероятность развития атеросклероза, инфаркта и инсульта.
3️⃣ Укрепляет иммунитет и повышает устойчивость к инфекциям.

📌 Перед записью ребенка в спортивную секцию проконсультируйтесь с педиатром, который оценит состояние здоровья и подберет оптимальный вид активности.

__— Нагрузки должны соответствовать возрасту и физическим возможностям. Главное — чтобы спорт приносил радость, а не становился источником стресса или переутомления, — подчеркнула Ульяна Махова.__

**10 мая — День движения для здоровья**

💬 [Получить MAXимум пользы для здоровья](https://max.ru/minzdrav_ru)",3600,31,0,minzdrav_ru
14811,2026-05-10T13:05:10+00:00,"🏥 **Врачи Брянской области восстановили пациенту кровоток в ноге**

72-летний мужчина поступил в Брянскую городскую больницу №1 с жалобами на боли в левой ноге.

↪️ Специалисты провели обследования и диагностировали у пациента критическую ишемию в левой ноге — нарушение кровотока, приводящее к отмиранию ткани и развитию гангрены.

Врачи приняли решение о проведении экстренной операции.

📋 В ходе вмешательства специалисты сформировали новый пусть диз собственной вены пациента и восстановили кровоснабжение в артериях левой ноги.

❤️ Сейчас мужчина чувствует себя хорошо, его выписали домой под амбулаторное лечение и наблюдения.

#МедицинаРегионов

💬 [Получить MAXимум пользы для здоровья](https://max.ru/minzdrav_ru)",2704,4,0,minzdrav_ru
14810,2026-05-09T17:00:56+00:00,"🏥 **Коллективы федеральных медицинских вузов и центров провели торжественные мероприятия, посвященные Дню Победы:**

▫️ В [Федеральном детском реабилитационном центре «Кораблик» Минздрава России высадили](https://vk.com/wall-225356265_2988) «Сад памяти»;  
▫️ В [Башкирском ГМУ Минздрава России](https://max.ru/id274023088_gos/AZ33vcuLQAQ) открылась выставка, посвященная ученым и выпускникам учреждения — героям Великой Отечественной войны;
▫️ В [Ивановском НИИ материнства и детства им. В.Н. Городкова Минздрава России](https://max.ru/id3730004236_biz/AZ4GcU-CcnU) пошла выставка детский рисунков, посвященных 81-летию Победы; 
▫️В [НМИЦ сердечно-сосудистой хирургии им. А.Н. Бакулева Минздрава России маленькие](https://max.ru/id7706137673_biz/AZ4DGnelS80) пациенты украсили вход в Детский реабилитационный центр к 9 Мая;  
▫️ Студенты [Красноярского ГМУ Минздрава России](https://max.ru/krasgmu_official/AZ4BqnPnQ3Q) поздравили ветеранов в госпитале с Днём Победы;
▫[️Педиатрический Университет Минздрава России](https://rutube.ru/video/c9abcf9442aea14936487c591082c87d/) выпустил фильм о работе учреждения в годы войны и вкладе в Победу;
▫️ [НМИЦ им. ак. Е.Н. Мешалкина Минздрава России выпустил](https://max.ru/id5408106348_gos/AZ4GqUP8Rwc) документальный фильм, посвященный воспоминаниями Е.Н. Мешалкина о работе в военное время;
▫️Студенты [Новосибирского ГМУ Минздрава России](https://vk.com/wall-111498_9880) провели выездной концерт для пациентов госпиталя ветеранов войн;
▫️В [Кемеровском ГМУ Минздрава России](https://max.ru/id4206007720_gos/AZ4B_MFFc_0) показали фильм «Книга памяти» о сотрудниках университета, которые защищали Родину в годы войны; 
▫️В музейно-выставочном комплексе [Тюменского ГМУ Минздрава России](https://max.ru/id7203001010_biz/AZ4F9SFKVqc) открылась выставка «Стена памяти», приуроченная к 9 Мая.

💬 [Получить MAXимум пользы для здоровья](https://max.ru/minzdrav_ru)",3686,8,0,minzdrav_ru
14800,2026-05-09T14:03:14+00:00,"👨‍⚕️ **Как медицинские учреждения и вузы помогли одержать победу в Великой Отечественной войне?**

В годы Великой Отечественной войны система здравоохранения работала на пределе человеческих возможностей. Врачи, медсестры, санитары проявляли самоотверженность и высокий профессионализм в экстренных условиях. 

❤️‍🩹 Работники и студенты подведомственных сегодня Минздраву России учреждений спасали солдат и возвращали их в строй. Медики не просто проводили операции — они продолжали разрабатывать и внедрять передовые методы лечения пациентов.

Подробнее о работе медиков в военные годы смотрите в наших карточках 🖼

💬 [Получить MAXимум пользы для здоровья](https://max.ru/minzdrav_ru)",3998,15,0,minzdrav_ru
14795,2026-05-09T12:01:29+00:00,"**🩺 9 мая: Подвиги героев-медиков в годы Великой Отечественной войны 

**В День Победы мы говорим «спасибо» тем, кто храбро защищал нашу страну и тем, кто возвращал жизни.

👨‍⚕️ Медики Великой Отечественной войны — настоящие герои. Они каждый день рисковали собой, спасая людей под свистом пуль.

О том, какой ценой была достигнута победа — смотрите в наших карточках  ⬆️

💬 [Получить MAXимум пользы для здоровья](https://max.ru/minzdrav_ru)",3466,27,0,minzdrav_ru
14792,2026-05-09T10:02:36+00:00,"🧑‍⚕️ **Из Уфы в Антарктиду: история врача Республики Башкортостан, который проработал год на антарктической станции**

За годы работы специалист Клинической больницы скорой медицинской помощи г. Уфы Алексей Шишков успел пройти стажировки в ведущих клиниках мира и посетить 5 из 6 континентов Земли. Оставался только один — Антарктида.

Травматолог-ортопед подал заявку на участие в Российской антарктической экспедиции, и ее вскоре одобрили — врач соответствовал всем необходимым требованиям.

➡️ В течение года на станции «Прогресс» Алексей Шишков был единственным врачом и полностью отвечал за здоровье участников экспедиции. Ему приходилось выполнять обязанности сразу нескольких специалистов.

По словам коллег, со всеми поставленными задачами Алексей Шишков справился успешно, и экспедиция благополучно завершилась.

📚 В свободное время на станции специалист занимался спортом, читал книги и увлекся живописью. 

Врач подчеркивает, что месяцы, проведенные в Антарктиде, помогли ему по-новому взглянуть на привычные вещи и научили особенно ценить простые радости — первый солнечный луч после долгой полярной ночи, прилет птиц и наступление весны.

🏥 Сейчас Алексей Шишков вернулся к работе в Клинической больнице скорой медицинской помощи г. Уфы. Полученный в экспедиции опыт позволил ему расширить профессиональные навыки и приобрести уникальную практику работы врачом широкого профиля.

#МедицинаРегионов

💬 [Получить MAXимум пользы для здоровья](https://max.ru/minzdrav_ru)",1464,6,0,minzdrav_ru
14791,2026-05-09T09:04:58+00:00,"❤️ **Команда Минздрава России поздравляет с Днем Победы! **

Этот великий праздник напоминает нам о мужестве, самоотверженности и силе духа нашего народа. 

🪖 Мы храним память о доблестном подвиге советских героев ради Победы. 

Врачи, санитары и медсестры наравне с бойцами вынесли все тяготы войны. Спасая раненых, они проявляли отвагу: закрывали собой от пуль, а под огнем проводили сложнейшие операции. 

➡️ Желаем мира, благополучия и, конечно, крепкого здоровья вам и вашим близким!

💬 [Получить MAXимум пользы для здоровья](https://max.ru/minzdrav_ru)",4706,15,0,minzdrav_ru
14786,2026-05-08T17:02:57+00:00,"❌#ПростыеПравила: **Как алкоголь может испортить весенние праздники**

Об этом рассказала главный научный сотрудник Национального научного центра наркологии — филиала НМИЦ психиатрии и наркологии им. В. П. Сербского Минздрава России Татьяна Клименко.

__— Алкоголь — это всегда проблема для здоровья. Последние научные исследования убедительно доказывают: употребление спиртного напрямую связано с риском развития многих неинфекционных заболеваний, — отметила эксперт.__

❗Исключите употребление спиртного, чтобы сохранить здоровье, избежать опасных ситуаций и провести время с близкими максимально продуктивно и безопасно.

Подробнее о том, почему употребление алкоголя вредит вашему здоровью, смотрите в наших карточках ⬆️

О полезных привычках смотрите на сайте ➡[️](https://www.takzdorovo.ru/)[ ТакЗдорово](https://www.takzdorovo.ru/)",2998,13,1,minzdrav_ru
14785,2026-05-08T14:20:27+00:00,"🏥 **В Чеченской Республике открылась новая врачебная амбулатория**

В станице Калиновской начала работу врачебная амбулатория, к которой прикреплено более 5 тыс. граждан.

Прием ведут терапевты, педиатры и стоматолог. Также в кабинете неотложной помощи пациентов принимают фельдшеры и акушерки.

🩺 В здании предусмотрены процедурные и смотровые кабинеты, а также дневной стационар на 5 коек. Функционируют лаборатория, кабинеты ЭКГ и УЗИ.

__— Новое здание амбулатории создаёт современные условия для нашей работы и повышает комфорт пациентов,  — отметила заведующая врачебной амбулаторией Элиса Мушаева.__

Медучреждение построено в рамках программы «Модернизация первичного звена здравоохранения» национального проекта «Продолжительная и активная жизнь».

#Модернизация

💬 [Получить MAXимум пользы для здоровья](https://max.ru/minzdrav_ru)",2095,1,0,minzdrav_ru
14784,2026-05-08T10:34:53+00:00,"🧑🏻‍⚕️ **Врачи удалили женщине тромб на 6 месяце беременности**

Пациентка поступила в Алтайский краевой клинический перинатальный центр для проведения планового скрининга. 

В ходе исследования врачи обнаружили тромб размером 5 см в правом желудочке сердца, который мог закупорить легочную артерию и создавал угрозу для жизни матери и ребенка.

🔻 Девушку экстренно госпитализировали в НМИЦ им. В. А. Алмазова Минздрава России для проведения операции и сохранения беременности.

Во время операции на открытом сердце пациентке остановили сердце и подключили аппарат искусственного кровообращения.

❤️ Операция прошла успешно. Врачи удалили тромб. На 37-й неделе девушка родила здорового ребенка.

#МедицинаРегионов

💬 [Получить MAXимум пользы для здоровья](https://max.ru/minzdrav_ru)",2201,6,0,minzdrav_ru
14783,2026-05-08T06:04:40+00:00,"🏥** В Свердловской области открылась школа здоровья для пациентов с ХОБЛ**

На базе Центральной городской клинической больницы №6 начала работу школа здоровья для пациентов, страдающих хронической обструктивной болезнью легких. 

Это одно из наиболее распространенных заболеваний дыхательной системы, которое сопровождается одышкой, кашлем и выделением мокроты. Болезнь развивается постепенно и долгое время может никак себя не проявлять.

➡️ При тяжелом течении патологии человеку становится трудно дышать самостоятельно, возникает необходимость постоянного использования кислородного концентратора.

✅ Главная цель школы здоровья — помочь пациентам лучше понять особенности заболевания, научиться контролировать его течение и сформировать привычки, способные снизить риск осложнений.

__— Очень важным аспектом является и то, что ХОБЛ оказывает негативное влияние на работу сердца и сосудов, повышая риски развития инфарктов, инсультов. Поэтому контролируя респираторное заболевание, пациент минимизирует риски кардиогенных осложнений, — объяснила пульмонолог Анастасия Прокопцова.__

На занятиях участникам рассказывают, что происходит с бронхами и легкими при заболевании, какие существуют современные методы лечения и профилактики, а также помогают отказаться от курения.

📋 Отдельное внимание специалисты уделяют вопросам физической реабилитации: дыхательной гимнастике, упражнениям на выносливость, использованию дыхательных тренажеров. 

Отметим, что школу здоровья для пациентов с ХОБЛ могут посетить и пациенты, и их родственники.

💬 [Получить MAXимум пользы для здоровья](https://max.ru/minzdrav_ru)

#ЗдоровьеВПриоритете",2262,4,3,minzdrav_ru
14782,2026-05-07T16:01:24+00:00,"🫀 **Врачи Саратовской области восстановили нормальную работу сердца пациентке с пульсом 25-30 ударов в минуту **

73-летняя женщина поступила в кардиологическое отделение Энгельсской городской клинической больницы №2 им. А.Г. Кассиля с жалобами на частые потери сознания и критически низкий пульс — 25-30 ударов в минуту. 

➡️ В ходе обследования врачи диагностировали у пациентки полную атриовентрикулярную блокаду — серьезное нарушение проводимости сердечного импульса. 

Врачи приняли решение о проведении экстренной операции. Специалисты больницы впервые в учреждении имплантировали электрокардиостимулятор.

✅ После вмешательства сердечный ритм пациентки нормализовался, исчезли опасные паузы и перебои в работе сердца. 

__— Частота сердечных сокращений теперь составляет 55-60 ударов в минуту, что соответствует норме, и случаев потери сознания больше не зафиксировано, — отметил главный врач Валерий Агапов.__

❤️ Сейчас пациентка чувствует себя хорошо, ее жизни ничего не угрожает. Женщину выписали домой под амбулаторное наблюдение.

💬 [Получить MAXимум пользы для здоровья](https://max.ru/minzdrav_ru)

#МедицинаРегионов",2961,5,2,minzdrav_ru
14775,2026-05-07T13:04:52+00:00,"🚘👶 **#ПростыеПравила****: Как защитить ребенка от травм на дорогах? **

Об этом рассказала травматолог-ортопед НМИЦ детской травматологии и ортопедии имени Г.И. Турнера Минздрава России Марина Великанова.

__— Майские праздники — время поездок за город. И здесь компромиссы в вопросах безопасности недопустимы, — отметила эксперт. __

📍 Единственный безопасный способ перевозки детей от 0 до 12 лет — автокресло, соответствующее весу и росту ребенка.

__— Обычный автомобильный ремень, рассчитанный на параметры взрослого, у ребенка проходит по шее и животу, что при ударе приводит к тяжелейшим травмам позвоночника и внутренних органов, — подчеркнула она.__

Кроме того, конец весны-лето — это период повышенного риска травматизма, связанного с передвижением детей на самокатах, велосипедах и роликах.

__— Активные прогулки — это отлично, но они требуют строгого соблюдения правил безопасности. Основная угроза здесь — падения и столкновения, — предупредила эксперт.__

⚡️ Важно использовать индивидуальные средства защиты и яркую одежду со светоотражающими элементами, а также обучать детей правилам безопасности.

Подробнее о том, как обеспечить безопасность ребенка на дороге, читайте в наших карточках ⬆️

О полезных привычках смотрите на сайте ➡️  [ТакЗдорово](https://www.takzdorovo.ru/)

💬 [Получить MAXимум пользы для здоровья](https://max.ru/minzdrav_ru)",3054,23,0,minzdrav_ru
14773,2026-05-07T10:10:16+00:00,"👨‍⚕️ **Специалисты федерального центра Минздрава России удалили редкую опухоль шейного отдела 8-летнему ребенку и избавили его от постоянных болей**

Пациент из Пермского края жаловался на боли в шее, которые усиливались ночью. 

📌 В больнице по месту жительства врачи выявили в шейном отделе позвоночника остеоид‑остеому — доброкачественное костное образование.

Специалисты провели телемедицинскую консультацию с коллегами из НМИЦ травматологии и ортопедии им. ак. Г. А. Илизарова Минздрава России и приняли решение направить ребенка в федеральный центр для дальнейшего лечения.

👉 Остеоид‑остеомы крайне редко встречаются в шейном отделе позвоночника. Такое расположение опухоли осложняло лечение: требовалось удалить образование, не затронув важные анатомические структуры и сохранив подвижность шеи.

Врачи НМИЦ травматологии и ортопедии им. ак. Г. А. Илизарова Минздрава России приняли решение о проведении микрохирургической операции.

В ходе вмешательства хирурги через ротовую полость удалили образование и сохранили подвижность шейного отдела позвоночника.

❤️ Операция прошла успешно. Сейчас мальчик чувствует себя хорошо, его больше не беспокоят боли. 

#СетьНМИЦев

💬 [Получить MAXимум пользы для здоровья](https://max.ru/minzdrav_ru)",1855,6,0,minzdrav_ru
14772,2026-05-07T06:00:43+00:00,"🏥 **В Ханты-Мансийском автономном округе открылся центр амбулаторной эндоскопии**

Новое подразделение на базе Нижневартовской окружной клинической больницы повысит доступность и качество диагностики заболеваний желудочно-кишечного тракта, а также укрепит возможности первичного звена здравоохранения региона.

➡️ В центре оборудован специализированный кабинет для эндоскопии и палата пробуждения, где пациенты проходят восстановление после исследований под седацией (медикаментозным сном).

Такой метод диагностики особенно важен для людей с повышенной чувствительностью перед медицинскими манипуляциями: процедура проходит безболезненно.

#Модернизация

💬 [Получить MAXимум пользы для здоровья](https://max.ru/minzdrav_ru)",2039,2,0,minzdrav_ru
14768,2026-05-06T16:35:18+00:00,"🧩 #ПростыеПравила: **Почему хобби — это инвестиция в здоровое долголетие**

Об этом рассказала главный внештатный гериатр Минздрава России Ольга Ткачева.

__— Люди старшего возраста, имеющие хобби выше оценивают своё здоровье и в целом испытывают большую удовлетворенность жизнью, — подчеркнула эксперт. __

👫 Кроме того, хобби способствует налаживанию и укреплению социальных связей.

❗ Регулярное занятие любимым делом:

▫️ позволяет поддерживать когнитивную активность;
▫️ способствует сохранению памяти;
▫️ укрепляет чувство собственной ценности.

Подробнее о том, как хобби влияет на когнитивную активность у людей старшего возраста, смотрите в наших карточках ⬆️ 

О полезных привычках смотрите на сайте ➡️  [ТакЗдорово](https://www.takzdorovo.ru/)

💬 [Получить MAXимум пользы для здоровья](https://max.ru/minzdrav_ru)",4850,31,0,minzdrav_ru
14767,2026-05-06T11:04:43+00:00,"🩺 **Врачи Республики Татарстан избавили пациентку от 13-килограммовой опухоли в брюшной полости**
 
В Нижнекамскую центральную районную многопрофильную больницу поступила 45-летняя женщина. 

➡️ В течение двух лет у пациентки рос живот, однако она не обращалась за медицинской помощью.

В ходе обследования специалисты выяснили, что новообразование весило около 13 кг и занимало всю брюшную полость, оттеснив тонкий и толстый кишечник.

📋 Врачи приняли решение о проведении операции. В ходе вмешательства хирурги поэтапно отделяли опухоль от мочеточников и других органов. 

Операция прошла успешно. По результатам гистологии образование оказалось доброкачественной опухолью соединительной ткани. 

❤️ Сейчас пациентка чувствует себя хорошо. Ее выписали домой под амбулаторное наблюдение.

#МинздравНапоминает: 
Важно, не игнорировать первые симптомы и визуальные изменения и своевременно обращаться за медицинской помощью. Регулярное прохождение медицинских профосмотров позволяет выявлять скрытые заболевания на ранних стадиях, что существенно повышает шансы на успешное лечение.

#МедицинаРегионов",2163,7,1,minzdrav_ru
14766,2026-05-06T06:03:33+00:00,"😮‍💨 **#ПростыеПравила****: Что такое бронхиальная астма и как контролировать ее приступы **

Об этом рассказал заведующий консультативно-диагностическим центром НМИЦ фтизиопульмонологии и инфекционных заболеваний Минздрава России Евгений Попов.

❗️ Бронхиальная астма — это хроническое воспаление дыхательных путей, которое сопровождается затруднением дыхания, удушьем, свистящими хрипами, одышкой, заложенностью в груди и кашлем. 

Астма может быть аллергической. В таких случаях специалисты назначают терапию, которая значительно снижает чувствительность к аллергену.

📋 **Факторы развития бронхиальной астмы:**

▫️ наследственная предрасположенность иммунной системы к усиленной выработке особых антител и повышенная чувствительность бронхов;
▫️ аллергены: пылевые клещи, шерсть домашних животных, пыльца растений, некоторые продукты (например, молоко, орехи, рыба);
▫️ ожирение;
▫️ загрязненный воздух.

Перед острым приступом могут усилиться аллергические реакции, появиться кашель и першение в горле. 

__— В случае приступа необходимо воспользоваться дозированным ингаляционным аэрозолем, содержащим бронхолитик, рекомендованным пациенту его лечащим врачом, то есть вдохнуть не менее двух доз подряд для купирования приступа, — заявил эксперт.__

📌 Также важно убрать аллергены из помещения, освободить грудную клетку от сдавливания одеждой и открыть окна для притока свежего воздуха.

Если вы впервые столкнулись с острым приступом астмы — вызовите скорую помощь. По возможности не оставайтесь до приезда специалистов в одиночестве.

💬 [Получить MAXимум пользы для здоровья](https://max.ru/minzdrav_ru)",3519,23,0,minzdrav_ru
14760,2026-05-05T14:05:15+00:00,"🎓** Михаил Мурашко встретился с выпускниками российских медицинских вузов в Шри-Ланке**

Министр здравоохранения РФ в рамках рабочей поездки в Демократическую Социалистическую Республику Шри-Ланка встретился с выпускниками российских медицинских вузов — гражданами Шри-Ланки.

__— Основной целью визита в Шри-Ланку является развитие дружественных и партнерских отношений с этой страной. Сегодня состоялась встреча с выпускниками медицинских вузов, получивших образование в России и даже еще в Советском Союзе. Это более 5 тыс. врачей, которые сегодня работают в Шри-Ланке, — отметил он.__

📚 Россия и Шри-Ланка планируют углублять взаимодействие в сфере медицинского образования, дополнил Михаил Мурашко.

__— В России подготовку врачей ведут 48 медицинских вузов, подведомственных Минздраву России. Поэтому расширение списка медицинских университетов, осуществляющих подготовку специалистов с признанием их дипломов в Шри‑Ланке, — один из вопросов для обсуждения., — сообщил он.__

➡️ В рамках действующего соглашения российские медвузы уже готовят специалистов для ланкийской стороны, в настоящее время медицинское образование в России получают 500 студентов, подчеркнул Михаил Мурашко. 

Наиболее популярным направлением среди ланкийских студентов остается «Лечебное дело».

__— Все получают самые высокие баллы и качественное образование. Хочу отметить, что подготовка школьников из Шри‑Ланки на очень высоком уровне, и поэтому они хорошо осваивают программы медицинских университетов, — заметил он.__

✅ Михаил Мурашко сообщил, что особый интерес для ланкийской стороны представляет последипломная подготовка специалистов в российских медицинских вузах.

__— Запрос на данное направление был озвучен с ланкийской стороны. Российская Федерация имеет для этого все условия. Конечно же, мы приложим все усилия, чтобы реализовать эти проекты, — заверил он.__

В ходе визита глава Минздрава России посетил медицинский факультет Университета Коломбо, встретился с руководством университета. 

Михаил Мурашко отметил важность студенческих обменов и обмена опытом между странами в области внедрения новых технологий диагностики и лечения различных заболеваний. Также Министр предложил в рамках пилотного проекта организовать дистанционные лекции ведущих российских и ланкийских профессоров. 

Во встрече приняли участие ректоры Сеченовского Университета Минздрава России Петр Глыбочко и Тверского ГМУ Минздрава России Александр Сонис, представитель Курского ГМУ Минздрава России, которые поддержали идею.

__— Сегодня в систему здравоохранения внедряются новые технологии: технологии хирургического лечения, радиофармпрепараты, химиотерапия, технологии, которые внедряются в амбулаторном звене, позволяющие рано диагностировать заболевания с помощью искусственного интеллекта, скрининговых методик. Например, в нашей стране каждому новорожденному проводится скрининг на 42 врожденных и наследственных заболевания. Этим опытом мы также можем поделиться с коллегами из Шри-Ланки, чтобы население стало более здоровым, — рассказал он.__

🏥 Глава Минздрава России также посетил Национальную больницу Шри-Ланки в Коломбо на 3,8 тыс. коек, где ознакомился с работой скоропомощного приемного отделения и отделения реанимации и интенсивной терапии.

Отметим, что медучреждение — основной учебный центр для студентов и аспирантов Университета Коломбо и других связанных с ним школ сестринского дела и терапии.

💬 [Получить MAXимум пользы для здоровья](https://max.ru/minzdrav_ru)

#МеждународноеСотрудничество",1897,8,0,minzdrav_ru
14758,2026-05-05T11:31:12+00:00,"🏥** Врачи Оренбургской области сохранили селезенку пациентке с кистой объемом 1,5 литра**

В Оренбургскую областную клиническую больницу №2 поступила женщина с кистой селезенки, превышающую объем самого органа примерно в 12 раз.

📌 Пациентка готовилась к беременности и проходила обследования. В ходе УЗИ специалисты обнаружили жидкостное образование, которое занимало почти всю верхнюю часть брюшной полости. Оно сдавливало печень и поджелудочную железу, что создавало реальную угрозу разрыва и перитонита.

➡️ Пациентку экстренно направили в хирургическое отделение Оренбургской областной клинической больницы №2. Через небольшие проколы врачи отделили и удалили образование, не повредив селезенку. Операция длилась около часа.

__— Была угроза разрыва кисты. В большинстве подобных случаев селезенку удаляют целиком из-за риска кровотечения, — рассказал заместитель главного врача больницы Владимир Глебов. — Но для молодой женщины сохранение этого иммунного органа особенно важно. Мы приняли решение бороться.
__
❤️ Сейчас пациентка чувствует себя хорошо и уже находится дома под амбулаторным наблюдением врачей. 

💬 [Получить MAXимум пользы для здоровья](https://max.ru/minzdrav_ru)

#МедицинаРегионов",2157,5,1,minzdrav_ru
14757,2026-05-05T06:04:34+00:00,"🩺 **Врачи Московской области спасли мужчину, который чихнул «внутрь себя» и сломал гортань**
 
В Пушкинскую клиническую больницу им. проф. В.Н. Розанова бригада скорой помощи доставила пациента, который чихнул «внутрь себя», зажав нос пальцами, и услышал хруст в горле. Затем у пациента возник отек шеи и щек. 

➡️ В ходе обследования врачи диагностировали перелом хрящевой части и эмфизему — проникновение воздуха в мягкие ткани шеи.
 
__— Кольца трахеи и хрящи гортани между собой соединены связками. Во время чихания произошел разрыв связки, и воздух из легких через возникшее отверстие пошел в ткани. Такое состояние лечится консервативно, — отметил отоларинголог Михаил Дорош.
__
Специалисты назначили пациенту гормональную терапию, антибиотики и полный покой, чтобы отверстие в трахее затянулось и хрящ восстановился. 
 
❤️ Под наблюдением врачей молодой человек находился неделю: за это время отек практически спал, боли уменьшились. Пациента выписали домой под амбулаторное наблюдение.

💬 [Получить MAXимум пользы для здоровья](https://max.ru/minzdrav_ru)
 
#МедицинаРегионов",2819,66,2,minzdrav_ru
14756,2026-05-04T17:04:05+00:00,"🏥 **Врачи Волгоградской области вернули способность ходить подростку после тяжелого ДТП**
 
13-летняя девочка в результате ДТП получила множественные травмы и тяжелый ушиб головного мозга.

Пациентка не могла говорить, сидеть и ходить, у нее наблюдались выраженные нарушения движений в руке и ноге на одной стороне тела. 

🚑 Врачи стабилизировали состояние девочки. После она поступила в неврологическое отделение Волгоградской областной детской клинической больницы. 

✅ С первых дней врачи начали проводить медикаментозную терапию и восстановительное лечение. 

Через две недели ребенка перевели в нейрореабилитационное отделение с индивидуальной программой, включавшей:

▫️ ЛФК;
▫️ механотерапию;
▫️ занятия с биологической обратной связью;
▫️ роботизированную терапию для ходьбы;
▫️ психолого-педагогическую коррекцию.
 
После первого курса реабилитации девочка научилась сидеть, вставать с опорой и держать равновесие. После второго — сделала первые самостоятельные шаги.

❤️Сейчас девочка чувствует себя хорошо, уверенно ходит без посторонней помощи и лучше говорит. Ее выписали домой под амбулаторное наблюдение.

💬 [Получить MAXимум пользы для здоровья](https://max.ru/minzdrav_ru)

#МедицинаРегионов",2292,5,1,minzdrav_ru
14755,2026-05-04T14:31:16+00:00,"🫀 **Специалисты Санкт-Петербурга сконструировали клапан для сердца пациента из его собственных тканей**

В НИИ скорой помощи им. И.И. Джанелидзе поступил 72-летний мужчина с генерализованным атеросклерозом: холестериновые бляшки закупорили не только сосуды ног, но и артерии сердца.

Ранее пациент перенес несколько операций на сосудах ног — шунтирование и стентирование.

При плановом обследовании врачи выявили у пациента комбинированный порок аортального клапана: он был одновременно сужен и не смыкался полностью. Кроме того, исследования показали критическую закупорку правой коронарной артерии, питающей сердце.

⚡️ Перед кардиохирургами стояла сложная задача — провести сразу два вмешательства. 

Сначала необходимо было восстановить кровоснабжение миокарда и предотвратить инфаркт. Затем — заменить пораженный аортальный клапан. 

➡️ При этом использование стандартных протезов считалось рискованным из-за возраста пациента и выраженного атеросклероза.

📍 Врачи выбрали современный подход — методику Озаки. В отличие от традиционных операций, новый клапан формируется из собственной ткани пациента — наружной оболочки сердца. 

❤️ Операция прошла успешно. Сейчас пациент чувствует себя хорошо. Хирурги не просто заменили изношенный клапан, а фактически создали новый, индивидуально адаптированный к организму пациента.

💬 [Получить MAXимум пользы для здоровья](https://max.ru/minzdrav_ru)

#МедицинаРегионов",2193,7,0,minzdrav_ru
14752,2026-05-04T11:04:20+00:00,"🧑🏻‍⚕️ **Специалисты федерального центра Минздрава России удалили пациентке крупную костную мозоль бедра**

В НИИ травматологии и ортопедии им. Я.Л. Цивьяна Минздрава России поступила жительница Новосибирской области с сильной болью в бедре.

➡️ В ходе обследования специалисты обнаружили в левом бедре экзостоз — костную мозоль размером с бедренную кость.

Мозоль сдавливала ветвь артерии и нерв. Сосудисто-нервный пучок оказался спаян с образованием, что и вызывало сильную боль.

__— У меня были дикие боли, ходила с тростью, сильно хромала. Не спала, не ела, так было больно, — поделилась пациентка.__

↪️ Специалисты провели операцию, в ходе которой выделили пучок и удалили 90% экзостоза: не полностью, чтобы не повредить деформированную бедренную кость.

❤️ Операция прошла успешно. Практически сразу после операции пациентка перестала чувствовать боль в бедре. Теперь женщине предстоит реабилитация.

💬 [Получить MAXимум пользы для здоровья](https://max.ru/minzdrav_ru)

#СетьНМИЦев",2070,6,0,minzdrav_ru
14751,2026-05-03T17:05:00+00:00,"❤️‍🩹 **Врачи федерального центра Минздрава России удалили опухоль почки пациенту с пересаженным сердцем**

61-летний мужчина уже более 10 лет живет с донорским сердцем, пересаженным ему в НМИЦ им. ак. Е.Н. Мешалкина Минздрава России. Каждую весну он приезжает в центр на кардиологическое обследование.

🏥 В прошлом году, в рамках осмотра, КТ сердца выявила злокачественное новообразование правой почки размером около 4 см.

Проведя исследование, специалисты убедились, что донорское сердце выдержит наркоз, после чего удалили опухоль.

__— Удалось сохранить нормально функционирующий орган, — рассказал онколог Илья Остальцев. — Если бы не своевременный визит, не это обследование, размеры опухоли могли бы быть другими уже спустя несколько месяцев.__

✅ Этой весной мужчина вновь приехал на диагностику. С сердцем и почками все в порядке, признаков онкологического заболевания нет.

💬 [Получить MAXимум пользы для здоровья](https://max.ru/minzdrav_ru)

#СетьНМИЦев",16080,10,0,minzdrav_ru
14748,2026-05-03T13:05:08+00:00,"🏥** В Краснодарском крае открылась новая врачебная амбулатория**

В поселке Октябрьский Северского района к новому учреждению прикреплены более 2 тыс. жителей. Ранее они обращались только в фельдшерско-акушерский пункт или в районную больницу.

➡️ В амбулатории доступны консультации терапевта и педиатра. Пациенты могут пройти осмотр, получить рекомендации по лечению и профилактике. 

Также в медучреждении можно пройти диспансеризацию и вакцинацию, пациентам доступны базовые диагностические процедуры, что позволит своевременно выявлять и лечить болезни, не выезжая в районную больницу.

📎 В поселок по графику приезжают узкие специалисты.

💬 [Получить MAXимум пользы для здоровья](https://max.ru/minzdrav_ru)

#Модернизация
#МедицинаРегионов",2084,3,0,minzdrav_ru
14746,2026-05-03T06:01:36+00:00,"👨‍⚕️** Врачи федерального центра Минздрава России спасли единственную почку пациенту, удалив сразу 11 опухолей**

В НИИ урологии и интервенционной радиологии им. Н.А. Лопаткина — филиал НМИЦ радиологии Минздрава России — поступил 70-летний мужчина. 

↪️ Год назад пациенту удалили правую почку из-за поражения злокачественной опухолью. Но через некоторое время и в левой почке обнаружили признаки онкологического заболевания — сразу 11 новообразований разных размеров.

➡️ Пациенту выполнили КТ брюшной полости с контрастом, чтобы выявить даже самые мелкие очаги. 

Проведение операции осложнялось атеросклеротическими изменениями сосудов. Это значительно повышало риск — при стандартном пережатии сосудов во время операции могла произойти их закупорка и полная потеря органа.

Хирурги выбрали наиболее сложную тактику — удалить все образования без остановки кровотока в почке.

❤️ Операция прошла успешно. Кровеносные сосуды, питающие почку, сразу заработали. Пациенту предстоит реабилитация, в том числе диета и ограничение физических нагрузок.

💬 [Получить MAXимум пользы для здоровья](https://max.ru/minzdrav_ru)

#СетьНМИЦев",2233,8,1,minzdrav_ru
14741,2026-05-02T16:04:53+00:00,"🩺  **Михаил Мурашко: Мы ставим цель увеличить долю граждан, ведущих здоровый образ жизни, в 1,5 раза к 2030 году**

Об этом министр здравоохранения РФ Михаил Мурашко сообщил в обращении к участникам Кубка России по мини-футболу среди врачей.

📋 Он подчеркнул, что сохранение и укрепление здоровья граждан — приоритетная задача государства.

__— Мы стремимся к увеличению продолжительности здоровой жизни людей, и одним из ключевых факторов этого является формирование мотивации к здоровому образу жизни. В рамках федпроекта «Здоровье для каждого» нацпроекта «Продолжительная и активная жизнь» мы ставим цель увеличить долю граждан, ведущих здоровый образ жизни, в 1,5 раза к 2030 году, — сказал министр.__

Глава Минздрава России отметил, что участники Кубка России по мини-футболу среди врачей личным примером показывают, что спорт — это источник энергии, здоровья и долголетия.

__— Сегодня здесь собрались не просто спортсмены, а люди, чей ежедневный труд связан со спасением жизней и заботой о здоровье нации, — сказал он. — Ваш пример — лучшая мотивация для всех, кто считает, что работа врача не оставляет времени ни на что другое.__

➡️  Министр подчеркнул, что медики на собственном опыте подтверждают: даже при таком загруженном графике жизни можно находить время для спорта.

__— Вы доказываете, что даже в таком напряжённом ритме жизни находится место для спорта, для командного духа и для настоящей мужской борьбы на площадке, — заключил он.__

Отметим, что в турнире участвовала 21 команда. Каждая целиком состояла из врачей и представляла разные регионы России. Соревнование объединило 262 участника.

В категории без ограничений по возрасту призовые места заняли команды из:

🥇   Республики Башкортостан
🥈   Республики Дагестан
🥉   Иркутской области

В категории «45+» призовые места заняли команды из:

🥇  Москвы
🥈  Смоленской области
🥉  Московской области

💬 [Получить MAXимум пользы для здоровья](https://max.ru/minzdrav_ru)

#ЗдоровьеВПриоритете",2011,12,0,minzdrav_ru
14735,2026-05-02T15:05:07+00:00,"🏥  **Дмитрий Медведев ознакомился с работой НМИЦ им. В.А. Алмазова Минздрава России**

Заместитель Председателя Совета безопасности РФ, Председатель партии «Единая Россия» Дмитрий Медведев в сопровождении министра здравоохранения РФ Михаила Мурашко и вице-премьера Татьяны Голиковой посетил НМИЦ им. В.А. Алмазова Минздрава России.

➡️  В ходе визита Дмитрий Медведев ознакомился с работой перинатального центра и отделения патологии новорожденных.

Кроме того, он ознакомился с работой ситуационного центра, на базе которого работает телемедицинский центр для консультаций медицинских специалистов из регионов по ведению сложных пациентов. Специалисты Центра продемонстрировали работу системы с применением искусственного интеллекта.

↪️  Также Дмитрию Медведеву продемонстрировали принципы работы гибридной операционной, где проводятся  хирургические вмешательства,  в том числе при патологии аорты и периферических артериях.

📌  В НМИЦ им. В.А. Алмазова Минздрава России высокотехнологичную медицинскую помощь получают жители всех регионов страны, для стационарного лечения предусмотрено более 1,4 тыс. коек, более 200 из которых — реанимационных.

💬 [Получить MAXимум пользы для здоровья](https://max.ru/minzdrav_ru)",1664,7,0,minzdrav_ru
14734,2026-05-02T13:01:57+00:00,"🏥** Врачи Новосибирской области извлекли из желудка девочки английскую булавку**

В Искитимскую центральную районную больницу поступила девочка, проглотившая английскую булавку.

Подросток держала иглу во рту, когда делала с друзьями стенгазету. На очередном вдохе булавка проскользнула в пищевод.

➡️ Гастроскопия показала, что инородное тело находится на выходе из желудка.

Иглу удалось извлечь, не травмируя слизистую. Врач «поймал» иглу за ушко щипцами эндоскопа.
__
— Пациентка, по сути, и не почувствовала иглу, хотя испугалась, конечно, сильно, — рассказала эндоскопист Искитимской центральной районной больницы Ирина Фролова.__

❤️ Сейчас пациентка чувствует себя хорошо и уже выписана домой. 

💬 [Получить MAXимум пользы для здоровья](https://max.ru/minzdrav_ru)

#МедицинаРегионов",2166,4,0,minzdrav_ru
14732,2026-05-01T15:02:21+00:00,"🏆 **Минздрав России стал победителем премии AI AWARD 2026 в номинации «ФОИВы. Вклад в развитие ИИ»**

Нейросетевое жюри премии AI AWARDS признало Минздрав России лучшим в номинации «ФОИВы. Вклад в развитие ИИ».

➡️  Премия AI AWARD, организованная Билайн Big Data & AI (команда по развитию решений на основе ИИ и больших данных), состоялась третий год подряд. Основу конкурса составляло фундаментальное исследование — Рейтинг искусственного интеллекта.

Именно нейросеть выбрала победителей в 13 различных направлениях.

🧷  Отметим, что в основу рейтинга вошли 1,3 млн публикаций, а в периметр анализа — более 1,2 тыс. компаний.

💬 [Получить MAXимум пользы для здоровья](https://max.ru/minzdrav_ru)

#БудущееМедицины",4230,10,1,minzdrav_ru
14726,2026-05-01T15:01:45+00:00,"🧠💪** ****#ПростыеПравила****: Как умственный и физический труд влияют на здоровую и продолжительную жизнь?**

Об этом рассказала руководитель клиники предиктивной и интегративной медицины НМИЦ терапии и профилактической медицины Минздрава России Елена Зятенкова.

__— Регулярная физическая и интеллектуальная нагрузка при разумной организации труда оказывают положительное влияние на здоровье человека и способствуют увеличению продолжительности жизни, — отметила эксперт. __

📍Наибольший эффект достигается при сочетании двигательной активности (не менее 150 минут в неделю) и систематической умственной работы.

Подробнее о пользе физического и интеллектуального труда смотрите в наших карточках ⬆️

О полезных привычках смотрите на сайте ➡️ [ТакЗдорово](https://www.takzdorovo.ru/)

💬 [Получить MAXимум пользы для здоровья](https://max.ru/minzdrav_ru)",3087,38,0,minzdrav_ru
14722,2026-05-01T13:04:53+00:00,"🌸 **#ПростыеПравила****: Как провести майские праздники без вреда для здоровья**

Об этом рассказала заместитель главного врача КДЦ НМИЦ терапии и профилактической медицины Минздрава России Елена Игнатикова.

__— Впереди майские праздники. И многие семьи планируют провести выходные на природе. Это отличный способ «перезагрузиться», но только если мы сами не создаем опасности во время отдыха, — заявила эксперт.__

🍺❌ **Самая главная опасность — это алкоголь**

Воздействие прямых солнечных лучей в сочетании с физической нагрузкой усиливает токсическое действие этилового спирта на организм. Риск возникновения теплового удара, повышения артериального давления и травм при употреблении алкоголя значительно увеличивается. 

Алкогольное опьянение родителя также опасно для детей. Они постоянно должны находиться под наблюдением, особенно у воды и рядом с костром.

🍃 **Важно защитить себя и близких от клещей**

Клещи переносят боррелиоз и энцефалит. Для защиты от них надевайте светлую закрытую одежду, используйте специальные защитные средства. Каждые 2 часа осматривайте шею, уши и другие уязвимые области. Если клещ укусил — сразу обратитесь к врачу.

🏞 **Не забывайте укреплять здоровье**

Добавьте к отдыху на природе активности. Можете с собой взять велосипед или бадмин-тон — он не только поднимает настроение, но и тренируют вести-булярный аппарат. 

С маленькими детьми полезно играть в сенсорные игры из подручных материалов, собирать гербарий или веточки для будущих поделок. Такие занятия развивают внимание гораздо эффективнее, чем гаджеты.

О полезных привычках смотрите на сайте ➡️ [ТакЗдорово ](https://www.takzdorovo.ru/)

💬 [Получить MAXимум пользы для здоровья](https://max.ru/minzdrav_ru)",3049,25,0,minzdrav_ru
14721,2026-05-01T10:02:33+00:00,"🌸 **Команда Минздрава России поздравляет всех трудящихся с праздником Весны и Труда!**

➡️ Желаем вам сил и энергии для новых достижений, уверенности в своих возможностях и вдохновения в каждом деле. Именно труд и стремление к новым достиженим способствуют социальному и экономическому развитию нашей страны.

Пусть работа открывает перспективы, дает развитие и результаты, а рядом всегда будут люди, которые поддерживают и ценят ваш вклад. 

❤️ И, конечно, не забывайте заботиться о своем здоровье и отдыхать!

💬 [Получить MAXимум пользы для здоровья](https://max.ru/minzdrav_ru)",3901,12,1,minzdrav_ru
14720,2026-05-01T06:04:35+00:00,"🩺  **Михаил Мурашко: Почти 1 млн граждан прошли санаторно-курортное лечение на Северном Кавказе в 2025 году**

Об этом сообщил министр здравоохранения РФ Михаил Мурашко в интервью телеканала Россия 24.

__— В Кавказских Минеральных Водах на протяжении последних 10 лет постоянно растет количество людей, которые за год получают здесь оздоровительные процедуры, улучшают свое здоровье. Если ранее этот показатель составлял около 650 тыс. человек в год, то сегодня он приблизился к миллиону, — сообщил глава Минздрава России.__

Всего в границах Северо-Кавказкого федерального округа расположено 20 курортов и лечебно-оздоровительных местностей разного статуса.

🏥  Министр отметил, что с учетом роста потока отдыхающих, в том числе пожилого возраста, особенно важно в регионе наличие современной медицинской инфраструктуры, способной оперативно оказывать экстренную и высокотехнологичную помощь, а также обеспечивать своевременную диагностику и лечение при любых неотложных состояниях.

__— Мы недавно открыли новую больницу в Кисловодске, а также создали скоропомощное отделение, блок диагностической и хирургической помощи, современную операционную. Сегодня отдыхающие в случае возникновения какой-то сосудистой катастрофы или процессов, которые потребуют хирургического вмешательства, будут доставлены в современные медицинские учреждения, где на самом высоком уровне им будет оказана медицинская помощь, — сказал министр.__

Кроме того, Михаил Мурашко отметил устойчивую позитивную динамику ключевых показателей, включая уровень рождаемости и ожидаемой продолжительности жизни в регионе. 

По его словам, добиться результата удалось здоровьемберегающему поведению людей и за счет модернизации медицинской инфраструктуры, внедрения современных технологий, укрепления кадрового потенциала.

__— Здесь меньшее курят и употребляют алкоголь, — отметил Михаил Мурашко. — Жители активно посещают медицинские организации первичного звена, проходят профилактические осмотры. Также сейчас мы видим хорошую позитивную динамику по вакцинации населения. Это один из факторов, который говорит: «Люди стараются приумножить свое здоровье и защитить себя от рисков».__

💬 [Получить MAXимум пользы для здоровья](https://max.ru/minzdrav_ru)

#ЗдоровьеВПриоритете
#МедицинаРегионов
#Модернизация",2027,7,0,minzdrav_ru
14719,2026-04-30T18:05:27+00:00,"🏥 ** Михаил Мурашко рассказал о развитии санаторно-курортного сектора в Северо-Кавказском федеральном округе**

Министр здравоохранения РФ Михаил Мурашко принял участие в совещании председателя Правительства РФ Михаила Мушистина с членами Правительственной комиссии по вопросам социально-экономического развития СКФО на полях Кавказского инвестиционного форума 2026.

Министр отметил, что сейчас в Государственном реестре курортного фонда внесены сведения о 140 санаторно-курортных организациях Северо-Кавказского федерального округа.

__— Инфраструктура этих организаций неоднородна, — добавил глава Минздрава России. — Показатели динамично меняются ежеквартально. Видим, что ведется активное восстановление, — добавил глава Минздрава России.__

Он уточнил, что в Северо-Кавказском федеральном округе расположены семь санаторно-курортных учреждений, подведомственных Минздраву России. 

__— В прошлом году объем доходов составил около 12%, а загрузка коечного фонда — более 90%. В этом году в первом квартале прирост составил 19%, и загрузка коечного фонда — тоже выше 90%. Учреждения работают в полной нагрузке, — сказал Михаил Мурашко.__

↪️  **Охрана природных лечебных ресурсов**

В границах Северо-Кавказского федерального округа расположено 20 курортов и лечебно-оздоровительных местностей разного статуса.

Министр уточнил, что в 2025 году Минздрав России впервые принял решение об установлении округов горно-санитарной охраны для природных лечебных ресурсов в границах курортов федерального значения.

__— Проектами округов занимается головное учреждение — НМИЦ реабилитации и курортологии Минздрава России. Основа — специальные гидрогеологические расчеты. Они отражены в отчетах по оценке запасов, — сказал он.__

Организацией такой государственной экспертизы занимается Федеральное агентство по недропользованию (Роснедра) или его территориальные органы.

__— Коллеги из Роснедр на территории курортного региона Кавказские Минеральные Воды выполнили подготовку расчетов зон округов горно-санитарной охраны по всем месторождениям минеральных подземных вод, которые находятся в нераспределенном фонде недр, — отметил Михаил Мурашко.__

Он добавил, что по распределенному фонду недр работа продолжается.

__— Здесь важно ускориться: недропользователи, добывающие подземные минеральные воды и лечебные грязи на территории региона Кавказские Минеральные Воды, должны оперативнее направлять отчеты на государственную экспертизу, — подчеркнул глава Минздрава России.__

💬 [Получить MAXимум пользы для здоровья](https://max.ru/minzdrav_ru)

#ЗдоровьеВПриоритете",2464,9,0,minzdrav_ru
14718,2026-04-30T16:04:17+00:00,"🍃 **#ПростыеПравила****: Как защитить себя от клещевого боррелиоза**

Об этом рассказал главный внештатный специалист по инфекционным болезням Минздрава России Владимир Чуланов.

💡 Клещевой боррелиоз (болезнь Лайма) — одна из самых распространенных инфекций, передающихся клещами. Заболевание может приводить к поражению кожи, нервной системы, суставов и сердца.

__— Заражение происходит в результате присасывания клеща или при его раздавливании и последующем переносе возбудителя на слизистые оболочки или поврежденную кожу, — отметил эксперт. — Возможна передача инфекции при употреблении сырого молока, прежде всего козьего, и молочных продуктов без термической обработки. __

❗️ Симптомы клещевого боррелиоза легко спутать с гриппом (высокая температура, ломота в мышцах и суставах, слабость, тошнота, кашель). 

Характерный признак заражения  — покраснение в форме пятна, которое с течением времени увеличивается в размерах и бледнеет, образуя форму светлого кольца.

Без своевременного лечения болезнь переходит в хроническую форму. 

📋 Вакцины от клещевого боррелиоза не существует, поэтому важно максимально снизить риск заражения:

▫️ при прогулке на природе необходимо носить головные уборы, закрытую одежду с тугими манжетами и воротом. Заправляйте рубашку в брюки, а брюки в носки;
▫️ используйте специальные средства защиты — репелленты и акарицидные препараты;
▫️ осматривайте себя и тех, кто гулял с вами. Домашних животных — каждые 15-20 минут во время и после прогулки.

__— При своевременно начатой терапии длительность заболевания составляет от трех дней до одного месяца и заканчивается полным выздоровлением. Поэтому крайне важно при появлении симптомов не откладывать посещение врача, особенно, если вы в течении месяца посещали эндемичные регионы и были укушены клещом, — подытожил эксперт.__

О полезных привычках смотрите на сайте ➡️ [ТакЗдорово ](https://www.takzdorovo.ru/)

💬 [Получить MAXимум пользы для здоровья](https://max.ru/minzdrav_ru)",2102,16,0,minzdrav_ru
14716,2026-04-30T15:20:18+00:00,"🏥 **Михаил Мурашко: Более 1,1 тыс. медобъектов модернизированы в Северо-Кавказском федеральном округе**

Об этом сообщил министр здравоохранения РФ Михаил Мурашко на совещании председателя Правительства РФ Михаила Мушистина с членами Правительственной комиссии по вопросам социально-экономического развития СКФО на полях Кавказского инвестиционного форума 2026.

__— За период модернизации первичного и стационарного звена 1,1 тыс. медицинских объектов в регионе отремонтированы и восстановлены. Это огромное количество, — отметил он.__

📍Министр также добавил, что работа по развитию инфраструктуры продолжается.

__— Мы полностью обеспечили медицинской инфраструктурой Домбай. В этом году завершаем  Зеленчукскую ЦРБ в Архызе. А также открыли в Нальчике новое приемное отделение для оказания экстренной помощи, работающее по самому современному принципу, — уточнил Михаил Мурашко.__

💬 [Получить MAXимум пользы для здоровья](https://max.ru/minzdrav_ru)

#Модернизация",1693,7,0,minzdrav_ru
14715,2026-04-30T14:03:57+00:00,"🏥 **В онкоцентре ДНР поставлено современное оборудование для лучевой терапии**

В Республиканском онкологическом центре им. Г.В. Бондаря внедрен в эксплуатацию линейный ускоритель электронов.

Благодаря новому оборудованию жители Республики теперь будут получать высокотехнологичное лечение на уровне федеральных онкологических центров страны без выезда за пределы региона.

Линейный ускоритель электронов позволяет применять передовые методы радиотерапии:

▫️ лучевую терапию под визуальным контролем;
▫️ лучевую терапию с модулированной интенсивностью;
▫️ объёмно-модулированную лучевую терапию;
▫️ 3D-конформную лучевую терапию.

Кроме того, для обеспечения высокоточного лечения в онкоцентре функционирует компьютерный томограф для предлучевой подготовки — установления точной локализации и размеров, а также оценки состояния органов.

💬 [Получить MAXимум пользы для здоровья](https://max.ru/minzdrav_ru)

#Модернизация
#МедицинаРегионов",1719,4,0,minzdrav_ru
14714,2026-04-30T10:03:41+00:00,"🧑‍⚕️ **Специалисты Новгородской области удалили пациентке грыжу, которая занимала более 40% брюшной полости **

70-летняя жительница поступила в Новгородскую областную клиническую больницу.

➡️ Несколько лет назад ей удалили пупочную грыжу. Затем случился рецидив послеоперационной грыжи и врачи еще раз провели операцию.

Однако со временем образование вернулось. Результаты компьютерной томографии показали, что грыжа достигла 41% от объема брюшной полости.
 
__— В год мы оперируем до 40 пациентов с послеоперационными грыжами, из них гигантские встречаются у одного — двух человек, — пояснил заместитель главного врача Вячеслав Смирнов.__
 
🔬 Врачи приняли решение о применении современного метода лечения грыж: специалисты устранили дефект без натяжения собственных тканей пациента, используя сетчатые импланты. 

В отличие от старых технологий этот подход снижает риск рецидива образования.

❤️ Операция прошла успешно. Сейчас пациентка чувствует себя хорошо. 

Женщину выписали домой под амбулаторное наблюдение по месту жительства. Также за ее состоянием дистанционно следит хирург больницы с помощью телемедицинских технологий.

💬 [Получить MAXимум пользы для здоровья](https://max.ru/minzdrav_ru)

#МедицинаРегионов",1806,2,1,minzdrav_ru
14713,2026-04-30T06:46:01+00:00,"🩺 **Михаил Мурашко: Удовлетворенность граждан медицинской помощью растет во всех регионах страны**

Об этом сообщил министр здравоохранения РФ Михаил Мурашко на встрече с Президентом России Владимиром Путиным.

Это происходит благодаря реализации национальных проектов и комплексному подходу к развитию инфраструктуры, технологий, а также обучению персонала.

__— Сегодня население видит эти изменения, удовлетворенность  медицинской помощью демонстрирует положительную динамику. Самое главное, что все 89 субъектов РФ сегодня достигают плановых значений. Модернизация системы продолжается, но люди уже сейчас видят и позитивно оценивают это, — сказал он.__

Михаил Мурашко отметил, что федпроект «Борьба с сердечно-сосудистыми заболеваниями» национального проекта «Продолжительная и активная жизнь» дает эффект по снижению смертности от сердечно-сосудистых катастроф.

В частности, программа по бесплатному лекарственному обеспечению пациентов, перенесших сосудистую катастрофу, на 19% снижает риск повторных инсультов и инфарктов.

__— Благодаря программе лекарственного обеспечения пациентов, которые получили сосудистую катастрофу, мы обеспечили более 1,1 млн человек в прошлом году лекарственными препаратами, — уточнил глава Минздрава России.__

Министр также добавил, что еще с этого года в программу госгарантий включена диагностика ранних форм дислипидемии и атеросклероза.

__— Это сохранение жизни трудоспособного населения и в первую очередь мужчин, которые рано получают ту или иную сосудистую катастрофу. Сегодня это можно предотвратить, — пояснил Михаил Мурашко.__

✅ Следующий значимый федпроект — «Борьба с онкологическими заболеваниями». Министр отметил, что в рамках инициативы поставлено большое количество специализированного оборудования для региональных медорганизаций, в том числе в новые субъекты.

__— В Запорожье в Мелитополе мы открыли онкологический диспансер — построили, оснастили, — добавил министр.__

Кроме того, с этого года также устанавливается оборудование  для ранней диагностики: протонно-эмиссионная томография, ОФЭКТ/КТ, циклотроны на радиофармпрепаратах отечественного производства.

__— Причем хочу сказать, что мы сделаем специальную регуляторику под это, у нас появилось большое количество новых как диагностических, так и лечебных препаратов, — сказал Михаил Мурашко. — Это в первую очередь помогло довести 5-летнюю выживаемость до исторического максимума, она достигла 67% и превысила ожидаемое значение.__

📍 Глава Минздрава России также отметил достижения в борьбе с сахарным диабетом. 

__— Сегодня мы оснащаем эндокринологические центры, уделяем особое внимание детям, беременным женщинам, — сказал он. __

Так, сегодня в нашей стране беременные женщины и дети с сахарным диабетом обеспечиваются непрерывным мониторингом глюкозы.

➡️ Кроме того, ещё одно ключевое направление — развитие реабилитации.

__— Здесь ключевое изменение, помимо оборудования, — это увеличение объемов, то есть доступности этого вида помощи. Это сегодня очень востребованное направление, особенно для ребят, вернувшихся со специальной военной операции. Мы оптимизировали именно саму работу, расширив время работы для амбулаторных и стационарных пациентов. Увеличение количества пролеченных пациентов в полтора раза — это, конечно, очень хороший результат всей системы, — заключил министр.__

💬 [Получить MAXимум пользы для здоровья](https://max.ru/minzdrav_ru)

#ЗдоровьеВПриоритете",2640,11,2,minzdrav_ru
14711,2026-04-29T17:17:16+00:00,"🎉  **Михаил Мурашко поздравил медицинского обозревателя Ирину Краснопольскую с 94-летием**

Министр здравоохранения РФ Михаил Мурашко поздравил медицинского журналиста Ирину Краснопольскую с Днем Рождения.

📋 Ирина Краснопольская пишет о медицине с 1960-х годов. Глубокое понимание медицинской тематики, жизненная мудрость, искреннее участие, а также неугасимая энергия — то, что отличает ее профессиональный подход к любимому делу. В 2022 году Ирина Краснопольская стала первым в стране журналистом, получившим звание Героя Труда Российской Федерации.

➡️  Герои ее публикаций разнообразны: от самых юных пациентов до выдающихся личностей медицины, чьи имена сегодня носят крупные федеральные центры. Каждый  по-своему уникален, и благодаря материалам Ирины Краснопольской все истории находят отклик в наших сердцах.

Вся команда Минздрава России присоединяется к поздравлениям!

💬 [Получить MAXимум пользы для здоровья](https://max.ru/minzdrav_ru)",3280,8,1,minzdrav_ru
14709,2026-04-29T14:05:03+00:00,"Сегодня среда, а значит... #НаучнаяСреда

🧠 **В Самарском ГМУ Минздрава России создали умный комплекс для ранней диагностики травм мозга**

Специалисты Самарского ГМУ Минздрава России разработали прототип устройства для ранней диагностики повреждений мозга.

↪️ Принцип работы:

▫️ комплекс отслеживает непроизвольные микродвижения глаз и реакцию зрачка на свет;
▫️ алгоритмы искусственного интеллекта анализируют показатели;
▫️ устройство определяет травматическое повреждение мозга, включая легкие формы (сотрясение), которые ранее не выявлялись;
▫️ вся процедура занимает 1–3 минуты.

📌 Устройство может быть использовано в ситуациях, когда поступило много пострадавших, например при ДТП и чрезвычайных ситуациях.

__— Комплекс для ранней диагностики травматического повреждения мозга отвечает стратегии создания российских инновационных разработок, которые ориентированы как на практическое применение в клинической практике в нашей стране, так и обладают экспортным потенциалом, — подчеркнул ректор Самарского ГМУ Минздрава России Александр Колсанов.__

➡️ Устройство реализовано в двух вариантах — портативном и стационарном. Специалисты уже успешно протестировали опытный образец.

💬 [Получить MAXимум пользы для здоровья](https://max.ru/minzdrav_ru)

#СделаноВРоссии",2046,12,2,minzdrav_ru
14708,2026-04-29T13:04:57+00:00,"🔬 **Михаил Мурашко рассказал о результатах в сфере охраны материнства и детства**

Об этом министр здравоохранения Михаил Мурашко доложил на встрече с Президентом России Владимиром Путиным.

Он отметил, что с этого года перечень назологий расширенного неонатального скрининга расширился ещё на два заболевания.

__— Мы, во-первых, создали полностью своё производство реактивов для проведения расширенного неонатального скрининга. Во-вторых, оптимизировали все затраты, которые нам позволили в рамках тех же собственных финансовых ресурсов увеличить объём проведения диагностических исследований, — сказал он. — С этого года в программу включено уже 42 заболевания фактически без увеличения финансирования.__

👶 Все дети с выявленными заболеваниями передаются в регистр фонда «Круг добра», который обеспечивает их необходимыми лекарствами и медицинскими изделиями.

✅ Также министр добавил, что с этого года в программу госгарантий включен неинвазивный пренатальный скрининг. Этот высокоточный метод оценки здоровья будущего ребенка по венозной крови матери исключает риски для плода. Специалисты изучают фрагменты ДНК эмбриона, которые уже в первом триместре циркулируют в крови беременной.

__— С помощью генетических технологий мы можем неинвазивно провести диагностику, взяв кровь и не вмешиваясь в течение беременности, — уточнил Михаил Мурашко.__

🏥 Также с этого года в рамках федпроекта «Охрана материнства и детства» нацпроекта «Семья» начнется переоснащение детских больниц и поставка автомобилей для проведения профилактических мероприятий в школах и детских садах. 

__— Сегодня детей с первой и второй группой здоровья становится больше, мы видим, что профилактические меры работают, — подчеркнул глава Минздрава России.__

Кроме того, большое внимание уделено профилактическим мероприятиям для оценки репродуктивного здоровья взрослых. 

🩺 Министр сообщил, что мужчины стали чаще проходить диспансеризацию по этому направлению и ответственнее относиться к своему здоровью.

__— Сейчас мужчины активнее стали проходить репродуктивную диспансеризацию, потому что понимают ответственность и хотят в последующем создать семью, — сказал он.__

💬 [Получить MAXимум пользы для здоровья](https://max.ru/minzdrav_ru)

#ЗдоровьеДетей
#ЗдоровьеВПриоритете",6143,28,2,minzdrav_ru
14707,2026-04-29T09:03:12+00:00,"🚑 **Михаил Мурашко: В 2025 году более 37 млн человек вызвали скорую помощь**

Об этом министр здравоохранения Михаил Мурашко доложил Президенту России Владимиру Путину в ходе посещения Федерального центра медицины катастроф Минздрава России. 

__— В 2025 году более 37 млн человек вызвали скорую помощь, многим помощь была оказана на дому, а почти 13 млн человек были эвакуированы и госпитализированы в медицинские организации, — отметил он.__

➡️ Особое внимание уделяется развитию санитарной авиации, которая играет большую роль в спасении жизни пациентов на удаленных территориях.

__— Количество вылетов санитарной авиации за последние 10 лет увеличилось в 2,5 раза: 138 тыс. эвакуированных пациентов и 8 тыс. детей в возрасте до года, — сообщил министр.__

📍Глава Минздрава России подчеркнул, сегодня служба скорой медицинской помощи работает по совершенно новым принципам.

Он отметил, что сейчас во многих регионах бригады оснащены планшетами с электронными картами пациентов, к которым они выезжают. Затем при госпитализации данные передаются в приемные отделения и анализируются при помощи искусственного интеллекта.

__— Этот анализ занимает секунды. И когда пациент поступает в стационар, фактически мы уже имеем полную информацию. И дальше обеспечивается «Триаж» — система умного распределения пациентов по тяжести состояния, — пояснил министр.__

Если состояние пациента быстро стабилизируется, его направляют на амбулаторное лечение. При необходимости дальнейшего наблюдения он остается на койке кратковременного пребывания.

📎 Если же пациент находится в тяжелом состоянии и требуется длительное восстановление, его переводят в профильное стационарное отделение.

__— Все процессы оптимизированы и работают на спасение жизней пациентов, — заключил глава Минздрава России.

__💬 [Получить MAXимум пользы для здоровья](https://max.ru/minzdrav_ru)__
__
#ЗдоровьеВПриоритете",2100,7,5,minzdrav_ru
14702,2026-04-29T06:01:59+00:00,"🏥 **Владимир Путин открыл новые модульные приемные отделения для оказания экстренной медицинской помощи**
 
Президент России Владимир Путин вместе с министром здравоохранения РФ Михаилом Мурашко в режиме ВКС открыл новые модульные приемные отделения для оказания экстренной медицинской помощи в регионах.
 
__— Данные модули — адаптивные, универсальные и могут использоваться как в экстренных случаях, так и для планового лечения больных, проведения консультаций и диагностики, — сказал Президент России.__
 
Медицинские подразделения построены в рамках реализации нацпроекта «Продолжительная и активная жизнь».
__ 
— До 2030 года должны быть созданы 99 модульных приёмных отделений. На текущий момент уже построено 12 таких отделений. Ещё 28 отделений завершим до конца текущего года, — уточнил Владимир Путин.__
 
Важно, что медучреждения следуют принципам менеджмента качества и безопасности оказания медпомощи.
 
— Система умного распределения пациентов по степени тяжести (красный, жёлтый, зелёный потоки в зависимости от состояния), позволяет, во-первых, быстро оказать помощь, во-вторых — избежать ненужных госпитализаций в случаях, когда помощь может быть оказана оперативно, — добавил министр здравоохранения РФ Михаил Мурашко.
 
Кроме того, во всех отделениях для оперативного получения информации о пациенте из его медицинской документации применяются информационные системы с технологиями искусственного интеллекта.
 
— Система ИИ, проанализировав медицинскую карту пациента, выдаёт его диагнозы и значимые заболевания, приоритизируя их, а также показатели здоровья, данные о том, где он в последнее время обследовался, проходил диспансерное наблюдение или диспансеризацию, и в том числе оценивает риски — какие у него могут быть дополнительные проблемы со здоровьем при оказании медицинской помощи, — уточнил Михаил Мурашко.
 
1️⃣ Модульное приемное отделение на базе Симферопольской городской клинической больницы №7;
 
2️⃣ Модульное приемное отделение на базе Республиканской клинической больницы им. М.И. Калинина в ДНР;
 
3️⃣ Модульное приемное отделение на базе Городской клинической больницы им. Арх. Луки г. Тамбова;
 
4️⃣ Модульное приемное отделение на базе Городской клинической больницы №40 г. Екатеринбурга.
 
В новых приемных отделениях внедрены ряд передовых решений, направленных на повышение эффективности работы, скорости оказания медицинской помощи, соблюдения принципов безопасности медицинской деятельности — такие как цветовая идентификация маршрутизации пациента  в зависимости от тяжести состояния, персональная идентификация пациентов с помощью умных браслетов с QR кодом, цветовая идентификация в одежде каждого медицинского работника в зависимости от его роли в процессе оказания медицинской помощи.

💬 [Получить MAXимум пользы для здоровья](https://max.ru/minzdrav_ru)

#МедицинаРегионов",2524,15,2,minzdrav_ru
14695,2026-04-28T17:20:20+00:00,"🚑 **Владимир Путин осмотрел выставку отечественных технологий для скорой помощи**
 
Президент России Владимир Путин вместе с заместителем Председателя Правительства РФ Татьяной Голиковой и Министром здравоохранения РФ Михаилом Мурашко посетил ФЦМК Минздрава России и осмотрел выставку отечественных медицинских изделий и техники для скорой помощи.
 
В частности, Президенту представили автомобили скорой помощи класса С и класса В с бронезащитой, которые используются для оказания помощи в зоне СВО, беспилотную авиационную систему «АИСТ» для транспортировки лекарственных препаратов, медизделий и биологических материалов. Применение беспилотных авиационных систем с этого года включено в программу госгарантий и оплачивается за счет средств ОМС.
 
➡️ Также в ходе мероприятия Владимир Путин ознакомился с функционалом уникального мобильного лечебно-диагностического комплекса, который предназначен как для проведения плановых и экстренных оперативных вмешательств, так и для терапевтических мероприятий и обследования.
 
Он может использоваться в составе полевого многопрофильного госпиталя и для усиления штатных медицинских организаций в районах ЧС.
 
Комплекс оснащен современным медицинским оборудованием:
 
▫️ Многофункциональный операционный стол;
▫️ Лапароскопическая и эндоскопическая стойка;
▫️ Наркозно-дыхательная аппаратура;
▫️ Мобильный цифровой рентгеновский комплекс:
▫️ УЗИ-аппарат и другое.
 
🚁 Кроме того, Владимир Путин оценил технические возможности отечественного вертолета «Ансат» Национальной службы санитарной авиации. Воздушное судно со специализированным медоборудованием позволяет значительно сократить время транспортировки тяжелых пациентов и уже на борту начать оказание экстренной помощи.

💬 [Получить MAXимум пользы для здоровья](https://max.ru/minzdrav_ru)

#ЗдоровьеВПриоритете",2582,30,1,minzdrav_ru
14694,2026-04-28T16:20:22+00:00,"🩺 **Владимир Путин: Российская служба скорой помощи поистине уникальна**

Президент России Владимир Путин поздравил работников скорой медицинской помощи с профессиональным праздником. 
 
__— Хочу выразить искреннюю признательность за ваш нелёгкий труд, сопряжённый с огромной ответственностью и иногда с запредельной нагрузкой. Всё это требует глубоких знаний, опыта, компетенций и, конечно, хочу это подчеркнуть особо, отдельно, это требует самых лучших человеческих качеств, — сказал Владимир Путин.__

➡️ Президент России подчеркнул, что сотрудники скорой медицинской помощи ежедневно борются за жизнь и здоровье людей и первыми откликаются на просьбы о помощи.

__— Российская служба скорой помощи поистине уникальна. Она работает безотлагательно и бесплатно, по единым стандартам и алгоритмам, выезжает к больным и пострадавшим в кратчайшие сроки, независимо от времени суток, — сказал он.__

Особо Владимир Путин отметил самоотверженную работу экипажей скорой помощи и бригад медицины катастроф в условиях СВО, при ликвидации последствий атак вражеской беспилотной техники на российские мирные города и сёла, при ЧС и стихийных бедствиях.

Президент России уточнил, что сегодня в системе скорой медицинской помощи:

▫️ действует 130 станций и более 1,6 отделений;
▫️ трудятся свыше 160 тыс. человек, сформировано более 12 тыс. выездных бригад;
▫️находятся в распоряжении свыше 20 тыс. автомобилей. 

🚁 Кроме того, он добавил, что активно развивается служба санавиации.

__— Почти 57 млрд рублей за последние десять лет были направлены на развитие санитарной авиации — это тысячи и тысячи вылетов, оперативно эвакуированных и доставленных в медицинские учреждения пациентов, — сказал Владимир Путин. __

Президент России подчеркнул, что сегодня в развитии системы здравоохранения, в том числе службы скорой медицинской помощи, особое внимание уделяется цифровой трансформации.

__— Необходимым инструментом, который служит спасению жизней, становятся цифровые технологии: они позволяют оптимизировать всю цепочку — от оперативной фиксации вызова и сбора информации о пациенте до отслеживания его транспортировки в режиме реального времени и уже с помощью космических систем, с помощью системы «Глонасс», а также продолжения лечения больного или пострадавшего в медицинском учреждении, — уточнил Президент России.__

Также организованы единые диспетчерские центры скорой медицинской помощи, в службе медицины катастроф созданы центры управления кризисными ситуациями.

__— Безусловно, у работников скорой помощи должны быть все условия, весь арсенал современных средств и технических возможностей, — сказал Владимир Путин.__

💬 [Получить MAXимум пользы для здоровья](https://max.ru/minzdrav_ru)

#ЗдоровьеВПриоритете",72899,60,0,minzdrav_ru
14686,2026-04-28T14:04:46+00:00,"👨🏻‍⚕️🧑🏻‍⚕️ **За что медики скорой помощи любят свое дело**

В День работника скорой медицинской помощи мы поговорили с теми, кто в первую очередь спешит на помощь людям.

🚑 В наших карточках врачи рассказали, за что они ценят свою профессию и почему выбрали именно ее.

**28 апреля — День работника скорой медицинской помощи**

💬 [Получить MAXимум пользы для здоровья](https://max.ru/minzdrav_ru)",2896,10,0,minzdrav_ru
14685,2026-04-28T11:01:01+00:00,"🩺 **Хирурги Омской области восстановили пациенту работу поджелудочной железы после редкого осложнения хронического панкреатита**

Мужчина поступил в Больницу скорой медицинской помощи №1 г. Омска с жалобами на одышку, недомогание и слабость. 

В ходе обследования врачи выявили у пациента сразу несколько патологий, включая хронический панкреатит и скопление жидкости в плевральной полости (полой щели в оболочке, которая окружает легкие).

💡 Хронический панкреатит — прогрессирующее воспаление поджелудочной железы, которое нарушает пищеварение и выработку инсулина.

Анализ на фермент поджелудочной железы показал превышение уровня в сотни раз. Это указывало на попадание панкреатического сока в плевральную полость. 

На фоне этого у пациента сформировался панкреатоплевральный свищ — патологический канал между поджелудочной железой и грудной полостью.

Такое осложнение хронического панкреатита опасно тем, что ферменты начинают повреждать ткани и могут вызывать серьезные воспаления.

➡️ Сначала пациенту откачали жидкость из плевральной полости, однако она продолжала накапливаться. В итоге врачи приняли решение о проведении операции — специалисты удалили часть тканей, формирующих свищ. Функции поджелудочной железы не были нарушены.

❤️ Операция прошла успешно. Сейчас пациент чувствует себя хорошо. На 13 день его выписали домой под амбулаторное наблюдение.

💬 [Получить MAXимум пользы для здоровья](https://max.ru/minzdrav_ru)

#МедицинаРегионов",2325,5,1,minzdrav_ru
14681,2026-04-28T06:01:08+00:00,"🚑 **Михаил Мурашко: Более 12,1 тыс. бригад ежедневно оказывают скорую медицинскую помощь**

Министр здравоохранения РФ Михаил Мурашко принял участие во встрече Народного фронта с работниками скорой медицинской помощи приграничных и новых регионов в преддверии Дня сотрудника скорой медицинской помощи.
 
__— У нас в стране сегодня более 12,1 тыс. бригад ежесуточно находятся на дежурстве и постоянно оказывают медицинскую помощь, — сказал он.__

Главы Минздрава и Минпромторга Михаил Мурашко и Антон Алиханов, руководитель исполкома Народного фронта Михаил Кузнецов передали работникам службы скорой помощи и медицины катастроф из Брянской, Белгородской, Курской, Запорожской, Херсонской областей, Донецкой и Луганской народных республик новые автомобили скорой помощи и средства защиты. 

➡️ Министр пообщался с коллегами за чашкой чая, обсудили вопросы организации работы в регионах, ряд предложений скоропомощников будут проработаны федеральным Минздравом с руководством регионов.

💬 [Получить MAXимум пользы для здоровья](https://max.ru/minzdrav_ru)

#ЗдоровьеВПриоритете",5001,14,2,minzdrav_ru
14680,2026-04-27T17:30:42+00:00,"🩺 **В больнице Республики Хакасия внедрен новый вид высокотехнологичной медицинской помощи для лечения патологий суставов
**
В Черногорской межрайонной больнице специалисты внедрили высокотехнологичную артроскопию.

💡 Это малоинвазивный метод диагностики и хирургического лечения патологий суставов, который обеспечивает высокую точность, а также быстрое восстановление пациента.

__— Наша цель — чтобы сложную операцию на суставе человек получил рядом с домом, без изнурительных поездок в медицинские центры за пределами населенного пункта, — отметил заведующий травматологическим отделением Сергей Тинников.__

➡️ Сложные реконструктивные операции выполняются с помощью аблятора. 

__— Аблятор позволяет работать внутри сустава как «умный скальпель»: он удаляет поврежденные ткани и сразу коагулирует сосуды. Отеки и боли меньше, реабилитация начинается уже на следующий день, — рассказал  Сергей Тинников.__

💬 [Получить MAXимум пользы для здоровья](https://max.ru/minzdrav_ru)

#МедицинаРегионов",2252,5,1,minzdrav_ru
14679,2026-04-27T14:00:17+00:00,"📋 **Более 1,6 млн исследований выполнили специалисты централизованной лаборатории онкоцентра Курской области с начала года**

В состав лабораторной службы Курского онкологического научно-клинического центра им. Г.Е. Островерхова входят три ключевых направления: 

▫️ клинико-диагностическое;
▫️ бактериологическое;
▫️ патологоанатомическое.

Специалисты выполняют лабораторную диагностику для 17 медицинских организаций Курской области по различным направлениям:

📍анализ гормонов, онкомаркеров, уровня инфекционных антител и антигенов;
📍гематологические, биохимические, цитологические, бактериологические и молекулярно-генетические исследования;
📍выявление ДНК/РНК микроорганизмов методом ПЦР и другое. 
 
📎 Отметим, что спектр исследований планомерно расширяется. В 2025 году специалисты выполнили более 5,3 млн анализов.

💬 [Получить MAXимум пользы для здоровья](https://max.ru/minzdrav_ru)

#МедицинаРегионов",2108,2,0,minzdrav_ru
14678,2026-04-27T11:20:13+00:00,"📋 **Врачи Кабардино-Балкарской Республики восстановили кровоток ног 59-летнему пациенту**

В Республиканский клинический медико-хирургический центр поступил мужчина с жалобами на боли, холод и посинение пальцев ног, а также быструю утомляемость при ходьбе.

➡️ После детального обследования врачи выявили атеросклеротическое поражение аорты и подвздошных артерий. 

Это состояние, характерное для синдрома Лериша, нарушает кровоснабжение органов малого таза и ног, что может привести к серьезным осложнениям.

💡 **Синдром Лериша** — хроническое заболевание, которое возникает вследствие ухудшения кровотока в области разделения аорты на подвздошные артерии.

Для восстановления кровообращения врачи провели операцию и заменили пораженные участки брюшной аорты и подвздошных артерий искусственным сосудистым протезом. 

❤️ Сейчас пациент чувствует себя хорошо. Мужчина выписан домой под амбулаторное наблюдение.

💬 [Получить MAXимум пользы для здоровья](https://max.ru/minzdrav_ru)

#МедицинаРегионов",3801,6,2,minzdrav_ru
14672,2026-04-26T15:04:22+00:00,"🏥  **В Челябинской области начали работу новые поликлиники для взрослого и детского населения**

В городе Миньяр, расположенном в 310 км от Челябинска, начали работу новые медицинские учреждения на базе Районной больницы г. Аша. Качественная медицинская помощь стала доступнее более чем 7 тыс. местных жителей.

На базе Районной больницы начали работу поликлиника для взрослого населения и детское поликлиническое отделение.

👉 Кроме того, открылись отделение скорой медицинской помощи с круглосуточным фельдшерским постом и дневной стационар.
__
— Это важный объект для местных жителей, который позволит оказывать высококвалифицированную, своевременную и доступную медицинскую помощь населению, — рассказал и.о. главного врача Районной больницы г. Аша Игорь Бернацкий.__

Медучреждение построено в рамках программы «Модернизация первичного звена здравоохранения» национального проекта «Продолжительная и активная жизнь».

💬 [Получить MAXимум пользы для здоровья](https://max.ru/minzdrav_ru)

#Модернизация",2151,2,2,minzdrav_ru
14671,2026-04-26T07:01:08+00:00,"🛡 **#ПростыеПравила****: Почему иммунопрофилактика — щит от опасных инфекций**

Об этом рассказала заместитель главного врача КДЦ НМИЦ терапии и профилактической медицины Минздрава России Елена Игнатикова.
__
— Каждая прививка — это предотвращенная госпитализация, сохраненное качество жизни и спасенные годы. Вакцинация ежегодно предотвращает миллионы случаев кори, коклюша, столбняка, пневмоний и вирусных гепатитов, — подчеркнула эксперт.__

❗️  Когда уровень вакцинации превышает 95%, формируется коллективный иммунитет: инфекция прекращает циркулировать, а защищенными оказываются те, кому прививка противопоказана по медицинским показаниям.

✅ Примеры вакцин, предотвращающих серьезные болезни:

▫️  Вакцина против гепатита В предотвращает риск развития таких болезней печени как гепатит или цирроз.
▫️  Вакцина БЦЖ — защищает от туберкулезного менингита (воспаления оболочек мозга) и диссеминированного туберкулеза (поражения всего организма).
▫️  Вакцина от полиомиелита — полностью предотвращает поражение центральной нервной системы и развитие параличей.
▫️  Вакцина АКДС — комплексная защита от коклюша, дифтерии и столбняка.

__— Иммунопрофилактика — это инвестиция в здоровое долголетие, качество жизни и устойчивость общества к инфекционным угрозам. Не откладывайте защиту: обсудите с вашим терапевтом индивидуальный календарь вакцинации, учитывающий возраст, хронические заболевания и эпидемиологические риски, — подытожила Елена Игнатикова.__

💬 [Получить MAXимум пользы для здоровья](https://max.ru/minzdrav_ru)",5032,31,0,minzdrav_ru
14668,2026-04-25T14:03:51+00:00,"🏥  **Михаил Мурашко с рабочим визитом посетил Республику Мордовия**

Министр здравоохранения РФ Михаил Мурашко в ходе рабочей поездки в Республику Мордовия ознакомился с работой медицинских организаций региона.

__— В рамках модернизации первичного звена появились новые объекты, отремонтированы существующие, а также закуплено новое оборудование и машины — все это сегодня уже работает, — заявил он.__

➡️  В ходе визита министр посетил поликлинику на базе Республиканской клинической больницы №5 — современное медучреждение с прикрепленным населением более 25 тыс. человек. 

Территория и помещения Поликлиники адаптированы в том числе для пациентов с ограниченными возможностями передвижения.

В поликлинике функционирует Центр амбулаторной онкологической помощи, за которым закреплено более 213 тыс. человек, и дневной стационар для проведения химиотерапии.

📝  Михаил Мурашко оценил оснащение поликлиники техникой нового поколения  и работу информационной системы.
 
__— Хочу сказать, что коллеги сделали большую, серьезную работу. Сегодня уже работает электронная медицинская карта, она сопряжена с порталом государственных услуг — для пациентов подгружаются анализы и выписки из истории болезни. Начала работать телемедицина. Активно внедряются программы с искусственным интеллектом, которые позволяют обрабатывать изображения с медицинских приборов, и аналитические программы, позволяющие ускорить работу с медицинской документацией, чтобы врачи могли больше времени уделять пациентам, — сказал министр.__

➡️  Также Михаил Мурашко посетил Мордовскую республиканскую центральную клиническую больницу. Это крупнейшее учреждение региона, где оказывают высокотехнологичную медицинскую помощь по 11 профилям. 

📌  Ежегодно здесь выполняется около 14 тыс. операций, принимается порядка 3 тыс. родов, а высокотехнологичную помощь получают более 2 тыс. пациентов. Кроме того, внедрены подходы менеджмента качества и безопасности.

__— Мы сейчас внедряем во все стационарные учреждения новые технологические процессы, системы менеджмента качества. Коллеги уже начали эту работу, ее необходимо продолжать, потому что это повышает качество ведения пациентов, — отметил он.__

💬  Министр оценил работу Регионального сосудистого центра №2 на базе Мордовской республиканской центральной клинической больницы. 

Так, с 2020 по 2025 год в центре число операций по коронарной реваскуляризации миокарда увеличилось на 46% в год. 

С прошлого года внедрены хирургические методы лечения сложных нарушений ритма: радиочастотная катетерная аблация и криоизоляция устьев легочных вен. Всего проведено 80 подобных оперативных вмешательств.

__— Хочу поблагодарить коллег за хорошие результаты. Большое количество спасенных жизней, — сказал Михаил Мурашко. — Пациенты, которые поступили с сосудистыми катастрофами — инфарктами, инсультами, — при выписке получают лекарственные препараты. Такая, казалось бы, минимальная вещь на 19% улучшает показатель статистически по нашей стране.__

📌  Глава Минздрава России сообщил, что сейчас ведется работа по строительству онкологического центра с самыми современными технологиями, что станет огромным вкладом в развитие здравоохранения региона.

💬 [Получить MAXимум пользы для здоровья](https://max.ru/minzdrav_ru)

#Модернизация
#МедицинаРегионов",2042,6,1,minzdrav_ru
14666,2026-04-25T06:02:07+00:00,"👨‍⚕️ **Врачи из Республики Башкортостан спасли почку 12-летнему мальчику**

Ребенок поступил в Городскую больницу г. Нефтекамска с ушибом передней брюшной стенки. 

➡️ В ходе обследования врачи выявили разрыв левой почки и забрюшинную гематому — внутреннее кровотечение, которое угрожало потерей органа.

📲 Врачи оперативно провели телемедицинскую консультацию с коллегами из Республиканской детской клинической больницы. Из РДКБ в Нефтекамск вылетела бригада специалистов, чтобы помочь провести операцию.

Благодаря совместным усилиям врачей вмешательство прошло успешно: мальчику остановили кровотечение, ушили разрыв почки и убрали гематому, сохранив почку.

❤️ Сейчас пациент чувствует себя хорошо и находится под наблюдением врачей.

💬 [Получить MAXимум пользы для здоровья](https://max.ru/minzdrav_ru)

#МедицинаРегионов",15290,11,0,minzdrav_ru
14663,2026-04-24T18:32:21+00:00,"🏥  **Врачи федерального центра Минздрава России помогли коллегам из Кыргызстана запустить программу трансплантации печени **

Специалисты НМИЦ трансплантологии и искусственных органов им. ак. В.И. Шумакова Минздрава России совместно с врачами Национального хирургического центра им. М.М. Мамакеева провели операцию по пересадке части печени 47‑летнему пациенту с циррозом. Донором для пациента стал его сын. 

❤️  Операция прошла успешно, сейчас мужчина с сыном проходят реабилитацию.

__— Мы очень ценим и постоянно подчеркиваем, что такие человеческие отношения помогают людям бороться с очень тяжелыми заболеваниями с помощью возможных пересадок жизненно важных органов, что было в данном случае сделано. Сейчас оба пациента выздоравливают, — заявил главный внештатный трансплантолог Минздрава России Сергей Готье.__

📌  Подготовка к первым операциям началась в июле 2024 года после  подписания соглашения о сотрудничестве между НМИЦ трансплантологии и искусственных органов им. ак. В.И. Шумакова Минздрава России и Национальным хирургическим центром им. М.М. Мамакеева в Бишкеке.

__— Подготовка к выполнению этой операции продолжалась более года. Около 20 специалистов из Киргизии прошли у нас стажировку, были совместно выбраны доноры и пациенты для выполнения первых операций, — подчеркнул Сергей Готье.__

🏆 НМИЦ трансплантологии и искусственных органов им. ак. В.И. Шумакова Минздрава России — мировой лидер по количеству выполняемых трансплантаций сердца. 

В Центре также проводится наибольшее количество пересадок почки и печени детям, включая несовместимые по группе крови. По итогам 2025 года здесь выполнено более 1 тыс. трансплантаций.

💬 [Получить MAXимум пользы для здоровья](https://max.ru/minzdrav_ru)

#МеждународноеСотрудничество",2096,4,2,minzdrav_ru
14660,2026-04-24T13:32:18+00:00,"🌐** Россия и КНДР развивают международное сотрудничество в сфере здравоохранения**

Министр здравоохранения РФ Михаил Мурашко в рамках рабочего визита в КНДР провел переговоры с Министром здравоохранения КНДР Ким Ду Воном. Стороны обсудили развитие сотрудничества в сфере здравоохранения по всем направлениям, представляющим взаимный интерес.

↪️ Глава Минздрава России отметил, что профилактика — одно из ключевых направлений сотрудничества. 

__— В первую очередь мы предлагаем развитие сотрудничества по модернизации первичного звена, в том числе амбулаторно-поликлинической помощи, выездной работы, потому что именно ранняя диагностика, раннее начало лечения на амбулаторном этапе является важным компонентом всей медицины, — заявил Михаил Мурашко.__

📌 Также стороны обсудили вопрос оказания медицинской помощи детям. 

__— В России по поручению Президента России  Владимира Владимировича Путина реализуется ряд проектов. Это создание перинатальных центров, строительство детских поликлиник, реализация программы поддержка фонда «Круг добра», проведение расширенного неонатального скрининга на 42 заболевания, — подчеркнул Михаил Мурашко.__

Особое внимание глава Минздрава России акцентировал на продолжении совместной работы, направленной на охрану здоровья матери и ребенка.

__— В России одни из самых низких показателей младенческой и детской смертности в мире. Сегодня уже идет подготовка специалистов на базе наших центров. Поэтому мы предлагаем коллегам также сотрудничество в этом направлении, — добавил он.__

➡️ В ходе рабочего визита Михаил Мурашко также почтил память советских воинов, погибших при освобождении Кореи в 1945 году и в период Корейской войны 1950-1953 годов. Министр возложил цветы к Монументу советским воинам в Вонсане и к плите дважды Героя Советского союза, разведчика В.Н. Леонова.

💬 [Получить MAXимум пользы для здоровья](https://max.ru/minzdrav_ru)

#МеждународноеСотрудничество",1935,9,1,minzdrav_ru
14658,2026-04-24T11:04:18+00:00,"🏥 **Михаил Мурашко принял участие в церемонии закладки первого камня многопрофильной больницы Корейско-Российской дружбы в Вонсане**

В рамках рабочего визита в Корейскую Народно-Демократическую Республику министр здравоохранения РФ Михаил Мурашко принял участие в церемонии закладки первого камня многопрофильной больницы Корейско-Российской дружбы в Вонсане. 

__— Сегодня мы закладываем не просто фундамент будущей больницы — мы закладываем основу для дальнейшего долгосрочного и плодотворного сотрудничества в самой гуманной сфере — сфере здравоохранения. Этот проект стал реальным воплощением в жизнь договоренностей, достигнутых на высшем уровне между Президентом Российской Федерации Владимиром Владимировичем Путиным и Председателем Государственных Дел Корейской Народно-Демократической Республики товарищем Ким Чен Ыном, — сказал он.__

📌 Михаил Мурашко подчеркнул, что событие проходит в рамках реализации Соглашения о всеобъемлющем партнерстве между Россией и КНДР.

__— Данное соглашение — это программа совместных действий, направленная на обеспечение благополучия граждан России и КНДР, — сказал глава Минздрава России. __

Также он отметил, что единство подходов лидеров России и КНДР к укреплению дружбы между странами и их личное внимание к вопросам доступной и качественной медицины позволяют реализовывать крупные гуманитарные проекты и создавать прочный фундамент взаимовыгодного сотрудничества.

➡️ Глава Минздрава России сообщил, что больница будет оказывать специализированную, включая неотложную, медицинскую помощь для более 1,5 млн человек провинции Канвондо.

__— Здесь будут созданы все условия для оказания качественной и высокотехнологичной медицинской помощи. Корейские врачи уже несколько лет изучают опыт российских медицинских специалистов по различным направлениям здравоохранения, таким как охрана здоровья матери и ребенка, трансплантология, сердечно-сосудистая хирургия, онкология и многие другие, — пояснил он.__

Подробнее — в [репортаже Вестей ](https://smotrim.ru/video/6000816)

💬 [Получить MAXимум пользы для здоровья](https://max.ru/minzdrav_ru)

#МеждународноеСотрудничество",2309,6,0,minzdrav_ru
14657,2026-04-24T06:01:46+00:00,"🏥 **Врачи федерального центра Минздрава России удалили 30-сантиметровую опухоль поджелудочной железы**

25-летняя пациентка поступила в НМИЦ радиологии Минздрава России с редкой опухолью, которая продолжительное время увеличивалась бессимптомно.

🩺 Девушка обратилась в поликлинику по месту жительства с жалобами на частые боли в правом боку и небольшим образованием в области живота, которое становилось заметным в положении лежа. В ходе УЗИ специалисты выявили злокачественную опухоль поджелудочной железы. Образование достигло размеров более 30 см.

Опухоль прилегала к крупным сосудам и сдавливала желудок. Врачам предстояло удалить новообразование, не повредив жизненно важные структуры.

__— Опухоль деформировала органы брюшной полости, прилегала к крупным сосудам, фактически «распластывала» желудок. Основная задача была — удалить ее полностью, не повредив при этом жизненно важные структуры, — рассказал заведующий центром абдоминальной хирургии НМИЦ радиологии Минздрава России Владимир Трифанов.__

Команда хирургов провела сложную операцию, не повредив магистральные сосуды и сосудистую ножку левой почки.

❤️ Сейчас пациентка чувствует себя хорошо. Она проходит этап реабилитации и химиотерапии.

💬 [Получить MAXимум пользы для здоровья](https://max.ru/minzdrav_ru)

#СетьНМИЦев",2302,5,1,minzdrav_ru
14656,2026-04-23T14:35:15+00:00,"🏥 **Подмосковные врачи сохранили мальчику глаз, в который попал рыболовный крючок **

Пациент поступил в Детский научно-клинический центр им. Л.М. Рошаля после того, как в его левый глаз попал рыболовный крючок.

📌 Травма опасна из-за обратного жала крючка — просто вынуть его было невозможно. 

Без своевременной операции такое состояние грозило полной необратимой слепотой.

➡️ Под микроскопом врачи аккуратно добрались до крючка и полностью его удалили, а затем зашили разрыв в белковой оболочке глаза сверхтонкими иглами. 

Каждый из нескольких узловых швов зафиксировали так, чтобы закрыть рану, но не деформировать оболочку. 

❤️ Врачи сохранили мальчику полную остроту зрения, он чувствует себя хорошо и уже выписан домой.

💬 [Получить MAXимум пользы для здоровья](https://max.ru/minzdrav_ru)

#МедицинаРегионов",18926,16,2,minzdrav_ru
14655,2026-04-23T10:31:03+00:00,"🩺 **В Еврейской автономной области после капитального ремонта открылось отделение медицинской реабилитации**

Отделение медицинской реабилитации открылось на базе Областной поликлиники Еврейской автономной области. Теперь пациенты могут проходить завершающий этап восстановления после стационарного лечения, не выезжая за пределы региона.

__— Мы принимаем амбулаторных пациентов, выписанных из стационара и нуждающихся в продолжении восстановительного лечения. Наш профиль — комплексная реабилитация, включающая физиотерапию, лечебный массаж и занятия лечебной физкультурой, — рассказала заведующая отделением медицинской реабилитации Лилия Жуганова.__

Отделение оказывает медицинскую помощь пациентам с различными заболеваниями, в том числе:

⚪ заболеваниями шейного и поясничного отделов позвоночника;
⚪ артрозом суставов;
⚪ реабилитации после эндопротезирования коленных и тазобедренных суставов.

Также особое внимание уделяется реабилитации пациентов после сердечно-сосудистых катастроф.

📌 Капитальный ремонт Областной поликлиники выполнен в рамках нацпроекта «Продолжительная и активная жизнь».

💬 [Получить MAXимум пользы для здоровья](https://max.ru/minzdrav_ru)

#Модернизация",3631,9,0,minzdrav_ru
14652,2026-04-22T17:33:34+00:00,"Сегодня среда, а значит... #НаучнаяСреда

😴 **Студенты Сибирского ГМУ Минздрава России создали умное устройство для оценки гигиены сна**

В Сибирском ГМУ Минздрава России студенты направления «Медицинская кибернетика» совместно с научными сотрудниками вуза разработали устройство «Хороший сон», которое оценивает условия для здорового сна.

⏰ Устройство определяет уровень освещенности и температуру в комнате — показатели, которые напрямую влияют на качество сна.

↪️ **Принцип работы:**

▫️ перед сном устройство размещается на мебели на уровне головы спящего;
▫️ встроенные датчики измеряют освещенность и температуру комнаты;
▫️ устройство сравнивает полученные результаты с клинически рекомендованными показателями;
▫️ при выходе любого параметра за пределы нормы светодиоды информируют пользователя о необходимости изменить условия в комнате перед сном.

__— «Хороший сон» — пример того, как компактное устройство с минимальным программным кодом может решать реальную медицинскую задачу, если оно опирается на клинические нормы, — подчеркнул ассистент кафедры медицинской и биологической кибернетики Михаил Пушкарев.__

➡️ Устройство уже завершило первую итерацию разработки.

💬 [Получить MAXимум пользы для здоровья](https://max.ru/minzdrav_ru)",2272,7,0,minzdrav_ru
14651,2026-04-22T14:01:02+00:00,"☀️** ****#ПростыеПравила****: Почему весной коже нужна особая защита**

Об этом рассказала заведующая консультативно-диагностическим центром ГНЦДК Минздрава России Ирина Кондрахина.

🧐 Весеннее солнце кажется мягким и безопасным, однако в этот период оно сильно может навредить коже.

После зимы кожа ослаблена: снижен уровень увлажненности, нарушен защитный барьер, часто не хватает витаминов. На этом фоне даже умеренное воздействие ультрафиолета может приводить к заметным повреждениям.

❗️ Главная особенность весеннего солнца — его «незаметность». Температура воздуха еще невысокая, отсутствует ощущение перегрева, но ультрафиолетовые лучи уже активно воздействуют на кожу. Они проникают в глубокие слои дермы.

🌧 Пасмурная погода не защищает кожу — до 80% ультрафиолетовых лучей проходит сквозь облака. Также солнечные лучи отражаются от поверхностей — воды, песка, светлой почвы — усиливая воздействие. 

Даже непродолжительное пребывание на улице без защиты может спровоцировать появление стойких пигментных пятен. Кроме того, ультрафиолет может обострять хронические кожные заболевания — такие как акне, розацеа и различные формы дерматита.

__— В результате уже к началу лета многие отмечают появление мелких морщин, снижение упругости кожи и неровный тон, — пояснила эксперт.__

👩‍⚕️ **Как защитить себя:**

▫️ используйте средства с SPF не ниже 30 (или SPF 50 при склонности к пигментации);
▫️ наносите крема за 15–20 минут до выхода на улицу;
▫️ защищайте не только лицо, но и уши, шею, зону декольте и кисти рук;
▫️ носите головные уборы, солнцезащитные очки и одежду с длинным рукавом.

__— Регулярная защита от солнца — это не только вопрос эстетики, но и профилактика серьезных заболеваний. Систематическое использование солнцезащитных средств снижает риск развития рака кожи и замедляет процессы старения, — подчеркнула Ирина Кондрахина.__

💬 [Получить MAXимум пользы для здоровья](https://max.ru/minzdrav_ru)",4043,31,1,minzdrav_ru
14647,2026-04-22T11:05:21+00:00,"🔬 **В Ярославской области открылась симуляционная клиника для студентов Ярославского медицинского колледжа Минздрава России**

Современный симуляционный центр открылся для студентов Ярославского медицинского колледжа Минздрава России на базе Ярославской областной клинической больницы. Клиника поможет студентам отрабатывать практические навыки работы как в поликлинике, так и в стационаре.

__— Это то место, где каждый студент сможет попробовать себя в роли медсестры, медбрата, фельдшера – еще до того, как он впервые переступит порог реальной клиники. Обучение будут проходить, в том числе, хирургические медсестры, — рассказала и.о. министра здравоохранения Ярославской области Мария Можейко.__

✅ Симуляционная клиника оборудована всем необходимым медоборудованием. Здесь размещены многофункциональные кровати, кислородная консоль, электрокардиограф, инфузомат, а реанимационные действия студенты смогут тренировать на роботизированном манекене..

__— Каждый манекен, каждый тренажер, прибор – это не просто оборудование, это инструмент для оттачивания мастерства. Здесь есть «реанимационный зал», «процедурный кабинет», «терапевтическая палата», — подчеркнула директор Ярославского медицинского колледжа Минздрава России Алевтина Репина.__

📌 Также в новом центре располагается процедурный кабинет, в котором студенты отрабатывают навыки проведения внутривенных инъекций, психологическую подготовку, наложение жгута и другие действия.

💬 [Получить MAXимум пользы для здоровья](https://max.ru/minzdrav_ru)

#БудущееМедицины",1973,4,0,minzdrav_ru
14646,2026-04-22T06:00:30+00:00,"🏥 **Специалисты федерального центра Минздрава России вернули женщине возможность ходить **

Несколько лет назад назад женщина с артрозом тазобедренного сустава проходила лечение по месту жительства. Через некоторое время после операции пациентка получила травму — открытый перелом вокруг установленного протеза, что спровоцировало инфекцию и воспаление кости. 

Костные отломки сместились и опираться на ногу стало невозможно. Женщине пришлось передвигаться на инвалидной каляске.

📌 Для дальнейшего лечения ее госпитализировали в Клинику костно-суставной инфекции НМИЦ им. ак. Г.А. Илизарова Минздрава России в Кургане.

1️⃣ Первоначально специалисты удалили инфицированный эндопротез, тщательно очистили рану и поставили временный имплантат. 

2️⃣ На втором этапе зафиксировали ногу аппаратом Илизарова, который удерживает кости в правильном положении и позволяет управлять их сращением.  

__— Сращение костей проходило крайне медленно — 8 месяцев — на фоне избыточной массы тела и выраженного остеопороза. Однако мы добились нужного результата, — руководитель клиники Артем Ермаков. __

После лечения пациентка снова сломала ногу, так как прочность костей была снижена на фоне остеопороза. Женщину экстренно вернули в Центр.

➡️ Специалисты провели вмешательство сразу в двух зонах — тазобедренного сустава и средней трети бедра. Врачи установили новый эндопротез с удлиненной ножкой (305 мм). Зону перелома зафиксировали накостной пластиной, а перед этим укрепили кость изнутри специальным костным цементом.

❤️ Спустя год после операции признаков инфекции нет, имплантат стабилен, бедренная кость срослась. Пациентка больше не передвигается на инвалидной коляске и чувствует себя хорошо. 

💬 [Получить MAXимум пользы для здоровья](https://max.ru/minzdrav_ru)

#МедицинаРегионов",2367,4,1,minzdrav_ru
14645,2026-04-21T17:35:17+00:00,"🌐  **Михаил Мурашко выступил на Совещании министров здравоохранения ШОС**

Министр здравоохранения РФ Михаил Мурашко принял участие в Совещании министров здравоохранения государств — членов Шанхайской организации сотрудничества, проходящем в год ее 25‑летнего юбилея.

В ходе встречи участники обсудили ключевые направления совместной работы: профилактику заболеваний, борьбу с инфекциями, устойчивость систем здравоохранения, развитие кадрового потенциала отрасли и внедрение цифровых технологий.

↪️ ** Международное сотрудничество**

Глава Минздрава России подчеркнул, что ШОС зарекомендовала себя как организация, способная находить эффективные пути решения глобальных и региональных проблем. Обеспечение своевременной профилактики заболеваний и доступа к качественной медицинской помощи для всех граждан — первостепенная задача ШОС.

📌  Особое внимание участники Совещания уделили борьбе с инфекционными заболеваниями. Михаил Мурашко заявил, что Россия готова делиться опытом в вопросах противодействия туберкулезу и другим опасным инфекциям.

__— У нас накоплен богатый опыт и профессионализм в области борьбы с туберкулезом и другими опасными инфекциями, и мы готовы делиться своим опытом. Хочу отметить, что сегодня мы достигли исторически низких показателей по заболеваемости туберкулезом, что отмечено Всемирной организацией здравоохранения, — отметил Михаил Мурашко.__

↪️  **Медицинская помощь людям старшего поколения **

Глава Минздрава России обратил внимание на рост доли пожилых граждан в странах объединения. Они особенно нуждаются в значительном объеме медицинской помощи, в том числе высокотехнологичной, а также в дорогостоящих лекарствах.

__— Блок вопросов, касающийся поддержания здоровья, долголетия и профилактического направления, является одним из самых главных и самым низкозатратным, но при этом высокоэффективным направлением медицины, — подчеркнул он.__

📌  Профилактике необходимо опираться на системные и проверенные временем подходы

__— С учетом опыта Российской Федерации, сформированного более ста лет назад профессором Н.А. Семашко, которого знают во всем мире, мы готовы объединять усилия по данному направлению для того, чтобы в едином управленческом контуре государственные программы были более эффективными, — добавил он.__

Он отметил, что в странах ШОС уже есть опыт, в котором акценты ставятся на первичное звено, высокотехнологичную помощь, формируя систему финансирования и поддержания материально-технической базы. 

__— Сотрудничество в этом направлении должно развиваться и дальше, — подчеркнул Михаил Мурашко.__

↪️  **Кадры и цифровая трансформация**

Производительность труда и кадровый потенциал — один из ключевых элементов устойчивости систем здравоохранения. В России внедрена система подготовки специалистов, учитывающая современные требования, включая работу с искусственным интеллектом и новыми методами лечения.

__— Хочу также отметить, что охват медицинскими услугами всего населения в стране, включая проживающих в сельской местности, невозможен без развития телемедицинских технологий, формирования электронных медицинских карт и использования искусственного интеллекта для доступности качественной медицинской помощи, независимо от места проживания специалистов. Мы активно развиваем эти направления, — заключил он.__

💬 [Получить MAXимум пользы для здоровья](https://max.ru/minzdrav_ru)

#МеждународноеСотрудничество
#БудущееМедицины",2602,7,0,minzdrav_ru
14644,2026-04-21T14:03:10+00:00,"💬 **Михаил Мурашко: Важнейшая задача в развитии первичного звена — повышение эффективности диспансеризации и профилактических осмотров**

Об этом сообщил министр здравоохранения РФ Михаил Мурашко в обращении к участникам и гостям XXXIII Российского национального конгресса «Человек и лекарство».

📌 Он подчеркнул, что перед первичным звеном здравоохранения стоят амбициозные задачи. Прежде всего — повышение эффективности диспансеризации и профилактических осмотров.

__— Пациентов с выявленной патологией необходимо оперативно брать под диспансерное наблюдение и применять для их лечения все доступные медицинские технологии, — отметил министр.__

↪️ **Среди ключевых задач на ближайшую перспективу:**

▫️ расширение функций сети Центров здоровья — каждый из них должен трансформироваться в полноценное пространство медицины здорового долголетия;
▫️ поддержка медработников, создание условий для их подготовки и достойного труда;
▫️ внедрение искусственного интеллекта, систем поддержки принятия врачебных решений, развитие телемедицины и дистанционного мониторинга с использованием персональных медицинских помощников.

📌 Сегодня в России в рамках реализации национального проекта «Продолжительная и активная жизнь» формируется современная инфраструктура медицинских организаций, повышается доступность медицинской помощи даже в самых отдаленных территориях, создаются условия для совершенствования первичного звена.

__— Только за 2025 год введено в эксплуатацию более 1,3 тыс. новых объектов, проведен капитальный ремонт в 2 тыс. зданиях, поставлено почти 47 тыс. единиц оборудования и свыше 3 тыс. единиц автотранспорта. Отмечу, что доля отечественного оборудования в первичном звене уже достигает 70%, — сказал он.__

💬 [Получить MAXимум пользы для здоровья](https://max.ru/minzdrav_ru)

#ЗдоровьеВПриоритете
#БудущееМедицины",3048,18,2,minzdrav_ru
14643,2026-04-21T10:50:22+00:00,"🧑🏻‍⚕️ **Молодой специалист приступила к работе в Ханты-Мансийском автономном округе**

В поселке Куть-Ях Нефтеюганского района к работе приступил новый терапевт — Аманда Бедрина. Молодой специалист стала участницей программы «Земский доктор», которая предусматривает меры социальной поддержки медицинских кадров, переехавших на работу в сельскую местность.

↪️ В 2022 году терапевт окончила Алтайский ГМУ Минздрава России. После этого работала в медицинских организациях Республики Саха (Якутия). В марте 2026 года она начала работать в Куть-Яхе.

Еще во время учебы будущий врач начала практическую деятельность в качестве медицинской сестры.

📝 По словам девушки, в профессию ее привел интерес к биологии, а работа терапевта позволяет помогать людям и видеть результат своих усилий.

💬 [Получить MAXимум пользы для здоровья](https://max.ru/minzdrav_ru)

#МедицинаРегионов",2409,2,2,minzdrav_ru
14642,2026-04-21T07:03:53+00:00,"❤️ **Когда помощь — не просто профессия, а дело жизни**

Медицинские работники каждый день спасают пациентов. А некоторые из них выполняют еще одну добрую миссию, которую выбирают по зову сердца.

📍 Они — не только медики. Они — доноры. Почетные доноры России.

«Почетный донор России» — звание, которым награждаются люди, безвозмездно сдавшие кровь или ее компоненты определенное количество раз. 

У каждого из них своя история и причина сказать: «Я донор, потому что…».

Подробнее об этом смотрите в нашем видео ⬆️

💬[ Получить MAXимум пользы для здоровья](https://max.ru/minzdrav_ru)",3858,8,0,minzdrav_ru
14641,2026-04-21T06:00:55+00:00,"🧑🏻‍⚕️ **Врачи Рязанской области удалили из желудка подростка образование длиной 20 см из непереваренной хурмы**

15-летняя девочка поступила в Рязанскую областную детскую клиническую больницу им. Н.В. Дмитриевой с жалобами на сильную боль в животе после того, как съела за раз более 1 кг хурмы. Также у пациентки пропал аппетит и появилась тошнота.

👉 В ходе обследования врачи выявили фитобезоар — инородное тело, сформировавшееся из непереваренной растительной клетчатки, в случае пациентки — хурмы.

__— Такое образование не растворяется соляной кислотой, содержащейся в желудочном соке. Длительное нахождение фитобезоара в желудочно-кишечном тракте может приводить к различным осложнениям, — рассказал заведующий детским хирургическим отделением Рязанской областной детской клинической больницы им. Н.В. Дмитриевой Олег Ларькин.__

❤️ Хирурги провели операцию и удалили инородное тело. Сейчас пациентка чувствует себя хорошо и выписана под амбулаторное наблюдение. 

💬 [Получить MAXимум пользы для здоровья](https://max.ru/minzdrav_ru)

#МедицинаРегионов",18229,96,3,minzdrav_ru
14637,2026-04-20T12:34:18+00:00,"❤️ **Михаил Мурашко принял участие в донорской акции в Национальный день донора крови в России**

Министр здравоохранения РФ Михаил Мурашко принял участие в донорской акции, приуроченной к Национальному дню донора крови в России, и сдал кровь.

🏥 К акции также присоединились и стали донорами сотрудники Минздрава России и других государственных органов, в том числе ФНС России и Генеральной прокуратуры РФ.

Акция прошла в мобильном комплексе заготовки крови НМИЦ сердечно-сосудистой хирургии им. А.Н. Бакулева Минздрава России.

**20 апреля — Национальный день донора в России**

💬 [Получить MAXимум пользы для здоровья](https://max.ru/minzdrav_ru)

#ЗдоровьеВПриоритете",5027,31,0,minzdrav_ru
14636,2026-04-20T10:20:19+00:00,"💬 **Михаил Мурашко: В 2025 году количество доноров увеличилось на 1,2% и составило 1,4 млн наших граждан **

Об этом заявил министр здравоохранения РФ Михаил Мурашко в Национальный день донора крови в России. 

__— В прошлом году количество доноров увеличилось на 1,2% и составило 1,4 млн наших граждан. Также увеличилось и количество донаций — на 1,3%. Это происходит ежегодно, и общее количество донаций составило 3,5 млн, — заявил министр. __

📌 Также Михаил Мурашко подчеркнул, что главной задачей на сегодня является закрытие потребности страны в препаратах, изготавливаемых из донорской крови и плазмы. Кроме того, донорская кровь активно используется для профилактики резус-конфликта у беременных женщин.

__— Донорская кровь используется не только для трансфузий, но и активно для создания лекарственных препаратов. Один из таких лекарственных препаратов — антирезусный иммуноглобулин, который используется для профилактики резус-конфликта у беременных женщин, — рассказал министр.__

↪️ Глава Минздрава России Михаил Мурашко отметил, что за 2025 год увеличилось количество донаций, в том числе для клеточных составляющих, в частности — доноров тромбоцитов, которые необходимы для пациентов с онкологическими, онкогематологическими и другими заболеваниями.

__— Сегодня для нас закрыть все потребности страны в препаратах, изготавливаемых из донорской крови и плазмы, является крайне важным. Призываю наших граждан активно подключаться к донорскому движению. Желаю всем крепкого здоровья, — подытожил министр.__

Кроме того, по всей стране заготовку донорской крови и ее компонентов осуществляют более 300 медицинских учреждений.

💬 [Получить MAXимум пользы для здоровья](https://max.ru/minzdrav_ru)

#ЗдоровьеВПриоритете",3263,20,0,minzdrav_ru
14635,2026-04-19T12:03:05+00:00,"🔬 **В онкодиспансере Республики Ингушетия внедрен современный высокотехнологичный метод диагностики и хирургического лечения **

Специалисты Республиканского онкологического диспансера начали проводить **биопсию сигнального (сторожевого) лимфатического узла**. 

➡️ Методика позволяет повысить точность диагностики онкологических заболеваний и улучшить результаты лечения пациентов.

💡 **Биопсия сигнального лимфатического узла** —малоинвазивная операция, направленная на исследование первого лимфатического узла, через который происходит отток лимфы от опухоли. 

Именно в этом узле с наибольшей вероятностью могут появляться первые метастазы. 

✅ Проведение операции позволяет с высокой точностью определить наличие или отсутствие распространения опухолевого процесса и стадию заболевания.

Одно из ключевых преимуществ биопсии сигнального лимфатического узла — возможность отказа от полного удаления регионарных лимфатических узлов в случаях, когда в сигнальном узле отсутствуют метастазы. 

➡️ Это позволяет значительно снизить риск развития послеоперационных осложнений, включая болевой синдром и ограничения подвижности, а также способствует более быстрому восстановлению пациентов и повышению качества их жизни.

Сейчас на базе онкодиспансера уже запланировано проведение двух операций пациенткам с диагнозом рак молочной железы с использованием данной методики. 

Специалисты прошли необходимую подготовку, а медицинское учреждение оснащено современным оборудованием, позволяющим выполнять вмешательства на высоком уровне.

💬 [Получить MAXимум пользы для здоровья](https://max.ru/minzdrav_ru)

#МедицинаРегионов
#МедицинскаяНаука",3722,15,0,minzdrav_ru
14627,2026-04-18T16:15:40+00:00,"🧍‍♂ **Михаил Мурашко с рабочей поездкой посетил Кабардино-Балкарскую Республику
**
В ходе визита министр здравоохранения РФ Михаил Мурашко ознакомился с работой скоропомощного приемного отделения Республиканской клинической больницы.

__— Идея создания приемных отделений для экстренной помощи в стационаре родилась у нас при подготовке новых национальных проектов по поручению Президента, — отметил министр. — В нацпроекте сегодня предусмотрено создание 99 таких подразделений стационарной скорой помощи. В Кабардино-Балкарии реализован один из первых таких проектов.__

↪️ Пропускная способность нового приемного отделения рассчитана на 150 пациентов в сутки. 

Медучреждение разделено на три основные зоны:
 
▫️ Зеленая зона — для пациентов в стабильном состоянии, способных передвигаться самостоятельно; 
▫️ Желтая зона — для пациентов средней степени тяжести, нуждающихся в динамическом наблюдении; 
▫️ Красная зона — для тяжелых и крайне тяжёлых пациентов, требующих интенсивной терапии.
 
В отделении создана вся необходимая инфраструктура для быстрой диагностики и оказания неотложной помощи. 

✅ Здесь расположены кабинеты УЗИ, эндоскопии, функциональной диагностики, клинико-диагностическая лаборатория, а также рентген-кабинеты и кабинет компьютерной томографии (КТ). 

__— Хочу поблагодарить коллег, они подготовили все помещения, оборудование, выстроили процессы в том числе, информатизацию, использование искусственного интеллекта на этапе оказания медицинской помощи, — сказал Михаил Мурашко.__ 

Он добавил, что технологии, внедренные здесь, реально облегчают оказание экстренной медпомощи.

__— То есть, когда нет времени долго просматривать карту, есть функция с искусственным интеллектом, которая анализирует и выдает цифровой профиль пациента: риски, последние анализы. И когда счёт идет на минуты, секунды при оказании экстренной помощи, это имеет большое значение, — подчеркнул глава Минздрава России. __

➡️ Также Михаил Мурашко оценил работу Городской поликлиники №1 г.о. Нальчика, к которой прикреплено более 79 тыс. человек.

 __— Эта поликлиника открыта с участием Президента РФ. Она тоже демонстрирует собой лучшие практики. Здесь грамотно организованы быстрая маршрутизация, обследования, лабораторные анализы, разделены  зоны для здоровых и инфекционных пациентов, полностью обеспечивается безопасность пациента на всех этапах, — отметил министр.__

📎 5-этажное медучреждение оснащено современным отечественным оборудованием и полностью соответствует всем стандартам оказания медицинской помощи. 

__— Все здесь предусмотрено для оказания помощи, в том числе и отделение реабилитации, хирургии одного дня. Поликлиника включает в себя самые современные методы оказания диагностики, — подчеркнул глава Минздрава России.__

💬 [Получить MAXимум пользы для здоровья](https://max.ru/minzdrav_ru)

#МедицинаРегионов",5480,29,3,minzdrav_ru
14626,2026-04-18T12:04:31+00:00,"🧑🏻‍⚕️ **Воронежские врачи удалили женщине опухоль, занимавшую почти 74% печени**

Пациентка поступила в Воронежский областной научно-клинический онкологический центр с гемангиомой печени — быстро разрастающимся доброкачественным образованием, а также внутренним кровотечением.

➡️ Специалисты не могли удалить опухоль обычным хирургическим путум из-за индивидуальной анатомии сосудов пациентки: сосуды печени отходили не от главного ствола, как у большинства людей, а от артерии, которая питает кишечник. Поэтому врачи приняли решение о проведении малоинвазивной операции.

Через катетеры хирурги ввели в сосуды, питающие гемангиому, эмболизирующий агент — специальный материал для перекрытия кровотока. В данном случае он был нужен для избавления от новообразования. Теперь кровь к опухоли не поступает.

❤️ Операция длилась более двух часов и прошла успешно. По результатам клинико-рентгенологического исследования опухоль оказалась доброкачественной. Сейчас пациентка проходит этап реабилитации.

💬 [Получить MAXимум пользы для здоровья](https://max.ru/minzdrav_ru)

#МедицинаРегионов",2642,5,0,minzdrav_ru
14625,2026-04-17T18:40:15+00:00,"🩺  **Михаил Мурашко: В России практически все препараты для терапии гемофилии — отечественного производства **

Об этом заявил министр здравоохранения РФ Михаил Мурашко журналистам по итогам расширенного заседания коллегии Минздрава России, которое прошло в Национальном центре «Россия».

__— Сегодня день борьбы с гемофилией, и в нашей стране с этим врожденным недугом пациентам предоставляется жизнесохраняющая терапия. Хочу отметить, что практически все препараты производятся в Российской Федерации, — сказал он. __

➡️  Министр отметил, что система здравоохранения стабильно показывает результаты развития как в сохранении и приумножении населения, так и в раннем выявлении и борьбе с тяжелыми заболеваниями.

__— В нашу практику уже сегодня надежно пришли методы молекулярной диагностики, скрининга, органосохраняющих и малоинвазивных операций, — сказал он.__

🔬  Кроме того, в рамках технологического развития отрасли сегодня зарегистрировано большое количество медицинских изделий. 

__— Самые уникальные из них: роботические устройства для хирургии, новые препараты для лечения как орфанных заболеваний, так и тех, которые вызывают наибольший ущерб для здоровья населения, — уточнил Михаил Мурашко.__

Акцент — на внедрение искусственного интеллекта.

__— Здравоохранение — это отрасль, которая в своей практике активно использует медицинские изделия, основанные на искусственном интеллекте, — заключил министр.__

💬 [Получить MAXимум пользы для здоровья](https://max.ru/minzdrav_ru)

#МедицинскаяНаука
#СделаноВРоссии
#БудущееМедицины",3590,13,1,minzdrav_ru
14622,2026-04-17T17:10:20+00:00,"🌐  **Михаил Мурашко: Интеграция систем здравоохранения новых регионов — задача колоссального социально-политического значения**

Об этом сообщил министр здравоохранения РФ Михаил Мурашко на расширенном заседании коллегии Минздрава России «Об итогах работы Минздрава России за 2025 год и задачах на 2026 год» в Национальном центре «Россия».

📝  Министр отметил, что работа по интеграция систем здравоохранения новых регионов в общероссийскую ведется планомерно и по четко утвержденным программам: 

▫️  Все мероприятия должны быть выполнены в полном объеме и в установленные сроки. Это касается как восстановления разрушенной инфраструктуры, так и строительства новых объектов;

▫️  Приведение медицинской помощи к действующим в Российской Федерации стандартам и клиническим рекомендациям;

__— Пациент в Луганске, Донецке, Запорожской или Херсонской областях должен получать лечение ровно так же, как и в другом субъекте Российской Федерации и иметь такой же доступ ко всей федеральной инфраструктуре, — сказал он.__

▫️  Уже завершено внедрение системы ОМС в новых регионах;

▫️  Отдельная задача — развитие информационных технологий в здравоохранении новых регионов.

Михаил Мурашко отметил развитие системы оказания медпомощи ветеранами и участниками СВО.

__— Сегодня эта система работает. По итогам диспансеризации более 131 тыс. ветеранов прошли обследование, из них 54% направлены на второй этап, — добавил Михаил Мурашко.__

Кроме того, за 2025 год ветеранам СВО более 1 млн раз оказали первичную медико-санитарную помощь.

 💬 [Получить MAXимум пользы для здоровья](https://max.ru/minzdrav_ru)

#ЗдоровьеВПриоритете",1863,11,0,minzdrav_ru
14619,2026-04-17T16:10:15+00:00,"💬  **Михаил Мурашко: Здоровое долголетие — самая эффективная инвестиция**

Показатель доли граждан, ведущих здоровый образ жизни в 2025 году превысил плановое значение 2026 года и составил 11,5%. Данные представлены на расширенной коллегии Минздрава России «Об итогах работы Минздрава России за 2025 год и задачах на 2026 год» в Национальном центре «Россия».

К 2030 доля граждан, ведущих здоровый образ жизни, должна составить 13,6%.

Михаил Мурашко отметил важность дальнейшего повышения эффективности мероприятий по мотивированию граждан к ведению здорового образа жизни.

📌  В ходе доклада он сообщил о переходе от разрозненных активностей к инфраструктурной и идеологической основе — Центрам здорового долголетия.

__— Это принципиально новые точки входа в систему. Это место, где человека научат управлять собственным здоровьем, помогут узнать биологический возраст, где он получит персональный трек долголетия, — пояснил глава Минздрава России.__

Он добавил, что работа должна быть выстроена прежде всего с гражданами трудоспособного возраста, которые зачастую забывают подумать о себе, пока ничего не болит.

↪️  Формирование здоровьесберегающей среды по месту жительства, учебы и работы

__— Здоровье нации формируется не в кабинете врача, оно формируется в конкретном доме, дворе, в парке, в семье, — заявил Михаил Мурашко.__

Министр отметил необходимость привлечь муниципальную власть и руководителей предприятий к работе по популяризации ЗОЖ. По его словам, меры оздоровления общества, работающие в столице какого-либо субъекта, должны работать на всей его территории.

📌  Такая системная работа, формирование здоровьесберегающей среды и мотивации граждан позволят уже к 2030 году увеличить число людей, ведущих здоровый образ жизни в 1,5 раза.

__— Работа должна начинаться уже сейчас, потому что здоровое долголетие — это самая рентабельная инвестиция человека в свою жизнь и инвестиция государства в человека, — добавил Михаил Мурашко.__

 💬 [Получить MAXимум пользы для здоровья](https://max.ru/minzdrav_ru)

#ЗдоровьеВПриоритете",2377,19,1,minzdrav_ru
14616,2026-04-17T15:31:24+00:00,"📌 **Михаил Мурашко: Цифровая трансформация пронизывает все задачи, стоящие перед отраслью здравоохранения**

Об этом заявил министр здравоохранения РФ Михаила Мурашко в ходе расширенного заседания коллегии Минздрава России «Об итогах работы Минздрава России за 2025 год и задачах на 2026 год» в Национальном центре «Россия».

__— Цифровизация пронизывает абсолютно все задачи, стоящие перед отраслью. От первичного звена до высокотехнологичной помощи, от кадрового учёта до лекарственного обеспечения — везде цифра становится либо катализатором эффективности, либо барьером при её отсутствии, — дополнил министр. __

➡️ К 2030 году завершится создание единой цифровой платформы по управлению здоровьем.

__— Эта платформа должна агрегировать всю совокупность знаний о пациенте, ресурсах медицинской организации и компетенциях медицинского работника, накопленных в системе здравоохранения, — рассказал Михаил Мурашко. __

➡️ Кроме того, будет сформирован цифровой медицинский профиль гражданина. 

__— Принципиально важно, что доступ к этому профилю будет гарантирован не только медицинским работникам для принятия клинических решений, но и самому пациенту — для повышения его информированности и вовлечённости в заботу о собственном здоровье, — подчеркнул он.__

Отдельно Глава Минздрава России отметил, что в системе здравоохранения меняется подход к работе с данными — уход от бумажного формата к цифровому.

__— С прошлого года уже действуют все формы электронных медицинских документов, утвержденные решением Президиума Правительственной комиссии по цифровому развитию, — подчеркнул он.__

👇 Министр добавил, что сейчас активно расширяется применение медицинских изделий с искусственным интеллектом.

__— Это направление мы будем только усиливать. Но сфера применения ИИ не ограничивается только диагностикой и лечением. Мы обязаны активно внедрять интеллектуальные алгоритмы для решения так называемых немедицинских, сервисных задач: интеллектуальное формирование расписаний, голосовой ввод и расшифровка протоколов, чат-боты для маршрутизации обращений пациентов, — подытожил он. __

💬 [Получить MAXимум пользы для здоровья](https://max.ru/minzdrav_ru)

#БудущееМедицины",1854,17,0,minzdrav_ru
14614,2026-04-17T14:32:09+00:00,"💭 **Михаил Мурашко: 2026 год — второй год реализации новых нацпроектов, от качества работы зависит траектория развития здравоохранения на всю пятилетку
**
Об этом сообщил министр здравоохранения РФ Михаил Мурашко на расширенном заседании коллегии Минздрава России «Об итогах работы Минздрава России за 2025 год и задачах на 2026 год» в Национальном центре ""Россия"".

__— 2026 год — это уже второй год реализации новых национальных проектов. Если прошлый год был посвящен запуску и отладке управленческих механизмов, то сейчас от качества работы зависит траектория развития здравоохранения на всю пятилетку, — подчеркнул Михаил Мурашко.__

📋 Министр обратил внимание на необходимость безусловного выполнения всех запланированных мероприятий.

Он отметил, что параллельно со строительством и закупками необходимо выстраивать прозрачную коммуникацию с населением, активно взаимодействуя со СМИ.

__— Люди должны видеть и понимать, как меняется здравоохранение в их регионе и новые возможности. Эта осведомлённость рождает уверенность — даже у тех, кто редко посещает поликлиники и уверены в своем безупречном здоровье. Но потом случается катастрофа. А уверенность, в свою очередь, формирует доверие к системе и мотивирует граждан обращаться за помощью на ранних, профилактических этапах, не дожидаясь развития заболевания, — подчеркнул Михаил Мурашко.__

📎 Министр заявил, что второй год реализации нацпроектов — год ответственности и ритма.

__— Только слаженная работа всех уровней медицинского сообщества и научного потенциала позволит нам выполнить задачи, поставленные Главой государства, — подытожил министр.__

 💬 [Получить MAXимум пользы для здоровья](https://max.ru/minzdrav_ru)

#ЗдоровьеВПриоритете",4342,16,1,minzdrav_ru
14612,2026-04-17T13:45:29+00:00,"👦 **Михаил Мурашко: Сегодня пролечены все дети с гепатитом С**

Об этом сообщил министр здравоохранения РФ Михаил Мурашко на расширенном заседании коллегии Минздрава России «Об итогах работы Минздрава России за 2025 год и задачах на 2026 год» в Национальном центре «Россия».

📋 Он отметил, что с 2025 года борьба с гепатитом С выделена в отдельный федеральный проект в рамках национального проекта «Продолжительная и активная жизнь».

__— Важное достижение: уже сегодня пролечены все дети с гепатитом С. Они войдут во взрослую жизнь здоровыми. Это наша с вами победа, — сказал министр.__

↪️ Михаил Мурашко подчеркнул, что важно продолжать снижение показателей по туберкулезу.

__— Показатель заболеваемости туберкулезом сегодня ниже исторического минимума, что позволило нам выйти из перечня стран с высоким бременем по заболеванию. Задача двигаться дальше, — сказал он.__

✅ По ВИЧ-инфекции также стоят задачи по снижению заболеваемости при дальнейшем росте охвата медицинским освидетельствованием. 

__— Каждый третий гражданин должен пройти тестирование, особое внимание при этом - на группы риска. Это единственный способ выявить инфекцию на ранней стадии и предотвратить дальнейшее распространение, — сказал глава Минздрава России.__

↪️ Вакцинопрофилактика — современный и безопасный способ предотвратить или облегчить течение множества заболеваний

__— Мы обязаны сохранить высокий уровень охвата населения иммунопрофилактикой в рамках Национального календаря профилактических прививок — не менее 95% от подлежащих иммунизации лиц, — уточнил Михаил Мурашко.__

➡️ Отдельная задача — обеспечение доступности вакцинации вне календаря.

__— Должны быть доступны вакцины против пневмококковой инфекции. Пневмонии по-прежнему остаются грозным заболеванием для пожилых людей и пациентов с хроническими болезнями. Каждая предотвращенная пневмония — это сохраненная жизнь, качество жизни и, конечно, сохранение человеческого ресурса, — сказал министр.__

Кроме того, Михаил Мурашко подчеркнул, что одна из основных биологических угроз современности — антимикробная резистентность.

__— Созданная в России сеть референс-центров, которая проводит мониторинг возникновения и распространения возбудителей инфекционных заболеваний, а также явлений их резистентности — это фундамент системы безопасности, — сказал он.__

📍 Задача для регионов — обеспечить активное взаимодействие всех медицинских организаций с референс-центрами, добавил глава Минздрава России.

__— Каждый случай устойчивости должен быть зафиксирован, проанализирован и учтен. Только так мы сможем выработать эффективные протоколы лечения, — заявил министр.__

💬 [Получить MAXимум пользы для здоровья](https://max.ru/minzdrav_ru)

#ЗдоровьеВПриоритете",2887,30,1,minzdrav_ru
14610,2026-04-17T13:02:22+00:00,"🧍‍♂ **Михаил Мурашко: В 2025 году стартовала новая фаза развития здравоохранения**

Об этом сообщил министр здравоохранения РФ Михаил Мурашко на расширенном заседании коллегии Минздрава России «Об итогах работы Минздрава России за 2025 год и задачах на 2026 год» в Национальном центре «Россия».

__― 2025 год стал первым годом полномасштабной реализации новой фазы развития отрасли, реализации уже новых национальных проектов, ― сказал он.__

Министр отметил, что, опираясь на фундамент завершенных нацпроектов, перед системой здравоохранения ставятся цели еще большего масштаба.

__― Они амбициозны, но абсолютно реализуемы ― потому что за ними стоят уже доказанные результаты и отработанные механизмы, ― подчеркнул Михаил Мурашко.__

Глава Минздрава России напомнил, что в конце прошлого года Президентом РФ подписан Указ № 896, утвердивший Стратегию развития здравоохранения до 2030 года.

__― Это — дорожная карта народопреумножения национального масштаба, интегрированная в систему стратегического планирования и национальной безопасности страны, ― уточнил он.__

Стратегия призвана ответить на наиболее значимые вызовы национальной безопасности в сфере охраны здоровья граждан, такие как:

▫️ Увеличение доли граждан трудоспособного возраста и старше;
▫️ Повышение доступности медицинской помощи и уровня удовлетворенности ею населения;
▫️ Формирование технологического суверенитета.
 
Министр также выделил 15 ключевых задач развития здравоохранения, которые определяют работу всего медицинского сообщества:

📍Четыре из них формируют фундамент — профилактика, сбережение и преумножение народа;
📍Также среди приоритетов: развитие медицинской реабилитации, совершенствование санаторно-курортного лечения, обеспечение биологической безопасности и развитие системы предупреждения угроз;
📍Две задачи касаются совершенствования механизмов финансирования медпомощи и обеспечения развития службы крови;
📍Еще четыре — технологический прорыв и развитие персонализированной медицины, информационные системы с поддержкой принятия врачебных решений на базе искусственного интеллекта;
📍Последняя — полная интеграция исторических регионов в единую систему здравоохранения РФ.

__— Это вопрос не только инфраструктуры, но и равных прав граждан на качественную медицинскую помощь независимо от территории проживания, — подчеркнул глава Минздрава России.__

💬 [Получить MAXимум пользы для здоровья](https://max.ru/minzdrav_ru)

#ЗдоровьеВПриоритете",2935,19,0,minzdrav_ru
14609,2026-04-17T09:03:38+00:00,"💭 **Михаил Мишустин: Правительство России держит на особом контроле вопрос повышения доступности и качества медицинской помощи гражданам по всей стране 
**
Об этом председатель Правительства РФ Михаил Мишустин сообщил в обращении к участникам расширенного заседания коллегии Минздрава России «Об итогах работы Минздрава России за 2025 год и задачах на 2026 год».

__— Приветствую участников и гостей расширенного заседания Коллегии — всех, кто вносит весомый вклад в повышение доступности и качества медицинской помощи гражданам по всей стране. Правительство держит этот вопрос на особом контроле, — сказал он. 
__
🏥 Михаил Мишустин отметил, что отдельное внимание уделяется совершенствованию инфраструктуры здравоохранения.

__— По поручению Президента стартовал национальный проект «Продолжительная и активная жизнь». В рамках него продолжается модернизация первичного звена, оснащение медорганизаций современным оборудованием, — напомнил председатель Правительства РФ.__

Михаил Мишустин подчеркнул, что сегодня в России также:

▫️Растет перечень видов высокотехнологичного лечения, которое граждане могут пройти бесплатно по полису ОМС;
▫️ Совершенствуется система лекарственного обеспечения пациентов;
▫️ Создаются передовые препараты, незаменимые при тяжелых недугах. 

__— Все это стало возможным в том числе благодаря слаженным действиям команды Министерства здравоохранения и медицинского сообщества в целом, — сказал он.__

📋 Председатель Правительства РФ отметил, что сегодня перед государством стоят новые задачи. Ориентиры предстоящей работы
определены Президентом России в Стратегии развития здравоохранения на ближайшие пять лет. 

__— Важно усилить борьбу с социально значимыми заболеваниями, чтобы люди, страдающие ими, получали нужную терапию. Внедрять инновационные методики во врачебную практику. А также формировать медицину здорового долголетия  — для своевременного предупреждения рисков появления патологий. И конечно, надо и дальше делать все необходимое для решения кадрового вопроса в наших больницах и поликлиниках, подготовки востребованных специалистов, — заключил он.__

 💬 [Получить MAXимум пользы для здоровья](https://max.ru/minzdrav_ru)

#ЗдоровьеВПриоритете",3217,24,1,minzdrav_ru
14608,2026-04-17T08:35:36+00:00,"🩺 **Владимир Путин: По итогам прошедшего года мы с уверенностью можем говорить о значимых достижениях современной отечественной медицины**

Об этом Президент России Владимир Путин сообщил в обращении к участникам расширенного заседания коллегии Минздрава России «Об итогах работы Минздрава России за 2025 год и задачах на 2026 год».

__— По итогам прошедшего года мы с уверенностью можем говорить о значимых достижениях современной отечественной медицины, — сказал он.__

Владимир Путин отметил, что в рамках национального проекта «Продолжительная и активная жизнь» по всей стране активно развивается инфраструктура. 

__— В ходе реализации национального проекта «Продолжительная и активная жизнь» во всех регионах страны создаются новые и модернизируются уже существующие медицинские учреждения, в которые поставляется новейшее оборудование и автомобильный транспорт, причём доля отечественной техники составляет порядка 70%, — уточнил он.__

📍 Президент России выделил основные успехи в работе системы здравоохранения за прошедший период:

▫️Медицинская помощь, в том числе высокотехнологичная, становится доступнее и качественнее;
▫️ Совершенствуется лекарственное обеспечение пациентов;
▫️ Проводится востребованная работа по созданию генетических технологий
и моделей персонализированной
медицины, открывающих уникальные возможности для профилактики, диагностики и лечения опасных заболеваний;
▫️Выстроена комплексная система приоритетного оказания медицинской, психологической
помощи и реабилитации участникам и ветеранам СВО и членам их семей;
▫️ Впервые до абсолютного минимума в истории нашей страны снизился показатель младенческой смертности.

__— Такие впечатляющие успехи — во многом результат слаженной, высокопрофессиональной деятельности ученых, практикующих врачей, медицинских сестер, специалистов, их компетентности и опыта, душевной чуткости и готовности всегда прийти на помощь. Хочу искренне поблагодарить представителей отечественного медицинского сообщества за самоотверженный труд и верность своему призванию, — заключил Владимир Путин.

__ 💬 [Получить MAXимум пользы для здоровья](https://max.ru/minzdrav_ru)

#ЗдоровьеВПриоритете",9629,43,1,minzdrav_ru
14605,2026-04-17T06:31:20+00:00,"📋 **Михаил Мурашко: В решении ключевых вопросов социально-трудовых отношений Минздрав России тесно сотрудничает с Профсоюзом работников здравоохранения РФ**

Об этом сообщил министр здравоохранения РФ Михаил Мурашко на IX Съезде Профсоюза работников здравоохранения РФ.

__— Приоритетные направления совместной деятельности Минздрава России и Профсоюза работников здравоохранения РФ: создание благоприятных условий труда, отдыха, реализации личности работников и мероприятия по формированию понятной, прозрачной системы оплаты труда, — сказал он.__

↪️ Министр отметил основные достижения совместной деятельности.

__— Главные результаты совместной работы — это продление Отраслевого соглашения, а также проведения трех зональных совещаний, на которых охвачено шесть федеральных округов. Кроме того, мы вырабатываем единые подходы, в том числе сегодня по дальнейшему совершенствованию оплаты труда, — сказал министр.__

Кроме того, Михаил Мурашко подчеркнул, что сегодня перед Минздравом России и Профсоюзом работников здравоохранения РФ стоит важная задача по разъяснению медицинскому сообществу нововведений, определяющих устойчивость отрасли.

__— В частности, мы вместе должны подготовиться к реализации федерального законодательства, регулирующего наставничество в сфере здравоохранения. И здесь наставничество не должно быть формализмом. И наставник тоже должен чувствовать ответственность за молодого специалиста, — сказал он.__

➡️ Формирование новой архитектуры кадрового суверенитета отрасли 

__— Мы завершаем формирование новой архитектуры кадрового суверенитета отрасли. И здесь произошли в прошлом году совершенно кардинальные изменения в законодательстве, — подчеркнул министр.__

1️⃣ Ограничение дистанционного обучения

— Медицина стала одной из первых отраслей, где законодательно закреплён запрет на полностью дистанционное обучение, потому что мануальные навыки, теоретические навыки — это единое целое медицинской помощи, — уточнил Михаил Мурашко.

2️⃣ Закрепление института наставничества

__— В России появился официально закрепленный институт наставничества, когда молодой врач входит в практику за руку с опытным специалистом, — добавил он.__

📍 Глава Минздрава России подчеркнул, что для поддержки медицинских работников реализуется ряд мер, включая материальную и нематериальную поддержку, программы «Земский доктор» и «Земский фельдшер», а также создание кадровых центров.

📎 Министр отметил, что ключевая задача — выстроить экосистему, в которой медработник чувствует профессиональную востребованность, социальную защищённость, понятные перспективы роста. Для этого реализуется ряд мер по повышению эффективности труда.

 💬 [Получить MAXимум пользы для здоровья](https://max.ru/minzdrav_ru)

#БудущиеВрачи",2991,18,0,minzdrav_ru
14603,2026-04-16T18:01:57+00:00,"💭 **Михаил Мурашко: Сегодня для сельского населения высокотехнологичная помощь стала доступнее в два раза**

Об этом сообщил министр здравоохранения РФ Михаил Мурашко на IX Съезде Профсоюза работников здравоохранения РФ.

↪️ Министр отметил, что в рамках программы госгарантий с этого года начинается широкое внедрение новых высоких технологий в клин ическую практику.

__— Сегодня для сельского населения высокотехнологичная помощь стала доступнее в два раза, — подчеркнул он. — Не менее 70% пациентов во всех федеральных центрах — из регионов. __

📍 Михаил Мурашко уточнил, что приоритетом текущей программы госгарантий является диагностика заболеваний на ранних стадиях.

__— Сегодня в программе госгарантий  приоритет отдан раннему выявлению заболеваний. Это, в первую очередь, такие заболевания, как дислипедемия, атеросклеротические поражения, тромбофилические осложнения, — сказал он.__

Теперь у граждан есть возможность бесплатно по полису ОМС узнать свой уровень ЛП(а) — одного из ключевых факторов злокачественного течения атеросклероза.

📎 Также в программе госгарантий появился подраздел, регламентирующий порядок оказания медицинской помощи отдельным категориям ветеранов боевых действий.

Глава Минздрава России подчеркнул важность обеспечения им и участникам СВО приоритетной помощи.

__— Участники специальной военной операции, ветераны боевых действий заслуживают, чтобы система здравоохранения работала на опережение, учитывая их потребности в реабилитации, высокотехнологичной помощи, — подчеркнул министр.__

Законодательно обеспечен широкий комплекс мер: 

▫️ Оказание помощи во внеочередном порядке;
▫️ Диспансеризация в течение месяца после возвращения ветерана в регион;
▫️ Медицинская реабилитация, в том числе на дому, с обеспечением
медицинскими изделиями;
▫️ Санаторно-курортное лечение в приоритетном порядке;
▫️ Преимущественное право на пребывание в одноместной или
двухместной палате;
▫️ Зубное протезирование и лекарственное обеспечение во внеочередном порядке.

Ещё одно ключевое направление — психологическая поддержка участников СВО. Она доступна в 2,7 тыс. специализированных кабинетах по всей стране.

💬 [Получить MAXимум пользы для здоровья](https://max.ru/minzdrav_ru)

#ЗдоровьеВПриоритете",3361,18,3,minzdrav_ru
14602,2026-04-16T16:40:46+00:00,"👶 **Специалисты Тамбовской области восстановили правильное положение внутренних органов у младенца с тяжелой патологией **

В Перинатальный центр Тамбовской областной детской клинической больницы поступил новорожденный с тяжелым врожденным пороком развития — правосторонней диафрагмальной грыжей, а также недоразвитием правого легкого и правой легочной артерии.

💡 Врожденная диафрагмальная грыжа — дефект развития диафрагмы, при котором нарушается разделение грудной и брюшной полостей. В результате желудок, кишечник, селезенка, печень могут смещаться в грудной отдел, что приводит к серьезным нарушениям работы дыхательной и сердечно-сосудистой систем.

В течение нескольких дней специалисты отделения реанимации новорожденных проводили интенсивную подготовку ребенка к операции, стабилизируя работу сердечно-сосудистой системы и корректируя нарушения свертываемости крови.

🤝 Учитывая тяжесть состояния ребенка, врачи не могли направить его в федеральный центр, поэтому для определения тактики лечения специалисты также консультировались с коллегами из НМИЦ акушерства, гинекологии и перинатологии им. В.И. Кулакова Минздрава России.

➡️ В ходе операции хирурги вернули внутренние органы в анатомически правильное положение и устранили дефект диафрагмы.

❤️ В возрасте 1,5 месяца ребенок начал самостоятельно дышать. Сейчас его вес составляет 3,8 кг. В ближайшее время малыша переведут в отделение патологии новорожденных для дальнейшего лечения и наблюдения.

💬 [Получить MAXимум пользы для здоровья](https://max.ru/minzdrav_ru)

#ЗдоровьеДетей",2299,7,2,minzdrav_ru
14601,2026-04-16T11:02:01+00:00,"🧑‍⚕️ **Врачи Приморского края восстановили пациенту целостность пищевода**
 
Во Владивостокскую клиническую больницу №4 поступил 52-летний мужчина в тяжелом состоянии с жалобами на острую боль в животе и рвоту. Врачей сразу насторожило изменение голоса пациента.

В ходе обследования специалисты диагностировали редкую патологию — спонтанный разрыв пищевода. При этом состоянии спасти пациента можно только в течение 24 часов.

➡️ Врачи приняли решение о проведении экстренной операции. В ходе вмешательства хирурги ушили дефект длиной в 7 см и выполнили малоинвазивную обработку тканей.

__— Сложность случая — в нетипичном расположении дефекта: разрыв затронул наружную часть пищевода и находился в непосредственной близости от жизненно-важных органов – сердца и легких, — рассказал заведующий хирургическим отделением Захар Левин.__

❤️ Операция длилась два часа и прошла успешно. Сейчас мужчина чувствует себя лучше и продолжает лечение в стационаре.

💬 [Получить MAXимум пользы для здоровья](https://max.ru/minzdrav_ru)

#МедицинаРегионов",2575,2,1,minzdrav_ru
14598,2026-04-15T17:20:21+00:00,"🩸 **Михаил Мурашко: В 1,5 раза увеличилось количество трансплантаций гемопоэтических стволовых клеток за последние три года **

Об этом сообщил министр здравоохранения РФ Михаил Мурашко на мероприятии, посвященном 100-летию НМИЦ гематологии Минздрава России.

__— За последние три года количество трансплантаций гемопоэтических стволовых клеток, как аллогенных, так и собственных, увеличилось в полтора раза. На 20% выросло количество пациентов, получающих высокотехнологичные методы лечения, — сказал он.__

➡️  Михаил Мурашко подчеркнул, что НМИЦ гематологии Минздрава России вносит огромный вклад в развитие службы крови и спасение пациентов из разных субъектов нашей страны.

__— 78% пациентов центра приезжают из регионов. Это поистине национальный центр! — сказал министр.__

🏥  Также глава Минздрава России отметил, что центр по праву занимает позицию ведущего учреждения страны. Во время пандемии COVID-19 в НМИЦ гематологии Минздрава России была выстроена уникальная система эпидемиологической безопасности для пациентов. 

__— Во время пандемии центр обеспечил настолько высокий уровень безопасности для своих очень чувствительных к инфекциям пациентов, что не допустил ни одного внутрибольничного заражения. И это была уникальная система, которая позволила пройти пациентам курсы лечения, не приостанавливая ни на один день терапию, — сказал он.__

Кроме того, сотрудники НМИЦ гематологии Минздрава России в числе первых присоединились к оказанию помощи пациентам в новых субъектах РФ.

__— Сотрудники центра одними из первых присоединились к оказанию помощи в новых субъектах Российской Федерации, отбору больных, сопровождению пациентов, — сказал министр.__

📎  Сегодня центр — уникальная научная площадка: здесь создаются и внедряются передовые медицинские технологии, включая трансплантацию стволовых клеток и клеточную терапию, а также разработан первый отечественный CAR-T-клеточный препарат для лечения злокачественных заболеваний крови.

Отдельно министр подчеркнул важность социального проекта НМИЦ гематологии Минздрава России — «Я буду жить!», который призван помочь тем, кто борется с заболеваниями крови, и укрепить их веру в выздоровление.

🏅  В ходе мероприятия глава Минздрава России вручил государственные и ведомственные награды сотрудникам центра.

💬 [Получить MAXимум пользы для здоровья](https://max.ru/minzdrav_ru)

#СетьНМИЦев
#ЗдоровьеВПриоритете",3129,20,2,minzdrav_ru
14597,2026-04-15T17:01:34+00:00,"🚁 **Более 100 пациентов эвакуировала Пермская санавиация с начала 2026 года **

Всего с начала 2026 года служба выполнила 466 выездов, включая вылеты, эвакуировали 318 пациентов. Также специалистами службы санавиации проведено 123 операции на месте.

__— Благодаря усовершенствованию алгоритма приёма и передачи вызовов нам удалось выстроить оптимальную схему оповещения специалистов на каждом этапе оказания помощи: в медицинской организации, где находится пациент; бригаде (даже если она в этот момент в воздухе); приёмному отделению стационара, куда доставляют пациента, — рассказал заведующий отделением экстренной консультативной скорой медицинской помощи Пермской краевой клинической больницы Алексей Степанов.__

Преимущественно воздушным транспортом доставляют людей с острым инфарктом миокарда, акушерско-гинекологической патологией, а также пострадавших в чрезвычайных ситуациях и дорожно-транспортных происшествиях.

__— Сохраняется устойчивая тенденция к увеличению числа острых инфарктов миокарда. Такие пациенты должны быть эвакуированы в региональные сосудистые центры в первые сутки для оказания высокотехнологичной медицинской помощи. Этот показатель у нас достигает 98%, — добавил Алексей Степанов.__

💡 Оказание помощи с применением санавиации имеет много преимуществ: скорость, безопасность и возможность оказания на борту специализированной медицинской помощи.

💬 [Получить MAXимум пользы для здоровья](https://max.ru/minzdrav_ru)

#МедицинаРегионов",2108,8,0,minzdrav_ru
14596,2026-04-15T15:03:41+00:00,"Сегодня среда, а значит... #НаучнаяСреда

👩‍⚕️ **Специалисты Сеченовского университета Минздрава России разработали и внедрили новый метод исследования репродуктивного здоровья у женщин**

Ученые Сеченовского центра материнства и детства Минздрава России внедрили в практику новый метод диагностики проходимости маточных труб — УЗИ с аутоконтрастом на основе вспененной плазмы крови пациентки.

💡 Проверка проходимости маточных (фаллопиевых) труб — диагностическая процедура, которая позволяет выявить препятствия для зачатия и причины нарушения репродуктивной функции.

При традиционном рентгене контрастный раствор вводили в матку быстро и под давлением — эта процедура доставляла дискомфорт, а йод в его составе мог вызвать аллергию. Альтернативный метод исследования — лапароскопия, которая требовала наркоза и хирургических проколов в животе.

📌 Согласно новой методике, врачи применяют «родную» для организма пациентки субстанцию — ее собственную кровь. Из нее выделяют плазму и смешивают с физраствором, это исключает риск аллергии. 

Более того, вспененная плазма работает как лечебный раствор. Она снимает хроническое воспаление и создает благоприятные условия для зачатия. 
__
— К нам приходят девушки, заранее напуганные рассказами о боли во время проверки проходимости. И когда я говорю, что процедура уже завершена, а они ничего не почувствовали, их изумлению нет предела, — отметил заведующий отделением ультразвуковой диагностики Сеченовского центра материнства и детства Дмитрий Белоусов.__

💬 [Получить MAXимум пользы для здоровья](https://max.ru/minzdrav_ru)

#СделаноВРоссии",2383,8,0,minzdrav_ru
14595,2026-04-15T10:30:57+00:00,"🩺 **Врачи Чувашии провели малоинвазивную операцию по удалению новообразования у 88-летней пациентки**

Женщина поступила в Городскую клиническую больницу №1 г. Чебоксары с жалобами на боли в нижней части живота, которые беспокоили ее на протяжении шести месяцев. 

➡️ В ходе проведенного комплексного обследования врачи выявили новообразование яичника диаметром 5 см.

Специалисты приняли решение о проведении малоинвазивного вмешательства — лапароскопии: через небольшие проколы они полностью удалили опухоль. 

__— Любое образование в яичниках, вне зависимости от его размера, является показанием к хирургическому лечению. В данном случае ситуация осложнялась возрастом пациентки, однако применение современных лапароскопических методик позволило нам провести вмешательство с минимальной травматизацией, — отметила заведующая гинекологическим отделением Ирина Едифанова.__

❤️ Операция прошла успешно. Последующее гистологическое исследование подтвердило доброкачественный характер новообразования.

Сейчас женщина чувствует себя хорошо, ее выписали домой под амбулаторное наблюдение.  

💬 [Получить MAXимум пользы для здоровья](https://max.ru/minzdrav_ru)

#МедицинаРегионов",2443,9,1,minzdrav_ru
14594,2026-04-15T06:01:11+00:00,"📲 **#ПростыеПравила****: Как частый просмотр коротких видео влияет на ментальное здоровье **

Об этом рассказал старший научный сотрудник отдела психопрофилактики НМИЦ психиатрии и наркологии им. В.П. Сербского Минздрава России Иван Розанов.

🧐 Современные соцсети с короткими динамичными видео создают среду, в которой информация сменяется очень быстро, одна картинка — за другой, без пауз.

Мозг привыкает к такому ритму и начинает ждать мгновенного «вознаграждения». В результате человеку все труднее сосредотачиваться на задачах, требующих времени. И особенно сильно это проявляется у подростков — их нервная система еще активно развивается.

⚠️ Последствия для психического здоровья:

▫️ снижается усидчивость, падает продуктивность и успеваемость;
▫️ формируется феномен «поверхностного усвоения»: вы помните эмоцию, но не то, чем она вызвана;
▫️ возникает эффект «эмоциональных американских горок»: повышается раздражительность, стабилизировать настроение все труднее;
▫️ в реальном общении становится сложнее распознавать эмоции собеседника и держать зрительный контакт.

📌 Особенно вредно просматривать динамический контент перед сном. Синий свет экранов подавляет мелатонин (гормон сна), а возбуждение от видео вызывает хронический недосып.

__— Осознанное отношение к потреблению контента, регулярные «цифровые паузы» и развитие навыков познания способны смягчить потенциальные негативные эффекты и сохранить преимущества, которые социальные технологии предоставляют для общения, обучения и самовыражения, — добавил эксперт.__

О полезных привычках смотрите на сайте ➡️ [ТакЗдорово](https://www.takzdorovo.ru/)

💬 [Получить MAXимум пользы для здоровья](https://max.ru/minzdrav_ru)",17915,105,27,minzdrav_ru
14593,2026-04-14T17:05:39+00:00,"🚑 **Более 1,7 тыс. консультаций провели специалисты выездных медицинских бригад Республики Бурятия с начала года **

В регионе на базе Республиканской клинической больницы им. Н.А. Семашко и Детской республиканской клинической больницы функционируют центры мобильных бригад для консультации жителей отдаленных населенных пунктов, включая выезды в медицинские организации и на дом к маломобильным пациентам.

➡️ С начала года врачи совершили пять выездов: три — для взрослого населения и два — для детей. В состав мобильных бригад вошли узкопрофильные специалисты, в том числе кардиолог, офтальмолог, невролог, гастроэнтеролог, хирург и другие. 

Врачи провели более 1,2 тыс. консультаций взрослого населения. Детские бригады осмотрели свыше 500 детей и выполнили более 100 диагностических обследований.
 
📋 По результатам выездов врачи дали пациентам рекомендации по терапии и корректировке лечения, а также по показаниями направили их на дополнительное обследование или госпитализацию.
 
Отметим, что до конца 2026 года запланированы выезды в 16 районов Бурятии.

💬 [Получить MAXимум пользы для здоровья](https://max.ru/minzdrav_ru)
 
#МедицинаРегионов",2842,5,11,minzdrav_ru
14591,2026-04-14T14:34:04+00:00,"📋 **Виктор Фисенко принял участие в заседании Общественного совета при Минздраве России**

В ходе мероприятия участники обсудили отчет о работе министерства в 2025 году и задачи на 2026 год.

Первый заместитель министра Виктор Фисенко отметил, что в 2025 году проделана масштабная и системная работа по развитию инфраструктуры первичного звена здравоохранения.

__— Создано более 1,3 тыс. объектов первичного звена здравоохранения, проведен капитальный ремонт более 1,9 тыс. зданий медорганизаций, приобретено более 46,8 тыс. ед. медоборудования и более 3,2 тыс. ед. автомобильного транспорта, — сказал он.__

↪️ Реализация федеральных проектов в сфере здравоохранения

Первый замминистра сообщил, что в рамках проекта по борьбе с сердечно-сосудистыми заболеваниями обеспечено лекарственными препаратами 1,1 млн пациентов, перенесших сосудистые события. 

__— Больничная летальность при инфаркте миокарда снизилась на 4,1%, при остром нарушении мозгового кровообращения — на 3,8%, — добавил он.__

↪️ Охрана материнства и детства — в числе приоритетов

Первый замминистра подчеркнул, что особое место среди приоритетных направлений занимает охрана материнства и детства.

__— Расширенный неонатальный скрининг проведен более 1,1 млн детей, у 661 ребенка выявлены врожденные и наследственные заболевания, все дети получают лечение. Фонд «Круг добра» обеспечивает более 30 тыс. человек по 110 заболеваниям, — сказал он.__

Также он обозначил, что за 2025 год:

📍 оснащены 93 перинатальных центра и родильных дома, создано 236 новых женских консультаций;
📍 почти 64 тыс. детей и более 77 тыс. беременных женщин обеспечены системами непрерывного мониторинга глюкозы.

➡️ Развивается инфраструктура профилактики: организован 31 Центр здоровья для взрослых, 264 центра здоровья для взрослых оснащены оборудованием для выявления и коррекции факторов риска развития хронических неинфекционных заболеваний.

💬 [Получить MAXимум пользы для здоровья](https://max.ru/minzdrav_ru)

#ЗдоровьеВПриоритете
#Модернизация",2393,4,5,minzdrav_ru
14588,2026-04-14T11:04:44+00:00,"🧑🏻‍⚕️ **Врачи федерального центра Минздрава России удалили пациентке опухоль спинного мозга, которая нарушала двигательную функцию ног**

50-летняя женщина заметила, что ей стало труднее ходить: появилась тяжесть и онемение в ногах, сначала по утрам, а затем и в течение всего дня. После комплексного обследования по месту жительства пациентку госпитализации в Новосибирскую городскую клиническую больницу №1. Врачи выявили объемное образование в шейно-грудном отделе спинного мозга.

↪️ Женщину направили в Новосибирский НИИ травматологии и ортопедии им. Я.Л. Цивьяна Минздрава России. 

Новообразование располагалось спереди спинного мозга, что осложняло его хирургическое удаление.

Для минимизации рисков вмешательство проводилось с применением нейромониторинга — системы, позволяющей в режиме реального времени отслеживать функциональное состояние нервной системы и контролировать безопасность хирургических манипуляций.

❤️ Операция прошла успешно. Гистологическое исследование подтвердило, что образование — менингиома — доброкачественная опухоль. Сейчас пациентка чувствует себя хорошо, двигательные функции ног восстановлены. 

💬 [Получить MAXимум пользы для здоровья](https://max.ru/minzdrav_ru)

#СетьНМИЦев",2080,8,0,minzdrav_ru
14586,2026-04-14T06:03:13+00:00,"🤝  **Михаил Мурашко: Российский Красный Крест — ключевой общественный партнер Минздрава России в гуманитарных программах**

Министр здравоохранения РФ Михаил Мурашко выступил на XVIII съезде Общероссийской общественной организации «Российский Красный Крест».

__— Сегодня здесь находятся наши единомышленники и те, с кем мы вместе реализуем гуманитарные программы, касающиеся медицинской помощи и социальных задач. Хочу отметить, что Российский Красный Крест — наш ключевой общественный партнер, — сказал он.__

➡️  Министр отметил, что сотрудничество Красного Креста и медицинского сообщества — историческая традиция. 

__— К этому движению всегда примыкали и возглавляли его ведущие российские медики, — сказал Михаил Мурашко. __

Министр добавил, что традиция сотрудничества продолжается, и государство оказывает общественной организации постоянную поддержку на законодательном уровне.

__— Сегодня традиция продолжается, и государство поддерживает организацию на законодательном уровне, в том числе в вопросах финансирования. Ежегодно Правительство выделяет Красному Кресту более 500 млн рублей, — уточнил глава Минздрава России.__

📋 Он отметил вклад Российского Красного Креста в ключевые направления работы системы здравоохранения.

__— Хочу отметить ваш огромный вклад и в пропаганду донорства, борьбу с ВИЧ-инфекцией, оказание первичной медицинской помощи при чрезвычайных ситуациях. Важным направлением является помощь на дорогах, где мы ежегодно теряем почти 14 тыс. жизней. Сегодня здесь отмечается положительная динамика по снижению количества погибших на дорогах, — уточнил Михаил Мурашко.__

🏥  Министр также отметил совместный проект общественной организации и Минздрава России —  Госпиталь Российского красного креста им. Деджезмача Балчи в Аддис-Абебе — первое российское многопрофильное медицинское учреждение в Африке. Он основан в 1947 году и на протяжении почти 80 лет оказывает медицинскую помощь жителям Эфиопии. 
__
— Мы укрепляем его финансовую и материально-техническую базу.  Надеюсь, что и дальше этот госпиталь будет опорой для продвижения идей Российского Красного Креста, — заключил глава Минздрава России.__

💬 [Получить MAXимум пользы для здоровья](https://max.ru/minzdrav_ru)

#ЗдоровьеВПриоритете",3100,15,2,minzdrav_ru
14585,2026-04-14T06:01:09+00:00,"👨🏻‍⚕️ **Хирурги Забайкальского края внедрили малоинвазивный метод лечения щитовидной железы**

Длительное время в Забайкальском крае стандартным подходом к лечению щитовидной железы являлась открытая операция с поперечным разрезом на шее. Несмотря на высокую эффективность, после подобного вмешательства оставались видимые послеоперационные рубцы.

➡️ В настоящее время врачи Забайкальского краевого онкологического диспансера внедрили в практику малотравматичный метод — операции по удалению новообразований щитовидной железы проводятся через небольшие проколы (около 1 см), расположенные в естественной складке подмышечной области. Ранее инструменты вводились через разрез длиной от четырех до шести сантиметров на шее.

Использование современного оборудования обеспечивает визуализацию даже мельчайших анатомических структур, что способствует повышению точности и безопасности вмешательства. Данный метод позволяет сохранить нормальную подвижность шеи, уменьшить болевой синдром, а также значительно сократить сроки реабилитации пациента.

👉 Врачи Забайкальского краевого онкологического диспансера уже успешно провели операцию женщине с опухолью щитовидной железы. Хирурги удалили пораженную часть без видимых послеоперационных рубцов на передней поверхности шеи.

Внедрение малотравматичного метода стало новым этапом в развитии эстетической онкоэндокринной хирургии в регионе, что повышает качество оказания медицинской помощи местным жителям.

💬 [Получить MAXимум пользы для здоровья](https://max.ru/minzdrav_ru)

#МедицинаРегионов",15850,14,0,minzdrav_ru
14581,2026-04-13T13:31:44+00:00,"🏥 **В Республике Башкортостан открылась новая детская поликлиника**

Пятиэтажное здание общей площадью более 4 тыс. кв. м начало работу в селе Аскарово, которое находится примерно в 347 км от Уфы.

В медучреждении, оснащенном современным оборудованием, созданы все условия для обследования, диагностики и оказания своевременной помощи детям.

➡️ Прием организован на 14 педиатрических участках. Плановая мощность поликлиники рассчитана на 150 посещений в смену. 

В медучреждении работают кабинеты узкопрофильных специалистов, включая невролога, кардиолога, офтальмолога, стоматолога, оториноларинголога, детского хирурга. 

Кроме того, в поликлинике организованы:

▫️ пункты неотложной помощи;
▫️ отделение восстановительного лечения;
▫️ зал ЛФК;
▫️ кабинеты физиотерапии, массажа, электрокардиографии, ультразвукового исследования;
▫️ современная лаборатория.

📎 Отметим, что теперь более 10 тыс. детей смогут получать квалифицированную медицинскую помощь в новом здании.

💬 [Получить MAXимум пользы для здоровья](https://max.ru/minzdrav_ru)

#Модернизация",2349,4,3,minzdrav_ru
14580,2026-04-13T11:05:29+00:00,"🪖 **24 апреля состоится международный «Диктант Победы»**

[«Диктант Победы»](https://max.ru/dictation_of_victory) — это масштабная международная историческая акция, которая поможет проверить свои знания о Великой Отечественной войне. 

↪️ Участникам необходимо ответить за 45 минут на 25 вопросов, охватывающих ключевые события, героев и даты.

Главная тема акции в 2026 году — 130-летие со дня рождения советского полководца Георгия Жукова.

Международный исторический диктант по событиям Великой Отечественной войны 1941-1945 гг. пройдет очно и онлайн. 

📎 Посмотреть список площадок и зарегистрироваться для прохождения теста онлайн можно на [официальном сайте.](https://xn--80achcepozjj4ac6j.xn--p1ai/)

📍 Проверить свои знания могут все желающие любого возраста.

Федеральные победители Диктанта получат приглашение на Парад Победы 9 мая. Кроме того, абитуриенты, набравшие максимальное количество баллов, смогут получить диплом финалиста, который дает преимущества при поступлении в вузы.

💡 Отметим, что с каждым годом акция собирает все большее количество участников по всему миру: только в 2025 г. в «Диктанте Победы» 2,75 млн человек из 97 стран проверили свои знания о событиях и героях Великой Отечественной войны.

💬 [Получить MAXимум пользы для здоровья](https://max.ru/minzdrav_ru)",5450,41,1,minzdrav_ru
14579,2026-04-13T06:00:19+00:00,"👨‍⚕️ **Врачи Тюменской области спасли 91-летнюю пациентку с разрывом аневризмы аорты**

В Областную больницу №4 г. Ишима доставили женщину с острой болью в животе и спине.

➡️ В ходе обследования врачи выявили разрыв аневризмы брюшного отдела аорты, осложненный массивным внутренним кровотечением.

Срдечно-сосудистые хирурги Областной клинической больницы № 1 г. Тюмень проконсультировали врачей из Ишмы. Затем специалисты совместо приняли решение о протезировании поврежденного участка аорты.

📎 Врачи успешно прооперировали пациентку, несмотря на высокий риск осложнений, обусловленный сопутствующей патологией.

__— Командная работа и преемственность между медицинскими учреждениями региона позволили спасти жизнь пациентке, несмотря на крайне неблагоприятный прогноз, — отметил сердечно-сосудистый хирург Областной больницы №4 г. Ишима Мансур Косимов.__

❤️ Сейчас пациентка чувствует себя хорошо и готовится к выписке. Дальнейшее наблюдение будет проходить амбулаторно по месту жительства.

💬 [Получить MAXимум пользы для здоровья](https://max.ru/minzdrav_ru)

#МедицинаРегионов",3414,12,3,minzdrav_ru
14575,2026-04-12T13:04:21+00:00,"🚀  **#ПростыеПравила****: Почему не обязательно лететь в космос, чтобы чувствовать себя на высоте**

Чтобы стать космонавтом, нужно пройти серьезный отбор, в том числе по состоянию здоровья — физического и психологического.

❤️  **Что важно для «космического» здоровья:**

▫️  полноценный сон;
▫️  сбалансированное питание (добавление в рацион фруктов и овощей, отказ от фастфуда);
▫️  регулярная двигательная активность;
▫️  отказ от алкоголя и курения.

🖼 Подробные советы смотрите в наших карточках. Этими правилами могут пользоваться люди любого возраста и уровня подготовки.

О полезных привычках смотрите на сайте ➡️ [ТакЗдорово](https://www.takzdorovo.ru/)

**12 апреля — День космонавтики **

💬 [Получить MAXимум пользы для здоровья](https://max.ru/minzdrav_ru)",6051,24,3,minzdrav_ru
14568,2026-04-11T15:04:09+00:00,"👪** ****#ПростыеПравила****: Как поддерживать близких с болезнью Паркинсона? 
**
Об этом рассказала рассказала невролог Российского геронтологического научно-клинического центра Пироговского университета Минздрава России Надежда Дудченко.

__— Болезнь Паркинсона не отменяет нормальную жизнь, она меняет ее организацию, — отметила эксперт.__

💡  Надежда Дудченко подчеркнула, что современные методы терапии и реабилитации позволяют сохранять активность десятилетиями. 

__— Но ни одна технология не работает без среды принятия и грамотной поддержки, — сказала она.__

Подробные советы для людей, ухаживающих за близкими с болезнью Паркинсона, смотрите в наших карточках ⬆️ 

О полезных привычках смотрите на сайте ➡️ [ТакЗдорово](https://www.takzdorovo.ru/)

**11 апреля — Всемирный день борьбы с болезнью Паркинсона**

💬 [Получить MAXимум пользы для здоровья](https://max.ru/minzdrav_ru)",3232,21,15,minzdrav_ru
14565,2026-04-11T13:00:32+00:00,"🔬 **В Челябинской области в онкоцентре внедрили систему для изготовления индивидуальных лекарственных препаратов**

В Челябинском областном клиническом центре онкологии и ядерной медицины внедрили автоматическую систему для точного дозирования цитостатиков. Это противоопухолевые лекарства, которые используются при лечении онкологических заболеваний. 

Цитостатики поступают в больницу в виде концентрированного раствора или порошка. С помощью специального аппарата — компаундера — из них готовят раствор для инъекций, а состав подбирают индивидуально для каждого пациента.

__— Цитостатики токсичны не только для опухолевых, но и для здоровых клеток, а подготовка препаратов к последующему введению требует использования стерильных боксов. Централизация процесса в отдельном подразделении и внедрение роботизированной системы позволяют обеспечить высокое качество приготовления лекарственных препаратов и снизить риски для медперсонала, — рассказала заведующая отделением централизованного разведения противоопухолевых лекарственных препаратов Ангелина Тюпина.
__
👉 Автоматизированные комплексы подобного типа уже успешно работают в ведущих онкологических центрах России. Благодаря цифровизации и многоуровневому контролю назначений новая система повышает безопасность лечения и делает медицинскую помощь более доступной.

💬 [Получить MAXимум пользы для здоровья](https://max.ru/minzdrav_ru)

#МедицинаРегионов",2152,8,0,minzdrav_ru
14558,2026-04-11T06:01:09+00:00,"🐣 #**ПростыеПравила****: Как отпраздновать Пасху без вреда для здоровья**

Об этом рассказала заместитель главного врача КДЦ НМИЦ терапии и профилактической медицины Минздрава России по клинико-экспертной работе Елена Игнатикова.

__— Лучшее время для приема праздничной пищи — утром после пробуждения или днем, — подчеркнула эксперт.__

Подробнее о полезном праздничном столе — смотрите в наших карточках 📌

О полезных привычках смотрите на сайте ➡️ [ТакЗдорово](https://www.takzdorovo.ru/)

💬 [Получить MAXимум пользы для здоровья](https://max.ru/minzdrav_ru)",7779,44,2,minzdrav_ru
14557,2026-04-10T16:31:41+00:00,"👶 **Врачи Самарской области восстановили дыхание и сохранили зрение новорожденному с массой тела 680 граммов**

На 25 неделе беременности женщина поступила в Перинатальный центр Самарской областной клинической больницы им. В.Д. Середавина с высоким давлением, сильной тошнотой, головокружением и двоением в глазах. 

💡 У пациентки диагностировали раннюю тяжелую преэклампсию — одно из наиболее опасных осложнений при беременности, связанное с резким повышением артериального давления и уровня белка в моче. 

Врачи приняли решение о срочном родоразрешении. Девочка появилась на свет на сроке 25 недель и 6 дней с экстремально низкой массой тела. Сразу после ее перевели в отделение реанимации новорожденных.
 
➡️ Девочка не могла самостоятельно дышать и находилась на искусственной вентиляции легких.
 
__— Такие дети требуют длительного и поэтапного выхаживания. Основные сложности — незрелость дыхательной системы и проблемы с усвоением питания. Мы буквально шаг за шагом учим их жить: дышать, есть, набирать вес, — рассказала заведующая отделением патологии новорожденных и недоношенных детей Елена Тюрина.__

💡 У ребенка также диагностировали ретинопатию недоношенных — сосудистое заболевание сетчатки, которое могло привести к слепоте. 

Для лечения патологии врачи применили современные методы, включая введение препаратов, которые помогают сохранить зрение и способствуют правильному развитию сосудов сетчатки.

🩺 Девочка почти три месяца провела под круглосуточным наблюдением специалистов. 
 
Постепенно состояние ребенка стабилизировалось. Она научилась самостоятельно дышать, начала набирать вес. 

❤️ Сейчас мама и девочка чувствуют себя хорошо, их жизни ничего не угрожает. Ребенка выписали домой с весом 2,2 кг.

💬 [Получить MAXимум пользы для здоровья](https://max.ru/minzdrav_ru)

#ЗдоровьеДетей
#МедицинаРегионов",17478,18,0,minzdrav_ru
14556,2026-04-10T13:03:24+00:00,"🩺 **Михаил Мурашко: Сокращение сроков от диагноза до лечения, улучшение маршрутизации и внедрение телемедицины позволяют своевременно помогать пациентам и спасать жизни**

Об этом заявил министр здравоохранения РФ Михаил Мурашко, обращаясь к участникам XIV Съезда онкологов России с международным участием «Диалог поколений».

➡️ Он подчеркнул важность раннего выявления онкозаболеваний, эффективной маршрутизации таких пациентов и безотлагательного проведения лечения с дальнейшим диспансерным наблюдением.

__— Сокращение сроков от постановки диагноза до начала лечения, совершенствование маршрутизации, широкое внедрение телемедицинских технологий — все это позволит своевременно оказывать помощь и спасать жизни наших граждан, — сказал глава Минздрава России.__

📍 Михаил Мурашко напомнил, что сегодня положительные изменения в онкологической службе сохраняются и приумножаются в рамках нацпроекта «Продолжительная и активная жизнь». 

__— Так, доля пациентов, живущих пять и более лет с момента установления диагноза, увеличилась почти на 8%. Это интегральный показатель, отражающий эффективность работы всей онкологической службы, — уточнил глава Минздрава России.__

➡️ Кроме того, доля злокачественных новообразований, выявленных на ранних стадиях, выросла на 5%. 

__— Эти результаты — заслуга слаженной, самоотверженной работы всего медицинского сообщества, сплотившегося в борьбе за жизнь каждого пациента с онкологическим заболеванием, — добавил министр.__

📋 Также с 2025 года запущена масштабная программа обновления радиологической инфраструктуры, уточнил Михаил Мурашко.

__— В 30 федеральных центрах введено в строй 275 единиц нового оборудования, в том числе это позволило повысить доступность высокоточной диагностики и расширить возможности лечения, — сказал он. __

🏥 В этом году современным радиологическим оборудованием будут оснащены 42 структурных подразделения в 36 субъектах РФ. 

__— К концу 2030 года однофотонная сцинтиграфия станет доступна в 80 регионах, двухфотонная томография — в 40, а парк циклотронов пополнится до 17 новых установок. Это позволит создать сеть центров радионуклидной диагностики и терапии и кардинально улучшить доступность высокотехнологичной помощи для пациентов по всей стране, — добавил глава Минздрава России.__

✅ Кроме того, продолжается расширение линейки отечественных препаратов, как радиофармпрепаратов, так и иной структуры. 

__— Надежные производственно-логистические цепочки, которые будут выстроены, требуют, в том числе высококвалифицированных специалистов, — отметил министр.__

Он подчеркнул, что современные технологии меняют и заметно улучшают помощь для онкологических, онкогематологических пациентов. 

➡️ Так, перечень ВМП ежегодно пополняется инновационными методами, в том числе с применением искусственного интеллекта при маммографии, рентгенографии, флюорографии и компьютерной томографии органов грудной клетки, колоноскопии и многое другое.

Кроме того, министр напомнил, что по решению председателя Правительства России Михаила Мишустина программа госгарантий пополнилась новыми прорывными методами лечения с применением персонализированных онковакцин и клеточных технологий. 

__— Это позволит нам обеспечить индивидуальный подход к лечению злокачественных новообразований и сделать высокотехнологичную медицинскую помощь доступнее. И мы быстрее внедряем инновации, — заключил Михаил Мурашко.__

💬 [Получить MAXимум пользы для здоровья](https://max.ru/minzdrav_ru)

#ЗдоровьеВПриоритете",3271,12,1,minzdrav_ru
14555,2026-04-10T10:32:32+00:00,"🫀 **Врачи восстановили нормальную работу сердца пациенту с опасным нарушением ритма **

Мужчина поступил в Первую республиканскую клиническую больницу Удмуртии с желудочковой тахикардией, при которой частота сердечных сокращений превышала 200 ударов в минуту.

💡 Желудочковая тахикардия — учащенный ритм (более 100 в минуту), который может привести к остановке сердца.

Желудочек сердца отвечает за выброс крови в аорту, обеспечивает полноценный кровоток и уровень артериального давления. Во время приступа желудочковой тахикардии нарушается процесс кровоснабжения жизненно важных органов, что угрожает жизни пациента.

➡️ Специалисты медучреждения провели телемедицинскую консультацию с коллегами из Федерального центра сердечно-сосудистой хирургии им. С.Г. Суханова Минздрава России (г. Пермь).

Консилиум врачей принял решение о транспортировке пациента в федеральный центр Минздрава России и установке мужчине кардиовертера-дефибриллятора. 

__— Для этого надо было оперативно и максимально щадяще доставить пациента в Пермь, поэтому мы выбрали авиационный транспорт. На реанимобиле этот путь занял бы 4 часа, — пояснил заведующий Республиканским центром экстренной медицинской помощи Удмуртии Андрей Багаутдинов.__

🚁 Служба санавиации доставила пациента в Федеральный центр сердечно-сосудистой хирургии им. С.Г. Суханова Минздрава России (г. Пермь).

Специалисты медучреждения провели операцию и имплантировали мужчине кардиовертер-дефибриллятор: устройство будет постоянно отслеживать сердечную деятельность и при возникновении жизнеугрожающих аритмий распознавать их и купировать.

❤️ Сейчас пациент чувствует себя хорошо. Врачи восстановили мужчине нормальную работу сердца. На шестые сутки после операции его выписали домой.

💬 [Получить MAXимум пользы для здоровья](https://max.ru/minzdrav_ru)

#МедицинаРегионов",2206,3,1,minzdrav_ru
14553,2026-04-10T06:03:30+00:00,"🧑🏻‍⚕️ **Врачи федерального центра Минздрава России восстановили целостность кишечника 6-летнему мальчику, который проглотил магниты**

Ребенок проглотил магнитные шарики, которые повредили стенки кишечника. По месту жительства мальчику экстренно провели операцию по удалению инородных предметов, но ему требовалось дополнительное хирургическое вмешательство по реконструкции пораженных участков органа. Ситуация осложнялась кишечной непроходимостью, некрозом участков кишки и воспалением брюшной полости.

➡️ Врачи провели телемедицинскую консультацию со специалистами НМИЦ здоровья детей Минздрава России и приняли решение о направлении мальчика в федеральный центр для дальнейшего лечения.

Ребенка госпитализировали в отделение реанимации и интенсивной терапии, где провели противоинфекционную терапию и комплексное обследование.

👤 После обследования хирурги выполнили реконструктивную операцию: удалили пораженные участки кишки, устранили патологические свищи (отверстия между кишечником и другими тканями) и восстановили целостность желудочно-кишечного тракта.

❤️ Сейчас ребенок чувствует себя хорошо. Его жизни больше ничего не угрожает. 

💬 [Получить MAXимум пользы для здоровья](https://max.ru/minzdrav_ru)

#СетьНМИЦев",2502,6,1,minzdrav_ru
14548,2026-04-09T16:03:04+00:00,"🏥 **В Оренбурге открылась новая модульная поликлиника **

Начала работу новая модульная поликлиника Оренбургской областной больницы № 2. К медучреждению прикреплено более 13 тыс. жителей. 

➡️ В медучреждении работают специалисты разных профилей, в том числе:

▫️ участковые терапевты;
▫️ лоры;
▫️ эндокринолог;
▫️ офтальмолог;
▫️ уролог;
▫️ дерматолог;
▫️ хирург.

Также в поликлинике предусмотрены доврачебный, смотровой, процедурный и прививочный кабинеты.

📎 Новое здание соответствует современным стандартам и обеспечивает комфортные условия для пребывания пациентов. Входная группа и помещения адаптированы для маломобильных граждан.

Открытие новой модульной поликлиники в рамках национального проекта «Продолжительная и активная жизнь» повысит качество и доступность оказания медицинской помощи в регионе.

💬 [Получить MAXимум пользы для здоровья](https://max.ru/minzdrav_ru)

#Модернизация
#МедицинаРегионов",2369,7,5,minzdrav_ru
14547,2026-04-09T13:01:29+00:00,"🧑‍⚕️👩‍⚕️ **Врачи Нижегородской области впервые в регионе выполнили сочетанную трансплантацию почки и поджелудочной железы**

На фоне сахарного диабета у пациентки нарушилась работа почек: заболевание привело к отекам (избыток жидкости в организме составлял более 10 кг), высокому давлению и полной зависимости от процедуры гемодиализа.

В связи с тяжелым течением эндокринного заболевания также требовалась трансплантация поджелудочной железы, поскольку этот орган играет ключевую роль в регуляции углеводного обмена, вырабатывая инсулин для поддержания нормального уровня глюкозы в крови.

🚑 Пациентка поступила в Нижегородскую областную клиническую больницу им. Н.А. Семашко.

Пересадка донорских органов требовала от хирургической бригады высокой точности. Особую сложность представляла работа с поджелудочной железой из-за ее специфической структуры.

__— Поджелудочная железа — это крайне нежный, желеобразный орган. Он считается одним из самых опасных для манипуляций, так как мгновенно реагирует воспалением. Подготовка железы к пересадке занимает даже больше времени, чем сам процесс трансплантации, — пояснил главный внештатный трансплантолог Минздрава Нижегородской области Владимир Загайнов.__

❤️ Операция прошла успешно. После трансплантации пациентка избавилась от инсулиновой зависимости и необходимости регулярного диализа.
__
— Я до сих пор привыкаю, что не нужно колоть инсулин, и сахар нормализуется сам. Исчезла необходимость через день ездить на диализ. Улучшилось общее состояние, ушла тошнота, еда стала усваиваться нормально, — поделилась женщина.__

Пациентку выписали домой под амбулаторное наблюдение.

Отметим, что одномоментная трансплантация почки и поджелудочной железы — редкая операция. При ее проведении врачи Нижегородской области работали при поддержке специалистов НМИЦ трансплантологии и искусственных органов им. ак. В.И. Шумакова Минздрава России.

💬 [Получить MAXимум пользы для здоровья](https://max.ru/minzdrav_ru)

#МедицинаРегионов",2243,7,0,minzdrav_ru
14541,2026-04-09T11:00:55+00:00,"🥗 **#ПростыеПравила****: Как вернуться к привычному рациону после поста?**

Об этом рассказала руководитель лаборатории изучения и коррекции пищевого поведения НМИЦ терапии и профилактической медицины Минздрава России Софья Елиашевич.

📍 Она подчеркнула, что выход из поста — это важный этап, который требует внимательного подхода.

__— Переход с растительной модели питания на мясоедение нужно осуществлять плавно, без резких скачков, — сказала эксперт.__

📋 Чтобы избежать негативных последствий для здоровья, а именно проблем с ЖКТ, важно следовать простым правилам. 

Подробнее об этом смотрите в наших карточках ⬆️

О полезных привычках смотрите на сайте ➡️ [ТакЗдорово](https://www.takzdorovo.ru/)

💬 [Получить MAXимум пользы для здоровья](https://max.ru/minzdrav_ru)",3345,34,0,minzdrav_ru
14534,2026-04-09T06:03:52+00:00,"💭 **#ПростыеПравила****: Какие мысли порой заставляют откладывать визит к врачу при подозрении на рак**

Об этом рассказал заместитель главного врача по медицинской части консультативно-диагностического центра НМИЦ онкологии им. Н.Н. Блохина Минздрава России Арсений Басов.

👩‍⚕️ Иногда собственные страхи и заблуждения мешают вовремя обратиться к врачу. Из-за них люди откладывают обследование, сокращая свои шансы на эффективное и щадящее лечение.

🗒 Даже при хорошем самочувствии важно проходить диспансеризацию и профилактические осмотры!

💬[Получить MAXимум пользы для здоровья](https://max.ru/minzdrav_ru)",4401,41,0,minzdrav_ru
14533,2026-04-08T16:20:17+00:00,"Сегодня среда, а значит... #НаучнаяСреда

🧬 **Ученые Самарского ГМУ Минздрава России разработали и произвели детский раздвижной эндопротез голеностопного сустава**

Специалисты НИИ бионики и персонифицированной медицины Самарского ГМУ Минздрава России создали первый в мире детский раздвижной эндопротез голеностопного сустава.

💡 Имплант предназначен для замещения дефекта кости после удаления злокачественных костеобразующих и хрящеобразующих опухолей.

При разработке изделия важно было учитывать анатомические особенности детского организма: нижняя треть голени у ребенка значительно уже, чем у взрослого человека. Кроме того, специалисты учитывали, чтобы механизм удлинения кости оставался надежным. 

💡 Для каждого ребенка изделие изготавливается индивидуально по его параметрам. Использование растущего неинвазивного эндопротеза дает возможность избежать многократных травматичных вмешательств.

__— Это большая помощь маленьким пациентам, которые столкнулись с тяжёлой бедой. Кроме того, разработка значительно расширяет наши возможности по созданию и производству раздвижных эндопротезов для детей, —  рассказал ректор Самарского ГМУ Минздрава России Александр Колсанов.__

❤️ Первый эндопротез уже успешно установили 5-летней девочке в НМИЦ онкологии им. Н.Н. Блохина Минздрава России. Сейчас ребенок проходит этап реабилитации. Проведенная операция позволила сохранить девочке ногу.

📌 Выпуск изделий осуществляется на площадке Центра серийного производства Самарского ГМУ Минздрава России. 

💬 [Получить MAXимум пользы для здоровья](https://max.ru/minzdrav_ru)

#СделаноВРоссии
#БудущееМедицины",2333,12,0,minzdrav_ru
14529,2026-04-08T14:35:18+00:00,"🇷🇺🇱🇾 **Россия и Ливия развивают сотрудничество по приоритетным направлениям здравоохранения**
 
Министр здравоохранения РФ Михаил Мурашко провел встречу с Чрезвычайным и Полномочным Послом Государства Ливия в России Эмхемедом А.Э. Альмаграви. 
 
↪️ **Лечение онкологических заболеваний**
 
Михаил Мурашко подробно рассказал о доступных в России передовых методах диагностики и лечения онкологических заболеваний.

В том числе, министр отметил, что применение противоопухолевой лечебной мРНК‑вакцины, разработанной НМИЦ радиологии Минздрава России совместно с НИЦЭМ им. Н. Ф. Гамалеи Минздрава России, является особо перспективным направлением в борьбе с онкологическими заболеваниями.
 
__— Важно отметить, что вакцина создается индивидуально для каждого пациента. Кроме того, мы создали производство полного цикла: на первом этапе проводятся биопсия и генетическое исследование, после чего осуществляются производство и введение препарата, — подчеркнул глава Минздрава России.  __
 
Он также отметил, что в сфере здравоохранения удалось добиться значительных успехов в укреплении технологического суверенитета.
__ 
— Недавно зарегистрирована и в ближайшее время будет запущена в производство отечественная роботизированная система для малоинвазивной хирургии, в том числе в онкологии и других направлениях, — поделился министр.__
 
Ливийская сторона выразила заинтересованность в развитии сотрудничества в части повышения доступности высокотехнологичной медицинской помощи для пациентов из Ливии в России, особенно с онкологическими заболеваниями.

↪️ **Прорывные технологии в лечении онкологии у детей  **
 
Также министр сообщил об имеющихся уникальных технологиях лечения детей с онкологическими заболеваниями костей.
 
__— У нас есть уникальные технологии для детей с онкологическими заболеваниями костей, например, саркомами, когда приходится удалять большую протяженность кости — скажем, бедренной. В таких случаях мы устанавливаем специальные импланты, способные расти вместе с ребенком. Это исключает необходимость повторных операций, — подчеркнул он.__
 
Михаил Мурашко отметил высокий интерес иностранцев к получению медицинской помощи в России по широкому спектру нозологий. 

В 2025 году число граждан Ливии, въехавших в Россию для получения медицинской помощи, составило 8 тыс. человек. 
 
↪️ **Подготовка ливийских медицинских специалистов в российских медицинских вузах**
 
Стороны отметили важность сотрудничества по подготовке будущих врачей, в частности медицинских физиков, специалистов по онкохирургии, радиологии, радиотерапии и патологической анатомии.

__— В Российской Федерации обучаются почти 60 тыс. иностранных студентов из 160 стран мира, из них всего лишь 18 — граждане Ливии, — отметил министр.__
 
Он выразил надежду, что количество ливийских граждан в российских медицинских вузах будет неуклонно расти.
 
В завершение встречи ливийский посол проинформировал о намерении ливийского министра здравоохранения в обозримом будущем посетить Россию и провести встречу со своим российским коллегой. Министр здравоохранения РФ Михаил Мурашко поддержал эту идею, выразив надежду на скорейшее проведение этой встречи.

💬[Получить MAXимум пользы для здоровья](https://max.ru/minzdrav_ru)

#МеждународноеСотрудничество",1593,5,0,minzdrav_ru
14528,2026-04-08T14:05:39+00:00,"🩻 **Нейрохирурги Московской области спасли женщину с тяжелым переломом позвоночника**

В нейрохирургическое отделение Солнечногорской больницы доставили 63-летнюю пациентку после падения с лестницы с высоты около трех метров.  

При поступлении женщина испытывала слабость в ногах и жаловалась на затрудненное мочеиспускание.

➡️ В ходе обследования врачи выявили у пациентки компрессионно-оскольчатый перелом первого поясничного позвонка, в результате которого отломки кости сдавливали спинной мозг. 

Кроме того, врачи диагностировали системный диффузный остеопороз — патологию, снижающую плотность костной ткани, что осложняло лечение.

📎 Врачи приняли решение о проведении операции. В ходе вмешательства специалисты удалили поврежденные участки позвоночного столба и убрали костные осколки, которые сместились в спинномозговой канал. 

Затем они закрепили поврежденный участок позвоночника специальной титановой конструкцией, которая устанавливается на всю жизнь и не мешает человеку.

❤️ После операции состояние пациентки улучшилось: снизилась боль, увеличилась подвижность ног, восстановилось нормальное мочеиспускание. Сейчас женщина уже может передвигаться с помощью ходунков и проходит дальнейшую реабилитацию в больнице.

**8 апреля — Всемирный день нейрохирурга

**💬[Получить MAXимум пользы для здоровья](https://max.ru/minzdrav_ru)",1818,3,0,minzdrav_ru
14527,2026-04-08T11:03:05+00:00,"🧑🏻‍⚕️👩🏻‍⚕️ **Специалисты Приморского края удалили женщине большой камень из почки, который рос 20 лет **

52-летняя пациентка знала о наличии камня в левой почке более 20 лет, однако откладывала хирургическое лечение, пока боль не стала невыносимой.

➡️ Женщина поступила во Владивостокскую клиническую больницу №2. В ходе обследования врачи выявили камень диаметром 4,2 см.

По словам врачей, промедление могло привести к серьезным последствиям: почка могла утратить функцию, что грозило развитием хронической недостаточности. В таком случае пациентке потребовался бы пожизненный диализ или трансплантация органа.

__— Случай максимальной степени сложности, — подчеркнул уролог Александр Певчев. — Несмотря на значительный объём и высокую степень сложности, радикальное удаление камня проведено с помощью малоинвазивного вмешательства (через небольшой прокол) — перкутанной нефролитолапаксии.__

Операция длилась 3,5 часа и прошла успешно.

❤️ Сейчас пациентка чувствует себя хорошо. Ее выписали домой под амбулаторное наблюдение.

#МинздравПредупреждает: Камень может годы не беспокоить и не вызывать боли, но при этом неуклонно расти. Отсутствие боли не значит — отсутствие заболевания. Самый простой и надежный способ позаботиться о здоровье — регулярно проходить профосмотры и диспансеризацию.

💬 [Получить MAXимум пользы для здоровья](https://max.ru/minzdrav_ru)

#МедицинаРегионов",2277,4,0,minzdrav_ru
14524,2026-04-07T17:36:18+00:00,"🚑 **Михаил Мурашко: Для медицинской помощи населению в Республику Дагестан направлены главные специалисты ФЦМК Минздрава России и представители руководства ведомства**

Об этом министр здравоохранения РФ Михаил Мурашко доложил Президенту России Владимиру Путину на совещании по вопросам ликвидации последствий паводков на территории Республики Дагестан.

__— На сегодняшний день для оперативной координации на месте направлены главные специалисты центров медицины катастроф и представители руководства Минздрава России, — сказал он.__

📌 Михаил Мурашко подчеркнул, что кадровых ресурсов для оказания медицинской помощи населению достаточно.

__— У нас работают сегодня 97 формирований, есть возможность увеличения, включая Дагестанский медуниверситет Минздрава России и привлечение сил и средств ФЦМК Минздрава России, — уточнил министр.__

🏥 В пунктах временного размещения также организована вся необходимая помощь. Кроме того, развернуты мобильные фельдшерско-акушерские пункты в местах, где задействовано большое количество волонтеров, сотрудников МЧС и других служб, добавил глава Минздрава России.

__— Соответственно, там поставили мобильные бригады для оказания медицинских услуг на месте, — пояснил он.__

↪️ Также организована дополнительная коечная сеть. 

__— Она подготовлена, какого-либо дефицита сейчас не испытываем, — добавил министр.__

📎 Дополнительно осуществляется контроль за гуманитарной помощью, включая поступающие лекарственные препараты. Это необходимо, чтобы исключить нарушения режима хранения.

__— Все это контролируется сегодня медицинскими работниками, и безопасность обеспечена, — сказал Михаил Мурашко.__

🤰 Министр отметил, что особое внимание уделяется оказанию медицинской помощи беременным женщинам и детям.

__— Особое внимание уделяем беременным женщинам, потому что в зоне подтопления находятся 110 беременных женщин, 11 из них — на поздних сроках, а также 278 детей в возрасте до года. Вся медицинская помощь организована, в том числе сейчас дополнительно подключили наших специалистов, чтобы разъяснять вопросы профилактики инфекционных осложнений у детей, соблюдение гигиенических норм, — подчеркнул Михаил Мурашко.__

📲 Глава Минздрава России отметил, что в регионе проводится вакцинация граждан в пострадавших районах для профилактики инфекционных заболеваний, в том числе против гепатита А, а также фагирование бактериофагом для профилактики сальмонеллеза и дизентерии. 

__— Дополнительно передаем вакцину сейчас из близлежащих регионов, резерва ФЦМК Минздрава России и государственного резерва. Поэтому здесь дефицита сегодня не испытываем, все организовано, — сообщил министр.__

Михаил Мурашко добавил, что в результате паводков в Дагестане был подтоплен 41 объект системы здравоохранения, в связи с чем после завершения всех мероприятий будет проведена оценка ущерба.

💬 [Получить MAXимум пользы для здоровья](https://max.ru/minzdrav_ru)

#МедицинаКатастроф",7765,28,1,minzdrav_ru
14523,2026-04-07T17:31:39+00:00,"🚶🏻‍♂️ **#ПростыеПравила****: Почему скандинавская ходьба — вклад в здоровье и долголетие**

Врач по лечебной физкультуре и спортивной медицине НМИЦ травматологии и ортопедии им. Н.Н. Приорова Минздрава России Андрей Панов рассказал о пользе и правильной технике скандинавской ходьбы.

__— Скандинавская ходьба имеет общетерапевтический эффект, благотворно влияя на состояние дыхательной и кровеносной систем, — подчеркнул Андрей Панов.__

📌 Этой физической активностью можно заниматься в любом возрасте.

❤️ **Польза для организма:**

▫️ задействуется около 90% мышц тела, формируется мышечный корсет вокруг позвоночника;
▫️ палки разгружают позвоночник и суставы, уменьшая давление на кости;
▫️ снижается компрессия на межпозвоночные диски, улучшается питание хрящевых тканей;
▫️ благотворное влияние на дыхательную и кровеносную системы, усиление мозговой деятельности и гемодинамики.

Этот метод также показан после травм позвоночника, суставов и костей, когда разрешена полная осевая нагрузка.

__— Скандинавская ходьба — один из подходящих вариантов физической нагрузки в позднем послеоперационном периоде: спустя 2–3 недели после операции и на протяжении 1–4 месяцев, — добавил эксперт.__

 ❗️ **Чтобы занятия приносили пользу, важно соблюдать технику. Правила эффективной ходьбы:**

1️⃣ Грамотно подобрать инвентарь. Универсальная формула для подбора длины палок: рост × 0,67 = длина палок. Палки могут быть изготовлены из современных легких материалов или из алюминия. Ручка должна быть из нескользящего материала, например из пробки.
2️⃣ Корпус тела должен быть слегка наклонен вперед, при этом спина должна оставаться ровной. Опору необходимо перенести на палки.
3️⃣ Руки должны быть расслаблены, чуть согнуты, выходить вперед не более чем на 45°.
4️⃣ Движение как при обычной ходьбе, но быстрее: правая рука с палкой вперед — левая нога назад и наоборот.
5️⃣ Вдох носом, выдох ртом.

**7 апреля — Всемирный день здоровья**

💬 [Получить MAXимум пользы для здоровья](https://max.ru/minzdrav_ru)",4689,47,0,minzdrav_ru
14522,2026-04-07T16:20:56+00:00,"🩺 **Врачи Красноярского края избавили пациентку с редким заболеванием ЖКТ от постоянных болей при приеме пищи **

В хирургического отделения № 3 Красноярской межрайонной клинической больницы № 20 им. И.С. Берзона поступила 49-летняя женщина с с**индромом Уилки** — заболеванием, при котором часть двенадцатиперстной кишки сдавливается артерией, из-за чего нарушается прохождение пищи.

➡️ При патологии желудок не может опорожниться, еда застревает, вызывая боль и вздутие. Пациенты с синдромом Уилки начинают бояться есть, стремительно теряют вес и возможность вести полноценную жизнь. 

Для лечения таких пациентов существует несколько вариантов операций, однако многие из них — травматичны.

📋 Клиническая картина позволила выбрать более щадящий хирургический метод: врачи устранили сдавление двенадцатиперстной кишки и восстановили нормальное положение органа.  

Операция длилась три часа и прошла успешно. Уже на третьи сутки пациентка начала самостоятельно принимать пищу без болей. 

❤️ Сейчас женщина чувствует себя лучше. Ее выписали домой под амбулаторное наблюдение. 

💬 [Получить MAXимум пользы для здоровья](https://max.ru/minzdrav_ru)

#МедицинаРегионов",1977,6,0,minzdrav_ru
14521,2026-04-07T15:03:43+00:00,"🧊 **#ЗдоровыйАйсберг****: Главные ошибки на пути к ЗОЖ**

Об этом рассказала эндокринолог, диетолог НМИЦ терапии и профилактической медицины Минздрава России Анастасия Игнатиади.

🤔 «Айсберг» покажет типичные ловушки на пути к здоровому образу жизни. Чем глубже мы погружаемся, тем менее очевидными будут ошибки.

📝 Начинаем погружение:

1️⃣🥦 Резкое уменьшение калорийности запускает энергосбережение организма, приводит к усталости, снижению физической и когнитивной работоспособности, ухудшению состояния кожи, волос, ногтей. Важно обеспечить поступление всех необходимых микро и макронутриентов. Питайтесь сбалансированно.

2️⃣🏋🏻‍♂️ Чрезмерные физические нагрузки могут нанести вред здоровью. Важно учитывать уровень подготовки и возраст перед тем, как начать заниматься спортом. 

3️⃣⌛️ Физиологические изменения — трансформация метаболизма, снижение массы тела или укрепление мышц — происходят не мгновенно. Не стоит ждать быстрых визуальных результатов. Важно настроиться на регулярность и сместить фокус с абстрактных желаний («хочу быть здоровым») на конкретные, измеримые цели. Например: «проходить 10 тыс. шагов ежедневно» или «спать не менее 7 часов».

4️⃣👨‍⚕️ Резкая смена образа жизни вызывает стресс. Добавляйте полезные привычки постепенно и учитывайте наличие хронических заболеваний, перенесенных операций и травм перед тем, как пересмотреть питание и начать заниматься физическими нагрузками. При необходимости — обратитесь к специалисту.

5️⃣🤷 Здоровый образ жизни работает только как система — когда полезные привычки становятся регулярными и устойчивыми. Будни с соблюдением ЗОЖ и малоподвижные выходные с обильными застольями ведут к хроническому стрессу для организма. 

О полезных привычках смотрите на сайте ➡️ [ТакЗдорово](https://www.takzdorovo.ru/)

**7 апреля — Всемирный день здоровья**",3202,37,0,minzdrav_ru
14514,2026-04-07T12:04:10+00:00,"👨‍⚕️ **#ПростыеПравила****: Как не навредить своему здоровью**

Заместитель главного врача КДЦ НМИЦ терапии и профилактической медицины Минздрава России по клинико-экспертной работе Елена Игнатикова развеяла популярные домыслы о питании, сне, тренировках и витаминах.

Распространенные мифы и реальные факты смотрите в наших карточках 🖼

**7 апреля — Всемирный день здоровья**

💬 [Получить MAXимум пользы для здоровья](https://max.ru/minzdrav_ru)",4285,49,0,minzdrav_ru
14513,2026-04-07T11:04:35+00:00,"🔍 **Проверьте свои знания**

Во Всемирный день здоровья мы предлагаем вам проверить себя и развеять распространенные заблуждения.

Мы подготовили викторину с утверждениями о питании, сне, физической активности и здоровом образе жизни, в которой вы сможете определить, где правда, а где миф.

➡️ [Пройти викторину можно в нашем канале в мессенджере MAX](https://max.ru/minzdrav_ru/AZ1muwZ5Pis)",3561,11,0,minzdrav_ru
14507,2026-04-06T17:03:45+00:00,"💬 **Здоровье человека — основа его благополучия**

Яков Цивьян — выдающийся хирург и ученый, создатель научной школы хирургической вертебрологии в России и мире. 

📝 **В числе его заслуг:**

▫️ изобретение первого в СССР эндопротеза тазобедренного сустава;
▫️ изобретение фиксатора-стяжки Цивьяна – Рамиха для операций на позвоночнике;
▫️ разработка технологий высокоэффективных оперативных вмешательств для любой патологии позвоночника, включая заболевания и повреждения любой локализации.

В честь ученого назван Новосибирский НИИ травматологии и ортопедии им. Я.Л. Цивьяна Минздрава России. Институт начал работу 80 лет назад.

📌 В честь юбилея мы собрали для вас наиболее яркие цитаты Якова Цивьяна.

💬 [Получить MAXимум пользы для здоровья](https://max.ru/minzdrav_ru)",4463,21,2,minzdrav_ru
14506,2026-04-06T15:40:56+00:00,"🩺 **Евгений Камкин: Благодаря реабилитации в России снизилась инвалидность после инсультов**

Об этом замминистра здравоохранения РФ Евгений Камкин [сообщил](https://www.kp.ru/daily/27771.5/5231336/) в интервью газете «Комсомольская правда».

__— Количество людей, которые получают инвалидность после перенесенной сосудистой катастрофы, инсульта, у нас заметно сократилось, — сказал он. — Одну из главных ролей в этом играет своевременная и эффективная медицинская реабилитация. __

↪️ Медицинская реабилитация позволяет предотвращать или снижать тяжелые последствия, такие как параличи, когнитивные нарушения (проблемы с речью, мышлением, памятью), уточнил Евгений Камкин. 

__— Все чаще удается возвращать пациентов к полноценной жизни. А также, что немаловажно, избегать дополнительной тяжелой нагрузки на семью, как бывает в случае появления лежачих больных, — сказал он.__

📲 Замминистра также отметил, что чаще всего за медицинской реабилитацией обращаются пациенты с заболеваниями центральной нервной системы и сердечно-сосудистой системы.

__— Чаще всего люди обращаются за реабилитацией, связанной с повреждением центральной нервной системы и сердечно-сосудистой системы — в первую очередь после инсультов и инфарктов, — пояснил Евгений Камкин.__

Замминистра напомнил, что реабилитация проходит в три этапа: 

1️⃣ Первый этап — реабилитация в профильном стационаре, где пациент лечится по своему основному заболеванию: в кардиологии, неврологии, травматологии и т.д.;

__— Кроме лечебных процедур, ему сразу же проводится медицинская реабилитация. Она может начинаться даже на этапе реанимации, — пояснил он.__

2️⃣ Второй — происходит в специальном отделении медицинской реабилитации;

__— Это тоже стационар, где пациент находится круглосуточно, — добавил Евгений Камкин. __

3️⃣ Третий этап — амбулаторный.

__— Пациенты проходят восстановление, посещая врачей-реабилитологов и прочих специалистов в поликлиниках, других учреждениях либо получая устройства для реабилитации на дом, — сказал замминистра.__

📎 Сроки медицинской реабилитации не ограничены — они определяются индивидуальными потребностями пациента, его состоянием здоровья и реабилитационным потенциалом, отметил Евгений Камкин. 

__— Подчеркну: в каждом случае срок всех этапов медицинской реабилитации определяется для пациента персонально, при взаимодействии мультидисциплинарной реабилитационной команды с лечащим врачом и (или) врачом анестезиологом-реаниматологом, — заключил он.__

💬 [Получить MAXимум пользы для здоровья](https://max.ru/minzdrav_ru)

#ЗдоровьеВПриоритете",2538,13,0,minzdrav_ru
14502,2026-04-06T13:25:23+00:00,"🏥 **В Кемеровской области открылась новая поликлиника**

Новая поликлиника №5 Новокузнецкого филиала Кузбасского клинического кардиологического диспансера им. академика Л.С. Барбараша рассчитана на 475 приемов в смену.

➡️ Трехэтажное медучреждение общей площадью 4 тыс. кв. м будет оказывать медицинскую помощь более 35 тыс. человек.

В поликлинике предусмотрены:

▫️ хирургический блок с малой операционной;
▫️ кабинет физиотерапии;
▫️ зал лечебной физкультуры;
▫️ дневной стационар. 

Для прохождения диспансеризации и профосмотров организован кабинет медицинской профилактики. 

В медучреждении развернуто 12 терапевтических участков. Штат врачей полностью укомплектован.

🤩 Прием ведут четыре терапевта, восемь фельдшеров, а также узкие специалисты.

Для поликлиники закуплено более 2,2 тыс. ед. оборудования и мебели. В учреждении установлены ультразвуковая система диагностики, маммограф, рентген-аппарат, а также эндоскопическое, хирургическое, физиотерапевтическое оборудование и многое другое.

➡️ Для удобства маломобильных пациентов предусмотрены два лифта, вход в здание оборудован пандусом.

📎 Отметим, что в организации работы поликлиники использованы бережливые технологии. Электронная регистратура помогает автоматически маршрутизировать пациентов.

💬 [Получить MAXимум пользы для здоровья](https://max.ru/minzdrav_ru)

#Модернизация",1949,6,0,minzdrav_ru
14500,2026-04-06T10:30:42+00:00,"🏥 **В Луганскую Народную Республику поставили новое медоборудование**

В Меловскую центральную районную многопрофильную больницу ЛНР поставили новое современное медицинское оборудование экспертного класса.

Для офтальмологического кабинета приобретен полный комплект современного оборудования, в том числе:

🔹 периметр — для точной диагностики полей зрения, выявления глаукомы и других заболеваний сетчатки и зрительного нерва;
🔹 щелевая лампа — инструмент для детального осмотра переднего и заднего отрезков глаза;
🔹 рефрактометр и пневмотонометр — для ранней диагностики глаукомы.

Помимо офтальмологического оборудования, в больницу также закуплены:

🔵 автоматический биохимический анализатор — оборудование, которое позволяет врачам получать результаты исследований в кратчайшие сроки;
🔵 аппарат УЗИ экспертного класса.

__— Ранее жители Меловского муниципального округа были вынуждены ездить в Луганск даже для базовых обследований, но теперь высокотехнологичная диагностика доступна прямо на месте, — рассказала главный врач Меловской центральной районной многопрофильной больницы Ольга Хрипко.__

💬 [Получить MAXимум пользы для здоровья](https://max.ru/minzdrav_ru)

#Модернизация",2811,8,0,minzdrav_ru
14499,2026-04-06T05:59:01+00:00,"🧑🏻‍ **Липецкие врачи за одну операцию удалили аппендицит и кисту яичника у подростка**

14-летняя девочка поступила в Елецкую городскую детскую больницу с подозрением на аппендицит.

В ходе обследования врачи обнаружили острый флегмонозный аппендицит с нагноением, который в любой момент мог разорваться.

↪️ Кроме того, во время КТ-исследования специалисты выявили кисту правого яичника, размер которой составлял более 10 см. Образование создавало дополнительное давление на соседние органы и нарушало кровообращение.

Врачи приняли решение экстренно провести операцию, во время которой удалили аппендицит и объемную кисту яичника.

❤️ Сейчас пациентка чувствует себя хорошо и идет на поправку.

💬 [Получить MAXимум пользы для здоровья](https://max.ru/minzdrav_ru)

#МедицинаРегионов",2647,4,0,minzdrav_ru
14498,2026-04-05T13:00:49+00:00,"🩻 **Врачи Саратовской области восстановили пациенту руку после сложного оскольчатого перелома**
 
65-летний мужчина поступил в Саратовскую городскую клиническую больницу скорой медицинской помощи после падения. 

➡️  Врачи диагностировали черепно-мозговую травму и оскольчатый перелом левой плечевой кости.
 
__— При таком характере повреждений с вовлечением головного мозга крайне важно соблюсти оптимальные временные рамки для оперативного вмешательства на костно-мышечной системе, — отметил заведующий отделением сочетанной травмы Дмитрий Кузнецов.__
 
Левая плечевая кость оказалась разрушена на четыре крупных и два мелких фрагмента в верхней трети плеча. 

⚡️  Кроме того, смещенные отломки располагались в угрожающей близости к лучевому нерву, повреждение которого могло привести к ограничению движения в пальцах и кисти.
 
➡️  После стабилизации состояния пациента врачи провели операцию. В ходе вмешательства специалисты сопоставили отломки и зафиксировали кость в правильном положении с помощью металлических конструкций для сращивания.

❤️  Операция прошла успешно. Врачи восстановили длину кости и сохранили двигательную функцию руки. Через 16 дней после травмы мужчину выписали домой под амбулаторное наблюдение.

💬 [Получить MAXимум пользы для здоровья](https://max.ru/minzdrav_ru)

#МедицинаРегионов",3872,5,0,minzdrav_ru
14495,2026-04-04T16:01:27+00:00,"🌐  **Россия и Абхазия подписали Меморандум по стратегии развития системы здравоохранения Абхазии**

В ходе визита министра здравоохранения РФ Михаила Мурашко в Абхазию состоялось подписание Меморандума о взаимопонимании между министерством здравоохранения Российской Федерации и министерством здравоохранения Республики Абхазия по выработке стратегии развития системы здравоохранения Республики Абхазия и ее комплексной модернизации.

➡️  Цель меморандума — развитие долгосрочного партнерства, отвечающего интересам обоих государств, в частности научно-методологическая поддержка России по разработке стратегии развития здравоохранения Республики Абхазия.

__— В конечном итоге мы должны сформировать модель, которая позволит пациентам всей республики иметь доступ как к региональной составляющей здравоохранения, так и к составляющей в городе Сухум уже самого высокого уровня, — подчеркнул Михаил Мурашко.__

📌  Ключевые направления сотрудничества — организация обучения местных кадров по образовательным программам в сфере организации здравоохранения, общественного здоровья и подготовки управленческих кадров, а также проведение совместных мероприятий для поиска подходов к решению задач развития системы здравоохранения Республики Абхазия.

__— Лекарственное обеспечение, вопросы информатизации и другие — они все должны быть положены в единую стратегию, в единый план действий, — добавил Михаил Мурашко.__

💬 [Получить MAXимум пользы для здоровья](https://max.ru/minzdrav_ru)

#МеждународноеСотрудничество",3034,19,1,minzdrav_ru
14485,2026-04-04T15:00:54+00:00,"🩺 **Михаил Мурашко с рабочим визитом посетил Республику Абхазия**

Первый заместитель Руководителя Администрации Президента России Сергей Кириенко, Президент Республики Абхазия Бадра Гунба и министр здравоохранения РФ Михаил Мурашко посетили медучреждения Абхазии — Республиканскую больницу и Детскую республиканскую больницу.

__— В больнице созданы ангиографическое отделение и сосудистый центр. Это современные технологии оказания помощи пациентам с инфарктами и с инсультами. Сегодня здесь проведено уже 211 операций, начиная с ноября месяца. И специалист, который владеет этими способами лечения, прошел подготовку в НМИЦ кардиологии им. академика Е. И. Чазова Минздрава России, — отметил Михаил Мурашко.__

➡️  Министр добавил, что НМИЦ кардиологии им. академика Е. И. Чазова Минздрава России оказывает Республиканской больнице методическую и практическую поддержку.

__— Специалисты центра приезжали сюда и отрабатывали технологии реанимационной защиты пациентов. Кроме того, есть уже внедренная технология телемедицины, совместные обходы, и руководство центра здесь регулярно приезжает для того, чтобы посмотреть, как работает это все на практике, — уточнил министр.__

📍  Сейчас пациенты с признаками инфаркта со всей Абхазии маршрутизируются в Республиканский сосудистый центр. Ранее такая медицинская помощь в стране не оказывалась, и пациентам приходилось проходить лечение в медучреждениях России.

В ходе визита Бадра Гунба, Сергей Кириенко и Михаил Мурашко также оценили ход строительства Детской республиканской больницы г. Сухума.

➡️  Он отметил, что крайне важно обеспечить своевременное завершение строительных работ и соблюдение всех стандартов качества.

__— В целом, это важный проект. Его расположение рядом с взрослой больницей — это решение, которое мультидисциплинарно позволит оказывать помощь совершенно на другом уровне, — сообщил министр.__

Кроме того, Михаил Мурашко ознакомился с работой Гагрской центральной районной больницы, в которой продолжаются масштабные ремонтные работы. В настоящее время в ней уже обновлены операционные и хирургическое отделение.

__— За короткий промежуток времени произошли значительные изменения. Мы посмотрели, как работают ранее поставленные машины скорой помощи, оборудование, включая рентгенологическое и ряд другого, в том числе для реанимации. Все используется, все работает, — отметил Михаил Мурашко.__

📎  Министр отметил, что при участии специалистов госкорпорации «Росатом» проведен серьезный анализ работы медучреждения и предложен ряд изменений, в том числе организационных, для повышения эффективности работы больницы.

__— Сегодня медучреждение совместно с другими медорганизациями и компанией «Росатом» формирует ряд технологий, которые позволяют обеспечить безопасность пациентов при хирургических и амбулаторных методах лечения, в том числе затрагивая вопросы комфорта пребывания пациентов, — сказал он.__

💬 [Получить MAXимум пользы для здоровья](https://max.ru/minzdrav_ru)

#МеждународноеСотрудничество",2575,13,0,minzdrav_ru
14480,2026-04-04T11:02:25+00:00,"🏥** В Иркутской области открылась первая в регионе модульная женская консультация **

В деревне Грановщина начало работу новое медучреждение, которое позволит оказывать медицинскую помощь более 30 тыс. пациенток, включая жительниц ближайших населенных пунктов.

➡️ В женской консультации общей площадью более 3,5 тыс. кв. м. расположены кабинеты:

▫️ акушера-гинеколога;
▫️ офтальмолога;
▫️ рентгена и маммографии;
▫️ ультразвуковой диагностики;
▫️ функциональной диагностики (кардиотокографии плода);
▫️ психологической и медико-социальной помощи женщинам, оказавшимся в трудной жизненной ситуации;
▫️ психопрофилактической подготовки беременных к родам.

Также медучреждение включает операционную и дневной стационар на четыре койки.

📎 Отметим, что женская консультация построена в рамках федпроекта «Охрана материнства и детства» нацпроекта «Семья».

💬 [Получить MAXимум пользы для здоровья](https://max.ru/minzdrav_ru)

#Модернизация",2118,6,0,minzdrav_ru
14479,2026-04-04T06:04:37+00:00,"🩺  **Врачи Югры спасли семейную пару после пожара**

Мужчина и женщина, после спасения из пожара, поступили в Сургутскую городскую клиническую больницу с обширными ожогами, а также поражением дыхательных путей продуктами горения и угарным газом.

Пациентов перевели на искусственную вентиляцию лёгких и ввели в медикаментозную кому. 

⚡️  Площадь ожогов у мужчины составила 80% поверхности тела, а у женщины — 52%.

Одновременно с реанимационными мероприятиями медицинская команда оперативно приступила к лечению: удаляли нежизнеспособные ткани, очищали раны, проводили перевязки и хирургические вмешательства.

➡️  Спустя две недели оба супруга уже могли самостоятельно дышать, их перевели из палаты реанимации в ожоговое отделение.

Далее для лечения пациентов применялись современные медицинские технологии. Так, использовалась специализированная установка — «кровать на воздушной подушке», позволяющая снизить давление на поврежденные ткани и минимизировать риск инфекционных осложнений. 

С учетом тяжести состояния также применялось оборудование для очищения крови.

❤️  После трех месяцев интенсивной терапии женщину выписали домой под амбулаторное лечение. Спустя 15 дней стационар покинул мужчина. 

Пациентам предстоит длительный период восстановления и реабилитации. Они будут проходить курс противорубцовой терапии на базе отделения ожогового центра.

💬 [Получить MAXимум пользы для здоровья](https://max.ru/minzdrav_ru)

#МедицинаРегионов",2493,3,1,minzdrav_ru
14478,2026-04-03T13:40:16+00:00,"🫀 **Врачи Свердловской области спасли пациента после трех остановок сердца подряд**

Мужчину экстренно доставили в Городскую больницу №4 Нижнего Тагила в крайне тяжёлом состоянии. У него трижды останавливалось сердце.

➡️ В ходе обследования специалисты диагностировали редкую врождённую аномалию: единственный желудочек в сердце мужчины выполнял функции сразу двух камер. 

Из-за патологии венозная и артериальная кровь смешивались, органы недополучали кислород, а нагрузка на сосудистую систему достигала критических значений. Даже кратковременная аритмия могла привести к мгновенной остановке кровообращения.

⚡️ Врачи приняли решение о проведении экстренной операции. 
__
— Я думал только о детях, младшему всего три года. Нужно жить дальше. Ради семьи согласился на срочное вмешательство, — сказал пациент.__

В ходе вмешательства специалисты с учётом особенностей строения органа установили мужчине кардиостимулятор.
__
— Кардиостимулятор стал не просто регулирующим ритм-устройством, но и частью новой схемы функционирования сердца, устроенного иначе: когда нагрузка на единственный желудочек колоссальная, и система изначально на пределе, — пояснила сердечно-сосудистый хирург Александра Должикова.__

Операция длилась 40 минут и прошла успешно. После установки кардиостимулятора сердечный ритм у пациента стабилизировался.

❤️ Сейчас мужчина чувствует себя хорошо, его выписали домой под амбулаторное наблюдение.

💬 [Получить MAXимум пользы для здоровья](https://max.ru/minzdrav_ru)

#МедицинаРегионов",2963,7,0,minzdrav_ru
14477,2026-04-03T11:08:55+00:00,"🌿** ****#ПростыеПравила****: Как защититься от укуса клеща и предотвратить его последствия?**

Об этом рассказала руководитель центра общей инфектологии НМИЦ фтизиопульмонологии и инфекционных заболеваний Минздрава России Мария Ласеева.

С началом сезона активности клещей фиксируются обращения за медицинской помощью после укусов. 

**Чтобы снизить риски и защитить себя, важно соблюдать меры профилактики:**
 
▫️ надевать светлую, прилегающую одежду и головной убор;

▫️ использовать защитные средства–репелленты: наиболее эффективны средства с пометкой «акарицидные» (они убивают клещей) или «инсектицидно-репеллентные» (отпугивают и убивают);

__— Важно соблюдать правила использования данных средств, например, акарициды наносятся только на одежду, их нельзя наносить на кожу, — добавила эксперт.__

▫️ проводить само- и взаимоосмотры, чтобы вовремя заметить клеща и снять его, так как клещ редко кусает сразу. 
__
— Если на прогулке проводить поверхностный осмотр каждые 15–20 минут, а после возвращения домой — тщательный осмотр всего тела, то можно заметить и снять клеща еще до его присасывания, — пояснила Мария Ласеева.__

🫢 **А если уже укусил…**

Если клещ уже укусил, необходимо как можно скорее обратиться в травмпункт для его безопасного удаления и получения профессиональной медицинской помощи. 

__— Попытки самостоятельного удаления повышают вероятность повреждения тела клеща, оставления его частей в коже или непреднамеренного введения в ранку инфицированной слюны, — подчеркнула эксперт.__

О полезных привычках смотрите на сайте ➡️ [ТакЗдорово](https://www.takzdorovo.ru/)

💬 [Получить MAXимум пользы для здоровья](https://max.ru/minzdrav_ru)",9361,58,0,minzdrav_ru
14476,2026-04-03T10:32:34+00:00,"🩺 **Нейрохирурги РДКБ Минздрава России применили уникальную методику для лечения эпилепсии у ребенка**
 
12-летний мальчик поступил в Российскую детскую клиническую больницу Минздрава России с тяжелой формой эпилепсии, не поддающейся лекарственной терапии.

➡️ В возрасте одного года он перенес тяжелое заболевание — энцефалит, развившийся на фоне вирусной инфекции, что привело к редкому осложнению — кровоизлиянию в височную долю головного мозга. 

Вскоре у мальчика начались первые эпилептические эпизоды, частота которых достигала нескольких раз в неделю.
 
🩺 На протяжении десяти лет ребенку оказывали помощь по разным схемам лекарственной терапии, но ни одна комбинация препаратов не позволяла достичь устойчивой положительной динамики.
 
Для точного определения очагов эпилептической активности специалисты РДКБ Минздрава России провели тонкое диагностическое исследование: стерео-ЭЭГ.
 
__— В условиях операционной через отверстия в черепе пациента имплантируются тончайшие электроды в те зоны головного мозга, где прогнозируется расположение очагов эпилептической активности. Поскольку все приступы у ребенка начинались с визуальных галлюцинаций, мы предполагали, что такие очаги расположены в области зрительного анализатора — в затылочной части мозга, — объяснил нейрохирург Рони Маи.__
 
После нескольких недель непрерывного мониторинга специалистам удалось точно установить расположение двух очагов эпилепсии: они находились глубоко в области зрительных центров и примыкали к ним. 

➡️ Хирургическое удаление данных тканей позволило бы избавить ребенка от приступов, но вело к потере зрения.
 
Тогда врачи приняли решение применить инновационный метод радиочастотной термокоагуляции. 

💡 Эта передовая технология позволяет использовать уже установленные диагностические электроды для точечного выжигания очагов. 
 
После операции у мальчика не произошло ни одного приступа.

❤️ Сейчас пациент чувствует себя хорошо, его выписали домой под амбулаторное наблюдение.

💬 [Получить MAXимум пользы для здоровья](https://max.ru/minzdrav_ru)

#ЗдоровьеДетей",2363,10,0,minzdrav_ru
14475,2026-04-03T06:04:27+00:00,"🤰 **#ПростыеПравила****: Почему будущим мамам важно проходить скрининги и следить за уровнем сахара**

Об этом рассказала заместитель директора Уральского НИИ охраны материнства и младенчества Минздрава России Анна Чижовская.

🧐 Во время беременности в организме женщины происходят значительные изменения. В частности, снижается чувствительность клеток к инсулину, из-за чего уровень глюкозы в крови может повышаться. Такое состояние называют гестационным сахарным диабетом (ГСД).

❗️ Он может протекать бессимптомно. Именно поэтому всем беременным женщинам обязательно проводят скрининг на сроке 24–28 недель — пероральный глюкозотолерантный тест (ПГТТ).

__— В большинстве случаев после родов уровень сахара приходит в норму. Однако это состояние требует внимания и контроля, чтобы защитить здоровье мамы и малыша, — подчеркнул эксперт.__

Если у мамы глюкоза в крови превышает нормальные значения, то и к плоду через пуповину гормона поступает слишком много. Поджелудочная железа малыша начинает работать в усиленном режиме.

👩‍⚕️** К факторам риска развития заболевания относятся:**

▫️ повышенный вес до беременности (индекс массы тела выше 25 кг/м2);
▫️ наличие ГСД во время предыдущих беременностей;
▫️ повышенное артериальное давление (более 140 и 90 мм рт.ст.).

В большинстве случаев для поддержания уровня глюкозы в норме достаточно скорректировать питание и поддерживать умеренную физическую активность – все это подбирает врач индивидуально. В отдельных случаях может быть назначено лечение инсулинотерапией, безопасной для плода.

__— Диагноз «гестационный сахарный диабет» — это не повод для паники, а сигнал к действию. Поэтому важно обязательно посещать назначенных специалистов и соблюдать их индивидуальные рекомендации по лечению, — заключила Анна Чижовская.__

📎 Напомним, что в России реализуется программа бесплатного обеспечения беременных женщин с сахарным диабетом системами непрерывного мониторинга глюкозы.

О здоровых привычках смотрите на сайте ➡️ [ТакЗдорово ](https://www.takzdorovo.ru/)

💬 [Получить MAXимум пользы для здоровья](https://max.ru/minzdrav_ru)",5601,38,0,minzdrav_ru
14474,2026-04-02T16:15:58+00:00,"🤩**Спасенный врачами Удмуртии юноша решил стать медиком **

Несколько лет назад мальчик серьезно пострадал в ДТП — его сбил грузовик.

➡️ Он получил тяжелую сочетанную травму таза, открытые переломы бедра, повреждения внутренних органов с большой кровопотерей.

Подросток поступил в Республиканскую детскую клиническую больницу.

По словам врачей, шанс спасения при таком клиническом случае составлял менее 5%. Всего он перенес больше 10 операций и прошел курс реабилитации. Пациенту пришлось заново учиться дышать, вставать, питаться. 

🥼 Во время лечения подросток наблюдал за работой врачей, которые ежедневно проявляли самоотверженность и профессионализм, спасая жизни людей.

Мальчик решил, что тоже хочет связать свою жизнь с медициной. Сегодня он — студент Республиканского медицинского колледжа им. Героя Советского Союза Ф.А. Пушиной, учится на медбрата, а в дальнейшем хочет стать врачом.

🩺 Сейчас юноша проходит практику в отделении, где ему спасли жизнь.

💬 [Получить MAXимум пользы для здоровья](https://max.ru/minzdrav_ru)

#БудущиеВрачи
#МедицинаРегионов",2774,8,1,minzdrav_ru
14473,2026-04-02T13:15:46+00:00,"👨‍⚕️ **Тульские врачи удалили женщине 14‑килограммовую опухоль**

Последние три года у 44-летней женщины увеличивался объем живота, сопровождавшийся продолжительными обильными кровотечениями, что существенно ухудшало качество ее жизни. Однако за медицинской помощью она обратилась лишь недавно.

➡️ Пациентка поступила в Тульскую областную клиническую больницу с крайне низким уровнем гемоглобина, что свидетельствовало о тяжелой анемии, возникшей на фоне постоянной кровопотери.

В ходе обследования врачи выявили множественную **миому матки**, которая практически полностью заполнила брюшную полость, оказывая давление на соседние органы, что создавало угрозу для жизни.

💡 **Миома матки** — доброкачественная опухоль, которая возникает в мышечном слое матки.

__— Главной задачей было минимизировать риск кровопотери и избежать повреждения таких жизненно важных органов, как мочеточники, кишечник и крупные сосуды. Мы выбрали тактику максимально аккуратного выделения опухоли, поэтапного удаления узлов с тщательным гемостазом, — рассказала заведующая гинекологическим отделением Юлия Тулупова.__

❤️ Операция прошла успешно. Врачи полностью удалили опухоль, сохранив целостность брюшной полости и репродуктивных органов пациентки. Сейчас пациентка чувствует себя хорошо и выписана домой.

💬 [Получить MAXимум пользы для здоровья](https://max.ru/minzdrav_ru)

#МедицинаРегионов",2769,9,2,minzdrav_ru
14472,2026-04-02T10:40:32+00:00,"🏥 **Врачи федерального центра Минздрава России провели три высокотехнологичные операции подростку и вернули ему подвижность руки **

17-летний пациент из Белгородской области поступил в НМИЦ детской травматологии и ортопедии им. Г.И. Турнера Минздрава России с травмой плечевого сплетения, которая нарушала подвижность и снизила чувствительность руки.

В детстве мальчик прошел лечение, включавшее лечебную физическую культуру, массаж и физиотерапию, которое принесло лишь небольшое улучшение, однако в подростковом возрасте состояние снова начало ухудшаться.

Семья обратилась в НМИЦ детской травматологии и ортопедии им. Г.И. Турнера Минздрава России для  консультации и определения дальнейшей тактики лечения. Врачебный консилиум подтвердил возможность проведения операций.

За период лечения пациент перенес три высокотехнологичных хирургических вмешательства:

↪️ Микрохирургическую пересадку мышц в области подмышки и лопатки. Хирурги пересадили здоровые мышцы, чтобы восстановить базовые функции сгибания и разгибания в суставах;
↪️ Реконструкцию плечевого сустава. К моменту вмешательства плечевая кость была практически разрушена. Врачи восстановили функцию сустава, чтобы вернуть ему стабильность;
↪️ Сложную реконструкцию кисти. Этот этап был направлен на восстановление мелкой моторики и хватательной функции.

__— Правая рука у пациента была практически нефункциональна. Имелись серьёзные проблемы с плечевым и локтевым суставами, а также с кистью. В результате нашего комплексного лечения пациент получил возможность полноценно использовать обе руки, — рассказала заведующая отдела пороков развития конечностей и вялых параличей Ольга Агранович.__

❤️ Сейчас все необходимые операции завершены.  Дальнейшее восстановление функции руки требует от пациента систематических занятий в рамках реабилитационной программы.

💬[Подписывайтесь на Минздрав России в МАХ](https://max.ru/minzdrav_ru)

#СетьНМИЦев",2808,5,0,minzdrav_ru
14469,2026-04-01T15:02:13+00:00,"Сегодня среда, а значит... #НаучнаяСреда

🦷 **В Сибирском ГМУ Минздрава России открылся Научно-клинический центр цифровой стоматологии**

Центр начал работу по трем ключевым направлениям:

➡️ разработка и внедрение новых отечественных материалов для восстановления костной ткани, а также сверхэластичных имплантатов;
➡️ цифровая диагностика и лечение патологий височно-нижнечелюстного сустава;
➡️ разработка алгоритмов для виртуального расчета идеального положения имплантата до операции.

__— Теперь полный цикл от исследования до изготовления конструкции выполняется в одном центре, в единой цифровой среде, — рассказал руководитель Научно-клинического центра цифровой стоматологии Сибирского ГМУ Минздрава России Георгий Александров.__

Также Научно-клинический центр является симуляционной площадкой, на которой студенты проходят практическое обучение под руководством опытных врачей.

📌 В центре используется автоматизированная система с ИИ, которая обеспечивает быстрое и точное планирование имплантации, расчет оптимального положения имплантата, прогнозирование рисков осложнений и при необходимости корректировку плана лечения.

__— Мы переводим стоматологию на принципиально новый уровень — в научно-клиническом центре мы создали уникальную экосистему, в которой фундаментальная наука, подготовка кадров и высокотехнологичная медицинская помощь объединены в едином цифровом контуре, — подчеркнул ректор Сибирского ГМУ Минздрава России Евгений Куликов.__

💬[Подписывайтесь на Минздрав России в МАХ](https://max.ru/minzdrav_ru)

#СделаноВРоссии
#БудущееМедицины",2775,14,0,minzdrav_ru
14466,2026-04-01T13:32:47+00:00,"💊 **В России первый пациент получил персонализированную мРНК-вакцину для лечения рака**

В НМИЦ радиологии Минздрава России 60-летний пациент с диагнозом меланома кожи получил отечественную персонализированную противоопухолевую мРНК-вакцину «НЕООНКОВАК».

__— Начиная сегодня клиническое применение этой новейшей технологии для спасения жизни людей, по поручению Председателя Правительства России Михаила Владимировича Мишустина мы завершаем работу по ее включению в программу государственных гарантий. Таким образом, эта прорывная технология лечения очень скоро станет доступна для граждан нашей страны, нуждающихся по медицинским показаниям в таком лечении, — заявил министр здравоохранения РФ Михаил Мурашко. __

📌 Препарат предназначен для лечения взрослых пациентов с меланомой кожи, когда опухоль нельзя удалить или она дала метастазы, а также после хирургического лечения для предотвращения рецидива заболевания. Вакцину используют в комбинации с другими иммунными препаратами.

«НЕООНКОВАК» изготавливается индивидуально для каждого пациента на основе молекулярно-генетических характеристик его опухоли. Препарат содержит информацию о специфических опухолевых антигенах, что позволяет «настроить» иммунную систему на распознавание и уничтожение опухолевых клеток, включая микроскопические очаги заболевания.

__— С точки зрения самой разработки — мы постарались погрузить туда все лучшее, что есть. Это лучшие генетические конструкции, лучшие генетические элементы. Мы провели большую подготовительную работу, — отметил директор НИЦЭМ им. Н.Ф. Гамалеи Минздрава России Денис Логунов.__

▫️ Курс лечения проходит поэтапно: первые три введения делают на 1-й, 8-й и 15-й день, каждый раз увеличивая дозу. Затем вакцину применяют один раз в 21 день. Всего до 10 инъекций.

▫️ Подготовка препарата осуществляется индивидуально, включая завершающий этап в GMP-лаборатории НМИЦ радиологии Минздрава России непосредственно перед введением.

__— Впервые мы применили мРНК-вакцину, созданную под конкретного пациента. Это принципиально иной подход — не просто лечить заболевание, а «обучать» иммунную систему распознавать и уничтожать именно те клетки, которые представляют угрозу, — подчеркнул генеральный директор НМИЦ радиологии Минздрава России Андрей Каприн.__

↪️ Проект создания вакцины «НЕООНКОВАК» реализован в сотрудничестве НМИЦ радиологии Минздрава России и НИЦЭМ им. Н.Ф. Гамалеи Минздрава России. 

💬 [Подписывайтесь на Минздрав России в МАХ](https://max.ru/minzdrav_ru)

#ЗдоровьеВПриоритете
#СделаноВРоссии",4283,106,3,minzdrav_ru
14458,2026-04-01T11:15:17+00:00,"💭 **Михаил Мурашко: Первичное звено здравоохранения закладывает основу для здоровой и успешной жизни ребенка в будущем**

Министр здравоохранения РФ Михаил Мурашко в ходе визита в Республику Татарстан ознакомился с работой Детской городской поликлиники №11 г. Казани.

__— Модернизация поликлинического звена сегодня является одной из самых приоритетных задач. Первичное звено — это первый контакт родителей и детей с системой здравоохранения. Здесь, в том числе в рамках дней здорового ребенка и профилактических осмотров, закладывается основа для активной и качественной жизни детей, — сказал он.__

➡️ Трехэтажная детская городская поликлиника №11 г. Казани общей площадью более 3,4 тыс. кв. м. открыта в рамках модернизации первичного звена здравоохранения нацпроекта «Продолжительная и активная жизнь».

На первом этаже размещены кабинеты неотложной помощи, травматолога, инфекциониста, процедурные кабинеты и перевязочная. 

Второй — отведен под лечебно-диагностический блок с приемом узких специалистов.

Третий этаж предназначен для проведения исследования клинических анализов.

📎 Просторное медучреждение оснащено современным оборудованием и рассчитано на оказание медицинской помощи более 12 тыс. маленьких пациентов.

__— Большое внимание здесь уделено отечественному оборудованию, — отметил министр. __

🔬 Михаил Мурашко добавил, что Республика Татарстан вносит значимый вклад в развитие отечественной медицинской продукции. 

__— Татарстан производит большое количество медицинского оборудования и компонентов для него, — сказал он. __

💬 [Подписывайтесь на Минздрав России в МАХ](https://max.ru/minzdrav_ru)

#Модернизация
#СделаноВРоссии",2371,10,0,minzdrav_ru
14455,2026-04-01T08:00:40+00:00,"**Десять пострадавших в Нижнекамске доставлены в стационары федеральных медцентров Минздрава России и больницы Москвы**

Пациентов сопровождала сводная бригада медиков ФЦМК Минздрава России. Перелёт они перенесли удовлетворительно.

Ещё 12 пострадавших продолжают лечение в больницах Нижнекамска и Казани. Состояние шести пациентов на сегодня оценивается как тяжёлое, остальных — как средней степени тяжести.

Ещё 49 человек получили медицинскую помощь амбулаторно.

#МедицинаКатастроф",3437,16,0,minzdrav_ru
14454,2026-04-01T06:04:17+00:00,"🩺 **Нейрохирурги Ярославской области исправили пациентке тяжелый вид сколиоза **

57-летняя женщина поступила в Клиническую больницу скорой медицинской помощи им. Н.В. Соловьева с S-образной деформацией позвоночника и постоянными болями в спине. 

Долгое время пациентка не обращалась за медицинской помощью и состояние постепенно прогрессировало.

S-образная деформация позвоночника (сколиоз) опасна прогрессирующим нарушением работы внутренних органов (сердца, легких), хроническими болями, неврологическими нарушениями из-за сдавления нервов и риском инвалидизации при высоких степенях.

После обследования врачи приняли решение о проведении операции.

⚡️ В ходе вмешательства пациентке установили 18-винтовую металлоконструкцию для коррекции и фиксации позвоночника в правильном положении. 
 
Операция длилась три часа и прошла успешно.  
 
❤️ Сейчас женщина чувствует себя лучше и проходит курс реабилитации.

💬 [Получить MAXимум пользы для здоровья](https://max.ru/minzdrav_ru)

#МедицинаРегионов",3017,11,0,minzdrav_ru
14453,2026-03-31T13:02:50+00:00,"🩺 **Михаил Мурашко: Наставничество не должно быть формальным **

В своем выступлении на «Неделе медицинского образования — 2026» министр здравоохранения РФ Михаил Мурашко отметил, что наставничество — не только передача знаний, но и формирование профессиональной идентичности, клинического мышления и ответственности за принимаемые решения. 

__— Развитие наставничества позволит сформировать единые подходы в системе здравоохранения, обеспечит процесс обучения, в том числе использование клинических рекомендаций и порядков оказания медицинской помощи, чёткое понимание, что такое реестры и формуляры лекарственных препаратов, культуру безопасности и, в целом, формирование культуры пациентоцентричности, высоких профессиональных навыков оказания медицинской помощи, — сказал глава Минздрава России.__

Министр уточнил, что важно учитывать при внедрении практики наставничества. 

__— Опытные специалисты, которые будут выполнять функции наставника, не должны быть перегружены, — заявил он. — И главное — нужно уйти от формализма. Необходимо предусмотреть и механизмы стимулирования, в том числе распределение рабочего времени. И, конечно же, в том числе не только практическую, но и теоретическую работу.__

🏅 Михаил Мурашко добавил, что для того, чтобы отметить роль наставника в формировании личности врача, утверждена ведомственная награда Минздрава России — медаль «За наставничество в здравоохранении».

__— Сегодня более 100 человек из подведомственных учреждений, региональных медицинских организаций уже представлены к этой высокой награде, — сказал он.__

#БудущиеВрачи",5373,33,0,minzdrav_ru
14450,2026-03-31T11:03:09+00:00,"📄 **Михаил Мурашко: 48 типовых программ профессиональной переподготовки медиков прошли государственную регистрацию
**
Министр здравоохранения РФ Михаил Мурашко принял участие в открытии XVII общероссийской конференции с международным участием «Неделя медицинского образования — 2026».

➡️ Министр отметил, что Минздрав России активно работает над созданием типовых дополнительных профессиональных программ для всех уровней образования по всем укрупненным группам специальностей медицины и фармации.

__— В настоящее время прошли государственную регистрацию в Минюсте России 48 типовых программ профессиональной переподготовки. 93 программы находятся в высокой степени готовности, — сказал он.__

Михаил Мурашко сообщил, что в 2025 году принят ряд изменений в законодательстве, который закладывает фундаментальную основу для подготовки кадров 🔽

1️⃣ Федеральный закон № 28-ФЗ, направленный на изменение подходов к дополнительному профессиональному образованию.

Министр подчеркнул, что документ внёс значимые изменения в регулирование обучения, в том числе в части лицензирования и реализации образовательных программ.

__— Одно из ключевых изменений — переход от только дистанционных форм обучения к очным форматам, а также к их комбинированию там, где это необходимо и возможно. При этом использование полностью дистанционного обучения теперь чётко ограничено и допускается только в случаях, предусмотренных федеральным законодательством, — сказал он.__

Кроме того, организации, реализующие программы медицинского и фармацевтического образования всех уровней, обязаны будут не позднее 1 сентября 2026 года получить заключение Росздравнадзора на соответствие требованиям к кадровому и материально-техническому обеспечению программ медицинского и фармацевтического образования.

2️⃣ Федеральный закон № 424-ФЗ, регулирующий вопросы кадрового планирования, состоит из нескольких ключевых блоков:

▫️ Развитие целевого обучения;
▫️ Планирование объемов подготовки;
▫️ Усиление ответственности за неисполнение целевого договора;
▫️ Наставничество в здравоохранении. 

__—  2026 год — это период имплементации этих актов в практическую деятельность образовательных медицинских организаций, — уточнил министр.__

💬 [Получить MAXимум пользы для здоровья](https://max.ru/minzdrav_ru)

#БудущиеВрачи",5692,24,0,minzdrav_ru
14449,2026-03-31T06:03:35+00:00,"👵 **Специалисты Рязанской области вернули возможность ходить 95-летней пациентке**
 
Женщина поступила в Первое травматологическое отделение Городской клинической больницы скорой медицинской помощи г. Рязани с переломом левого тазобедренного сустава после падения.

➡️ Это серьезная травма опорно-двигательного аппарата, которая может привести к инвалидности и потере возможности самостоятельно передвигаться. Особенно тяжело повреждение переносят пожилые люди.

По результатам обследования врачи приняли решение о проведении  экстренного эндопротезирования.

📎 В ходе операции специалисты заменили поврежденный левый тазобедренный сустав на специальный имплант.

❤️ После вмешательства женщина прошла курс реабилитации и начала снова ходить.

💬 [Получить MAXимум пользы для здоровья](https://max.ru/minzdrav_ru)

#МедицинаРегионов",21284,13,3,minzdrav_ru
14445,2026-03-30T17:05:18+00:00,"🏖 **#ПростыеПравила****: Как похудеть без вреда для здоровья**

Об этом рассказала заместитель главного врача КДЦ НМИЦ терапии и профилактической медицины Минздрава России по клинико-экспертной работе Елена Игнатикова.

❗️ При желании похудеть не стоит прибегать к быстрым способам: чрезмерным физическим нагрузкам, экстремальным диетам. Такие методы не только неэффективны, но и опасны для здоровья.

🗒 В организме при резком ограничении калорийности (менее 1200-1500 ккал/сут):

▫️ замедляется обмен веществ;
▫️ снижается выработка лептина (гормона насыщения);
▫️ повышается уровень кортизола (гормона стресса).

После завершения такой диеты вес возвращается, как правило, с несколькими лишними килограммами. Грамотно выстроить рацион и определить допустимый дефицит калорий поможет специалист.

🤔 Что нужно для правильного снижения веса:

▫️ сбалансированное питание;
▫️ умеренная физическая активность;
▫️ здоровый сон и контроль стресса.

Подробнее о том, как похудеть и не навредить себе — смотрите в наших карточках 🖼

О полезных привычках смотрите на сайте ➡️ [ТакЗдорово ](https://www.takzdorovo.ru/)

💬 [Получить MAXимум пользы для здоровья](https://max.ru/minzdrav_ru)",5961,56,0,minzdrav_ru
14441,2026-03-30T14:30:50+00:00,"🌐 **Михаил Мурашко провел встречу с вице-премьером Кубы Оскаром Перес-Оливой Фрагой**

В Санкт-Петербурге министр здравоохранения РФ Михаил Мурашко встретился с вице-премьером – министром внешней торговли и иностранных инвестиций Республики Куба Оскаром Перес-Оливой Фрагой и Министром здравоохранения Кубы Хосе Анхелем Порталем Мирандой. В ходе переговоров министры обсудили широкий спектр вопросов двустороннего сотрудничества в сфере здравоохранения.

__— Сегодня наиболее активное сотрудничество с кубинскими коллегами реализуется по двум направлениям. Первое — образование, в частности последимпломное: более 120 специалистов уже повысили квалификацию в нашей стране. Второе — вопросы материнства и детства. Отдельно стоит выделить фармацевтическое взаимодействие, у коллег есть направления, которые являются инновационными, в том числе по разработкам ряда лекарственных препаратов, — сообщил Михаил Мурашко.__

Министр здравоохранения РФ отметил многолетние дружественные связи между Россией и Кубой, основанные на принципах взаимовыручки и приверженности высоким гуманитарным идеалам, и дал высокую оценку кубинской системе здравоохранения и ее международному влиянию.

➡️ Стороны выразили заинтересованность в вопросах повышения доступности  лекарственных препаратов, в том числе инновационных, российского и кубинского производства.

Кубинская делегация ознакомилась с инфраструктурой НМИЦ им. В. А. Алмазова Минздрава России. В частности, ей представили гибридную операционную, отделение детской онкогематологии, ситуационный и телемедицинский центр. Гости отметили высокий уровень инфраструктуры центра и органозации оказания медицинской помощи.

__— В рамках общения в НМИЦ им. В. А. Алмазова Минздрава России, — одном из крупнейших центров Европы, — коллеги ознакомились с опытом центра в использовании искусственного интеллекта, работой аналитического подразделения, интегрированных операционных, в которых могут выполняться самые сложные операции, — рассказал глава Минздрава России.__

📄 В ходе встречи был подписан Меморандум о взаимопонимании между Научным центром экспертизы средств медицинского применения Минздрава России и Центром по государственному контролю над медикаментами, медицинским оборудованием и приборами Республики Куба (СЕКМЕД).

По итогам переговоров стороны подтвердили заинтересованность в развитии двустороннего сотрудничества по всем направлениям в сфере здравоохранения и наметили конкретные шаги для его реализации.              

📎 Ранее в Шымкенте председатель Правительства России Михаил Мишустин встретился с вице-премьером – министром внешней торговли и иностранных инвестиций Кубы Оскаром Перес-Оливой Фрагой.

Стороны обсудили актуальные вопросы двустороннего взаимодействия для дальнейшего выстраивания конструктивного диалога.

💬 [Получить MAXимум пользы для здоровья](https://max.ru/minzdrav_ru)

#МеждународноеСотрудничество",2491,20,0,minzdrav_ru
14440,2026-03-30T13:33:29+00:00,"🚁 **Более 500 пациентам оказали помощь врачи санавиации Ямало-Ненецкого автономного округа с начала года**
 
Вертолеты санитарной авиации округа совершили 309 вылетов. Медицинскую помощь получили 547 пациентов, каждый пятый из них — ребенок.
 
➡️ Все пациенты эвакуированы в крупные медучреждения региона. Причинами для транспортировки стали болезни сердечно-сосудистой системы, отравления, различные травмы и другие патологии.
 
Отметим, что в территориальном центре медицины катастроф активно внедряются телемедицинские технологии — в этом году при вылете на санзадание и во время его выполнения проведено около 2,5 тыс. консультаций. 

📎 Кроме оказания экстренной помощи работники санитарной авиации также доставляют лекарства в медучреждения, расположенные в самых отдаленных уголках Крайнего Севера. 

💬 [Получить MAXимум пользы для здоровья](https://max.ru/minzdrav_ru)
 
#МедицинаРегионов",2684,5,0,minzdrav_ru
14439,2026-03-30T10:01:42+00:00,"👨‍⚕️ **Молодой терапевт приступил к работе в амбулатории села Червоная Поляна ЛНР
**
Молодой врач Артем Коробкин начал работу в амбулатории села Червоная Поляна Антрацитовского муниципального округа по программе «Земский доктор». 

➡️ Артем Коробкин — выпускник Луганского ГМУ им. Святителя Луки Минздрава России. За его плечами уже есть практический опыт: он работал медбратом-анестезистом в Луганском республиканском клиническом онкодиспансере, затем вел прием в качестве терапевта в Луганской городской поликлинике.

Решение связать профессиональную судьбу с сельской медициной было принято осознанно. Для него это не просто работа, а возможность внести личный вклад в развитие первичного звена здравоохранения.

Сегодня молодой специалист ежедневно принимает пациентов, обеспечивая своевременную диагностику и лечение заболеваний. 

💬 [Получить MAXимум пользы для здоровья](https://max.ru/minzdrav_ru)

#МедицинаРегионов
#БудущееМедицины",3781,8,0,minzdrav_ru
14438,2026-03-29T13:04:58+00:00,"🏥 **В больнице Мурманской области завершился капитальный ремонт отделения анестезиологии и реанимации**
 
В Кандалакшской центральной районной больнице открылось обновленное отделение анестезиологии и реанимации. 

➡️ В ходе капитального ремонта проведена полная перепланировка и замена всех инженерных сетей.

В отделении обустроили палату пробуждения, противошоковую палату, диагностический и манипуляционный кабинеты, а также выделили специализированные зоны интенсивной терапии, в том числе для новорожденных.
 
🔬Обновленное пространство полностью отвечает всем необходимым требованиям. В отделение поставили новые аппараты искусственной вентиляции легких, наркозно-дыхательные аппараты и другие.
 
👇Кроме того, в рамках ремонта полностью укомплектованы рабочие места, ординаторская, кабинеты заведующего и старшей медицинской сестры, а также комнаты отдыха для младшего медицинского персонала и необходимые подсобные помещения.

💬 [Получить MAXимум пользы для здоровья](https://max.ru/minzdrav_ru)
 
#Модернизация",3735,6,1,minzdrav_ru
14437,2026-03-29T06:00:26+00:00,"🤩 **Воронежские врачи восстановили нормальную работу сердца 9-месячному ребенку**

Сразу после рождения врачей насторожил шум в сердце у девочки, поэтому ребенка вместе с мамой перевели в профильное отделение Воронежской областной детской клинической больницы №1.

🔬 Специалисты провели обследование и установили диагноз: редкий врожденный порок сердца.

➡️ У ребенка вместо двух отдельных клапанов был один общий канал между предсердиями и желудочками. 

Это сильно перегружало все отделы сердца и малого круга кровообращения, а также угрожало необратимыми изменениями в лёгких.

Вес малышки не позволял сразу же выполнить операцию, поэтому на время врачи назначили ей поддерживающую консервативную терапию, чтобы состояние ребенка оставалось стабильным.

🚑 В девять месяцев, когда девочка набрала нормальную массу тела, ребенка госпитализировали в кардиохирургический центр Воронежской областной клинической больницы №1 для проведения вмешательства.

__— Наша задача была крайне сложной: разделить клапан на два отдельных входа и закрыть дефекты в межжелудочковой и межпредсердной перегородках с помощью синтетических заплаток, — рассказал детский кардиохирург Сергей Быков.__

Операция проводилась в условиях искусственного кровообращения. На время вмешательства сердце «остановили», а его функцию выполнял специальный аппарат. 

❤️ Операция длилась три часа и прошла успешно. Сейчас ребёнок чувствует себя хорошо, ее выписали домой под амбулаторное наблюдение.

💬 [Получить MAXимум пользы для здоровья](https://max.ru/minzdrav_ru)

#ЗдоровьеДетей",19938,10,0,minzdrav_ru
14432,2026-03-28T15:03:30+00:00,"💭 **Андрей Плутницкий: Проект «****#ДоброВСело****» объединяет неравнодушных людей, для которых помощь и забота о ближнем — ежедневное дело**

Замминистра здравоохранения РФ Андрей Плутницкий обратился к участникам нового сезона Всероссийского проекта «#ДоброВСело».

__— Проект «____#ДоброВСело____» объединяет неравнодушных людей, для которых помощь и забота о ближнем являются ежедневным делом, — сказал он. — Это помощь медицинским работникам в ФАПах, поддержка здоровья граждан в сельской местности и отдаленных районах, привлечение молодежи к волонтерской деятельности, забота о старшем поколении, а также обеспечение равного доступа к медицинским услугам для всех граждан, независимо от их местонахождения.__

➡️ Так, в рамках проекта волонтеры-медики с 2016 года совместно с медицинским персоналом выезжают в отдаленно расположенные ФАПы для медицинского консультирования населения, проведения диагностических и просветительских мероприятий с целью выявления заболеваний и факторов риска их возникновения.

📎 Андрей Плутницкий подчеркнул, что «#ДоброВСело» объединяет ценности, которые также отражены в нацпроектах. 

__— Этот проект объединяет в себе все те ценности, которые мы транслируем в наших национальных проектах «Продолжительная и активная жизнь» и «Молодежь и дети». Хочу поблагодарить каждого из вас за вклад в общее дело. Вы делаете здравоохранение не просто системой — вы превращаете его в живой организм, где есть место человеческому теплу, вниманию и поддержке, — заключил он.

__💬 [Получить MAXимум пользы для здоровья](https://max.ru/minzdrav_ru)

#ЗдоровьеВПриоритете",3177,6,0,minzdrav_ru
14431,2026-03-28T13:04:14+00:00,"🫁 **Астраханские врачи спасли пациента с тотальным поражением легких**

Молодой человек поступил в инфекционный госпиталь Городской клинической больницы №3 им. С.М.Кирова с высокой температурой, сильным кашлем и одышкой. 

📌 Симптомы появились после длительного переохлаждения. Молодой человек обратился за помощью лишь через 10 дней после первых признаков заболевания.

Врачи диагностировали тотальную двустороннюю пневмонию, дыхательную недостаточность и нарушение функций печени. Без своевременной помощи такое состояние опасно критическим кислородным голоданием органов и риском их отказа.

➡️ Из-за тяжелейшей дыхательной недостаточности пациента перевели на искусственную вентиляцию легких и медикаментозную седацию. Также ему выполнили операцию по рассечению передней стенки трахеи  (нижнюю трахеостомию). Специалисты неоднократно очищали трахею и бронхи от слизи и мокроты для восстановления дыхательных путей.

Результаты анализов и компьютерной томографии показали положительную динамику: абсцессы легких значительно уменьшились, некоторые и вовсе закрылись.

❤️ Пациент уже может дышать самостоятельно, уровень насыщенности крови кислородом достиг нормы. Сейчас молодой человек проходит реабилитацию.

💬 [Получить MAXимум пользы для здоровья](https://max.ru/minzdrav_ru)

#МедицинаРегионов",2709,5,0,minzdrav_ru
14430,2026-03-28T10:01:39+00:00,"🧍‍♂ **Михаил Мурашко назвал задачи развития первичного звена **

Министр здравоохранения РФ Михаил Мурашко обратился к участникам Всероссийского конгресса по вопросам первичной медико-санитарной помощи в Уфе.

Министр отметил, что приоритетное направление в развитии и работе первичного звена здравоохранения — поддержка медицинских специалистов.

__— Именно от их профессионализма, вовлеченности и умения выстраивать диалог зависит доверие пациента и формирование его ответственного отношения к своему здоровью. Поддержка наших специалистов, создание условий для их развития и работы — это основа качественной медицинской помощи, — сказал он.__

Михаил Мурашко подчеркнул, что перед первичным звеном всегда стоят амбициозные задачи:

1️⃣ Повышение эффективности диспансеризации и профилактических осмотров, ранняя диагностика и своевременное лечение;

__— Мероприятия раннего выявления наиболее опасных заболеваний являются реальными инструментами, позволяющими своевременно оказывать помощь и спасать жизни людей. Пациентов с выявленной патологией необходимо оперативно брать под наблюдение и, там, где нужно, направлять на стационарное лечение, — сказал он.__

2️⃣ Расширение функций сети Центров здоровья, которые должны стать полноценным пространством медицины здорового долголетия;

3️⃣ Укрепление межведомственного
и межсекторального сотрудничества.

__— Кроме того, нам необходимо укреплять межведомственное
и межсекторальное сотрудничество, формируя систему, в которой выстроена эффективная модель партнерства, основанного на доверии и взаимопонимании, — сказал он.

__💬 [Получить MAXимум пользы для здоровья](https://max.ru/minzdrav_ru)

#ЗдоровьеВПриоритете",5782,34,0,minzdrav_ru
14429,2026-03-27T16:05:14+00:00,"👁️ **Офтальмологи Архангельской области вернули зрение пациенту с металлической проволокой в глазу**

В Архангельскую клиническую офтальмологическую больницу поступил пациент с глубоким проникающим ранением правого глаза, полученным на производстве.

➡️ Мужчина практически не видел. Острота зрения составляла 0,01 и не поддавалась коррекции очками или контактными линзами.

Специалисты провели обследование. Металлическая проволока длиной 16 мм частично выступала в переднюю камеру глаза.

➡️ Сначала в ходе операции врачи удалили помутневший хрусталик, поврежденный во время травмы и заменили его на искусственный. 

Затем они удалили стекловидное тело, извлекли кусок проволоки и запаяли участки сетчатки с помощью лазера. 

📎 Полость глаза врачи заполнили силиконовое маслом для восстановления.

__— Уже после первого этапа острота зрения улучшилась, пациент начал видеть, — рассказал офтальмолог микрохирургического отделения отделения №1 Калерия Днестрянская.__

Спустя месяц врачи приступили ко второму этапу и через несколько микроскопических проколов удалили из глаза силиконовое масло. 

❤️ Сейчас мужчина чувствует себя хорошо. Его выписали домой со значительным улучшением: острота зрения составила 0,7. Это 70% от условной нормы, при которой человек видит хорошо вблизи.

💬 [Получить MAXимум пользы для здоровья](https://max.ru/minzdrav_ru)

#МедицинаРегионов",3077,7,7,minzdrav_ru
14428,2026-03-27T14:41:00+00:00,"🏥 **Михаил Мурашко: В России введено в эксплуатацию более 1,3 тыс. новых объектов здравоохранения за 2025 год **

Об этом заявил министр здравоохранения РФ Михаил Мурашко, обращаясь к участникам Всероссийского конгресса по вопросам первичной медико-санитарной помощи в Уфе.

➡️ Министр отметил, что с начала реализации нацпроекта «Продолжительная и активная жизнь» создаются условия для совершенствования первичной медико-санитарной помощи. 

__— Только за 2025 год введено в эксплуатацию более 1,3 тыс. новых объектов, проведен капитальный ремонт в 2 тыс. зданий, поставлено более 46 тыс. единиц оборудования
и более 3 тыс. единиц автотранспорта, — сказал он.__

Важно, что доля отечественного оборудования в первичном звене сегодня достигает уже 70%, добавил Михаил Мурашко

📄 Он уточнил, что всего за время реализации программы модернизации первичного звена построено и отремонтировано 14 тыс. медицинских объектов. 

__— Медицинская помощь становится доступнее даже на отдаленных территориях, в том числе благодаря работе передвижных медицинских комплексов, — сказал Михаил Мурашко.__
 
Отдельно министр отметил реализацию планов по модернизации первичного звена в Республике Башкортостан, где сегодня проходит конгресс.

Так, за пять лет в регионе:

▫️ введено 495 быстровозводимых модульных объектов;
▫️ проведен ремонт 82 зданий;
▫️ поставлено около 19 тыс. ед. медицинской техники и 657 единиц автотранспорта. 

__— За каждой из этих цифр — люди, которые вовремя получили помощь, избежав тяжелых последствий. Уверен, что регион продолжит динамичное развитие на благо жителей, — заключил глава Минздрава России.__

💬 [Получить MAXимум пользы для здоровья](https://max.ru/minzdrav_ru)

#Модернизация
#МедицинаРегионов",2972,16,0,minzdrav_ru
14427,2026-03-27T13:33:16+00:00,"🧑🏻‍⚕️ **Специалисты федерального центра Минздрава России провели реконструкцию деформированных стоп **

Пациентка поступила в Новосибирский НИИ травматологии и ортопедии им. Я. Л. Цивьяна Минздрава России с сильной деформацией десяти пальцев на ногах, вызванной ревматоидным артритом.

📎 В последнее время боль и слабость в суставах ног постепенно усиливались на фоне прогрессирующего изменения формы стоп. Кроме того, возникли трудности с подбором обуви — вместо привычного 38 размера женщина носила 41-й.

После лекарственной терапии врачи приняли решение о проведении операции Клейтона-Хоффмана для коррекции деформации, в ходе которой исправили вывихи малых пальцев и зафиксировали их спицами.

__— Мы убрали разрушенные давящие головки плюсневых костей, тем самым добились снижения напряжения на тканях. Пальцы встают в правильное анатомичное положение, уходит подошвенное давление, — рассказал хирург-ортопед Новосибирского НИИ травматологии и ортопедии им. Я.Л. Цивьяна Минздрава России Матвей Лучшев.__

❤️ Операция прошла успешно. Сейчас стопы пациентки работают правильно. В скором времени она сможет носить обычную обувь и продолжать лечение.

💬 [Получить MAXимум пользы для здоровья](https://max.ru/minzdrav_ru)

#СетьНМИЦев",2725,7,2,minzdrav_ru
14424,2026-03-27T10:01:26+00:00,"🥇 **Минздрав России представил новые ведомственные награды**

С 2026 года Минздрав России учредил новые ведомственные награды для поощрения лиц, внесших значительный вклад в развитие отечественного здравоохранения. 

▫️ Медаль имени Сергея Петровича Боткина присуждается практикующим врачам и медицинским работникам, в том числе тем, кто оказывает помощь в условиях чрезвычайных ситуаций, эпидемий и военных действий;

▫️ Медаль имени Ивана Петровича Павлова — за выдающиеся научные исследования и разработки в области медицины, признанные в России и за рубежом;

▫️ Медаль «За содействие в охране здоровья» предназначена для государственных служащих, работников органов власти и иных граждан, способствующих развитию здравоохранения, а также для иностранных специалистов;

▫️ Медаль «За международные усилия по укреплению общественного здоровья» вручается международным деятелям и представителям органов здравоохранения иностранных государств за укрепление сотрудничества с Россией, участие в международных исследовательских программах и развитие партнерских связей;

▫️ Медаль «За наставничество в здравоохранении» присуждается лучшим наставникам за многолетний личный вклад в профессиональное становление молодых специалистов.

💬 [Получить MAXимум пользы для здоровья](https://max.ru/minzdrav_ru)",3082,29,0,minzdrav_ru
14423,2026-03-27T06:04:37+00:00,"🔬**В Клинику университета Минздрава России поставили новое оборудование для диагностики ментальных нарушений **

Современная отечественная техника для нейрофизиологических исследований и немедикаментозной коррекции нарушений поступила в Университетскую клиническую больницу №4 Саратовского ГМУ им. В.И. Разумовского Минздрава России.

➡️ Оборудование расширяет возможности диагностики ментальных расстройств и функционального состояния организма у взрослых и детей. А также назначать более эффективное лечение на ранних стадиях заболеваний и дополнительно оценивать его результаты.

__— Полученный прибор выполняет все методики исследования биоэлектрических потенциалов мозга как в состоянии бодрствования, так и в состоянии сна, а также регистрирует нарушения со стороны дыхательной и сердечно-сосудистой системы, определяет причины нарушения сна и нарушения цикла сон-бодрствование, — рассказала заместитель главного врача Елена Макарян.__

📌 Так, аппарат может использоваться при синдроме дефицита внимания и гиперактивности у детей.

__— Оборудование помогает детям с когнитивными нарушениями расширить диапазон функциональных возможностей, снизить импульсивность и раздражительность, — пояснила заведующая отделением ментального здоровья детей и подростков Екатерина Карабанова.__

У взрослых данный метод применяется для преодоления фобий, патологических зависимостей и пристрастий, коррекции психосоматических нарушений, а также для восстановления нарушенных функций при нейрореабилитации.

💬 [Получить MAXимум пользы для здоровья](https://max.ru/minzdrav_ru)

#СделаноВРоссии",3305,9,0,minzdrav_ru
14422,2026-03-26T16:32:33+00:00,"🤰 **Врачи Самарской области помогли женщине с тяжелой патологией почек выносить и родить здорового ребёнка**

Беременная пациентка на раннем сроке поступила в Самарскую областную клиническую больницу им. В.Д. Середавина после консультации акушера-гинеколога. 

➡️ В ходе обследования по месту жительства у нее выявили белок и повышение креатинина сыворотки крови, что указывало на нарушение функции почек.

Специалисты больницы провели дополнительные исследования и диагностировали у пациентки хроническую болезнь почек, которая могла привести к преждевременным родам и угрожала жизни плода. 

🩺 Врачи назначали женщине терапию для коррекции обменных процессов, поддержания функции почек и стабилизации почечной гемодинамики. 
__
— Такие пациентки требуют внимательного динамического контроля. Важно было вовремя отличать возможные акушерские осложнения от проявлений основного заболевания почек и не допустить ухудшения состояния ни матери, ни ребёнка, — отметила нефролог Ольга Седашкина.__

Благодаря слаженной работе специалистов ребёнок родился здоровым с нормальной массой тела на 39 неделе.

❤️ После родов у женщины  улучшилась работа почек. Сейчас пациентка продолжает наблюдение у нефролога и получает лечение, совместимое с грудным вскармливанием.

💬 [Получить MAXимум пользы для здоровья](https://max.ru/minzdrav_ru)

#МедицинаРегионов",2925,6,0,minzdrav_ru
14416,2026-03-26T13:33:25+00:00,"🔎  **#ПростыеПравила****: Что делать при укусе клеща?**

Об этом рассказала хирург КДЦ НМИЦ терапии и профилактической медицины Минздрава России Елена Костылева.

__— Весна — время повышенной активности клещей. Выходя на природу, важно помнить, что клещи — переносчики опасных инфекций, прежде всего клещевого вирусного энцефалита и иксодового клещевого боррелиоза (болезни Лайма), — сказала она.
__
📎  После укуса клеща необходимо удалить его как можно скорее, подчеркнула Елена Костылева.

__— Удалять клеща необходимо в травмпункте или хирургическом кабинете поликлиники, — сказала эксперт. __

⚡️ Категорически запрещено заливать клеща маслом, керосином, прижигать его. 

__— Это вызывает у клеща «срыгивание» содержимого: таким образом вирусы или бактерии попадают в кровь, — уточнила Елена Костылева.__

При повышении температуры, головной боли, ломоте, а главное —появлении красного пятна (эритемы) на месте укуса — немедленно обращайтесь к врачу.

Подробнее о том, что делать при укусе клеща и как себя защитить, смотрите в наших карточках  ⬆️

О полезных привычках смотрите на сайте ➡️[ ТакЗдорово](https://www.takzdorovo.ru/)

💬 [Получить MAXимум пользы для здоровья](https://max.ru/minzdrav_ru)",14888,177,0,minzdrav_ru
14413,2026-03-26T10:45:54+00:00,"🏥 **В Новгородской области открылось детской травматологическое отделение после капитального ремонта** 

Травматологическое отделение Новгородской областной детской больницы оказывает помощь более 1,2 тыс. детей со всего региона.

➡️ В обновленном здании появилась игровая комната, а палаты оснастили современным оборудованием. Кроме того, в отдельных боксах установлены тревожные кнопки для срочного вызова врача.

__— Пациенты травматологии — это дети с переломами, с врожденными ортопедическими патологиями. Мы постарались создать комфортные условия и для наших маленьких пациентов, и для медицинских сотрудников, — сказала и.о. главного врача областной детской больницы Ерануи Барсегян.__

Для детей, поступающих с ожоговыми травмами, обновили ключевые лечебные зоны: 

🔴 процедурный кабинет;
🔴 перевязочная комната.

Кроме того, в травматологическом отделении появился новый гипсовальный стол сочетающий в себе функции перевязочного, а также в каждой палате установили индивидуальные настенные консоли с подачей кислорода в экстренных ситуациях.

💬 [Получить MAXимум пользы для здоровья](https://max.ru/minzdrav_ru)

#Модернизация
#МедицинаРегионов",2412,4,0,minzdrav_ru
14412,2026-03-26T05:59:57+00:00,"👨‍⚕️ **Специалисты федерального центра Минздрава России вернули женщине способность говорить и двигаться**

Пациентка поступила в НМИЦ нейрохирургии им.ак. Н.Н. Бурденко Минздрава России с диагнозом — болезнь Такаясу. Это воспалительное заболевание, при котором организм атакует собственные сосуды, перекрывая кровь жизненно важным органам.

➡️ В ходе обследования врачи обнаружили, что три магистральных сосуда были полностью закрыты. Кровь не могла добраться до левого полушария, которое отвечает за речь и движение правой половины тела.

Для восстановления нормального кровотока хирурги соединили правую и левую артерию с помощью специального протеза. Благодаря этому кровоток с левой стороны был восстановлен.

❤️ Сейчас пациентка чувствует себя хорошо. У нее постепенно нормализовались речевые функции и улучшились движения в правой руке и ноге.

💬 [Получить MAXимум пользы для здоровья](https://max.ru/minzdrav_ru)

#СетьНМИЦев",2632,10,2,minzdrav_ru
14410,2026-03-25T16:19:57+00:00,"Сегодня среда, а значит... #НаучнаяСреда

🧬  **Ученые Башкирского ГМУ Минздрава России разработали отечественную тест-систему для выявления «бактерии стройности»**

В Лаборатории микробиома человека Башкирского ГМУ Минздрава России создали инновационную тест-систему. Она позволяет быстро и точно определять количество бактерии Akkermansia muciniphila в организме человека.

💡  Эту микрокультуру также называют «бактерией стройности». Она является важным маркером здоровья метаболизма, выполняя роль невидимого регулятора обменных процессов.

↪️ Особенности технологии:

🔴  ранее для точного количественного определения бактерии требовалось полногеномное секвенирование — сложный и длительный процесс;
🔴  новая тест-система быстро определяет конкретную бактерию и проводит качественный и количественный анализ. 

📌  Технология позволит объективно мониторить эффективность терапии для пациентов с метаболическими нарушениями. 

__— Мы не просто нашли бактерию, мы нашли применение этому знанию. Тест-система поможет врачам управлять микробиомом для профилактики целого спектра социально значимых заболеваний, — заявил ректор Башкирского ГМУ Минздрава России Валентин Павлов.__

💬 [Получить MAXимум пользы для здоровья](https://max.ru/minzdrav_ru)

#СделаноВРоссии
#БудущееМедицины",4249,19,0,minzdrav_ru
14409,2026-03-25T13:00:20+00:00,"📝 **В России утверждена Концепция развития первой помощи до 2036 года**

Председатель Правительства РФ Михаил Мишустин утвердил Концепцию развития первой помощи до 2036 года.

__— Навыки того, как правильно позаботиться о человеке, попавшем в беду, нужны каждому. Умение быстро сориентироваться, оказать первую помощь, предпринять соответствующие действия нередко позволяет спасти жизнь человеку, предотвратить осложнения для здоровья. Важно, чтобы у людей был набор знаний, как действовать в экстренной ситуации, чтобы помочь и себе, и своим близким, — подчеркнул Михаил Мишустин. __

📌 Заместитель председателя Правительства РФ Татьяна Голикова отметила, что с 2024 года навыкам оказания первой помощи обучено почти 3,2 млн граждан, подготовлено почти 14 тыс. инструкторов и более 2 тыс. преподавателей. Именно для систематизации такой работы было принято решение утвердить Концепцию.

По её словам, основным результатом станет обеспечение готовности населения к эффективному оказанию первой помощи при возникновении жизнеугрожающих состояний.

🩺 Главный внештатный специалист по первой помощи Минздрава России Андрей Колодкин отметил, что Концепция направлена на формирование единой культуры в сфере первой помощи. 

__— Также она нацелена на повышение грамотности населения, обеспечение готовности граждан эффективно действовать при возникновении жизнеугрожающих состояний, — уточнил он.__

Концепция обеспечит:

🔴 доступность обучения для граждан;
🔴 системный подход к повышению грамотности и формированию культуры первой помощи;
🔴 подготовку необходимого количества инструкторов и преподавателей;
🔴 координацию и взаимодействие органов государственной власти на всех уровнях с некоммерческими организациями;
🔴 создание информационно-просветительского контента, повышение доверия к соответствующим сведениям;
🔴 поддержку бизнес-инициатив по разработке и внедрению программ, направленных на повышение грамотности и формирование культуры первой помощи.

__— Кроме того, в рамках реализации Концепции продолжится работа по обеспечению участников оказания первой помощи медицинскими изделиями и лекарственными препаратами. Речь идет о комплектации аптечек, укладок, комплектов и наборов соответствующего назначения, — добавил Андрей Колодкин.__

➡️ Он уточнил, что одна из важных задач по совершенствованию первой помощи — создание в рамках Концепции отраслевых государственных программ, а также корпоративных программ и проектов. 

__— Наряду с ними будут реализовываться инициативы общественных объединений. Все они должны включать вопросы развития первой помощи и общий мониторинг ее организации и оказания, — заключил главный внештатный специалист по первой помощи Минздрава России.__

💬 [Получить MAXимум пользы для здоровья](https://max.ru/minzdrav_ru)

#ЗдоровьеВПриоритете",30442,161,0,minzdrav_ru
14408,2026-03-25T10:40:19+00:00,"👶 **Врачи Краснодарского края удалили опухоль в желудке у 4-месячного ребёнка **

Малыш поступил в Детскую краевую клиническую больницу с объемной опухолью, которая занимала значительное пространство внутри органа. У малыша она росла сразу в двух направлениях: наружу — выпячиваясь за пределы стенки желудка, и внутрь — прорастая вглубь тканей.

➡️ Новообразование полностью затронуло заднюю стенку желудка, что привело к тяжёлым осложнениям. У ребёнка возникло желудочное кровотечение и развилась анемия.

Врачи приняли решение о проведении экстренной операции. Они полностью удалили опухоль и восстановили повреждённую часть органа. По результатам гистологии образование оказалось доброкачественным.

❤️ Операция прошла успешно и сейчас малыш чувствует себя хорошо. Он находится под наблюдением у специалистов. 

💬 [Получить MAXимум пользы для здоровья](https://max.ru/minzdrav_ru)

#МедицинаРегионов",4370,12,2,minzdrav_ru
14400,2026-03-24T16:05:37+00:00,"🤔 #ИсторияМедицины: **Как туберкулез в России перестал быть смертельным заболеванием**

Около ста лет назад туберкулез считался смертельным приговором, но благодаря последовательной работе врачей, ученых и организаторов здравоохранения ситуация изменилась кардинально.

🏆 Сегодня туберкулез — излечим.

Подробную историю медицины смотрите в наших карточках 🖼️

**Материал подготовлен совместно с НМИЦ фтизиопульмонологии и инфекционных заболеваний Минздрава России**

**24 марта — Всемирный день борьбы с туберкулезом**

💬 [Получить MAXимум пользы для здоровья](https://max.ru/minzdrav_ru)",4512,37,0,minzdrav_ru
14399,2026-03-24T14:25:57+00:00,"📄 **Михаил Мурашко: В 2025 году первичная заболеваемость туберкулёзом составила 23,9 на 100 тыс. населения**

Об этом заявил министр здравоохранения РФ Михаил Мурашко.

➡️ Он отметил, что существующая система борьбы с туберкулезом в России дает устойчивый результат — это подтверждает многолетняя динамика эпидемиологических показателей. 

__— Ежегодно мы обновляем исторические минимумы эпидпоказателей, которые еще десять лет назад казались труднодостижимыми. В 2021 году Россия исключена из списка стран с высоким бременем туберкулеза. В 2025 году первичная заболеваемость туберкулёзом составила 23,9 на 100 тыс. населения, — сказал министр.__

📎 Глава Минздрава России подчеркнул, что внедрение современных диагностических решений, в частности отечественного теста «Диаскинтест», который признан на международном уровне, позволило вывести детский скрининг туберкулеза на принципиально новый уровень. 

— Мы имеем инструмент, который точно разделяет иммунный ответ после прививки и реальную инфекционную угрозу, исключая медицинские вмешательства там, где их можно избежать, — уточнил Михаил Мурашко.

✅ Министр добавил, что именно вакцинация остается тем фундаментом, который обеспечивает защиту детского населения от тяжелых форм заболевания. 

__— В сочетании с ранним выявлением и персонализированной терапией это позволяет не только контролировать распространение инфекции, но и уверенно говорить о том, что туберкулез в России перестал быть эпидемической проблемой. Все необходимые мероприятия — от диагностики до лечения — доступны для населения и предоставляются гражданам бесплатно, — сказал он.__

Также Михаил Мурашко подчеркнул, что регулярное прохождение профилактических осмотров и диспансеризации позволяет своевременно выявить инфекцию на доклинической стадии и не только начать лечение на самых ранних этапах, но и предотвратить распространение возбудителя среди окружающих. 

__— Ответственное отношение к плановым обследованиям — вклад не только в собственное здоровье, но и в коллективную безопасность, — заявил министр.
__
🌐 Важно, что Россия движется в русле глобальной повестки, добавил Михаил Мурашко.

__— По оценкам ВОЗ, туберкулез остается одной из инфекционных угроз в мире, и в этом контексте наши результаты являются доказательством эффективности комплексного подхода, который включает доступную первичную профилактику, современные методы лечения и, что принципиально важно, массовую иммунизацию, — заключил он.__

**24 марта — Всемирный день борьбы с туберкулезом **

💬 [Получить MAXимум пользы для здоровья](https://max.ru/minzdrav_ru)

#ЗдоровьеВПриоритете",5148,26,3,minzdrav_ru
14398,2026-03-24T13:25:24+00:00,"🧑🏻‍⚕️ **Врачи Саратовской области спасли пациентку с расслоением аорты **

В Областной клинический кардиологический диспансер в экстренном порядке поступила  62-летняя пациентка.

➡️ В ходе обследования врачи диагностировали **расслоение аорты** I типа, осложненное острой тяжелой недостаточностью аортального клапана.

💡 **Расслоение аорты** — крайне опасное для жизни состояние, при котором нарушается целостность стенки главной артерии организма.

Врачи приняли решение о проведении экстренной операции.

В ходе вмешательства специалисты удалили повреждённый участок аорты и выполнили протезирование. 

❤️ Операция длилась семь часов и прошла успешно. Сейчас пациентка чувствует себя хорошо, её выписали домой под амбулаторное наблюдение.

💬 [Получить MAXимум пользы для здоровья](https://max.ru/minzdrav_ru)

#МедицинаРегионов",19581,10,0,minzdrav_ru
14397,2026-03-24T10:40:54+00:00,"🏥** В Нижегородской области открылся новый офис врача общей практики **

В деревне Березовка начал работу новый офис врача общей практики. 

➡️ В медучереждении расположены  кабинеты специалистов, смотровой и процедурный кабинеты, а также помещение для физиотерапии.

Прием пациентов будут вести врач общей практики, фельдшер и медицинская сестра.

__— Раньше наше медучреждение находилось на первом этаже жилого дома, что не отвечало современным требованиям. Созданные условия позволяют оказывать медицинскую помощь на новом уровне, — сказала врач общей практики Любовь Кузнецова.__

🔬 Модульное здание построили и оснастили 150 ед. современной медицинской техники и мебели.

В числе приобретенного оборудования: компьютеры, аппарат ЭКГ, дефибриллятор, экспресс-анализаторы для определения уровня сахара крови, холестерина и кардиомаркеров и многое другое.

__— Благодаря приобретению современного оборудования пациенты могут проходить медосмотры, сдавать анализы и получать результаты непосредственно в офисе врача общей практики, без необходимости обращения в иные медицинские организации, — уточнила Любовь Кузнецова.__

📎 Отметим, что новый офис врача общей практики обеспечит доступность первичной медико-санитарной помощью более 1,5 тыс. жителям деревни. Специалисты будут вести прием как взрослых пациентов, так и детей.

💬 [Получить MAXимум пользы для здоровья](https://max.ru/minzdrav_ru)

#Модернизация",2720,7,0,minzdrav_ru
14396,2026-03-24T06:01:34+00:00,"🥼 **Из Южной Африки в Сибирь: история молодого терапевта поликлиники**

Участковый терапевт Городской клинической поликлиники №22 г. Новосибирска Эндрю Мвула родился в Южной Африке. После окончания школы он переехал и поступил на специалитет в Новосибирский ГМУ Минздрава России.

➡️ Во время учебы молодой специалист устроился медбратом в Городскую клиническую больницу №34, где проработал почти 2 года. Потом — на скорой помощи. Затем устроился на работу участковым терапевтом в Городскую клиническую поликлинику №22.

__— Нового врача приняли очень доброжелательно, тем более он очень хорошо владеет русским языком, грамотно и красиво пишет. Он работал медбратом, пока обучался. Знает, как работать с пациентами, и нашу государственную систему здравоохранения, — поделилась главный врач Любовь Евдокимова.__

🤝 Эндрю Мвула работает под руководством наставника — заведующей терапевтическим отделением №2 Ларисой Гуляевой. 

В поликлинике молодой врач уже освоился, ему очень нравится коллектив и работа с пациентами. 

__— Я очень люблю общаться с людьми, хочу сначала получить опыт через общение. Потом буду выбирать направление ординатуры. Думаю, это будет хирургия, — поделился Эндрю Мвула.__

💬 [Получить MAXимум пользы для здоровья](https://max.ru/minzdrav_ru)

#МедицинаРегионов",3067,32,0,minzdrav_ru
14386,2026-03-23T16:41:41+00:00,"🏥 **Виктор Фисенко: В Томской области построено более 30 объектов первичного звена здравоохранения в селах за пять лет**

Первый замминистра здравоохранения РФ Виктор Фисенко в рамках рабочей поезки посетил Томскую область.

__— В Томской области построены более 30 объектов здравоохранения в сёлах, закуплено современное медицинское оборудование, автотранспорт, — сказал он.__

Также за 5 лет в рамках программы модернизации первичного звена в Томской области отремонтированы 23 медобъекта, введено в эксплуатацию 88 ед. медоборудования и поставлено 140 ед. транспорта.

В ходе визита Виктор Фисенко открыл новую поликлинику в микрорайоне Южные ворота г. Томска. Она рассчитана на 400 посещений в смену.

__— Я хочу поздравить с этим событием, в первую очередь, команду поликлиники, которая будет работать в новых условиях, и жителей Томска, которые смогут получать современную медицинскую помощь в новом комфортном учреждении , — сказал первый замминистра здравоохранения РФ.__

В 6-этажном медучреждении общей площадью более 10,6 тыс. кв. м размещены:

🔴 детское и взрослое отделения;
🔴 женская консультация;
🔴 аптека;
🔴 инфекционный блок;
🔴 отделения физиотерапии и скорой помощи;
🔴 диагностические подразделения.

Виктор Фисенко отметил, что в ходе модернизации первичного звена здравоохранения всего в России за пять лет:

▫️ построено более 6,1 тыс. медобъектов;
▫️ капитально отремонтированы свыше 7,8 тыс. медучреждений;
▫️ закуплено более 225 тыс. ед. медоборудования.

__— В программе модернизации первичного звена почти 70% оборудования — отечественное, оно сохраняет жизнь и здоровье наших граждан, — заключил он.

__💬 [Получить MAXимум пользы для здоровья](https://max.ru/minzdrav_ru)

#Модернизация 
#МедицинаРегионов",2869,6,1,minzdrav_ru
14385,2026-03-23T13:34:08+00:00,"🧑🏻‍⚕️ **Врачи Липецкой области извлекли 144 магнита из желудка ребёнка**

В Областную детскую больницу поступил 6-летний мальчик с жалобами на плохое самочувствие.

➡️ В ходе обследования врачи обнаружили в желудке ребенка инородные предметы.

Специалисты приняли решение о проведении срочной операции. В ходе вмешательства медики удалили 144 магнита из желудка ребёнка.

❤️ Операция длилась два часа и прошла успешно. Сейчас ребёнок чувствует себя хорошо, его выписали домой под амбулаторное наблюдение.

#МинздравПредупреждает:
Дети любого возраста, особенно во время игр, могут случайно проглотить или вдохнуть мелкий предмет (детали игрушек, батарейки, магниты, колпачки от ручек). Если ребенок внезапно начал кашлять, ему стало трудно дышать, появились боли в груди или животе, слюнотечение — немедленно обратитесь за медицинской помощью.

💬 [Получить MAXимум пользы для здоровья](https://max.ru/minzdrav_ru)

#ЗдоровьеДетей",22469,82,0,minzdrav_ru
14384,2026-03-23T10:34:54+00:00,"🫀 **Специалисты федерального центра Минздрава России спасли 4-летнюю пациентку с редкой сердечной патологией**

В три года врачи диагностировали у девочки
редкую сердечную патологию — **гипертрофическую кардиомиопатию**, при которой сердечная мышца теряет способность эффективно сокращаться и обеспечивать кровоснабжение организма. 

Девочке провели операцию, но заболевание продолжило прогрессировать, поэтому требовалось повторное вмешательство.

🏥 Маленькая пациентка поступила в Федеральный центр высоких медицинских технологий Минздрава России (Калининград).

Врачи медучреждения провели повторную сложную 9-часовую операцию, в ходе которой они удалили утолщения сердечной мышцы.
 
__— Технически это очень сложная операция. Маленький возраст пациента и тяжелая форма кардиомиопатии требуют предельной точности, кроме того, было важно учитывать измененную анатомию и рубцовые изменения после предыдущей операции, — отметил заведующий детским кардиохирургическим отделением Евгений Кривощеков.__

❤️ Вмешательство прошло успешно. Сейчас девочка чувствует себя хорошо. Её выписали домой под амбулаторное наблюдение.

💬 [Получить MAXимум пользы для здоровья](https://max.ru/minzdrav_ru)

#ЗдоровьеДетей",3024,6,0,minzdrav_ru
14383,2026-03-23T06:01:46+00:00,"🧠 **Хирурги федерального центра Минздрава России удалили мозговую грыжу у ребенка через нос
**
В Российскую детскую клиническую больницу Минздрава России поступила 11-летняя пациентка из Рязани с жалобами на постоянные прозрачные выделения из носа.

➡️ В ходе обследований врачи по месту жительства установили: в основании головного мозга у девочки сформировалась грыжа — менингоцеле, что приводило к истечению спинномозговой жидкости через нос.

Для проведения высокотехнологичного лечения пациентку направили в РДКБ Минздрава России. 

⚡️ По результатам МРТ головного мозга специалисты центра подтвердили диагноз и установили: грыжа настолько увеличилась в размере, что раздавила ситовидную пластинку — хрупкую кость, отделяющую полость носа от полости черепа, — и вышла в носовые ходы. 

__— Раньше единственным способом лечения такой патологии была тяжелая открытая операция с трепанацией черепа. Для облегчения послеоперационной реабилитации мы приняли решение провести высокотехнологическое малоинвазивное вмешательство и удалить грыжу через нос ребенка, — рассказал заведующий оториноларингологическим отделением Павел Пряников.
__
В ходе операции специалисты ввели тончайшие эндоскопы в полость носа, визуализировали образование в тканях головного мозга и аккуратно удалили его, освобождая здоровые структуры. 

✅ Вмешательство прошло успешно, истечение мозговой жидкости прекратилось сразу же после вмешательства. 

❤️ Сейчас пациентка чувствует себя хорошо, её выписали домой под амбулаторное наблюдение.

💬 [Получить MAXимум пользы для здоровья](https://max.ru/minzdrav_ru)

#ЗдоровьеДетей",3060,12,0,minzdrav_ru
14378,2026-03-22T13:05:06+00:00,"🏥 **В Перми открылась новая современная поликлиника 
**
В Орджоникидзевском районе начала работа поликлиника площадью 5 тыс. кв. м. Здание расположено на территории действующей Больницы Архангела Михаила.

📌 Через весь район проходит река Кама. Ранее жители левого берега были распределены по четырем разным поликлиникам, но сегодня пациенты смогут получать необходимую медицинскую помощь в одном месте.

__— Теперь у жителей Орджоникидзевского района есть возможность получить весь необходимый комплекс медицинской помощи в одном месте, без необходимости переезжать для дальнейшего дообследования из одной поликлиники в другую, — заявил главный врач Больницы Архангела Михаила Антон Коровин.__

↪️ В новой поликлинике доступны:

🔴 отделение функциональной диагностики (ЭКГ, спирография, суточное мониторирование);
🔴 эндоскопический блок с отдельными процедурными;
🔴 собственное рентгенодиагностическое отделение;
🔴 дневной стационар и кабинеты физиотерапии.

➡️ Также в поликлинике появилась женская консультация.

💬 [Получить MAXимум пользы для здоровья](https://max.ru/minzdrav_ru)

#Модернизация
#МедицинаРегионов",3151,6,2,minzdrav_ru
14377,2026-03-22T06:03:53+00:00,"🩺 **Около 2 тыс. жителей Иркутской области с диабетом прошли обучение в специальных школах с начала 2026 года
**
В медицинских организациях Иркутской области функционирует более 30 школ для пациентов с сахарным диабетом. Занятия помогают освоить навыки самоконтроля, правильного питания, чтобы предотвратить осложнения и сохранить качество жизни.

Кабинеты оснащены современным оборудованием: 

▫️ интерактивными досками;
▫️ муляжами для отработки принципов
«здоровой тарелки»;
▫️ обучающими инсулиновыми шприц-ручками и симуляторами
кожного покрова для отработки техники инъекций.

В прошлом году занятия посетили 15,2 тыс. человек. 

💬 [Получить MAXимум пользы для здоровья](https://max.ru/minzdrav_ru)

#МедицинаРегионов
#ЗдоровьеВПриоритете",3559,11,0,minzdrav_ru
14373,2026-03-21T14:35:28+00:00,"💬 **Михаил Мурашко обозначил ключевые задачи по управлению отраслью для региональных руководителей здравоохранения в рамках «Школы министра»

**Министр здравоохранения РФ Михаил Мурашко открыл «Школу министра», которая проходит в Минздраве России. 

Тема образовательного трека в этом году: «Программа государственных гарантий бесплатного оказания гражданам медицинской помощи — инструмент управления отраслью». 

📌 Программа «Школы Министра», разработанная совместно с ЦНИИОЗ Минздрава России, направлена на укрепление управленческих компетенций и профессиональный рост руководителей и представителей системы здравоохранения субъектов РФ. В этом году ее участниками стали 74 региональных министра.

— __Несмотря на то что ряд вопросов находится в поле нашего внимания достаточно давно, их детальное обсуждение остается крайне актуальным. Важно, что такая работа проводится в формате широкого диалога — с привлечением как специалистов с многолетним опытом работы в системе здравоохранения, так и коллег, которые только начали свою профессиональную деятельность в сфере регионального здравоохранения. Это позволит учесть все аспекты и выработать наиболее эффективные решения, — подчеркнул глава Минздрава России.__

В ходе мероприятия Министр отметил, что программа государственных гарантий бесплатного оказания медицинской помощи нацелена на обеспечение доступной и качественной медпомощи для всех граждан России. 

↪️ Она базируется на целях Стратегии развития здравоохранения до 2030 года, включая технологический суверенитет, развитие отечественных технологий и повышение удовлетворенности граждан.

— __Объем финансирования программы госгарантий демонстрирует устойчивый рост на протяжении последних лет, что позволяет нам последовательно расширять охват и повышать качество медицинской помощи, — дополнил он.__

В ходе выступления он акцентировал внимание на важности повышения удовлетворенности граждан страны медицинской помощью.

— __Мы ставим перед собой четкую цель — повысить уровень удовлетворенности населения медицинской помощью. Для этого совершенствуем стандарты оказания медицинской помощи, усиливаем контроль за их исполнением на местах. Наша с вами работа должна быть выстроена так, чтобы стандарты оказания помощи соблюдались повсеместно, а пациенты чувствовали заботу и поддержку, — отметил он.__

Глава Минздрава подчеркнул, что критически важно обеспечить медико‑психологическую помощь участникам и ветеранам специальной военной операции и их сопровождение на всех этапах ее оказания.

👇 Отдельно Михаил Мурашко отметил роль межрегионального взаимодействия в совершенствовании медицинской помощи. Он подчеркнул, что только с помощью масштабирования проверенных практик можно добиться устойчивого развития системы здравоохранения на всей территории страны.**

**__— Важно обсуждать актуальные вопросы отрасли и находить совместные решения. А распространение успешных практик, в свою очередь, напрямую влияет на качество работы всей системы регионального здравоохранения, — заключил он.__**

**💬 [Получить MAXимум пользы для здоровья](https://max.ru/minzdrav_ru)**

 ****#**ЗдоровьеВПриоритете",5131,29,0,minzdrav_ru
14372,2026-03-21T13:06:08+00:00,"🧑🏻‍⚕️ **Врачи Красноярского края провели операцию на мозге пациенту, пока он читал Пушкина**

В Краевую клиническую больницу поступил 29-летний мужчина с симптоматической фокальной эпилепсией.

➡️ Это заболевание характеризуется частыми приступами, не поддающимися комбинированному лечению.

В ходе обследования врачи обнаружили эпилептогенный очаг в структурах левой височной доли и приняли решение удалить его хирургическим путём.

⚡️ Сложность операции заключалась в том, что эта зона тесно связана с корковыми центрами речи. Чтобы минимизировать риски, врачи выбрали методику, при которой часть вмешательства проходит пока человек находится в сознании и может говорить.

Операция состояла из нескольких этапов:

1️⃣ Сначала, под общей внутривенной анестезией, специалисты выполнили трепанацию черепа и обеспечили доступ к твёрдой мозговой оболочке;

2️⃣ Затем пациента вывели из наркоза: он начал самостоятельно дышать, сохраняя сознание и возможность общаться с врачами;

3️⃣ Далее специалисты с помощью оборудования определили, где находятся важные зоны речи, и безопасно удалили проблемный участок.

📖 Для постоянного контроля речи пациенту предложили выполнять вербальное задание. Он выбрал чтение вслух отрывка из романа в стихах А. С. Пушкина «Евгений Онегин». Чёткая артикуляция, грамотность и плавность речи служили показателем того, что важные участки мозга не затронуты.

❤️ Операция прошла успешно. Сейчас пациент чувствует себя хорошо. Мужчину выписали домой под амбулаторное наблюдение.

Оценка долгосрочного эффекта лечения и устойчивости ремиссии будет проведена через 12 месяцев.

💬 [Получить MAXимум пользы для здоровья](https://max.ru/minzdrav_ru)

#МедицинаРегионов",9396,38,0,minzdrav_ru
14371,2026-03-20T17:01:20+00:00,"😁 **#ПростыеПравила****: Как не переставать радоваться жизни**

Об этом рассказал заведующий кафедрой психотерапии, медицинской психологии и сексологии Северо-Западного ГМУ им. И.И. Мечникова Минздрава России Павел Бомов.

☔️ Сегодня кажется, что время идет быстрее. Многие люди сталкиваются с ощущением, что жизнь проходит мимо. Основные причины: информационная перегрузка, негативное мышление и превращение всего дня в рутину.

📓 Как стать счастливее:

🔴 проводите определенное время без гаджетов — так вы будете внимательнее к реальному миру;
🔴 выполняйте только одно дело за раз. Качество вырастет, а стресс снизится;
🔴 определите в своем расписании 2-3 коротких периода (5–15 мин), когда вы будете делать только то, что приносит удовольствие. Защищайте это время как важную встречу.

__— Не пытайтесь внедрить все практики сразу — выберите 1–2 самых простых шага. Отслеживайте прогресс и фиксируйте, какие изменения вы замечаете. Не забывайте, что на формирование новых привычек требуется время — в среднем 21 день. Будьте терпеливы, — подчеркнул эксперт.__

📌 Если вы чувствуете, что самостоятельно с подавленным состоянием справиться не удается — обратитесь к специалисту.

Больше советов эксперта — в нашей карточке 🖼

О полезных привычках смотрите на сайте ➡️ [ТакЗдорово ](https://www.takzdorovo.ru/)

20 марта — Международный день счастья

💬 [Получить MAXимум пользы для здоровья](https://max.ru/minzdrav_ru)",8942,74,1,minzdrav_ru
14370,2026-03-20T16:01:39+00:00,"📈 **В России общее количество циклов ЭКО по ОМС выросло на 5,4% за три года**

Об этом [сообщили](https://tass.ru/obschestvo/26815937) в аппарате вице-премьера РФ Татьяны Голиковой.

__— В 2025 году проведено 88 687 полных циклов ЭКО — при плане в 79,6 тыс. циклов. Всего за последние три года общее количество циклов ЭКО в системе ОМС выросло на 5,4%. Если в 2023 году число всех циклов составляло 108 739, то в 2025 году — 114 593, — говорится в сообщении.__

➡️ Также в аппарате вице-премьера РФ Татьяны Голиковой отметили, что в рамках федпроекта «Охрана материнства и детства» по итогам прошлого года:

▫️ оснащены 93 перинатальных центра и родильных дома в 56 регионах России;
▫️ создано 236 женских консультаций в 50 субъектах страны.

💬 [Получить MAXимум пользы для здоровья](https://max.ru/minzdrav_ru)

#ЗдоровьеВПриоритете
#Модернизация",3516,15,0,minzdrav_ru
14369,2026-03-20T13:01:37+00:00,"🏥 **В Вологодской области открылся новый ФАП**

Медучреждение начало работу в селе Васильевское, которое находится в 460 км от Вологды.

➡️ Ранее фельдшерско-акушерский пункт располагался в деревянном здании 1939 года постройки. 

К медучреждению прикреплено 610 человек, из них 111 детей.

В ФАПе можно:

▫️ получить первичную медико-санитарную помощь и льготные лекарственные препараты;
▫️ оформить больничный лист или рецепт.

📎 Медучреждение отвечает всем современным стандартам. В просторных помещениях размещены процедурный и прививочный кабинеты, место для приема пациентов, смотровая, стерилизационная, а также комната для хранения инвентаря. 

💬 [Получить MAXимум пользы для здоровья](https://max.ru/minzdrav_ru)

#Модернизация",2862,4,1,minzdrav_ru
14368,2026-03-20T10:34:01+00:00,"🦷 **#ПростыеПравила****: Как здоровье полости рта влияет на работу организма
**
Об этом рассказала заведующая стоматологическим отделением НМИЦ терапии и профилактической медицины Минздрава России Ольга Бургарт.

🔈 Здоровье полости рта напрямую влияет на общее состояние организма, так как ротовая полость — это сложная экосистема, где сосуществуют более 700 видов бактерий. 

__— При нарушении баланса между полезными и патогенными микроорганизмами ротовая полость становится хроническим очагом инфекции, а бактерии и продукты их жизнедеятельности могут распространяться по организму, провоцируя воспалительные процессы в других органах и системах, — подчеркнула эксперт. __

🆒 Как состояние полости рта сказывается на нашем здоровье:

🧬 **Желудок**
При наличии бактерии Helicobacter pylori в слюне, зубном налете и на языке инфицированных людей, она может мигрировать из полости рта в желудок, вызывая заболевания ЖКТ.

🦴 **Суставы**
При воспалении в полости рта некоторые бактерии способны изменять белки, которые иммунная система начинает атаковать, затрагивая суставы.

🩸 **Уровень сахара в крови**
У людей с диабетом воспалительные процессы в полости рта активируют иммунный ответ, что провоцирует усиление воспаления и затрудняет контроль уровня глюкозы в крови.

Как сохранить здоровье зубов и полости рта — смотрите в карточке ↗️

О полезных привычках смотрите на сайте 🔜 [ТакЗдорово](https://www.takzdorovo.ru/)

💬 [Получить MAXимум пользы для здоровья](https://max.ru/minzdrav_ru)",6198,52,0,minzdrav_ru
14367,2026-03-20T06:02:00+00:00,"🫀 **Врачи Кемеровской области спасли женщину с сердечными сокращениями** **до 700 ударов в минуту**

Пациентка поступила в Прокопьевскую городскую больницу с сильной аритмией. Обычно в состоянии покоя ритм сердца составляет 70-90 ударов в минуту. У женщины предсердия мерцали со скоростью 350-700 раз в минуту. 

⚡️ Состояние грозило ишемическим инсультом и структурным изменением миокарда.

С учетом терапевтического окна врачи начали медикаментозное лечение для восстановления синусового ритма. Однако состояние не улучшилось. 

➡️ Врачи приняли решении о проведении электрической кардиоверсии.

Под наркозом с помощью синхронизированного электрического разряда через сердце специалисты восстановили нормальный синусовый ритм.

После процедуры пациентке назначали медикаментозную терапию для профилактики аритмии. В течение всего периода госпитализации приступы не возникали, а контрольное суточное мониторирование ЭКГ показало нормальные результаты.

❤️ Сейчас пациентка чувствует себя хорошо. Её выписали домой под амбулаторное наблюдение.

💬 [Получить MAXимум пользы для здоровья](https://max.ru/minzdrav_ru)

#МедицинаРегионов",25406,69,1,minzdrav_ru
14361,2026-03-19T16:02:48+00:00,"🇷🇺🇪🇹** Михаил Мурашко с рабочим визитом посетил Эфиопию**

Министр здравоохранения РФ Михаил Мурашко во главе межведомственной делегации посетил с рабочим визитом Эфиопию.

🌐 В столице Аддис-Абебе состоялась встреча с премьер-министром Эфиопии Абийем Ахмедом, главами Минздрава и регуляторного органа в сфере безопасности продуктов питания и лекарств, ряда других министерств. 

В ходе мероприятия стороны обсудили широкий спектр вопросов двустороннего сотрудничества, включая медицинское образование. 

🏫 Так, более 100 специалистов из африканской страны уже прошли обучение в нашей стране по программам в сфере охраны здоровья матери и ребенка. Также студенты из Эфиопии получают образование в российских вузах, в том числе по квоте Правительства РФ.

Кроме того, в ходе встречи эфиопская сторона проявила интерес к российским технологиям в сфере здравоохранения.

__— Мы видим взаимный интерес двух стран к укреплению и развитию сотрудничества в целом ряде отраслей, в том числе в здравоохранении. Отмечаем большой интерес к российской медицинской продукции — медоборудованию, лекарствам, технологиям ядерной медицины. Эфиопия является для нас важным партнером на африканском континенте, поэтому в наших двусторонних контактах одним из ключевых направлений является поддержка выхода российских производителей медицинской продукции на рынок этой страны, мы над этим активно работаем, — отметил Михаил Мурашко.__

🏥 Отдельно участники остановились на планах по развитии Госпиталя Российского красного креста им. Деджезмача Балчи в Аддис-Абебе — первого российского многопрофильного медицинского учреждение в Африке. Он основан в 1947 году и на протяжении почти 80 лет оказывает медицинскую помощь жителям Эфиопии. 

Михаил Мурашко ознакомился с работой госпиталя, пообщался с медперсоналом, пациентами и провел совещание по вопросам развития инфраструктуры и материального обеспечения.

В планах масштабная модернизация госпиталя с применением современных технологий нашей страны, что позволит сделать его флагманом российского здравоохранения в Африке.

➡️ В рамках визита в Эфиопию также пройдут переговоры с руководством африканских центров по контролю и профилактике заболеваний, в ходе которых обсудят вопросы борьбы с инфекциями.

💬 [Получить MAXимум пользы для здоровья](https://max.ru/minzdrav_ru)

#МеждународноеСотрудничество",3696,14,0,minzdrav_ru
14357,2026-03-19T13:31:37+00:00,"🏥 **#ДоПосле****: Как изменилась поликлиника в Калининградской области? **

В нашей рубрике мы продолжаем наглядно сравнивать, какими поликлиники и больницы были раньше и какими стали после обновления.

➡️ Поликлиническое отделение №2 Городской больницы №2 размещалось в здании 1930 года постройки. Медучреждению требовались капитальный ремонт и современное оборудование.

Сегодня обновленная поликлиника общей площадью 3,2 тыс. кв. м. оказывает помощь более 30 тыс. человек.

В медучреждении оборудовано отделение эндоскопической диагностики, кабинеты рентгенографии, флюорографии и маммографии.

Подробнее о том, как изменилась поликлиника, смотрите в наших карточках ⬆️

💬 [Получить MAXимум пользы для здоровья](https://max.ru/minzdrav_ru)",4046,10,0,minzdrav_ru
14356,2026-03-19T11:04:54+00:00,"👨‍⚕️ **Врачи из Якутии спасли зрение мужчине с осколком металла в глазу**

В Якутскую республиканскую офтальмологическую клиническую больницу поступил пациент из Магаданской области с тяжелой травмой. 

➡️  Во время обработки металла без защитных очков в его глаз попал раскаленный осколок, который пробил роговицу. 

Такие травмы опасны, так инородное тело может нагноиться, привести к воспалениям и потере зрения.

➡️ Специалисты оперативно удалили окалину. После этого пациенту удалили сгустки крови из стекловидного тела. 

❤️ Сейчас мужчина чувствует себя хорошо. Он прошел реабилитацию и уже выписан домой. 

#МинздравНапоминает: При работе с металлом используйте защитные очки или маски — они предотвращают попадание искр, окалины и стружки в глаза. Даже мелкий осколок может привести к тяжелой травме и потере зрения.

💬 [Получить MAXимум пользы для здоровья](https://max.ru/minzdrav_ru)

#МедицинаРегионов",23582,17,0,minzdrav_ru
14354,2026-03-19T09:00:34+00:00,"👨‍⚕️ Врачи НМИЦ травматологии и ортопедии им. ак. Г. А. Илизарова Минздрава России ставят на ноги пациентов с «хрустальной болезнью»

В Клинике нейроортопедии и системных заболеваний НМИЦ травматологии и ортопедии им. ак. Г. А. Илизарова Минздрава России проходят лечение пациенты с редким генетическим заболеванием — несовершенным остеогенезом («хрустальной болезнью»). Это диагноз, при котором кости становятся патологически хрупкими.

➡️ Лечение проходит в несколько этапов. Сначала врачи исправляют форму кости с помощью аппарата Илизарова, а затем укрепляют ее изнутри специальными титановыми стержнями. 

В центр поступил 35-летний пациент Ростовской области. Из-за многочисленных переломов кости голени сильно деформировались, приобретя «саблевидную» форму. Последние 18 лет мужчина передвигался только на инвалидном кресле.

➡️ Чтобы исправить искривленную голень, врачи выполнили контролируемый перелом кости в двух местах (остеотомию) и сложили кость заново, убрав деформацию. Для надежности внутрь кости вставили специальный телескопический стержень

— Из-за особенностей заболевания у таких пациентов очень узкий костномозговой канал. Использовать стандартные «взрослые» стержни невозможно, поэтому мы применяем детские варианты. Для дополнительного армирования и надежной фиксации мы также установили аппарат Илизарова. Сейчас мы начинаем постепенно вертикализировать пациента, — рассказала лечащий врач пациента Алена Воробьева.

➡️ Мужчина уже чувствует себя лучше. Далее ему предстоит второй этап — укрепление правой голени. 

💬 [Получить MAXимум пользы для здоровья](https://max.ru/minzdrav_ru)

#МедицинаРегионов",3718,8,0,minzdrav_ru
14353,2026-03-19T05:59:57+00:00,"🩺 **Евгения Котова: С 2022 года более 2 млн детей прошли медицинскую реабилитацию **

Об этом замминистра здравоохранения РФ Евгения Котова сообщила Президенту России Владимиру Путину в ходе доклада на открытии Федерального реабилитационного центра «Кораблик «Мойнаки» Минздрава России.

➡️ Евгения Котова отметила, что комплекс мероприятий  по развитию системы медицинской реабилитации реализуется в рамках федерального проекта  «Оптимальная для восстановления здоровья медицинская реабилитация», который стартовал в 2022 году.

__— В ходе этого проекта создаются новые структурные подразделения медицинской реабилитации. Это кабинеты в субъектах для того, чтобы дети могли её получать и такую реабилитацию необходимую в амбулаторных условиях, — сказала она.__

Так, с 2022 года:

🔴 в 1,5 раза выросло количество реабилитационных коек для детей — до 7,3 тыс.;
🔴 в 3 раза увеличилось число специализированных кабинетов.

— И, конечно, это приводит к закономерным результатам. С 2022 года уже более 2 млн детей смогли получить необходимую медицинскую помощь, — сказала замминистра.

↪️ **Развитие сети уникальных детских реабилитационных центров в России**

Евгения Котова подчеркнула, что сегодня в нашей стране создается сеть уникальных детских реабилитационных центров мирового уровня — «Кораблик». 

🏥 Федеральный реабилитационный центр «Кораблик «Мойнаки» Минздрава России — второй флагманский комплекс в нашей стране, который усиливает детскую реабилитационную службу на южном направлении, в непосредственной близости от ДНР, ЛНР Херсонской и Запорожской областей.

Медучреждение ежегодно будет оказывать помощь более 6,2 тыс. детей с тяжелыми патологиями нервной системы, опорно-двигательного аппарата, после сложнейших операций и травм.

Замминистра отметила, что центр находится на большой территории общей площадью 23 гектара, вблизи от Черного моря. 

__— Уникальность центра заключается в том, что удаётся сочетать природно-климатические условия республики и самые передовые технологии, — сказала она.__

➡️ В медучреждении применяются современные методы реабилитации, включая роботизированную механотерапию, экзоскелеты, а также технологии виртуальной и дополненной реальности. 

Особое внимание в центре уделяется кадрам: здесь работают более 500 медицинских специалистов — неврологи, ортопеды, реабилитологи, психологи, логопеды, сурдопедагоги и эрготерапевты, прибывшие в Крым со всей страны.

__— Создание таких объектов существенно улучшает и приближает реабилитационную помощь детям, — заключила Евгения Котова.

__💬 [Получить MAXимум пользы для здоровья](https://max.ru/minzdrav_ru)

#ЗдоровьеДетей",5228,20,1,minzdrav_ru
14348,2026-03-18T17:05:00+00:00,"🏥 **Владимир Путин открыл новый детский реабилитационный центр в Евпатории**

Президент России Владимир Путин в режиме видеоконференции провел совещание с членами Правительства по вопросам социально-экономического развития Крыма и Севастополя, приуроченное к 12-летию со дня воссоединения полуострова с Россией, и открыл Федеральный реабилитационный центр «Кораблик «Мойнаки» Минздрава России.

__— Объект, который открываем сегодня, нацелен на защиту здоровья подрастающего поколения — это Федеральный детский реабилитационный центр в Евпатории. В его новых корпусах, оснащённых передовым медицинским оборудованием, будет оказываться специализированная, высокотехнологичная помощь маленьким пациентам с заболеваниями нервной системы, опорно-двигательного аппарата, органов чувств, соматическими заболеваниями, — сказал он.__

➡️ Современный центр предназначен для комплексной медицинской реабилитации детей от 3 месяцев до 18 лет.

Медицинскую помощь  в отделениях ортопедической, сурдологической, офтальмологической реабилитации и нейрореабилитации. 

Медучреждение оснащено более чем 5,5 тыс. ед. современного реабилитационного и диагностического оборудования и включает:

🔴 клинический корпус с круглосуточным стационаром на 300 коек; 
🔴 реабилитационно-диагностический корпус с дневным стационаром на 75 мест;
🔴 административные и вспомогательные здания.

Также здесь созданы:

▫️ консультативно-диагностическое отделение;
▫️ блок рефлексотерапии физиотерапевтических методов лечения с бассейном;
▫️ бальнеологическая лечебница;
▫️ грязелечебница.

📌 Отметим, что ранее по поручению Президента России был открыт первый федеральный детский реабилитационный центр мирового уровня «Кораблик» в Подольске. Еще один центр строится в Новосибирской области.

💬 [Получить MAXимум пользы для здоровья](https://max.ru/minzdrav_ru)

#ЗдоровьеДетей",16618,184,0,minzdrav_ru
14346,2026-03-18T16:01:39+00:00,"Сегодня среда, а значит... #НаучнаяСреда

👨‍⚕️ **Ученые Самарского ГМУ Минздрава России создали цифровых помощников для оценки качества сна**

Специалисты Самарского ГМУ Минздрава России разработали два программных прототипа на основе искусственного интеллекта для комплексной оценки качества сна. 

↪️ Первая программа автоматически выявляет дыхательные нарушения (апноэ, гипопноэ и храп) по аудиозаписям сна.

Звук преобразуется в визуальное изображение, которое анализирует искусственный интеллект. Алгоритм находит изменения, характерные для остановок дыхания. 

↪️ Вторая программа автоматически расшифровывает данные комплексного исследования сна (полисомнографии) и классифицирует стадии сна на основе электроэнцефалограммы.

💡 **Электроэнцефалограмма** — это метод диагностики состояния головного мозга, основанный на записи его электрической активности.

ИИ-модель каждые 30 секунд записи сна относит к одной из категорий — бодрствование, быстрый, поверхностный или глубокий медленный сон.

__— Комплексный подход создает технологическую основу для масштабируемого мониторинга качества сна: от ускоренной расшифровки исследований и скрининга нарушений сна до контроля эффективности терапии и поддержки научных исследований, — рассказал директор НИИ нейронаук Самарского ГМУ Минздрава России Александр Захаров.__

📌 ПО уже получило свидетельство для регистрации.

💬 [Получить MAXимум пользы для здоровья](https://max.ru/minzdrav_ru)

#СделаноВРоссии",3643,13,0,minzdrav_ru
14345,2026-03-18T14:03:03+00:00,"🏥 **Евгений Камкин: В России создано более 90 региональных и 150 межрайонных эндокринологических центров**

Об этом сообщил замминистра здравоохранения РФ Евгений Камкин в рамках сессии «Диабет под контролем: современные решения для пациентов» на форуме «Здоровое общество».

Он подчеркнул, что большую роль в борьбе с сахарным диабетом играет материально-техническое оснащение региональных и межрайонных эндокринологических центров

__— Уже сейчас создано более 90 региональных и 150 межрайонных эндокринологических центров, где пациенты получают своевременную, качественную помощь, — сказал Евгений Камкин.__

➡️ Замминистра отметил, что для повышения качества и доступности медицинской помощи для профилактики, диагностики и лечения сахарного диабета с 2023 года в нашей стране реализуется федпроект «Борьба с сахарным диабетом», который с 2025 входит в нацпроект «Продолжительная и активная жизнь».

__— Это один из ключевых и значимых проектов, направленный на достижение одной из основных национальных стратегических целей — увеличение ожидаемой продолжительности жизни, — сказал Евгений Камкин.__

За время реализации проекта:

📍 создано более 1,5 тыс. Школ для пациентов с сахарным диабетом;
📍 оснащено более 1,2 тыс. региональных медицинских организаций анализаторами гликированного гемоглобина для своевременной и точно диагностики.

__— Cамое главное, что необходимые средства на оказание услуг в медорганизациях также предусмотрены в программе госгарантий. Это обеспечивает доступность помощи для жителей нашей страны, — сказал Евгений Камкин.__

📎 Также он отметил, что в России дети и беременные женщины, страдающие сахарным диабетом, обеспечиваются системами непрерывного мониторинга глюкозы за счёт средств федерального бюджета.

💬 [Получить MAXимум пользы для здоровья](https://max.ru/minzdrav_ru)

#ЗдоровьеВПриоритете",3340,13,3,minzdrav_ru
14344,2026-03-18T11:04:47+00:00,"🩺 **12 лет вместе: как изменилось здравоохранение Республики Крым**

С 2014 года Крым вошел в состав Российской Федерации. С 2015 года стартовала интеграция региона в общероссийскую систему здравоохранения и началась масштабная модернизация медобъектов субъекта. 

**Так, за 11 лет: **

🔴 приобретено более 8,9 тыс. единиц медицинского оборудования;
🔴 поставлено 302 ед. автомобилей для городских и районных медицинских организаций первичного звена здравоохранения;
🔴 закуплено более 40 мобильных медицинских комплексов разного спектра назначения;
🔴 создано 377 объектов первичной медицинской помощи: фельдшерско-акушерские пункты, врачебные амбулатории и поликлиники;
🔴 осуществлен капитальный ремонт более чем на 960 объектах здравоохранения.

Также активно развивается инфраструктура службы скорой медицинской помощи:

🔴 установлен 41 модульный пункт постоянного базирования бригад скорой медицинской помощи; 
🔴 построены пять новых подстанций, завершаются еще пять;
🔴 капитально отремонтированы 16 объектов службы скорой медицинской помощи.

Кроме того, в субъекте создана сеть Центров амбулаторной онкологической помощи при районных и городских больницах, сеть региональных сосудистых центров и первичных сосудистых отделений. 

Также важно, что в регионе организованы все условия для оказания и развития высокотехнологичной медицинской помощи, которую ранее жители получали за пределами полуострова. 

➡️ Если в 2015 году таких пациентов было всего 2,6 тыс. человек, то с 2016 по 2025 год высокотехнологичную помощь получили более 128 тыс. жителей Крыма, в том числе в 2025 году — 17,4 тыс.

🇷🇺 Команда Минздрава России поздравляет всех жителей страны с Днём воссоединения Крыма и Севастополя с Россией и желает дальнейших успехов в работе, новых побед и свершений на благо Российского государства и его народа! Семейного благополучия в каждый дом!

💬 [Получить MAXимум пользы для здоровья](https://max.ru/minzdrav_ru)",7987,27,0,minzdrav_ru
14343,2026-03-18T08:05:09+00:00,"🩺 **В федеральном центре Минздрава России врачи установили искусственный левый желудочек сердца двухлетнему ребенку**

Маленькая пациентка экстренно поступила в НМИЦ трансплантологии и искусственных органов им. ак. В.И. Шумакова Минздрава России с **кардиомиопатией**, развивавшейся на фоне перенесённого гриппа. Девочку доставили из Чеченской Республики на реанимобиле силами ФЦМК Минздрава России.

💡 **Кардиомиопатия** __— __изменение сердечной мышцы, приводящее к функциональным нарушениям.

__— Состояние ребенка было тяжелым, доля крови, выбрасываемая из сердца в аорту во время каждого сокращения, составляла всего 23% при норме от 50 до 70%, — сказал заведующий Кардиохирургическим отделением №2 Дмитрий Рябцев.__

Через день после поступления кардиохирурги впервые в мире имплантировали девочке искусственный левый желудочек сердца.

📌 Ранее такие операции выполнялись только детям более старшего возраста __—__ так как размещение системы в грудной клетке такого маленького пациента требует большого опыта и профессионализма. 
__
— Как только ребенка доставили к нам, были проведены все необходимые обследования и подготовка к операции. Девочка весила всего 9 кг, и хотя у нас наибольший опыт имплантации искусственного левого желудочка сердца детям — таких операций не делал еще никто, — сказал Дмитрий Рябцев. 
 __
❤️ Операция прошла успешно. Сейчас девочка чувствует себя хорошо и готовится к выписке.

💬 [Получить MAXимум пользы для здоровья](https://max.ru/minzdrav_ru)

#СетьНМИЦев 
#ЗдоровьеДетей",3353,10,2,minzdrav_ru
14342,2026-03-18T07:03:02+00:00,"📲 **Вадим Ваньков: Сегодня в России зарегистрировано 54 медизделия с ИИ**

Об этом сообщил замминистра здравоохранения РФ Вадим Ваньков в ходе сессии «Диагноз от нейросети – фантастика или реальность сегодняшнего дня?» на форуме «Здоровое общество».

__— Сегодня зарегистрировано 54 медизделия с ИИ. Большинство из них связано с анализом изображений, уже появляются решения, направленные на анализ электронных медицинских карт, фармакотерапию, ЭКГ, планирование и проведение операций, — сказал он.__

➡️ Замминистра подчеркнул, что сегодня искусственный интеллект нужно рассматривать не просто как технологию, а как инструмент для достижения конкретных целей и получения практических результатов. Вадим Ваньков выделил три ключевых фактора, по которым можно оценить эффективность внедрения новой технологии.

__— Первое — реальная польза, второе — экономия времени, третье — юридическая защищённость. Если достигаются эти три фактора, тогда мы можем говорить про внедрение инновационных технологий, — отметил он.__

📌 Вадим Ваньков отметил, что в нашей стране уже организована процедура регистрации медизделий с использованием искусственного интеллекта.

__— У нас есть чёткое разделение и понимание, что такое медицинское изделие с искусственным интеллектом, и сегодня у нас реализована процедура регистрации соответствующих медизделий, — заключил он.

__💬 [Получить MAXимум пользы для здоровья](https://max.ru/minzdrav_ru)__
__
#БудущееМедицины
#МедицинскаяНаука",3627,24,0,minzdrav_ru
14340,2026-03-18T06:04:24+00:00,"🩺 **CAR-T-терапия станет доступна по ОМС**

Об этом сообщил председатель Правительства РФ Михаил Мишустин в ходе совместного визита в НМИЦ гематологии Минздрава России с министром здравоохранения РФ Михаилом Мурашко. 

Сегодня в медучреждении разрабатывают генотерапевтический CAR-T-клеточный препарат на основе Т-лимфоцитов самого пациента. Клетки генетически модифицируются, и на их поверхности появляется специальный рецептор (CAR), способный распознавать и уничтожать раковые клетки. 

📌 Метод уже эффективен против острых лимфобластных лейкозов и лимфом. Сейчас ученые ведут разработки для лечения множественной миеломы и аутоиммунных заболеваний.

Михаил Мишустин сообщил, что метод CAR-T-терапии будет включен в программу государственных гарантий и станет доступен гражданам бесплатно — по полису ОМС.

__— Президент всегда говорит о том, что все открытия должны быть доступны сегодня людям, — сказал председатель Правительства РФ.__

В систему ОМС внедряются инновационные методы диагностики и лечения, лекарства и вакцины, например от болезней Бехтерева и Паркинсона. Ведутся испытания 23 медизделий и 14 препаратов, у которых нет зарубежных аналогов.

__— Все это в том числе будет влиять на те задачи, которые перед нами ставил Президент, связанные с сохранением населения, с увеличением продолжительности жизни, с выполнением национальных целей развития, — подчеркнул Михаил Мишустин.__

🏥 Отметим, что в 2024 году началось строительство научно-производственного комплекса полного цикла — четырехэтажного здания площадью более 3 тыс. кв. м. В новом комплексе будет производиться до 500 клеточных препаратов в год. Также появятся новые отделения для CAR-T-терапии.

↪️ Сейчас также проектируется новый объект — корпус инновационной гематологии и клеточной терапии. Благодаря нему:

🔴 амбулаторный прием вырастет в 2 раза;
🔴 коечный фонд стационара увеличится на 110 мест;
🔴 количество реанимационных коек возрастет в 2,5 раза;
🔴 число трансплантаций костного мозга достигнет 600 в год.

💬 [Получить MAXимум пользы для здоровья](https://max.ru/minzdrav_ru)

#СетьНМИЦев",5821,45,0,minzdrav_ru
14338,2026-03-17T17:04:48+00:00,"🏥 **Михаил Мишустин посетил НМИЦ гематологии Минздрава России**

Председатель Правительства РФ Михаил Мишустин совместно с министром здравоохранения РФ Михаилом Мурашко ознакомился с работой НМИЦ гематологии Минздрава России. В этом году ведущему центру страны в области лечения заболеваний крови исполнилось 100 лет.

➡️ Сегодня НМИЦ гематологии Минздрава России — это место, где возвращают к жизни пациентов с онкологическими заболеваниями крови, которые еще недавно считались смертельными. 

Ежегодно специалисты центра выполняют более 1,5 тыс. операций и свыше 400 трансплантаций костного мозга. При этом 78% пациентов приезжают за этой помощью из регионов России.

↪️ Благодаря разработанным центром программам общая пятилетняя выживаемость составляет:

🔴 при лимфомах — 85%;
🔴 при множественной миеломе — 85%;
🔴 при апластической анемии — 90%;
🔴 при острых лейкозах у пациентов моложе 60 лет — 60%.

Особое внимание здесь уделяется материнству и детству. Центр обладает уникальным опытом ведения беременности у женщин с лимфомами и лейкозами. Благодаря высокому профессионализму врачей здесь стало возможным рождение сотен здоровых детей.

📌 Важнейшее направление работы НМИЦ гематологии Минздрава России — служба крови. В прошлом году в центре заготовили около 30 тыс. литров цельной крови. Ежедневно на станцию переливания приходят 100-150 человек. Многие доноры сдавали кровь уже более 90 раз.

__— Это замечательный центр. Здесь всегда были очень добрые люди с добрыми сердцами, — сказал Михаил Мишустин.__

НМИЦ гематологии Минздрава России участвует в международных клинических исследованиях и организует многоцентровые клинические исследования на территории России.

👨‍⚕️ Также центр реализует программы последипломного образования и профессиональной переподготовки, передавая уникальный опыт новым поколениям врачей.

💬 [Получить MAXимум пользы для здоровья](https://max.ru/minzdrav_ru)

#СетьНМИЦев",7084,49,1,minzdrav_ru
14337,2026-03-17T13:59:58+00:00,"👩🏻‍⚕️🧑🏻‍⚕️ **Число врачей увеличилось на 20 тыс. в России за 2023-2025 годы**

Об этом сообщила заместитель председателя Правительства РФ Татьяна Голикова в ходе пленарной сессии «Лучшие страновые и региональные практики по укреплению общественного здоровья» на форуме «Здоровое общество».
 
__— После 2022 года в России отмечается стойкий рост врачей — около 20 тыс. за 2023-2025 годы, в том числе 7 тыс. в 2025 году, а с 2025 года мы фиксируем и увеличение фельдшеров и медсестер на 7,5 тыс., — сказала она.__

По словам Татьяна Голиковой, на это повлияли введённые Правительством России специальные социальные выплаты, изменение целевой подготовки врачей, а также различные программы поддержки медицинских работников.

➡️ Она уточнила, что с 2025 года также проводится активная работа по оценке производительности труда медицинских работников.

__— Это позволило нашим регионам выявить профицитные специальности и перенаправить врачей, в том числе в первичное звено, в отдаленные медицинские организации так называемым «вахтовым методом» с сохранением основного места работы. В прошлом году в отдаленные регионы по этой программе было направлено более 3,7 тыс. врачей, — сказала Татьяна Голикова.__

💬 [Получить MAXимум пользы для здоровья](https://max.ru/minzdrav_ru)

#МедицинаРегионов",6821,32,0,minzdrav_ru
14336,2026-03-17T10:59:59+00:00,"🩺 **Россиянам, проживающим в Абхазии, упростят получение медпомощи по ОМС**

Министр здравоохранения РФ Михаил Мурашко и министр здравоохранения Республики Абхазия Эдуард Бутба на полях форума «Здоровое общество» подписали Протокол о внесении изменения в Соглашение между Российской Федерацией и Республикой Абхазия о сотрудничестве в области организации страхования граждан Российской Федерации, постоянно проживающихна территории Республики Абхазия, в системе обязательного медицинского страхования Российской Федерации и оказания им медицинской помощи в медицинских организациях Российской Федерации от 8 августа 2017 г.

➡️ Документ позволит российским гражданам, постоянно проживающим на территории Республики Абхазия, получать медицинскую помощь в российских медорганизациях на основании российского загранпаспорта и полиса ОМС.

__— В рамках нашего сотрудничества, дружбы, это серьезный большой шаг для помощи гражданам Российской Федерации, — отметил Михаил Мурашко.__

Глава Минздрава РФ подчеркнул, что взаимодействие с республикой Абхазия ведется на регулярной основе и согласно планам. 

📌 Приоритетные направления — это инфраструктурные проекты, кадровая политика, а также вопросы медицинской продукции.

Министр здравоохранения Республики Абхазия Эдуард Бутба назвал подписание Протокола очень знаковым событием, которое спасет тысячи жизней, нуждающихся в медицинской помощи.

👨‍⚕️ Он отметил, что благодаря работе российских специалистов более 200 пациентов уже получили необходимую медицинскую помощь в Республиканском сосудистом центре, который находится на территории Республиканской больницы в Абхазии.

💬 [Получить MAXимум пользы для здоровья](https://max.ru/minzdrav_ru)",4203,11,4,minzdrav_ru
14335,2026-03-17T06:03:48+00:00,"💭 **Михаил Мурашко: Современный тренд здравоохранения — профилактика развития хронических заболеваний
**
Об этом министр здравоохранения РФ Михаил Мурашко сообщил журналистам в ходе форума «Здоровое общество».

➡️ Михаил Мурашко отметил, что в рамках пленарной сессии «Лучшие страновые и региональные практики по укреплению общественного здоровья» зарубежные страны поделились опытом, который показывает, что для достижения результатов в увеличении продолжительности жизни и сохранении здоровья важна синергия здравоохранения, культуры, спорта и других сфер. Помогает в реализации этих направлений внедрение современных технологий, добавил министр.

__— Египет показывал направления, связанные с генетическими исследованиями, борьбой с инфекционными заболеваниями, ранней диагностикой злокачественных новообразований. Также это рефреном прозвучало и в выступлениях наших коллег из Казахстана, Таджикистана и Беларуси, — уточнил он.__

Министр подчеркнул, что в России сегодня практически каждый национальный проект содержит блок вопросов, направленный на профилактику.

__— Это и нацпроект «Продолжительная и активная жизнь», где развиваются сети поликлинических подразделений и женских консультаций по всей стране; это блоки вопросов нацпроекта «Семья», в который включены направления, касающиеся сохранения репродуктивного здоровья и поддержания высокого уровня рождаемости; это нацпроект «Новые технологии сбережения здоровья», где блок вопросов профилактического направления также силён, — сказал он.__

📌 Также министр привёл в пример субъекты России — Москву, Якутию и Республику Алтай, где успешно реализуются региональные практики борьбы с потреблением алкоголя, табакокурением и расширения возможностей для раннего выявления хронических заболеваний.

Кроме того, глава Минздрава России подчеркнул, что цифровая среда — также неизменная часть системы здравоохранения.

__— Электронная история болезни — цифровой двойник с использованием агентного ИИ, формирующийся на протяжении всей жизни человека, позволяет нам уже сегодня стратифицировать риски, выделять группы и более чётко и таргетно работать с пациентами, — сказал Михаил Мурашко.

__💬 [Получить MAXимум пользы для здоровья](https://max.ru/minzdrav_ru)__
__
#ЗдоровьеВПриоритете",7417,39,2,minzdrav_ru
14333,2026-03-16T17:05:08+00:00,"🏥 **В Республике Коми открылся новый ФАП**

Фельдшерско-акушерский пункт находится в деревне Загривочная и оказывает медицинскую помощь более 150 местным жителям. 

Новое медучруждение оснащено современным оборудованием, в том числе:

➡️ автоматический дефибриллятор;
➡️ электрокардиограф;
➡️ прибор для анализа гемоглобина.

Кроме того, в здании организована комната временного пребывания пациентов, а также обновлены кабинет акушера-гинеколога и процедурный кабинет.

💬 [Получить MAXимум пользы для здоровья](https://max.ru/minzdrav_ru)

#Модернизация",4164,4,1,minzdrav_ru
14332,2026-03-16T16:02:20+00:00,"💭 **Михаил Мурашко: Сегодня многие отрасли объединяет стремление к внедрению инноваций и развитию научных разработок**

Об этом сообщил министр здравоохранения РФ Михаил Мурашко на встрече с представителями бизнеса в рамках форума «Здоровое общество».

__— Принципиально важно, что сегодня наш общий настрой — на развитие разработок и внедрение инноваций — сказал он.__

Глава Минздрава России добавил, что все нововведения и изменения, в том числе в сфере внедрения научных разработок, направлены на решение ключевых задач: повышение качества и доступности лечения, увеличение продолжительности здоровой жизни и ответ на новые вызовы.

➡️ Министр подчеркнул, что приоритетом во внедрении инноваций остаются принципы безопасности и эффективности.

Михаил Мурашко напомнил, что в конце 2025 года Президент России утвердил стратегию развития здравоохранения, в которой отражены, в том числе, инновационные пути и решения. К ним применяются гибкие регуляторные подходы, благодаря которым удалось решить ряд важных задач.

__— Применяя гибкие регуляторные подходы к инновационным продуктам, востребованным в первую очередь системой здравоохранения, мы уже сегодня решили ряд вопросов, которые касаются быстрого доступа, — сказал он.
__
📎 Глава Минздрава России добавил, что система здравоохранения продолжит реализовывать стратегические задачи, включая изменения в льготном лекарственном обеспечении, эффективное использование медицинской информации в интересах пациентов, сокращение сроков ожидания помощи, повышение производительности труда и другое.

__— Всё это сегодня погружено в национальные проекты, — заключил министр.

__💬 [Получить MAXимум пользы для здоровья](https://max.ru/minzdrav_ru)__
__
#МедицинскаяНаука
#ЗдоровьеВПриоритете",6097,16,2,minzdrav_ru
14330,2026-03-16T14:51:53+00:00,"🩺 **Михаил Мурашко: Более 104 млн человек прошли профилактические медосмотры и диспансеризацию в 2025 году **

Об этом сообщил министр здравоохранения РФ Михаил Мурашко в ходе пленарной сессии «Лучшие страновые и региональные практики по укреплению общественного здоровья» на форуме «Здоровое общество».

__— Профилактические осмотры и диспансеризацию прошли более 104 млн россиян, в том числе 25 млн детей. Мы должны выявить болезни на ранней стадии, не допустить их перехода в хроническую стадию, — сказал он.
__
➡️ Министр подчеркнул, что сегодня система здравоохранения меняет фокус с лечения болезней на сохранение здоровья на всех этапах жизни. Для этого ежегодно расширяется программа госгарантий.

В нашей стране реализуется национальный проект «Продолжительная и активная жизнь», направленный на формирование приверженности граждан к здоровому образу жизни и предупреждение заболеваний через новые стратегические и тактические подходы системы профилактики.

__— В ходе реализации проекта проводится модернизация центров здоровья для взрослых, включая их оснащение, дооснащение. В центральных районных больницах, центрах здоровья для взрослых, в отделениях, кабинетах медицинской профилактики внедряются новые подходы в работе с пациентами с факторами риска и с рисками их формирования, — уточнил министр.__

🏥 Он добавил, что центры здоровья постепенно превращаются в центры здорового долголетия.

__— Начиная с 2026 года, мы расширили перечень функций центров здоровья для выявления изменений, которые могут привести к активизации механизмов старения, — сообщил он.__

📎Министр подчеркнул, что государственная политика — основа, которая позволяет людям сохранять здоровье на протяжении всей жизни.

__— Именно государственная политика, а не только те или иные уклады, которые сформированы в том или ином регионе. Это позволяет сохранить максимальное количество жизней и обеспечить человеку реализацию собственных возможностей, — сказал он.

__💬 [Получить MAXимум пользы для здоровья](https://max.ru/minzdrav_ru)

#ЗдоровьеВПриоритете",15363,55,0,minzdrav_ru
14326,2026-03-16T09:59:58+00:00,"🧍‍♂ **Андрей Плутницкий оценил развитие системы здравоохранения Запорожской области**

Заместитель Министра здравоохранения РФ Андрей Плутницкий посетил Запорожскую область и оценил работу медицинских организаций, системы здравоохранения региона и дальнейшее ее развитие.

➡️ В рамках визита замминистра провел встречу с первым заместителем губернатора Оксаной Вьюник, в ходе которой обсудили планы по реализации национальных проектов в сфере здравоохранения, а также привлечение молодых и опытных специалистов и меры поддержки. 

Так, в Мелитополе завершается строительство детской больницы, создаваемой по поручению Президента РФ Владимира Путина, где для лечения маленьких пациентов будут применяться передовые технологии. 

📌 Андрей Плутницкий выразил признательность всем, кто сегодня работает в Запорожской области, за самоотверженный труд и ежедневный подвиг в деле сохранения жизней и здоровья граждан. 

__— Совместными усилиями при поддержке федерального центра в решении региональных вопросов все вызовы будут успешно преодолены. Победа обязательно будет за нами, и мы оправдаем надежды и доверие наших граждан, чтобы обеспечить им продолжительную активную жизнь, — отметил Андрей Плутницкий.__

Для обеспечения безопасности закуплены бронированные автомобили для бригад, оказывающих экстренную медицинскую помощь.

➡️ Кроме того, в Мелитопольском областном онкологическом диспансере внедрены передовые технологии в диагностику и лечение онкозаболеваний. Также поставлен новый МРТ-аппарат, который обеспечит жителям доступ к точной диагностике новообразований в своем регионе.

Для повышения качества медицинской помощи пациентам с сердечно-сосудистыми заболеваниями в Бердянской ЦРБ поставлено новое операционное оборудование, а также завершен ремонт помещений. Новое оснащение позволяет проводить сложные малоивазивные вмешательства на сердце и сосудах.

🏥 Вместе с тем, в больнице начинается работа по капитальному ремонту в соответствии с современными стандартами, здесь будут созданы комфортные условия для пребывания пациентов и работы медицинских специалистов.

💬 [Получить MAXимум пользы для здоровья](https://max.ru/minzdrav_ru)",3333,8,0,minzdrav_ru
14323,2026-03-16T06:03:20+00:00,"🚁 **Более 90 вылетов совершили бригады санавиации Хабаровского края с начала 2026 года
**
Медики Хабаровского территориального центра медицины катастроф совершили 40 выездов на санитарном автотранспорте и 93 вылета на воздушном судне, оказав экстренную помощь и эвакуировав 217 пациентов в специализированные медицинские учреждения. 

➡️ Причинами для транспортировки пациентов стали болезни сердечно-сосудистой системы, отравления, различные травмы и другие заболевания. 18 женщинам понадобилась экстренная помощь при родах.

📌 Отметим, что в Хабаровском территориальном центре медицины катастроф активно внедряются телемедицинские технологии — в этом году специалисты провели 308 консультаций и 60 видеоконференций, по результатам которых эвакуировали 51 пациента.

💬 [Получить MAXимум пользы для здоровья](https://max.ru/minzdrav_ru)

#МедицинаРегионов",3919,6,0,minzdrav_ru
14322,2026-03-15T11:01:19+00:00,"☀️ **#ПростыеПравила****: Что такое «синдром талого снега» и как он связан с кожей**

Об этом рассказала дерматовенеролог Государственного научного центра дерматовенерологии и косметологии Минздрава России Елена Егорова.**
**
«Синдромом талого снега» — реакции организма в период ранней весны, когда на фоне таяния снега в воздухе повышается концентрация пыли, микрочастиц грязи, реагентов, плесневых спор и других аллергенов. 

__— С таянием снега всё, что накапливалось зимой, поднимается в воздух и активно контактирует со слизистыми. Это отражается не только на дыхательной системе, но и на состоянии кожи, — отметила эксперт.__

В период активного таяния концентрация мелкодисперсных частиц в городском воздухе может существенно возрастать, уточнила Елена Егорова.

__— Эти частицы оседают на коже, нарушают её барьерную функцию и усиливают воспалительные реакции. Одновременно повышается солнечная активность, и отражение ультрафиолета от влажного снега усиливает его воздействие, — сказала она.__

Эксперт отметила,что в дерматологической практике в этот период часто отмечаются:

🔵 обострения контактного, себорейного и атопического дерматита, экземы;
🔵 усиление зуда и шелушения;
🔵 покраснение и раздражение кожи лица.
**
**➡️ **Как бороться с зудом и шелушением?
**
Главная задача — восстановление защитного барьера кожи. 

⬇️ **Избегайте агрессивных средств очищения кожи**, горячей воды и скрабов во время обострения.
⬇️ **Не допускайте механического раздражения кожи** — оно усиливает воспаление и может вызывать микротрещины.
⬇️ **Применяйте фотозащиту (SPF)**: весенний ультрафиолет может усиливать воспаление и пигментацию.

__— При выраженном или длительном зуде, появлении высыпаний следует обратиться к дерматологу. Своевременная терапия позволяет предупредить хронизацию процесса и инфицирование, — заключила эксперт.__

О полезных привычках смотрите на сайте ➡️ [ТакЗдорово](https://www.takzdorovo.ru/)

💬 [Получить MAXимум пользы для здоровья](https://max.ru/minzdrav_ru)",13349,93,0,minzdrav_ru
14321,2026-03-15T06:03:34+00:00,"👨‍⚕️ **Специалисты НМИЦ кардиологии им. ак. Е.И. Чазова Минздрава России спасли пациента с полным закрытием легочных вен**

54-летний пациент длительное время наблюдался в НМИЦ кардиологии им. ак. Е.И. Чазова Минздрава России с нарушение ритма сердца.

➡️ Медикаментозная терапия не дала необходимых результатов, поэтому врачи приняли решение о хирургическом лечении. 

Сначала пациенту выполнили **криоабляцию** (применили низкие температуры), а затем — **радиочастотную абляцию** (термически воздействовали электрическим током).

⚡️ Иногда после радиочастотной абляции возникает сужение или полное закрытие (**окклюзия**) легочных вен, которое сопровождается выраженной одышкой, слабостью и может приводить к развитию сердечной недостаточности.

Благодаря внимательному наблюдению врачи центра вовремя заметили ухудшение состояния пациента и выявили эту патологию.

➡️ Специалисты приняли решение о проведении срочной операции через бедренный венозный доступ под местной анестезией. 

Основная сложность заключалась в полном закрытии обеих легочных вен и необходимости точной навигации инструментов в условиях ограниченной визуализации. 

В ходе вмешательства врачи восстановили просвет вен и установили стенты, которые обеспечили нормальный отток крови из легких.

❤️ Операция прошла успешно. Сейчас пациент чувствует себя хорошо, его выписали домой под амбулаторное наблюдение.

💬 [Получить MAXимум пользы для здоровья](https://max.ru/minzdrav_ru)

#СетьНМИЦев",4414,18,1,minzdrav_ru
14317,2026-03-14T18:04:00+00:00,"🏥 **Андрей Плутницкий: Более 20 модульных фельдшерско-акушерских пунктов и амбулаторий будет создано в ДНР в этом году**

Об этом сообщил замминистра здравоохранения РФ Андрей Плутницкий в рамках рабочей поездки в Донецкую Народную Республику.

__— Сейчас в ДНР создаются быстровозводимые модульные конструкции: ФАПы, амбулатории. На этот год поставлены очень большие задачи по созданию таких модульных конструкций. 29 объектов будет сделано, запланированы также большие капитальные ремонты, — сказал он.__

🚑 Андрей Плутницкий также добавил, что принят ряд решений по приобретению бронированных машин скорой помощи с защитой для медперсонала и пациентов.

В ходе визита он ознакомился с работой медорганизаций региона, включая Центральную городскую клиническую больницу №16 г. Донецка. 

📝 В медучреждении внедрена система открытой регистратуры. Начиная с этого года, эту технологию планируется реализовать и в других медорганизациях региона.

__— Мы сегодня посетили ряд медицинских организаций. Видим, как меняется структура, внедряются технологии: появляется предварительная запись, изменяется организация труда — всё это действительно необходимо, — сказал он.
__
В Республиканской клинической больнице им. М.И. Калинина Андрей Плутницкий оценил новое  модульное приемное отделение, построенное в рамках нацпроекта «Продолжительная и активная жизнь». Всего к 2030 году в стране будет создано 100 таких отделений.

__— В Республиканской клинической больнице им. М.И. Калинина очень быстро было создано современное приёмное отделение, которое в ближайшее время начнёт свою работу, — добавил замминистра.__

➡️ Сейчас строится переход из модульного приемного отделения в хирургический корпус №4 для обеспечения своевременного и комфортного перемещения пациентов. 

Кроме того, в Республиканской клинической больнице им. М.И. Калинина Андрей Плутницкий ознакомился с работой приемного отделения нейрохирургической службы после ремонта. 

Здесь размещены единственные в регионе отделения нейрореанимации, сосудистой нейрохирургии, нейротравмы, нейроонкологии, в том числе для детей. 

✅ Также Андрей Плутницкий сообщил, что в Городском онкологическом диспансере г. Донецка в ближайшее время появится новое подразделение быстрой диагностики, которое усилит уже существующие возможности учреждения.

Отметим, что в рамках визита замминистра провел встречу с председателем Правительства ДНР Андреем Чертковым, в ходе которой обсудил стратегические задачи по восстановлению объектов здравоохранения, повышению кадрового потенциала, а также обеспечению жильем медицинских работников.

📌 Также состоялось совещание с руководителями медицинских организаций ДНР, посвященное переходу медучреждений региона на работу в системе ОМС наравне с другими субъектами РФ.

💬 [Получить MAXимум пользы для здоровья](https://max.ru/minzdrav_ru)

#МедицинаРегионов 
#Модернизация 
#ЗдоровьеВПриоритете",9540,67,1,minzdrav_ru
14316,2026-03-14T11:04:49+00:00,"👨‍⚕️ **Иркутские врачи впервые в регионе спасли ребенка с пороком сердца с помощью отечественного клапана**

Пациент Иркутской областной клинической больницы с диагнозом «Тетрада Фалло» наблюдался у кардиологов с самого рождения. Сложный порок сердца специалисты перинатального центра выявили сразу после появления малыша на свет, и впоследствии диагноз подтвердился.

↪️ Тетрада Фалло включает четыре анатомических нарушения: сужение легочной артерии, дефект межжелудочковой перегородки, смещение аорты и утолщение стенки правого желудочка. Из-за нехватки кислорода в крови кожа таких детей приобретает синий оттенок, который усиливается при плаче и кормлении.

Главной сложностью в данном случае стала выраженная гипоплазия (недоразвитие) выводного отдела правого желудочка — его размер составлял всего 5 мм. Вместо стандартных методов хирурги использовали гомографт диаметром 14 мм.

__— Для нашего региона это первый подобный опыт. Классическая радикальная коррекция тетрады Фалло через 7–9 лет требует повторной операции. Несколько лет мы активно используем гомографты при других пороках и убедились: дети отлично растут с ними, — рассказал заведующий кардиохирургическим отделением №2 Иркутской областной клинической больницы Евгений Ефанов.__

Ключевое преимущество использованного гомографта — его биологическая природа. Это отечественная разработка, зарекомендовавшая себя как надежное решение.

__— Вся прелесть в том, что гомографт заселяется собственными клетками ребенка. По сути, он становится родным клапаном для легочной артерии. Сейчас мы не можем сказать, что у ребенка больное сердце – оно абсолютно здорово. Нет противопоказаний для спорта или любых физических нагрузок в будущем, — добавил Евгений Ефанов.__

❤️ Операция прошла успешно, сейчас ребенок чувствует себя хорошо. 

💬 [Получить MAXимум пользы для здоровья](https://max.ru/minzdrav_ru)

#МедицинаРегионов",6027,21,1,minzdrav_ru
14315,2026-03-14T06:02:30+00:00,"👨‍⚕️ **#ПростыеПравила****: как защитить себя от гепатита С**

Об этом рассказал главный внештатный специалист по инфекционным болезням Минздрава России Владимир Чуланов.

💡 Хронический вирусный гепатит С — заболевание, которое имеет высокую социальную значимость, и нередко приводит к развитию цирроза и рака печени. 

__— Вирус гепатита С передается преимущественно при контакте с кровью инфицированного человека, однако он также может переноситься через другие биологические жидкости, — отметил эксперт.__

🗒 Гепатит С может передаваться при:

🎥 применении нестерильных инструментов во время немедицинских процедур (пирсинг, татуировки, татуаж, маникюр или педикюр); 
🎥 незащищенных половых контактах.

❗️ Гепатит С не передается при объятиях, рукопожатиях или использовании общей посуды. Вакцины от этого вируса не существует, поэтому важно соблюдать меры профилактики. 

🍔 Как снизить риск заражения:

🎥 для косметических процедур выбирайте только те салоны, которые имеют разрешения на предоставление услуг. Убедитесь, что инструменты одноразовые или проходят полную стерилизацию;
🎥 используйте барьерные методы контрацепции;
🎥 пользуйтесь только индивидуальными средствами гигиены.

__— С 2024 года в России в перечень исследований, входящих в программу профилактических медицинских осмотров взрослого населения, включен скрининг на гепатит С раз в 10 лет среди лиц в возрасте 25 лет и старше, — отметил эксперт.__

О полезных привычках смотрите на сайте ➡️ [ТакЗдорово](https://www.takzdorovo.ru/)

💬 [Получить MAXимум пользы для здоровья](https://max.ru/minzdrav_ru)",10196,56,5,minzdrav_ru
14314,2026-03-13T15:01:20+00:00,"🙏 **Один для всех: Истории медиков, которые работают в отдаленных регионах**

Иногда один медицинский работник оказывает помощь жителям сразу нескольких населённых пунктов: ведёт приём пациентов, выезжает на дом в труднодоступные территории и многое другое. Их дело требует выдержки, опыта и полной отдачи в любых условиях.

Именно труду этих специалистов [посвящен](https://rutube.ru/video/d2f38f4488e9215b5161d47b521bf9d5/) новый фильм проекта «Люди в белом», запущенного на RUTUBE при поддержке Минздрава России. 

Смотрите выпуск о медиках, для которых забота о здоровье населения — не просто работа, а призвание ↗️

💬 [Получить MAXимум пользы для здоровья](https://max.ru/minzdrav_ru)",5922,17,3,minzdrav_ru
14306,2026-03-13T13:04:46+00:00,"💭 **Андрей Плутницкий: Система здравоохранения ЛНР динамично развивается **

Замминистра здравоохранения РФ Андрей Плутницкий с рабочей поездкой посетил Луганскую Народную Республику и оценил работу системы здравоохранения в региона.

__— Мы видим очень динамичное развитие здравоохранения республики, и это очень радует, — сказал замминистра. — Хочу поблагодарить наших коллег, сотрудников Минздрава ЛНР и все медицинские коллективы, которые каждый день находятся на службе, защищают и спасают жизни жителей Республики и помогают в лечении раненых бойцов, которые отстаивают интересы нашей страны на фронте.
__
🏥 В рамках визита Андрей Плутницкий ознакомился с работой медорганизаций региона, включая Луганскую городскую многопрофильную больницу № 7. 

Сейчас в медучреждении ведется масштабная реконструкция. Здесь будет создан региональный сосудистый центр, который станет ключевым звеном в спасении пациентов с инфарктами и инсультами.

__— Мы посетили Луганскую городскую многопрофильную больницу № 7, где завершается работа по созданию регионально-сосудистого центра. Надеемся, что уже в апреле первые пациенты смогут получить там медицинскую помощь. Это очень важно, потому что как раз это подразделение позволит спасать жизни нашим гражданам, проживающим в Луганской Народной Республике, — сказал замминистра.
__
🏫 Также Андрей Плутницкий открыл университетскую стоматологическую клинику, созданную на базе Луганского медуниверситета им. Свт. Луки Минздрава России. 

__— Теперь стоматлологическая помощь станет более доступной для жителей, — сказал замминистра.
__
Современный лечебный центр позволит не только оказывать высокотехнологичную помощь населению, но и станет базой для подготовки будущих специалистов.

➡️ Отметим, что в рамках визита также состоялось совещание с главными врачами лечебных учреждений ЛНР, на котором обсудили текущие вопросы модернизации системы здравоохранения региона. 

__— Мы обсудили достижения, которые удалось реализовать за отчётный период, и наметили планы работы, по привлечению и удержанию кадров в республике и по другим направлениям, — сказал замминистра.
__
📌 Кроме того, в ходе встречи прошла церемония награждения медицинских работников ЛНР.

💬 [Получить MAXимум пользы для здоровья](https://max.ru/minzdrav_ru)

#МедицинаРегионов 
#Модернизация 
#ЗдоровьеВПриоритете",7016,67,10,minzdrav_ru
14305,2026-03-13T11:01:50+00:00,"👨‍⚕️ **Врачи Удмуртской Республики восстановили пациентке нормальное** **дыхание, используя 3D-технологии
**
В Центр торакальной хирургии Городской клинической больницы №9 г. Ижевска поступила женщина с жалобами на шумное и затруднённое дыхание. 

⚡️ Ранее она пострадала в ДТП и долгое время находилась на аппарате искусственной вентиляции лёгких.

Через некоторое время у женщины появилась выраженная одышка и характерный шум при дыхании.

➡️ Проведенное обследование выявило рубцовое сужение — **стеноз трахеи**. 

Чтобы получить более точную оценку протяжённости и расположения сужения, специалисты Городской клинической больницы №9 создали 3D-модель дыхательных путей пациентки.

📌 Протяженность стеноза составила 2,95 см, а минимальный просвет трахеи — всего 5 мм. Такая ситуация угрожала жизни пациентки и требовала проведения срочной операции. 

В ходе вмешательства специалисты удалили поражённый участок и восстановили целостность дыхательных путей. Ранее такие операции проводились только в федеральных медцентрах.

❤️ Сейчас пациентка чувствует себя хорошо, её выписали домой под амбулаторное наблюдение.

💬 [Получить MAXимум пользы для здоровья](https://max.ru/minzdrav_ru)

#МедицинаРегионов",4316,18,0,minzdrav_ru
14304,2026-03-13T06:05:45+00:00,"**👁️ Специалисты федерального центра Минздрава России восстановили зрение пациенту с глаукомой и катарактой **

Проблемы с правым глазом у 67-летнего мужчины начались ещё 10 лет назад. Тогда ему диагностировали глаукому и провели операцию. Однако после перенесённой острой респираторной инфекции зрение снова начало ухудшаться.

➡️ Мужчина поступил в НМИЦ МНТК «Микрохирургия глаза» им. ак. С.Н. Федорова Минздрава России. 

В ходе обследования врачи выяснили, что на фоне глаукомы у пациента стала развиваться тяжелая форма катаракты. 

⚡️ Хрусталик не просто помутнел, он начал смещаться, а связки, которые его держат, растянулись и ослабли. Кроме того, у пациента было значительно повышено внутриглазное давление, которое не удавалось снизить с помощью капель.

Специалисты приняли решение о проведение одномоментной операции по поводу катаракты и глаукомы.

__— Поставить обычный искусственный хрусталик нельзя — он мог сместиться. Поэтому мы применили современную технологию Optic Capture, — сказал офтальмолог отделения хирургического лечения глаукомы Алексей Арисов.__

➡️ При этом методе специальные опорные элементы линзы фиксируются в естественной борозде глаза, а её оптическая часть располагается в капсульном мешке. 

Такая конструкция позволяет надежно закрепить линзу даже при слабых связках — без наложения швов.

📌 Затем** **врачи сформирован новый путь оттока внутриглазной жидкости, благодаря чему нормализовалось глазное давление.

✅ Уже на второй день после операции пациент отметил значительное улучшение зрения.**
**
__— Стопроцентного зрения мне уже не вернуть из-за глаукомы, поле зрения сужено. Но, если я закрою здоровый глаз, я прекрасно вижу всё в пределах этого поля. Я могу читать, могу перемещаться, вижу предметы четко. Я вернулся на тот уровень, который был у меня до того, как глаз начал слепнуть, — сказал мужчина.

__❤️ Сейчас пациент чувствует себя хорошо. Его выписали домой под амбулаторное наблюдение.

💬 [Получить MAXимум пользы для здоровья](https://max.ru/minzdrav_ru)

#СетьНМИЦев",4483,21,5,minzdrav_ru
14299,2026-03-12T16:21:24+00:00,"🏥 **#ДоПосле****: Как изменилась Пермская краевая клиническая инфекционная больница за 10 лет? **

В нашей рубрике мы продолжаем наглядно сравнивать, какими поликлиники и больницы были раньше и какими стали после обновления.

➡️ Медучреждение в Пермском крае размещалось в зданиях начала XX века и нуждалось в обновлении.

Сегодня инфекционная больница располагается в новом комплексе зданий, спроектированное как мини-город — тут предусмотрено все, что может пригодиться пациентам и врачам. Здесь реализованы уникальные инженерно-технические решения, включая систему производства и подачи кислорода, «умной» вентиляции.

➡️ Также в здании появилась пневмопочта, обеспечивающая быструю передачу анализов между корпусами (до 40 сек). Во всех палатах к кроватям проведены системы поставки медицинского кислорода.

Для удобства и безопасности палаты оснастили кнопками вызова медицинской сестры. Всю медицинскую помощь, в том числе диагностическую, пациенты получают не выходя из палаты.

💬 [Получить MAXимум пользы для здоровья](https://max.ru/minzdrav_ru)",4821,12,1,minzdrav_ru
14294,2026-03-12T13:31:36+00:00,"**🤔**** ****#ПростыеПравила****: Мифы и правда о почках**

Главный внештатный уролог Минздрава России Дмитрий Пушкарь развеял домыслы об урологических заболеваниях. 

Распространенные мифы и реальные факты смотрите в наших карточках 🖼

**12 марта — Всемирный день почки **

💬 [Получить MAXимум пользы для здоровья](https://max.ru/minzdrav_ru)",5740,53,0,minzdrav_ru
14291,2026-03-12T10:35:44+00:00,"🏥 **В Челябинской области начал работу родильный дом после капитального ремонта**

На базе Областной больницы г. Троицк открылось обновленное здание родильного дома.

➡️ Ремонт учреждения затронул все ключевые аспекты, превратив его в современный медицинский комплекс, отвечающий самым высоким стандартам оказания акушерско-гинекологической помощи. 

**Ключевые изменения после реконструкции:
**
🔴 Организованы просторные одноместные и двухместные комнаты;
🔴 Оборудованы помещения для различных консультаций, в том числе комнаты поддержки грудного вскармливания и психологической помощи пациенткам;
🔴 Обновлены помещения медперсонала.

__— Мы получили не просто отремонтированные стены, а современную медицинскую инфраструктуру, которая позволяет в полной мере реализовать наш главный принцип — обеспечение максимальной безопасности и здоровья матери и ребенка, — сказала и. о. главного врача Областной больницы г. Троицка Александра Николаева.

__💬 [Получить MAXимум пользы для здоровья](https://max.ru/minzdrav_ru)

#Модернизация",4080,6,0,minzdrav_ru
14290,2026-03-12T06:02:49+00:00,"🫀**Специалисты федерального центра Минздрава России спасли 3-месячного ребенка с редкой аномалией сердца

**В НМИЦ сердечно-сосудистой хирургии им. А.Н. Бакулева Минздрава России поступил 3-месячный мальчик из Оренбургской области с редкой патологией сердца — аномальным отхождением правой коронарной артерии от легочной артерии. 

📌 Во всем мире зарегистрировано менее 300 подобных клинических случаев.

__— Обычно дети с таким пороком выявляются чуть позже — после года, иногда двух, порой даже у взрослых встречаются такие аномалии, их обнаруживают случайно, при каком-то обследовании или при появлении каких-то жалоб. Но нарушение коронарного кровотока может привести к негативным последствиям. Такая патология очень опасна в плане внезапной смерти, — пояснил сердечно-сосудистый хирург Алексей Ким. __

Малыш родился недоношенным (на 34-й неделе) вторым из двойни. В то время как его брат оказался абсолютно здоров, у мальчика наблюдалась тревожная симптоматика: сильная одышка во время кормления, которая свидетельствовала о сердечной недостаточности. 

👨‍⚕️ Кардиолог центра Мария Власова, отметила, что диагноз заподозрили еще врачи из Оренбурга.
__
— Нужно отдать должное врачам из Оренбургской области, которые по данным ЭХО-КГ заподозрили у ребенка аномалию коронарных сосудов, — сказала она.__

В НМИЦ сердечно-сосудистой хирургии им. А.Н. Бакулева Минздрава России ребенку провели углубленное обследование и врачи установили точный диагноз — аномальное отхождение правой коронарной артерии. **

**⚡️ Бригада хирургов центра провела сложнейшую операцию — реимплантацию правой коронарной артерии в восходящую аорту с пластикой ствола легочной артерии. 

Врачи создали ребенку физиологичный двухкоронарный тип кровоснабжения сердца, переместив сосуд на его анатомически правильное место.
__
— Существует несколько методов коррекции, но прямая реимплантация в аорту — самый оптимальный. За 20 лет во всем центре таких операций было не больше пяти, причем у пациентов разного возраста, включая взрослых, — отметил сердечно-сосудистый хирург Алексей Ким.__

❤️ Операция прошла успешно. Сейчас маленький пациент чувствует себя хорошо и готовится к выписке.

__— В будущем это никак не повлияет ни на продолжительность жизни, ни на физическое состояние ребенка, ограничений эти дети не имеют, — сказал сердечно-сосудистый хирург Алексей Ким. — Но, как и в случаях с любыми сложными коррекциями, ребенок должен пожизненно находиться под наблюдением кардиолога.__

💬 [Получить MAXимум пользы для здоровья](https://max.ru/minzdrav_ru)

#ЗдоровьеДетей
#СетьНМИЦев",6324,28,1,minzdrav_ru
14287,2026-03-11T16:26:26+00:00,"📆 **«Ночь диспансеризации» прошла в Калининградской области**

👇Мероприятие состоялось в поликлинике Городской больницы № 4 в Калининграде. За ночь профилактические обследования прошли почти 300 граждан.
 
__— Для удобства посетителей проведение исследований и приема врачей было организовано не просто в вечернее время, а в ночь на субботу, чтобы на следующий день людям не надо было рано вставать и спешить на работу, — рассказал главный врач Городской больницы № 4 Роман Мамонов. __

Для граждан вели прием врачи и медсестры, выполнявшие необходимые исследования, в том числе:

🔴 флюорографию;
🔴 измерение внутриглазного давления;
🔴 забор крови.

По итогам осмотра врач определял группу здоровья пациента, а в случае необходимости выдавал направление на углубленное обследование или консультацию профильных специалистов: гинеколога, терапевта, эндокринолога, невролога, кардиолога и уролога, которых можно было посетить в этот же день.
__
— Давно собиралась к гинекологу, но все как-то не находилось времени. А тут и чек-ап прошла, и консультацию нужного мне специалиста получила. Спасибо большое за такую ночную акцию, — поделилась участница акции.__

💬 [Получить MAXимум пользы для здоровья](https://max.ru/minzdrav_ru)

#МедицинаРегионов",4920,32,2,minzdrav_ru
14285,2026-03-11T14:20:22+00:00,"Сегодня среда, а значит... #НаучнаяСреда

🔬** В федеральном центре Минздрава России создали специальный стержень для детей с нарушениями функций рук и ног**

Специалисты НМИЦ детской травматологии и ортопедии им. Г.И. Турнера Минздрава России разработали и применили инновационный титановый стержень для операций на костях у детей с нарушениями функций рук и ног.

📌 Разработка позволяет ребенку провести в гипсе не несколько месяцев, а всего три недели, а иногда и вовсе обойтись без него. Для детей с нейроортопедическими патологиями (например, ДЦП) это критически важно __—__ долгая фиксация может снизить мышечный тонус.

↪️ `Как это работает:`

🔴 титановый стержень имплантируется в кость через небольшой разрез;
🔴 конструкция стабилизирует руку или ногу в правильном положении, но не затрагивает зоны роста;
🔴 материал (титан) биосовместим — удалять стержень в будущем не нужно, он остается в кости навсегда.

↪️ `Преимущества метода:`

🔴 ребенок сохраняет мышечную силу и не теряет навыки, наработанные за годы реабилитации;
🔴 первичное восстановление занимает около недели, пациент быстро возвращается к привычной жизни.

__— Современные технологии позволяют нам создавать специализированные металлоконструкции, которые минимизируют срок нахождения в гипсе. Благодаря этому дети не теряют наработанные навыки и могут приступить к эффективной реабилитации в кратчайшие сроки, — пояснил заведующий отделом нейроортопедии, системных и орфанных заболеваний Владимир Новиков.__

💬 [Получить MAXимум пользы для здоровья](https://max.ru/minzdrav_ru)

#СделаноВРоссии
#БудущееМедицины",5363,19,1,minzdrav_ru
14283,2026-03-11T12:39:05+00:00,"**9 пострадавших при атаке украинских боевиков на Брянск доставлены на лечение в НМИЦ травматологии и ортопедии им. Приорова Минздрава России, НМИЦ нейрохирургии им. Бурденко Минздрава России и НМХЦ им. Пирогова Минздрава России и больницы города Москвы**

Дорогу они перенесли удовлетворительно. В пути их сопровождали врачи службы медицины катастроф.

Всего на стационарном лечении находятся 29 пострадавших, в их числе 1 ребенок. Состояние 11 пострадавших врачи оценивают как тяжелое, остальные -  в состоянии средней тяжести.

Один пациент выписан из стационара в связи с улучшением состояния. 13 человек получают лечение амбулаторно.
Все пострадавшие получают всю необходимую медицинскую помощь в полном объеме.

Оказание медицинской помощи пострадавшим координирует Федеральный центр медицины катастроф Минздрава России.",5503,28,2,minzdrav_ru
14279,2026-03-11T10:16:00+00:00,"🤩 **Открылся первый в России фельдшерский здравпункт, напечатанный на 3D-принтере**

Фельдшерский здравпункт открылся в поселке Дубки Одинцовского городского округа Московской области. Здесь пациенты могут пройти вакцинацию, оформить электронный рецепт на льготное лекарство, больничный лист, а также прийти на прием к фельдшеру.

📌 Ключевая особенность объекта — трехслойные стены, возведенные методом послойной печати непосредственно на площадке. В отличие от модульной сборки, монолитное исполнение исключает образование зон теплопотерь, что гарантирует сохранение тепла и снижение эксплуатационных расходов.

Новое медучреждение полностью укомплектовано современным оборудованием. Здесь предусмотрены все условия для комфортного пребывания пациентов и работы медиков: функционируют фельдшерский, процедурный и прививочный кабинеты, оборудована удобная зона ожидания.

💬 [Получить MAXимум пользы для здоровья](https://max.ru/minzdrav_ru)

#Модернизация",5070,67,3,minzdrav_ru
14278,2026-03-11T06:01:51+00:00,"👨‍⚕️ **Молодой педиатр приступила к работе в Карачевской ЦРБ Брянской области**

Молодой врач Екатерина Акулова начала работу в Карачевской центральной районной больнице после целевого обучения на педиатрическом факультете Смоленского ГМУ Минздрава России.

__— Любовь к медицине зародилась во мне еще в детстве. Меня, как маленького и любознательного ребенка, привлекали игры на тему врачевания, — поделилась Екатерина Акулова. __

Екатерина Акулова продолжает профессионально развиваться, участвуя в онлайн-мероприятиях и изучая медицинскую литературу.

➡️ Девушка уверена, что врач должен быть не только профессионалом своего дела, но и разносторонней личностью, поэтому призывает студентов активно заниматься наукой и совершенствовать свои навыки.

__— Учеба в медицинском — непростой путь, но важно находить время для отдыха и экспертного развития, — подчеркнула Екатерина Акулова. — Врач должен быть не только профессионалом своего дела, но и разносторонней личностью.__

💬 [Получить MAXимум пользы для здоровья](https://max.ru/minzdrav_ru)

#МедицинаРегионов
#БудущееМедицины",5532,10,1,minzdrav_ru
14277,2026-03-10T17:35:01+00:00,"👨‍⚕️ **В Чувашской Республике впервые в регионе применили высокотехнологичный** **метод дробления бляшек в сосудах сердца через артерию руки **

В Республиканском кардиологическом диспансере провели первые высокотехнологичные операции с помощью нового оборудования — **системы ротационной атерэктомии, **которая** **позволяет раздробить кальцинированные бляшки в сосудах сердца в микрочастицы.

➡️ Операция проводится через артерию руки. Уже через 1–1,5 часа после вмешательства пациент может встать и полностью себя обслуживать, а госпитализация занимает всего 4–5 дней.

Одним из первых пациентов стал мужчина с инфарктом. 

⚡️ Для восстановления кровотока в сердце требовалась установка стентов. Врачам удалось имплантировать только две конструкции. Установке остальных мешали твёрдые кальцинированные отложения в сосудах.

В Республиканском кардиологическом диспансере мужчине провели операцию с помощью нового метода, очистили сосуд от кальция и имплантировали ещё три стента.

❤️ Сейчас пациент чувствует себя хорошо. Его выписали домой под амбулаторное наблюдение.

💬 [Получить MAXимум пользы для здоровья](https://max.ru/minzdrav_ru)

#МедицинаРегионов",9785,36,4,minzdrav_ru
14276,2026-03-10T14:01:29+00:00,"☀️ **#ПростыеПравила****: Как витамин D поддерживает здоровье костей и мышц**

Об этом рассказала ассистент кафедры госпитальной терапии и иммунологии Красноярского ГМУ Минздрава России Елена Ключникова.

😎 С началом весны солнечных дней становится больше. Именно солнечный свет помогает нашему организму вырабатывать витамин D.

__— Витамин D — это стратегически важный элемент. Дефицит витамина приводит к риску возникновения болезней почек, сердечно-сосудистых патологий, заболеваний мужской и женской мочеполовой системы. Его недостаток повышает риск снижения когнитивных функций, — подчеркнула эксперт.
__
❗️ Основные симптомы нехватки витамина D:

🎥 боли в мышцах и костях;
🎥 судороги;
🎥 переломы костей даже при минимальных травмах;
🎥 частые ОРВИ.

👶🏻 Витамин D особенно важен для младенцев. У них дефицит может проявляться так:

🎥 кости черепа остаются мягкими дольше положенного времени;
🎥 родничок закрывается позже срока;
🎥 ребенок позже начинает садиться, ползать и ходить;
🎥 наблюдается Х-образное искривление ног.

🍳 Частично суточную норму витамина D обеспечивает солнечный свет, а частично — пища. Основные источники витамина D: яичный желток, сыр, творог, печень рыбы.

🤔 Если вы обнаружили симптомы дефицита витамина D — обратитесь к терапевту. При необходимости врач выпишет направление на анализ витамина в крови.

О полезных привычках смотрите на сайте ➡️ [ТакЗдорово](https://www.takzdorovo.ru/)

💬 [Получить MAXимум пользы для здоровья](https://max.ru/minzdrav_ru)",14563,104,5,minzdrav_ru
14273,2026-03-10T12:04:46+00:00,"**🤩**** В Новгородской области открылось отделение медицинской реабилитации**

В Боровичской центральной районной больнице открылось новое отделение медицинской реабилитации пациентов, перенесших инсульт. Разработанные программы восстановления помогают вернуть опорно-двигательные функции и вернуться к активной жизни.

Отделение оснащено современным оборудованием, в том числе:

🔴 системы для вертикализации;
🔴 велотренажером;
🔴 специальной беговой дорожкой;
🔴 стабилоплатформой.

__— Оборудование в отделении помогает заново освоить навыки движения, также есть программы психологической поддержки. В планах – развивать работу, чтобы оказывать помощь не только пациентам неврологического, но и травматологического отделения, — рассказала главный врач Боровичской центральной районной больницы Ольга Захарова.__

Пройти медицинскую реабилитацию здесь могут не только жители Боровичей, но и пяти соседних округов.

💬 [Получить MAXимум пользы для здоровья](https://max.ru/minzdrav_ru)

#Модернизация",5099,12,0,minzdrav_ru
14272,2026-03-09T15:02:18+00:00,"👨‍⚕️ **Свердловские врачи сохранили мужчине руку после тяжелой травмы**

70-летний мужчина поступил в Артёмовскую центральную районную больницу после травмы на производстве, левая рука рабочего попала в механизм станка. Пациент был доставлен в приёмное отделение в тяжёлом состоянии с большой кровопотерей. 

➡️ Врачи выявили множественные разрывы сухожилия и мышц, открытый перелом нижней трети лучевой кости. Рука соединялась небольшом фрагменте мягких тканей, был высокий риск ампутации. С помощью высокотехнологичного метода врачи смогли не только сохранить руку, но и восстановить функции кисти.

__— Кровоснабжение, сухожилия и мышцы полностью восстановлены. Все функции кисти сохранили, что нечасто удаётся при таких травмах, — рассказал заведующий травматологическим отделением Артёмовской центральной районной больницы Назар Рахматуллоев.__

❤️ Сейчас мужчина чувствует себя хорошо и восстанавливается под амбулаторным наблюдением. Скоро ему предстоит второй этап лечения __—__ травматологи установят ему аппарат Илизарова на длительный срок.

💬 [Получить MAXимум пользы для здоровья](https://max.ru/minzdrav_ru)

#МедицинаРегионов",39860,17,8,minzdrav_ru
14271,2026-03-09T11:02:33+00:00,"**🚗 Врачи Югры спасли пациента после серьёзной автомобильной аварии**

Пациент поступил в Нижневартовскую окружную клиническую больницу в тяжелом состоянии после ДТП.

➡️ В ходе комплексной диагностики врачи выявили повреждение грудного отдела аорты, которое угрожало жизни из-за большой кровопотери. 

Врачи приняли решение о проведении экстренного эндопротезирования.

📌 Через бедренную артерию они установили специальный стент-графт, который надежно изолировал зону повреждения, восстановив целостность и кровоток главного кровеносного сосуда организма.

__— В таких случаях счёт идёт на минуты. Применение эндоваскулярной технологии позволило нам в экстренном порядке устранить угрозу с минимальным вмешательством, — рассказал заведующий отделением рентгенохирургических методов диагностики и лечения Станислав Пелевин. __

❤️ Сейчас жизни пациента ничего не угрожает. Его выписали домой под амбулаторное наблюдение.

💬** **[Получить MAXимум пользы для здоровья](https://max.ru/minzdrav_ru)

#МедицинаРегионов",6086,8,1,minzdrav_ru
14270,2026-03-08T16:03:36+00:00,"🤍**Сердце медицины **

Каждый день женщины-медики принимают важные решения, спасают жизни и поддерживают пациентов в самых непростых ситуациях.

⭐️ Их труд требует не только огромного количества знаний и выдержки, но и большого сердца.

В нашем видео специалисты-мужчины рассказали, почему без женщин невозможно представить медицину ⬆️

**8 марта — Международный женский день**

💬 [Получить MAXимум пользы для здоровья](https://max.ru/minzdrav_ru)",20076,75,0,minzdrav_ru
14269,2026-03-08T09:32:53+00:00,"🌸 **С Международным женским днём!**

Этот светлый весенний праздник тех, кто создает красоту в мире, кто дарит свою любовь и заботу, кто хранит домашний очаг, воспитывает детей и трудится на благо Родины.

➡️ Женщины формируют культуру заботы о здоровье и жизненный путь каждого человека. Они вдохновляют своей добротой, теплом, преданностью и энергией.

В систему здравоохранения женщины вносят большой вклад:  стоят на страже жизни и здоровья пациентов, отвечают на самые сложные вызовы, делятся знаниями и опытом.

🤍 Команда Минздрава России поздравляет с Международным женским днем! Пусть каждый ваш день будет наполнен любовью, вдохновением и незабываемыми моментами. Счастья, радости, красоты и, конечно, здоровья!

💬 [Получить MAXимум пользы для здоровья](https://max.ru/minzdrav_ru)",22011,48,2,minzdrav_ru
14267,2026-03-07T18:01:25+00:00,"👨‍⚕️ **Специалисты федерального центра провели** **сложную операцию 19-летней пациентке с врожденной патологией тазобедренного сустава**

↪️ С рождения у девушки был диагностирован диспластический подвывих бедра, при котором неправильно сформированный сустав смещен и в неправильном положении создает дискомфорт при ходьбе.

Первые операции ей делали еще в двухлетнем возрасте — врачи устанавливали пластины, чтобы скорректировать положение сустава. Но из-за того, что организм ребенка постоянно растет и меняется, ранее проведенные вмешательства не смогли полностью решить проблему: вертлужная впадина оставалась недоразвитой, и головка бедра не вставала на место.

__— Когда мы говорим о детях-пациентах, мы всегда учитываем, что ребёнок — это не взрослый в миниатюре. Он растёт, и его тазобедренные суставы претерпевают изменения по мере роста. Поэтому проведённое ранее лечение — как консервативное, так и хирургическое — было назначено с учётом нюансов роста пациентки, — рассказал заведующий отделением детской ортопедии и вертебрологии Новосибирского НИИТО им. Я.Л. Цивьяна Минздрава России Вадим Кожевников. __

📌 Чтобы спасти сустав и избежать его замены на имплант, хирурги применили метод тройной остеотомии таза. Перед операцией они провели тщательное обследование и создали 3D-макет таза пациентки в реальную величину — это позволило детально спланировать каждый шаг.  

Во время вмешательства врачи изменили положение вертлужной впадины, максимально закрыв ею головку бедренной кости, поставив ее на место. Это обеспечило полное и правильное соприкосновение суставных поверхностей.

__— Мы меняем позицию вертлужной впадины, чтобы перекрыть головку бедренной кости, спрятать её «в домик», чтобы контакт хрящевого покрытия впадины и головки бедра был полным. Впоследствии, когда покрытие головки бедренной кости полностью сформировано — вероятность развития артроза, то есть разрушения сустава, уже минимальная, — дополнил Вадим Кожевников. __

❤️ Операция не только устранила подвывих, но и сняла угрозу раннего разрушения сустава. Девушке сняли инвалидность, и теперь она может жить активной жизнью без ограничений и боли при физической нагрузке.

💬 [Получить MAXимум пользы для здоровья](https://max.ru/minzdrav_ru)

#СетьНМИЦев",6249,8,2,minzdrav_ru
14266,2026-03-07T17:02:39+00:00,"🫶 **Одно призвание на всех: как рождаются медицинские династии**

Медики обладают бесстрашием, ответственностью, стремятся к уникальным знаниям и навыкам, поэтому их дети нередко выбирают профессиональный путь своих родителей.

🤝 Историям медицинских династий [посвящен](https://rutube.ru/video/2a93fc41f2edd52ef6f222920b9ebf35/) новый фильм проекта «Люди в белом», запущенного на RUTUBE при поддержке Минздрава России. От фельдшера начала XX века до современного кардиолога — семьи Аксентьевых и Долгушиных передают любовь к медицине из поколения в поколение.

В выпуске вы увидите, как ценности, опыт и призвание родителей становятся вдохновением для детей, и почему для многих медиков профессия — это больше, чем работа.

Смотрите в видео, как одно дело объединяет поколения целой семьи** **↗️

💬** **[Получить MAXимум пользы для здоровья](https://max.ru/minzdrav_ru)",6442,13,0,minzdrav_ru
14261,2026-03-07T14:33:37+00:00,"🧍‍♂ **Михаил Мурашко встретился с победительницами и финалистками IV Всероссийского конкурса «Женщины за здоровое общество»**

Министр здравоохранения РФ Михаил Мурашко провел встречу с победительницами и финалистками IV Всероссийского конкурса «Женщины за здоровое общество» в преддверии Международного женского дня и поздравил участниц с предстоящим праздником. 

__— Очень символично, что в преддверии 8 Марта мы говорим о здоровье и благополучии. Хотел бы пожелать вам новых свершений и интересных идей, мы всегда открыты к диалогу, ведь проекты, которые вы представляете, могут быть реализованы для укрепления здоровья граждан нашей страны, — заявил глава Минздрава России.__

👇 Также в рамках встречи участницы конкурса представили главе Минздрава России социально-ориентированные проекты в сфере здравоохранения, в том числе имеющие высокий потенциал масштабирования в различных регионах. 

Среди них **проекты**:

🔴 «Школа равных возможностей»;
🔴 «Дети нового времени»;
🔴 «Школа питания»;
🔴 «Сквозь снимки: Умный подход в диагностике»;
🔴 Музей «В тишине»
🔴«Экспресс-тесты для пищевой безопасности».

Отметим, что конкурс «Женщины за здоровое общество» направлен на повышение качества и продолжительности жизни граждан через вовлечение женщин всех возрастов в культуру здоровья и здорового образа жизни.

💬** **[Получить MAXимум пользы для здоровья](https://max.ru/minzdrav_ru)",3865,7,2,minzdrav_ru
14254,2026-03-07T12:01:54+00:00,"🏥 **В Тюменской области открыли поликлинику после капитального ремонта**

В Областной больнице №11 в поселке Голышманово открылась поликлиника, которая оказывает помощь более 16 тыс. жителей. 

➡️ В обновленном здании заменили инженерные системы, внедрили систему обратной связи: теперь на дверях каждого кабинета размещены QR-коды для отзывов, а также установили терминал для электронного управления очередью. 

В медучреждении также появилось новое современное оборудование, в том числе:

🔴 электроэнцефалограф для функциональной диагностики;
🔴 хирургические коагуляторы;
🔴 новые стоматологические установки.

↪️ Также на базе поликлиники открыт специализированный кабинет для обучения пациентов с сахарным диабетом, где врачи — эндокринолог и терапевт — проводят занятия как для людей с впервые выявленным сахарным диабетом, так и для диспансерной группы. На занятиях они учатся эффективно управлять своим состоянием в повседневной жизни.

💬 [Получить MAXимум пользы для здоровья](https://max.ru/minzdrav_ru)

#Модернизация",4021,6,0,minzdrav_ru
14253,2026-03-07T06:05:09+00:00,"**🤰**** ****#ПростыеПравила****: Как подготовиться к беременности, родам и уходу за ребенком **

Об этом рассказала психиатр, психотерапевт, акушер-гинеколог, старший научный сотрудник НМИЦ акушерства, гинекологии и перинатологии имени академика В. И. Кулакова Минздрава России Наталья Стеняева.

__— Сейчас актуальна прегравидарная подготовка: когда будущие родители проходят репродуктивную диспансеризацию и планируют беременность заранее, — сказала эксперт.__

💞 В период ожидания малыша матери важно посещать все плановые осмотры, чтобы наблюдать за собственным состоянием и развитием плода. Когда на скринингах мамы видят ребенка на УЗИ, у них снижается уровень стресса — они становится спокойнее, видя, что с ребенком все хорошо.

🤔 Уровень тревоги и страха у женщины обычно повышается в 1-м и 3-м триместре беременности. В школах будущих родителей, которые важно посещать вместе с партнером, можно получить поддержку специалистов, получить ответы на волнующие вопросы и подготовиться к родам и уходу за новорожденным.

__— Женщине важно знать, как будут проходить роды, чтобы психологически подготовиться к такому событию, — подчеркнула Наталья Стеняева. —__ __Обучение помогает пройти  этот этап осознанно__ и выработать совладающее поведение в родах заранее.

👨🏻 Особое внимание к подготовке необходимо уделить и будущим отцам. Когда папы посещают занятия вместе с супругами, женщины чувствуют поддержку мужчины, который вместе с ней готовится к новому этапу в жизни. 

О полезных привычках смотрите на сайте ➡️ [ТакЗдорово](https://www.takzdorovo.ru/)

💬 [Получить MAXимум пользы для здоровья](https://max.ru/minzdrav_ru)",14305,57,0,minzdrav_ru
14249,2026-03-06T16:04:42+00:00,"🏅 **Михаил Мурашко: Вся система здравоохранения строится на труде, преданности специальности и заветном служении женщин**

Министр здравоохранения РФ Михаил Мурашко вручил государственные и ведомственные награды женщинам- работникам системы здравоохранения в преддверии Международного женского дня.

👩‍⚕️ Во вступительном слове глава Минздрава России отметил, что женщины занимают особое место в системе здравоохранения.

__— Вся система здравоохранения строится на вашем труде, на вашей преданности специальности, на вашем заветном служении. Чувство сострадания, присущее в большей степени женщинам, чувство материнства, чувство уважения и любви к пациентам идут через всю нашу профессию. И у вас это, конечно, получается значительно лучше, чем у мужской части наших медицинских коллективов, — сказал министр.__

➡️ Михаил Мурашко подчеркнул, что в период пандемии COVID-19, а также во время СВО женщины продолжают проявлять особую силу и профессионализм.

__— В период пандемии, специальной военной операции женщины проявили и проявляют себя действительно как героические личности, которые, вместе со всеми стоят на охране здоровья граждан, — сказал он.
__
❤️ Именно профессиональная грамотность в эти сложные периоды в сочетании с высокой вовлечённостью и глубоким уважением к пациентам создали особую синергию.

__— Самое важное, что в эти периоды ваша теплота и профессиональная грамотность действительно создали синергию с вовлеченностью и глубоким уважением к пациентам, и люди почувствовали эту заботу. И в эти периоды, когда все говорят, что медики — герои, что медики спасают жизни, — это действительно так, — сказал он.__

Отметим, что сегодня в нашей стране в системе здравоохранения женщины составляют 70% из числа врачей, 95% среднего медицинского персонала, а также занимают каждый третий пост руководителя регионального министерства или департамента в сфере охраны здоровья.

💬** **[Получить MAXимум пользы для здоровья](https://max.ru/minzdrav_ru)",8277,36,6,minzdrav_ru
14248,2026-03-06T14:56:27+00:00,"👶 **Башкирские врачи спасли** **недоношенного малыша весом всего 490 граммов**

Экстренное кесарево сечение провели пациентке в городском клиническом перинатальном центре Уфы в связи с развившейся острой преждевременной отслойкой плаценты, угрожавшей жизни малыша. Состояние новорожденного было тяжелым и нестабильным из-за экстремально низкой массы тела.

➡️ Чтобы помочь ребенку преодолеть критический порог специалисты перевели малыша в отделение реанимации и интенсивной терапии, где оказывали всю необходимую медицинскую помощь: искусственную вентиляцию легких, антибактериальную и инфузионную терапию, а также поддерживающее питание. 

С помощью телемедицинских технологий комплексное лечение проходило при координации со специалистами НМИЦ акушерства, гинекологии и перинатологии им. ак. В. И. Кулакова Минздрава России

Для эффективного восстановление малыша в таких ситуациях необходимо присутствие матери и тактильный контакт по методу «кожа к коже», поэтому в перинатальном центре ей обеспечили круглосуточный доступ к ребенку и поддержку грудного вскармливания.

💛  У ребенка отмечается положительная динамика лечения — он научился самостоятельно дышать и весит уже 1600 гр. Сейчас малыш проходит реабилитацию под присмотром специалистов.

💬 [Получить MAXимум пользы для здоровья](https://max.ru/minzdrav_ru)

#МедицинаРегионов",5757,24,6,minzdrav_ru
14246,2026-03-06T10:33:00+00:00,"👨‍⚕️ **Сахалинские врачи спасли мужчину с ожогами 47% тела, упавшего в колодец с кипятком
 
**В** **Охинскую центральную районную больницу поступил мужчина с ожогами 47% тела, который поскользнулся и упал в колодец с кипятком. Несмотря на шок, он смог быстро выбраться наружу, но последствия травмы оказались крайне серьёзными: ожоги покрыли половину тела, особенно пострадали ноги.

🚁 После стабилизации состояния мужчину оперативно доставили вертолетом санавиации в Южно-Сахалинскую городскую больницу им. Ф.С. Анкудинова. 

Специалисты провели некрэктомию — удалили омертвевшие ткани для остановки распространения инфекции токсических осложнений.
 
❤️ Сейчас пациент чувствует себя лучше и проходит дальнейшую реабилитацию.

__— Помню, как меня привезли в приёмный покой Охинской центральной районной больницы, потом я очутился в Южном. Для меня между этими событиями прошло не больше нескольких часов, а оказывается, я пролежал в коме три дня. Сейчас худшее уже позади, остаётся только набираться сил. Врач говорит, что смогу ещё в футбол поиграть, — рассказал мужчина.

__💬 [Получить MAXимум пользы для здоровья](https://max.ru/minzdrav_ru)__

__#МедицинаРегионов",4605,4,1,minzdrav_ru
14243,2026-03-06T06:01:00+00:00,"👦🏥 **В Кабардино-Балкарской Республике открылась обновленная детская поликлиника**

В микрорайоне Александровка г. Нальчика начала работу обновленная детская поликлиника. К медучреждению прикреплено более 6,6 тыс. маленьких пациентов.

➡️ Ранее детское отделение располагалось в одном помещении со взрослой поликлиникой площадью 103 кв. м. 

Новое помещение в пять раз больше прежнего: здесь организованы отдельные кабинеты для врачей, процедурные, диагностические помещения и другие специализированные зоны, соответствующие современным стандартам.

📌 Отметим, что обновленная детская поликлиника открыта в рамках модернизации первичного звена здравоохранения.

💬 [Получить MAXимум пользы для здоровья](https://max.ru/minzdrav_ru)

#Модернизация",6714,9,8,minzdrav_ru
14239,2026-03-05T18:04:03+00:00,"📝 **Михаил Мурашко ознакомился с перспективными ИИ-разработками на «Неделе искусственного интеллекта» в Аппарате Правительства РФ
**
Министр здравоохранения РФ Михаил Мурашко посетил интерактивную выставку отечественных ИИ-решений в рамках Недели искусственного интеллекта в Аппарате Правительства России.

Российские разработчики представили перспективные решения на базе собственных ИИ-моделей, применяемых в здравоохранении:

➡️ Нейросеть для анализа МРТ новорожденных, позволяющую с высокой точностью оценивать степень развития головного мозга у детей. Технология создана совместно с Педиатрическим университетом Минздрава России.
➡️ ИИ-решение для обработки многостраничных документов клинических исследований. 
➡️ИИ-решение для автоматического удаления персональных данных из документов. 

Кроме того, Михаилу Мурашко продемонстрировали робота-доставщика для перевозки лекарств и медицинских анализов внутри больниц и антропоморфного робота, который самостоятельно ориентируется в пространстве, обходит препятствия и взаимодействует с предметами.

Также главе Минздрава России представили:

🔴 Нейросеть «ГигаЧат» — универсальная ИИ-модель для различных отраслей;
🔴 Умное кольцо — устройство для мониторинга показателей организма.

📌 Отметим, что сегодня в России зарегистрировано 54 медизделия с искусственным интеллектом, из них 47 — от российских производителей.

💬 [Получить MAXимум пользы для здоровья](https://max.ru/minzdrav_ru)

#БудущееМедицины 
#МедицинскаяНаука 
#СделаноВРоссии",9724,82,3,minzdrav_ru
14237,2026-03-05T14:02:30+00:00,"🩺 **Специалисты Приморского края спасли от ампутации ног 96-летнюю женщину
**
Во Владивостокскую клиническую больницу №1 в экстренном порядке поступила 96-летняя пациентка с жалобами на резкую боль в обеих ногах, «ледяную» кожу и невозможность пошевелить ступнями.

⚡️ В ходе обследования специалисты диагностировали **острую тромбоэмболию **обеих ног — критическое состояние, характеризующееся образованием сгустков крови, перекрывающих кровоток. Пациентке грозила ампутация. 

Врачи приняли решение о проведении экстренной операции.

__— Хирургическое вмешательство заключалось в экстренной **тромбэмболэктомии** — удалении тромбов из магистральных артерий для немедленного восстановления кровотока. Через небольшие доступы в паховых областях мы подошли к бедренным артериям, вскрыли их и извлекли тромботические массы, полностью перекрывавшие просвет сосудов. После этого кровоток восстановился: сначала в крупных сосудах, затем в более мелких ветвях, — рассказал сосудистый хирург Андрей Нестеров.__

➡️ Уже в первые часы после операции женщина отметила значительное улучшение: боль ушла, ноги стали тёплыми, появилась чувствительность.

Но ключевым стал послеоперационный период. 

Возраст и сопутствующие заболевания требовали точности терапии: необходимо было поддержать работу сердца, почек и сосудов, чтобы организм справился с нагрузкой.

Восстановление прошло без осложнений, швы зажили хорошо.

❤️ Сейчас пациентка чувствует себя лучше, её выписали домой под амбулаторное наблюдение.

💬 [Получить MAXимум пользы для здоровья](https://max.ru/minzdrav_ru)

#МедицинаРегионов",4917,16,1,minzdrav_ru
14236,2026-03-05T11:02:37+00:00,"👨‍⚕️ **Врачи из Оренбургской области удалили гигантскую опухоль прямой кишки, проросшую в мочевой пузырь**

В онкоцентр Бузулукской больницы скорой медицинской помощи им. академика Н.А. Семашко поступил 52-летний житель Тоцкого района с диагнозом рак прямой кишки.

📌 Традиционно лечение таких пациентов начинается с химиолучевой терапии для уменьшения опухоли. Но в данном случае из-за начавшейся кишечной непроходимости и опасного кровотечения этот метод был противопоказан.

Единственным решением стала операция. В ходе вмешательства врачи обнаружили, что опухоль более 10 сантиметров в диаметре проросла в стенку мочевого пузыря.

➡️ Специалисты удалили пораженный отдел прямой кишки и часть пораженного органа, затем восстановили непрерывность мочевых путей и сформировали новый резервуар мочевого пузыря.

Этот метод позволил избежать создания отверстия в брюшной стенке для отвода содержимого кишечника. Пациенту сохранили естественные физиологические функции.

❤️ Операция длилась 2,5 часа и прошла успешно. 

💬 [Получить MAXимум пользы для здоровья](https://max.ru/minzdrav_ru)

#МедицинаРегионов",5907,15,1,minzdrav_ru
14235,2026-03-05T05:52:03+00:00,"🩺 **Наталья Мокрышева: В России уделяется большое внимание профилактике ожирения**

Об этом сообщила директор НМИЦ эндокринологии им. ак. И.И. Дедова Минздрава России Наталья Мокрышева на пресс-конференции ТАСС, приуроченной ко Всемирному дню борьбы с ожирением. 
__
— В России в последние годы действительно уделяется большое внимание разработке системы мер по борьбе с ожирением, — рассказала она.__

➡️ Сегодня в России выстроена структурированная система по профилактике и раннему выявлению нарушений обмена веществ, а также лечению ожирения.

__— Мы должны не просто лечить само ожирение и его осложнения, но и должны создать в России систему осознанного отношения к здоровью самого человека, которая позволит ему в любой момент времени обратиться к врачу на уровне первичного звена, центров здоровья~~ ~~и получить уже при необходимости консультацию узких специалистов по вопросам его метаболического здоровья, — сказала она.__

📌 Наталья Мокрышева подчеркнула, что ожирение — это отдельное заболевание, а не фактор риска развития других патологий.

__— Ожирение — это не просто фактор риска развития инсультов, инфарктов и других заболеваний, это отдельное заболевание. Оно является хроническим, рецидивирующим. То есть, это очень серьёзный статус, с которым, нужно работать специалистам узкого профиля,а также в рамках междисциплинарной команды, которую мы сейчас создаём, — уточнила эксперт.

__💬 [Получить MAXимум пользы для здоровья](https://max.ru/minzdrav_ru)__

__#ЗдоровьеВПриоритете",6056,31,5,minzdrav_ru
14229,2026-03-04T16:02:09+00:00,"➡️ Вас пригласили в чат #ЯТолькоСпросить
**
****🍰**** Как контролировать свой вес**

Диетолог клиники Санкт-Петербургского педиатрического университета Минздрава Росссии Анна Завьялова дала советы родителям, как сформировать у ребенка здоровый подход к питанию.

📄 Как избежать набора веса:

🎥 отказаться от магазинных йогуртов и соков. Они, как правило, содержат много сахара;
🎥 обязательно завтракать (хотя бы чем-то легким). Отказ от этого приема пищи замедляет обмен веществ и снижает энергию на весь день;
🎥 не злоупотреблять фастфудом. Это очень вредная еда, в которой много пустых калорий;
🎥 проходите регулярные профилактические осмотры, на которых врач может дать рекомендации по рациональному питанию.

📲 В наших карточках — примеры того, как можно обсуждать подобные темы с ребенком.

💬 [Получить MAXимум пользы для здоровья](https://max.ru/minzdrav_ru)",13901,85,0,minzdrav_ru
14228,2026-03-04T13:31:43+00:00,"Сегодня среда, а значит... #НаучнаяСреда

🧬 **Ученые Пироговского Университета Минздрава России создали первый в стране набор для расшифровки всех генов человека**

Специалисты Института трансляционной медицины РНИМУ им. Н.И. Пирогова Минздрава России зарегистрировали диагностический набор реагентов GLxS. 

📌 Это первый в стране комплект для **полноэкзомного секвенирования**, разрешенный для применения в клиниках.

💡 **Полноэкзомное секвенирование** — это метод, который позволяет «прочитать» экзом (все кодирующие участки генов), где скрыто около 85% мутаций, вызывающих наследственные болезни. Раньше такая глубокая диагностика была доступна в основном в рамках научных исследований.

GLxS прошел все испытания Росздравнадзора, что позволит использовать его не только для экспериментов, но и для постановки реальных диагнозов в больницах по всей стране.

↪️ С помощью GLxS будущие родители могут пройти преконцепционный скрининг, чтобы оценить риски передачи наследственных патологий еще на этапе планирования беременности.

__— Чтобы научные решения могли использоваться для постановки диагноза, каждый компонент должен иметь регистрационное удостоверение. Теперь мы зарегистрировали все три ключевых компонента. Клиника может развернуть у себя полный цикл диагностики: от пробирки с кровью до готового заключения, — заявил исполняющий обязанности заведующего лабораторией геномики Пироговского Университета Минздрава России Дмитрий Коростин.__

💬 [Получить MAXимум пользы для здоровья](https://max.ru/minzdrav_ru)

#СделановРоссии",6167,60,0,minzdrav_ru
14227,2026-03-04T10:31:07+00:00,"**💪 Врачи Ямала восстановили работоспособность руки мужчине, который порвал сухожилие бицепса, резко дернув дверь подъезда**

Пациент поступил в Новоуренгойскую центральную городскую больницу с отрывом сухожилия бицепса.

➡️ Такая травма проявляется характерным щелчком, отёком, гематомой, резкой болью и деформацией мышцы.

Врачи приняли решение о проведении малоинвазивной операции.

Через небольшие разрезы в плече и предплечье с помощью специального инструмента специалисты прошили сухожилие прочными нитями и зафиксировали его к лучевой кости — для этого в кости сверлится канал, в который вводится винт и подшивается сухожилие.

📌 Выполнять простейшие бытовые действия мужчина смог уже сразу после операции. 

❤️ В больнице пациент провёл шесть дней. Сейчас он чувствует себя хорошо, его выписали домой под амбулаторное наблюдение. Через несколько недель работоспособность руки восстановится полностью.

💬 [Получить MAXимум пользы для здоровья](https://max.ru/minzdrav_ru)

#МедицинаРегионов",4643,24,0,minzdrav_ru
14226,2026-03-04T06:01:31+00:00,"🏆 **Северо-Западный ГМУ им. И.И. Мечникова Минздрава России получил премию Правительства РФ в области качества **

Северо-Западному ГМУ им. И.И. Мечникова Минздрава России стал лауреатом премии Правительства РФ в области качества 2025 года за выдающиеся достижения в сфере качества продукции и услуг, обеспечение безопасности и внедрение эффективных методов управления. Соответствующее распоряжение подписал Премьер-министр РФ Михаил Мишустин.

🔍 Отметим, что премия присуждается ежегодно на конкурсной основе. Эксперты оценивают организации по девяти критериям, в том числе лидерство, политика и стратегия, персонал, партнерство, ключевые результаты.

💬 [Получить MAXимум пользы для здоровья](https://max.ru/minzdrav_ru)",4694,29,0,minzdrav_ru
14223,2026-03-04T05:05:48+00:00,"**🏅 Михаил Мурашко вручил награды за вклад в просвещение в сфере «Спорт и ЗОЖ»
**
Министр здравоохранения РФ Михаил Мурашко на торжественной церемонии награждения конкурса «Знание.Премия» вручил награды победителям в номинации «За вклад в просвещение в сфере ""Спорт и ЗОЖ""».

Награды удостоены:

🔴 Ветеран СВО и трёхкратный чемпион России по спортивному метанию ножа Вячеслав Нагаев, развивающий адаптивный спорт в Хабаровском крае;

🔴 Всероссийское общественное движение «Волонтеры-медики» за реализацию инициатив по профилактике различных заболеваний, по отказу от вредных привычек и репродуктивному здоровью.

— __Долголетие сегодня — это самый основной тренд во всём мире, поэтому в рамках премии общества «Знание» мне приятно сегодня озвучить победителей номинации за вклад в просвещение в сфере спорт и ЗОЖ, — подчеркнул министр__.

➡️ Михаил Мурашко отметил, что вся система здравоохранения направлена на создание условий, позволяющих каждому человеку максимально реализовать свой потенциал, и она оказывает поддержку человеку на всех этапах его жизни, но также каждому необходимо ответственно относиться к своему здоровью.

__— Система здравоохранения позволяет каждому достичь лучшей реализации себя. Человек рождается, и сегодня его подхватывают педиатры, неонатологи, которые сразу же делают массу скринингов, в этом году уже на 42 заболевания, профилактические исследования, вакцинацию__. __На всех этапах жизни человека медицина всегда идёт рядом. Но важно, чтобы человек и сам заботился о своём здоровье, — подчеркнул глава Минздрава России.__

📌 Отметим, что номинация «За вклад в просвещение в сфере ""Спорт и ЗОЖ""» вручается просветительским проектам и специалистам, работающим в области укрепления физического здоровья, адаптивного спорта и популяризации здорового образа жизни. В 2025 году на номинацию поступило более 1 тыс. заявок.

💬 [Получить MAXимум пользы для здоровья](https://max.ru/minzdrav_ru)

#ЗдоровьеВПриоритете",5574,17,0,minzdrav_ru
14221,2026-03-03T16:02:55+00:00,"🏥 **В Клинике ЮУГМУ Минздрава России открылся центр для лечения пациентов с раком печени 
**
На базе онкологического отделения Клиники Южно-Уральского ГМУ Минздрава России создан Центр лечения гепатоцеллюлярной карциномы.

💡 **Гепатоцеллюлярная карцинома** — первичный рак печени, на который приходится 80–90% всех злокачественных опухолей этого органа. Он развивается на фоне хронических заболеваний печени: цирроза, вирусных гепатитов B и C, неалкогольной жировой болезни печени. 

Основная опасность этого типа рака печени — длительное бессимптомное течение на ранних стадиях, при этом болезнь может быстро прогрессировать и давать метастазы.

Центр выполняет: 

🔴 раннюю диагностику (УЗИ, КТ, МРТ с контрастированием (для определения доброкачественных и злокачественных образований печени), биопсия, лабораторные тесты на онкомаркеры);
🔴 хирургическое лечение (резекцию печени);
🔴 локальную терапию (абляцию печени);
🔴 эндоваскулярные методы (химиоэмболизация);
🔴 системную терапию (таргетные препараты, иммунотерапию).

— __Пациентам из группы повышенного онкологического риска — с циррозом, неалкогольным жировым поражением печени, ожирением — необходимо систематически проходить обследования. При выявлении отклонений для уточнения диагноза пациента направляют на КТ или МРТ для детального изучения состояния органов брюшной полости, — рассказала заведующая онкологическим отделением Клиники ЮУГМУ Минздрава России Ирина Куракина.__

Отметим, что диагностикой гепатоцеллюлярного рака в Клинике ЮУГМУ Минздрава России занимается мультидисциплинарная команда специалистов. 

Это позволяет разрабатывать для каждого пациента индивидуальную тактику лечения и оказывать помощь на ранних или промежуточных стадиях, когда оперативное лечение наиболее эффективно.

💬 [Получить MAXимум пользы для здоровья](https://max.ru/minzdrav_ru)

#ЗдоровьеВПриоритете",5402,22,1,minzdrav_ru
14220,2026-03-03T13:11:01+00:00,"**👂**** ****#ПростыеПравила****: Как сохранить слух на годы вперед**

Об этом рассказала оториноларинголог НМИЦ нейрохирургии им. ак. Н.Н. Бурденко Минздрава России Надежда Азарова.

❗️ Иногда снижение слуха можно спутать с переутомлением или возрастными факторами, игнорируя симптомы. Например, вы постоянно прибавляете громкость на устройствах почти до предела и часто переспрашиваете собеседника.

🗒 Что влияет на снижение слуха:

🎥 возрастные изменения;
🎥 инфекции (отиты, грипп, корь, менингит);
🎥 хронические болезни (ипертония, сахарный диабет, атеросклероз);
🎥 прием ототоксических препаратов без назначения;
🎥 травмы (акустическая и баротравма, черепно-мозговые травмы).

Подход к лечению нарушения слуха зависит от причины возникновения и степени тугоухости. Если вы обнаружили проблемы — обязательно обратитесь к специалисту и не занимайтесь самолечением.

👩‍⚕️ Своевременная диагностика, профилактика и реабилитация позволят сохранить слух, что влияет на качество жизни и полноценное восприятие окружающего мира.

Подробнее о профилактике тугоухости смотрите в нашей карточке 🖼

О полезных привычках смотрите на сайте ➡️ [ТакЗдорово](https://www.takzdorovo.ru/)

**3 марта — Всемирный день слуха**

💬 [Получить MAXимум пользы для здоровья](https://max.ru/minzdrav_ru)",9472,61,2,minzdrav_ru
14219,2026-03-03T10:50:24+00:00,"👨‍⚕️ **Врачи Алтайского края провели женщине операцию с редкой аномалией матки**

Пациентка поступила в  гинекологическое отделение перинатального центра «ДАР» с жалобами на болезненные менструации и длительные боли внизу живота. 

➡️ В ходе комплексного обследования врачи выявили аномалию развития матки: однорогая матка и рудиментарный рог, который не соединяется с основной полостью матки. Это редкое отклонение от нормальной анатомии, которое негативно влияет на репродуктивную функцию и здоровье женщины. 

__— Сильные боли у девушки возникали из-за того, что в рудиментарном роге был эндометрий, но во время менструации, когда происходило его отторжение, отсутствовала его эвакуация — доступа к полости матки ведь не было, — рассказала заведующая отделением гинекологии Людмила Шмонова. __

После постановки диагноза специалисты приняли решение о проведении операции. Используя малоинвазивный метод (через проколы брюшной стенки), врачи провели удаление рудиментарного рога.

❤️ Сейчас пациентка чувствует себя хорошо. Ее выписали под амбулаторное наблюдение. 

💬 [Получить MAXимум пользы для здоровья](https://max.ru/minzdrav_ru)

#МедицинаРегионов",4976,11,1,minzdrav_ru
14218,2026-03-03T06:03:59+00:00,"🫀 **Врачи Республики Калмыкия спасли 33-летнего мужчину, у которого два раза остановилось сердце после чрезмерной физической нагрузки**

Бригада скорой помощи доставила пациента в критическом состоянии в Республиканскую больницу им. П.П. Жемчуева. По словам мужчины, ему стало плохо во время разгрузки мебели.

У мужчины остановилось сердце из-за серьёзного нарушения ритма, но благодаря быстрым и слаженным действиям медиков во время транспортировки его состояние удалось стабилизировать.

⚡️ В приёмном отделении больницы произошла повторная остановка сердца, которую также успешно купировали экстренной сердечно-легочной реанимацией. 

После комплексного обследования, включая коронароангиографию, врачи подтвердили **острый инфаркт миокарда** — поражение сердца, которое сопровождается некрозом (отмиранием) части мышечной ткани (миокарда) на фоне внезапного прекращения ее кровоснабжения.

➡️ Мужчина провёл семь дней на аппарате искусственной вентиляции лёгких в отделении реанимации, после чего его перевели в кардиологическое отделение для продолжительного лечения. 

❤️ Через месяц пациента выписали домой под амбулаторное наблюдение. Сейчас он чувствует себя лучше.

💬 [Получить MAXимум пользы для здоровья](https://max.ru/minzdrav_ru)

#МедицинаРегионов",5531,18,3,minzdrav_ru
14217,2026-03-02T17:02:45+00:00,"👨‍⚕️ **Специалисты Томского онкодиспасера впервые в регионе удалили опухоль щитовидной железы через полость рта

**В Томский областной онкологический диспансер поступила 25-летняя пациентка с **фолликулярной опухолью щитовидной железы**.

💡 **Фолликулярная опухоль щитовидной железы** — новообразование, результаты цитологии которого не позволяют точно отличить доброкачественную опухоль от злокачественной.

🔜 С учётом клинической картины и медицинских показаний специалисты приняли решение провести операцию и применить малоинвазивный метод хирургического лечения заболеваний щитовидной железы через преддверие полости рта.

Врачи выполнили три небольших разреза (0,5–1 см) на внутренней стороне нижней губы, что полностью исключило образование видимых послеоперационных рубцов на шее, обеспечило более быстрое восстановление пациентки.

🧷 Операция проводилась в отделении абдоминальной и торакальной онкологии с применением современного эндоскопического оборудования экспертного уровня. 

Для дополнительной безопасности во время вмешательства использовался **интраоперационный нейромониторинг** — технология, которая позволяет в режиме реального времени контролировать состояние возвратных гортанных нервов и сохранить их функцию.

❤️ Операция прошла успешно. Врачи полностью удалили опухоль и сохранили щитовидную железу, поэтому пациентке не потребуется гормонозаместительная терапия.

По результатам послеоперационной гистологии врачи подтвердили доброкачественность новообразования. 

💬 [Получить MAXимум пользы для здоровья](https://max.ru/minzdrav_ru)

#МедицинаРегионов",5297,29,4,minzdrav_ru
14216,2026-03-02T13:01:48+00:00,"**🏅 Минздрав России наградил медиков первыми ведомственными медалями «За наставничество в здравоохранении»

**Приказом Министра здравоохранения РФ Михаила Мурашко награждены ведомственной медалью «За наставничество в здравоохранении» первые четыре специалиста отрасли: 

🔴главный врач Амурской областной клинической больницы Сергей Лисин;

🔴онколог отделения онкогинекологии НМИЦ онкологии Минздрава России г. Ростова-на-Дону Виктория Иванова;

🔴главная медсестра Самарского областного клинического онкологического диспансера Вероника Пятикоп;

🔴заведующая дневным стационаром Клиники ЮУГМУ Минздрава России Людмила Соколова.

__—  Быть наставником — значит учить делом, вдохновлять личным примером. Вы не просто передаете знания и клинический опыт, но и формируете клиническое мышление у нового поколения, закладываете фундамент их отношения к профессии, к пациентам, к своим обязанностям, и, конечно, к учителям, — отметил глава Минздрава России.

__Министр подчеркнул, что Минздрав России ведет планомерную работу по развитию института наставничества в медицинских организациях. 

Работа с наставником позволяет молодым специалистам:

➡️ получать практико-ориентированные знания;
➡️ осваивать современные методы диагностики и лечения под чутким руководством опытных коллег;
➡️ формировать гибкие профессиональные навыки и психологическую готовность к самостоятельной работе. 

Это залог преемственности поколений и высокого качества медицинской помощи.

Уделяя особое внимание развитию наставничества, Минздрав России учредил ведомственную награду — медаль «За наставничество в здравоохранении». 

Медалью награждаются лучшие наставники из числа высококвалифицированных специалистов сферы здравоохранения за личные заслуги, проявленные на протяжении не менее пяти лет, в том числе за содействие молодым специалистам в успешном овладении профессиональными знаниями, навыками и умениями.
**
2 марта 2026 года в России впервые отмечается День наставника

**💬 [Получить MAXимум пользы для здоровья](https://max.ru/minzdrav_ru)",29761,102,2,minzdrav_ru
14213,2026-03-02T12:06:35+00:00,"👨‍⚕️** Волгоградские врачи провели высокотехнологичную операцию и сохранили почку пациента с помощью лазера**

Мужчина поступил в Волгоградскую больницу скорой медицинской помощи № 25 с болью в пояснице из-за камня в почке, который перекрывал мочевыводящие пути. Из-за закупорки у пациента также развился **обструктивный пиелонефрит**, и возникал риск потери органа.

**💡**** Обструктивный пиелонефрит** — это воспаление почки, возникающее вследствие затруднённого оттока мочи. 

↪️ Вместо открытой операции врачи выбрали современный метод — перкутанную нефролитолапаксию: через сантиметровый прокол хирурги ввели маленькую камеру и лазер, с помощью которого аккуратно разрушили камень без повреждения тканей.

Благодаря хирургическому вмешательству просвет мочевыводящих путей был освобожден, а также врачи удалили дренаж, который ранее помогал выводить жидкость из организма.

❤️ Сейчас пациент чувствует себя хорошо и выписан под амбулаторное наблюдение.

💬 [Получить MAXимум пользы для здоровья](https://max.ru/minzdrav_ru)

#МедицинаРегионов",4792,9,3,minzdrav_ru
14212,2026-03-02T11:03:22+00:00,"🚑 **5 лет ФЦМК Минздрава России**

Сегодня Федеральный центр медицины катастроф Минздрава России — это ключевое звено в системе здравоохранения, где сосредоточены силы и средства для организации слаженной работы в чрезвычайных ситуациях. 

Благодаря профессионализму команды ФЦМК Минздрава России спасены тысячи жизней:

🔴 более 300 тыс. человек получили медицинскую помощь в новых регионах;
🔴 ежегодно проводится более 1 тыс. эвакуаций граждан, в том числе при ЧС;
🔴 в 2025 медицинскими специалистами центра проведено более 370 тыс. телемедицинских консультаций.

➡️ Работе Федерального центра медицины катастроф Минздрава России [посвящен](https://rutube.ru/video/dc4800cecf6f524aee360a9f52af3806/?r=a) первый фильм проекта «Люди в белом», запущенного на национальном видеохостинге RUTUBE при поддержке Минздрава России.  

Команда Минздрава России поздравляет всех сотрудников ФЦМК и желает дальнейших успехов в работе и крепкого здоровья! ❤️

💬 [Получить MAXимум пользы для здоровья](https://max.ru/minzdrav_ru)",29837,80,0,minzdrav_ru
14208,2026-03-02T06:02:04+00:00,"**👨‍⚕️**** В Кубанском ГМУ Минздрава России открыли центр биомедицины для подготовки кадров**

Специалисты Кубанского ГМУ Минздрава России создали Научно-технологический центр биомедицины. Новая площадка объединила разработку инновационных решений и практическую подготовку студентов.

➡️ Центр трансформирует научные разработки в реальные медицинские продукты. Студенты включены в работу наравне с опытными исследователями: в каждой проектной группе трудятся междисциплинарные коллективы, включающие более 20 ученых и обучающихся.

__— Наш приоритет — привлечение студентов и создание молодежных лабораторий. Группа учащихся может подключиться к существующим коллективам или прийти со своей идеей. Инфраструктура доступна всем, — отметил заведующий Научно-технологическим центром биомедицины Константин Попов.__

↪️ Научно-технологический центр объединил три ключевые лаборатории:

🔴 лаборатория фармацевтических разработок ведет исследования по созданию продуктов для регенерации тканей пародонта (комплекс тканей, окружающих зуб и удерживающих его в «лунке»;
🔴 лаборатория микробиологического синтеза занимается производством коменовой кислоты (для создания раневых покрытий с обезболивающим эффектом) и гиалуроновой кислоты (в качестве основы для заживления ран и в космецевтике);
🔴 лаборатория цифровых медицинских технологий (3D-моделирования) создает прототипы медтехники, VR-тренажеры и специализированное ПО.

Научно-технологический центр нацелен на укрепление связи образования, науки и практики. Он формирует новые кадры в сфере здравоохранения региона и всей страны.

💬 [Получить MAXимум пользы для здоровья](https://max.ru/minzdrav_ru)

#БудущееМедицины",5974,25,0,minzdrav_ru
14207,2026-03-01T15:03:59+00:00,"❓ **#ПростыеПравила****: Как проявляется аллергия на кошек и что делать при ее возникновении?**

Об этом рассказала пульмонолог КДЦ НМИЦ терапии и профилактической медицины Минздрава России Наталья Коповая.

__— Аллергенами могут выступать различные частички животных, такие как шерсть, слюна, элементы кожи, мочи, кала. Причем аллергия развивается не из-за самой шерсти животных, а из-за белков, которые на ней содержатся, — отметила эксперт.
__
Учитывая то, что аллергены очень мелкие, они могут:

⚪️ летать в воздухе в течение нескольких дней и оседать с пылью;
⚪️ длительное время сохраняться на мягкой мебели, ковре;
⚪️ перемещаться на большие расстояния, в другие квартиры;
⚪️ прилипать к одежде.
 
Основные симптомы:

⚪️ заложенность носа;
⚪️ слезотечение, ощущение песка в глазах;
⚪️ чихание;
⚪️ кашель;
⚪️ свистящие хрипы;
⚪️ дискомфорт в горле.
 
__— Диагностика заболевания основывается на связи жалоб больного при контакте с питомцем и изменений показателей иммунограммы. В отличие от сезонной формы болезни, аллергия на домашних животных круглогодичная, — уточнила Наталья Коповая.

__Эксперт отметила, что прекратить контакт с животным — это непростой выбор для их хозяев. 

__— После того как животное побывало в помещении, необходимо тщательно убрать в нем, постирать ковры, шторы, очистить мягкую мебель, постирать одежду, — сказала она.
__
Если** аллергия на животных есть, но отдать их «в хорошие руки» не представляется возможным **в качестве альтернативы рекомендуется:

📎 ограничить пребывание питомца в спальне;
📎 не реже двух раз в неделю купать животное с применением специальных моющих средств;
📎 убрать из жилья накопители пыли: шторы, ковры, паласы, мягкие игрушки;
📎 применять для мягкой мебели чехлы;
📎 регулярно проводить влажную уборку, использовать очистители воздуха.

О полезных привычках смотрите на сайте ➡️ [ТакЗдорово](https://www.takzdorovo.ru/)

💬 [Получить MAXимум пользы для здоровья](https://max.ru/minzdrav_ru)

**1 марта — День кошек**",7891,58,2,minzdrav_ru
14202,2026-03-01T11:02:52+00:00,"🛡 **#ПростыеПравила****: Как укрепить иммунитет в переходный период от зимы к весне?**

Об этом рассказала заведующая кафедрой педиатрии им. ак. А. Ф. Тура Санкт-Петербургского государственного педиатрического медицинского университета Минздрава России Мария Ревнова.

__— С приходом весны организм начинает перестраиваться: дни становятся длиннее, температура постепенно растет, но иммунитет в этот переходный период особенно уязвим, — отметила эксперт.

__📣 В этот период продолжают активно циркулировать вирусы, подчеркнула Мария Ревнова.
__
— Своевременная вакцинация по календарю — научно доказанный способ защиты от опасных инфекций и «тренировки» иммунной системы, — уточнила она.__

Кроме того, в зимне-весенний период лучше воздержаться от посещения мест массового скопления людей.

__— Лучше как можно больше времени проводить на свежем воздухе, — сказала эксперт.__

Также особое внимание необходимо уделять регулярным физическим нагрузкам и сбалансированному питанию.

Подробнее об этом смотреть в наших карточках ⬆️

О полезных привычках читайте на сайте 🔃 [ТакЗдорово](https://www.takzdorovo.ru/)

💬 [Получить MAXимум пользы для здоровья](https://max.ru/minzdrav_ru)

**1 марта __—__  Всемирный день иммунитета**",13782,85,2,minzdrav_ru
14198,2026-02-28T15:03:48+00:00,"🤩 **В Московской области открылся новый ФАП**

Фельдшерстко-акушерский пункт располагается в деревне Мисирево городского округа Клин и оказывает помощь почти 700 жителям. 

🤩 В медучреждении можно пройти первый этап диспансеризации, вакцинацию, с помощью телемедицины получить консультацию врача из поликлиники, оформить больничный и рецепт на льготный препарат. 

Новый ФАП оснащен современным медоборудованием и просторными кабинетами, в том числе:

🔴 кабинетом фельдшера;
🔴 смотровой комнатой;
🔴 палатой временного пребывания;
🔴 процедурным кабинетом;
🔴 прививочным кабинетом.

Для маломобильных граждан также предусмотрен пандус.

💬 [Получить MAXимум пользы для здоровья](https://max.ru/minzdrav_ru)

#Модернизация",4917,8,9,minzdrav_ru
14193,2026-02-28T11:03:16+00:00,"🤔 **Как своевременная диагностика улучшает качество жизни людей с орфанными заболеваниями 

**__Главный внештатный специалист по медицинской генетике Минздрава России Сергей Куцев рассказал, как часто встречаются отдельные редкие заболевания__.**

****🇷🇺** Сегодня в России отмечается День орфанных (редких) заболеваний.

🗒 Важно:

🎥 около 90% орфанных болезней являются наследственными;  
🎥 наследственные заболевания являются хроническими.

Пациентам в России доступна терапия для нескольких сотен орфанных заболеваний. Современные препараты позволяют не только улучшить качество жизни, но и в ряде случаев избежать инвалидности.

👩‍⚕️ Программа расширенного неонатального скрининга на более чем 40 наследственных заболеваний является главным инструментом выявления заболеваний для своевременного назначения лечения.

📎 Все дети с выявленными заболеваниями передаются в регистр фонда «Круг добра», который обеспечивает их необходимыми лекарствами и медицинскими изделиями.

💬 [Получить MAXимум пользы для здоровья](https://max.ru/minzdrav_ru)",9253,28,1,minzdrav_ru
14190,2026-02-28T06:04:06+00:00,"👨‍⚕️ **Врачи Смоленской области удалили пациенту тромб, провоцирующий поражение головного мозга**

52-летний мужчина поступил в Смоленскую областную клиническую больницу с жалобами на внезапную сильную слабость и онемение в левых руке и ноге.

➡️ В ходе исследований врачи выявили тромб длиной около 4 см в просвете правой внутренней сонной артерии. Он нарушал кровоснабжение головного мозга. В любой момент тромб мог оторваться и закрыть магистральные артерии правого полушария, что привело бы к обширному ишемическому инсульту.

Хирурги экстренно провели операцию и удалили тромб, изъязвленную атеросклеротическую бляшку во внутренней и общей сонных артериях и восстановили анатомию сосудов.

❤️ Сейчас пациент чувствует себя хорошо.

💬 [Получить MAXимум пользы для здоровья](https://max.ru/minzdrav_ru)

#МедицинаРегионов",4473,13,2,minzdrav_ru
14189,2026-02-27T15:56:44+00:00,"🖱 **Стартовал** **конкурс работ на соискание премии Правительства РФ в области медицинской науки**

Премия присуждается гражданам России за научные разработки, имеющие значительный потенциал для сохранения жизни и здоровья людей и позволяющие помочь в ранее нерешенных проблемах медицины.

Результаты предоставляемой работы должны быть реализованы на практике не менее чем за год до срока приема, отражая важность внедрения передовых российских разработок в практическую медицину и их доступность для граждан.

Конкурс проходит по трем направлениям:

🔵 Превентивная и персонализированная медицина, включая регенеративную медицину; 
🔵 Нейротехнологии, включая когнитивные; 
🔵 Биомедицинские технологии.

🔔 Заявки принимаются до 1 апреля 2026 года.

Подробнее с правилами подачи и требованиями к оформлению работ можно ознакомиться 🔜 на [сайте](https://minzdrav.gov.ru/premiya-pravitelstva-rossiyskoy-federatsii-v-oblasti-meditsinskoy-nauki) Минздрава России.

💬 [Получить MAXимум пользы для здоровья](https://max.ru/minzdrav_ru)",16076,66,0,minzdrav_ru
14188,2026-02-27T13:35:44+00:00,"👵 **Специалисты Кировской области поставили на ноги 98-летнюю пациентку**

В Центр травматологии, ортопедии и нейрохирургии г. Кирова поступила 98-летняя женщина с закрытым переломом правого бедра со смещением после падения.

⚡️ Врачи приняли решение о проведении экстренной операции. В ходе вмешательства специалисты восстановили целостность бедренной кости с помощью металлических фиксирующих конструкций.

__— Очень важно выполнить операцию в кратчайшие сроки и как можно быстрее вертикализировать больного — поднять его на ноги, чтобы избежать таких опасных осложнений, как пролежни и пневмония, — сказал заведующий отделением множественной и сочетанной травмы__ __Николай Гарькавый.__

➡️ Операция прошла успешно и женщину перевели в отделение множественной и сочетанной травмы. 

__— Наша пациентка была прооперирована в день получения травмы. Со второго дня начались активные занятия лечебной физкультурой под присмотром инструкторов. Постепенно она начала присаживаться и уже на 5-6 день после операции смогла встать с опорой на ходунки, — отметил заведующий отделением множественной и сочетанной травмы Николай Гарькавый.__

❤️ Сегодня женщина чувствует себя хорошо и проходит дальнейшую реабилитацию в Кировском областном госпитале для ветеранов войн.

💬 [Получить MAXимум пользы для здоровья](https://max.ru/minzdrav_ru)

#МедицинаРегионов",4632,14,3,minzdrav_ru
14187,2026-02-27T10:47:10+00:00,"🖥 **Более 1,3 тыс. человек подали заявки на программу подготовки руководителей здравоохранения  **

Заявки на программу «Лидерство в медицине: стратегическое управление региональными системами здравоохранения» [подали](https://t.me/minzdrav_ru/13781) более 1,3 тыс. человек со всей России. Отбор проходит в два этапа:

1️⃣ онлайн-тестирование на лидерский потенциал и поведение в условиях неопределенности.. 
2️⃣ оценка профессиональных компетенций. В деловой игре необходимо проанализировать отраслевые кейсы и проявить способность принимать управленческие решения.

➡️ По итогам отбора будут определены 80 участников, которые пройдут очное обучение. По его окончанию участникам предстоит разработать региональные и межрегиональные программы по здоровьесбережению и защитить их перед федеральными экспертами. 

Лучшие кандидаты попадут в кадровый резерв для назначения на руководящие позиции в региональных органах власти в системе здравоохранения.

🔖 Проект разработан Мастерской управления «Сенеж» Президентской платформы «Россия — страна возможностей» совместно с ЦНИИОИЗ Минздрава России и при поддержке Минздрава России.

💬 [Получить MAXимум пользы для здоровья](https://max.ru/minzdrav_ru)",9800,46,2,minzdrav_ru
14181,2026-02-26T16:04:47+00:00,"👨‍⚕️ **От опасных экспериментов к безопасному переливанию крови: как 100 лет назад в России появился первый Институт переливания крови**

Ровно 100 лет назад основали Институт переливания крови — сегодня это НМИЦ гематологии Минздрава России. 

🤔 В честь юбилея мы расскажем об Александре Богданове — основателе института. Ученый посвятил жизнь медицине, а в 1928 году поставил на себе рискованный эксперимент во благо науки.

Подробная история медицины — в наших карточках 🖼

💬 [Получить MAXимум пользы для здоровья](https://max.ru/minzdrav_ru)

#ИсторияМедицины",8950,28,2,minzdrav_ru
14178,2026-02-26T15:36:07+00:00,"🏥 **#ДоПосле****: Как изменился Республиканский клинический онкологический диспансер в Чувашии за 10 лет? **

В нашей рубрике мы продолжаем наглядно сравнивать, какими поликлиники и больницы были раньше и какими стали после обновления.

➡️ Медучреждение в Республике Чувашия нуждалось в капитальном ремонте.

Сегодня коридоры, палаты, процедурные и кабинеты врачей оснащены современным оборудованием. В медучреждении ввели в эксплуатацию три новые операционные, благодаря чему количество проводимых операций увеличилось на 30%.

📌 Для удобства маломобильных посетителей на входе есть пандус с электроподъемом. На всех этажах есть указатели с аудиосопровождением и шрифтом Брайля.

💬 [Получить MAXимум пользы для здоровья](https://max.ru/minzdrav_ru)",5080,10,0,minzdrav_ru
14176,2026-02-26T14:30:01+00:00,"💭 **Михаил Мурашко: Развитие медицинской науки направлено на решение глобальных задач**

Об этом сообщил министр здравоохранения РФ Михаил Мурашко в ходе выступления на Форуме будущих технологий.

__— Борьба с теми вызовами, перед которыми мы сейчас стоим, невозможна без развития научной базы, — сказал он.__

Министр уточнил, что сегодня ряд важных и актуальных направлений медицинских разработок погружены в нацпроект «Новые технологии сбережения здоровья».

__— В нацпроект «Новые технологии сбережения здоровья» уже погружен ряд направлений, которые являются классическими и которые идут в разработку, включая клеточные технологии, а именно CAR-T для лечения онкогематологических заболеваний, — сказал он. — Также погружен блок вопросов, который касается генотерапевтических и рекомбинантных препаратов. Всё это сегодня очень активно развивается. __

↪️ **Формирование предиктивной модели здравоохранения**

В ходе выступления Михаил Мурашко отметил, что в России повсеместно внедряются и разрабатываются технологии предиктивной медицины, направленные на выявление факторов риска, раннюю диагностику и лечение.

В качестве примера он привел новый ДНК-тест для скрининга на рак эндометрия, разработанный НМИЦ акушерства, гинекологии и перинатологии им. В.И. Кулакова Минздрава России.

__— Это хороший тест с высокой чувствительностью и эффективностью. В нем используется сквозная технология —__ __ДНК-диагностика, которая применяется при инфекционных, генетических__ __заболеваниях, злокачественных новообразованиях и так далее, — сказал он.__

**↪️**** Разработка новейших медицинских технологий в области персонализированной медицины**

Министр остановился на мРНК-технологии, которая может использоваться как платформа для создания лекарственных препаратов для лечения различных заболеваний. 

__— Мы сейчас дали разрешение и в программу госгарантий будем вносить изменения по использованию  терапевтической вакцины при онкозаболеваниях, созданной по технологии мРНК— сказал глава Минздрава России.__

**↪️**** Использование активных медицинских изделий

**Министр отметил, что ещё один важный блок — активные медицинские изделия.

__— Эти технологии сегодня применяются для лечения болезни Паркинсона, определённых форм эпилепсии и во многих других направлениях, — уточнил он.

__Такое__ __комплексное развитие научной базы, внедрение новых технологий позволят системе здравоохранения обеспечивать высокое качество медицинской помощи для населения.

💬 [Получить MAXимум пользы для здоровья](https://max.ru/minzdrav_ru)

#БудущееМедицины 
#МедицинскаяНаука 
#ЗдоровьеВПриоритете",5749,25,2,minzdrav_ru
14175,2026-02-26T08:31:30+00:00,"📝 **Михаил Мурашко: В РФ зарегистрирован первый отечественный хирургический роботизированный комплекс
**
Об этом министр здравоохранения РФ Михаил Мурашко сообщил после выступления председателя Правительства РФ Михаила Мишустина в рамках ежегодного отчета в Госдуме.

➡️ Министр отметил, что отрасль здравоохранения создаёт современные технологии и одновременно остаётся одним из главных потребителей передовых решений. 

Он привёл в пример первый отечественный хирургический роботизированный комплекс, который предназначен для высокоточного управления эндоскопическими инструментами в ходе сложных операций через малоинвазивный доступ. 

__— В РФ зарегистрирована новая отечественная роботизированная установка для хирургии, которая может уже сегодня поставляться в медицинские организации, как федеральные, так и региональные. Это новый формат хирургической помощи, — сказал он.__

📌 Разработка используется для сложных хирургических эндоскопических манипуляций: захвата, рассечения, диссекции, репозиции, лигирования, прижигания электрическим током, наложения швов, а также для введения и установления зондов для микроволновой и криогенной абляции.

__— Мы планируем, что в первую очередь будем оснащать федеральные учреждения, которые нуждаются в такой высокотехнологичной технике, — уточнил Михаил Мурашко.__

Выступая в Государственной Думе, премьер Михаил Мишустин в качестве одной из важнейших задач, поставленных Президентом перед Правительством, определил постоянное технологическое обновление и создание условий для появления в нашей стране инноваций, их активного применения на практике в ключевых отраслях экономики.

💬 [Получить MAXимум пользы для здоровья](https://max.ru/minzdrav_ru)

#СделаноВРоссии 
#МедицинскаяНаука 
#БудущееМедицины",35954,135,9,minzdrav_ru
14174,2026-02-26T06:01:55+00:00,"📝 **Михаил Мурашко: Отрасль здравоохранения активно участвует в решении задач, поставленных Президентом России**

Об этом сообщил министр здравоохранения РФ Михаил Мурашко журналистам в ходе ежегодного отчета Правительства РФ в Госдуме.

Министр отметил, что одно из важнейших направлений работы — инфраструктурные изменения.

↪️ За пять лет:

🔴 построено более 6,1 тыс. медобъектов первичного звена здравоохранения;
🔴 капитально отремонтированы свыше 7,8 тыс. медицинских объектов;
🔴 закуплено более 225 тыс. ед. медоборудования, из них почти 70% — отечественного производства.

Особое внимание министр уделил созданию новых подразделений для оказания стационарной скорой помощи.

__— Таких подразделений за период реализации нацпроекта «Продолжительная и активная жизнь» будет создано почти 100 , — сказал министр.__

Еще одно ключевое направление __— __открытие новых женских консультаций и переоснащение перинатальных центров.

__— В прошлом году мы уже переоснастили 70 перинатальных центров. Это, конечно, в первую очередь безопасность и качество медицинской помощи, — сказал министр.__

↪️ **Приоритетная задача __—__ подготовка специалистов**

__— Отрасль здравоохранения сегодня —__ __самая передовая отрасль с точки зрения нормативно-правового регулирования: это и целевое обучение, и система наставничества, — подчеркнул министр.__

Министр напомнил, что  совместно с Госдумой в прошлом году также обновлены подходы к повышению квалификации медицинских работников. Введены новые требования к образовательным организациям и типовые образовательные программы.

↪️ **Развитие отечественной медицинской промышленности**

__— Хорошие показатели продемонстрировали предприятия, выпускающие медицинскую продукцию. Председатель Правительства РФ подчеркнул, что на 15% выросли объёмы производства фармацевтической отрасли, — сказал министр.__

Кроме того, Михаил Мурашко отметил, что для дальнейшего совершенствования системы оказания помощи пациентам Минздрав России прорабатывает изменения в программе госгарантий по включению в них новых лекарственных препаратов и клеточных технологий.

__— Сейчас Минздрав России отрабатывает дополнительное внесение изменений в программу государственных гарантий, погружая в нее новые лекарственные препараты и клеточные технологии, что позволит более технологично и эффективно лечить пациентов со сложными заболеваниями, такими как онкологические и онкогематологические, — сказал он.__

Министр подчеркнул, что сейчас уже профинансировано и создано специальное производство онковакцин, которые войдут в программу госгарантий.

💬 [Получить MAXимум пользы для здоровья
](https://max.ru/minzdrav_ru)
#ЗдоровьеВПриоритете",19086,55,7,minzdrav_ru
14171,2026-02-25T17:36:41+00:00,"Продолжаем рубрику…#НаучнаяСреда

⚙ **В Самарском ГМУ Минздрава России разработали тренажер, который позволит заново формировать утраченные навыки повседневной жизни людям с поражениями ЦНС**

Тренажер для эрготерапии и восстановления мелкой моторики рук ReviHand («Ревихэнд») — аппаратно-программный комплекс для медицинской и социально-бытовой реабилитации пациентов методами эрготерапии на основе виртуальной реальности с использованием нейронных сетей и тактильной обратной связи. 

🔜 Он позволяет людям с поражениями центральной нервной системы не просто тренировать движения, а заново формировать утраченные навыки повседневной жизни — от простых манипуляций рукой до осмысленных бытовых и социальных действий. 

Во время занятий пациент погружен в виртуальную среду, которая имитирует знакомые жизненные ситуации. 

✋ Он видит перед собой понятные и логичные задачи — взять предмет, переместить его, выполнить бытовое действие. 

Движения рук считываются бесконтактно с помощью оптических трекеров, а взаимодействие с виртуальными объектами подкрепляется тактильными ощущениями через специальную сенсорную перчатку. 

__— Ключевая особенность комплекса заключается в мультисенсорном подходе. Такое сочетание стимулирует нейропластичность — способность мозга формировать новые нейронные связи и обходные пути взамен поврежденных, — говорит директор НИИ нейронаук СамГМУ Минздрава России Александр Захаров. __

В перспективе комплекс может использоваться не только в клиниках, но и в формате телереабилитации, обеспечивая преемственность и непрерывность восстановления в домашних условиях.

🔎 Отметим, что разработка велась в рамках государственного задания. Сейчас протестирован опытный образец тренажера. К 2027 году планируется получить полнофункциональный рабочий образец.

💬 [Получить MAXимум пользы для здоровья
](https://max.ru/minzdrav_ru)
#СделаноВРоссии 
#МедицинскаяНаука 
#БудущееМедицины",4184,11,2,minzdrav_ru
14168,2026-02-25T16:11:25+00:00,"Сегодня среда, а значит... #НаучнаяСреда

🔬 **Ученые федерального центра Минздрава России создали комплексную систему для оценки риска смертельно опасных тромбозов**

Специалисты лаборатории клеточного гемостаза НИИ экспериментальной кардиологии НМИЦ кардиологии им. ак. Е.И. Чазова Минздрава России разработали тест-систему, которая позволяет в реальном времени проследить за поведением белка, отвечающего за опасное тромбообразование — **фактора фон Виллебранда**.

💡 **Фактор фон Виллебранда** (ФФВ) — это белок, который работает как «клей» для тромбоцитов. Если его слишком много или он слишком активен, кровь начинает сворачиваться прямо в сосудах, вызывая инфаркты и инсульты. 

Стандартные анализы часто не видят эту гиперактивность. Новая разработка российских ученых позволяет измерить активность ФФВ именно в потоке. 

Специальное устройство моделирует события в кровеносных сосудах, позволяет имитировать повреждение сосудистой стенки и исследовать динамику пристеночного тромбообразования. 

↪️ `Методика позволяет:`

🔴 оценивать реальные риски тромбообразования при ишемической болезни сердца и при системном воспалительном ответе;
🔴 анализировать кровотечения при синдроме Хейде (поражении аортального клапана);
🔴 диагностировать маточные кровотечения.

Тест-система уже доказала свою эффективность в исследованиях. Она выявила связь активности ФФВ с ранним развитием ишемической болезни сердца и тяжелым течением COVID-19, там, где обычные тесты были бессильны.

💬 [Получить MAXимум пользы для здоровья](https://max.ru/minzdrav_ru)

#СделановРоссии",5750,34,1,minzdrav_ru
14163,2026-02-25T13:34:48+00:00,"📚 **До высот искусства**

Евгений Мешалкин — кардиолог и кардиохирург, доктор медицинских наук, профессор, внесший большой вклад в развитие сердечно-сосудистой хирургии в отечественной медицине.

🏥 Его имя по праву носит НМИЦ им. ак. Е.Н. Мешалкина Минздрава России, где спасают жизни, следуя принципам великого врача.

К 110-летию со дня рождения Евгения Мешалкина мы собрали цитаты из его книги «До высот искусства».

💬 [Получить MAXимум пользы для здоровья](https://max.ru/minzdrav_ru)

#КнижнаяПолка",5104,18,5,minzdrav_ru
14159,2026-02-25T10:46:30+00:00,"🏥 **В Ульяновской области открылся новый ФАП**

Фельдшерско-акушерский пункт находится в селе Старые Алгаши и располагается в 63 км от Ульяновска. ФАП оказывает медицинскую помощь более 1 тыс. жителям. 

Новое медучреждение оснащено современным оборудованием и комфортными кабинетами для проведения вакцинации, первого этапа диспансеризации, а также оказания плановой, неотложной и экстренной медицинской помощи, в том числе:

🔴 процедурный кабинет;
🔴 прививочный кабинет;
🔴 смотровой кабинет.

Новое здание оборудовано с учетом доступности для маломобильных пациентов. 

💬 [Получить MAXимум пользы для здоровья](https://max.ru/minzdrav_ru)

#Модернизация",5473,16,0,minzdrav_ru
14157,2026-02-25T06:04:46+00:00,"👨‍⚕️ **Врачи Нижегородской области спасли пациента с расслоением аорты**

В НИИ — Специализированной кардиохирургической клинической больнице им. ак. Б.А. Королёва поступил 45-летний мужчина с **расслоением** **аорты**.

💡 **Расслоение аорты** — это сердечно-сосудистая катастрофа, при котором нарушается целостность стенки главной артерии организма: если не провести операцию вовремя, то в течение первых двух суток летальность превышает 50%.

__— Утром пошел на работу, почувствовал приступ, стал задыхаться. Скорая помощь отвезла меня в Борскую центральную районную больницу, а затем, после диагностики, в областной кардиоцентр, — сказал пациент.__

🔜 По словам специалистов, заболевание часто маскируется под инфаркт миокарда, поскольку проявляется сильной болью в грудной клетке. При поступлении пациента врачи провели срочную диагностику — УЗИ и КТ. 

__— Когда проблема уже обнаружена, пациента незамедлительно доставляют в Нижегородский кардиоцентр, поскольку именно у нас есть аппарат искусственного кровообращения, который необходимо использовать в такой ситуации, — пояснил главный врач Антон Максимов.__

➡️ Особенность вмешательства заключалась в том, что тело пациента глубоко охладили, все органы и части тела, кроме головного мозга, остались** без кровоснабжения**, чтобы установить синтетический тканый протез.

После операции организм постепенно согрели, вновь подключили искусственное кровообращение, а затем сердечно-сосудистая система мужчины начала работать в естественном режиме.

❤️ Операция прошла успешно, сейчас пациент проходит реабилитацию и готовится к выписке. 

Отметим, что с начала 2026 году в НИИ — Специализированной кардиохирургической клинической больнице им. ак. Б.А. Королёва прооперировали четырех пациентов с данной патологией.

💬 [Получить MAXимум пользы для здоровья](https://max.ru/minzdrav_ru)

#МедицинаРегионов",4712,15,3,minzdrav_ru
14155,2026-02-24T16:02:18+00:00,"👨‍⚕️ **Саратовские врачи сохранили 24-летней девушке с поражением коры головного мозга возможность говорить**

Девушка поступила в Саратовскую городскую клиническую больницу скорой медицинской помощи после внезапного судорожного припадка и потери сознания. Ей оперативно выполнили все исследования и установили диагноз: объемное образование головного мозга.

Операция усложнялась двумя факторами: 

1️⃣ Пораженная область выполняет критически важные функции: отвечает за речь, ее понимание и произношение;
2️⃣ Пораженная область близко располагалась к крупным сосудам, их повреждение несло риск большой кровопотери.

__— Мы использовали специальный микроскоп с возможностью многократного увеличения для определения структур в несколько миллиметров, специальную нейронавигационную систему для определения расположения образования еще до выполнения разреза и интраоперационный УЗИ-аппарат, позволяющий сделать исследование сосудов и образования на открытом головном мозге в объемной проекции, — подчеркнул заместитель главного врача по хирургии Петр Гнилосыр.__

В ходе трехчасовой операции нейрохирурги успешно выполнили микрохирургическое удаление опухоли, сохранив целостность окружающих сосудистых структур и функционально значимых зон головного мозга. Результаты гистологии подтвердили, что опухоль была доброкачественной.

❤️ Сейчас девушка чувствует себя хорошо, ее выписали под амбулаторное наблюдение. 

💬 [Получить MAXимум пользы для здоровья](https://max.ru/minzdrav_ru)

#МедицинаРегионов",5750,13,4,minzdrav_ru
14152,2026-02-24T14:03:07+00:00,"👨‍⚕️ **Воронежские травматологи сохранили женщине возможность ходить после тяжёлой травмы на тюбинге
**
В Воронежскую городскую больницу скорой медицинской помощи №1 поступила 41-летняя пациентка после падения с «ватрушки» на большой скорости.

Медики диагностировали крайне тяжелые повреждения таза: двусторонний перелом боковых масс крестца и разрыв лонного сочленения. 

⚡️ Такие травмы представляют прямую угрозу жизни из-за риска массивного внутреннего кровотечения и развития травматического шока.
 
Лечение проводилось с применением аппарата внешней фиксации переломов, который позволяет быстро и малоинвазивно стабилизировать состояние пациента. 

1⃣ На первом этапе, сразу после поступления, дежурная бригада в рамках противошоковых мероприятий выполнила закрытую репозицию костей таза и их фиксацию внешним аппаратом. 

Операция заняла около 20 минут и была выполнена всего через два прокола кожи, что позволило стабилизировать состояние пациентки. Вскоре женщину перевели из реанимации в профильное отделение.

2⃣ На втором этапе врачи зафиксировали переломы: крестец укрепили канюлированными винтами через минимальные проколы, а разрыв лонного сочленения — титановой пластиной через мини-доступ.

❤️ Сейчас пациентка чувствует себя лучше. В ближайшее время начнётся восстановительное лечение, предусматривающее постепенную нагрузку и передвижение с костылями.

#МинздравНапоминает: Катание на тюбингах (ватрушках) и других зимних средствах активного отдыха может быть травмоопасным. Чтобы избежать несчастных случаев, важно соблюдать технику безопасности и выбирать оборудованные склоны.

💬 [Получить MAXимум пользы для здоровья](https://max.ru/minzdrav_ru)

#МедицинаРегионов",5008,23,0,minzdrav_ru
14149,2026-02-24T10:41:29+00:00,"🏥 **Врачи Краснодарского края удалили пациенту крупный желчный камень через небольшой прокол**

Пациент поступил в Краевую клиническую больницу №2 с крупным камнем в желчном протоке, размер которого достигал 3 см. 

↪️ Удаление камней стандартным способом оказалось достаточно сложным. Перенесенная несколько лет назад операция на желудке (резекция) сместила расположение соседних органов, это перекрыло доступ хирургическим инструментам к камням напрямую.

В ходе консилиума врачи приняли решение о проведении операции через небольшой прокол со стороны печени.  

__— Операцию провели в три этапа: визуализация, дробление и очистка. Сначала через дренажный канал в желчный проток ввели холангиоскоп, что позволило врачам увидеть камень в высоком разрешении. Затем они разрушили образование прямо внутри протока, и, чтобы окончательно освободить путь, врачи расширили область большого дуоденального сосочка и аккуратно вывели остатки камня в кишечник, — рассказал главный врач Краевой клинической больницы №2 Сергей Габриэль.__

❤️ Сейчас пациент чувствует себя хорошо и выписан под амбулаторное наблюдение.

💬 [Получить MAXимум пользы для здоровья](https://max.ru/minzdrav_ru)

#МедицинаРегионов",5639,17,1,minzdrav_ru
14145,2026-02-23T17:05:25+00:00,"**🏅 Михаил Мурашко вручил награды в преддверии Дня защитника Отечества**

Министр здравоохранения РФ Михаил Мурашко вручил государственные и ведомственные награды.

__— Сегодня, в преддверии Дня защитника Отечества, хотел бы вручить государственные награды тем, кто проявил себя в период СВО, воспитывает молодёжь, занимается наставничеством, кто своим личным примером достиг высоких результатов в работе, — всё это сегодня нужно нашей стране, — сказал он.__

➡️ Министр отметил, что для медицинских специалистов День защитника Отечества обрёл особый смысл ещё в период пандемии COVID-19. 

__— В период пандемии медики без страха входили в красные зоны, организовывали медицинскую помощь на дому, и почти 1,5 млн наших коллег стояли на защите здоровья граждан, — сказал он.__ __— Мы первыми в мире разработали вакцину, мы выпускали в нашей стране практически основной список лекарственных препаратов — и всё это было сделано в кратчайший период.__

👨‍⚕️ Михаил Мурашко подчеркнул, что перед вызовами в период СВО медики тоже оказались на передовой. 

Так, он отметил вклад сотрудников ФЦМК Минздрава России, которые в первые дни оперативно организовывали медицинскую помощь и спасли многие жизни, а также специалистов региональных медицинских учреждений, вузов, включая Курский ГМУ Минздрава России.

__— И в последующем, в ходе проведения СВО, гражданская медицина всегда стояла на рубеже защиты здоровья наших военнослужащих и мирного населения, — продолжил министр.__

💭Он подчеркнул, что сегодня медики каждый день сталкиваются с новыми вызовами и проявляют героизм, спасая жизни людей.

💬 [Получить MAXимум пользы для здоровья](https://max.ru/minzdrav_ru)",7355,27,1,minzdrav_ru
14139,2026-02-23T13:02:59+00:00,"🇷🇺 **Защита Родины и защита здоровья — для них это звенья одной цепи**

В День защитника Отечества мы собрали для вас истории военных медиков, которые сегодня работают в подведомственных учреждениях Минздрава России.

❤️‍🩹 Некоторые из них проходили через горячие точки, спасали жизни в экстремальных условиях, принимали решения под обстрелами и в полной темноте.

Сегодня они лечат взрослых и детей, возвращают подвижность после тяжелых травм, разрабатывают новые методики лечения, учат студентов. 

👨‍⚕️ Они сняли камуфляж, но сохранили военную привычку быть там, где трудно, и делать свое дело несмотря ни на что.

💬 [Получить MAXимум пользы для здоровья](https://max.ru/minzdrav_ru)",10569,18,1,minzdrav_ru
14137,2026-02-23T12:04:44+00:00,"👩‍⚕️ **Специалисты федерального центра Минздрава России впервые установили клапан лёгочной артерии через вену на шее**

В НМИЦ сердечно-сосудистой хирургии им. А.Н. Бакулева Минздрав России поступила 10-летняя пациентка с тяжёлой историей болезни.

В центре девочка уже перенесла четыре операции на сердце, включая радикальную коррекцию врождённого порока. Однако несколько лет назад у ребёнка выявили недостаточность клапана лёгочной артерии. 

➡️ Сначала состояние удавалось контролировать, но позже появилась выраженная отрицательная динамика — сердце переставало справляться с нагрузкой.

Обследование показало **недостаточность клапана лёгочной артерии III степени**. Требовалась срочная операция.

💡 **Недостаточность клапана лёгочной артерии** — поражение клапана, при котором створки не способны к полному смыканию, что сопровождается обратным движением крови из лёгочного ствола в правый желудочек. 

Проведение открытой операции было крайне рискованным: после четырёх операций сформировались выраженные спайки, и повторный доступ к сердцу мог привести к массивному кровотечению.

➡️ Врачи приняли решение выполнить **транскатетерную имплантацию клапана** — малоинвазивную высокотехнологичную процедуру без разреза грудной клетки и искусственного кровообращения.

Обычно такие операции выполняются через бедренную вену. Но в данном случае этот доступ оказался невозможен из-за двустороннего тромбоза сосудов.

Единственным вариантом стал нестандартный путь — через яремную вену на шее.

Катетеру с клапаном предстояло пройти сложный маршрут: через верхнюю полую вену в правые отделы сердца и далее в лёгочную артерию. Такая траектория требует исключительной точности, чтобы не повредить сосуды или сердце.

✅ Под постоянным рентгенологическим и эхокардиографическим контролем врачи успешно установили клапан.

Контрольные исследования подтвердили, что клапан работает правильно, обратный ток крови устранён, показатели кровообращения восстановлены.

❤️ Сейчас девочка чувствует себя хорошо, её выписали домой. Впереди — плановые контрольные обследования и возвращение к обычной жизни.

💬 [Получить MAXимум пользы для здоровья](https://max.ru/minzdrav_ru)

#СетьНМИЦев",6337,24,4,minzdrav_ru
14136,2026-02-23T05:02:55+00:00,"**🇷🇺 С Днём защитника Отечества!**

Этот праздник объединяет сильных духом людей, для которых служение стране, ответственность и готовность прийти на помощь — жизненный выбор. Благодаря их мужеству и преданности делу сохраняются безопасность, стабильность и благополучие миллионов граждан нашей страны.

Наши воины на СВО самоотверженно сражаются за Победу! Каждый день они проявляют решительность и доблесть на передовой.

🚑 Ежедневно на страже человеческих жизней стоят и медицинские работники: они в числе первых выезжают на места происшествий, работают в условиях чрезвычайных ситуаций, делают все, чтобы сохранить здоровье наших граждан.

❤️ Команда Минздрава России поздравляет всех с праздником! Желаем крепкого здоровья, профессиональных достижений и счастья вашим семьям.",39334,125,5,minzdrav_ru
14132,2026-02-22T16:04:23+00:00,"👦 **Студенты Пироговского Университета Минздрава России стали лучшими в редактировании генома**

В Новосибирске состоялся финал Национальной технологической олимпиады, в котором приняли участие две команды из Пироговского Университета Минздрава России, занявшие первое и третье места.

Командам необходимо было создать способ выявления эндометриоза по генетическим признакам, определить нужный мутационный профиль и придумать, как с помощью генной терапии можно бороться с этой болезнью.

➡️ Соревнование было междисциплинарным: первые два дня биоинформатики и экспериментальные биологи работали раздельно и на третий день объединились. 

__— Финал ощущался очень напряженно. Мы понимали, что соревнуемся с сильнейшими студентами со всей страны. Но это волнение не помешало нам уверенно взять первое место, — рассказала студентка пятого курса Института биомедицины Пироговского Университета Минздрава России Амина Кожемова. __

🏆 Команда «Аминагруппа», представляющая Пироговский Университет Минздрава России, набрала 85,7 балла из 100, опередив ближайших соперников на 10 баллов, став абсолютным победителем соревнования.

💬 [Получить MAXимум пользы для здоровья](https://max.ru/minzdrav_ru)

#ЗдоровьеВПриоритете",6011,29,1,minzdrav_ru
14131,2026-02-22T06:04:01+00:00,"👨‍⚕️ **Врачи Удмуртской Республики спасли мужчину с «окаменевшим» аппендиксом**

В хирургическое отделение Первой Республиканской клинической больницы поступил пациент с жалобами на чувство тяжести в правой части живота и периодические боли.

⚡️ Ещё 13 лет назад мужчина перенёс операцию по поводу гнойника в брюшной полости — тогда хирурги вскрыли абсцесс, однако от удаления аппендикса пациент отказался. В 2025 году боли вернулись. 

__— К сожалению, часто наши пациенты игнорируют свое состояние, обращаясь к врачам только тогда, когда боль становится невозможно терпеть. Мы еще раз призываем всех внимательно относиться к своему здоровью — любое заболевание гораздо проще вылечить на ранней стадии, не доводя его до острой формы, — отметил хирург Первой Республиканской клинической больницы Сергей Тимофеев.__

➡️ Компьютерная томография органов брюшной полости выявила редкое заболевание — **аппендиколитиаз**. 

При этой патологии в червеобразном отростке формируются конкременты (каловые камни), которые вызывают серьезное воспаление в кишечнике.

С учётом длительности заболевания и результатов обследования хирурги приняли решение об удалении части слепой кишки вместе с изменённым, фактически «окаменевшим» аппендиксом.

❤️ Операция прошла успешно. Сейчас пациент чувствует себя лучше, постепенно возвращаясь к активной жизни. Он уже выписан из стационара под амбулаторное наблюдение.

💬 [Получить MAXимум пользы для здоровья](https://max.ru/minzdrav_ru)

#МедицинаРегионов",6018,16,0,minzdrav_ru
14130,2026-02-21T16:03:36+00:00,"🫀🥼 **Специалисты Астраханского ГМУ Минздрава России провели «Школу здоровья» для пациентов с сердечной недостаточностью**

Сотрудники и ординаторы кафедры кардиологии Факультета последипломного образования Астраханского ГМУ Минздрава России организовали школу для пациентов с хронической сердечной недостаточностью. 

**💡**** Хроническая сердечная недостаточность** — прогрессирующий синдром, возникающий из-за неспособности сердца обеспечивать адекватное кровообращение.

Специалисты вуза объяснили:

🔴 какие заболевания приводят к развитию хронической сердечной недостаточности;
🔴 как заболевание проявляется;
🔴 почему это состояние требует регулярного наблюдения и лечения. 

Особый акцент был сделан на новых методах коррекции и необходимости постоянного наблюдения за своим состоянием. 

👨‍⚕️ В ходе мероприятия сотрудники и ординаторы Астраханского ГМУ Минздрава России также ответили на многочисленные вопросы слушателей, разобрали индивидуальные случаи и дали персональные рекомендации.

➡️ Отметим, что «Школу здоровья» организовали на базе кардиологического отделения Городской клинической больницы №3 им. С. М. Кирова. 

💬 [Получить MAXимум пользы для здоровья](https://max.ru/minzdrav_ru)

#ЗдоровьеВПриоритете",5425,11,2,minzdrav_ru
14129,2026-02-21T11:03:43+00:00,"❤️ **За каждым вызовом — чья-то жизнь
**
Быть фельдшером — это про ответственность, про умение быстро принимать решения, поддерживать, спасать и оставаться рядом в самые трудные минуты.

В нашем видео специалисты рассказывают, что для них значит эта профессия — искренне, по-настоящему.

О важной работе, которая давно стала для фельдшеров делом жизни, смотрите выше ⬆️

💬 [Получить MAXимум пользы для здоровья](https://max.ru/minzdrav_ru)",28718,81,2,minzdrav_ru
14127,2026-02-21T07:01:26+00:00,"🏥 **В Республике Коми открылся новый ФАП**

Фельдшерско-акушерский пункт располагается в деревне Захарово Сыктывдинского района и находится в 68 км от Сыктывкара. 

В ФАПе имеются кабинет приема с гинекологическим креслом, процедурный кабинет, комната временного пребывания и подсобные помещения. 

Новое медучреждение оснащено современным оборудованием, в том числе:

🔴 Телекардиографом;
🔴 Измерителем концентрации глюкозы;
🔴 Системой для измерения уровня гемоглобина.

Также здание обустроено с учетом доступности для маломобильных пациентов. 

📌 Передвижные медицинские комплексы помогают выявлять заболевания на ранних стадиях. В рамках нацпроекта «Продолжительная и активная жизнь» врачи проводят профосмотры, определяют тактику ведения и начинают лечение.

💬 [Получить MAXимум пользы для здоровья](https://max.ru/minzdrav_ru)

#Модернизация",5272,8,0,minzdrav_ru
14126,2026-02-20T16:05:47+00:00,"👀   **#ПростыеПравила****: Как сохранить здоровье за праздничным столом?

**Об этом рассказала **г**лавный внештатный специалист по медицинской профилактике Минздрава России Любовь Дроздова.**__
__
****➡️** Она** **отметила, что в праздничные дни увеличивается потребление жирных, соленых блюд и алкоголя. Такое сочетание создается серьезные нагрузку на пищеварительную и сердечно-сосудистую системы.

__— Для людей с гипертонией, ишемической болезнью сердца, диабетом и болезнями желудка это особенно опасно: перегрузка пищеварительной системы и сосудов может привести к обострениям уже через 1–2 дня, — сказала она.__
__
__Так, при злоупотреблении соленой пищей организм может удерживать до 1,5 л дополнительной жидкости. __

— Это увеличивает объем циркулирующей крови и нагрузку на сердце, повышая риск отеков, особенно у людей с сердечной недостаточностью и заболеваниями почек, — уточнила Любовь Дроздова. 

____🗣__ ** Безопасной дозы алкоголя не существует**__

Л__юбовь Дроздова напомнила, что даже умеренное количество спиртного учащает пульс, а более значительные дозы через несколько часов повышают артериальное давление.

__—__ __Опасность в том, что аритмия может возникнуть даже у людей без известных заболеваний сердца, — подчеркнула она.__

Также злоупотребление алкоголем — вторая по частоте причина острого панкреатита после желчнокаменной болезни.

__🗣__ **Чтобы праздники принесли пользу, соблюдайте простые правила:

****⏺**** Соблюдайте меру: **не переедайте, исключите алкоголь — даже «малые дозы» учащают пульс и нагружают сердце;
**⏺**** Ограничьте соль и жир:** отдавайте предпочтение запеченным, тушеным и вареным блюдам;
**⏺**** Недосаливайте **уже приготовленные блюда;**
****⏺**** Выбирайте здоровые альтернативы: **минеральная или газированная вода без сахара, морс, травяной чай, овощные закуски, рыба, нежирное мясо;
**⏺**** Больше движения:** не менее 30 минут физической активности в день;
**⏺**** Пейте воду:** 1,5–2 л в день для нормализации обмена веществ и контроля аппетита.

О полезных привычках смотрите на сайте ➡️ [ТакЗдорово](https://www.takzdorovo.ru/)

💬 [Получить MAXимум пользы для здоровья](https://max.ru/minzdrav_ru)",11542,53,8,minzdrav_ru
14125,2026-02-20T13:06:30+00:00,"🫀 **В больнице Орловской области открылся кабинет стресс-эхокардиографии
**
В Ливенской центральной районной больнице начал работу кабинет стресс-эхокардиографии для оценки состояния и функции сердечной мышцы в условиях физической нагрузки.

💡 **Стресс-ЭхоКГ** — высокоэффективный неинвазивный метод диагностики, который значительно дополняет традиционные нагрузочные ЭКГ-пробы. 

Среди ключевых преимуществ — отсутствие ионизирующего излучения и возможность многократного повторения исследований. 

✅ Метод позволяет не только диагностировать ишемическую болезнь сердца, но и оценивать функциональную значимость поражений коронарных артерий.

➡️ Отметим, внедрение исследования расширило возможности ранней диагностики сердечно-сосудистых заболеваний и повысило доступность современной медицинской помощи для жителей района.

💬 [Получить MAXимум пользы для здоровья](https://max.ru/minzdrav_ru)

#Модернизация",5312,11,4,minzdrav_ru
14124,2026-02-20T10:11:33+00:00,"👨‍⚕️ **Специалисты федерального центра Минздрава России внедрили новый метод лечения врожденной патологии костей у детей**

Врачи НМИЦ травматологии и ортопедии им. ак. Г. А. Илизарова Минздрава России разработали многоэтапную методику по реконструкции и удлинению **малоберцовой кости**. Данный способ позволяет безопасно проводить удлинение конечности у самых маленьких пациентов с врожденным отсутствием **малоберцовой кости**.

__— Современная хирургическая схема лечения данных пациентов включает раннюю (с возраста 1 года) реконструкцию голени и стопы, которая направлена на то, чтобы создать возможность опоры на больную конечность, а удлинение конечности выполняем после достижения ребенком 3 лет. Раньше такие больные получали первое лечение только в возрасте 5-7 лет, — рассказал заведующий Травматолого-ортопедическим отделением НМИЦ травматологии и ортопедии им. ак. Г. А. Илизарова Минздрава России Сергей Леончук.__

↪️ Первую операцию одной из пациенток провели, когда ей был год: тогда врачи реконструировали голень и стопу. Это позволило ребенку ползать, вставать и ходить. В два года девочке провели операцию на коленном суставе и стабилизировали сустав. Это предотвратило смещение голени перед последующим удлинением ноги.

↪️ Сейчас пациентка снова поступила в НМИЦ травматологии и ортопедии им. ак. Г. А. Илизарова Минздрава России на повторную операцию двухуровневое удлинение большеберцовой кости аппаратом Илизарова. На данном этапе будет увеличена длина ножки на 6 см. В процессе роста девочки планируется несколько этапов удлинения конечности с интервалом в 3 года.

📌 Отметим, что данный способ внесуставной стабилизации коленного сустава является авторским. Врачи НМИЦ травматологии и ортопедии им. ак. Г. А. Илизарова Минздрава России уже подали заявку на получение патента.

💬 [Получить MAXимум пользы для здоровья](https://max.ru/minzdrav_ru)

#ЗдоровьеВПриоритете",5760,28,2,minzdrav_ru
14122,2026-02-19T18:04:00+00:00,"🩺 **Евгения Котова: С 2025 года репродуктивную диспансеризацию прошли более 15,7 млн граждан, в том числе 7,1 млн мужчин**

Заместитель министра здравоохранения Евгения Котова в рамках тематической программы «Регион – 2030» в Национальном центре «Россия» в Москве отметила, что сегодня система здравоохранения активно участвует в реализации комплекса мер по увеличению числа рождений. 

➡️ Одной из ключевых задач является стимулировать активное участие мужчин в создании и планировании семьи, в уходе за детьми и их воспитании, ведении мужчинами здорового образа жизни и сохранении репродуктивного здоровья — то есть в формирование ответственного отцовства и пригласила всех мужчин на репродуктивную диспансеризацию, которая теперь включена в нацпроект «Семья». 

📌 С 2024 года впервые для мужчин и женщин в возрасте с 18 до 49 лет начато проведение диспансеризации с целью оценки репродуктивного здоровья за счет средств ОМС. 

➡️ С 2025 года это мероприятие национального проекта и его прошли более 15,7 миллионов граждан, в том числе 7,1 млн мужчин.

Замминистра напомнила, что очень важно мужчинам понимать свою ответственность и важность поддержки, когда решается вопрос репродуктивного выбора — по результатам анкетирования женщин, находящихся в состоянии репродуктивного выбора, проводимого во всех женских консультациях более четверти женщин, оказавшихся в состоянии такого выбора, сообщают о проблемах во взаимоотношениях с мужчиной.  

🏥 Сегодня в рамках нацпроекта «Семья» уделяется большое внимание тому, чтобы каждая женская консультация — и работающая, и вновь создаваемая — новых до 2030 года будет более 430 станет точкой притяжения семей, где кроме медицинской помощи и мужчины, и женщины смогут получить информацию о мерах социальной поддержки, пройти программу подготовки к родам.

📝 Исследования показывают, что именно у мужчин факторы риска для здоровья как потребление алкоголя у мужчин более чем в 2 раза превышает этот показатель у женщин, в 3 раза мужчины больше курят, и именно это в первую очередь определяет потери здоровья и сокращает годы здоровой жизни. 

При этом мужчины были и остаются опорой для семьи, нашими защитниками, сказала Евгения Котова. 

💭 Здоровьесберегающее поведение для мужчин и женщин — это залог долголетия. Благодаря заботе о здоровье и семейной поддержке женатые мужчины живут в среднем на 2-2,5 года больше, чем холостые.

__— Мужчины должны принимать активное участие в планировании семьи, — подчеркнула она. — А женатые мужчины живут дольше неженатых.

__💬 [Получить MAXимум пользы для здоровья](https://max.ru/minzdrav_ru)__

__#ЗдоровьеВПриоритете",21262,67,1,minzdrav_ru
14121,2026-02-19T16:17:17+00:00,"🏥 #ДоПосле: **Как изменилась взрослая поликлиника в Среднеуральске за 10 лет? **

В нашей рубрике мы продолжаем наглядно сравнивать, какими поликлиники и больницы были раньше и какими стали после ремонта.

➡️ Медучреждение в Свердловской области 1988 года постройки, где наблюдались более 20 тыс. человек, нуждалось в обновлении.

Сегодня кабинеты, коридоры и лестничные пролеты учреждения оформлены в светлых тонах.

📌 Здесь оборудовали комфортную зону ожидания, а продуманная навигация помогает пациентам легко ориентироваться и тратить минимум времени на визит.

В обновленных кабинетах ведут прием специалисты разных профилей, работают процедурные и смотровые. Для проведения исследований работают флюорограф, маммограф и рентген-аппарат.

🔬 В поликлинике есть все необходимое, чтобы пройти диспансеризацию, диагностику, сделать прививку и посетить консультативные приемы специалистов.

💬 [Получить MAXимум пользы для здоровья](https://max.ru/minzdrav_ru)",4656,3,2,minzdrav_ru
14119,2026-02-19T15:21:21+00:00,"🥇**Специалисты федерального центра Минздрава России получили две золотые медали на международной выставке изобретений в Кувейте**

Разработки НМИЦ детской травматологии и ортопедии им. Г. И. Турнера Минздрава России удостоены двух золотых медалей на 16-й Международной выставке изобретений на Ближнем Востоке (IIFME 2026), прошедшей в Кувейте. Делегация центра стала единственным представителем страны на форуме, организованном Kuwait Science Club.

↪️ **Прорывные решения в детской спинальной хирургии**

➡️ Высшую награду — «Золотая медаль с поздравлением жюри» — получило **устройство для коррекции врожденной деформации позвоночника и грудной клетки** при одностороннем нарушении сегментации позвонков грудного отдела позвоночника и патологическом сращении рёбер.

Это уникальное техническое решение позволяет проводить сложнейшие реконструктивные вмешательства: восстановить нормальную форму грудной клетки и одномоментно исправить тяжелые врожденные деформации позвоночника, которые ранее трудно поддавались коррекции.

➡️ Вторую золотую медаль получил **транспедикулярно-ламинарный эндокорректор позвоночника** — конструкция, обеспечивающая надежную фиксацию позвоночного столба у детей первых лет  с врожденными деформациями позвоночника, не увеличивая при этом протяженность металлофиксации.

Особую заинтересованность в представленных технологиях проявил министр здравоохранения Кувейта Ахмад Аль-Авади. 

💬 [Получить MAXимум пользы для здоровья](https://max.ru/minzdrav_ru)

#СетьНМИЦев
#СделаноВРоссии
#МедицинскаяНаука",5879,19,0,minzdrav_ru
14118,2026-02-19T14:33:34+00:00,"🔎 **Что делать, если возникли трудности с получением льготных препаратов для себя или близких? **

Звоните на бесплатную круглосуточную горячую линию Росздравнадзора: **8 (800) 550-99-03**.

🕔 Каждое обращение оперативно рассматривается. 

Специалисты помогут в решении таких проблем, как:

🔵 отказ в выдаче положенных по рецепту льготных лекарств;
🔵 отсутствие необходимого препарата в аптеке;
🔵 консультации по госфонду «Круг добра», обеспечивающему лекарствами детей с редкими заболеваниями;
🔵 защита ваших прав в сфере здравоохранения.

Больше полезной информации — в [MAX горячей линии](https://max.ru/GL_RZN)[.](https://t.me/GL_RZN)",48070,490,2,minzdrav_ru
14117,2026-02-19T09:46:24+00:00,"🧍‍♂ **Михаил Мурашко: Первичное звено здравоохранения настроено на поддержание здорового долголетия**

Об этом заявил министр здравоохранения РФ Михаил Мурашко на совещании Президента России Владимира Путина с членами Правительства, посвященном модернизации первичного звена здравоохранения в режиме ВКС.

__—__ __Мы изменили саму культуру первичного звена. Оно стало местом, где встречаются современная инфраструктура, квалифицированные кадры, цифровые сервисы, и служба здоровья — это именно то, что сегодня настроено на поддержание здорового долголетия, — рассказал Михаил Мурашко. __

Так, для повышения качества и доступности медицинской помощи в рамках модернизации первичного звена__ __создано и капитально отремонтировано почти 14 тыс. объектов. Это позволило практически вдвое снизить долю зданий, требующих капитального ремонта.

📌 Кроме того, более 20 тыс. специализированных автомобилей совершили уже более 40 млн выездов.

__— Мы подошли к вопросу доступности системно. Медицина должна приезжать туда, где её ждут, поэтому сегодня на службе у населения более 20 тыс. специализированных автомобилей, которые совершили уже более 40 млн выездов. Передвижные мобильные комплексы регулярно выезжают в населённые пункты,  в 2025 году их совершено 210 тыс., — сообщил глава Минздрава России. __

➡️ Министр здравоохранения РФ Михаил Мурашко отметил, что благодаря расширению профилактического направления в 2025 году профилактические мероприятия посетили 103 млн граждан. Кроме того, посещаемость сельских медицинских учреждений возросла более чем на 30%.

В заключение глава Минздрава России отметил, что региональные программы модернизации первичного звена будут реализовываться до 2030 года, за это время  будет создано более 3,3 тыс. новых объектов первичного звена.

__— На следующую пятилетку запланировано создание более 3,3 тыс. новых объектов, а также капитальный ремонт более 2,4 тыс., и приобретение более 12 тыс. единиц оборудования и 900 автомобилей__, __— рассказал Михаил__ Мурашко.

💬 [Получить MAXимум пользы для здоровья](https://max.ru/minzdrav_ru)

#ЗдоровьеВПриоритете",51225,150,8,minzdrav_ru
14115,2026-02-19T06:04:38+00:00,"👨‍⚕️ **Врачи Республики Крым удалили труднодоступную опухоль, расположенную внутри черепа**

51-летняя женщина поступила в Республиканскую клиническую больницу им. Н. А. Семашко с жалобами на частые головокружения и сильные головные боли.

➡️ Специалисты обнаружили новообразование, которое располагалось в критически опасной зоне — опухоль спаяна с продолговатым мозгом, где находятся центры дыхания и сердцебиения, а также обрастала позвоночную артерию и её ветви.

Хирурги выполнили микрохирургическое удаление опухоли, не затронув зоны, отвечающие за речь, глотание и движение.

❤️ Операция длилась 8 часов и прошла успешно. По результатам гистологического исследования опухоль оказалась доброкачественной. Сейчас пациентка чувствует себя хорошо.

💬 [Получить MAXимум пользы для здоровья](https://max.ru/minzdrav_ru)

#МедицинаРегионов",5438,14,3,minzdrav_ru
14109,2026-02-18T19:16:35+00:00,"💬 **Владимир Путин и Михаил Мурашко по видеосвязи приняли участие в открытии новых объектов здравоохранения в ряде регионов России
**
Президент России Владимир Путин совместно с министром здравоохранения РФ Михаилом Мурашко открыл новые медорганизации в субъектах в режиме видеоконференцсвязи. 

Владимир Путин напомнил, что для улучшения качества и доступности медицинской помощи в нашей стране реализуется масштабный проект по модернизации первичного звена здравоохранения.

↪️ За пять лет:

🔴построено более 6,1 тыс. медобъектов первичного звена здравоохранения;
🔴 капитально отремонтированы свыше 7,8 тыс. медицинских объектов;
🔴 закуплено более 225 тыс. ед. медоборудования и 20,4 тыс. ед. специализированного автотранспорта. 

__— Такие современные, хорошо оснащённые больницы, поликлиники, онкологические диспансеры, диагностические лаборатории значимы для наших граждан, для поддержки семей, материнства и детства, заботы о старшем поколении, для повышения качества жизни наших людей, в целом для решения задач демографического развития и сбережения народа. Вновь подчеркну: это наш общенациональный приоритет на годы вперёд, — сказал Владимир Путин.
__
Министр здравоохранения РФ Михаил Мурашко в своем докладе Президенту подчеркнул, что в 2025 году продолжалась активная работа по развитию инфраструктуры.

__— Всего построено и отремонтировано в 2025 году 2,5 тыс. объектов медицинских организаций, это включая и поликлиники, и стационары, это в целом то, что было сделано за 2025 год, — отметил он.

__Данные проекты реализованы за счёт средств федерального бюджета и средств субъектов, добавил министр.
__
__В рамках мероприятия были открыты пять новых медицинских учреждений в субъектах РФ ⬇️

➡️ В Смоленской области завершено строительство областного клинического онкологического диспансера. В медорганизации установлено более 570 ед. современного медицинского оборудования, включая МРТ и КТ аппараты, ангиограф, С-дуга и другое.

➡️ В Ставропольском крае открыт новый корпус Кисловодской городской больницы общей площадью 9 тыс. кв. м с операционным блоком, приемным отделением и реанимацией.

➡️ В Приморском крае начало работу новое структурное подразделение Владивостокской поликлиники №9 общей площадью 4,4 тыс. кв. м. В медучреждении организована как первичная медико-санитарная, так и первичная специализированная помощь.

➡️ В Краснодарском крае открыта детская поликлиника Павловской центральной районной больницы общей площадью 5 тыс. кв. м на 250 посещений в смену. В новом медучреждении размещены консультативно-диагностическое, физиотерапевтическое и профилактическое отделения, клинико-диагностическая лаборатория и другое.

➡️ В ДНР на базе Республиканской клинической больницы им. М.И. Калинина начала работу современная микробиологическая лаборатория, в которой установлено 117 ед. современного медоборудования. Ее работа позволит улучшить качество и сократить сроки диагностики инфекционных заболеваний.

💬 [Получить MAXимум пользы для здоровья](https://max.ru/minzdrav_ru)

#Модернизация",16720,57,7,minzdrav_ru
14106,2026-02-18T16:46:38+00:00,"Сегодня среда, а значит... #НаучнаяСреда

👨‍⚕️ **Врачи из Алтайского края разработали инновационный имплант для лечения сложных переломов таза**

Коллектив врачей отделения тяжелой сочетанной травмы Краевой клинической больницы скорой медицинской помощи в Барнауле разработали и получил патент на новую пластину для фиксации сломанных костей таза. 

💡 Такие травмы часто происходят при ДТП, падениях с высоты и считаются одними из самых сложных в травматологии.

Ранее при подобных повреждениях использовались имплантаты зарубежного производства, но специалисты из Барнаула создали конструкцию, превосходящую прежние аналоги по ключевым параметрам.

↪️ `Преимущества разработки:`

🔴 ранее врачам приходилось использовать две разные пластины или фиксировать кость по частям. Новая разработка заменяет сразу два метода — теперь все крепится одной пластиной за раз;
🔴 конструкция пластины разработана с учетом анатомических особенностей как мужчин, так и женщин;
🔴 конструкция надежно соединяет кости и снижает риск смещения фрагментов, что минимизирует необходимость повторных вмешательств.

__— Разработанная нами конструкция позволяет одномоментно стабилизировать обе стороны поврежденной зоны, значительно уменьшая продолжительность операции, обеспечивая стабильность соединения костей и снижая вероятность смещения фрагментов, — подчеркнул заведующий отделением тяжелой сочетанной травмы Краевой клинической больницы скорой медицинской помощи Анатолий Бондаренко.__

📌 Промышленный выпуск изделия уже налажен. Новые пластины уже применяются в лечении.

💬 [Получить MAXимум пользы для здоровья](https://max.ru/minzdrav_ru)

#СделаноВРоссии 
#БудущееМедицины",6372,33,0,minzdrav_ru
14105,2026-02-18T13:04:09+00:00,"👨🏻 **#ПростыеПравила****: Как сохранить мужское здоровье **

Об этом рассказал главный внештатный специалист по репродуктивному здоровью мужчин Минздрава России Олег Аполихин.

Репродуктивное здоровье мужчины — это не только про способность стать отцом. Это маркер общего состояния организма.

❗️  Главная опасность заключается в том, что проблемы с репродуктивной системой часто никак себя не проявляют. Мужчина может чувствовать себя абсолютно здоровым, но при этом столкнуться с бесплодием. Именно поэтому важно регулярно проходить диспансеризацию и профилактические осмотры.

__— Регулярные врачебные осмотры помогают выявлять проблемы на ранних стадиях, — напомнил эксперт. — Важно проходить все этапы диспансеризации и по рекомендации врача сдавать необходимые анализы, это позволит вовремя заметить гормональные нарушения, инфекции и другие заболевания.__

🤔 С января 2024 года в России впервые в мире появилась программа диспансеризации для оценки репродуктивного здоровья. Каждый мужчина от 18 до 49 лет может пройти обследование бесплатно.

🗒 **Как сохранить репродуктивное здоровье на годы вперед:**

🎥 откажитесь от вредных привычек. Курение и алкоголь напрямую снижают уровень тестостерона;
🎥 следите за весом и питанием. Лишний вес нарушает гормональный фон, а спорт помогает его нормализовать;
🎥 избегайте перегрева. Горячие ванны, сиденья с подогревом и тесное синтетическое белье ухудшают сперматогенез;
🎥 избегайте стресс и недосып — они убивают тестостерон. 

Важные проблемы, которые можно обнаружить в ходе диспансеризации и начать их своевременное решение, смотрите на нашей карточке 🖼 

О полезных привычках смотрите на сайте ➡️ [ТакЗдорово](https://www.takzdorovo.ru/)

💬 [Получить MAXимум пользы для здоровья](https://max.ru/minzdrav_ru)",23595,142,0,minzdrav_ru
14104,2026-02-18T10:16:28+00:00,"🏥 **В Красноярском крае открылась новая врачебная амбулатория **

Медучреждение начало работу в селе Верхний Кужебар, которое находится примерно в 570 км от Красноярска. 

➡️ Новая амбулатория построена в рамках программы модернизации первичного звена здравоохранения. К ней прикреплено около 1,2 тыс. человек, среди которых 268 детей.

В здании созданы комфортные условия как для пациентов, так и для медицинского персонала. 

📝 Здесь оборудованы просторные врачебные кабинеты, отдельные процедурный и прививочный кабинеты, современная стерилизационная и удобная регистратура.

✅ Жители села смогут проходить профилактические осмотры и диспансеризацию, включая важные диагностические исследования — ЭКГ, измерение внутриглазного давления, определение уровня холестерина и глюкозы в крови.

Отметим, что для оперативного реагирования и транспортировки пациентов в районную больницу, расположенную в 40 км, учреждение обеспечено собственным автотранспортом.

💬 [Получить MAXимум пользы для здоровья](https://max.ru/minzdrav_ru)

#Модернизация",4492,8,1,minzdrav_ru
14099,2026-02-18T06:03:17+00:00,"🏥 **В Свердловской области поставили новое оборудование в онкодиспансер **

В Свердловский областной онкологический диспансер поступило новое современное эндоскопическое оборудование, в том числе:

🔴 видеоэндоскопические комплексы с видеогастроскопами;
🔴 видеобронхоскопы;
🔴 видеоколоноскопы.

Также технопарк онкологической службы Свердловской области пополнили современные электрохирургические блоки отечественного производства для раннего выявления опухолей желудочно-кишечного тракта и толстой кишки, выполнения малотравматичных операций, в том числе под медикаментозным сном.

➡️ В том числе закуплены современные моечные машины для безопасной и качественной обработки эндоскопического оборудования и специальные шкафы для его хранения. 

Кроме того, в Екатеринбурге открыли новую эндоскопическую операционную с палатой пробуждения для выполнения малотравматичных операций, также выделили кабинет для высокоэффективной обработки эндоскопического оборудования.

__— Благодаря поставке нового медоборудования в филиалах отремонтировали, расширили и укомплектовали профильные кабинеты, — рассказал главный врач Свердловского областного онкологического диспансера Евгений Киселёв.__

💬 [Получить MAXимум пользы для здоровья](https://max.ru/minzdrav_ru)

#Модернизация
#СделаноВРоссии",4646,13,1,minzdrav_ru
14098,2026-02-17T16:19:01+00:00,"👨‍⚕️ **Чувашские врачи восстановили лицо мужчине после ДТП с лосем**

22-летний пациент поступил в Центральную районную больницу Алатырского района после ночного столкновения автомобиля с лосем. 

↪️ Врачи выявили обширную ушиблено-рваную рану лица. Как показала компьютерная томография, внутренние травмы головы отсутствовали. В экстренном порядке врачи провели обработку раны с частичной реконструкцией лица.

__— При восстановлении поврежденного лица пришлось применить особые методики. В частности, использовались косметические швы, позволяющие минимизировать следы вмешательства и добиться хорошего внешнего результата, — рассказывает заведующий хирургическим отделением Центральной районной больницы Алатырского района Давид Фасхутдинов.__

Ранний послеоперационный период молодой человек находился в отделении анестезиологии и реанимации, а затем был переведен в травматологическое отделение.

❤️ Сейчас молодой человек чувствует себя хорошо, отека на лице практически нет, и уже в ближайшие дни пациент будет выписан домой.

💬 [Получить MAXимум пользы для здоровья](https://max.ru/minzdrav_ru)

#МедицинаРегионов",5397,12,3,minzdrav_ru
14097,2026-02-17T13:34:40+00:00,"👨‍⚕️ **Врачи из Челябинской области впервые в своем медучреждении** **удалили опухоль желудка через несколько проколов**

В Городскую больницу №2 г. Миасс поступил 80-летний мужчина. Врачи провели обследование и выявили рак желудка I стадии.

➡️ Специалисты решили выполнить лапароскопическую резекцию желудка — органосохраняющую операцию, при которой удаляется пораженная часть желудка, а оставшаяся часть соединяется с тонкой кишкой.

В отличие от традиционной открытой операции (лапаротомии) хирург работает через несколько небольших проколов в брюшной стенке, используя видеокамеру и специальные инструменты. 

📌 Большое преимущество малоинвазивной технологии — минимальная травматизация тканей, менее выраженные болевые ощущения и легкое течение послеоперационного периода.

__— Мы планируем регулярно применять эту методику, но строго по показаниям, только на ранних стадиях, когда нет метастазов и пациент способен перенести пневмоперитонеум (введение углекислого газа в брюшную полость), — отметил онколог Городской больницы №2 г. Миасс Намиг Алиханов.__

❤️ Мужчину уже выписали домой, он постепенно возвращается к привычному образу жизни.

💬 [Получить MAXимум пользы для здоровья](https://max.ru/minzdrav_ru)

#МедицинаРегионов",4975,11,2,minzdrav_ru
14093,2026-02-17T10:11:50+00:00,"👨‍⚕️ **Главные внештатные специалисты Минздрава России работают в Кировской области

**В рамках визита министра здравоохранения РФ Михаила Мурашко в Кировскую область и по его поручению главные внештатные специалисты Минздрава России работали в медицинских организациях региона.

➡️ Федеральные эксперты посетили медучреждения субъекта, осмотрели и проконсультировали пациентов, при наличии показаний направили их на лечение в федеральные центры Минздрава России, а также провели организационно-методическую работу по профильным направлениям с медиками региона.

📌 Так, в рамках визита главный внештатный онколог Минздрава России Андрей Каприн совместно с региональными специалистами провел высокотехнологичную операцию пациенту с раком мочевого пузыря и предстательной железы в Центре онкологии и медицинской радиологии г. Кирова. В ходе вмешательства врачи удалили опухоль.

__— Будем надеяться, что больной при таком сложном онкологическом заболевании будет полностью хирургически излечен и забудет о своём заболевании, — сказал Андрей Каприн.

__📝 Главный внештатный психиатр-нарколог Минздрава России Светлана Шпорт осмотрела пациентов наркодиспансера, рекомендовала дополнительные обследования и корректировку терапии. 

📃 Оксана Драпкина, главный внештатный специалист по терапии и общей врачебной практике Минздрава России, проконсультировала пациенток с эндокринными заболеваниями и артериальной гипертонией, а главный внештатный кардиолог Минздрава России Евгений Шляхто — пациентов с болезнями сердечно-сосудистой системы в профильном отделении стационара.__
__
Визит в регион главных внештатных специалистов позволил не только оказать адресную помощь жителям, но и повысить квалификацию местных специалистов за счёт практического взаимодействия с ведущими федеральными экспертами.

💬 [Получить MAXимум пользы для здоровья](https://max.ru/minzdrav_ru)

#ЗдоровьеВПриоритете",4590,16,0,minzdrav_ru
14090,2026-02-17T05:01:37+00:00,"💬 **Национальный мессенджер MAX успешно внедрен в систему здравоохранения Кировской области**

В ходе рабочей поездки в Кировскую область Министр здравоохранения РФ Михаил Мурашко оценил цифровые возможности региона и ознакомился с тем, как  выстраивается коммуникация между врачом и пациентом через мессенджер MAX в детской и взрослой поликлиниках.

Михаил Мурашко заявил, что внедрение телемедицины в области стало возможным благодаря качественной интеграции мессенджера MAX с уже существующими информационными системами и налаженной системой передачи электронных документов.

__— Электронная медицинская карта и единая медицинская информационная система в регионе позволяют фактически видеть динамику пациентов. Понимая, что с пациентом можно провести дистанционный контакт, не вызывая его на прием, врачи это оценивают очень позитивно. У пациентов тоже складывается сегодня позитивное отношение к этому, потому что не нужно тратить время на поездку, — добавил министр.__

📌 Через мессенджер пациенты могут записываться к врачу с помощью чат-бота, получать телемедицинские консультации и даже дистанционно закрывать больничные листы без дополнительных визитов в поликлинику.

__— Это упрощает и жизнь пациентов, и работу врачей, конечно, и это направление мы будем совершенствовать, — подчеркнул министр.__

📊 По всей стране через MAX уже зафиксировано более 1,3 млн записей на прием к врачу. В Кировской области с помощью сервиса жители записались на прием более 30 тыс. раз и провели свыше 2 тыс. телемедицинских консультаций с закрытием листков нетрудоспособности.

💬 [Получить MAXимум пользы для здоровья](https://max.ru/minzdrav_ru)

#МедицинаРегионов",7952,69,29,minzdrav_ru
14083,2026-02-16T18:04:27+00:00,"🏥 **Михаил Мурашко оценил работу системы здравоохранения Кировской области

**Министр здравоохранения РФ Михаил Мурашко в рамках рабочей поездки в Кировскую область совместно с губернатором региона Александром Соколовым ознакомился с работой медицинских организаций субъекта.

__— Кировская область действительно сделала серьёзные и большие шаги в развитии здравоохранения. Мы видим и по изменению инфраструктуры: внешний вид объектов, оснащённость медицинских организаций, — сказал министр. 

__Михаил Мурашко подчеркнул, что в регионе вопросы охраны материнства и детства остаются в центре особого внимания.__

— В 2025 году в рамках федерального проекта, который также реализуется по поручению Президента России, в регионе создано семь новых женских консультаций, в том числе построена модульная женская консультация, новые детские поликлиники, включая межрайонные центры, — уточнил он.
__**
**Михаил Мурашко посетил **детскую поликлинику Слободской центральной районной больницы им. ак. А.Н. Бакулева**. Медучреждение стало самым масштабным объектом строительства в регионе за последние годы, введено в строй в конце 2025 года. 

__— Здесь создан реабилитационный блок для пациентов, страдающих хроническими заболеваниями и перенёсших острые состояния, в том числе травмы, — сказал глава Минздрава России.__

Также министр ознакомился с работой **Поликлиники № 1 Кировского клинико-диагностического центра**, где оценил организацию участковой, профилактической, гериатрической служб.

↪️** Развитие диагностики и высокотехнологичной помощи**
__
__Кроме того, Михаил Мурашко посетил **областную клиническую больницу, **где ознакомился с работой регионального сосудистого центра, централизованной клинико-диагностической лаборатории, которая проводит 382 вида исследований для пациентов целого ряда государственных медицинских организаций. 

Министр уточнил, что с этого года в программу госгарантий включена возможность использования беспилотной авиации для доставки анализов из отдалённых населённых пунктов в лаборатории.

__— В Кировской области как раз и создана централизованная лаборатория, которая делает достаточно широкий спектр анализов, — сказал министр.__

Отдельно министр отметил, что с этого года в программу госгарантий по ОМС также включена возможность проведения трансплантации почки, и субъект готов к внедрению этой технологии.

Глава Минздрава России подчеркнул, что современные методы лечения сегодня позволяют спасать жизни, однако многое зависит и от самих пациентов.

__— Люди должны помнить о бережном отношении к своему здоровью, потому что не всегда, к сожалению, можем говорить о здоровьесберегающем поведении, — сказал он. — Поэтому рекомендации врачей, профилактические осмотры, диспансеризация, диспансерное наблюдение — всё это имеет колоссальное значение.__

↪️** Организация медицинской помощи участникам СВО и членам их семей**

Также министр здравоохранения РФ посетил Центр медицинской реабилитации и санаторно-курортного лечения участников СВО и членов их семей, где защитники и их родные проходят восстановительное лечение. Михаил Мурашко пообщался с пациентами и медперсоналом, отметив важность обеспечения доступности медицинской помощи для ветеранов СВО.

💬 [Получить MAXимум пользы для здоровья](https://max.ru/minzdrav_ru)

#МедицинаРегионов 
#Модернизация 
#ЗдоровьеДетей",5402,28,5,minzdrav_ru
14081,2026-02-16T16:00:32+00:00,"🏥 **В Калининграде открылась поликлиника после реконструкции**

Здание медучреждения 1930 года постройки.

Новая поликлиника оснащена отделением эндоскопической диагностики, кабинетами рентгенографии, флюорографии и маммографии. Также здесь работает клинико-диагностическая лаборатория и отделение дневного стационара.

👉 Для пациентов с признаками ОРВИ предусмотрен отдельный вход, что позволяет разделить потоки и уменьшить распространение инфекции, особенно в период подъема заболеваемости. 

Также для маломобильных пациентов предусмотрены пандусы, удобные широкие двери, два лифта и прочее.

👦 Численность населения, прикрепленного к поликлинике составляет больше 30 тыс. граждан.

💬 [Получить MAXимум пользы для здоровья](https://max.ru/minzdrav_ru)

#Модернизация",5050,6,0,minzdrav_ru
14080,2026-02-16T12:46:46+00:00,"👨‍⚕️ **Врачи Республики Ингушетия сохранили руку полуторагодовалому ребёнку после тяжёлой бытовой травмы
**
В Детскую республиканскую клиническую больницу им. К. Ужахова экстренно поступил ребёнок с тяжелой травмой кисти: рука малыша оказалась зажата в бытовом электроприборе.

➡️ Мальчика сразу доставили в операционную. При осмотре специалисты выявили множественные раны кисти и пальцев, повреждения сухожилий сгибателей и разгибателей, а также несколько переломов костей.

⚡️ Операция продолжалась около трёх часов. Хирурги восстановили сухожилия разгибателей третьего, четвёртого и пятого пальцев, а также зафиксировали переломы третьего и четвёртого пальцев.

❤️ Сегодня маленький пациент чувствует себя лучше. Малыш остаётся под наблюдением врачей, впереди его ждёт этап  дальнейшего лечения и восстановления.

#МинздравПредупреждает: Не оставляйте маленьких детей без присмотра, даже на несколько минут. Малыши — исследователи, им все интересно, но они часто не осознают опасности, которые их поджидают.

💬 [Получить MAXимум пользы для здоровья](https://max.ru/minzdrav_ru)

#МедицинаРегионов 
#ЗдоровьеДетей",5618,13,1,minzdrav_ru
14079,2026-02-16T10:46:47+00:00,"👦 **Фонд «Круг добра» помог более 30 тыс. детей с тяжелыми, редкими заболеваниями** 

Об этом [сообщил](https://tass.ru/obschestvo/26441671) председатель правления фонда «Круг добра» Александр Ткаченко на встрече с Президентом России Владимиром Путиным.

➡️ За пять лет работы государственный фонд «Круг добра» помог более 30 тыс. детей с тяжелыми жизнеугрожающими, хроническими и редкими (орфанными) заболеваниями по всей России. 

Маленькие пациенты обеспечиваются дорогостоящими лекарственными препаратами, медицинскими изделиями и техническими средствами реабилитации.

__— Это все дети с орфанными заболеваниями, для лечения которых есть терапия с доказанной эффективностью. Часть детей получают терапию регулярно. Для некоторых орфанных заболеваний есть генная терапия, и один укол позволяет полностью вылечить это редкое тяжелое заболевание, — сказал он.__

📌 Отметим, что каждый ребенок, у которого выявляют орфанное заболевание благодаря расширенному неонатальному скринингу, передается на попечение фонда «Круг добра». 

Такая совместная работа позволяет обеспечить детей необходимым лечением на досимптомной стадии заболевания и снизить инвалидизацию, максимально сохраняя качество жизни.

💬 [Получить MAXимум пользы для здоровья](https://max.ru/minzdrav_ru)

#ЗдоровьеДетей",32278,63,0,minzdrav_ru
14076,2026-02-15T15:02:30+00:00,"🩺 **В Курской области подготовили первых инструкторов первой помощи из числа добровольцев**

13 жителей Железногорска, Железногорского и Поныровского районов Курской области получили удостоверения о повышении повышения квалификации и стали инструкторами по первой помощи, чтобы обучать всех желающих важным и полезным навыкам. Обучение прошло в рамках проекта «Добровольная санитарная дружина»

 ➡️  Цикл обучения стартовал в конце ноября, где они освоили навыки оказания первой помощи и на практике отработали алгоритм действий в экстренных ситуациях. 

__— Перед нами стоит задача не только обучить, как правильно действовать в чрезвычайной ситуации, но и подготовить преподавателей первой помощи.  В проекте принимают участие жители 26 районов и городских округов области. Обучение первой помощи в рамках проекта уже прошли более 1,6 тыс. человек, — рассказала начальник учебно-методического отдела Территориального центра медицины катастроф Курской областной многопрофильной клинической больницы Елена Сухарева.__

Проект «Добровольная санитарная дружина» направлен на создание и развитие добровольческого движения по оказанию первой помощи в регионе.

#МедицинаРегионов

💬 [Получить MAXимум пользы для здоровья](https://max.ru/minzdrav_ru)",8541,21,5,minzdrav_ru
14075,2026-02-15T12:01:46+00:00,"🥞 **#ПростыеПравила****: Как сделать блины полезнее**

Об этом рассказала заведующая консультативным отделением КДЦ НМИЦ терапии и профилактической медицины Минздрава России Юлия Стяжкова.

__— Без вреда для здоровья можно съесть примерно 2–4 блина за один раз (около 100–250 граммов в день). Но при наличии хронических заболеваний или избыточного веса лучше ограничиться 1-2 блинами, — предупредила эксперт.__

🤔  Попробуйте заменить пшеничную муку на цельнозерновую (кукурузную, овсяную, гречневую). Она надолго насыщает, улучшает пищеварение, благотворно влияет на микроорганизмы кишечника и содержит множество витаминов и минералов (витамины группы В, железо, кальций и др.).

Используйте для начинки творог 5% с сухофруктами или легкий сыр с зеленью вместо сладких топингов.

При этом традиционное блюдо можно сделать значительно полезнее, если подойти к рецептуре осознанно. Необходимые ингредиенты и граммовки смотрите в нашей карточке.

🗒 Приготовление:

🎥 Смешайте яйца, кефир, соль, сахар и соду;
🎥 Постепенно добавьте муку, перемешайте;
🎥 Влейте воду, еще раз перемешайте и оставьте тесто на 20 минут;
🎥 Жарьте на сковороде до золотистого цвета;
🎥 О полезных начинках, которые стоит попробовать, мы [рассказывали ранее.](https://t.me/minzdrav_ru/14050) 

__— Такие изменения позволяют увеличить содержание белка и клетчатки, улучшить пищеварение и продлить чувство сытости, — пояснила Юлия Стяжкова. — Блины становятся менее калорийными, но при этом более питательными.__

О полезных привычках смотрите на сайте ➡️ [ТакЗдорово](https://www.takzdorovo.ru/)

💬 [Получить MAXимум пользы для здоровья](https://max.ru/minzdrav_ru)",21409,257,0,minzdrav_ru
14066,2026-02-14T12:03:49+00:00,"💞 **#ПростыеПравила****: Как работает влюбленность**

Об этом рассказала научный сотрудник НМИЦ психиатрии и неврологии им. В.М. Бехтерева Минздрава России Анастасия Твердохлебова.

🤔 Нейробиологические механизмы влюбленности запускаются мгновенно, но для формирования настоящей привязанности требуется время и работа целого каскада мозговых систем. 

__— «Любви с первого взгляда» с точки зрения мозга не существует. Чтобы незнакомец, вызвавший всю эту бурю, превратился в партнера, должна поработать дофаминовая система, — подчеркнула эксперт.__

✉️ Что происходит в мозге при встрече с потенциальным партнером:

🎥 мозг в первую очередь обрабатывает зрительную информацию, именно она запускает реакцию;
🎥 активируется прилежащее ядро (отвечает за мотивацию) и орбитофронтальная кора, которая почти сразу «решает», нравится человек или нет;
🎥 дорсомедиальная префронтальная кора оценивает перспективность знакомства. Она учитывает не только внешность, но и прошлый опыт, предпочтения, даже генетику и гормональный фон.

🤝 Ключевую роль в формировании парной привязанности играет окситоцин — гормон близости и доверия. Он помогает ярче воспринимать социальные сигналы партнера, связывать его образ с чувством удовольствия, снижать тревогу и создавать ощущение «окрыленности».

💔 Однако даже самая сильная химическая реакция может угаснуть, если не подкрепляется сознательными усилиями, взаимным уважением и общностью ценностей с партнером.

Вся важная информация — в наших карточках 🖼

О полезных привычках смотрите на сайте ➡️ [ТакЗдорово](https://www.takzdorovo.ru/)

💬 [Получить MAXимум пользы для здоровья](https://max.ru/minzdrav_ru)",14091,164,0,minzdrav_ru
14064,2026-02-14T12:03:49+00:00,"🏥 **В Пермском крае открылись новая поликлиника и женская консультация
**
В городе Оса открылась новая поликлиника. Медицинскую помощь здесь могут получать 20 тыс. жителей города и отдаленных территорий Пермского края.

Новое медучреждение оснащено отделением дневного стационара и современной диагностической службой, что позволяет пройти полное обследование и лечение в рамках одного учреждения.

↪️ Также в поселке Куеда начался прием пациенток в новой женской консультации. 

Здание оснащено современным медоборудованием, в том числе:

🔴 Гинекологические кресла с гидроприводом;
🔴 Аппарат УЗИ;
🔴 Доплеровский анализатор;
🔴 Кольпоскоп.

На базе женской консультации будет работать и дневной стационар. В него уже поставлены наркозно-дыхательные аппараты, кислородные концентраторы и другое необходимое оборудование.

💬 [Получить MAXимум пользы для здоровья](https://max.ru/minzdrav_ru)

#Модернизация",3997,3,0,minzdrav_ru
14063,2026-02-14T07:04:48+00:00,"🧍‍♂ **Михаил Мурашко: В России выстроена единая система медицинской помощи детям от профилактики до реабилитации**

Об этом сообщил министр здравоохранения РФ Михаил Мурашко на ХХVII Конгрессе педиатров России с международным участием «Актуальные проблемы педиатрии». 

— __Единство и преемственность от профилактики до реабилитации детей в стране сегодня приобрело действительно выраженный, яркий и системный характер, — сообщил министр.
__
↪️ Глава Минздрава России сообщил, что в России ведутся научные разработки по доклинической диагностике заболеваний, которые проявляются в детском возрасте именно на этапе развития.

— __Это новое диагностическое направление, которое позволят своевременно, в том числе, благодаря новым лекарственным препаратам, не дать болезни развиться или остановить ее клинические проявления. Сегодня мы это активно показали по тем заболеваниям, которые ведем в рамках расширенного неонатального скрининга при участии фонда «Круг добра». И перечень выявляемых заболеваний будет расширяться__ __— заявил министр. 
__
Михаил Мурашко подчеркнул, что существующая программа реабилитации в стране позволяет успешно восстанавливать здоровье детей, в том числе после тяжёлых заболеваний.

— __Особенно приятно, когда вы присылаете видеоролики детей, которые прошли тяжёлые хирургические вмешательства после тяжёлых травм, после тяжёлых заболеваний, которые восстанавливаются и возвращаются к учёбе, к нормальной жизни и показывают прекрасные результаты и являются счастьем для каждой семьи, которая обрела его вновь, — подчеркнул министр, обращаясь к врачам-педиатрам.
__
👇 Кроме того, глава Минздрава России отметил, что современные возможности отечественной медицины вызывают высокий интерес среди зарубежных стран для лечения детей в России, и этот потенциал в необходимо развивать.

— __Также сегодня показатели демонстрируют, что интерес из-за рубежа к прохождению лечения детей в нашей стране также очень высок. Я считаю, что этот потенциал его нужно и в дальнейшем развивать, — сказал министр. __

➡️ В том числе глава Минздрава России отметил важность роли семьи в вопросах становления личности ребенка и физиологического развития.

— __Сегодня это направление является, наверное, не менее значимым, чем само лечение. Это и пищевые привычки, это и формирование в последующем репродуктивных установок. Необходимо сделать так, чтобы ребёнок, входящий во взрослую жизнь, был зрелым членом общества. Для этого родители, врачи и педагоги должны работать в синергии, — подытожил министр. 
__
💬 [Получить MAXимум пользы для здоровья](https://max.ru/minzdrav_ru)

#ЗдоровьеВПриоритете",14603,50,3,minzdrav_ru
14058,2026-02-13T17:02:44+00:00,"👵 **111-летней пациентке вернули зрение специалисты филиала федерального центра Минздрава России**

Женщину направили в Хабаровский филиал НМИЦ МНТК «Микрохирургия глаза» им. С.Н. Федорова Минздрава России в конце прошлого года. Она прошла комплексное обследование, в ходе которого врачи подтвердили катаракту. 

💡 **Катаракта** — помутнение хрусталика глаза, приводящее к снижению зрения.

По словам родных, ещё несколько лет назад женщина сама читала книги и газеты, но заболевание с каждым годом всё сильнее ухудшало качество зрения. 

Заведующая операционным блоком Татьяна Семёнова отметила, что возрастные изменения, имеющиеся в глазу, уже не позволят вернуть 100% зрение, однако избавить пациентку от **астигматизма** и дать ей возможность вполне хорошо видеть в дали — выполнимая задача. 

➡️ **Астигматизм** — нарушение зрения, вызванное неправильной формой роговицы или хрусталика, из-за чего лучи света не фокусируются в одной точке на сетчатке.

В ходе операции врачи имплантировали торическую линзу, которая не только вернула «яркость картинки» и улучшила зрение, но и избавила женщину от астигматизма. 

❤️ Сейчас пациентка чувствует себя хорошо, её выписали домой под амбулаторное наблюдение.

💬 [Получить MAXимум пользы для здоровья](https://max.ru/minzdrav_ru)

#СетьНМИЦев",35880,178,10,minzdrav_ru
14057,2026-02-13T15:10:50+00:00,"👨‍⚕️ **Онкологи ЮУГМУ Минздрава России успешно прооперировали женщину с редкой опухолью надпочечника **

50-летняя женщина поступила в онкологическое отделение Клиники Южно-Уральского ГМУ Минздрава России с редким диагнозом — **феохромоцитомой**.

💡 **Феохромоцитома** — это опухоль мозгового вещества ткани надпочечников, которая провоцирует резкие скачки давления. 

__— Феохромоцитомы считаются одними из наиболее сложных для удаления опухолей. Это связано с высоким риском во время операции: даже минимальное механическое воздействие на опухоль надпочечника может привести к резкому выбросу гормонов — адреналина и норадреналина — в кровь, вызывая скачок артериального давления, — рассказал хирург-онколог Клиники Южно-Уральского ГМУ Минздрава России Сергей Лукьянов.__

➡️ Хирурги повели малоинвазивную операцию, через несколько проколов в поясничной области они удалили поражённый надпочечник в комплексе с окружающими тканями и лимфоузлами.

__— Мы выбрали малоинвазивный метод хирургического удаления надпочечника через поясничную область без проникновения в брюшную полость. Доступ осуществляется непосредственно в забрюшинное пространство через небольшие проколы, — дополнила заведующая онкологическим отделением Ирина Куракина. __

❤️ Операция прошла успешно. Благодаря минимальному воздействию на брюшную полость снизился риск осложнений, а реабилитационный период прошел быстрее. Сейчас пациентка чувствует себя хорошо и уже выписана домой.

💬 [Получить MAXимум пользы для здоровья](https://max.ru/minzdrav_ru)

#МедицинаРегионов",5155,10,1,minzdrav_ru
14056,2026-02-13T13:03:53+00:00,"📝 **Отрасль здравоохранения стала лидером по числу заявок на Премию Правительства РФ в области качества 2026 года
**
Отрасль здравоохранения ежегодно [входит](https://roskachestvo.gov.ru/news/otrasl-zdravookhraneniya-stala-liderom-po-chislu-zayavok-na-premiyu-pravitelstva-rf-v-oblasti-kaches/) в число лидеров по количеству заявок на Премию Правительства РФ в области качества. В этом году от медицинских учреждений страны уже поступило 27 заявок.

➡️ За всю историю премии от отрасли здравоохранения приняло участие 293 организации, из которых 27 были признаны лауреатами и 25 — дипломантами. 

В рамках премии организации проходят диагностику бизнес-процессов с целью развития систем менеджмента качества, повышения эффективности и уровня производительности труда. Это способствует повышению качества выпускаемой продукции или оказываемых услуг, открывает новые возможности для роста и развития компаний.

📌 Отметим, что Премия присуждаются ежегодно на конкурсной основе организациям за внедрение высокоэффективных методов менеджмента, достижение значительных результатов в области качества продукции и услуг, внедрение принципов клиентоцентричности и цифровые инновации.  

Заявки на участие могут подавать любые организации и предприятия.

➡️ Окончание приема заявок на участие — **1 марта 2026 года**.

Подробную информацию об условиях участия можно узнать на [официальном сайте.](https://roskachestvo.gov.ru/award/)

💬 [Получить MAXимум пользы для здоровья](https://max.ru/minzdrav_ru)",5302,21,5,minzdrav_ru
14052,2026-02-13T11:03:39+00:00,"🏥 **В Республике Карелия открылась новая современная амбулатория**

Врачебная амбулатория расположена в Олонецком районе  Карелии и оказывает помощь 2,6 тыс. гражданам, из которых более 516 – дети.

Медучреждение включает кабинеты терапевта, педиатра, стоматолога, смотровой, физиотерапевтический и процедурный, а также палату дневного стационара, а для оперативных вызовов предусмотрен санитарный транспорт.

➡️ Амбулатория укомплектована штатом из 10 сотрудников. Наряду с опытными специалистами, чей стаж превышает 30 лет, здесь работают молодые врачи и фельдшеры —  участники программ «Земский врач» и «Земский фельдшер».

__— Возведение нового здания врачебной амбулатории с нетерпением ждали как медицинские работники, так и наши пациенты. Новые комфортные условия позволят привлечь больше внимания населения к профилактике и новых молодых кадров, — отметил главный врач Олонецкой центральной районной больницы Григорий Кокорин.__

💬 [Получить MAXимум пользы для здоровья](https://max.ru/minzdrav_ru)

#Модернизация",4532,8,0,minzdrav_ru
14050,2026-02-13T06:02:59+00:00,"**🥞**** ****#ПростыеПравила****: Какие начинки для блинов в Масленицу стоит попробовать, а какие — лучше ограничить**

Об этом рассказала заместитель главного врача КДЦ НМИЦ терапии и профилактической медицины Минздрава России по клинико-экспертной работе Елена Игнатикова.

☀️ Скоро масленица, и в каждом доме будет витать аромат блинов. Чтобы не переесть лишнего и не навредить здоровью, не обязательно отказываться от традиций, праздник может быть вкусным и полезным! 

Ограничить добавки к блинам — не значит отказаться вовсе. Это лишь напоминание о том, что с некоторыми начинками легко переборщить. В таких случаях лучше есть не более 1-2 блинов.

✅ Полезные и вкусные начинки

Сладкие:

🎥 Творог маложирный (5%). ~120 ккал/100г. Такая начинка содержит белок, кальций, витамины и клетчатку;
🎥 Пюре из яблок, груш или тыквы (без сахара). ~50-80 ккал/100г. Эти фрукты и овощи содержат натуральные сахара и полезные пектины;
🎥 Ягодное ассорти (например, размороженные ягоды). ~40-60 ккал/100г. В ягодах много полезных веществ, которые защищают наши клетки от повреждений и старения.

Соленые:

🎥 Творожный сыр/рикотта с зеленью и огурцом. ~180 ккал/100г. Такая начинка содержит много белка и кальция, а огурец придает свежий вкус;
🎥 Запеченная/отварная рыба с укропом. ~150-200 ккал/100г. Рыба — это источник незаменимых омега-3 жирных кислот и качественного белка;
🎥 Грибы тушеные с луком (не жарить в масле!). ~70 ккал/100г. Эта начинка станет отличным источником белка и микроэлементов.

🤔 Начинки, которые стоит ограничить

Сладкие:

🎥 Сгущенное молоко. ~320 ккал/100г. Содержит очень много сахара и жира.
🎥 Шоколадно-ореховая паста. ~550 ккал/100г. Имеет чрезвычайно высокую калорийность, содержит много сахара, а в дешевых вариантах и трансжиры.
🎥 Варенье/джем (промышленного производства). ~250-300 ккал/100г. Такое варенье — это почти чистый сахар.

Соленые:

🎥 Жареный фарш, бекон. ~300-400 ккал/100г. Промышленный фарш может содержать большое количество насыщенных жиров;
🎥 Сыры твердых сортов. ~350-400 ккал/100г. Прекрасный продукт, но легко переборщить с калориями и насыщенными жирами;
🎥 Колбасные изделия, копчености. ~350-500 ккал/100г. Избыточное содержание соли и других нежелательных добавок. 

💬 [Получить MAXимум пользы для здоровья](https://max.ru/minzdrav_ru)",20194,225,0,minzdrav_ru
14049,2026-02-13T05:32:29+00:00,"💬 **Международный год волонтёрства пройдет в России в 2026 году **

📌 Оргкомитет премии #МЫВМЕСТЕ совместно с федеральными органами государственной власти разработает и утвердит план основных мероприятий по проведению в Российской Федерации Международного года добровольцев. 

Соответствующее распоряжение подписал Президент РФ Владимир Путин. 

💬 [Получить MAXимум пользы для здоровья](https://max.ru/minzdrav_ru)

#ЗдоровьеВПриоритете",15471,34,0,minzdrav_ru
14047,2026-02-12T18:42:01+00:00,"💬 **Михаил Мурашко поздравил академика Ивана Дедова с юбилеем**

Министр здравоохранения РФ Михаил Мурашко поздравил Ивана Дедова с 85-летием.

➡️ Министр подчеркнул, что президент Национального медицинского исследовательского центра эндокринологии Минздрава России Иван Дедов прошёл достойный путь врача, учёного и педагога, воспитав целую плеяду специалистов, которые сегодня продолжают развивать российскую медицинскую науку. 

__— Нужно учить молодых учёных так, чтоб потом можно было у них учиться. Вы сегодня делаете это именно так. Это, наверное, самое дорогое, когда вы формируете будущих лидеров, — сказал он.__

Именно под руководством Ивана Дедова реализуются ключевые направления развития эндокринологической службы страны: 

🔴 создаются региональные эндокринологические центры;
🔴 развивается отечественное производство инсулинов и систем мониторинга глюкозы и тест-полосок;
🔴 внедряются современные технологии.

Одним из важнейших достижений академика Дедова стала работа по созданию регистра пациентов с сахарным диабетом. Министр отметил, что с 1 марта 2026 года он интегрируется в единый федеральный регистр нозологий.

__— По сути дела, мы каждого пациента будем сопровождать индивидуально, видя его во всех программах ОМС, лекарственного обеспечения и так далее, — учинил глава Минздрава России. — Увеличивая продолжительность жизни для пациента с сахарным диабетом, нужно понимать весь ландшафт его заболевания и вести его индивидуально.__

📱 Михаил Мурашко добавил, что сегодня российские ученые также разрабатывают тест-системы для ранней доклинической диагностики сахарного диабета I типа.

__— Наши ученые сегодня разрабатывают тест-системы для ранней доклинической диагностики сахарного диабета I типа. Надеемся, что в ближайший год они уже появятся в нашем арсенале практического применения, — сказал он.

____📌__ Отдельно министр отметил работу НМИЦ эндокринологии им. И. И. Дедова Минздрава России по формированию новых подходов к лечению ожирения и развитию профилактической медицины, направленной на сохранение здоровья нации.

💬 [Получить MAXимум пользы для здоровья](https://max.ru/minzdrav_ru)

#СетьНМИЦев 
#ЗдоровьеВПриоритете",6532,22,0,minzdrav_ru
14046,2026-02-12T14:16:43+00:00,"🤰**Беременным женщинам в III триместре будут проводить новый скрининг для выявления пороков развития плода **

Об этом сообщил главный внештатный специалист Минздрава России по акушерству Владимир Климов.

➡️ Он уточнил, что Приказом Минздрава России №747н утвержден новый Порядок оказания медицинской помощи по профилю «Акушерство и гинекология».

__— Одним из важных изменений, включенных в новый Порядок, безусловно является включение проведение пренатального скрининга III триместра беременности с целью диагностики поздно манифестирующих пороков развития плода, крупного или маловесного плода, оценки маточного — плацентарного кровотока, — сказал Владимир Климов.__

Так, по итогам скрининга III триместра лечащим врачом при сроке 36-37 недель устанавливается полный клинический диагноз и определяется маршрутизация пациентки в медорганизацию для планового родоразрешения.

Также он отметил, что в новом Порядке расширены показания для консультирования и родоразрешения беременных в медицинских организациях 3-го уровня.

__—  Расширение показаний коснулись как акушерских показаний, так и показаний со стороны экстрагенитальной патологии, что безусловно, повысит удовлетворенность медицинской помощью и ее качество, — сообщил Владимир Климов.__

Эксперт подчеркнул, что новый Порядок направлен на повышение качества и безопасности оказания медицинской помощи новорожденным, беременным, роженицам и родильницам, а внедрение скрининга — эффективная мера профилактики осложнений как со стороны матери, так и плода.

💬 [Получить MAXимум пользы для здоровья](https://max.ru/minzdrav_ru)

#ЗдоровьеВПриоритете",36819,266,4,minzdrav_ru
14043,2026-02-12T13:46:56+00:00,"🏥 **#ДоПосле****: Как изменилась Поликлиника №7 Городской больницы №1 в Оренбурге**

В нашей рубрике мы продолжаем наглядно сравнивать, какими поликлиники и больницы были раньше и какими стали после обновления.

➡️ Здание поликлиники 1962 года получило вторую жизнь. В нем установили лифт-подъемник для маломобильных граждан, расширили входные группы и холлы и провели электромонтажные работы. 

📌 Внутри медучреждения — современная навигация, комфортные зоны ожидания, обновленное оборудование и кабинеты.

Все изменения смотрите в наших карточках 🖼

💬 [Получить MAXимум пользы для здоровья](https://max.ru/minzdrav_ru)",6140,8,0,minzdrav_ru
14042,2026-02-12T07:34:34+00:00,"📊 **Объем медпомощи по ОМС в 2026 году составляет 4,8 трлн рублей**

Это на 9,6% больше, чем в 2025 году. Об этом [сообщила](https://tass.ru/ekonomika/26402991) заместитель председателя Правительства РФ Татьяна Голикова.

➡️ Она отметила, что в конце прошлого года Правительство России утвердило программу государственных гарантий бесплатного оказания помощи гражданам РФ на 2026 год.

__— Буквально перед началом 2026 года правительство утвердило программу государственных гарантий бесплатного оказания помощи гражданам Российской Федерации. Речь идет о формировании тех объемов оказания медицинской помощи, которые предоставляют на своих территориях регионы страны. В 2026 году объем такой помощи оценивается за счет средств обязательного медицинского страхования в 4,8 трлн рублей, это на 9,6% выше, чем в 2025 году, — пояснила Татьяна Голикова.__

📌 Она уточнила, что это позволяет обеспечивать все обязательства, которые взяли на себя государство и регионы страны, а также заработную плату медицинским работникам.

💬 [Получить MAXимум пользы для здоровья](https://max.ru/minzdrav_ru)

#ЗдоровьеВПриоритете",55775,140,10,minzdrav_ru
14041,2026-02-12T05:59:56+00:00,"**🫀 В ЛНР впервые в регионе провели уникальные операции на сердце с помощью холода**

Специалисты Луганской республиканской клинической больнице выполнили три высокотехнологичных вмешательства пациентам с фибрилляцией предсердий (мерцательная аритмия).

💡 **Фибрилляция предсердий** — нарушение сердечного ритма, характеризующееся хаотичным, быстрым (до 600 уд/мин) возбуждением предсердий, вызывающим нерегулярные сокращения желудочков.

➡️ В ходе операций врачи использовали передовую **криотехнологию**: через сосуды в сердце вводится специальный баллон, который наполняется жидким азотом и за один цикл «замораживает» зону патологической ткани, после чего сердечный ритм восстанавливается.

Ранее хирургическое лечение фибрилляции предсердий предполагало длительное поэтапное воздействие на каждый очаг аритмии.

❤️ Все операции прошли успешно: пациентов выписали домой под амбулаторное наблюдение.

💬 [Получить MAXимум пользы для здоровья](https://max.ru/minzdrav_ru)

#МедицинаРегионов",6588,37,1,minzdrav_ru
14038,2026-02-12T04:59:56+00:00,"🇷🇺🇰🇬 **Россия и Кыргызстан укрепляют сотрудничество в сфере здравоохранения**

Министр здравоохранения РФ Михаил Мурашко и Министр здравоохранения Кыргызской Республики Каныбек Досмамбетов обсудили приоритетные направления двустороннего сотрудничества на текущий год.

➡️ Михаил Мурашко напомнил, что в целях сохранения и укрепления здоровья граждан обеих стран в 2024 году было подписано Соглашение между Правительством Российской Федерации и Правительством Кыргызской Республики о сотрудничестве в области здравоохранения, медицинского образования и науки.

Для реализации межправительственного Соглашения министерствами здравоохранения государств подписан План совместных действий российско-киргизского сотрудничества в области здравоохранения на 2025-2026 годы.

🏥 В рамках визита делегация из Кыргызстана ознакомились с работой НМИЦ сердечно-сосудистой хирургии им. А.Н. Бакулева Минздрава России, НМИЦ онкологии им. Н.Н. Блохина Минздрава России, НМИЦ акушерства, гинекологии и перинатологии им. В.И. Кулакова Минздрава России и других медучреждений.

📌 Министр здравоохранения Кыргызской Республики высоко оценил уровень российской системы здравоохранения, отметив, что цифровизация в России — одна из лучших в мире.

__— Хотелось бы перенять российский опыт и внедрить в нашу медицину. Особенно впечатляет оперативность организации медицинской помощи, в том числе экстренной. Маршрутизация пациентов выстроена безупречно. Еще до того, как бригада доставит пациента, врачи уже располагают всей необходимой информацией о нем, — отметил Каныбек Досмамбетов.__

Глава Минздрава России отметил, что успешное развитие системы здравоохранения возможно только при наличии продуманного плана, напомнив, что в 2025 году в России указом Президента страны утверждена Стратегия развития здравоохранения.

👨‍⚕️ Ключевым направлением взаимодействия остается подготовка кадров. В настоящее время в медицинских вузах Минздрава России обучается 347 граждан Киргизии. Кроме того, в рамках российского проекта по охране здоровья матери и ребенка в 2025 году на безвозмездной основе обучающие курсы прошли 226 кыргызских специалистов (всего с момента запуска проекта — 1142 врача).

__— Мы готовы оказывать вам всестороннюю поддержку в предоставлении учебных материалов, включая материалы для повышения квалификации, — заявил Михаил Мурашко.__

Министр здравоохранения РФ напомнил, что уже запущена Международная школа лидеров в здравоохранении совместно с Мастерской управления «Сенеж», которая стала важным элементом в подготовке и повышении квалификации медицинских специалистов. 

➡️ В завершение встречи Михаил Мурашко и Каныбек Досмамбетов подтвердили взаимную заинтересованность в дальнейшем укреплении двустороннего сотрудничества и выразили готовность последовательно развивать взаимодействие по всем ключевым направлениям.

💬 [Получить MAXимум пользы для здоровья](https://max.ru/minzdrav_ru)

#МеждународноеСотрудничество",4923,27,0,minzdrav_ru
14035,2026-02-11T16:06:24+00:00,"Сегодня среда, а значит #НаучнаяСреда 

📝 **Врачи федерального центра Минздрава России разработали методику лечения осложнений предстательной железы после операций**

Урологи-хирурги НМИЦ эндокринологии им. ак. И.И. Дедова** **Минздрава России представили уникальную методику хирургического лечения осложнений после операций на предстательной железе.

💡 **Уретроректальный свищ** – одно из наиболее тяжелых нарушений сообщения между мочевым пузырем и прямой кишкой. В отличие от традиционных подходов к лечению, новая методика позволяет избежать многоэтапных операций и полностью ликвидировать осложнение.

— __Мы не просто ушиваем свищ – мы полностью разъединяем проход между уретрой и мочевым пузырем и фактически создаем его заново уже в условиях «чистого» операционного поля, что кардинально, в разы повышает эффективность операции и обеспечивает её успешность, – отметил заведующий лечебно-диагностическим отделением андрологии и урологии Института репродуктивной медицины Станислав Волков.__

↪️ `Ключевое преимущество нового хирургического метода
`
🔴 позволяет за одну операцию и с минимально возможной травматичностью реконструировать мочеполовую систему;
🔴 в разы повышает успешность операции и существенно снижает риски.

➡️ Разработка помогает справиться с одной из самой сложных проблем современной послеоперационной урологии – полностью восстановить слаженную работу мочеповолой системы. 

📌 На данный момент изобретение прошло этап регистрации для получения официального патента.

💬 [Получить MAXимум пользы для здоровья](https://max.ru/minzdrav_ru)

#МедицинскаяНаука 
#БудущееМедицины",6293,32,0,minzdrav_ru
14034,2026-02-11T13:02:33+00:00,"💬 **Татьяна Голикова: Мы видим серьезное снижение смертности от туберкулеза и ряда других инфекционных заболеваний**

10 февраля в Кремле вице-премьер РФ Татьяна Голикова доложила Президенту Владимиру Путину о позитивных тенденциях в снижении смертности населения от ряда социально значимых заболеваний.

— __Мы видим серьезное снижение смертности от туберкулеза и ряда других инфекционных заболеваний, которые мы мониторим, которые являются нашей постоянной работой, — отметила вице-премьер.__

👇 Президент, в свою очередь, подчеркнул, что среди всех ключевых вопросов социальной политики здравоохранение занимает особое место.

**Благодаря чему стал возможен этот успех?**

Проблема туберкулеза всегда была в фокусе внимания государства. Наша страна создала уникальную и эффективную систему, основанную на 5 принципах:

🔴 **Государственный приоритет и финансирование — **полное обеспечение пациентов с лекарственно-устойчивыми формами туберкулеза современными препаратами за счет федерального бюджета.
🔴 **Модернизация инфраструктуры — **масштабное оснащение и переоснащение бактериологических лабораторий по всей стране.
🔴 **Уникальная организационная структура фтизиатрической службы,** не имеющая равных в мире.
🔴 **Комплексный подход к лечению **—  внедрение таргетных схем терапии с применением патогенетического лечения.
🔴 **Наука как драйвер высоких результатов — **непрерывный поиск новых инструментов и внедрение научных инноваций. 

О прорывных достижениях России в области борьбы с туберкулезом рассказала главный внештатный фтизиатр Минздрава России, профессор **Ирина Васильева** на пресс-конференции РАН в декабре 2025 года:

➡️ Российская система скрининга детей на туберкулез еще в 2018 году была включена Всемирной организацией здравоохранения в сборник лучших практик; 
➡️ Отечественный иммунодиагностический тест позволил в **37 раз** повысить эффективность выявления туберкулезной инфекции у школьников, с 2022 года он рекомендован ВОЗ и уже применяется рядом зарубежных стран;
➡️ Благодаря персонализированной терапии на основе быстрой диагностики, лечение устойчивых форм туберкулеза сократилось с 18-24 месяцев до 6-9 месяцев;
➡️ Учеными НМИЦ фтизиопульмонологии и инфекционных заболеваний Минздрава России разработан препарат будущего — **липосомальный микобактериофаг — **инновационное решение для борьбы с лекарственной устойчивостью при лечении туберкулеза.

#ЗдоровьеВПриоритете

💬 [Получить MAXимум пользы для здоровья](https://max.ru/minzdrav_ru)",51825,104,7,minzdrav_ru
14033,2026-02-11T10:50:57+00:00,"🧪 **Минздрав России разрешил применение персонализированной мРНК-вакцины для терапии меланомы**

Минздрав России выдал разрешение на применение индивидуализированного биотехнологического лекарственного препарата «Неовак-РОНЦ».

➡️ Препарат разработан специалистами НМИЦ онкологии им. Н.Н. Блохина Минздрава России совместно с НИЦЭМ им. Н.Ф. Гамалеи Минздрава России и НМИЦ радиологии Минздрава России.

Согласно разрешению, вакцина будет применяться в качестве дополнительной терапии после хирургического лечения у взрослых пациентов старше 18 лет с меланомой кожи стадий IIB–IV — после удаления всех метастатических очагов. 

📌 «Неовак-РОНЦ» относится к индивидуализированным биотехнологическим лекарственным препаратам. Такие средства изготавливаются персонально для каждого пациента непосредственно в медицинской организации, где проводится лечение. 

В их состав входят соединения, синтезированные на основе генетического анализа опухолевого материала конкретного пациента, что позволяет учитывать уникальные особенности заболевания.

Индивидуализированные препараты нового поколения пока имеют узкие терапевтические показания и применяются по строго определённым медицинским назначениям.

➡️ Напомним, что в ноябре 2025 года Минздрав России [выдал](https://t.me/minzdrav_ru/13137) разрешение на применение лечебной мРНК-вакцины НМИЦ радиологии Минздрава России.

#БудущееМедицины 
#МедицинскаяНаука 
#СделаноВРоссии

💬 [Получить MAXимум пользы для здоровья](https://max.ru/minzdrav_ru)",8771,70,0,minzdrav_ru
14031,2026-02-11T06:00:37+00:00,"🔬 **В клиники Сибирского ГМУ Минздрава России поступило новое оборудование для проведения ЭКО**

Новое оборудование экспертного класса установили в центре вспомогательных репродуктивных технологий Сибирского государственного медицинского университета Минздрава России.

➡️ Техническое переоснащение повысит безопасность, точность и эффективность процедур ЭКО.

↪️ В Сибирский ГМУ Минздрава России поступили:

🔴 ультразвуковой аппарат для максимально безопасной и точной пункции фолликулов и переноса эмбрионов;
🔴 аппарат для проведения высокоточных микроманипуляций с половыми клетками и эмбрионами;
🔴 микроскоп для визуализации веретена деления (специальной структуры в яйцеклетке, критически важной для правильного деления хромосом при процедуре **ИКСИ**).

💡 **ИКСИ (интрацитоплазматическая инъекция сперматозоида)** — это высокоточный этап ЭКО, при котором отобранный сперматозоид вводится непосредственно в цитоплазму яйцеклетки.

__— Мы получаем мощнейший синергический эффект: рост пропускной способности центра, сокращение времени процедур для пациента и, самое главное, — принципиально иной уровень безопасности и персонализации на всех этапах ЭКО, — отметил руководитель Центра вспомогательных репродуктивных технологий Сибирского ГМУ Минздрава России Илья Петров.__

💬 [Получить MAXимум пользы для здоровья](https://max.ru/minzdrav_ru)

#Модернизация",5955,18,0,minzdrav_ru
14028,2026-02-10T17:03:01+00:00,"📊 **Свыше 133 тыс. жителей Амурской области прошли обследования в передвижных медкомплексах в 2025 году **

В 2025 году передвижные мобильные комплексы (ПМК) совершили почти 3 тыс. выездов. Специалисты осмотрели более 133 тыс. человек и на ранней стадии выявили различные заболевания, среди которых болезни сердечно-сосудистой системы, онкологические патологии и сахарный диабет.

↪️ В регионе работают 33 передвижных комплекса различного профиля:

🔴 флюорографические;
🔴 диагностические;
🔴 маммографические;
🔴 стоматологические установки;
🔴 врачебные амбулатории;
🔴 мобильные фельдшерско-акушерские пункты (ФАПы).

Благодаря мобильные ФАПам специалисты осмотрели более 42 тыс. жителей региона.

📌 Передвижные медицинские комплексы имеют важную роль в выявлении заболеваний на ранних стадиях. В рамках реализации национального проекта «Продолжительная и активная жизнь» врачи проводят профилактические осмотры, определяют тактику ведения пациента и начинают лечение.

💬 [Получить MAXимум пользы для здоровья](https://max.ru/minzdrav_ru)

#МедицинаРегионов",4804,6,0,minzdrav_ru
14026,2026-02-10T14:26:32+00:00,"**🤩**** В Республике Коми открылись два ФАПа**

Новый фельдшерско-акушерский пункт открылся в поселке Бортом, находящийся в 91 км от Сыктывкара.

Также новый ФАП открылся в селе Куниб и находится в 78 км от Сыктывкара. 

Новые медучреждения оснащены новейшим медицинским оборудованием, в том числе:

🔴 Дефибриллятором;
🔴 Телекардиографом;
🔴 Кислородным концентратором. 

🤩 Каждое медучреждение включает специализированные кабинеты для приема пациентов, вакцинаций и лечебных процедур. Для маломобильных посетителей также оборудован пандус.

Новые ФАПы будут оказывать помощь более 600 жителям. 

💬 [Получить MAXимум пользы для здоровья](https://max.ru/minzdrav_ru)

#Модернизация",5433,5,0,minzdrav_ru
14025,2026-02-10T11:06:36+00:00,"👨‍⚕️ **Врачи Забайкальского края оказали медицинскую** **помощь и провели осмотры** **более 500 жителям региона в рамках вахтовой работы**

С 2025 года вахтовая работа медиков реализуется по программе «Медицинские кадры» нацпроекта «Продолжительная и активная жизнь». 

➡️ Для этого формируются профильные бригады благодаря взаимодействию краевого ведомства, Читинской ГМА Минздрава России, краевой клинической и центральных районных больниц.

В 2025 году хирургические бригады совершили девять выездов в отдалённые районы Забайкалья. 

💬 Врачи не только осматривали пациентов, но и выполняли плановые и экстренные оперативные вмешательства, а также наблюдали пациентов до выписки.

По словам заведующего кафедрой хирургии Читинской ГМА Минздрава России Максима Михайличенко, такой формат работы позволяет жителям получать квалифицированную медицинскую помощь без выезда в краевой центр, а также даёт возможность ординаторам получить практический опыт и познакомиться со спецификой работы районных медицинских учреждений.

➡️ В рамках выездов медики посетили районные центры Шелопугино, Чернышевск и Петровск-Забайкальский, где оказали помощь жителям этих населённых пунктов и близлежащих территорий. За время работы специалисты провели 132 плановые операции и осмотрели более 400 пациентов.

📌 Отметим, что кроме оказания медицинской помощи, во время выездов врачи также посещают местные школы и проводят профилактическую работу с населением.

💬 [Получить MAXимум пользы для здоровья](https://max.ru/minzdrav_ru)

#МедицинаРегионов",5878,15,0,minzdrav_ru
14024,2026-02-10T06:03:44+00:00,"👨‍⚕️ **Сургутские кардиохирурги помогли мальчику с врожденным пороком сердца вернуться к активной жизни**

12-летний пациент поступил в Окружной кардиологический диспансер Ханты-Мансийского автономного округа — Югры с врождённым пороком сердца — **тетрадой Фалло**. 

**💡**** Тетрада Фалло** — врождённый порок сердца, который способен проявиться у новорождённого уже с первых дней жизни. Лечение дважды возможно в раннем возрасте.

Первую операцию мальчику провели еще в раннем возрасте. Несколько лет его состояние было стабильным, но во время планового обследования в Кардиоцентре врачи обнаружили износ клапана лёгочной артерии. Чтобы предотвратить развитие опасных нарушений ритма и выраженной одышки, было принято решение о повторной плановой операции.

➡️ Врачи провели частичную трансплантацию донорского клапана: в лёгочную артерию был установлен гомографт — протез, изготовленный из обработанных биологических тканей. 

__— Своевременное выявление изменений и регулярное наблюдение детей с врождёнными пороками сердца позволяют проводить лечение на ранних этапах и значительно улучшать качество жизни пациентов, — рассказал заведующий детским кардиохирургическим отделением Окружного кардиологического диспансера Пётр Лазарьков. __

❤️ Операция прошла успешно. Сейчас пациент чувствует себя хорошо и выписан под амбулаторное наблюдение.

💬 [Получить MAXимум пользы для здоровья](https://max.ru/minzdrav_ru)

#МедицинаРегионов",5237,19,3,minzdrav_ru
14022,2026-02-10T05:05:04+00:00,"💬 **Евгений Камкин: Число выездных паллиативных бригад за пять лет выросло почти вдвое**

Замминистра здравоохранения РФ Евгений Камкин принял участие в заседании рабочей группы Совета при Президенте Российской Федерации по развитию гражданского общества и правам человека.

Собрали главное из выступления.

Активно идет работа по двум ключевым направлениям оказания паллиативной медицинской помощи:

1️⃣ Создание специализированных отделений паллиативной помощи в структуре медицинских организаций;
2️⃣ Развитие амбулаторной паллиативной помощи, включая организацию выездных служб (паллиативных бригад) для оказания помощи пациентам на дому.

**Важно**:

🔴 С 2019 года из средств федерального бюджета ежегодно выделяется порядка 3,3 млрд рублей на софинансирование мероприятий по развитию паллиативной помощи в субъектах Российской Федерации;
🔴 В 2025 году медицинскими изделиями было обеспечено порядка 27 тыс. паллиативных пациентов на дому;
🔴 В прошлом году для оснащения патронажной службы закуплено 99 автомобилей;
🔴 С 2021 года численность пациентов, обеспеченных необходимыми медицинскими изделиями и лекарственными препаратами, увеличилась в 3,5 раза;
🔴 В 2025 году число функционирующих патронажных бригад превысило 1,4 тыс. (включая 358 детских бригад). Это в два раза больше, чем было в 2021 году. 

#ЗдоровьеВПриоритете

💬 [Получить MAXимум пользы для здоровья](https://max.ru/minzdrav_ru)",6915,26,4,minzdrav_ru
14021,2026-02-09T16:06:29+00:00,"**🫀 В больнице Северной Осетии восстановили нормальную работу сердца пациенту с пульсом 40 уд/мин**

Специалисты Республиканской клинической больницы начали выполнять операции по установке постоянных электрокардиостимуляторов пациентам с нарушениями сердечного ритма. 

➡️ Это стало возможным благодаря подготовке медицинского персонала и оснащению медучреждения необходимым оборудованием.
 
Ранее операции по установке постоянных электрокардиостимуляторов в республике проводились только на базе Северо-Кавказского многопрофильного медицинского центра.
 
👨‍⚕️ Первый пациент — 72-летний мужчина, который поступил в больницу с **полной атриовентрикулярной блокадой**. 

💡 **Полная атриовентрикулярная блокада** — опасное нарушение проводимости сердца, при котором импульсы из предсердий не доходят до желудочков, заставляя последние сокращаться самостоятельно с частотой менее 40 уд/мин.

➡️ Мужчина жаловался на общую слабость, головокружение, одышку при минимальной физической нагрузке и боли в грудной клетке.
 
Пациенту провели полный комплекс необходимых обследований, по результатам которых врачи приняли решение об установке постоянного электрокардиостимулятора.
 
__— Операция выполняется под местной анестезией. В ходе вмешательства проводится разрез в подключичной области, через подключичную вену устанавливаются электроды в правое предсердие и правый желудочек. После тестирования электродов производится подключение устройства. Сама операция длится около часа, а срок службы батареи электрокардиостимулятора в среднем составляет 8–10 лет, ─ рассказал заместитель главного врача Виталий Фриев.__
 
❤️ Сейчас пациент чувствует себя хорошо. После снятия швов его выпишут домой под амбулаторное наблюдение у участкового терапевта и кардиолога.
 
Отметим, что в 2026 году в Республиканской клинической больнице планируется проведение порядка 50 подобных операций. Установка электрокардиостимулятора осуществляется в рамках ОМС и проводится полностью бесплатно.

💬 [Получить MAXимум пользы для здоровья](https://max.ru/minzdrav_ru)

#МедицинаРегионов",7712,16,3,minzdrav_ru
14020,2026-02-09T13:45:59+00:00,"🚑 **45 новых автомобилей получили медицинские учреждения первичного звена здравоохранения Якутии в 2025 году 
**
Приобретение нового транспорта значительно улучшило оказание медицинской помощи, профилактическую работу, а также повысило оперативность реагирования на вызовы и обеспечило комфорт при транспортировке.

Автомобили используются для:

🔴 выездного осмотра населения;
🔴 перевозки пациентов;
🔴 транспортировки лекарств и лабораторных анализов;
🔴 доставки необходимого оборудования до лечебных пунктов и т.д. 

📌 Отметим, что, начиная с 2019 года, для региона приобретено 377 ед. транспорта различного назначения, в том числе машины скорой помощи и мобильные передвижные комплексы. 

💬 [Получить MAXимум пользы для здоровья](https://max.ru/minzdrav_ru)

#Модернизация",6585,16,1,minzdrav_ru
14019,2026-02-09T10:41:53+00:00,"❤️‍🩹 **#ПростыеПравила****: Как укрепить сердце и сосуды**

Об этом рассказал главный внештатный кардиолог Минздрава России, генеральный директор НМИЦ кардиологии им. ак. Е. И. Чазова Минздрава России Сергей Бойцов.

__— До 80% летальных исходов от сердечно-сосудистых заболеваний можно предотвратить за счёт изменения образа жизни. Это не краткосрочные меры, а осознанный ежедневный выбор в пользу здоровья, — рассказал эксперт. __

❗️**Как поддержать здоровье сердца и сосудов:**

🔴 Регулярно проходите диспансеризацию: даже при отсутствии симптомов она является ключом к раннему выявлению рисков;
🔴 Полностью откажитесь от курения: это снижает риск повторного инфаркта и внезапной сердечной смерти на 36%;
🔴 Откажитесь от употребления алкоголя: безопасных доз не существует. Алкоголь в 2 раза повышает риск мерцательной аритмии;
🔴 Контролируйте питание и вес: следите за количеством сахара и соли в рационе, снизьте потребление трансжиров и контролируйте калорийность;
🔴 Двигайтесь регулярно: не менее 150 минут умеренной или 75 минут высокой физической активности в неделю снижают риск** **сердечно-сосудистых заболеваний** **на 30-40%;
🔴 Следите за артериальным давлением: поддержание оптимального артериального давления снижает частоту инсульта, инфаркта миокарда и сердечной недостаточности;
🔴 Следите за уровнем холестерина и сахара в крови: гипергликемия и инсулинорезистентность могут быть причиной развития сердечно-сосудистых заболеваний или значительно усугубить их течение;
🔴 Нормализуйте режим сна: сон 7–9 часов в сутки жизненно важен;
🔴 Минимизируйте количество стресса: используйте дыхательные техники, медитацию, поддерживайте психоэмоциональное состояние и оптимальный режим дня.

💬 [Получить MAXимум пользы для здоровья](https://max.ru/minzdrav_ru)

#ЗдоровьеВПриоритете",29802,249,2,minzdrav_ru
14018,2026-02-08T16:04:43+00:00,"🏥 **В Мурманской области открылся новый фельдшерско-акушерский пункт**

В жилом районе Дровяное начал работу новый ФАП в рамках нацпроекта «Продолжительная и активная жизнь». 

💡 Дровяное — микрорайон Мурманска, который расположен в западной стороне Кольского залива, в то время как город  находится на восточной стороне. 

До открытия ФАПа жителям района приходилось посещать медучреждения в других частях Мурманска, так как ближайшая взрослая поликлиника располагалась в 6 км от Дровяного.

➡️ С открытием ФАПа качественная первичная медико-санитарная помощь рядом с домом доступна более 470 жителям.

Модульное здание площадью 73,5 кв. м полностью оснащено необходимым медицинским оборудованием и мебелью — всего более 100 единиц. Здесь созданы все условия для приема пациентов, проведения процедур и оказания неотложной помощи.

↪️ В структуре ФАПа предусмотрены: 

🔴 кабинет приема;
🔴 процедурный кабинет;
🔴 помещения для персонала с раздевалкой;
🔴 помещения для хранения уборочного инвентаря;
🔴 помещения для временного хранения отходов.

💬 [Получить MAXимум пользы для здоровья](https://max.ru/minzdrav_ru)

#Модернизация 
#МедицинаРегионов",6498,20,3,minzdrav_ru
14009,2026-02-08T10:00:51+00:00,"🔬 **Российская медицина в лицах и именах**

Медицинские организации, подведомственные Минздраву России, с гордостью носят имена основоположников кардиохирургии, нейрохирургии, онкологии, военно-полевой хирургии, трансплантологии, многих других областей здравоохранения. 

🔜 Мы подготовили карточки о врачах и организаторах здравоохранения, благодаря научной и клинической работе которых современные специалисты и сейчас спасают тысячи жизней.

В честь этих великих людей названы федеральные центры Минздрава России:

➡️ [НМИЦ психиатрии и наркологии им. В. П. Сербского Минздрава России](https://vk.com/centrserbskogo);

➡️ [НМИЦ нейрохирургии им. Н.Н. Бурденко Минздрава России](https://max.ru/id7710103758_gos);

➡️ [НМИЦ сердечно-сосудистой хирургии им. А.Н. Бакулева Минздрава России](https://max.ru/id7706137673_biz);

➡️ [НМИЦ акушерства, гинекологии и перинатологии им. В. И. Кулакова Минздрава России](https://max.ru/id7728094832_gos);

➡️ [РНИМУ им. Н. И. Пирогова Минздрава России](https://max.ru/rnimu);

➡️ [МНИОИ им. П. А. Герцена — филиал НМИЦ радиологии Минздрава России](https://max.ru/nmicr);

➡️ [НИЦ эпидемиологии и микробиологии им. Н. Ф. Гамалеи Минздрава России](https://vk.com/centergamaleya);

➡️ [НМИЦ им. В. А. Алмазова Минздрава России](https://max.ru/almazovcentre).

Подробнее истории этих ученых, врачей, организаторов здравоохранения смотрите в карточках ↗️

**8 февраля — День российской науки**

💬 [Получить MAXимум пользы для здоровья](https://max.ru/minzdrav_ru)",18438,151,1,minzdrav_ru
14007,2026-02-07T16:04:41+00:00,"🩺 **Более 9,3 тыс. жителей Ярославской области получили консультативную помощь благодаря маршрутам здоровья в 2025 году **

Новые стратегии маршрутизации пациентов из отдаленных округов успешно реализуются в регионе.

Транспортом центральных районных больниц в поликлинику Областной клинической больницы в течение всего года доставляют пациентов из разных районов на консультацию к врачам наиболее востребованных специальностей: 

🔴 кардиологам;
🔴 эндокринологам;
🔴 пульмонологам;
🔴 гастроэнтерологам;
🔴 ревматологам;
🔴 неврологам;
🔴 сурдологам.

__— Только кардиологический диспансер Областной  клинической больницы принял более 5,2 тыс. пациентов, врачи других специальностей поликлиники проконсультировали около 4 тыс. человек, — рассказала и.о. министра здравоохранения Ярославской области Мария Можейко. __

➡️ Отметим, что график выездов утверждается заранее. Ознакомиться с ним можно на официальных ресурсах медицинских организаций, а принять участие имеет право любой житель региона, обратившись к терапевту и пройдя предварительное обследование по месту жительства.

💬 [Получить MAXимум пользы для здоровья](https://max.ru/minzdrav_ru)

#МедицинаРегионов",5957,3,1,minzdrav_ru
14001,2026-02-07T10:00:39+00:00,"😷 **#ПростыеПравила****: Правда ли, что мужчины переносят простуду тяжелее?**

Об этом рассказала заместитель главного врача КДЦ НМИЦ терапии и профилактической медицины Миндзрава России по клинико-экспертной работе Елена Игнатикова.

__— Это интересный и давно обсуждаемый феномен, который популярен среди населения, — сказала она.__

Эксперт подчеркнула, что мужчины могут ощущать и переживать симптомы простуды субъективно тяжелее, и этому есть как потенциальные биологические предпосылки, так и очевидные социально-поведенческие причины.

❗️ **Важно: **

🔴 Исследования показывают, что иммунная система женщин и мужчин может реагировать на вирусные инфекции по-разному из-за гормональных факторов;
🔴 Мужчины зачастую откладывают визит к врачу, из‑за чего заболевание прогрессирует;
🔴 Социальные стереотипы о мужской стойкости порой заставляют мужчин скрывать недомогание.

__— При первых признаках ОРВИ необходимо обратиться к терапевту, дать себе отдых, пить больше жидкости, проветривать помещение, — подчеркнула Елена Игнатикова.

__Подробнее об этом читайте в наших карточках ↗️

О полезных привычках смотрите на сайте ➡️ [ТакЗдорово ](https://www.takzdorovo.ru/)

💬 [Получить MAXимум пользы для здоровья](https://max.ru/minzdrav_ru)",12249,108,0,minzdrav_ru
13994,2026-02-07T05:00:43+00:00,"💬 **Евгения Котова приняла участие в открытии новых модульных женских консультаций в Республике Башкортостан**

Заместитель Министра здравоохранения РФ Евгения Котова приняла участие в торжественном открытии четырех новых модульных женских консультаций в Республике Башкортостан в режиме видеоконференцсвязи.

➡️ В рамках федерального проекта «Охрана материнства и детства» национального проекта «Семья» созданы медицинские объекты на базе Малоязовской, Караидельской, Балтачевской и Акъярской центральных районных больниц.

— __Хочу отметить, что это реальный шаг для населения в рамках реализации национальных проектов, которые разработаны и осуществляются по поручению Президента. Они направлены на сохранение здоровья, благополучия населения и поддержку семьи, — подчеркнула замминистра.__

В структуре женских консультаций предусмотрены как основные кабинеты приема врача, так и лечебно-диагностические, а также психологической и медико-социальной помощи женщинам и дневной стационар.
__
__↪️ В свою очередь министр здравоохранения Республики Башкортостан Айрат Рахматуллин отметил, что в настоящее время всеми медицинскими организациями получены лицензии на оказание медицинской деятельности, укомплектовано штатное расписание, проведено обучение специалистов, начат прием врачей.__

__В рамках национального проекта «Семья» в Республике Башкортостан создано 15 новых женских консультаций: 11 приступили к работе в 2025 году, еще 4 — в 2026 году. Благодаря четырем модульным женским консультациям медицинская помощь станет доступнее для 19 тыс. женщин репродуктивного возраста, в том числе 11 тыс. семей.

— __Сегодня в рамках национального проекта «Семья» особый акцент сделан на создании женских консультаций в сельской местности и рабочих поселках. Мы уверены, что новые модульные женские консультации станут точкой притяжения — как для женщин, стремящихся сохранить свое репродуктивное здоровье, так и для семей, уже воспитывающих детей или планирующих стать родителями, — продолжила она.

____#ЗдоровьеВПриоритете____

__💬 [Получить MAXимум пользы для здоровья](https://max.ru/minzdrav_ru)",4810,18,5,minzdrav_ru
13993,2026-02-06T18:05:38+00:00,"👨‍⚕️ **Специалисты Чеченской Республики спасли подростка с тяжёлой травмой шейного отдела позвоночника
**
В Детскую клиническую больницу №2 г. Грозного поступил 16-летний мальчик.

➡️ В ходе обследования врачи диагностировали у него перелом седьмого шейного позвонка со смещением костных фрагментов, представлявший угрозу для спинного мозга. 

Врачи приняли решение о проведении срочного вмешательства.

➡️ Во время операции специалисты удалили повреждённые костные фрагменты, которые сдавливали спинной мозг, восстановили анатомическую целостность позвоночника и стабилизировали его с помощью современного титанового импланта и фиксирующей конструкции. 

Операция прошла успешно. Это первое подобное вмешательство в детской нейрохирургической практике Чеченской Республики. 

❤️ Сейчас пациент чувствует себя лучше. Он уже проходит дальнейшее лечение и восстановление под наблюдением врачей. В ближайшее время его планирую выписать.

💬 [Получить MAXимум пользы для здоровья](https://max.ru/minzdrav_ru)

#ЗдоровьеДетей",4930,5,12,minzdrav_ru
13989,2026-02-06T16:04:07+00:00,"👨‍⚕️ **Тюменские врачи начали лечить нарушения дыхания во время сна** **по ОМС **

Городская поликлиника №6 г. Тюмени запустила проект по лечению среднетяжелых и тяжелых форм апноэ __—__ многократной остановки дыхания во время сна. 

__— У некоторых людей за ночь может происходить до 500 остановок дыхания во время сна. Это приводит к колоссальному недополучению кислорода, и как следствие к гипоксии всех органов, в первую очередь: головного мозга, сердца, почек. У таких людей одни из самых высоких рисков развития инсультов и инфарктов в ночное время, а также развития и прогрессирования когнитивных нарушений, — рассказала заместитель главного врача Юлия Рогожкина.__

**Как реализуется данный проект: **

🔴 Проект реализуется для жителей, прикрепленных к Городской поликлинике №6 г. Тюмени;
🔴 Пациентам с апноэ проводится комплексная диагностика, включающая специальное функциональное исследование сна для подтверждения диагноза и оценки тяжести состояния;
🔴 Если исследование подтверждает показания для СИПАП-терапии, пациенту выдается аппарат для лечения.

💡 **СИПАП-терапия** — это метод лечения, при котором с помощью специального аппарата **во время сна **в дыхательные пути подается постоянный поток воздуха под положительным давлением, что обеспечивает беспрерывное дыхание.

Благодаря данному виду лечения у пациентов стабилизируется сон, налаживается кислородный обмен, что позволяет работать с другими патологиями эффективнее.

💬 [Получить MAXимум пользы для здоровья](https://max.ru/minzdrav_ru)

#МедицинаРегионов",5320,37,0,minzdrav_ru
13988,2026-02-06T13:03:32+00:00,"📃 **116 робот-ассистированных операций выполнили врачи НМИЦ онкологии Минздрава России в Ростове-на-Дону за год**

Специалисты НМИЦ онкологии Минздрава России в Ростове-на-Дону в 2025 году провели 116 высокотехнологичных вмешательств с помощью роботического комплекса последнего поколения. 

➡️ Операции с применением таких технологий выполняются при урологических, гинекологических, торакальных и абдоминальных онкозаболеваниях. Наибольшая доля пришлась на удаление злокачественных опухолей предстательной железы, почки и мочевого пузыря. Количество таких вмешательств и число подготовленных хирургических бригад в центре постоянно растет.

__— Роботическая хирургия давно оправдала свою эффективность при хирургическом лечении злокачественных новообразований. Четкая визуализация анатомических структур, свобода движений рук хирурга позволяют выполнять вмешательство с максимальным качеством, минимальной травматичностью и кровопотерей. Сохраняются функции организма, пациент восстанавливается в короткие сроки и живет с хорошим качеством жизни, — объяснил генеральный директор НМИЦ онкологии Минздрава России Олег Кит.__

📌 Робот-ассистированная хирургия, ставшая рутинным методом лечения онкологических заболеваний, доступна и жителям новых регионов России — в 2025 году такие операции в НМИЦ онкологии в Ростове-на-Дону выполнили 15 пациентам. 

Транспортная близость позволяет пациентам из ЛНР, ДНР, Запорожской и Херсонской областей получать помощь в НМИЦ онкологии Минздрава России в Ростове-на-Дону. 

💬 [Получить MAXимум пользы для здоровья](https://max.ru/minzdrav_ru)

#СетьНМИЦев",6446,30,1,minzdrav_ru
13983,2026-02-06T10:41:47+00:00,"💬 **Ежегодно более 30 тыс. детей рождаются благодаря вспомогательным репродуктивным технологиям **

Об этом [рассказала](https://ria.ru/20260206/test-2072589522.html) главный внештатный специалист Минздрава России по репродуктивному здоровью женщин Наталия Долгушина.**

**➡️ Ровно 40 лет назад в нынешнем НМИЦ акушерства, гинекологии и перинатологии им. ак. В. И. Кулакова Минздрава России был совершен научный подвиг — рождение первого в СССР ребенка при помощи ЭКО. 

📝 Сегодня программы вспомогательных репродуктивных технологий превратились в мощную индустрию, где искусственный интеллект и генетическое тестирование стали реальностью.

Число детей, рожденных с помощью них, увеличивается от года к году. 

__— Ежегодно более 30 тыс. детей рождаются благодаря вспомогательным репродуктивным технологиям. К настоящему моменту за все время использования вспомогательных репродуктивных технологий, по данным Российской ассоциации репродукции человека, — родилось уже около 500 тыс.,— отметила Наталия Долгушина. __

➡️ Она подчеркнула, что в РФ программы вспомогательных репродуктивных технологий доступны абсолютно всем гражданам, нуждающимся в данном виде помощи. 

__— В год проводится более 100 тыс. циклов ЭКО по ОМС, — добавила эксперт.__

Благодаря реализации национальных проектов «Здравоохранение», «Демография» и нового национального проекта «Семья», стартовавшего в прошлом году, отмечается ежегодное увеличение объемов этих программ за счет средств ОМС на 8-10% в год. 
__
— К концу 2030 года планируется выполнить не менее 485 тыс. циклов ЭКО, — продолжила Наталия Долгушина.__

📌 Важный резерв повышения эффективности — внедрение инновационных подходов в программы вспомогательных репродуктивных технологий. 

Ранее министр здравоохранения РФ Михаил Мурашко рассказал в своей статье для «Комсомольской правды» о [включении](https://www.kp.ru/daily/27756.5/5203507/) предимплантационного генетического тестирования эмбрионов в перечень услуг, предоставляемых бесплатно по полису ОМС.

Подробнее о развитии вспомогательных репродуктивных технологий смотрите в наших карточках ↗️

💬 [Получить MAXимум пользы для здоровья](https://max.ru/minzdrav_ru)

#ЗдоровьеВПриоритете",51545,128,3,minzdrav_ru
13980,2026-02-06T06:02:06+00:00,"🌐 **Россия и Бразилия развивают двустороннее сотрудничество в сфере здравоохранения**

Об этом министр здравоохранения РФ Михаил Мурашко сообщил журналистам на полях 8-го заседания Российско-Бразильской Комиссии высокого уровня по сотрудничеству во главе с премьер-министром России Михаилом Мишустиным и вице-президентом Бразилии Жералду Алкмином. В рамках рабочей поездки Михаил Мурашко также провел встречу с министром здравоохранения Бразилии Алешандре Падилья. 

__— Мы с Бразилией активно сотрудничаем уже более десяти лет. Нами подписаны меморандумы о сотрудничестве и с агентством ANVISA, и с Министерством здравоохранения. Наиболее активные контакты касаются регуляторики в области обращения лекарственных средств, медицинских изделий, — сказал Михаил Мурашко.__

➡️ По словам министра, дополнительный импульс развитию сотрудничества придала пандемия COVID-19, в том числе в сфере профилактики инфекционных заболеваний.

__— В частности вакцина Спутник V, которая поставлялась в Бразилию. Здесь проводились клинические исследования. Она зарекомендовала себя, по мнению многих стран, как одна из лучших вакцин в мире и для профилактики COVID-19, — сказал министр.__

🏥 Министр также отметил, что НИЦЭМ им. Н. Ф. Гамалеи Минздрава России продолжает взаимодействие с бразильскими коллегами по направлениям, связанным с инфекционными заболеваниями.

Кроме того, между Россией и Бразилией реализуется ряд совместных проектов в области радиофармацевтики и ядерной медицины.

__— Это направление хорошо представлено и в Бразилии, и в России. Высокого уровня специалисты, контактируя между собой, создают новые идеи и новые решения, — сказал он.__

💊 По словам Михаила Мурашко, позитивная динамика наблюдается и в сфере поставок лекарственных препаратов и медицинских изделий, а также в развитии профессиональных контактов.

__— 27 медицинских конференций прошли в прошлом году при участии российских и бразильских медицинских работников, — добавил он.__

Министр также подчеркнул, что Россия и Бразилия занимают устойчивые позиции в рамках взаимодействия по линии БРИКС.

__— Мы активно выпускаем медицинский журнал, в котором публикуются самые инновационные исследования, — уточнил Михаил Мурашко.__

↪️ **Партнерство России и Бразилии в сфере борьбы с онкологическими заболеваниями — надежная основа для укрепления здоровья народов обеих стран**

В числе приоритетных направлений дальнейшего сотрудничества министр назвал расширение взаимодействия в сфере онкологии, так как сейчас активно развиваются цифровые технологии по исследованиям морфологических образцов. 

__— В России сегодня этот проект стартовал и реализуется, Бразилия тоже имеет определённые наработки, — сказал Михаил Мурашко.__

➡️ Отдельное внимание уделяется вопросам оказания медицинской помощи детям с онкологическими заболеваниями.

__— В нашей стране сегодня реализуются программы по онкологической помощи, где эффективность достигает до 92% полного излечения детей. Поэтому здесь интересы взаимообразные, — сказал он.__

➡️ Новое направление совместной работы, о котором договорились на встрече — создание российско-бразильской рабочей группы по здравоохранению, которая будет координировать работу по основным направлениям, в том числе по онкологии.  

Приоритетные векторы взаимодействия —  телемедицина, цифровая медицина, программы помощи детям с онкозаболеваниями, совместные исследования. 

Михаил Мурашко также указал на растущий интерес граждан Бразилии к российской медицине.

__— За последние четыре года порядка 5 тыс. пациентов из Бразилии обращались за медицинской помощью в России по направлениям онкологии, кардиохирургии и офтальмологии. Поэтому мы считаем, что потенциал развития сотрудничества есть, — заключил глава Минздрава России.

__💬 [Получить MAXимум пользы для здоровья](https://max.ru/minzdrav_ru)__

__#МеждународноеСотрудничество",4742,23,5,minzdrav_ru
13979,2026-02-05T18:01:09+00:00,"🤕 **#ПростыеПравила****: Почему на морозе болит голова**

Об этом рассказала  ассистент кафедры терапии, гастроэнтерологии и пульмонологии Саратовского ГМУ им. В.И. Разумовского Минздрава России Надежда Михель.

🔜 Она отметила, что головная боль в холодное время года чаще всего вызвана **сужением поверхностных сосудов кожи**, что нарушает кровоснабжение и раздражает нервные окончания (ветви тройничного нерва). 

__— Организм пытается согреть мозг, резко расширяя артерии, что вызывает кратковременную, но острую боль, похожую на «заморозку мозга» или мигрень, — отметила эксперт. __

🔜 Еще одна причина неприятных ощущений — **резкий перепад температуры**. 

Чтобы облегчить состояние, необходимо: 

🔵 носить головной убор;
🔵 избегать долгого нахождения на холоде; 
🔵 немедленно заходить в теплое помещение при появлении дискомфорта. 

__— Боль обычно проходит через несколько минут после согревания. Для быстрого восстановления комфортной температуры лучше выпить горячего чая или воды, — подчеркнула эксперт. 
__
🔔 #МинздравНапоминает: Если головные боли стали регулярными, сильными или сопровождаются головокружением, важно не заниматься самолечением, а обратиться к терапевту.

О полезных привычках смотрите на сайте ➡️ [ТакЗдорово ](https://www.takzdorovo.ru/)

💬 [Получить MAXимум пользы для здоровья](https://max.ru/minzdrav_ru)",13532,134,0,minzdrav_ru
13975,2026-02-05T15:37:05+00:00,"🇷🇺🇷🇸 **Россия и Сербия укрепляют сотрудничество в области оказания онкологической помощи 

**Министр здравоохранения РФ Михаил Мурашко и министр (без портфеля) международных экономических отношений Республики Сербия Ненад Попович обсудили развитие межгосударственного сотрудничества в области оказания онкологической помощи.

➡️ Михаил Мурашко напомнил, что в ходе визита в Республику Сербия 29 января 2024 года между министерствами здравоохранения России и Сербии был подписан Меморандум о сотрудничестве, который заложил необходимую основу и ключевые направления для развития двустороннего взаимодействия в сфере охраны здоровья.

В мае 2025 года стороны подписали Дорожную карту по сотрудничеству между Минздравом России и Минздравом Сербии на период 2025-2026 годов. 

🏥 Российские национальные медицинские исследовательские центры активно взаимодействуют с сербскими медицинскими организациями. 

В частности, сербские медицинские учреждения налаживают сотрудничество с НМИЦ радиологии Минздрава России и НИЦЭМ им. Н. Ф. Гамалеи Минздрава России по вопросам оказания помощи пациентам с онкологическими заболеваниями. 

➡️ Делегации сербских специалистов в области онкологии и организации здравоохранения регулярно посещают ведущие онкологические центры, в том числе в Обнинске, где работает первый и единственный протонный ускоритель российского производства, имеется ядерная аптека, а также уникальное отделение рентгено-хирургических методов диагностики и лечения.

В развитие тематики профессионального сотрудничества между ведущими медицинскими организациями нашей страны и Сербии глава Минздрава России отметил уникальность российского опыта по концентрации в рамках одной клиники практически всех доступных на современном этапе методов диагностики и лечения в том числе онкопатологии, а также готовность российских коллег делиться соответствующими компетенциями.

💬 В свою очередь сербская сторона дала высокую оценку уровню российской системы здравоохранения и выразила заинтересованность в развитии сотрудничества в части повышения доступности высокотехнологичной медицинской помощи для сербских пациентов в России, особенно с онкологическими заболеваниями, являющимися крайне актуальной проблемой для Сербии. 

В завершение встречи Михаил Мурашко и Ненад Попович отметили готовность к развитию диалога и дальнейшему расширению сотрудничества в сфере здравоохранения.

💬 [Получить MAXимум пользы для здоровья](https://max.ru/minzdrav_ru)

#МеждународноеСотрудничество",5153,41,0,minzdrav_ru
13974,2026-02-05T13:03:56+00:00,"🏥 **#ДоПосле****: Как изменилась Городская поликлиника №1 г. Барнаула за 10 лет? **

В нашей рубрике мы продолжаем наглядно сравнивать, какими поликлиники и больницы были раньше и какими стали после обновления.

📌 Здание, требовавшее срочных аварийно-ремонтных работ, полностью преобразилось. В больнице усилили конструкции, заменили коммуникации и обновили всю инфраструктуру.

Теперь здесь созданы комфортные условия для пациентов и врачей, а помощь стала еще доступнее.

💬 [Получить MAXимум пользы для здоровья](https://max.ru/minzdrav_ru)",5680,14,0,minzdrav_ru
13972,2026-02-05T11:02:58+00:00,"🩸 **Почти 1 тыс. человек впервые сдали кровь в Архангельской области в 2025 году**
**
**Более 7 тыс. доноров посетили Архангельскую станцию переливания крови и в дальнейшем стали сдавать кровь регулярно.

__— За 2025 год звания «Почётный донор России» удостоены 250 жителей области. А всего в регионе проживают более 12 тыс. почётных доноров России и СССР, — рассказал руководитель Архангельской станции переливания крови Сергей Бобовник.__

➡️ Одним из приоритетов медучреждения является развитие донорства костного мозга. С 2021 года более 3 тыс. жителей Поморья вступили в Федеральный регистр доноров костного мозга.

__— В прошлом году Архангельск стал одним из ста городов России, где прошла Всероссийская акция «Огонь жизни». Ее цель – привлечь потенциальных доноров костного мозга. Благодаря акции Федеральный регистр пополнили 450 человек, а всего в прошлом году в регистр вступили около 560 северян, — заключил Сергей Бобовник.__

💬 [Получить MAXимум пользы для здоровья](https://max.ru/minzdrav_ru)

#ЗдоровьеВПриоритете
#МедицинаРегионов",5197,10,0,minzdrav_ru
13971,2026-02-04T18:04:05+00:00,"📄 **#ПростыеПравила****: Какие симптомы важно не игнорировать**

Об этом рассказала заведующая отделением противоопухолевой лекарственной терапии НМИЦ им. ак. Е.Н. Мешалкина Минздрава России Елена Ногина во Всемирный день борьбы против рака.

▶️ **Тактильные признаки:

**🔘 появление припухлостей, уплотнений в любом месте тела, особенно в груди, шее, животе, паху;
🔘увеличение лимфатических узлов. 

▶️ **Визуальные маркеры: 

**🔘 покраснения, раздражение кожи;
🔘 пожелтение (желтуха), бледность;
🔘 изменение оттенка родинок или появление новых пигментированных пятен;
🔘 отеки конечностей, лица, шеи, живота;
🔘 отхождение мокроты с кровью;
🔘 наличие крови в моче;
🔘 черный стул (признак кровотечения из ЖКТ).

▶️ **На что также важно обратить внимание:

**🔘 резкое снижение веса без видимых причин (не соблюдая диету);
🔘 повышенная утомляемость, слабость, апатия;
🔘 постоянная субфебрильная температура тела (около 37°C), лихорадка неясного происхождения;
🔘 продолжительная охриплость;
🔘 длительно сохраняющийся кашель (более трех недель);
🔘 постоянные проблемы с пищеварением (вздутие, диарея, запор);
🔘 увеличенный живот, чувство тяжести;
🔘 повышенное потоотделение ночью.

__— Если наблюдаются любые перечисленные симптомы — важно обратиться к терапевту, пройти обследование и исключить наличие опухоли либо выявить её на ранней стадии и начать своевременное лечение,__ __— подчеркнула эксперт.
__
❗️ #МинздравНапоминает: Ранняя диагностика значительно повышает шансы успешного лечения. В случае подозрения на окнозаболевание терапевт направляет пациента к онкологу, прием у которого состоится в течение 3 рабочих дней.
 
**4 февраля — Всемирный день борьбы против рака**

💬 [Получить MAXимум пользы для здоровья](https://max.ru/minzdrav_ru)",16273,94,1,minzdrav_ru
13968,2026-02-04T16:51:22+00:00,"🩺 **Евгения Котова: Значительный вклад в здоровье человека вносят поведенческие факторы и образ жизни**

Об этом сообщила замминистра здравоохранения РФ Евгения Котова на конгрессе «СМАРТздрав» в рамках пленарной сессии «Искусство быть здоровым».

__— Наука уже доказала и обосновала, что медицина — это не более 30% вклада в здоровье человека, а образ и условия жизни — это 60%, — сказала она.__

➡️ Евгения Котова уточнила, что прежде всего речь идёт о поведенческих факторах — привычках и образе жизни, которые с научной точки зрения доказанно сокращают продолжительность жизни. 

Замминистра назвала пять главных факторов риска, с которыми нужно системно побороться, чтобы каждый мог прожить здоровую, активную и долгую жизнь:

1⃣ Курение;
2⃣ Употребление алкоголя;
3⃣ Стресс;
4⃣ Нерациональное питание;
5⃣ Низкая физическая активность.

__— При этом хочу обратить внимание, что вот эти два последних фактора: нерациональное питание и недостаточная активность, приводят к формированию, развитию избыточной массы тела и ожирения, что само по себе является фактором риска и заболеванием, — добавила она.__

✅ Евгения Котова продолжила, что медицина, безусловно, должна быть и оставаться качественной, доступной и технологичной.

__— Но без вовлечения самого человека невозможно решить вопросы и проблемы активного и здорового долголетия, а также сохранения здоровья каждого человека, — уточнила она.__

➡️ В ответ на эти вызовы в рамках нацпроекта «Продолжительная активная жизнь» разработан новый федпроект «Здоровье для каждого», в ходе которого система медицинской профилактики будет перезагружена.

__— Больше 640 Центров здоровья с обновлённым функционалом будут работать, помогать диагностировать не заболевания, а факторы риска развития этих заболеваний. Человек может получить составленный индивидуально для него план коррекции образа жизни, рационального питания, может пройти диагностику на маркёры преждевременного старения и получить много другой полезной информации, — сказала она.__

При этом Евгения Котова подчеркнула, что изменения должны происходить и в повседневной жизни людей. Общая задача государства и общества — донести до человека полезную и достоверную информацию в удобной форме, а также сформировать среду, которая будет стимулировать ведение здорового образа жизни.

📌 В качестве примера она привела проблему злоупотребления алкоголем: наука доказала, что такие привычки сокращают продолжительность жизни примерно на пять лет. Так, многие регионы вводят ограничения на продажу алкогольной продукции. 

__— 67 регионов ввели временные ограничения для продажи алкоголя, а 59 субъектов установили в выходные дни определённые ограничения. То есть, так меняется среда и способствует тому, чтобы человек вёл здоровый образ жизни, — добавила замминистра.
__
💬 [Получить MAXимум пользы для здоровья](https://max.ru/minzdrav_ru)

#ЗдоровьеВПриоритете",4717,26,2,minzdrav_ru
13966,2026-02-04T16:02:19+00:00,"**🇷🇺🇸🇴 Россия и Сомали развивают сотрудничество в сфере здравоохранения **

Статс-секретарь-заместитель министра здравоохранения РФ Олег Салагай на полях Исполкома ВОЗ провёл встречу с министром здравоохранения и социальных дел Сомали Али Хаджи Адамом Абубакаром. 

🌐 В рамках встречи стороны подписали меморандум о взаимопонимании между Министерством здравоохранения Российской Федерации и Министерством здравоохранения и социальных служб Федерального Правительства Сомали. 

Кроме того, участники обсудили расширение сотрудничества в сфере обращения лекарственных препаратов, подготовки и повышения квалификации медицинского персонала Сомали, вакцинацию населения, медицинский туризм и расширение сотрудничества между научно-исследовательскими учреждениями.

💬 [Получить MAXимум пользы для здоровья](https://max.ru/minzdrav_ru)

#МеждународноеСотрудничество",5783,21,0,minzdrav_ru
13964,2026-02-04T15:01:38+00:00,"Сегодня среда, а значит… #НаучнаяСреда 

👨‍⚕️ **Специалисты Алтайского края спасли пациентку с помощью уникальной методики**

В Краевую клиническую больницу поступила 66-летняя пациентка с **аневризмой сосудов головного мозга**.

💡 **Аневризма сосудов головного мозга** (внутричерепная аневризма) — это локальное расширение артерии или венозного сосуда вследствие истончения его

➡️ Нейрохирурги выполнили операцию по клипированию аневризмы с применением современной технологии **интраоперационной флуоресценции** — метода, позволяющего контролировать кровоток прямо во время вмешательства.

В основе — специальная видеосистема, работающая в инфракрасном спектре. Во время операции пациенту внутривенно вводят безопасное флуоресцентное контрастное вещество — **индоцианин зелёный**, которое накапливается в кровеносных сосудах.

Благодаря этому хирург в режиме реального времени видит мельчайшие сосудистые структуры, которые невозможно различить при обычном освещении.

__— Это позволяет сразу оценить кровоток и убедиться в правильности наложения клипсы на аневризму, — пояснил заведующий нейрохирургическим отделением Андрей Чупин.__

↪️ **Клипирование аневризмы** — операция, цель которой выключить из кровотока опасное выпячивание сосуда, предотвратив его разрыв. На шейку аневризмы накладывается титановый клипс, полностью перекрывающий кровоток в патологическом участке.

Флуоресцентная навигация помогает выполнить этот этап с ювелирной точностью и сразу подтвердить, что:

🔴 аневризма полностью выключена из кровотока;
🔴 клипс установлен идеально;
🔴 кровоснабжение здоровых участков мозга сохранено.

Использование этой технологии открывает новые возможности для малоинвазивных и высокоточных операций не только в нейрохирургии, но и в других областях медицины.

💬 [Получить MAXимум пользы для здоровья](https://max.ru/minzdrav_ru)

#БудущееМедицины 
#МедицинаРегионов",4197,11,1,minzdrav_ru
13955,2026-02-04T13:01:21+00:00,"**👩‍⚕️**** ****#ПростыеПравила****: Мифы и правда об онкозаболеваниях**

Главный внештатный онколог Минздрава России Андрей Каприн развеял домыслы об онкологических заболеваниях. 

Распространенные мифы и реальные факты смотрите в наших карточках 🖼

**4 февраля — Всемирный день борьбы против рака**

💬 [Получить MAXимум пользы для здоровья](https://max.ru/minzdrav_ru)",14598,113,1,minzdrav_ru
13954,2026-02-04T11:40:27+00:00,"🔍 **Проверьте свои знания: правда и мифы о раке**

Во Всемирный день борьбы против рака мы предлагаем вам проверить себя и развеять распространённые заблуждения об онкологических заболеваниях.

Мы подготовили викторину, в которой вы сможете определить, где правда, а где миф.

➡️ [Пройти викторину можно в нашем канале в мессенджере MAX](https://max.ru/minzdrav_ru)",7336,25,0,minzdrav_ru
13950,2026-02-04T11:03:38+00:00,"🏥 **В ЛНР открылся новый фельдшерско-акушерский пункт**

В поселке городского типа Северо-Гундоровский начал работу новый ФАП в рамках реализации нацпроекта «Продолжительная и активная жизнь».

➡️ Теперь более 640 местных жителей будут получать качественную медицинскую помощь в шаговой доступности от дома.

На базе пункта организован постоянный мониторинг пациентов с хроническими заболеваниями, вакцинация и санитарно-просветительская работа о здоровом образе жизни. 

🚑 Также в медучреждении будут проводиться выездные приёмы специалистов Краснодонской центральной городской многопрофильной больницы и ведущих лечебных учреждений Луганска.

👇 ФАП полностью оснащён современным оборудованием по общероссийским стандартам, здесь созданы комфортные условия для оказания неотложной помощи, проведения процедур и приёма пациентов.

📌 Отметим, что развитие сельской медицины продолжается благодаря интеграции ЛНР в единую систему здравоохранения нашей страны.

💬 [Получить MAXимум пользы для здоровья](https://max.ru/minzdrav_ru)

#Модернизация",4605,5,0,minzdrav_ru
13948,2026-02-04T06:06:09+00:00,"👨‍⚕️ **Врачи Кемеровской области сохранили ногу пациенту с 50-сантиметровым тромбом **

Мужчина поступил в Кузбасскую областную клиническую больницу им. С. В. Беляева с нарушением кровоснабжения в правой ноге, которая была холодная и багровая. 

➡️ В ходе обследования врачи выявили тромбоз, развившийся на фоне атеросклероза. Состояние пациента оценивалось как критическое — существовала угроза ампутации. 

⚡️ Врачи приняли решение о проведении экстренной операции. Сосудистый хирург через три доступа удалил массивный тромб, проходивший через всю ногу. 

❤️ Благодаря профессионализму специалистов удалось сохранить ногу, а через несколько дней пациент уже начал самостоятельно ходить.

💬 [Получить MAXимум пользы для здоровья](https://max.ru/minzdrav_ru)

#ВрачиГерои 
#МедицинаРегионов",6122,26,0,minzdrav_ru
13947,2026-02-03T16:32:19+00:00,"💊 **Сибирский ГМУ Минздрава России зарегистрировал отечественный препарат для профилактики и лечения тромбозов**

Российский препарат предназначен для применения в кардиологической, хирургической и терапевтической практике.

➡️ Полную локализацию производства, включая регистрацию отечественной фармацевтической субстанции, планируют завершить к концу 2026 года.

📌 Разработка ведется в рамках программы стратегического академического лидерства «Приоритет-2030». До 2036 года Сибирский ГМУ Минздрава России намерен сфокусироваться на создании инновационных лекарств и медицинских изделий нового поколения.

💬 [Получить MAXимум пользы для здоровья](https://max.ru/minzdrav_ru)

#СделаноВРоссии",12377,51,3,minzdrav_ru
13943,2026-02-03T13:33:47+00:00,"🌐 **Россия и Иран развивают двустороннее сотрудничество в сфере здравоохранения

**Министр здравоохранения РФ Михаил Мурашко и Чрезвычайный и Полномочный Посол Исламской Республики Иран в Российской Федерации Казем Джалали обсудили ключевые вопросы взаимодействия в сфере здравоохранения в преддверии 19-го заседания Межправительственной Комиссии в Тегеране.

__— Мы рассматриваем взаимодействие с Ираном не только через призму сотрудничества в области образования. Для нас принципиально важно укреплять дружбу и взаимное доверие между странами, — подчеркнул глава Минздрава России. 

__↪️ **Сотрудничество России и Ирана в сфере медицинского образования

**__— Мы видим, что сегодня интерес к российскому медицинскому образованию очень высокий. У нас учатся более 75 тыс. студентов из 150 стран мира, — заявил Глава Минздрава России. 

__В настоящее время в подведомственных Минздраву России медицинских вузах обучается 6 тыс. граждан Ирана, сообщил он. 

➡️ В свою очередь Казем Джалали обратил внимание на растущее число молодых граждан Ирана, выбирающих обучение в России, подчеркнув, что это открывает значительные возможности для продвижения общих целей и задач двух стран.

__— Я всегда называл студентов большим капиталом для развития двусторонних отношений. Всего около 10 тыс. иранских студентов на сегодняшний день находятся в России, — поделился Казем Джалали. 

__Михаил Мурашко также напомнил, что иранская делегация ранее ознакомилась с работой медвузов Минздрава России.

__—  Вы неоднократно посещали наши медицинские вузы, включая Сеченовский университет, и имели возможность пообщаться с иранскими студентами и получить обратную связь в полном объеме, — отметил он.

__↪️ **Россия и Иран усиливают кооперацию в фармацевтике и производстве медизделий 

**Российские и иранские фармкомпании активизируют сотрудничество через обмен технологиями, создание совместных производств и научные проекты. 

➡️ В рамках развития двустороннего сотрудничестваподписаны меморандумы о сотрудничестве между профильными центрами и компаниями, развивается интеграция контрактных производств. 

В частности, российский Зеленоградский нанотехнологический центр работает над интеграцией производств иранских разработок, включая фармацевтические препараты. 

📌 В завершение встречи Михаил Мурашко и Казем Джалали отметили неизменность курса на укрепление сотрудничества.

💬 [Получить MAXимум пользы для здоровья](https://max.ru/minzdrav_ru)

#МеждународноеСотрудничество",10901,52,3,minzdrav_ru
13942,2026-02-03T11:01:34+00:00,"🚑 **Более 1 тыс. жителей Пензенской области труднодоступных районов прошли диспансеризацию благодаря** **передвижным мобильным комплексам**

В рамках регионального проекта «Модернизации первичного звена здравоохранения» для жители труднодоступных населённых пунктов численностью менее 100 человек доступен первый этап диспансеризации. Пройти осмотр у профильных специалистов можно в передвижном мобильном комплексе, который выезжает в отдаленные районы.

↪️ С начала 2026 года 6 передвижных медицинских комплексов уже совершили 52 выезда и осмотрели 1152 жителя деревень и малых сельских поселений.

__— Ранняя диагностика — залог успешного лечения и сохранения здоровья. В ближайшие месяцы мы сосредоточим особое внимание на раннем выявлении сердечно сосудистых заболеваний, онкологии и сахарного диабета, — рассказала заместитель министра здравоохранения Пензенской области Наталья Тюгаева.__

💬 [Получить MAXимум пользы для здоровья](https://max.ru/minzdrav_ru)

#Модернизация",6115,8,1,minzdrav_ru
13941,2026-02-02T16:04:52+00:00,"💬 **Михаил Мурашко: Все нововведения в здравоохранении направлены на сохранение здоровья россиян**

Об этом министр здравоохранения РФ заявил в своей статье для [«Комсомольской правды»](https://www.kp.ru/daily/27756.5/5203507/). Мы собрали для вас самое главное.

🇷🇺 Правительство утвердило Программу государственных гарантий бесплатного оказания медицинской помощи на 2026 год и на плановый период 2027 и 2028 годов. Ее финансирование в 2026 году увеличится на 9,7% и достигнет 4 трлн рублей. 

__— Для пациента эти меры означают расширение спектра гарантированной бесплатной медицинской помощи, рост ее доступности и сокращение времени ожидания приема, — отметил министр.__

Министр подчеркнул, что ключевой принцип российской системы — равнодоступность и солидарная ответственность. Это гарантирует право на необходимое лечение, включая высокотехнологичные операции, вне зависимости от личного дохода и усредненных нормативов.

🤔 Особое внимание в новой программе уделяется профилактике. 

__— Самый эффективный способ не просто увеличить годы жизни, но и сохранить ее качество, для пациента — это профилактика: предотвратить болезнь гораздо легче и безопаснее, чем бороться с ее осложнениями, — подчеркнул Михаил Мурашко.__

👩‍⚕️  С 2026 года россияне в возрасте от 18 до 40 лет смогут пройти специализированный тест на уровень липопротеида (а) для оценки рисков раннего атеросклероза. Также продолжается программа обеспечения бесплатными лекарствами пациентов, перенесших инфаркты и инсульты. Программа уже охватила более 3 млн человек.

Значительные изменения направлены на охрану материнства и детства. Диспансеризацию женщин дополнили исследованиями на ВПЧ и жидкостную цитологию. Предимплантационное генетическое тестирование эмбрионов теперь входит в программу госгарантий. 

Впервые бесплатно по полису ОМС будет проводиться неинвазивный пренатальный скрининг, а расширенный неонатальный скрининг теперь включает два новых заболевания.

⚙️ В программу включены возможность использования беспилотников для доставки лекарств в отдаленные районы и право на круглосуточный уход со стороны близких для пациентов с инвалидностью I группы в стационаре.

Доступность высокотехнологичной медицинской помощи (ВМП) продолжает расти. Перечень методов ВМП, которые можно выполнять в крупных региональных клиниках, а не только в федеральных центрах, расширен на 15 позиций. Это касается, например, лечения рака горла, мочевого пузыря и трансплантации почки.

👨‍⚕️ Для участников СВО и их семей программа с этого года позволяет получить консультации медицинского психолога и специализированную психиатрическую помощь. 

В борьбе с гепатитом С норматив финансирования помощи пациентам увеличен на 85,3%. Активно внедряются цифровые технологии: нормативы теперь учитывают расходы на использование ИИ для анализа снимков, а также на проведение телемедицинских консультаций.

❤️‍🩹 С 2026 года Центры здоровья начнут работу по оценке факторов риска преждевременного старения. 

__— Все эти шаги направлены на то, чтобы качественная медицинская помощь и профилактика были доступны каждому гражданину на всех этапах жизни, — резюмировал министр.__

💬 [Получить MAXимум пользы для здоровья](https://max.ru/minzdrav_ru)

#Модернизация
#ЗдоровьеВПриоритете",37653,187,6,minzdrav_ru
13940,2026-02-02T14:04:20+00:00,"🏥 **Оренбургские врачи удалили гигантскую опухоль яичника у 16-летней девушки**

16-летняя девушка пришла на обследования в Оренбургскую районную больницу с жалобами на увеличение живота. 

➡️ В ходе комплексного обследования врачи диагностировали гигантское образование, занявшее весь малый таз и брюшную полость. Пациентку направили в Оренбургскую областную детскую клиническую больницу, где специалисты провели срочную операцию. 

__— Мы выполнили лапароскопическое вмешательство и полностью удалили гигантскую тератому правого яичника объемом почти 7 литров. Важно, что саму репродуктивную железу удалось сохранить. Гистологическое исследование подтвердило, что это доброкачественная зрелая тератома, — прокомментировала акушер-гинеколог Областной детской клинической больницы Аниса Гарайс.__

❤️ Операция прошла успешно. Через неделю пациентка была выписана домой в хорошем состоянии.

Специалисты напомнили, что опухоли яичников у подростков могут долго не проявлять себя клинически, живот увеличивается постепенно — и это легко списать на возраст или фигуру. Но именно профилактический осмотр помогает заметить проблему вовремя, начать лечение и сохранить репродуктивное здоровье.

💬 [Получить MAXимум пользы для здоровья](https://max.ru/minzdrav_ru)

#МедицинаРегионов",8036,50,0,minzdrav_ru
13934,2026-02-02T11:01:25+00:00,"🩺 **Новая региональная мера поддержки помогла привлечь в Самарскую область 15 врачей**

Единовременная специальная выплата в размере 1 млн рублей врачам, приехавшим на работу в государственные медицинские организации Сызрани и Тольятти, установлена в 2025 году по решению региона. Дополнительно в Тольятти закупили 10 служебных квартир для медработников.

Благодаря этой программе в Тольяттинскую городскую клиническую поликлинику №3 устроились пять новых специалистов, среди которых участковый педиатр Андрей Сокирко и эндокринолог Марина Сергеева.

👨‍⚕️ Также коллектив Тольяттинской городской поликлиники №2 пополнили семь молодых врачей: уролог, кардиолог, рентгенолог и четыре терапевта.

Для молодых специалистов в медучреждении действуют дополнительные меры соцподдержки: 

🔴 выплаты от администрации поликлиники от 30 до 50 тыс. рублей; 
🔴 региональные  выплаты по наиболее востребованным и дефицитным специальностям __—__ до 300 тыс. рублей. 

➡️ Кроме того, молодые специалисты могут рассчитывать на компенсацию аренды жилья и предоставление служебных квартир с возможностью последующего перехода в собственность после 10 лет работы.

✅ Среди новых врачей — супруги Коневы, оба терапевта. Сначала при трудоустройстве в Тольяттинскую городскую поликлинику №2 им компенсировали аренду жилья, а затем предоставили служебную квартиру.

💬 [Получить MAXимум пользы для здоровья](https://max.ru/minzdrav_ru)

#МедицинаРегионов",5169,26,1,minzdrav_ru
13932,2026-02-02T06:04:45+00:00,"👨‍⚕️ **Врачи из Республики Башкортостан спасли пациента с нарушением функции почек**

67-летний мужчина поступил в Республиканскую клиническую больницу им. Г.Г. Куватова с жалобами на выраженную слабость, высокое артериальное давление, снижение аппетита, неприятный вкус во рту. Кроме того, из-за отеков в конечностях и брюшной полости он набрал более 20 кг веса за две недели.

➡️ При первичном осмотре в районной больнице врачи выявили превышение уровня белка в моче в 90 раз и уровня креатинина в крови почти в 9 раз нормы для мужчин.

Специалисты начали лечение с процедуры гемодиализа, которая позволила вывести лишнюю жидкость, и вскоре вес пациента снизился на 16 кг. Это создало безопасные условия для проведения нефробиопсии — взятия образца почечной ткани.  

В отличие от анализов крови, мочи и других исследований, биопсия позволила напрямую изучить структуру почки на клеточном уровне и поставить точный диагноз: **фокально-сегментарный гломерулосклероз**. 

**💡**** Фокально-сегментарный гломерулосклероз** — это одна из форм аутоиммунного заболевания, поражающего почки, которое тяжело поддается лечению.

Специалисты учли ряд факторов и составили для пациента индивидуальную схему медикаментозного лечения.

Благодаря работе врачей были полностью купированы отеки, результаты анализа мочи показали отсутствие белка, что является главным признаком эффективности лечения и достижения ремиссии заболевания. 

❤️ Сейчас пациент чувствует себя хорошо. Функция почек восстановилась, и мужчину удалось снять с диализа.

💬 [Получить MAXимум пользы для здоровья](https://max.ru/minzdrav_ru)

#МедицинаРегионов",7602,10,0,minzdrav_ru
13930,2026-02-01T15:06:13+00:00,"🔬 **В поликлинику Орловской области поступило новое оборудование для эндоскопических исследований**

Современные фиброгастроскоп и фиброколоноскоп установлены в эндоскопическом отделении Поликлиники №3 г. Орла. 
⁣
➡️ Новое оборудование позволяет выявлять различные патологии желудочно-кишечного тракта, включая опухоли, полипы, воспалительные процессы, язвы, эрозии и предраковые изменения.

📌 По показаниям выполняется биопсия — взятие ткани для изучения структуры тканей и клеток под микроскопом.
⁣
Новое оборудование размещается в специализированных шкафах для сушки и хранения эндоскопов в асептической среде.

➡️ Важно отметить, что ежегодно в отделении выполняется около 3,5 тыс. гастроскопий и около 300 колоноскопий. В 2026 году благодаря обновлению планируется значительно увеличить эти показатели.

💬 [Получить MAXимум пользы для здоровья](https://max.ru/minzdrav_ru)

#Модернизация",7588,9,0,minzdrav_ru
13926,2026-02-01T12:05:29+00:00,"🇷🇺 **В России вступил в силу Федеральный закон «О Российском Красном Кресте»

**1 февраля в Российской Федерации начал действовать закон, который закрепляет особый статус старейшей гуманитарной организации страны и регулирует ее деятельность.

↪️ Что определяет новый закон: 

🔴 Российский Красный Крест получает закрепление правового статуса на законодательном уровне. 
🔴 Закон четко определяет направления деятельности, востребованные обществом и государством.
🔴 Созданы прямые механизмы для получения имущественной и финансовой поддержки от государства для развития инфраструктуры.
🔴 Закон легитимизирует привлечение пожертвований из всех источников, включая международные.

Представитель Российского Красного Креста Павел Савчук отметил, что работа над Федеральным законом «О Российском Красном Кресте» продолжалась около 35 лет, а новый импульс процесс получил в 2021 году.

__— Традиционно судьба и история Российского Красного Креста связана с историей, судьбой российского здравоохранения на разных этапах его развития. Закон был разработан Министерством здравоохранения РФ при участии Российского Красного Креста, — подчеркнул он.__

➡️ Также Павел Савчук вручил министру здравоохранения России Михаилу Мурашко членский билет и нагрудный знак организации в день вступления в силу Федерального закона «О Российском Красном Кресте». 

__— Выражаю огромную признательность за возможность вступить в ряды Российского Красного Креста. Хочу отметить, что еще в студенческие годы, во времена Советского Союза, мы активно участвовали в работе Красного Креста. Надеюсь, что медицинские работники и граждане нашей страны присоединятся к гуманитарной деятельности вашей организации, — заявил Михаил Мурашко.__

🌐 Михаил Мурашко акцентировал, что синергия усилий Минздрава и Красного Креста создает прочную основу для помощи гражданам.

__— Это открывает огромные возможности, но, безусловно, налагает серьезную ответственность. Мы видим, что ваша работа уже сегодня вносит колоссальный вклад — в том числе в помощь людям, оказавшимся в трудной жизненной ситуации, в вопросы донорства крови и костного мозга, профилактики ВИЧ‑инфекции, — отметил он.__

📌 Отметим, «Российский Красный Крест» — старейшая и самая крупная гуманитарная организация России, отметившая в 2025 году 158-летие. 

Ежегодно помощь Российского Красного Креста получают более 2 млн человек. Всего с 2021 по 2025 год включительно Российский Красный Крест  оказал поддержку более 8,2 млн человек.

💬 [Получить MAXимум пользы для здоровья](https://max.ru/minzdrav_ru)",12795,76,1,minzdrav_ru
13925,2026-02-01T10:04:38+00:00,"**☀️****🌨**** Есть время подготовиться к весне**

Наступил февраль — время, когда до весны рукой подать, а организм работает на последнем заряде. 

🤔 Но это идеальное время, чтобы подготовиться к сезону солнца и тепла. Собрали для вас дайджест, который поможет встретить это время года правильно и с пользой для здоровья.

🎥 Почему мама была права, и весной [нужно ](https://t.me/minzdrav_ru/9897)носить шапку;
🎥 Как[ уберечь ](https://t.me/minzdrav_ru/203)ребенка от простуд весной;
🎥 Где[ искать ](https://t.me/minzdrav_ru/10191)витамины;
🎥 10 психологических установок, которые [мешают ](https://t.me/minzdrav_ru/11211)похудеть к лету;
🎥 Как правильно [ухаживать ](https://t.me/minzdrav_ru/3841)за кожей;
🎥 Чем прогулки в лесу [полезны ](https://t.me/minzdrav_ru/10000)для здоровья. Важно помнить, что клещи дремлют пока холодно, а с наступлением тепла — просыпаются.  [Напоминаем,](https://t.me/minzdrav_ru/9906) чем опасны их укусы;
🎥 Как весной[ найти ](https://t.me/minzdrav_ru/6088)счастье.

💬 [Получить MAXимум пользы для здоровья](https://max.ru/minzdrav_ru)",14662,75,0,minzdrav_ru
13917,2026-02-01T06:05:17+00:00,"🏥 **В Республике Крым открылось новое здание поликлиники**

В поселке ГРЭС города Симферополь открылось новое здание Симферопольской поликлиники №5. Строительство объекта  реализовано в рамках национального проекта «Продолжительная и активная жизнь».

В новом здании размещены кабинеты приема специалистов, лаборатория, дневной стационар для детей и взрослых, отделение рентгенодиагностики, кабинеты медицинской профилактики, функциональной диагностики, ЛФК и другие подразделения. 

↪️ Поликлиника оснащена новым медоборудованием, в том числе:

🔴 Компьютерным томографом;
🔴 Рентген-аппаратом;
🔴 Маммографом;
🔴 Стоматологическим, эндоскопическим, лабораторным и другим оборудованием.

Новое медучреждение оказывает помощь более 18,6 тыс. человек, включая 3,9 тыс. детей. Поликлиника рассчитана на 350 посещений в смену.

💬 [Получить MAXимум пользы для здоровья](https://max.ru/minzdrav_ru)

#Модернизация",5085,14,1,minzdrav_ru
13914,2026-01-31T15:01:52+00:00,"👨‍⚕️ **Врачи РДКБ Минздрава России удалили ребенку редкое образование за ухом**

Семилетняя пациентка из Сыктывкара поступила в Российскую детскую клиническую больницу Минздрава России. Девочка три года страдала от образования, которое встречается реже, чем в одном случае на миллион, — кисты первой жаберной щели. Патология вызывала постоянные воспаления, нагноения и боли.

__— Эта киста образуется в результате аномального развития тканей, из которых у эмбриона формируются все ткани в области головы и шеи. Выстланный изнутри эпителием тяж постоянно вырабатывает кожное сало, что создает идеальные условия для развития инфекционного процесса — любая грязь вызывала серьезные воспаления», — объяснил заведующий отделением челюстно-лицевой хирургии РДКБ Минздрава России Александр Кугушев.__

➡️ Сложность лечения заболевания обусловлена не только его редкостью, но и анатомическим расположением кисты — в глубине тканей она прилегает к жизненно важным крупным сосудам и лицевому нерву, повреждение которого грозило асимметрией лица и потерей мимики. 

В результате врачи удалили кисту через один небольшой разрез за ухом, избежав повреждения всех прилегающих структур. Разрез скрыт в естественной складке за ухом, и на лице ребенка не осталось ни одного видимого шрама. 

📌 Удаление образования полностью устранило риски повторных воспалений, а функции лицевого нерва сохранены — ребенок может улыбаться и выражать эмоции без ограничений. 

❤️ Сейчас девочка чувствует себя хорошо и уже находится дома.

💬 [Получить MAXимум пользы для здоровья](https://max.ru/minzdrav_ru)

#ЗдоровьеДетей",4965,11,0,minzdrav_ru
13911,2026-01-31T11:03:34+00:00,"👨‍⚕️ **Молодой патоморфолог пополнила коллектив Ачинской межрайонной больницы в Красноярском крае**

Выпускница Красноярского ГМУ Минздрава России Елена Дейкина теперь трудится врачом-патоморфологом в Ачинской межрайонной больнице. 

➡️ После окончания лечебного факультета Красноярского ГМУ Минздрава России девушка поступила в ординатуру. Ее интерес к гистологии перерос в осознанный выбор — заниматься именно диагностикой.

__— У многих людей неверное представление об этой профессии. Считается, что это больше мужская работа, однако женщин-патоморфологов не меньше, чем мужчин, — подчеркнула Елена Дейкина. — На нас лежит огромная ответственность: по нашему заключению будет решаться вопрос о дальнейшем лечении пациента.__

📌 Девушка отметила, что патоморфолог может обнаружить опасное заболевание на начальных стадиях, когда нет никаких симптомов. Подавляющее большинство исследований — это прижизненная диагностика.

Елена работает в Ачинской межрайонной больнице, куда первоначально приехала на практику. Коллектив принял ее тепло, а старшие коллеги всегда готовы поддержать.

🏥 Молодой специалист стала участницей программы «Земский доктор», по которой ей была предоставлена единовременная выплата. По приезде в Ачинск молодой специалист получила и региональную поддержку — служебное жилье в новом доме и специальные выплаты. Такие шаги региона эффективно стимулируют специалистов к переезду и работе на местах.

__— Свою профессию я очень люблю. Вообще она про вдумчивость, усидчивость, психологическую устойчивость и умение сохранять хладнокровие, — поделилась Елена Дейкина.__

💬 [Получить MAXимум пользы для здоровья](https://max.ru/minzdrav_ru)

#МедицинаРегионов",5914,11,1,minzdrav_ru
13905,2026-01-31T05:00:36+00:00,"🏥 **В Республике Марий-Эл появилось новое оборудование для реабилитации**

Новое медицинское оборудование для реабилитации пациентов поступило в Сернурскую центральную районную больницу. Оно предназначено для раннего восстановления пациентов, перенесших инсульт, а также после травм и операций на опорно-двигательном аппарате.

**Новое медоборудование включает:**

🔴 Мобильный аппарат для разработки тазобедренных суставов;
🔴 Стабилоплатформа с расширенным функционалом;
🔴 Беговая дорожка с биологической обратной связью.

__ — Новое оборудование позволяет заниматься ранней реабилитацией успешно. К примеру, по нацпроекту мы получили новую стабилоплатформу с более расширенным функционалом. Использование ее при нарушениях координации после инсультов дает возможность пациентам даже через неделю занятий ходить более уверенно, — рассказал и.о. главного врача Сернурской центральной районной больницы Алексей Новоселов.__

↪️ Реабилитацию в Сернурской центральной районной больнице проходят не только местные пациенты, но и жители других районов республики. 

Новые тренажеры закуплены в рамках регионального проекта «Оптимальная для восстановления здоровья медицинская реабилитация» нацпроекта «Продолжительная и активная жизнь».

💬 [Получить MAXимум пользы для здоровья](https://max.ru/minzdrav_ru)

#Модернизация",5009,9,0,minzdrav_ru
13902,2026-01-30T17:03:02+00:00,"👨‍⚕️ **Врачи из Югры спасли ногу пациента после падения на нее полуторатонной бетонной конструкции**

В Сургутскую клиническую травматологическую больницу поступил 53-летний пациент после несчастного случая — на его левую ногу упала бетонная конструкция весом более 1,5 тонн.

➡️ Специалисты диагностировали открытый перелом большеберцовой кости, размозжение мягких тканей, обширный дефект кожи голени и повреждение артерии. Существовала реальная угроза ампутации конечности.

В ходе операции врачи остановили кровотечение, обработали рану и перелом и выполнили временную стабилизацию кости.

📌 Для борьбы с обширным повреждением тканей и профилактики осложнений специалисты применили современную **VAC-терапию**. Это позволило очистить рану и подготовить ее к следующему этапу.

💡 **VAC-терапия** — это метод лечения ран с помощью контролируемого отрицательного давления. Специальная система создает вакуум, который вытягивает из раны жидкость и уменьшает отек, улучшает кровоснабжение и стимулирует образование новой ткани.

После успешного приживления трансплантатов врачи выполнили окончательную фиксацию перелома и установили титановую пластину для надежного сращения кости.

❤️ Сейчас пациент чувствует себя хорошо. Он уже выписан и продолжает восстановление на амбулаторном этапе.

#МедицинаРегионов

💬 [Получить MAXимум пользы для здоровья](https://max.ru/minzdrav_ru)",4944,9,3,minzdrav_ru
13900,2026-01-30T15:41:37+00:00,"🚑 **Семь автомобилей скорой медицинской помощи поступили в Территориальный центр медицины катастроф Вологодской области**

Всего в автопарк центра поступили семь машин скорой помощи: один медицинский комплекс повышенной проходимости и шесть реанимобилей класса «С».

➡️ Медицинский комплекс повышенной проходимости позволяет подключаться к системе телемедицинских консультаций «врач — врач», вести мониторинг нахождения бригад скорой медицинской помощи и бригад территориального центра медицины катастроф в регионе. 

Реанимобили оснащены универсальным медицинским модулем, оборудованным кювезом — инкубатором для новорожденных, который, при необходимости, может быть заменен на модуль для транспортировки пациентов любого возраста.

__— Это новые, современные многофункциональные медицинские комплексы, которые откроют новую страницу в деятельности Территориального центра медицины катастроф. Комплексы соответствуют всем современным федеральным и международным стандартам, — сказал Губернатор Вологодской области Георгий Филимонов.__

💬 [Получить MAXимум пользы для здоровья](https://max.ru/minzdrav_ru)

#Модернизация",6630,8,2,minzdrav_ru
13899,2026-01-30T13:33:23+00:00,"🥤 #ПростыеПравила: **Как энергетики повышают риск инфаркта, инсульта, нарушений ритма сердца**

Особенно опасны энергетики для людей со скрытыми сердечно-сосудистыми патологиями.

Об этом рассказала заместитель генерального директора по научно-аналитической работе и профилактической кардиологии НМИЦ кардиологии им. Е.И. Чазова Минздрава России Нана Погосова.

__— Энергетики оказывают значительный вред здоровью. В частности, исследования демонстрируют, что употребление энергетиков может быть связано с повышенным риском развития серьезных сердечно-сосудистых заболеваний, включая инфаркты, инсульты, нарушения ритма сердца и тромбоэмболические события, — рассказала эксперт. __

**Как именно энергетики атакуют ваше сердце и сосуды:**

🔴 Употребление энергетиков повышает риск развития инфарктов, инсультов, нарушений ритма сердца и тромбоэмболических событий;
🔴 Сочетание энергетиков с алкоголем значительно увеличивает нагрузку на сердце и сосуды, повышает риск нарушений ритма сердца, резких скачков давления, обезвоживания и других острых состояний;
🔴 Кофеин, содержащийся в энергетиках, сужает сосуды и повышает артериальное давление, создавая дополнительный риск для людей с гипертонией и скрытыми сердечными патологиями.

**Дополнительные риски для организма:**

🔴 Высокое содержание сахара (около 30 г на 100 мл) способствует развитию ожирения, инсулинорезистентности и кариеса;
🔴 Энергетики повышают кислотность желудочного сока, провоцируя гастрит и образование эрозий;
🔴 Энергетики вызывают быстрое привыкание, формируя зависимость от искусственной стимуляции.

__— Уязвимость к негативному воздействию энергетиков существует у всех без исключения, однако риск особенно высок у людей с заболеваниями сердца и сосудов, повышенным артериальным давлением, нарушениями ритма сердца, врожденными пороками, — подытожила эксперт. __

О полезных привычках смотрите на сайте ➡️ [ТакЗдорово ](https://www.takzdorovo.ru/)

💬 [Получить MAXимум пользы для здоровья](https://max.ru/minzdrav_ru)",63688,504,3,minzdrav_ru
13889,2026-01-30T10:41:52+00:00,"🚩 **#ПростыеПравила****: «Красные флаги», которые нельзя игнорировать**

Об этом рассказала заместитель главного врача консультативно-диагностического центра НМИЦ терапии и профилактической медицины Минздрава России Елена Игнатикова.

❗️ **«**Красный флаг**»** — это яркий предупреждающий знак. Сигнал, который нельзя пропустить или проигнорировать, потому что он указывает на возможную серьезную проблему, требующую немедленного внимания и действий. 

🗒 **«**Красные флаги**»**:

🎥 Резкая потеря веса (более 5% за полгода) без изменения образа жизни. Это возможный сигнал об онкологии, эндокринных нарушениях или хронических инфекциях.
🎥 Появление крови в мокроте, моче, кале или влагалищные кровотечения вне цикла. Это прямые признаки возможных повреждений тканей, воспалений или злокачественных новообразований.
🎥 Изменение родинки (асимметрия, неровные края, рост, изменение цвета). Это классические признаки риска меланомы.
🎥 Стойкие нарушения работы кишечника или мочевого пузыря могут указывать на функциональные расстройства, воспаления или онкологические заболевания.
🎥 Резкие изменения психического состояния, памяти, ориентации могут быть проявлением опухоли мозга, начинающейся деменции или тяжелой депрессии.

❤️‍🩹 Внимание к сигналам собственного тела — это ключ к сохранению здоровья. Если вы заметили у себя какой-то из этих симптомов — обратитесь к терапевту! 

Почему важно обратиться именно к терапевту, мы [рассказывали здесь. ](https://t.me/minzdrav_ru/8864)

Остальные **«**красные флаги**»** смотрите в наших карточках 🖼

💬 [Получить MAXимум пользы для здоровья](https://max.ru/minzdrav_ru)",58382,374,9,minzdrav_ru
13888,2026-01-30T05:59:58+00:00,"👨‍⚕️ **Врачи из Удмуртии спасли малыша с редкой врожденной патологией**

В Республиканскую детскую клиническую больницу Удмуртии экстренно поступил новорожденный малыш с диагнозом «гастрошизис» — внутренние органы маленького пациента (тонкий и толстый кишечник, мочевой пузырь) находились вне брюшной полости. 

➡️ В ходе первой операции врачи вернули органы в брюшную полость и выполнили пластику передней брюшной стенки.

Во время второй операции врачи устранили дополнительные аномалии: врожденное отсутствие просвета на отдельном участке тонкого кишечника, а также сужение (стеноз) толстой кишки. 

❤️ Сейчас работа кишечника у малыша полностью восстановлена. Ребенок продолжает находиться под наблюдением врачей.

💬 [Получить MAXимум пользы для здоровья](https://max.ru/minzdrav_ru)

#МедицинаРегионов",5426,10,2,minzdrav_ru
13886,2026-01-29T16:59:58+00:00,"🏥 **В Бурятии открылись девять новых объектов здравоохранения
**
В шести районах региона введены в эксплуатацию одна врачебная амбулатория и восемь фельдшерско-акушерских пунктов. 

➡️ Новые модульные здания заменили устаревшие постройки 1950–1970-х годов и обеспечили жителей сельских территорий качественными и доступными условиями получения медицинской помощи.

Медицинские организации оснащены современным оборудованием, полностью соответствуют санитарным нормам и требованиям безопасности.

📌 Отметим, что всего за 2025 год построено 23 новых объекта здравоохранения в 14 районах республики. Проведено четыре капремонта районных больниц и закуплено более 2 тыс. единиц оборудования.

💬 [Получить MAXимум пользы для здоровья](https://max.ru/minzdrav_ru)

#Модернизация",5588,9,6,minzdrav_ru
13883,2026-01-29T14:59:01+00:00,"🏥 **#ДоПосле****: Как изменилась поликлиника Оренбургской области за 10 лет? 

**Наверняка вы видели тренд, где люди сравнивают свои фото: «я в 2016 году — и я сейчас». А ведь нам тоже есть, что показать. 

💡 Посмотрите, как меняются медицинские организации у нас в стране. 

В новой рубрике **#ДоПосле** будем наглядно сравнивать, какими поликлиники и больницы были раньше и какими стали после .

Первый объект — **поликлиника №2 Оренбургской городской больницы им. Н. И. Пирогова**.

➡️ Медучреждение, построенное ещё в 1990 году, рассчитано на **600 посещений в смену**. К поликлинике прикреплено** более 37 тыс. жителей города.

**Медучреждение полностью преобразилось как внешне, так и функционально.

Подробнее об этом смотрите в наших карточках ⬆️

💬 [Получить MAXимум пользы для здоровья](https://max.ru/minzdrav_ru)",4702,13,0,minzdrav_ru
13882,2026-01-29T13:03:06+00:00,"💭 **Ограничения продажи алкоголя доказанно способствуют снижению смертности от болезней сердца и сосудов**

Об этом сообщил главный внештатный кардиолог Минздрава России Сергей Бойцов.

__— В регионах, которые давно и системно реализуют антиалкогольную политику, значительно снизилась смертность от болезней системы кровообращения в трудоспособном возрасте — Саратовская область —__ __на 46,4%, Якутия —__ __на 43,7%, Владимирская область на 37,0% (по оперативным данным за 2025 год по сравнению с 2011 годом), — сказал он.
__
📌 В Вологодской области, где усиленные ограничения [действуют](https://t.me/fgbunmictpm/9552) совсем недавно, отмечено [снижение](https://t.me/okobyakova/3180) показателя на 8,6% в 2025 по сравнению с 2024 годом, добавил Сергей Бойцов.

Он подчеркнул, что нет ни одного другого поведенческого фактора риска, который наносил бы столько вреда здоровью людей, как алкоголь. 
__
— Тысячи погибают от несчастных случаев в состоянии опьянения, у миллионов развиваются хронические заболевания. Страдают желудок, печень, почки, репродуктивная система. Конечно же, сердце, — сказал главный внештатный кардиолог Минздрава России.__

Почти **все существующие болезни сердечно-сосудистой системы** можно получить в результате длительного употребления алкоголя: 

🔴 артериальную гипертонию;
🔴 застойную сердечную недостаточность;
🔴 мерцательную аритмию;
🔴 внезапную сердечную смерть;
🔴 инсульт и многое другое. 

И это далеко не полный перечень, подчеркнул Сергей Бойцов: 

🔴 Для развития алкогольной кардиомиопатии достаточно в течение нескольких лет регулярно выпивать по 90 мл этанола — это бутылка вина, 225 мл водки или два литра пива⬇️

__— Болезнь обусловлена прямым токсическим действием этанола на кардиомиоциты и характеризуется длительным бессимптомным течением, из-за чего ее легко пропустить, а потом будет поздно, — сказал он.__

🔴 Алкоголь вызывает нарушения сердечного ритма (мерцательная аритмия), которые сами по себе повышают риск сосудистых катастроф.

🔴 Систематическое потребление алкоголя является одним из основных факторов риска развития артериальной гипертонии.

🔴 Алкоголь увеличивает вероятность ишемической болезни сердца, инфаркта миокарда и тяжёлых сердечно-сосудистых событий в долгосрочной перспективе. 

__— Практически все эти негативные эффекты усиливаются при курении, ожирении и других сопутствующих факторах, что мы зачастую и наблюдаем в жизни, — подчеркнул эксперт.__

📌 В особой категории риска — трудоспособные мужчины. 

__— Именно они должны сократить или отказаться от алкоголя в первую очередь, — заключил Сергей Бойцов.

__💬 [Получить MAXимум пользы для здоровья](https://max.ru/minzdrav_ru)__

__#ЗдоровьеВПриоритете",14227,100,3,minzdrav_ru
13880,2026-01-29T11:12:07+00:00,"👨‍⚕️ **Врачи Калужской области спасли женщину с тяжелым заболеванием сердца**

60-летняя пациентка поступила в Калужскую областную клиническую больницу с острым инфарктом миокарда, осложненным кардиогенным шоком (снижение кровоснабжения тканей).

⚡️ Проведение операции под наркозом представляло высокий риск. Установка стентов также сопровождалась серьёзной угрозой — в любой момент могла произойти остановка сердца.

Тогда врачи подключили пациентку к **аппарату ЭКМО** (экстракорпоральная мембранная оксигенация). 

💡 Это система, которая временно заменяет работу сердца и лёгких. 

Пока аппарат поддерживал жизненные функции, хирурги безопасно установили стенты и восстановили кровоток. 

❤️ Операция прошла успешно. Женщина чувствует себя хорошо и готовится к выписке. 

💬 [Получить MAXимум пользы для здоровья](https://max.ru/minzdrav_ru)

#МедицинаРегионов",5138,12,0,minzdrav_ru
13879,2026-01-29T06:04:55+00:00,"🩻 **Челябинские врачи удалили злокачественную опухоль мягких тканей голени у 72-летней женщины  **

Женщина поступила в Челябинский областной клинический центр онкологии и ядерной медицины с новообразованием в мягких тканях правой голени. 

➡️ В ходе обследования врачи выявили злокачественную опухоль мягких тканей 4 см, проросшую в большеберцовую кость. Консилиум врачей принял решение об удалении опухоли.  

__— В ходе операции мы удалили опухоль мягких тканей и пораженный участок большеберцовой кости. Для восстановления костного дефекта мы использовали аутотрансплантат — фрагмент кости, взятый из крыла правой подвздошной кости, — рассказал онколог отделения опухолей кожи, костей и мягких тканей Челябинского областного клинического центра онкологии и ядерной хирургии Дмитрий Кровяков. __

❤️ Операция прошла успешно, сейчас женщина чувствует себя хорошо. По результатам контрольных обследований признаков локального рецидива и прогрессирования заболевания не выявлено.

💬 [Получить MAXимум пользы для здоровья](https://max.ru/minzdrav_ru)

#МедицинаРегионов",6099,16,10,minzdrav_ru
13875,2026-01-28T15:35:02+00:00,"Сегодня среда, а значит... #НаучнаяСреда

🔬 **В Самарском ГМУ Минздрава России разработали тест-систему для быстрого выявления перипротезной инфекции**

В Самарском государственном медицинском университете Минздрава России ученые создали экспресс-тест для диагностики одного из наиболее тяжелых осложнений, которое может возникать после эндопротезирования сустава.

💡 Тест-система — это отечественная разработка, которая значительно дешевле и доступнее импортных аналогов. Она позволяет в разы сократить время на постановку диагноза. Специалисты уже оценили результаты опытных образцов.

↪️ `Принцип работы тест-системы:`

🔴 при подозрении на инфекцию врач берет пункцию густой эластичной массы, заполняющей полость сустава (синовиальной жидкости);
🔴 образец помещается в пробирку со специальными реагентами;
🔴 при наличии инфекции ферменты лейкоцитов взаимодействуют с реактивами, вызывая изменение цвета жидкости уже через 2-3 минуты.

__— Нашей первой задачей было использовать для тест-системы доступные и недорогие компоненты, второй — разработать именно экспресс-диагностику, чтобы уже через 2-3 минуты врач мог сделать вывод о наличии инфекции, — отметил медицинский микробиолог, заведующий лабораторией молекулярной патологии Самарского ГМУ Минздрава России Андрей Козлов.__

💬 [Получить MAXимум пользы для здоровья](https://max.ru/minzdrav_ru)

#БудущееМедицины
#МедицинскаяНаука",5784,18,1,minzdrav_ru
13874,2026-01-28T13:06:11+00:00,"👩‍⚕️ **«Мой выбор был осознанным»: история молодого врача из Брянской области**

Акушер-гинеколог Яна Косова родилась в Москве и окончила Российский университет медицины Минздрава России по специальности «Лечебное дело». Ординатуру будущий врач проходила в НМИЦ акушерства, гинекологии и перинатологии им. ак. В.И. Кулакова Минздрава России.

Сегодня Яна Косова работает акушером-гинекологом в Жуковской межрайонной больнице Брянской области.

Врач отметила, что осознанно отнеслась к выбору будущей профессии.

__— Я всегда стремилась к профессии, которая будет сочетать в себе интеллектуальный вызов, практическую деятельность и реальную помощь людям. Медицина, а в особенности акушерство и гинекология, идеально отвечает этим критериям, — рассказала она.__

➡️ По её мнению, акушерство и гинекология уникальны тем, что позволяют не только лечить, но и заниматься профилактикой и просвещением, помогать сохранять репродуктивное здоровье и участвовать в рождении здорового поколения.

📌 Место работы в Жуковской межрайонной больнице также выбрано неслучайно.

__— Я проходила здесь стажировку и была впечатлена высоким уровнем организации работы и квалификацией коллег, — отметила она.__

➡️ Помимо основной работы, врач совмещает медицинскую практику с тренерством по грудничковому плаванию.

__— Видеть, как малыши от первых робких бултыханий переходят к уверенным плавательным движениям, а родители светятся от счастья, — это ни с чем не сравнимое чувство, — сказала врач.__

💬 Будущим коллегам молодой специалист советует не бояться задавать вопросы старшим врачам, совмещать теорию с практикой и с первых дней работы учиться беречь свои силы и находить время для отдыха.

💬 [Получить MAXимум пользы для здоровья](https://max.ru/minzdrav_ru)

#МедицинаРегионов",5480,16,5,minzdrav_ru
13872,2026-01-28T10:30:53+00:00,"👨‍⚕️ **Новгородские врачи провели операцию на сердце 72-летнему пациенту с помощью высокотехнологичного отечественного оборудования**

72-летний житель Великого Новгорода обратился в поликлинику с жалобами на перебои в работе сердца.

➡️ Обследование, включая ЭКГ и УЗИ, показало необходимость срочной установки кардиостимулятора. Операцию провели специалисты из Новгородской областной клинической больницы.

↪️ Ключевым фактором стала установка новой передвижной С-дуги — высокотехнологичного рентгеновского аппарата отечественного производства:

🔴 аппарат предоставляет несколько методов диагностики: рентгеноскопию, рентгенографию и ангиографию. Он позволяет детально визуализировать сосуды и структуры сердца во время операции;
🔴 качество изображения в высоком разрешении помогает рассмотреть мельчайшие объекты, что повышает точность вмешательства и снижает риски для пациента. 

__— Дополнительные возможности для оказания специализированной помощи позволяют увеличить объемы и сократить время ожидания плановых операций, — отметил сердечно-сосудистый хирург Новгородской областной клинической больницы Вадим Крот.__

❤️ Операция прошла успешно, пациент чувствует себя хорошо.

💬 [Получить MAXимум пользы для здоровья](https://max.ru/minzdrav_ru)

#Модернизация
#МедицинаРегионов",5413,10,0,minzdrav_ru
13871,2026-01-28T07:13:50+00:00,"🩺 **В Курской области расширили проект по подготовке будущих родителей**

На базе Курского областного перинатального центра пятый год подряд запускается проект «Школа МамПап». Для будущих мам была разработана специальная программа с очными консультациями врачей, а с 2025 года в программу курса добавлена тема партнёрских родов, и к занятиям стали присоединяться будущие отцы. В прошлом году почти 1 тыс. человек стали выпускниками школы, это самое большое количество с момента её запуска. 

↪️ Более 80% родителей, прошедших обучение в «Школе МамПап», испытывали меньше тревоги и страха от начала схваток до выписки из перинатального центра, чем родители, которые предпочли иной способ подготовки к родительству.

Также на безе Областного перинатального центра функционируют «Школа подготовки к беременности» и «Школа репродуктивного здоровья подростков». Мероприятия по охране материнства и детства реализуются в рамках нацпроекта «Семья».

💬 [Получить MAXимум пользы для здоровья](https://max.ru/minzdrav_ru)

#МедицинаРегионов",5833,13,0,minzdrav_ru
13868,2026-01-27T17:03:00+00:00,"👨‍⚕️ **Два новых врача пополнили коллектив Ташлинской районной больницы в Оренбургской области**

Штат хирургического отделения Ташлинской районной больницы пополнили сразу два врача-стажера. Молодые специалисты уже приступили к работе под руководством наставников.

➡️ Среди новых кадров — хирурги Бауржан Сармутдинов и Денис Курмакаев. Привлечь специалистов к работе в медучреждении помог региональный проект «Модернизация первичного звена здравоохранения» нацпроекта «Продолжительная и активная жизнь».

🔴 Один из них — хирург Бауржан Сармутдинов, уроженец села Саратовка. После окончания Оренбургского ГМУ Минздрава России он прошел ординатуру в Оренбургской областной клинической больнице им. В.И. Войнова под руководством опытного наставника.

🔴 Второй новый специалист — хирург Денис Курмакаев. Выпускник того же вуза, он также окончил ординатуру по специальности «Хирургия» и сознательно выбрал работу в сельской местности.

__— Я стремлюсь помогать там, где это особенно востребовано. Работа в районной больнице дает уникальный опыт и возможность быть по-настоящему полезным людям, — отмечает Денис Курмакаев.__

💬 [Получить MAXимум пользы для здоровья](https://max.ru/minzdrav_ru)

#МедицинаРегионов",7099,16,4,minzdrav_ru
13860,2026-01-27T14:11:26+00:00,"🧧 **На передовой медицины: воспоминания советского травматолога-ортопеда**__
__ 
Владимир Вайнштейн проработал 47 лет в Ленинградском институте травматологии и ортопедии (ныне НМИЦ травматологии и ортопедии им. Р. Р. Вредена Минздрава России) с 1931 года. 

➡️ С 1934 по 1950 годы он заведовал отделением неотложной травмы, вместе с тем в годы Великой Отечественной войны был ведущим хирургом 750-коечного ленинградского госпиталя №2011 — для раненных в крупные суставы.
**
**Профессор Владимир Вайнштейн оставил после себя очерки о Великой Отечественной войне, жизни Ленинграда в период блокады и труде сотрудников Ленинградского института травматологии и ортопедии в это сложное для всей страны время. 

Смотрите в наших карточках отрывки из воспоминаний советского травматолога-ортопеда ⬆️

❤️ Эти строки и снимки — свидетельства того, как в самые тяжелые времена люди находили силы для подвига.

💬 [Получить MAXимум пользы для здоровья](https://max.ru/minzdrav_ru)

**27 января — День полного освобождения Ленинграда от фашистской блокады**",9103,24,2,minzdrav_ru
13859,2026-01-27T13:06:36+00:00,"🩸 **#ПростыеПравила****: Как плазма крови становится лекарством**

Об этом рассказала главный внештатный трансфузиолог Минздрава России Татьяна Гапонова.

**Плазма крови** — главное сырьё для производства жизненно важных препаратов, необходимых для лечения пациентов с врожденным дефицитом факторов свертывания крови, восполнения дефицита жизненно важных белков, лечения кровотечений и тромбозов.
 
В**ажные белки плазмы крови для поддержания сосудов:**

🔴 **Альбумин** — необходим при массивных кровотечениях, ожогах, шоках, инфекционных заболеваниях и злокачественных новообразованиях;
🔴 **Факторы свертывания крови** — вещества в плазме, обеспечивающие свертывание крови. Необходим для производства лекарств для лечения пациентов с врожденным дефицитом факторов и риском кровотечений.
🔴 **Иммуноглобулины** — это антитела, которые защищают организм от вирусов и бактерий. Они используются для лечения тяжелых инфекционных заболеваний, сепсиса, иммунодефицитов, аутоиммунных расстройств и осложнений после трансплантации органов и тканей.
 
__— Изготовление иммуноглобулина — сложный многоступенчатый процесс. Плазму крови от нескольких доноров смешивают, особым образом обрабатывают при низкой температуре и в результате выделяют очищенные иммуноглобулины, — рассказала эксперт. __
 
**Ключевые преимущества отечественного производства препаратов**:

➡️ Гарантирует независимость от поставок и обеспечивает бесперебойную доступность жизненно необходимых препаратов;
➡️ Обеспечивает высокое качество и безопасность: каждая единица донорской плазмы проходит многоэтапный строгий контроль. Это делает препараты не только эффективными, но и безопасными как для переливания, так и для фармацевтического производства;

💬 [Получить MAXимум пользы для здоровья](https://max.ru/minzdrav_ru)

#ЗдоровьеВПриоритете",9952,56,0,minzdrav_ru
13853,2026-01-27T10:33:34+00:00,"👨🏻‍⚕️ **#ИсторияМедицины****: Как ленинградские медики спасали жизни в условиях блокады**

Блокада Ленинграда — одна из самых трагичных и героических страниц в истории нашей страны. 872 дня город находился в вражеской осаде.

👩🏻‍⚕️ Знаете ли вы, что в этих нечеловеческих обстоятельствах, под обстрелами и в условиях катастрофического голода, врачам удавалось сдерживать сдерживать целые эпидемии и выхаживать младенцев весом 650 граммов? 

👩‍⚕️ Врачи противостояли настоящей гуманитарной катастрофе из-за скученности населения, недоедания и разрухи:

🎥 В конце 1942 года детские консультации и поликлиники объединили в единую службу под руководством главного детского врача города. Это позволило централизованно отслеживать заболеваемость и проводить тотальную вакцинацию.
🎥 В условиях отсутствия ресурсов медики наладили производство витаминного настоя из хвои, добывали льняное масло, разрабатывали заменители пищи и организовали единственную в городе молочно-пищевую станцию, выпускавшую тысячи порций для детей ежедневно.
🎥 Даже в самый голодный период врачи строго соблюдали санитарные стандарты мирного времени: при вспышках кори и скарлатины соблюдался режим изоляции.

❤️‍🩹 В результате уже к 1944 году младенческая смертность практически вернулась к довоенному уровню. Ленинградской медицине удалось предотвратить кризис, который мог привести к неконтролируемым эпидемиям и массовой гибели населения. 

💬 [Получить MAXимум пользы для здоровья](https://max.ru/minzdrav_ru)",23975,84,0,minzdrav_ru
13843,2026-01-27T05:31:22+00:00,"🏥 **Михаил Мурашко с рабочей поездкой посетил Белгородскую область**

Министр здравоохранения РФ Михаил Мурашко совместно с губернатором Белгородской области Вячеславом Гладковым ознакомился с работой медицинских организаций региона. 

➡️ В ходе визита министр  посетил Шебекинскую центральную районную больницу и Белгородскую областную клиническую больницу. Он осмотрел профильные отделения, принял участие в консилиумах, а также проверил организацию контроля ведения пациентов.

__— Мы фактически ежедневно видим работу медицинских работников, знаем о каждом пострадавшем. Сегодня выстроена система информирования о наращивании усилий. Именно маршрутизация пациентов в профильные медицинские организации выстроена на достойном и высоком уровне, — сказал он. __

Кроме того, Михаил Мурашко оценил ход строительства нового корпуса Городской больницы №2 г. Белгорода, завершения капитального ремонта Поликлиническое отделение №7 городской поликлиники г. Белгорода, а также возведение модульной конструкции приемного отделения Детской областной клинической больницы.

__— Оборудование в модульное приемное отделение уже закуплено,  идут отделочные работы, монтаж вентиляции. Надеемся, что в первом квартале эти работы будут завершены, потому что это новый подход, в принципе, к организации именно помощи пациентам в экстренных ситуациях, неотложных ситуациях, — сказал он.__

Ещё один серьёзный проект — это строительство нового корпуса больницы скорой медицинской помощи. 

__— Это уже такой глобальный проект. В нём будут использованы самые новейшие технологии на сегодняшний день для менее инвазивных вмешательств, для быстрой диагностики, — сказал министр.__

Все проекты реализуются в установленные сроки. Особое внимание уделяется цифровой трансформации.

__— Используются здесь и  бережливые технологии, технологии, повышающие производительность труда. Это сокращает время ожидания приема, это комфортность записи, — сказал он.__

📌 Он также отметил роль мессенджера МАХ как часть блока цифровой трансформации.

__— Мы буквально последние два с половиной месяца используем мессенджер МАХ именно как коммуникацию, интегрируя его в медицинские информационные системы для того, чтобы не тратить время на переезды там, где можно провести удаленную консультацию с помощью видеомессенджера, — сказал министр. — Сегодня этот проект начал реализовываться, и отклики специалистов хорошие__.

↪️ **Длительная и качественная реабилитация участников СВО и ветеранов боевых действий**__
__
💬 Глава Минздрава России встретился с ранеными военнослужащими, проходящими лечение в медицинских организациях региона, и дал соответствующие поручения, направленные на оказание дополнительной помощи.

Михаил Мурашко напомнил, что сегодня в нашей стране реализуется федпроект «Оптимальная для восстановления медицинская реабилитация», в рамках которого совершенствуется медицинская помощь по этому профилю.

__— И особенно раздел реабилитации в программе государственных гарантий выделен для участников СВО, поскольку именно для них зачастую требуется более длительный период реабилитации, привлечение большего количества ресурсов, а иногда — сочетание стационарного и амбулаторного этапов лечения, — отметил министр.__

Дополнительно министр осмотрел стоматологический комплекс для участников СВО — специалистами осуществлено 20 командировок, в ходе которых медицинскую помощь получили 5,2 тыс. пациентов. Работа в данном направлении будет продолжена.

↪️ **Эффективная профилактика — залог здоровья будущих поколений**

Отдельное внимание в ходе визита было уделено обсуждению концепции индивидуального трека здоровья для детей Белгородской области.

💬 [Получить MAXимум пользы для здоровья](https://max.ru/minzdrav_ru)

#Модернизация 
#МедицинаРегионов",5419,11,3,minzdrav_ru
13832,2026-01-26T17:06:25+00:00,"👨‍⚕️ **Врачи Запорожской области спасли мужчину, страдающего от четырех тяжелых сердечно-сосудистых заболеваний 
**
57-летний пациент поступил в стационар Регионального сосудистого центра Бердянской центральной районной больницы по направлению участкового врача с жалобами на одышку, боли в области сердца и отечность голеней. 

Обследование подтвердило целый ряд серьезных сердечно-сосудистых заболеваний: 

🔴 растяжение и ослабление сердечной мышцы (дилатационная кардиомиопатия);
🔴 ишемическая болезнь сердца;
🔴 боли в груди при физической нагрузке (стенокардия напряжения);
🔴 образование рубцовой ткани после перенесённого сердечного приступа (постинфарктный кардиосклероз).

➡️ После тщательной диагностики коронарных сосудов и венозной системы сердца врачи приняли решение о проведении операции.

Пациенту одновременно имплантировали три электрода: один в правом желудочке, второй в правом предсердии и третий в коронарном синусе. Операция длилась два часа под постоянным эхокардиографическим контролем.

📌 Рентгенхирург Сесар Виктор Дуран, участвовавший в хирургическом вмешательстве, пояснил, что такая терапия применяется в случаях, когда стандартное медикаментозное лечение сердечной недостаточности не дает желаемого эффекта. 
__
— Этот метод лечения является одним из современных подходов к борьбе с сердечной недостаточностью. С прошлого года он доступен жителям Запорожской области в Региональном сосудистом центре Бердянской центральной районной больницы. Операция и все обследования проводятся абсолютно бесплатно, — подчеркнул Сесар Виктор Дуран.__

❤️ Сейчас пациент чувствует себя хорошо и готовится к выписке.

💬 [Получить MAXимум пользы для здоровья](https://max.ru/minzdrav_ru)

#МедицинаРегионов",8878,39,0,minzdrav_ru
13826,2026-01-26T15:37:27+00:00,"🏥 **В Алтайском крае открылась новая поликлиника 
**
В регионе завершилось строительство поликлиники Алейской центральной районной больницы на 450 посещений в смену.

🔬 Медучреждение оснащено почти 2,5 тыс. ед. медицинского оборудования, включая флюорограф, рентген-аппарат и компьютерный томограф.

👨‍⚕️ В поликлинике уже приступили к работе специалисты разных профилей, в том числе дерматолог, хирург, уролог, ЛОР, онколог.

📌 Отметим, что в 2025 году в регионе ввели в эксплуатацию 28 фельдшерско-акушерских пунктов, три врачебные амбулатории и новую поликлинику в Ребрихинском районе.

💬 [Получить MAXимум пользы для здоровья](https://max.ru/minzdrav_ru)

#Модернизация",5128,9,1,minzdrav_ru
13825,2026-01-26T13:21:07+00:00,"🩸**#ПростыеПравила****: Как подготовиться к сдаче плазмы крови**

Об этом сообщила главный внештатный трансфузиолог Минздрава России Татьяна Гапонова.

Плазма крови — это жидкая часть крови, содержащая десятки белков и жизненно важных веществ, которые невозможно синтезировать искусственно, об этом рассказала главный внештатный трансфузиолог Минздрава России Татьяна Гапонова.

**За 2–3 дня до донации:**

🔴 Исключить алкоголь;
🔴 Исключить лекарства, содержащие аспирин и анальгетики.

**За 24 часа до донации:**

🔴 Избегать жирной, жареной, острой и копченой пищи;
🔴 Не употреблять колбасные изделия, мясо, рыбу, жирные молочные продукты, яйца;
🔴 Убрать из рациона шоколад, орехи, финики, авокадо, свеклу, бананы;
🔴 Отказаться от курения;
🔴 Обеспечить здоровый сон.

**В день сдачи донации:**

➡️ Прийти отдохнувшим и в хорошем самочувствии;
➡️ Легко перекусить перед процедурой;
➡️ Обильно пить воду или чай за 2 часа до донации.

❗️ **Временные противопоказания к сдаче плазмы крови: **

🔴 ОРВИ, грипп, ангина: 1 месяц после выздоровления;
🔴 Прием антибиотиков: 2 недели после окончания приема;
🔴 Прием анальгетиков: 3 дня после приема;
🔴 Прививки: от 10 дней до 1 года;
🔴 Татуировки, пирсинг: 4 месяца;
🔴 Контакт с инфицированными больными (гепатитом В или С, сифилисом, болезнью, вызванной вирусом иммунодефицита человека (ВИЧ-инфекция): за последние 4 месяца;
🔴 Вес менее 50 кг.

❌ **Абсолютные противопоказания к сдаче плазмы крови: **

🔴 ВИЧ;
🔴 Гепатиты B и C;
🔴 Сифилис;
🔴 Злокачественные новообразования;
🔴 Инвалидность I или II группы;
🔴 Сердечно-сосудистые заболевания.

💬 [Получить MAXимум пользы для здоровья](https://max.ru/minzdrav_ru)

#ЗдоровьеВПриоритете",17149,64,5,minzdrav_ru
13824,2026-01-26T11:05:03+00:00,"👨‍⚕️ **Воронежские врачи спасли шестидневного малыша с врожденным пороком развития кишечника**

В Воронежскую областную детскую клиническую больницу №1 поступил шестидневный мальчик,у которого врачи выявили большую кисту в брюшной полости. Это редкий врождённый порок — кистозное удвоение слепой кишки, частично блокировавшее кишечник.

➡️Специалисты выявили большую кисту брюшной полости на УЗИ плода в третьем триместре беременности. Тогда врачи оценили риски и спланировали хирургическую тактику. 

После предоперационной подготовки врачи выполнили младенцу л**апароскопическую ревизию брюшной полости**. Они определили значительное увеличение слепой кишки в размерах и наличие в её просвете плотного, «несмещаемого» образования. 

💡 **Лапароскопическая ревизия брюшной полости**  — малоинвазивное вмешательство, которое позволило осмотреть органы.

Далее специалисты выполнили ещё ряд манипуляций, в том числе удалили тонко-толстокишечный переход с аппендиксом. Таким образом, в первые 2,5 недели жизни новорождённому ребёнку полностью ликвидировали сложный порок развития кишечника.

❤️ Сейчас малыш чувствует себя хорошо, его выписали домой. 

💬 [Получить MAXимум пользы для здоровья](https://max.ru/minzdrav_ru)

#МедицинаРегионов 
#ЗдоровьеДетей",5551,17,4,minzdrav_ru
13821,2026-01-26T10:04:01+00:00,"**⚡️ Запорожская область: беспилотник украинских националистов атаковал скорую помощь в Васильевске**

Медики на скорой доставляли пациента в больницу. 

Вероломная атака была совершена на въезде автомобиля скорой в медицинскую организацию. В результате атаки беспилотника ранен водитель скорой помощи. Его состояние оценивают как средней степени тяжести. Медицинская помощь ему оказана в полном объеме. 

Автомобили скорой помощи и медицинские объекты регулярно становятся целями ВСУ. 

Уверены, что киевский режим ответит за все преступления.",6442,21,0,minzdrav_ru
13820,2026-01-25T15:06:06+00:00,"🤩 **Тульские врачи спасли 83-летнюю пациентку после инсульта**

Женщина поступила в Региональный сосудистый центр Тульской областной клинической больницы с острым нарушением мозгового кровообращения. Врачи экстренно приступили к современной медикаментозной терапии, направленной на восстановление кровотока и защиту клеток мозга.

➡️ Специалисты стабилизировали критическое состояние пациентки. Положительная динамика была отмечена уже на этапе лечения – у женщины началось восстановление движения в парализованных конечностях.

Сейчас пациентка находится на втором этапе реабилитации в отделении для пациентов с нарушением функции центральной нервной системы. Здесь ей предстоит пройти комплексную программу восстановления под руководством мультидисциплинарной команды, в состав которой входят врачи-реабилитологи, физиотерапевты, эрготерапевты, логопеды, психологи и медицинские сестры.

__— Реабилитация после инсульта – это важный этап восстановления. В отделении медицинской реабилитации для пациентов с нарушением функции центральной нервной системы созданы все условия для комплексного восстановления утраченных навыков. Индивидуально разработанные программы, современные тренажеры и опытные специалисты помогают пациентам вернуться к полноценной жизни, — подчеркнул главный невролог Тульской области Алексей Черкашин.__

💬 [Получить MAXимум пользы для здоровья](https://max.ru/minzdrav_ru)

#МедицинаРегионов",7160,13,10,minzdrav_ru
13819,2026-01-25T14:26:03+00:00,"👨🏻‍🎓🧑🏼‍🎓 **С Днём российского студенчества!**

Студенческие годы — это уникальное время, когда закладывается прочный фундамент мастерства, формируется личность врача, фармацевта, ученого. 

🧷 Система подготовки кадров последовательно совершенствуется: внедряются программы развития молодёжной политики, расширяется практико-ориентированное обучение, симуляционные технологии и наставничество.

Важную роль играет медицинское волонтёрство — вклад в общественное благополучие, развитие социальной ответственности и профессионального становления молодёжи. Участие в добровольческих движениях и помощь тем, кто в этом нуждается, формируют гражданственность и готовность принимать ответственные решения.

💌 Команда Минздрава России желает вам неугасающей жажды знаний, блестящих достижений и, конечно же, крепкого здоровья — вам и вашим близким!

Включайте видео с фактами о студентах-медиках и делитесь своими историями в комментариях  ⬇️

❤️ А всем Татьянам в этот день — традиционно — отдельные поздравления!

💬 [Получить MAXимум пользы для здоровья](https://max.ru/minzdrav_ru)",17607,43,2,minzdrav_ru
13814,2026-01-25T07:02:27+00:00,"**💌 Будущим врачам — от наставников**

Студенческие годы — это время первых профессиональных шагов, поиска себя и формирования ценностей, которые остаются с нами на всю жизнь. Именно в этот период будущие врачи встречают своих первых наставников — старших коллег, чей пример, мудрость и безграничная преданность делу помогают по-настоящему влюбиться в медицину и пронести эту страсть через весь профессиональный путь.

➡️ Ко Дню российского студенчества главные внештатные специалисты Минздрава России поделились своими советами и словами поддержки для тех, кто сегодня делает первые шаги в профессии. Их опыт, знания и личные ориентиры — важный ресурс для будущих врачей.

❤️‍🩹 Пусть эти рекомендации станут источником вдохновения, уверенности и мотивации на пути к выбранному делу. Учитесь, пробуйте, не бойтесь задавать вопросы и верьте в себя! 

**25 января — День российского студенчества

**💬 [Получить MAXимум пользы для здоровья](https://max.ru/minzdrav_ru)",50735,144,2,minzdrav_ru
13811,2026-01-24T15:05:50+00:00,"💬 **Врачи провели операцию двухлетнему малышу с двойной патологией **

В Детскую городскую больницу №1 Санкт-Петербурга поступил двухлетний пациент. Мальчик страдал от редкого сочетания двух тяжелых патологий: врожденного порока сердца (дефекта межпредсердной перегородки) и воронкообразной деформации грудной клетки. 

__— Традиционный подход при таком варианте сочетания двух заболеваний предполагает первым этапом выполнения кардиохирургического вмешательства, а затем, через некоторое время, вторым этапом проведения коррекции ортопедической патологии, — отметил директор НМИЦ детской травматологии и ортопедии им. Г.И. Турнера Минздрава России Сергей Виссарионов.__

➡️ Вместо двух тяжелых многочасовых операций и нескольких месяцев реабилитации врачи Детской городской больницы №1 выполнили коррекцию сердца — пластику дефекта межпредсердной перегородки, а специалисты из НМИЦ детской травматологии и ортопедии им. Г.И. Турнера Минздрава России установили уникальную телескопическую систему, разработанную в центре.

Это «растущий» имплант, который позволяет отказаться от повторных операций по замене конструкции. Система будет адаптироваться к росту ребенка, обеспечивая правильное положение грудной клетки и оптимальные условия для работы сердца.

❤️ Сейчас маленький пациент чувствует себя хорошо. Он выписан домой и находится под наблюдением специалистов. 

💬 [Получить MAXимум пользы для здоровья](https://max.ru/minzdrav_ru)

#ЗдоровьеДетей",5748,13,8,minzdrav_ru
13809,2026-01-24T13:26:36+00:00,"💬 **Министр здравоохранения РФ Михаил Мурашко подвел итоги работы медорганизаций в новогодние праздники

**Министр здравоохранения РФ Михаил Мурашко провел заседание оперативного штаба с участием регионов, на котором были подведены итоги работы медицинских организаций в период новогодних праздников.

__— В соответствии с поручением Минздрава России было обеспечено дежурство врачей в праздникии оказании медицинской помощи пациентам. Также оперативно были осуществлены медицинские консультации, организована работа по ежедневному мониторингу пациентов, обратившихся за медицинской помощью. Ключевой задачей в этот период была поддержка полной готовности медицинской инфраструктуры к оказанию всех видов помощи населению. Региональные системы здравоохранения показали высокую степень готовности реагирования 
на чрезвычайные ситуации, оказывая своевременную медицинскую помощь, — сказал он.**

**__➡️ Министр отметил, что ФЦМК Минздрава России организовал ежедневный мониторинг обращений и обеспечил оперативное проведение телемедицинских консультаций.__

__Специалисты провели более 3,8 тыс. телемедицинских консультаций, что позволило улучшить исходы лечения пациентов, особенно в тяжелом состоянии. __

__📌 При совместном анализе с аналитическим центром МВД было выявлено, что общее количество дорожно-транспортных происшествий составило 2,6 тыс. 

Это меньше, чем в прошлом году за аналогичный период, но при этом увеличилось число тяжелых ДТП с пострадавшими, которые относятся к категории чрезвычайных ситуаций, уточнил Михаил Мурашко.__

— К большому сожалению, выросло и число пострадавших детей. В регионах с аномально низкими температурами увеличилось количество пожаров, и, к сожалению, как следствие — выросло также число пострадавших и погибших в них, — сказал Михаил Мурашко.

__💭 Регионам направлено поручение о необходимости проанализировать исходы по каждому случаю ДТП и других чрезвычайных происшествий, включая пожары, добавил министр.__

__По словам главы Минздрава России, крайне важно проводить профилактические мероприятия с целью снижения травматизма и снижению количества чрезвычайных ситуаций.__

— Сейчас еще в большом количестве регионов низкие температуры и идут снегопады. В случае ухудшения погодных условий__ __необходимо обеспечивать готовность медицинских служб, доступность для доезда скорой медицинской помощи и прилегающих территорий возле больниц, оказывающих экстренную помощь, в том числе родильных домов, детских стационаров, — сказал он.

__➡️ Также министр напомнил о недопустимости ослабления профилактической работы, направленной на формирование ответственного отношения граждан к своему здоровью.

💬 [Получить MAXимум пользы для здоровья](https://max.ru/minzdrav_ru)

#ЗдоровьеВПриоритете",7023,18,2,minzdrav_ru
13804,2026-01-24T11:06:11+00:00,"🗒 **#ИсторияМедицины****: Смелый эксперимент, изменивший медицинское образование в России**

Знаете ли вы, что уникальная система клинического образования, позволившая России готовить врачей высшего класса, родилась как смелый эксперимент в середине XIX века?

🏫 Столкнувшись с необходимостью единого стандарта, Временный медицинский комитет внедрил новую модель подготовки специалистов, которую апробировали в Московском университете.

🗒 Три ключевых принципа успеха модели:

🎥 Поэтапность — обучение разделили на три логических ступени: от основ диагностики у постели больного через искусство постановки диагноза до самостоятельной работы в госпитале;
🎥 Клиническое мышление — студентов учили не просто запоминать болезни, а анализировать симптомы и общаться с пациентами;
🎥 Элитность и наука — целью эксперимента стало создание не просто лечебных учреждений, а мощных клинических баз, где рождаются научные школы и врачи-исследователи.

📈 Результат превзошел ожидания. Выпускники Московского университета показали такой уровень подготовки, что эту систему распространили на все университеты России в 1863 году. 

Медицинским факультетам российских университетов удалось избежать кризиса, затронувшего высшие медицинские школы стран Европы, когда образование стало излишне академичным и кабинетным и сильно отдалилось от практики. 

Больше интересных фактов смотрите в наших карточках 🖼

**24 января — Международный день образования**

💬 [Получить MAXимум пользы для здоровья](https://max.ru/minzdrav_ru)",12796,60,2,minzdrav_ru
13802,2026-01-23T17:56:16+00:00,"**👶 В ДНР спасли недоношенного малыша с врожденным пороком сердца **

Ребенок родился на 25 неделе с массой тела 750 граммов. Врачи диагностировали у него **открытый артериальный проток.

**💡 **Открытый артериальный проток **— порок сердца, при котором кровеносный сосуд, соединяющий аорту и лёгочную артерию у плода (артериальный проток), не закрывается после рождения, как это должно происходить у здорового ребёнка.

➡️ Когда малышу исполнился 1 месяц и его вес достиг 1050 граммов, врачи Донецкого Республиканского Перинатального Центра им. проф. В. К. Чайки приняли решение о проведении операции.

⚡️ Для хирургического вмешательства в ДНР пригласили бригаду специалистов из Областной детской клинической больницы г. Ростова-на-Дону. В условиях отделения реанимации и интенсивной терапии для новорождённых врачи закрыли артериальный проток.

❤️ Операция прошла успешно, сейчас ребёнок чувствует себя хорошо и продолжает набирать вес.

💬 [Получить MAXимум пользы для здоровья](https://max.ru/minzdrav_ru)

#ЗдоровьеДетей",18322,107,4,minzdrav_ru
13801,2026-01-23T14:04:09+00:00,"**👁 Специалисты федерального центра Минздрава России вернули пациенту зрение и возможность заниматься любимым делом **
 
Олег Хоменко — мастер резьбы по дереву. Он создаёт деревянные фигурки, шкатулки, ручки для ножей, которые потом с теплотой дарит друзьям и близким. Его ремесло требует не только фантазии и вдохновения, но и терпения, усидчивости, а главное — отличного зрения.
 
➡️ Почти 40 лет назад, ещё в первый год после открытия Хабаровского филиала НМИЦ МНТК «Микрохирургия глаза» им. С.Н. Фёдорова Минздрава России пациенту провели **радиальную кератотомию**. Однако в прошлом году ему поставили диагноз «катаракта» (помутнение хрусталика глаза).

💡 **Радикальная кератотомия** — микрохирургическая операция, направленная на коррекцию аномалии рефракции.
 
⚡️ На первый взгляд операция по удалению катаракты не казалась сложной — такие процедуры специалисты МНТК выполняют ежедневно и в большом объёме. Но клинический случай осложняла **болезнь Бехтерева**. 

💡 **Болезнь Бехтерева** — воспалительное заболевание, которое поражает суставы позвоночника, постепенно вызывая их сращение (анкилоз) и ограничение движений. 

➡️ Патология сопровождается хронической болью, скованностью и деформацией позвоночника, из-за чего лежать горизонтально становится невозможно. Это и создавало серьезные трудности, поскольку все хирургические вмешательства проходят в положении лёжа.
 
📌 Ранее проведённая кератотомия также осложнила проведение операции — стандартный доступ через белочную оболочку сделать было невозможно. Но, тем не менее, врачу удалось благополучно удалить катаракту, заменив помутневший хрусталик искусственной интраокулярной линзой.
 
__— Я думал, что операция сложная и долгая. А мне сделали маленький надрез, ультразвуком всё раздробили, линзу вставили, чудо просто, я поражен!, — поделился пациент.__
 
❤️ На операцию мужчину сопровождала жена, вместе с которой они уже 50 лет. 

__— Живём душа в душу, занимаемся любимым делом, — сказал пациент. — Хорошо, что я теперь смогу снова вернуться к любимому занятию, нравится мне это.

__💬 [Получить MAXимум пользы для здоровья](https://max.ru/minzdrav_ru)
 
#СетьНМИЦев",5941,14,2,minzdrav_ru
13796,2026-01-23T13:01:33+00:00,"👨‍⚕️ **Михаил Мурашко: Доступность многопрофильной помощи на уровне женской консультации, роддома и перинатального центра определяет безопасность и качество медицинской помощи
**
Министр здравоохранения РФ Михаил Мурашко совместно с мэром Москвы Сергеем Собяниным посетил родильный дом Городской клинической больницы им. В.В. Вересаева, в котором завершился капитальный ремонт.

__— Доступность многопрофильной помощи на уровне женской консультации, родильного дома, перинатального центра — это определяющие успеха, безопасности и качества медицинской помощи, — сказал он.

__Мэр Москвы__ __Сергей Собянин также отметил важность развития инфраструктуры и доступности многопрофильной помощи для матери и ребёнка.

__— Это система нового поколения, которая намного эффективнее оказывает медицинскую помощь для будущих мам и детишек, которые иногда рождаются с серьёзными проблемами. У врачей теперь есть полный спектр предоставления медицинских услуг для того, чтобы эти дети были здоровыми и своевременно получали медицинскую помощь, — сказал он.

____➡️__ Министр здравоохранения РФ подчеркнул, что родильный дом Городской клинической больницы им. В.В. Вересаева полностью отвечает требованиям безопасности матери и ребенка.

__— Мы сейчас прошли по самым критически важным подразделениям: операционным, реанимационным, родильному залу. Начиная с приёмного покоя, всё организовано по принципу безопасности матери и ребёнка. Поэтому высокие стандарты, технологии, подготовка персонала, контроль продукции — всё это в конечном итоге составляет качество медицинской помощи, — пояснил он.
__
↪️ Михаил Мурашко напомнил, что по поручению Президента России в рамках национального проекта «Семья» сегодня реализуется блок федеральных проектов, направленных на поддержку всей системы здравоохранения в сфере охраны материнства и детства.

В рамках федпроекта «Охрана материнства и детства» нацпроекта «Семья» реализуется:**
**
🔴 переоснащение 140 перинатальных центров современным оборудованием для повышения безопасности матери и новорождённого и качества медицинской помощи;
🔴 создание новых женских консультаций в регионах, в том числе с опережающими темпами;
🔴 развитие системы экстренной медицинской помощи детям;
🔴 оснащение медицинских учреждений специализированными мобильными комплексами для проведения медицинских осмотров в организованных детских коллективах и другое.

__➡️__ Михаил Мурашко__ __также отметил важность нового порядка медпомощи по акушерству и гинекологии, который вступил в силу 10 января 2026 года.

__— В нем есть одна новация. Она заключается в обеспечении безопасности женщин в состоянии репродуктивного выбора. Сейчас, когда мы обеспечиваем психологическую поддержку и врачебную помощь, особенно важно, чтобы вся структура, в рамках которой женщина принимает решение о вынашивании беременности, была безопасной. Поэтому новый приказ содержит именно эти требования, которые вступили в силу уже в этом году, — уточнил министр.

__💬[Подписывайтесь на Минздрав России в МАХ](https://max.ru/minzdrav_ru)__

__#ЗдоровьеДетей 
#ЗдоровьеВПриоритете",4743,15,0,minzdrav_ru
13795,2026-01-23T11:04:15+00:00,"👨‍⚕️ **Специалисты федерального центра Минздрава России вернули возможность ходить парализованному подростку
**
В НМИЦ травматологии и ортопедии им. ак. Г. А. Илизарова Минздрава России поступил 13-летний пациент из Перми, который оказался полностью парализован после несчастного случая.

⚡️ Состояние усугублялось редким наследственным заболеванием — синдромом Элерса–Данло.

💡 **Синдром Элерса–Данло **— генетическое заболевание, связанное с нарушением синтеза коллагена. Оно приводит к повышенной растяжимости соединительной ткани, гипермобильности суставов, деформациям позвоночника и высокой уязвимости к травмам.

➡️ Подросток уже наблюдался в НМИЦ травматологии и ортопедии им. ак. Г. А. Илизарова Минздрава России ранее. В 2019 году специалисты клиники выполнили ему многоэтапное хирургическое лечение тяжелой деформации позвоночника. Затем пациент находился под регулярным дистанционным наблюдением врачей.

После травмы ребенка экстренно доставили из Перми в Клинику патологии позвоночника и редких заболеваний на базе центра.

✅ В ходе операции врачи выровняли шейные позвонки, убрали сдавление спинного мозга в области перехода черепа к позвоночнику и надежно зафиксировали первые два шейных позвонка (С1–С2) с помощью специальной металлической конструкции и костного трансплантата.

Для восстановления неврологических функций пациенту также установили временный эпидуральный электрод для стимуляции спинного мозга. 

📝 Реабилитация включала ежедневные занятия лечебной физкультурой под контролем специалистов.

Вскоре мальчик начал ходить со средствами опоры. Чувствительность постепенно вернулась. 

❤️ Сейчас ребёнок чувствует себя хорошо. Контрольный осмотр назначен через три месяца.

💬 [Получить MAXимум пользы для здоровья](https://max.ru/minzdrav_ru)

#СетьНМИЦев",7040,24,0,minzdrav_ru
13794,2026-01-23T06:37:56+00:00,"💬 **Михаил Мурашко: Для активного долголетия формируется новая инфраструктура здравоохранения**

Об этом заявил министр здравоохранения РФ Михаил Мурашко в ходе интервью на телеканале [Россия 24](https://smotrim.ru/article/4881138).

__— При реализации национального проекта «Продолжительная и активная жизнь» наша задача не просто увеличивать продолжительность жизни, но максимально дать возможность человеку, и - главное — еще и научить, как прийти к этому возрасту наиболее здоровым, — заявил он.__

➡️ Министр отметил, что для реализации таких целей формируется специальная инфраструктура. В этом году начались первые поставки оборудования для ядерной медицины, для диагностических процедур в области онкологии, неврологии и кардиологии.

📌 Михаил Мурашко также отметил, что Россия имеет высокие компетенции по производству радиофармацевтических препаратов.
__
— Для улучшения качества диагностики, для улучшения визуализации, сегодня идет поставка специального оборудования, которое позволяет нам добиться этих результатов, — отметил он.__

➡️ Также Михаил Мурашко подчеркнул, что в этом году ведется значительная работа по модернизации подходов по оказанию экстренной помощи.

__— Всего сейчас планируется построить 99 приемных скоропомощных отделений, которые позволяют в кратчайший промежуток времени провести все диагностические процедуры, в том числе провести лечение. А дальше пациент в большинстве своем сразу же выписывается домой, — сказал он.__

💬[Подписывайтесь на Минздрав России в МАХ](https://max.ru/minzdrav_ru)

[#ЗдоровьеВПриоритете](tg://search_hashtag?hashtag=%D0%97%D0%B4%D0%BE%D1%80%D0%BE%D0%B2%D1%8C%D0%B5%D0%92%D0%9F%D1%80%D0%B8%D0%BE%D1%80%D0%B8%D1%82%D0%B5%D1%82%D0%B5)",9283,40,4,minzdrav_ru
13793,2026-01-23T05:32:27+00:00,"🧍‍♂ **Михаил Мурашко: Медицинские организации имеют большой интерес к отечественной медицинской технике**

Об этом заявил министр здравоохранения РФ Михаил Мурашко в ходе интервью на телеканале [Россия 24](https://smotrim.ru/article/4881138).

__— Отечественная промышленность выпускает качественную продукцию, причём создаёт собственные программные алгоритмы, которые позволяют работать на более высоком уровне. Есть даже экспертное оборудование, которое наши федеральные учреждения, поскольку они проводят и научные исследования, берут с большим удовольствием. Импортозамещение продолжается, — отметил министр. __

👇 Также Михаил Мурашко подчеркнул, что одной из новаций в национальном проекте «Продолжительная и активная жизнь» является финансирование создания новых технологических платформ в федеральных медицинских организациях.

__— Мы в том числе ориентировались на поддержку отечественного производства. Если посмотреть по ряду направлений, отечественные производители очень далеко шагнули. Это касается и визуализации, и, например, исследований сердца — активности не только ультразвуковой, но и электрической активности сердца, — рассказал министр.__

Отдельно глава Минздрава России отметил меры государственной поддержки производителей медицинского оборудования, в том числе программы льготного кредитования, которые реализует Минпромторг. Они также включены в новый национальный проект «Новые технологии сбережения здоровья».

В настоящее время уже реализовано несколько успешных проектов производства:

🔴 Самарский ГМУ Минздрава России: создание новых имплантов, в том числе для детей с изменяемой длиной (растущие вместе с ребёнком);
🔴 НМИЦ МНТК «Микрохирургия глаза» им. акад. С.Н. Федорова Минздрава России: производство расходных материалов для офтальмологических операций.

__— Более 70% покупателей медицинских изделий сегодня — это государственные клиники. Через конкурентные закупки, в том числе, формируются меры, которые позволяют отечественному производителю победить и заключить государственный контракт, — подчеркнул он. __

Михаил Мурашко также отметил эффективность централизованных закупок.

__— Централизованные закупки в нашей сегодняшней практике дают в первую очередь экономический эффект. По некоторым позициям произошло снижение цен более чем на 40%. Сэкономленные деньги направляются на реализацию следующих задач и закрытие потребностей, — рассказал он. __

↪️ Министр подчеркнул, что в рамках импортозамещения сегодня в линейке оборудования для оказания экстренной помощи отечественное производство составляет около 85%.

💬 [Получить MAXимум пользы для здоровья](https://max.ru/minzdrav_ru)

#ЗдоровьеВПриоритете",6723,21,1,minzdrav_ru
13792,2026-01-22T17:04:43+00:00,"🔍  **А вы знаете… Как самодиагностировать рак яичек?**

Об этом рассказал уролог Владимир Лекарев на образовательном канале [«Люди в белом»,](https://rutube.ru/shorts/d64848b114cedd73d7379a89fcd698c8/) запущенном на национальном видеохостинге RUTUBE при поддержке Минздрава России.

__— Из всех онкологических заболеваний среди мужчин в возрасте от 25 до 40 лет рак яичек встречается чаще всего, — отметил эксперт. __

⬆️ Для того, чтобы самостоятельно выявить наличие новообразования, необходимо прощупать органы. Также эксперт подчеркнул, что крипторхизм (неопустившееся яичко в раннем возрасте) является одним из факторов риска рака мошонки.

__— Если вы чувствуете уплотнение или плотное образование, то необходимо сразу обратиться к урологу, — подытожил эксперт. __

Подробнее о том, какие еще признаки помогут распознать рак яичек, смотрите в видео 👇

Доверяйте только проверенной информации о здоровье — смотрите проект «Советы врачей» на #RUTUBE

**Подписывайтесь и узнавайте полезную информацию первыми! ****❤️****

**💬 [Получить MAXимум пользы для здоровья](https://max.ru/minzdrav_ru)",10328,62,2,minzdrav_ru
13791,2026-01-22T16:03:12+00:00,"**Михаил Мурашко: Все лекарственные препараты стабильно присутствуют в гражданском обороте**

Об этом заявил министр здравоохранения РФ Михаил Мурашко на совещании Президента России Владимира Путина с членами Правительства РФ по вопросам, заданным гражданами во время специальной программы «Итоги года с Владимиром Путиным». 

__— Важно отметить, что все препараты стабильно присутствуют в гражданском обороте. У нас есть ресурс аналитической витрины правительства, которая агрегирует все данные. Согласно им, текущие запасы превышают трёхмесячный уровень, — дополнил министр. __

По вопросам, направленным гражданами на прямую линию, был проведен подробный анализ. Михаил Мурашко отметил, что одной из интересующих тем стало лекарственное обеспечение:

➡️ Своевременность получения региональных льготных лекарств;
➡️ Приверженность к конкретным торговым наименованиям лекарств. 

__— Хочу подчеркнуть, что торговые наименования всегда имеют аналоги и вопрос эффективности использования бюджетных средств связан с выпиской лекарственных препаратов по международным непатентованным наименованиям__. __Качество их всех проверяется одинаково, и на рынок допускаются только качественные лекарственные препараты, — дополнил министр. __

Также Михаил Мурашко доложил о решении вопроса жителя Краснотурьинска о возможных перебоях в обеспечении лекарствами, озвученный в ходе «Прямой линии».

__— Конкретное обращение жителя Краснотурьинска Минздрав совместно с Росздравнадзором и профильными специалистами проверил и теперь вопрос урегулирован и снят , — рассказал министр.__

Михаил Мурашко отдельно выделил, что разрабатываются меры по повышению физической доступности лекарственных препаратов:

🔴Доступность лекарств в фельдшерско-акушерских пунктах: ФАПы реализуют выдачу лекарственных препаратов на сегодняшний день;
🔴Организация продаж отдельных препаратов через отделения Почты России;
🔴Внедрение мобильных (передвижных) аптек в отдалённых населённых пунктах.

В заключение Михаил Мурашко сообщил по вопросам, связанным с иммунобиологическими препаратами, такими как «иммуноглобулин антирезус», что их введение осуществляется медицинскими работниками в медорганизациях, в связи с чем не отпускаются гражданам в аптеках.

💬 [Получить MAXимум пользы для здоровья](https://max.ru/minzdrav_ru)

#ЗдоровьеВПриоритете",6101,31,4,minzdrav_ru
13790,2026-01-22T14:41:13+00:00,"🍎 **#ПростыеПравила****: Как считать калории для устойчивого снижения веса**

Об этом рассказала руководитель лаборатории изучения и коррекции пищевого поведения НМИЦ терапии и профилактической медицины Минздрава России Софья Елиашевич.

🎯 Начало нового года — отличный повод задуматься не только о целях, но и о точных, научно обоснованных методах их достижения. Когда речь идет о здоровье и коррекции веса, одним из самых эффективных инструментов остается осознанный подсчет калорий.

__— Понимание закона энергетического баланса — первый шаг к устойчивому результату. Для снижения веса необходимо создать контролируемый дефицит, когда организм тратит больше энергии, чем получает с пищей, — отметила эксперт.__

🥬 Вместо субъективных ощущений и догадок лучше опираться на точные цифры. Практика показывает, что мы часто недооцениваем калорийность своего рациона на 20-30%, что может свести на нет все усилия.

Этот подход особенно важен для людей с метаболическими нарушениями, спортсменов и тех, кто столкнулся с «плато» — остановкой веса в процессе его снижения.

📊 **Как считать правильно**

🎥 Ваша ежедневная норма калорий зависит от роста, веса, возраста, пола и активности. Рассчитать ее можно с помощью специальных онлайн-калькуляторов (в их основе — проверенные формулы Миффлина-Сан Жеора или Харриса-Бенедикта). 
🎥 Учитывать нужно все: от масла для готовки до напитков и соусов, для этого используйте кухонные весы. Параллельно стоит следить за балансом белков, жиров и углеводов.
🎥 Для плавного снижения веса отнимите от своей нормы 10–20%. Это и будет ваша дневная цель по калориям. Важно не опускаться ниже 1200 ккал в день, чтобы не навредить здоровью.

__— Ключевая цель — не превратить подсчет калорий в навязчивую идею, а с его помощью развить нутритивную грамотность и восстановить чувствительность к сигналам собственного тела, — подчеркнула Софья Елиашевич.__

❗️ По мере формирования здоровых привычек строгий учет может стать менее жестким, уступив место более интуитивному и гибкому подходу к питанию. Главное — создать устойчивую систему, а не временные ограничения.

💬 [Получить MAXимум пользы для здоровья](https://max.ru/minzdrav_ru)",17980,108,1,minzdrav_ru
13789,2026-01-22T12:04:06+00:00,"💵 **Михаил Мурашко: Федеральный бюджет на лекарственное обеспечение в 2026 году увеличен на 7%

**Об этом сообщил министр здравоохранения РФ Михаил Мурашко на совещании Президента России Владимира Путина с членами Правительства РФ в режиме видеоконференции.

__— На лекарственное обеспечение в 2026 году объёмы финансирования из федерального бюджета увеличены в пределах 7%, — сказал он. 

__В целом, объём финансирования амбулаторного лекарственного обеспечения в 2025 году составил 725 млрд рублей, что на 14 млрд рублей превышает показатель 2024 года.

Михаил Мурашко отметил, что в нашей стране действует система, при которой льготное лекарственное обеспечение финансируется **из трех основных источников**, в зависимости от категории пациента:

➡️ Из федерального бюджета. Это инвалиды, ветераны и ряд других категорий. 

__— Они получают лекарства в рамках государственной социальной помощи, — уточнил министр.

__Также это государственные программы по лекарственному обеспечению пациентов с ВИЧ-инфекцией, вирусными гепатитами, туберкулёзом и высокозатратными нозологиями.**__
__**
Для детей с тяжёлыми и редкими заболеваниями лекарства и медицинские изделия закупаются Фондом «Круг добра».

➡️ Второй источник — бюджет региона. Это люди с определенными хроническими болезнями или социальным статусом. 

Им лекарства могут предоставлять бесплатно или со скидкой 50%, уточнил министр.

➡️Третий — стационарная помощь из средств обязательного медицинского страхования..

➡️ Также Михаил Мурашко отметил , что обязательства федерального бюджета по направлению финансовых средств регионам в рамках федеральной льготы выполнены в полном объёме. 

Кроме того, обеспечены все пациенты, сохранившие федеральную льготу в натуральном виде, они обеспечены лекарствами, закупленными по процедуре централизованных торгов, задержек тут нет.

✅ Отдельно министр отметил, что субъекты РФ значительно нарастили финансирование региональной льготы. 

__—  В 2025 году из региональных бюджетов было выделено более 245 млрд рублей. Прирост по сравнению с 2024 годом составил 15%, — сказал он.
__
➡️ Более того, в 2025 году отдельным регионам было дополнительно выделено почти 1 млрд рублей из федерального бюджета на эти цели, заключил Михаил Мурашко.

💬 [Получить MAXимум пользы для здоровья](https://max.ru/minzdrav_ru)

#ЗдоровьеВПриоритете",8560,43,7,minzdrav_ru
13788,2026-01-22T10:35:20+00:00,"💬 **Михаил Мурашко: Система льготного лекарственного обеспечения постоянно совершенствуется**

Об этом заявил министр здравоохранения РФ Михаил Мурашко на совещании Президента России Владимира Путина с членами Правительства РФ в режиме видеоконференции.

__— В 2020 году был запущен принципиально важный инструмент — это федеральный регистр граждан, имеющих право на лекарственное обеспечение. Сегодня этот регистр — действенный механизм, в нём актуализируется информация о всех гражданах, которые имеют право, — сказал он.__

➡️ Министр отметил, что с 1 марта 2026 года заработает Федеральный регистр лиц с отдельными заболеваниями. 

__— Это позволит нам уже более четко и таргетированно планировать лекарственное обеспечение на основе актуальных данных. Это еще один такой хороший формат планирования, — уточнил Михаил Мурашко.__

📌 Также с 2026 года запускается новый механизм обеспечения пациентов с орфанными заболеваниями. Субъекты РФ смогут получать из федерального бюджета целевые субсидии, при условии дефицита средств региона.

В рамках нацпроекта «Продолжительная и активная жизнь» расширяются совместные торги по всем федеральным программам.

__— Совместные торги — это очень хороший механизм. Он показал, своевременное обеспечение и хорошее снижение цен, что позволяет в конечном итоге увеличить охват пациентов по сравнению с традиционными схемами закупки, когда каждый субъект покупал самостоятельно, — отметил он.__

📌 Михаил Мурашко отдельно остановился на качестве медицинских препаратов.

__— Торговые наименования всегда имеют аналоги и вопрос эффективности использования бюджетных средств связан с выпиской лекарственных препаратов по международным запатентованным наименованиям. Качество их всех проверяется одинаково и на рынок допускаются только качественные лекарственные препараты, — заявил он.__

💬[Подписывайтесь на Минздрав России в МАХ](https://max.ru/minzdrav_ru)

#ЗдоровьеВПриоритете",13870,81,9,minzdrav_ru
13787,2026-01-22T06:01:07+00:00,"📱 **Михаил Мурашко: Решение о включении интернет-сервисов мониторинга глюкозы в «белые списки» будет принято в I квартале 2026 года**

Об этом сообщил министр здравоохранения РФ Михаил Мурашко на совещании Президента России Владимира Путина с членами Правительства РФ в режиме видеоконференции.

__— Также в ходе «прямой линии» прозвучал вопрос по включению интернет-сервисов мониторинга глюкозы в «белые списки», а именно передача данных с этих приборов в случае ограничения по мобильному интернету. Минцифры России проработал этот вопрос. По их данным, он будет реализован в I квартале 2026 года, — сказал он.__

➡️ Процесс создания производства аппаратов для мониторинга глюкозы в этой сфере уже реализован, добавил министр.

__— Сегодня данные производства созданы, выпуск ведется, — уточнил Михаил Мурашко.__

📌 Министр подчеркнул, что все зарегистрированные системы хранят данные на серверах, расположенных на территории РФ.

💬 [Получить MAXимум пользы для здоровья](https://max.ru/minzdrav_ru)

#ЗдоровьеВПриоритете",11391,43,3,minzdrav_ru
13785,2026-01-22T05:35:18+00:00,"🩺 **В больнице Республики Татарстан впервые провели трансплантацию печени**

В Больнице скорой медицинской помощи им. Р. С. Акчурина Набережных Челнов впервые выполнили трансплантацию печени. Высокотехнологичные операции провели сразу трем пациентам: двум женщинам и мужчине.

➡️ Один из пациентов — 46-летний мужчина с циррозом печени. Он с лета находился в очереди на трансплантацию. Несмотря на его сомнения и тяжёлое состояние, операция прошла успешно и длилась около 2,5 часа. 

__— Нужно не бояться, а верить в положительный исход, — сказал пациент. — Теперь состояние мое изменилось, я чувствую себя намного лучше. Я очень счастлив и благодарен всем врачам, медсестрам за их труд.__

👨‍⚕️ Отметим, что раньше трансплантация печени жителям Татарстана проводилась только в Казани или в Москве. 

Теперь высокотехнологичная медицинская помощь станет еще более доступной для пациентов из республики. 

__— Мы очень благодарны нашим коллегам из Казани за то, что они поделились с нами практическими навыками и опытом. Теперь мы будем развивать еще одно направление трансплантологии в нашей больнице. Успешное начало уже положено, — сказал хирург больницы Айрат Фатхетдинов.

__💬 [Получить MAXимум пользы для здоровья](https://max.ru/minzdrav_ru)__

__#МедицинаРегионов",7737,15,0,minzdrav_ru
13784,2026-01-21T16:41:16+00:00,"👍 З**аписаться к врачу можно через MAX**
 
Две трети регионов России при поддержке Минздрава России запустили в МАХ сервисы доступа к медицинским услугам. __

__С помощью чат-бота или мини-приложения в мессенджере можно:

🔘 записаться на консультацию к специалисту;
🔘 перенести дату приема; 
🔘 отменить визит. 
 
Найти сервис можно в поиске мессенджера, официальные чат-боты имеют галочку верификации. 
 
📤 Например, для жителей городов федерального значения __— __Москвы и  Санкт-Петербурга __— __запись доступна через чат-боты [ЕМИАС.ИНФО](https://max.ru/emiasinfo_bot) и [Служба 122 СПб](https://max.ru/spb_122_bot)[.](https://max.ru/spb_122_bot)
 
Для первой записи через МАХ необходимо:

◾️ предоставить согласие на обработку персональных данных;
◾️ указать дату рождения, номера СНИЛС и авторизоваться на Госуслугах. 

📌 В дальнейшем запись на прием или его отмена будут доступны по упрощенной схеме.

__— Совместно с командой национального мессенджера ведется работа по созданию медицинских сервисов в MAX: запись на прием к врачу, проведение телемедицинских консультаций, подписание согласий на медицинское вмешательство и других. Более 7 млн пользователей получили уведомление в национальном мессенджере о своих медицинских документах, включая справки и назначения лекарственных средств, — сказал замминистра здравоохранения РФ Вадим Ваньков.__

💬 [Получить MAXимум пользы для здоровья](https://max.ru/minzdrav_ru)",17227,149,12,minzdrav_ru
13782,2026-01-21T15:05:23+00:00,"Сегодня среда, а значит... #НаучнаяСреда

🔬 **Врачи МОНИКИ им. М.Ф. Владимирского внедряют робота-ассистента для проведения урологических операций**

В Московском областном научно-исследовательском клиническом институте им. М.Ф. Владимирского (МОНИКИ) специалисты провели первые операции с применением современной роботизированной хирургической системы.

💡 Робот-ассистент — это высокотехнологичный комплекс, который позволяет хирургам проводить малоинвазивные вмешательства с максимальной точностью. Он используется для лечения заболеваний в области урологии и обеспечивает минимальную травматизацию тканей пациента.

↪️ `Принцип работы системы`

🔴 хирург управляет инструментами с помощью специальной консоли;
🔴 роботические манипуляторы в реальном времени воспроизводят действия оператора;
🔴 врачу доступна трехмерная визуализация с высоким увеличением.

↪️ `Преимущества технологии`

🔴 система обеспечивает сверхточные манипуляции, что повышает безопасность и эффективность вмешательства;
🔴 малоинвазивный доступ значительно сокращает период восстановления пациентов и снижает риск послеоперационных осложнений;
🔴 высококачественная 3D-визуализация дает хирургу оптимальный обзор анатомических структур.
__
— Использование роботических технологий открывает для наших специалистов новые возможности в лечении заболеваний предстательной железы и почек и позволяет приблизить результаты вмешательств к лучшим мировым практикам, — поделился директор МОНИКИ им. М.Ф. Владимирского Константин Соболев.__

💬 [Получить MAXимум пользы для здоровья](https://max.ru/minzdrav_ru)

#БудущееМедицины
#МедицинскаяНаука",7161,22,2,minzdrav_ru
13781,2026-01-21T10:33:12+00:00,"📜 **Открыт прием заявок на уникальную программу подготовки руководителей здравоохранения

**В России впервые стартует образовательная программа подготовки руководителей здравоохранения «Лидерство в медицине: стратегическое управление региональными системами здравоохранения». 

📤 Проект разработан Мастерской управления «Сенеж» Президентской платформы «Россия – страна возможностей» совместно с ЦНИИОИЗ Минздрава России при поддержке ведомства.

Ключевая особенность программы — фокус на разработку стратегии развития здравоохранения региона.

📖  **Формат обучения:**

🔘 Четыре очных модуля (два из них пройдут в регионах);
🔘 Практическая работа: аудит региональных систем, внедрение проектных решений и масштабирование лучших региональных практик;
🔘 Развитие лидерских компетенций и навыков стратегического планирования.

👭 **Кто может участвовать:
**
◾️ Профессионалы с опытом работы в здравоохранении от 5 лет;
◾️ Руководители региональных и федеральных медицинских организаций или органов власти в сфере охраны здоровья не менее 2 лет.

__— В рамках программы предусмотрена отработка на практике компетенций по формированию региональных стратегий развития системы охраны здоровья — это является отличительной особенностью программы. Слушатели будут обучены методикам проведения аудита региональных систем здравоохранения, а также по окончанию программы приступят к реальному внедрению разработанных проектных или процессных решений для региона, крупной федеральной медицинской или образовательной организации, с учетом лучших региональных практик и межведомственного компонента, — отметила директор ЦНИИОИЗ Минздрава России Ольга Кобякова.

____📎__ Заявки принимаются до **19 февраля 2026 года** ➡️ [здесь](https://project.rsv.ru/start-screen/lvm2)

💬 [Получить MAXимум пользы для здоровья](https://max.ru/minzdrav_ru)",34104,462,2,minzdrav_ru
13778,2026-01-21T06:03:57+00:00,"🏥 **Более 3,4 тыс. телемедицинских консультаций провели специалисты НМИЦ глазных болезней им. Гельмгольца Минздрава России** **в 2025 году **

Отделение телемедицины НМИЦ глазных болезней им. Гельмгольца Минздрава России создали в 2019 году. И если в год основания врачи провели 390 телемедицинских консультаций, то в 2025 году их число достигло более 3,4 тыс.

📌 Специалисты центра проводят консультации в формате «врач-врач» по запросу любого медицинского учреждения России по профилю «офтальмология».

↪️ Из общего количества консультаций в 2025 году:

🔴 1,9 тыс. проведено для взрослых пациентов;
🔴 1,5 тыс. — для детей;
🔴 665 человек (19%) по результатам консультирования были госпитализированы в стационары центра.

🌐 Особое внимание уделяется поддержке новых регионов. За последний год проведено:

🔴 184 консультации для пациентов из ДНР,
🔴 168 — из ЛНР,
🔴 20 — из Запорожской области,
🔴 7 — из Херсонской области.

👨‍⚕️ Кроме лечебной работы, телемедицинские технологии активно используются для обучения. В 2025 году специалисты центра провели 16 вебинаров для офтальмологов регионов, а за все 7 лет — 142 образовательных мероприятия.

💬 [Получить MAXимум пользы для здоровья](https://max.ru/minzdrav_ru)

#ЗдоровьеВПриоритете",9183,32,2,minzdrav_ru
13777,2026-01-20T17:11:12+00:00,"🩸 **#ПростыеПравила****: Что такое плазма крови и зачем ее сдавать?**

Об этом сообщила главный внештатный трансфузиолог Минздрава России Татьяна Гапонова.
 **
__— __**__Плазма крови — это жидкая часть крови,содержащая десятки белков и жизненно важных веществ, которые невозможно синтезировать искусственно, — сказала эксперт.
__
Плазма незаменима при:

🔴 острых кровотечениях;
🔴 травмах;
🔴 ожогах;
🔴 сепсисе;
🔴 нарушениях свертываемости крови. 

__— Также плазма применяется при лечении заболеваний печени, тяжелых инфекций, иммунодефицитов и аутоиммунных расстройств, — добавила Татьяна Гапонова.
 __
↪️ **Почему плазму можно сдавать чаще?
 
**Это возможно благодаря методу плазмафереза.
__
— Клетки крови (эритроциты, лейкоциты,тромбоциты) автоматически возвращаются донору, а плазма собирается в специальный контейнер. Таким образом, сохраняются форменные элементы крови, поэтому восстановление донора проходит быстрее. Важно помнить о пополнении водного баланса, — сказала эксперт.__
 
👇 **Практические преимущества:
** 
🔴 Плазму можно сдавать до 12 раз в год (каждые 2 недели);
🔴 Цельную кровь только 4–5 раз в год, с интервалом 60 дней;
🔴 Полное восстановление потерянных веществ в организме происходит уже через 72 часа.
 
➡️ Процедура плазмафереза безопасна: такие донации составляют около четверти всех донаций в мире — это порядка 30 млн процедур ежегодно.

__— В нашей стране она проводится по международным стандартам с постоянным медицинским контролем. Перед каждой донацией проводится анализ крови, чтобы убедиться в показателях безопасности донации для донора, — заключила Татьяна Гапонова.

__💬 [Получить MAXимум пользы для здоровья](https://max.ru/minzdrav_ru)__

__#ЗдоровьеВПриоритете",54518,121,2,minzdrav_ru
13774,2026-01-20T13:04:48+00:00,"🫀 **В 2025 году в России выполнено более 3,8 тыс. трансплантаций органов, из которых 320 операций — детям**

Об этом сообщил главный внештатный трансплантолог Минздрава России Сергей Готье на пресс-конференции.

__— В 2025 году в России выполнено более 3,8 тыс. трансплантаций органов, из которых 320 операций — детям. В НМИЦ трансплантологии и искусственных органов им. ак. В. И. Шумакова Минздрава России в 2025 году выполнено более 1 тыс. трансплантаций из которых 232 — детям, — сказал он.__

🏥 Сергей Готье добавил, что НМИЦ трансплантологии и искусственных органов им. ак. В. И. Шумакова Минздрава России__ __продолжает сохранять мировое лидерство по количеству выполняемых трансплантаций сердца. 

__— Существенно возросло количество трансплантаций сердца детям — имплантация искусственного сердца помогает маленьким пациентам дождаться подходящий орган, — уточнил он.
__
➡️ Также продолжает расти количество выполняемых трансплантаций легких.

__— Кроме того, в 2025 году в учреждении успешно выполнены две ретрансплантации легких, — продолжил Сергей Готье.__

Отдельно, он отметил, что в НМИЦ трансплантологии и искусственных органов им. ак. В. И. Шумакова Минздрава России выполняют наибольшее в мире количество трансплантаций печени и почки детям. 

__— В 2025 году побит мировой рекорд по количеству детской трансплантации почки в одном учреждении — 92 операции в НМИЦ трансплантологии и искусственных органов им. ак. В. И. Шумакова Минздрава России. А всего в стране выполнены 163 такие операции, — сказал главный внештатный трансплантолог Минздрава России.__

📝 Кроме того, результаты внедренной методики ABO-несовместимых трансплантаций высоко успешны и позволяют расширить возможности оказания трансплантационной помощи детям.

Также активно ведется научная деятельность: развиваются перфузионные методики, рассматриваются новые подходы к борьбе с сахарным диабетом I типа, рассматриваются подходы к использованию органов генномодифицированных животных.

📌 Сергей Готье подчеркнул, что приоритет — развитие программ в регионах. 

__— В медицинских учреждениях по всей стране за 2025 год открыто девять новых программ, а курсы дополнительного профессионального образования в учреждении прошли более 550 специалистов, — отметил главный внештатный трансплантолог Минздрава России.__

Важно, что большую роль в оказании помощи играет внедренная система телемедицинских консультаций, добавил Сергей Готье.

__— За этот год специалисты НМИЦ трансплантологии и искусственных органов им. ак. В. И. Шумакова Минздрава России провели более 4,9 тыс. телемедицинских консультаций по профилю «трансплантация», — заключил он.

__💬 [Получить MAXимум пользы для здоровья](https://max.ru/minzdrav_ru)

#ЗдоровьеВПриоритете
#ЗдоровьеДетей",5703,20,4,minzdrav_ru
13773,2026-01-20T10:41:05+00:00,"👨‍⚕️ **Врачи Калининградской области удалили объемную кисту 13-летней пациентке
**
Девочку госпитализировали в гинекологическое отделение Регионального перинатального центра с жалобами на незначительные боли. 

Мама подростка рассказала, что у дочери за три-четыре месяца резко увеличился объем живота, при этом особых неудобств пациентка не испытывала.

📃 В ходе обследования врачи обнаружили объемную кисту яичника, содержащую около трех литров.

Специалисты провели операцию, полностью удалили опухоль и сохранили орган.

➡️ После вмешательства врачи отправили образец на гистологическую экспертизу и подтвердили доброкачественность. 

❤️ Сейчас девочка чувствует себя хорошо, её жизни ничего не угрожает.

💬 [Получить MAXимум пользы для здоровья](https://max.ru/minzdrav_ru)

#МедицинаРегионов 
#ЗдоровьеДетей",6901,17,6,minzdrav_ru
13772,2026-01-19T19:03:38+00:00,"**🏥**** Неинвазивное пренатальное тестирование станет доступно по ОМС**

Об этом рассказала главный внештатный специалист Минздрава России по репродуктивному здоровью женщин Наталия Долгушина.

➡️ Неинвазивное пренатальное тестирование включено в программу государственных гарантий бесплатного оказания гражданам медицинской помощи на 2026 год.

Направление на неинвазивное пренатальное тестирование выдается беременным женщинам, имеющим средний и высокий риск рождения ребенка с хромосомными аномалиями по результатам скрининга первого триместра, отметила Наталья Долгушина.

__— Неинвазивное пренатальное тестирование представляет собой анализ внеклеточной фетальной ДНК, присутствующей в образце материнской крови, для определения риска хромосомных аномалий плода. Оно обладает большой чувствительностью и специфичностью, и является неинвазивной методикой, — сказала она.__

📌 Данное исследование проводится с конца первого триместра беременности и может проводиться как при одноплодной, так и двуплодной беременности.

↪️ Согласно Порядку оказания медицинской помощи по профилю «акушерство и гинекология» (приказ Минздрава России от 19.12.2025 №747н):

🔴 неинвазивное пренатальное тестирование назначается беременным женщинам из группы среднего (1:101 – 1:1000) и высокого (1:100 и выше) риска рождения ребенка с хромосомными аномалиями по результатам пренатального скрининга первого триместра;
🔴 при выявлении высокого риска хромосомных аномалий рекомендовано проведение инвазивной пренатальной диагностики.

💬 [Получить MAXимум пользы для здоровья](https://max.ru/minzdrav_ru)

#ЗдоровьеВПриоритете",108609,417,2,minzdrav_ru
13769,2026-01-19T17:22:27+00:00,"🤓 **Студенты и ординаторы Астраханского ГМУ Минздрава России активно поддерживают систему здравоохранения области**

Более 400 студентов и ординаторов Астраханского ГМУ Минздрава России работают в медицинских организациях региона, оказывая помощь в период сезонного всплеска заболеваемости гриппом и ОРВИ, в том числе:

🔴 292 студента Астраханского ГМУ трудятся на должностях среднего и младшего медперсонала;
🔴 53 студента лечебного, педиатрического и медико-профилактического факультетов были оперативно перераспределены для работы в Областной инфекционной клинической больнице и детских поликлиниках;
🔴 137 ординаторов Астраханского ГМУ Минздрава России работают в качестве врачей-участковых и врачей приемных отделений. Все они имеют первичную аккредитацию и допуск к медицинской деятельности.

Студенты под руководством наставников учатся первичной диагностике, ведению пациентов и работе с документацией. В пиковые дни, когда нагрузка достигает до 100 пациентов в сутки, ординаторы оказывают экстренную и неотложную помощь, это формирует у них высокий уровень профессиональной ответственности и готовности к работе в реальных условиях.

__— Работа в таких условиях — это лучшая школа. Теория из учебников оживает, когда ты сам принимаешь решения у постели больного. Это опыт, который невозможно получить в аудитории, формирует профессиональную уверенность и показывает реальные масштабы нашей будущей работы, — рассказывает студент 5 курса педиатрического факультета Астраханского ГМУ Минздрава России Денис Даньшин.__

Системный вклад в подготовку кадров в Астраханском ГМУ помогает закрепить молодых специалистов в профессии и в регионе, повышает доступность медицинской помощи и формирует устойчивый кадровый потенциал для отрасли здравоохранения.

💬 [Получить MAXимум пользы для здоровья](https://max.ru/minzdrav_ru)

#ЗдоровьеВПриоритете",9187,25,0,minzdrav_ru
13768,2026-01-19T14:03:07+00:00,"🚑 **В Приморском крае после аномального снегопада медики приняли роды прямо в машине скорой помощи
**
Бригада скорой медицинской помощи подстанции «Океанская» г. Владивостока оперативно выехала на вызов в микрорайон Емар к 31-летней женщине, у которой начались роды. 

На месте, в квартире пациентки, медики провели необходимые диагностические мероприятия, обеспечили внутривенный доступ и рекомендовали подготовиться к транспортировке в роддом.

➡️ Во время следования во Владивостокский клинический родильный дом №3, несмотря на сложные дорожные условия, автомобиль скорой помощи двигался максимально аккуратно. Однако по дороге схватки у женщины резко усилились, и медицинским работникам пришлось остановиться и принимать роды прямо в машине.

__— В автомобиле скорой была оказана вся необходимая помощь: приняты роды, выполнена санация дыхательных путей новорождённого, наложены зажимы и пересечена пуповина. Ребёнок закричал сразу после рождения, — рассказал врач скорой медицинской помощи Александр Мещеряков.__

➡️ Девочка родилась с массой тела около 2,8 кг. В родильном доме медиков уже ждали. Маму и новорождённую сразу госпитализировали для дальнейшего наблюдения.

❤️ Сейчас женщина и малышка чувствую себя хорошо и находятся под наблюдением врачей.

💬 [Получить MAXимум пользы для здоровья](https://max.ru/minzdrav_ru)

#ЗдоровьеДетей",6395,12,1,minzdrav_ru
13767,2026-01-19T10:33:02+00:00,"💭 **Дистанционный мониторинг артериального давления повысит качество контроля показателей пациентов с гипертонией 

**Об этом рассказал главный внештатный кардиолог Минздрава России Сергей Бойцов.**

**Дистанционный мониторинг артериального давления включен в программу государственных гарантий бесплатного оказания гражданам медицинской помощи на 2026 год.**

__— __**__Включение дистанционного мониторинга артериального давления в программу государственных гарантий безусловно позволит существенно повысить эффективный контроль артериального давления у пациентов с гипертонией, — отметил он.
__
👨‍⚕️ Направление на дистанционный мониторинг артериального давления выдается лечащим врачом пациентам, имеющим неконтролируемую артериальную гипертензию, добавил Сергей Бойцов.

__— С помощью персонального медицинского прибора с функцией передачи данных информация о каждом выполненном пациентом измерении артериального давления, а также все сделанные пациентом измерения анализируются специальными программами, — сказал он. __

Информация направляется лечащему врачу для корректировки и индивидуального подбора терапии, уточнил Сергей Бойцов. 

↪️ В ходе федерального проекта «Персональные медицинские помощники» в рамках полугодичного рандомизированного исследования показано:

➡️ дистанционный мониторинг артериального давления позволяет не только добиваться, но и стабильно удерживать целевые значения уровня давления у 62% пациентов, а еще у 10% пациентов снижать систолическое артериальное давление на 5 мм. рт. ст. и более. 

__— Всего в процесс дистанционного мониторинга артериального давления в ходе исследования было вовлечено более 55 тыс. пациентов с артериальной гипертензией. Опыт применения данной технологии уже имеется во многих поликлиниках целого ряда регионов, — заключил он. 
 __
#ЗдоровьеВПриоритете

💬 [Получить MAXимум пользы для здоровья](https://max.ru/minzdrav_ru)",11339,91,0,minzdrav_ru
13766,2026-01-18T17:02:46+00:00,"💊 **#ПростыеПравила****: Чем опасны просроченные лекарства**

Об этом рассказала заведующая кафедрой фармакологии и клинической фармакологии Красноярского ГМУ Минздрава России Ольга Веселова.

❗️ Важно регулярно проводить ревизию домашней аптечки, проверяя сроки годности лекарственных препаратов.

__— Когда портится, к примеру, молоко, мы можем определить это по запаху. С лекарствами такое невозможно. Поэтому важно понимать: лекарственный препарат безопасен и эффективен только в те сроки, которые указаны производителем. Конечно, при его правильном хранении, — подчеркнула эксперт.__

🗒 Важно:

🎥 смотрите не только на дату, но и на условия хранения (температура, свет, влажность);
🎥 помните: у некоторых лекарственных препаратов (например, глазных капель) есть два срока: до вскрытия и после;
🎥 никогда не принимайте лекарство, если изменился его вид, консистенция или повреждена упаковка;
🎥 обязательно читайте инструкцию — там вся ключевая информация о препарате и об условиях его хранения.

__— Просроченное лекарство принимать категорически нельзя, может проявиться его токсический эффект, — предупредила Ольга Веселова, — При длительном хранении антибиотиков образуются окисленные продукты, которые вызывают синдром Фанкони — потенциально смертельное заболевание с нарушением функции почек.__

📌 Все эти правила распространяются на лечебную косметику и космецевтику, лечебные травяные сборы. 

💬 [Получить MAXимум пользы для здоровья](https://max.ru/minzdrav_ru)",59379,257,0,minzdrav_ru
13765,2026-01-18T11:05:21+00:00,"👨‍⚕️ **Тюменские врачи спасли жизнь 85-летней пациентки с крупной опухолью толстой кишки**

85-летняя женщина обратилась в поликлинику с сильными болями в левой половине живота, запорами и резким снижением уровня гемоглобина. Специалисты направили пациентку в «Медицинский город» — многопрофильный клинический медицинский центр в Тюмени.

➡️ В ходе обследования врачи выявили крупную опухоль диаметром 17 см в левой половине толстой кишки. Новообразование вызывало симптомы непроходимости, прорастало за пределы кишки и сопровождалось поражением лимфоузлов. 

Специалисты провели расширенную **лимфодиссекцию** и удалили левую половину толстой кишки вместе с опухолью. 

**💡**** Лимфодиссекция** — хирургическая операция по удалению лимфоузлов.

__— Резекция толстой кишки была проведена без соединения кишечника, чтобы минимизировать риски для здоровья пациентки. В будущем мы планируем реконструктивный этап, который позволит соединить проксимальную и дистальную часть кишки и избавить пациентку от колостомы, — пояснил онколог отделения абдоминальной онкологии «Медицинского города» В Вагиф.__

❤️ После вмешательства качество жизни пациентки значительно улучшилось: боли исчезли, анемия компенсирована. Сейчас женщина проходит курс химиотерапии амбулаторно, что позволяет максимально комфортно переносить лечение.

#МедицинаРегионов

💬 [Получить MAXимум пользы для здоровья](https://max.ru/minzdrav_ru)",7357,16,6,minzdrav_ru
13764,2026-01-17T14:59:54+00:00,"🧠** Медорганизации могут применять дроны для доставки лекарств и биоматериалов**

Об этом сообщил помощник министра здравоохранения России Алексей Кузнецов.

➡️ Соответствующие расходы будут покрываться за счет средств ОМС.

__— Медицинские организации вправе применять их, где это необходимо, и направлять на покрытие соответствующих расходов средства обязательного медицинского страхования, — отметил он.__

📌 Алексей Кузнецов пояснил, что структура тарифа на оплату медицинской помощи по ОМС теперь включает в себя средства на оплату расходов на использование беспилотных авиационных систем для транспортировки биоматериалов, лекарств и иных медицинских грузов.

💬 [Получить MAXимум пользы для здоровья](https://max.ru/minzdrav_ru)

#ЗдоровьеВПриоритете",9754,93,11,minzdrav_ru
13760,2026-01-17T11:04:31+00:00,"🩺 **В Волгоградской области открылась новая поликлиника** 

В Красноармейском районе Волгограда открылся современный поликлинический корпус больницы № 16. Медицинская помощь в обновленном медучреждении станет доступна более 50 тыс.  жителям.

Для проведения качественной диагностики поликлиника оснащена современным высокотехнологичным оборудованием:

🔴 Компьютерный томограф; 
🔴 Рентгенодиагностический аппарат; 
🔴 УЗИ-аппараты; 
🔴 Системы эндоскопической визуализации; 
🔴 Электроэнцефалографы; 
🔴 Электрокардиографы;
🔴 Реабилитационные тренажеры;
🔴 Оборудование для клинико-диагностической лаборатории.

Также штат учреждения укомплектован более чем 260 квалифицированными специалистами.

💬 [Получить MAXимум пользы для здоровья](https://max.ru/minzdrav_ru)

#Модернизация",6143,15,2,minzdrav_ru
13759,2026-01-16T18:04:00+00:00,"📝 **Перечень видов высокотехнологичной медицинской помощи по ОМС пополнился 15 новыми позициями
**
Это решение значительно [упрощает](https://tass.ru/obschestvo/26166109) доступ населения к наиболее сложным и дорогостоящим методам лечения. 

Среди погруженных методов высокотехнологичной медицинской помощи, предоставляемой бесплатно по полису ОМС: 

🔴 фотодинамическая терапия при раке мочевого пузыря, а также при раке пищевода и кардии;
🔴 трансуретральная резекция с фотодинамической терапией при раке мочевого пузыря;
🔴 чрескожный энергетический нейролизисчревного сплетения под рентген-телевизионным контролем;
🔴 лазерная коагуляция глазного дна в навигационном режиме 
с мультимодальной визуализацией;
🔴 склеропластика с использованием трансплантата из полотна офтальмологического трикотажного полиэфирного с полимерным покрытием, содержащим биоактивное вещество;
🔴 аутопластика свободным лоскутом конъюнктивы;
🔴 лапароскопическая продольная резекция желудка и билио-панкреатическое шунтирование;
🔴 радиочастотная абляция проводящих путей и аритмогенных зон сердца, эндоваскулярнымдоступом с использованием навигационной системы картирования сердца;
🔴 замена ранее имплантированных одно-, двух- и трёхкамерных кардиовертеров-дефибрилляторов;
🔴 трансплантация островковых клеток поджелудочной железы, а также почки.
 
Главный внештатный онколог Минздрава России Андрей Каприн подчеркнул, что включение в ОМС сочетания трансуретральной резекции и фотодинамической терапии при ранних формах рака мочевого пузыря позволяет лечить заболевание без разрезов, снижать риск рецидивов и сохранять орган, повышая качество жизни пациентов.

__— Включение этого метода в ОМС — принципиально важный шаг, позволяющий получить более широкий доступ к современным технологиям, которые меняют тактику лечения: делают его более точным, щадящим и ориентированным на сохранение органа и качества жизни пациента, — сказал он.__

👁 В свою очередь заместитель генерального директора по организационно-методической работе НМИЦ МНТК «Микрохирургия глаза» им. акад. С.Н. Федорова Минздрава России Александр Лосицкий отметил, что теперь офтальмологические операции, ранее доступные лишь ограниченному числу пациентов, будут выполняться бесплатно и в регионах. 

__— Внедрение методов в стандарты ОМС будет стимулировать их освоение в региональных клиниках. Кроме этого, значительно сокращаются риски прогрессирования заболеваний из-за финансовых барьеров, —уточнил он.

__📌 Отметим, что программа госгарантий — ежегодно обновляемый документ, который служит основным инструментом для внедрения в повсеместную практику новых достижений медицины.

💬 [Получить MAXимум пользы для здоровья](https://max.ru/minzdrav_ru)

#ЗдоровьеВПриоритете",16635,160,0,minzdrav_ru
13753,2026-01-16T17:37:04+00:00,"💙 **#ПростыеПравила****: Крещенские купания — вызов для сердца! Как пережить погружение без риска для здоровья?

**Об** **этом рассказала заместитель генерального директора по научно-аналитической работе и профилактической кардиологии НМИЦ кардиологии им. Е.И. Чазова Минздрава России Нана Погосова.
**
**__— Для пациентов с сердечно-сосудистыми заболеваниями крещенские купания могут представлять определенный риск, поскольку резкое погружение в ледяную воду вызывает спазм сосудов, который приводит к недостаточному кровоснабжению жизненно важных органов и может спровоцировать инфаркт миокарда, гипертонический криз, инсульт или нарушение сердечного ритма, — отметила эксперт.__

🔜 Она подчеркнула, что если пациент с сердечно-сосудистыми заболеваниями всё же решил участвовать в крещенских купаниях, несмотря на рекомендации отказаться, важно соблюдать строгие меры предосторожности, чтобы снизить риск возникновения серьёзных осложнений.**

**__—** **Во время и после купания следите за ощущениями. Если почувствуете общий дискомфорт, сильную усталость, слабость, головокружение, боли в области сердца — немедленно прекратите мероприятие и обратитесь за медицинской помощью, — сказала Нана Погосова.__**

**Подробнее о мерах предосторожности смотрите в наших карточках ↗️

💬 [Получить MAXимум пользы для здоровья](https://max.ru/minzdrav_ru)",24219,122,1,minzdrav_ru
13752,2026-01-16T17:02:47+00:00,"👨‍⚕️ **Подмосковные врачи спасли мужчину, у сердца которого скопился литр жидкости **

65-летнего пациента госпитализировали в Истринскую клиническую больницу в критическом состоянии с нарастающей одышкой и симптомами острой сердечной недостаточности.

➡️ В ходе обследования врачи обнаружили тампонаду сердца — состояние, при котором жидкость скапливается в полости перикарда. В полости перикарда скопилось около литра жидкости, которая сдавила сердце, создав прямую угрозу его остановки. Требовалось немедленное хирургическое вмешательство.

Давление на сердце стремительно нарастало. Чтобы спасти жизнь пациента, врачи оперативно провели **перикардиоцентез.**

**💡**** Перикардиоцентез** — малотравматичная процедура по удалению жидкости из околосердечной сумки.

В ходе вмешательства специалисты удалили более 1,3 л геморрагической жидкости. 

❤️ После процедуры состояние пациента сразу улучшилось, одышка прекратилась. Сейчас мужчина выписан на амбулаторное наблюдение.

__— Если бы мы не разрешили эту ситуацию вовремя, скопившаяся кровь своим давлением просто сдавила бы сердце до полной остановки. К счастью, все прошло успешно__,__ — пояснил хирург Истринской клинической больницы Александр Волчков.__

#МедицинаРегионов

💬 [Получить MAXимум пользы для здоровья](https://max.ru/minzdrav_ru)",4927,10,0,minzdrav_ru
13747,2026-01-16T14:01:24+00:00,"🚁 **357 пациентов эвакуировала пермская санавиация в 2025 году**

В прошлом году служба санитарной авиации Пермской краевой клинической больницы продемонстрировала рекордные результаты: **171 вылет**, **357 эвакуированных пациентов в тяжелом состоянии**, включая детей.

Это самые высокие показатели за всю 90-летнюю историю пермской санавиации.

С начала года «летающая скорая» работала по обновлённому алгоритму приема и передачи вызовов, который позволил за один санитарный рейс эвакуировать **от двух до пяти пациентов** из разных округов края, в том числе из труднодоступных территорий.

🫀 **Около 80% эвакуированных** — пациенты с острым коронарным синдромом (инфаркт миокарда). Интенсивность вылетов позволяет доставлять больных в профильные стационары в первые часы и сутки после сосудистой катастрофы.

Отдельным направлением стала **эвакуация новорождённых** — в 2025 году начала работу специализированная неонатологическая бригада.

🚑 Активно специалисты санавиации выезжали в районы края на автомобилях:

🔴 более **1,8 тыс. выездов** (на 300 больше, чем в 2024 году);
🔴 около **500 операций** выполнено на местах;
🔴 всего с помощью воздушного и автомобильного транспорта эвакуировано около **1,2 тыс. пациентов**, что почти на **20% больше**, чем годом ранее.

↪️Отметим, что бригады санавиации также участвовали в ликвидации последствий ЧС и крупных ДТП, работая в тесной координации со скорой помощью и стационарами региона.

💬 [Получить MAXимум пользы для здоровья](https://max.ru/minzdrav_ru)

#МедицинаРегионов",5425,13,4,minzdrav_ru
13746,2026-01-16T11:01:19+00:00,"👨‍⚕️ **Свердловские врачи удалили опухоль весом более 60 килограммов**

50-летнего пациента доставили в Свердловский областной онкологический диспансер с гигантской забрюшинной липосаркомой (злокачественной опухолью).  Из-за риска массивной кровопотери и **тромбоэмболии** требовалось оперативное хирургическое вмешательство.

💡 **Тромбоэмболия** — патологическое состояние, при котором просвет кровеносного сосуда закупоривается тромбом.

__— У пациента наблюдалось увеличение живота на протяжении двух десятков лет. Дело в том, что забрюшинные опухоли коварны: поначалу растут медленно, не провоцируя симптомов, — объяснил заведующий отделением абдоминальной онкологии Свердловского областного онкологического диспансера Вадим Голоднов.__

➡️ В ходе 8-часовой операции врачи удалили опухоль в полном объеме. 

❤️ Пациента уже выписали домой и вскоре он вернется к привычной жизни. Удаленное новообразование направлено на гистологическое исследование.

💬 [Получить MAXимум пользы для здоровья](https://max.ru/minzdrav_ru)

#МедицинаРегионов",5684,24,4,minzdrav_ru
13742,2026-01-16T06:01:07+00:00,"🏥 **В Республике Тыва открылась поликлиника **

В Тоджинском кожууне после капитального ремонта открылась Тоджинская центральная клиническая больница. В обновленном медучреждении расположено 17 кабинетов, в том числе:

🔴 Прививочные;
🔴 Кабинеты участковых терапевтов и педиатров;
🔴 Невролога;
🔴 Дерматовенеролога;
🔴 Хирурга;
🔴 Стоматологический кабинет с новой установкой;
🔴 Рентген-кабинет с современным рентгенографическим аппаратом «Карс» российского производства.

💬 [Получить MAXимум пользы для здоровья](https://max.ru/minzdrav_ru)

#Модернизация",8460,22,7,minzdrav_ru
13738,2026-01-15T16:06:21+00:00,"🧊 **#ПростыеПравила****: Как подготовиться к купанию в проруби**

Об этом рассказала руководитель клиники предиктивной и интегративной медицины НМИЦ терапии и профилактической медицины Минздрава России Елена Зятенкова.

❗️ Погружение в ледяную воду — это серьезное испытание для организма, требующее осознанной подготовки и соблюдения строгих правил безопасности.

🗒 Важно:

🎥 если у вас есть хронические заболевания, участие в купании возможно только после консультации с лечащим врачом;
🎥 категорически запрещено употреблять алкоголь до и после купания;
🎥 нельзя нырять в прорубь с головой;
🎥 перед купанием сделайте легкую разминку, чтобы разогреть мышцы;
🎥 после выхода из воды быстро разотритесь и наденьте сухую теплую одежду.

🤒 Резкое погружение в ледяную воду вызывает мгновенный спазм сосудов, скачок давления и огромную нагрузку на сердце. Для неподготовленного человека это чревато серьёзными рисками.

Вся важная информация — в наших карточках 🖼

О полезных привычках смотрите на сайте ➡️ [ТакЗдорово](https://www.takzdorovo.ru/)

💬 [Получить MAXимум пользы для здоровья](https://max.ru/minzdrav_ru)",46470,178,11,minzdrav_ru
13737,2026-01-15T13:05:05+00:00,"🏥 **В Ямало-Ненецком автономном округе начал работу новый центр амбулаторной онкологической помощи**

Теперь обследование и противоопухолевую терапию жители Пуровского и Красноселькупского районов смогут пройти по месту жительства. Ранее пациенты направлялись на диагностику и лечение в Новый Уренгой.

➡️ Профильный центр размещен в поликлинике Тарко-Салинской центральной районной больницы. 

__— Открытие центра — это системное изменение в подходе к лечению. Мы объединяем ресурсы, чтобы обеспечить преемственность на всех этапах — от ранней диагностики до динамического наблюдения, делая процесс лечения более комфортным и сосредоточенным на нуждах пациента, — отметил главный врач Тарко-Салинской центральной районной больницы Евгений Евсеев.__

➡️ Специализированная помощь оказывается по полису ОМС. Аналогичные центры работают в Салехарде, Ноябрьске, Новом Уренгое и Надыме.

Ключевая задача центров амбулаторной онкопомощи (ЦАОП) — обеспечить пациентам с онкологическими заболеваниями или подозрением на них полноценную медицинскую помощь: от консультаций и обследований до проведения курсов противоопухолевой терапии в условиях дневного стационара. 

Ежегодно профилактику в ЦАОПах проходят около 30 тыс. ямальцев.

📌 Отметим, что в прошлом году медики выявили порядка 1,3 тыс. новых случаев онкологии, 70% из них на ранних стадиях. 

💬 [Получить MAXимум пользы для здоровья](https://max.ru/minzdrav_ru)

#Модернизация
#МедицинаРегионов",5810,13,9,minzdrav_ru
13736,2026-01-15T10:15:46+00:00,"👨‍⚕️ **Врачи из Кабардино-Балкарии провели пациенту сразу четыре урологические операции **

В онкологический диспансер республики поступил пациент с несколькими патологиями мочевыводящей системы: опухолью в почке, нарушением оттока мочи из почек и мочевого пузыря, а также камнями в мочевом пузыре.

➡️После диагностики врачи разработали план сложнейшей операции. В ходе вмешательства они удалили опухоль почки, извлекли камни из мочевого пузыря, устранили грыжевидное образование (дивертикул) и восстановили нормальное мочеиспускание. Это первый случай проведения подобных операций в регионе.

Традиционно такие патологии требуют нескольких поэтапных вмешательств, что увеличивает сроки лечения и реабилитации.

❤️ Операция прошла успешно, послеоперационный период протекал без осложнений. Пациент уже выписан домой и вскоре вернется к активной жизни.

💬 [Получить MAXимум пользы для здоровья](https://max.ru/minzdrav_ru)

#МедицинаРегионов",10167,27,28,minzdrav_ru
13734,2026-01-15T06:02:29+00:00,"👨‍⚕️ **Свердловские врачи восстановили ритм сердца 71-летней пациентки с помощью передовой двухэтапной технологии**

В кардиологическом отделении Центральной городской клинической больницы №24 Екатеринбурга поступила 71-летняя женщина с фибрилляцией предсердий (нарушением сердечного ритма) продолжительностью более 48 часов. 

➡️ Специалисты провели плановую кардиоверсию — процесс восстановления нормального сердечного ритма с помощью электрических разрядов. Ранее такие вмешательства выполнялись только в специализированных центрах из-за высокого риска осложнений.

↪️ Особенностью данного клинического случая стало применение передовой двухэтапной технологии:

🔴 На первом этапе врачи выполнили пациентке сложное ультразвуковое исследование сердца через пищевод. Оно позволило с высочайшей точностью визуализировать камеры сердца и достоверно исключить наличие тромбов, что является критически важным условием безопасности.

🔴 На втором этапе кардиологи выбрали стратегию медикаментозного восстановления ритма с помощью современного высокоэффективного отечественного препарата.

__— Благодаря тесному взаимодействию с клиницистами мы вышли на совершенно новый уровень: плановое, прогнозируемое и максимально безопасное применение передовой методики, — подчеркнул заведующий отделением реанимации и интенсивной терапии Центральной городской клинической больницы №24 Екатеринбурга Николай Шадрин.__

❤️ Процедура прошла успешно, пациентка чувствует себя хорошо. 

__— Данная практика открывает новые возможности для лечения фибрилляции и трепетания предсердий в стенах нашей больницы», — пояснил заведующий кардиологическим отделением Центральной городской клинической больницы №24 Екатеринбурга Евгений Коновальцев.__

💬 [Получить MAXимум пользы для здоровья](https://max.ru/minzdrav_ru)

#Модернизация
#МедицинаРегионов",6837,29,3,minzdrav_ru
13733,2026-01-14T17:05:02+00:00,"**🤔**** ****#ПростыеПравила****: Какие полезные привычки можно сформировать в новом году**

Об этом рассказал ассистент кафедры топографической анатомии и оперативной хирургии Луганского ГМУ им. Свт. Луки Минздрава России Александр Волосник.

🎄Начало нового года — это время не только для праздничных угощений и веселья, но и прекрасная возможность начать жизнь с чистого листа, внедрив новые, полезные привычки. 

__— Забота о здоровье — один из самых ценных подарков, которые мы можем себе преподнести, и начало нового года — идеальный момент для старта, — подчеркнул эксперт.__

🍳 **Питание — осознанный выбор**

Вместо строгих диет лучше сосредоточиться на сбалансированном питании. Включите в рацион больше овощей, фруктов, цельнозерновых продуктов и здоровых жиров. 

Обращайте внимание на состав продуктов и не забывайте пить достаточное количество воды.

**🥇**** Движение — жизнь**

Регулярная физическая активность — это залог бодрости и хорошего самочувствия. Не обязательно сразу записываться в спортзал и изнурять себя тренировками. Начните с малого: пешие прогулки, утренняя зарядка, танцы, йога. 

😴 **Сон — основа восстановления**

Недостаток сна негативно сказывается на физическом и психическом здоровье. Постарайтесь наладить режим сна, отходя ко сну и просыпаясь в одно и то же время. 

Создайте комфортную обстановку в спальне: приглушенный свет, тишина, свежий воздух. Откажитесь от гаджетов перед сном. 

😓 **Забота о ментальном здоровье**

В суете повседневности выделите время для занятий, которые приносят радость и помогают расслабиться: чтение, медитация, общение с близкими. 

💬 [Получить MAXимум пользы для здоровья](https://max.ru/minzdrav_ru)",13793,110,4,minzdrav_ru
13732,2026-01-14T15:04:18+00:00,"🏆 **Стартует 30-я юбилейная заявочная кампания на соискание премий Правительства РФ в области качества на 2026 год**

Премии присуждаются организациям за достижение значительных результатов в области качества продукции и услуг, обеспечения их безопасности, а также за внедрение высокоэффективных методов менеджмента качества.

🤔 К участию приглашаются компании и учреждения любых размеров и форм собственности — от малого бизнеса до крупных корпораций.

🗒 Главное условие — готовность продемонстрировать достижения в следующих направлениях:

🎥 внедрение современных методов управления качеством;
🎥 устойчивое развитие организации;
🎥 ориентация на потребности потребителей ;
🎥 социальная ответственность бизнеса;
🎥 повышение качества выпускаемой продукции или оказываемых услуг.

🥇 Победители получают официальный статус лауреата премии Правительства РФ в области качества, право использовать логотип премии в корпоративных и маркетинговых материалах, рекомендации экспертов по совершенствованию системы управления качеством, признание на федеральном уровне и возможность обмена опытом с лидерами отрасли.

🍔 Как подать заявку?

1️⃣ Ознакомиться с Положением о конкурсе и критериями оценки на [официальном сайте Роскачества](https://roskachestvo.gov.ru/award/).
2️⃣ Подать заявку на участие в конкурсе на [официальной странице премии](https://roskachestvo.gov.ru/award/).
3️⃣ Подготовить комплект документов, подтверждающих соответствие организации критериям премии.
4️⃣ Направить пакет документов в секретариат премии.

Прием заявок открыт до 1 марта 2026 года.

💬 [Получить MAXимум пользы для здоровья](https://max.ru/minzdrav_ru)",7216,70,1,minzdrav_ru
13729,2026-01-14T12:40:23+00:00,"Сегодня среда, а значит... #НаучнаяСреда

**👨‍⚕️**** Разработка российских ученых помогла пациентам со стенозом дышать полной грудью**

Специалисты Пироговского Университета Минздрава России и НИКИО им. Л.И. Свержевского представили новую систему анатомически адаптированных силиконовых стентов и комплексную тактику лечения **хронического рубцового стеноза** **гортани и трахеи**.

💡** Хронический рубцовый стеноз гортани и трахеи** — тяжелое заболевание, при котором возникает стойкое сужение просвета дыхательных путей вследствие разрастания плотной соединительной ткани, которое приводит к развитию дыхательной недостаточности.

➡️ Патология может развиться как осложнение после длительной искусственной вентиляции легких, неправильно выполненной трахеостомии, травматических повреждений шеи, химических или термических ожогов. В таких случаях пациенты оставались пожизненно зависимыми от трахеостомической трубки.

Новая методика дает врачам точный инструмент для восстановления дыхания, а пациентам — реальный шанс на полноценную и комфортную жизнь без трубки.

↪️ Ключевые преимущества разработки:

🔴 анатомически адаптированные стенты точно повторяют контуры дыхательных путей, обеспечивая стабильный просвет и минимизируя травму;
🔴 комплексный алгоритм — от 3D-моделирования до контроля заживления — позволяет персонализировать лечение и предсказать результат;
🔴 простота ухода и фиксации дает пациентам возможность самостоятельно обслуживать стент, повышая независимость и качество жизни.

До сих пор лечение таких стенозов было подобно движению по кругу: операция, риск повторного сужения, новая операция. Новая система предлагает управляемый и предсказуемый путь к выздоровлению.

💬 [Получить MAXимум пользы для здоровья](https://max.ru/minzdrav_ru)

#СделаноВРоссии
#БудущееМедицины
#МедицинскаяНаука",5975,31,6,minzdrav_ru
13728,2026-01-14T10:50:31+00:00,"🚑 **102 новых автомобиля скорой помощи поступили в Республику Коми**

Современные машины направлены во все города и районы республики для обеспечения своевременной и качественной медицинской помощи жителям отдаленных населенных пунктов. 

__— Наша больница получила четыре новые машины. Две машины класса «В» на базе автомобиля «УАЗ-профи» полностью оборудованы медицинским оборудованием: аппаратами ИВЛ, дефибрилляторами, реанимационными и другими наборами. Еще два автомобиля класса «В» на базе «Газели» укомплектованы необходимой сетью медицинских газов, тележкой-каталкой, приёмными устройствами и аппаратом ЭКГ с возможностью дистанционной передачи данных на центральный кардио-пост, — рассказал руководитель администрации Княжпогостского района Анатолий Немчинов.__

Обновление автопарка позволит медикам оперативно/быстро добираться до пациентов и оказывать неотложную помощь на высоком уровне.

💬 [Получить MAXимум пользы для здоровья](https://max.ru/minzdrav_ru)

#Модернизация",5759,7,3,minzdrav_ru
13727,2026-01-14T06:01:06+00:00,"**😴**** ****#ПростыеПравила****: Как настроиться на рабочий ритм после праздников**

Об этом рассказала психиатр-нарколог НМИЦ терапии и профилактической медицины Минздрава России Олеся Прищепа.

За время отдыха наш организм адаптировался к новому ритму жизни, и резкий возврат к рабочим обязанностям может вызвать стресс.  

__— Проведите «ритуал завершения» праздничного периода (просмотр фотографий, припоминание и мысленное проживание приятных, ярких моментов за период каникул, что создаст ощущение завершенности). Разберите вещи, наведите порядок в своем личном пространстве, подготовьте все необходимое для работы. Мысленно завершите период отдыха, — подчеркнула эксперт.__

🚀 Позитивный настрой

🎥 Обратите внимание на положительные моменты: встреча с коллегами, друзьями, новые и интересные задачи.
🎥 Используйте технику «праздничных якорей»: оставьте в повседневности элементы праздничного настроения — красивую кружку, небольшой декор, любимую музыку.

😌 Мягкий старт — в начале рабочей недели постарайтесь придерживаться режима труда и отдыха, полноценно и дробно питаться. 

💼 Не беритесь за все и сразу

🎥 Посвятите первые 2–3 дня вхождению в ритм. Составьте список задач на половину недели и сосредоточьтесь на них. 
🎥 Запланируйте небольшие радости на январь-февраль, а на ближайший месяц сформируйте 2-3 реалистичные профессиональные цели.

__— После отдыха самое время подумать о стратегических задачах и целях на год. Выстроить перспективу и найти новый смысл в работе помогут долгосрочные цели, — отметила Олеся Прищепа.__

🏞 Переключите внимание — добавьте в день небольшие перерывы: прогулка, фильм, творчество. Выделите время на неформальное общение в разумных пределах. 

Поделиться впечатлениями и посмеяться вместе — это способы восстановить социальные связи и чувство принадлежности к команде.

💬 [Получить MAXимум пользы для здоровья](https://max.ru/minzdrav_ru)",14780,59,8,minzdrav_ru
13719,2026-01-13T18:05:38+00:00,"🎉 **С Днем российской печати!**

Помощник министра здравоохранения РФ Алексей Кузнецов поздравил представителей российских СМИ с Днем российской печати и вручил благодарности министра здравоохранения РФ Михаила Мурашко журналистам за заслуги в информировании граждан о работе системы здравоохранения. 

__— Средства массовой информации сегодня играют большую роль в достижении национальных целей развития России, реализации госполитики в сфере здравоохранения. Это и информирование о различных аспектах работы системы здравоохранения, тех широких возможностях по охране здоровья, которые определены программой государственных гарантий, и повышение грамотности людей в вопросах здоровья, навигационной грамотности, и предоставление информации о последних открытиях российских ученых-медиков. А главное — представление гражданам достоверной и актуальной информации, что сегодня особенно ценно.  И это реальный вклад средств массовой информации в укрепление общественного здоровья. Рад, что сегодня медиа выступают союзниками государство в этих вопросах, — сказал помощник министра здравоохранения РФ Алексей Кузнецов. __

➡️ Помощник министра здравоохранения РФ подчеркнул, что повышение медицинской грамотности населения напрямую влияет на эффективность мер по охране здоровья граждан.

__— Грамотный человек, хорошо представляющий себе, как действовать в той или иной ситуации, значительно увереннее себя чувствует во взаимодействии с системой здравоохранения, четко понимает, куда обратиться, на что он имеет право, какие льготы ему положены, какие виды медицинской помощи входят в программу государственных гарантий, какие профилактические программы реализуются, — отметил Алексей Кузнецов.__

Благодарности министра здравоохранения РФ Михаила Мурашко получили:

🔴 Людмила Белоножко, руководитель редакции социальной и гуманитарной информации [информационного агентства ТАСС](https://max.ru/tass_agency);
🔴 Юлия Макаревич, старший корреспондент [информационного агентства «Интерфакс»](https://max.ru/interfax);
🔴 Михаил Колосов, начальник отдела подготовки эфира дирекции информационного канала [«Россия-24»](https://max.ru/vesti) Объединенной дирекции информационных программ;
🔴 Юлия Онищенко, специальный корреспондент [Первого канала](https://max.ru/tv1);
🔴 Анна Добрюха, заведующая отделом семьи Издательского дома [«Комсомольская правда»](https://max.ru/truekpru);
🔴 Оксана Кальнина, редактор отдела семьи Издательского дома [«Комсомольская правда»](https://max.ru/truekpru);
🔴 Наталья Костарнова, корреспондент отдела неделовых новостей газеты [«Коммерсантъ»](https://max.ru/kommersant);
🔴 Галина Лесник, начальник отдела планирования МИЦ [«Известия»](https://max.ru/izvestia).

👏 Команда Минздрава России присоединяется к поздравлениям и желает всем работникам печати неиссякаемого вдохновения, ярких тем, крепкого здоровья и всего самого светлого в жизни!

**13 января — День российской печати**

💬 [Получить MAXимум пользы для здоровья](https://max.ru/minzdrav_ru)",5417,17,7,minzdrav_ru
13715,2026-01-13T15:00:51+00:00,"🎉 **#ПростыеПравила****: Как правильно отметить старый Новый год**

Об этом рассказала заведующая поликлиникой Центра семейной медицины СЗГМУ им. И.И. Мечникова Минздрава России Ольга Ковалева.

🤔 Завершение новогодних праздников — важный период для восстановления организма и плавной подготовки к рабочим будням. 

Традиция отмечать старый Новый год дает нам уникальную возможность провести этот день осознанно, заложив фундамент здоровых привычек на весь 2026 год.

🗒 Важно:

🎥 соблюдайте умеренность — наслаждайтесь праздничными угощениями, но не переедайте;
🎥 поддерживайте физическую активность;
🎥 старайтесь придерживаться графика сна;
🎥 пейте достаточное количество чистой воды;
🎥 начните следующий день с лёгкой физической активности.

‼️ Помните, что каждый организм индивидуален. Если чувствуете сильное недомогание, обратитесь к врачу. Плавный переход к привычному режиму после праздничного застолья и внимание к своему состоянию помогут начать год с новыми силами.

💬 [Получить MAXимум пользы для здоровья](https://max.ru/minzdrav_ru)",11044,51,5,minzdrav_ru
13714,2026-01-13T12:40:22+00:00,"🍾❌ **#ПростыеПравила****: Почему старый Новый год — не повод «допить» алкоголь**

Об этом рассказал колопроктолог второго хирургического отделения НМИЦ колопроктологии имени А.Н. Рыжих Минздрава России Антон Лукьянов.

❗️ Безопасной дозы алкоголя не существует! Фразы вроде «одна-две рюмки не повредят» или «бокал вина для сосудов» — миф, опровергнутый современной наукой. 

🍾 К чему приводит попадание алкоголя в организм:

🎥 повреждается ДНК, провоцируя мутации;
🎥 обостряется геморрой, так как кровь приливает ко всем органам, включая геморроидальные сплетения. Они переполняются, увеличиваются и могут воспалиться;
🎥 растут риски семи типов рака: ротовой полости, глотки, гортани, пищевода, печени, толстой и прямой кишки, молочной железы;
🎥 нарушается гормональный баланс и работа нервной системы;
🎥 увеличиваются риски болезней сердца и психических расстройств. Также страдают настроение, память и самоконтроль;
🎥 нарушается работа ЖКТ, поджелудочной, печени (риск цирроза, гепатита), сердечно-сосудистой и эндокринной систем, а также подавляется иммунитет. 

📈 По данным исследований алкоголь входит в топ-5 факторов глобальной заболеваемости, куда также входят высокое артериальное давление, курение, недостаток физической активности и высокий уровень глюкозы в крови. 

Любое количество алкоголя повышает совокупный риск для здоровья. 

__— Здоровый подход к празднованию старого Нового года — это не поиск минимального вреда, а стремление к максимальной пользе. Польза начинается с отказа от алкоголя, который вредит организму, — подчеркнул эксперт.__

💬 [Получить MAXимум пользы для здоровья](https://max.ru/minzdrav_ru)",18144,108,4,minzdrav_ru
13713,2026-01-13T11:00:56+00:00,"🎁 **Чек-лист здорового человека в 2026 году**

Старый Новый год — волшебный день. Он словно дает нам еще один шанс сделать то, что не успели за праздники: загадать желание, которое не придумали до боя курантов, поразмыслить о полезных привычках.

🤔 Мы собрали в одном чек-листе самые полезные и важные привычки, которые помогут вам качественно начать и провести год. 

Отметьте, что уже есть в вашей программе! 

❤️‍🔥 С праздником! Пусть старый Новый год оставит вам только теплые воспоминания. 

💬 [Получить MAXимум пользы для здоровья](https://max.ru/minzdrav_ru)",72700,464,2,minzdrav_ru
13704,2026-01-13T05:35:16+00:00,"🧍‍♂ **Михаил Мурашко открыл новый корпус Первого Санкт-Петербургского государственного медицинского университета **

В новом корпусе начнут работу два медицинских подразделения:  
🔴Клинико-реабилитационный центр Научно-исследовательского института детской онкологии, гематологии и трансплантологии имени Р.М. Горбачевой;
🔴Клиника офтальмологии.

__— В первую очередь создан реабилитационный блок для детей с онкогематологическими заболеваниями. На текущий момент эффективность лечения превышает 92%, что особенно значимо для этой категории больных. Сегодня данному направлению уделяется повышенное внимание — в том числе в части формирования необходимой инфраструктуры, развития научной базы и разработки инновационных методов лечения, — рассказал министр здравоохранения РФ Михаил Мурашко. __

Работа нового Клинико-реабилитационного центра позволит детям после лечения онкологических заболеваний проходить эффективную реабилитацию, восстановить здоровье и повысить качество жизни пациентов после агрессивного лечения онкологических заболеваний. Созданный в корпусе учебный класс поможет юным пациентам осваивать школьную программу.

__— Уникальный корпус позволит значительно продвинуться в решении проблем детской онкологии и оказывать помощь пациентам со всей страны, — заключил ректор Первого Санкт-Петербургского ГМУ им. акад. И.П. Павлова Минздрава России Сергей Багненко. __

👉 Еще одно новое подразделение — Клиника офтальмологии — будет оказывать квалифицированную медицинскую помощь по профилю ""офтальмология"" для жителей города, области, других регионов и пациентов других отделений. На базе клиники будут работать офтальмологическое отделение, консультативно-диагностическое отделение, операционный блок, которые будут оснащены современным медицинским оборудованием, которое позволит проводить углубленное офтальмологическое обследование широкого спектра заболеваний глаза. 

__— Также хочу отметить, что в этом центре пациенты смогут получать плановую хирургическую помощь для лечения катаракты, глаукомы, заболеваний роговицы и сетчатки глаза, — подчеркнул министр.__

На базе клиники будут работать офтальмологическое отделение, консультативно-диагностическое отделение и операционный блок. Они будут оснащены современным медицинским оборудованием, которое позволит проводить углублённое обследование при широком спектре глазных заболеваний.

__— В рамках отдельного проекта жителям блокадного Ленинграда обеспечат приоритетный доступ к лечению и дополнительное финансирование для терапии глаукомы и катаракты. Для пожилых людей качественная офтальмологическая помощь — это ключ к активной жизни: сохранение зрения минимизирует риски травм и способствует полноценной социализации, — рассказал министр. __

Губернатор Санкт-Петербурга Александр Беглов подчеркнул, что ключевой задачей является комплексный подход, который включает не только лечение, но и последующую реабилитацию, а также непрерывное обучение детей в привычной для них среде, где они осваивают чтение, письмо и другие навыки.

💬 [Получить MAXимум пользы для здоровья](https://max.ru/minzdrav_ru)

#ЗдоровьеВПриоритете",6572,35,3,minzdrav_ru
13703,2026-01-12T15:06:18+00:00,"👨‍⚕️ **Липецкие врачи сохранили ребенку полноценную работу кисти после удаления опухоли**

В Областную детскую больницу г. Липецка поступил 11-летний пациент с обширной опухолью кисти.

➡️ Во время операции новообразование оказалось значительно больше ожидаемого. Опухоль была тесно связана с нервами, сосудами и сухожилиями ладони.

Для сохранения функции кисти потребовалось применение микрохирургических технологий. В ходе вмешательства специалистам удалось полностью удалить опухоль, не повредив жизненно важные структуры. 

❤️ Сегодня ребенок свободно двигает рукой, функция кисти полностью сохранена. Врачи отмечают благоприятный прогноз: ребенку можно возвращаться к активной жизни и занятиям спортом.

#МедицинаРегионов

💬 [Получить MAXимум пользы для здоровья](https://max.ru/minzdrav_ru)",7443,14,6,minzdrav_ru
13697,2026-01-12T12:10:33+00:00,"🚑 **В ДНР поступят пять бронированных автомобилей на станции скорой медицинской помощи**

Новая спецтехника оснащена противодроновыми сетками, бронированным корпусом для работы в условиях повышенной опасности и полностью готова к эксплуатации.

📌 Бронированные автомобили будут направлены в Горловку, Селидово и другие населенные пункты, где сохраняется высокая угроза вражеских атак.

Передача техники состоялась на базе подстанции №3 Республиканского центра экстренной медицинской помощи в Донецке при участии первого заместителя Руководителя Администрации Президента РФ Сергея Кириенко.

➡️ Кроме того, фельдшерам были вручены благодарственные письма Президента РФ, а водителям спецтехники — благодарности Министра здравоохранения РФ за самоотверженность и профессионализм.

💬 [Получить MAXимум пользы для здоровья](https://max.ru/minzdrav_ru)

#Модернизация",6402,29,1,minzdrav_ru
13693,2026-01-12T11:01:08+00:00,"🏥 **Во Владивостоке на Русском острове открылась отремонтированная амбулатория**

Более 6 тыс. жителей Русского получают медицинскую помощь в капитально обновленном филиале Владивостокской поликлиники №1.

📌 В терапевтическом отделении полностью заменили инженерные системы, провели перепланировку и обновили все внутренние помещения. Также в медучреждении установили современные электрические котлы.

Отдельное внимание уделили сохранению исторического облика: восстановили оконные проемы и провели наружную отделку фасада.

В амбулатории увеличили количество кабинетов, установили системы кондиционирования и вентиляции. Для маломобильных пациентов оборудовали два пандуса и колясочные.

➡️ Ранее в филиале завершили работы в детском отделении и произвели замену кровли. 

💬 [Подписывайтесь на Минздрав России в МАХ](https://max.ru/minzdrav_ru)

#МедицинаРегионов
#Модернизация",5868,4,2,minzdrav_ru
13692,2026-01-11T17:26:07+00:00,"🩼 #ПростыеПравила: **Как правильно оказать ребенку помощь при травмах**

Об этом рассказал заместитель главного врача по травматологической помощи НМИЦ детской травматологии и ортопедии им. Г.И. Турнера Минздрава России Никодим Кулик.

__— В зимний период детский травматизм растёт: лёд, стихийные горки, сокращённый режим работы поликлиник в праздники. Родителям важно знать, куда и как быстро обращаться, — рассказал эксперт.__

Куда необходимо обратиться за помощью при получении травмы:

🔴 Травматологический пункт — при неосложнённых переломах и вывихах, когда помощь нужна срочно, но жизни ничего не угрожает. Работает по расписанию;
🔴 Приёмное отделение дежурного стационара — в ночное время, выходные и праздничные дни при любой серьёзной травме. Помощь оказывается круглосуточно и бесплатно, независимо от прописки;
🔴 Скорая помощь (112) — при жизнеугрожающих состояниях, когда самостоятельная транспортировка опасна.

__— В условиях стресса родителям свойственно либо недооценивать, либо переоценивать тяжесть состояния ребенка. Для объективизации ситуации в травматологии применяется принцип сортировки, который можно адаптировать для бытового использования, — подчеркнул эксперт.__

**Три степени тяжести травм**:
1️⃣ «Зеленая зона»: сюда относятся ушибы и небольшие кровоподтёки («синяки»);
2️⃣ «Желтая зона»: это большинство неосложненных переломов костей верхних и нижних конечностей.  Ребенок испытывает резкую боль, видна деформация, движение в конечности невозможно;
3️⃣ «Красная зона»: жизнеугрожающие состояния и тяжелые скелетные травмы. Это ситуации, при которых родителям нельзя заниматься самостоятельной логистикой и самолечением.

__— Если боль не утихает в течение нескольких часов, отек нарастает, а ребенок не может наступить на ногу или полноценно двигать рукой, нарушена ось сегмента, или под кожей пальпируется кость — это повод обратиться в районный травмпункт, — заключил эксперт. __

О полезных привычках смотрите на сайте ➡️ [ТакЗдорово](https://www.takzdorovo.ru/)

💬 [Получить MAXимум пользы для здоровья](https://max.ru/minzdrav_ru)",16143,76,5,minzdrav_ru
13685,2026-01-11T10:03:28+00:00,"🥱 **#ПростыеПравила****: Как справиться с бессонницей после новогодних праздников 

**Об** **этом рассказала невролог НМИЦ «Лечебно-реабилитационный центр» Минздрава России
Лидия Чижикова.

__— Бессонница или инсомния — расстройство сна, которое характеризуется недостаточной продолжительностью или неудовлетворительным качеством сна либо сочетанием этих явлений на протяжении значительного периода времени, — отметила эксперт.__

Выделяют: 

🔴Пресомнические нарушения — трудности начала сна;
🔴 Интрасомнические нарушения — частые ночные пробуждения;
🔴Постсомнические нарушения — проблема раннего утреннего пробуждения с невозможностью последующего засыпания.

__— Основные причины праздничной бессонницы связаны с нарушением режима дня, стрессом и влиянием образа жизни, — подчеркнула Лидия Чижикова.

__Подробнее об этом читайте в наших карточках ↗️

О полезных привычках смотрите на сайте ➡️ [ТакЗдорово ](https://www.takzdorovo.ru/)

💬 [Получить MAXимум пользы для здоровья](https://max.ru/minzdrav_ru)",33841,284,3,minzdrav_ru
13684,2026-01-10T15:20:27+00:00,"**😭**** ****#ПростыеПравила****: Как не расстраиваться, что праздники заканчиваются**

Об этом рассказала доцент кафедры педагогики и психологии Северного ГМУ Минздрава России Лада Ложкина.

__— Праздники — это дни, на которые возлагаются большие надежды: надежда на чудо, на радость, на путешествия, — отметила она. — Но праздники проходят и оказывается, что ожидания не вполне оправдались, а вместо удовлетворения мы испытываем разочарование и грусть.
__
**👍**** Как сохранить хорошее настроение?**

**✅**** Планируйте
**
Готовиться к праздникам заранее: уделите несколько минут и запишите все свои желания, выделив самые главные, распланируйте время и подготовьте все необходимое. 

__— Это позволит полностью расслабиться в праздники и провести их с радостью, — уточнила Лада Ложкина.__

🚫 Но! Не стремитесь сделать слишком много: отдых — это неспешность. 

**👍**** Подведение итогов**

Пересмотрите фотографии, отберите те, которые ассоциируются с чем-то ярким и приятным.

🔜 Разместите их в хронологическом порядке, оформите в виде альбома, напишите комментарии, вспомните, что вы думали и чувствовали в эти дни.

__— Праздничные дни заканчиваются и это хорошо! Бесконечный праздник неизбежно приедается. Хорошее завершение отдыха — это еще раз мысленно прожить его, — подчеркнула эксперт.
__
О полезных привычках смотрите на сайте ➡️ [ТакЗдорово ](https://www.takzdorovo.ru/)

💬 [Получить MAXимум пользы для здоровья](https://max.ru/minzdrav_ru)",19496,87,10,minzdrav_ru
13680,2026-01-10T11:03:11+00:00,"➡️ Вас пригласили в чат #ЯТолькоСпросить
**
Сейчас мы выясним, как после новогодних праздников похудеть безопасно и комфортно для себя**

😎 В сети диетолог НМИЦ терапии и профилактической медицины Минздрава России Анастасия Игнатиади.

📄 Чем вы рискуете, выбирая экстремальные диеты:

🎥 Может нарушиться обмен веществ;
🎥 Есть риск потери мышечной массы;
🎥 Может возникнуть дефицит важных витаминов и минералов.

❤️ Чтобы снижение веса было безопасным и устойчивым, необходимо:

🎥 Создавать умеренный дефицит калорий (500-1000 ккал в день) для похудения на 0,5-1 кг в неделю;
🎥 Сбалансировать рацион: включить овощи, фрукты, белок, цельнозерновые продукты и полезные жиры;
🎥 Регулярно заниматься физической активностью — не менее 150 минут в неделю;
🎥 Пить достаточное количество воды, особенно перед приемами пищи.

📲 Остальные советы эксперта  — в нашем чате...

💬 [Получить MAXимум пользы для здоровья](https://max.ru/minzdrav_ru)",8439,48,4,minzdrav_ru
13679,2026-01-09T16:27:03+00:00,"👩‍🎓 #ПростыеПравила: **Как помочь ребёнку вернуться в учебный ритм после каникул**

Об этом рассказала детский кардиолог, начальник отдела контроля качества медицинской помощи Федерального центра сердечно-сосудистой хирургии Минздрава России (г. Пенза) Маргарита Тунгусова.

__— Важно мягко адаптироваться к обычному ритму жизни: откорректируйте график сна и бодрствования, постепенно сдвигая часы отхода ко сну и утреннего подъема ближе к привычным показателям, — рассказала эксперт. __

👉 **Ключевые рекомендации для лёгкой адаптации:**

🔴 Постепенно корректируйте график сна и бодрствования. Продолжайте пользоваться будильником даже на каникулах, чтобы к началу учёбы восстановить привычный распорядок;
🔴 Заранее подготовьте учебное пространство, чётко отделив его от места отдыха;
🔴  Ежедневные прогулки и активные игры на свежем воздухе не только укрепляют иммунитет, но и снимают стресс, улучшают сон и настроение за счёт выработки эндорфинов. Старайтесь уделять движению не менее 30 минут в день;
🔴 Нерегулярный прием пищи, особенно сопровождающийся перееданием, а в период каникул часто дополненный чрезмерным потреблением сладостей и газировки, негативно влияет на работу желудочно-кишечного тракта.

📌 **Чтобы избежать проблем с пищеварением, следует придерживаться ряда рекомендаций:**

➡️ Сократите количество сладкого, заменяя конфеты и выпечку свежими фруктами;
➡️ Используйте для заправки салатов натуральный йогурт вместо майонеза;
➡️ Обогатите рацион овощами и зеленью;
➡️ Замените газировку и соки на травяные чаи или воду.

__— Соблюдение этих простых рекомендаций позволит минимизировать стрессовую нагрузку на детский организм и поможет легко перейти в рабочий ритм школьной жизни полными энергии и энтузиазма, — заключила эксперт. __

О полезных привычках смотрите на сайте ➡️ [ТакЗдорово](https://www.takzdorovo.ru/)

💬 [Получить MAXимум пользы для здоровья](https://max.ru/minzdrav_ru)",15047,79,4,minzdrav_ru
13678,2026-01-09T10:26:30+00:00,"🧁 #ПростыеПравила: **Почему новогодние сладости становятся угрозой для детского организма**

Об этом рассказала профессор кафедры пропедевтики детских болезней, диетолог клиники Санкт-Петербургского государственного педиатрического медицинского университета Минздрава России Анна Завьялова.

__— Зачастую сладостями заменяются даже необходимые горячие блюда, богатые белками, жирами, то есть теми нутриентами, которые необходимы для роста и развития ребенка, для поддержки слизистой оболочки желудочно-кишечного тракта в здоровом состоянии. Углеводы из конфет губительны и для микрофлоры кишечника, — заявила эксперт. __

🍰 Именно в первые дни января врачи фиксируют всплеск обращений детей с острыми болями в животе — до 60% этих случаев связаны с бесконтрольным употреблением конфет из новогодних подарков.

**Как обезопасить здоровье ребенка:** 

➡️ Обеспечить пищевой баланс: В новогодние праздники увеличиваем в рационе долю овощей, белковых продуктов и чистой воды;
➡️ Установить четкие лимиты: Не более 1-2 конфет в день, строго после основного приема пищи, никогда — вместо завтрака или обеда.

__— Самое главное — дозированное употребление сладостей. Помните, ребенок и так съест много конфет в школе, садике, на ёлке, в гостях. И этот удар по детскому организму может стать фатальным, — заключила эксперт. __

О полезных привычках смотрите на сайте ➡️ [ТакЗдорово ](https://www.takzdorovo.ru/)

💬 [Получить MAXимум пользы для здоровья](https://max.ru/minzdrav_ru)",14557,77,3,minzdrav_ru
13673,2026-01-08T17:21:23+00:00,"🍽🙅‍♀️ **#ПростыеПравила****: Как пережить новогоднее застолье**

Об этом рассказала заведующая гастроэнтерологическим отделением НМИЦ колопроктологии им. А.Н. Рыжих Минздрава России Бэлла Выкова.

‼️ Главное правило — слушайте свой организм! Ваш кишечник — лучший советчик. То, что подходит одному, может быть категорически противопоказано другому.

📄 Почему после праздников нам бывает плохо?

🎥 жирная, острая, сладкая пища в большом объеме — удар по печени, поджелудочной железе и кишечнику. Органы просто не справляются;
🎥 мы едим огромными порциями, поздно ночью, смешиваем несочетаемые продукты. Это сбивает все пищеварительные ритмы;
🎥 незнакомые экзотические блюда, новые соусы — частая причина индивидуальных реакций, отравлений и обострений;
🎥 подготовка к празднику, недосып, нарушение графика приема лекарств снижают адаптационные способности ЖКТ.

__— Если у вас есть особенности по питанию, связанные с наличием заболевания, и вы празднуете дома, продумайте меню с учетом своих особенностей. Если в гостях — заранее поинтересуйтесь, что будет на столе, и подумайте, что вы сможете съесть. Не стесняйтесь предложить принести с собой что-то «свое» и безопасное, — отметила эксперт.__

🎁 Новогодние праздники — не время для кулинарных экспериментов. Настоящий подарок себе — это осознанный выбор в пользу безопасного и проверенного.

Вся важная информация — в наших карточках 🖼

О полезных привычках смотрите на сайте ➡️ [ТакЗдорово](https://www.takzdorovo.ru/)

💬 [Получить MAXимум пользы для здоровья](https://max.ru/minzdrav_ru)",11199,45,0,minzdrav_ru
13672,2026-01-08T12:56:02+00:00,"👧 #ПростыеПравила: **Как восстановить режим ребенка после праздников**

Об этом рассказала заведующая кафедрой педиатрии им. ак. А.Ф. Тура Санкт-Петербургского государственного педиатрического медицинского университета Минздрава России Мария Ревнова.

__— Очень важно, чтобы ребенок это сам понял и принял, стремился к определенному образу жизни — это не должно быть только желанием родителей, — рассказала эксперт. __

❗️Именно в первые недели после праздников наблюдается всплеск утомляемости, снижение иммунитета и успеваемости у школьников — и до 80% этих проблем связаны с нарушенными биоритмами и привычками.

Как ребенку восстановить режим дня без стресса для организма:

➡️ Сдвигайте время подъёма и отбоя постепенно — на 30-40 минут раньше каждый день;
➡️ Введите обязательную вечернюю рутину: тёплый душ, спокойная игра, чтение книги;
➡️ Введите правило «электронного заката» — за 1,5 часа до сна убираем все гаджеты;
➡️ Увеличьте физическую активность днем: активные игры, прогулки, спорт;
➡️ Полностью вернитесь к учебному графику сна;
➡️ Введите полезные ритуалы: совместный завтрак, обсуждение планов на день.

__— Обязательно разговаривайте с ребёнком о том, что ему интересно, что его волнует, может быть, тревожит. Выходные и праздники следует посвятить общению и укреплению семейных отношений, — заключила эксперт. __

О полезных привычках смотрите на сайте ➡️ [ТакЗдорово ](https://www.takzdorovo.ru/)

💬 [Получить MAXимум пользы для здоровья](https://max.ru/minzdrav_ru)",21789,127,0,minzdrav_ru
13667,2026-01-07T17:01:49+00:00,"🏥 **Андрей Плутницкий в светлый праздник Рождества Христова посетил пациентов церковной Больницы Святителя Алексия**

Заместитель министра здравоохранения РФ Андрей Плутницкий вместе с главным врачом церковной клиники Алексеем Заровым** **поздравили пациентов и подарили им подарки.

__— Очень рад сегодня передать поздравления от министра здравоохранения России Михаила Альбертовича Мурашко всем пациентам и сотрудникам Больницы Святителя Алексия. Рождественское время наполнено тихой радостью и надеждой, которыми хочется делиться. Помогая другим, мы помогаем себе — это вносит огромный вклад в развитие духовно-нравственных ценностей нашей страны. Пусть Господь укрепит всех нас, чтобы мы еще больше могли служить людям и нашей любимой Родине, — сказал он.__

➡️ Центральная клиническая больница Святителя Алексия — многопрофильное медицинское учреждение Русской Православной Церкви на 300 мест. Здесь лечатся люди из всех регионов России вне зависимости от вероисповедания.

— __Для наших пациентов такое внимание в великий праздник особенно дорого и важно. Мы всегда дорожим возможностью их поздравить и передать благословение Святейшего Патриарха Кирилла, Председателя Попечительского Совета нашей больницы. В этот раз радость от рожденного Спасителя мы разделяем вместе с дорогим другом нашей больницы Андреем Николаевичем Плутницким, — сказал главный врач больницы Алексей Заров.

__💬 [Получить MAXимум пользы для здоровья](https://max.ru/minzdrav_ru)",6728,22,3,minzdrav_ru
13666,2026-01-07T16:40:30+00:00,"😷 **#ПростыеПравила****: Что делать, если у ребёнка грипп?**

Об этом рассказала профессор кафедры инфекционных заболеваний у детей факультета последипломного и дополнительного профессионального образования Педиатрического университета Минздрава России Ирина Бабаченко.

__— У детей грипп может протекать тяжелее, чем у взрослых, поскольку их иммунная система ещё не так «натренирована», — отметила эксперт.__

➡️ **Характерные симптомы гриппа:
**
🔴 высокая температура до 39–40 °C, часто с сильным ознобом;
🔴 отсутствие насморка в первые 1–2 дня (это отличает грипп от других ОРВИ);
🔴 сухость, першение в горле, позже — кашель и боль;
🔴 выраженная интоксикация: слабость, сонливость, потеря аппетита, тошнота, рвота.

Если грипп протекает без осложнений, острая фаза длится 4–5 дней, затем состояние постепенно улучшается.

↪️ **Важно помнить:
**
Грипп — опасная инфекция, которая может давать серьёзные осложнения. Самолечение недопустимо. При первых симптомах нужно вызвать педиатра.

__— Специалист может назначить противовирусный препарат — осельтамивир. Механизм действия основан на блокировании фермента нейраминидазы, необходимого вирусу для распространения внутри организма, — уточнила Ирина Бабаченко.__

➡️ Таким образом, инфекция замедляется, предотвращается дальнейшее размножение вирусов и облегчаются симптомы болезни. 

__— Препарат может применяться у детей старше года. В России сегодня доступен препарат под торговым названием Номидес, действующее вещество которого — осельтамивир. Он выпускается и в форме суспензии, что позволяет его давать детям, — добавила эксперт.__

📌 По данным Росздравнадзора, препараты имеются в наличии по всей стране. Производство, поставки и ввод в гражданский оборот идут в плановом режиме.

В ноябре-декабре 2025 года в гражданский оборот были введены суспензия и порошок — более 85 тыс. шт. и более 72 тыс. шт. соответственно. В феврале и марте запланирован ввод в гражданский оборот еще более 122 тыс. шт. препарата в форме порошка

До конца января будут дополнительно поставлены  капсулы в дозировках 75, 45 и 30 мг — суммарно более 1,3 млн упаковок. А до конца февраля — еще более более 1 млн упаковок.

↪️ **Что ещё важно при гриппе:
**
🔴 покой и отдых;
🔴 обильное питьё: вода, чай, домашний компот из сухофруктов;
🔴 не перекутывать ребёнка, чтобы не усиливать жар.

__— Если состояние ребёнка ухудшается: ему тяжело дышать, появилась спутанность сознания, вялость, температура не снижается после приёма жаропонижающих или что-то ещё в его поведении вызывает тревогу, нужно обращаться за медицинской помощью — адекватно оценить ситуацию может только врач, — заключила Ирина Бабаченко.__

💬 [Получить MAXимум пользы для здоровья](https://max.ru/minzdrav_ru)",14818,136,2,minzdrav_ru
13656,2026-01-07T15:40:31+00:00,"🎄 **«Ёлка желаний»:** **Михаил Мурашко исполнил мечту 17-летней Анны из г. Кстово Нижегородской области **

Анна побывала в Национальном центре «Россия», в том числе на новогоднем представлении «Морозко», а также вместе с Министром здравоохранения РФ Михаилом Мурашко посетила подразделения Пироговского университета Минздрава России, где ведутся исследования и обучаются студенты по направлению «Медицинская кибернетика». 

Анна сейчас готовится к ЕГЭ и всерьез рассматривает возможность связать свою профессиональную жизнь не просто с программированием, а именно с медицинской кибернетикой. 

В Пироговском университете Минздрава России она встретилась со студентами и выпускниками, которые рассказали и про особенно обучения, и про возможности, которые открывает эта специализация для исследователей и для пациентов. 

Вместе с министром здравоохранения РФ и ректором университета Анна побывала в Центре доклинических трансляционных исследований им. Э.М. Когана, отделе геймификации образования, отделе нейрокомпьютерных интерфейсов, а также посетила лабораторию, где на 3D-принтере изготавливают макеты протезов и разных учебных материалов для студентов.

Специалисты показали, как работает симуляционное обучение. Анна попробовала себя в сценарии работы на скорой по вызову к молодому человеку стало плохо в стоматологической поликлинике. В симуляции ей нужно было провести осмотр, по имеющимся симптомам и анамнезу поставить диагноз и стабилизировать состояние пациента. Сама девушка призналась, что это было не так-то просто. 

Следующая точка экскурсии по университету — разработки на основе интерфейса «мозг-компьютер» и роботизированных экзоскелетов. Пока младшая сестра Анны пробовала работу экзокисти, министр здравоохранения РФ объяснил, что такие  разработки используются, например, для реабилитации пациентов, перенесших инсульт. Технологии позволяют увеличить объем движений и способность выполнять изолированное движение в отдельном суставе.

__— Для работы врачом сегодня нужна креативность: без неё сложно создавать новые подходы и выстраивать доверительные отношения с пациентами. Технологии стали неотъемлемой частью медицины. Например, в ортопедии теперь используют специальных роботов для установки имплантов — каждый случай индивидуален, требует персонализированного решения. В нашей профессии важна абсолютная точность, — рассказал министр. __

Еще одна точка побывала в Инжиниринговом центре Пироговского университета Минздрава России, где руководитель центра рассказала, что лаборатории центра выполняют большой спектр задач от разработки дизайн-проектов медицинских изделий и изготовления прототипов до готовых изделий. Кроме того, специалисты лаборатории аддитивных технологий могут создавать 3D-модели любой сложности. 

По окончании встречи Анна поделилась, что только укрепилась в решении связать жизнь с медициной и информатикой. 

__— Основой являются хорошие оценки и участие в олимпиадах, на которых идет колоссальная тренировка мозга, поскольку используется нестандартный подход к решению задач. Это также очень важно, — заключил министр. __

💬 [Получить MAXимум пользы для здоровья](https://max.ru/minzdrav_ru)",8374,22,1,minzdrav_ru
13655,2026-01-07T15:02:31+00:00,"**🎄****🤕**** ****#ПростыеПравила****: Как не начать Новый год в травмпункте **

Об этом рассказал травматолог-ортопед НМИЦ травматологии и ортопедии им. Н.Н. Приорова Минздрава России Алан Езеев.

__— Для травматологов зима — «горячее» время. Именно зимой случается около 40% всех травм, происходящих в течение года. Большая часть травм — это последствия падений на скользкой дороге, льду, в темноте. В топе новогодних травм также ожоги и порезы, — заявил эксперт.__

🔥**Что делать при ожогах **

Некачественная пиротехника или нарушение правил безопасности могут привести к ожогам лица, шеи, промежности, стоп, кистей и крупных суставов. 

При ожоге I-II степени охладите место поражения (лед через ткань) в первые 20 минут и накройте стерильной влажной салфеткой. При ожоге III-IV степени срочно обратитесь к врачу. Никогда не мажьте ожог маслом и не вскрывайте пузыри.

💡 Ожоги I-II степени — это поверхностные повреждения, которые затрагивают только верхние слои кожи, а ожоги III-IV степени — это глубокие разрушительные поражения, которые проникают через все слои кожи, затрагивая подкожную клетчатку, мышцы и даже кости.

🦴 **Что делать при вывихе**

Не пытайтесь «вправить» вывих — любые манипуляции могут ухудшить состояние. Приложите что-нибудь холодное (лед, снег) к поврежденному месту. При выраженном болевом синдроме обратитесь к специалисту. 

__— Пострадавший должен как можно меньше двигаться, чтобы не усугубить свое состояние. Даже если боль не беспокоит, лучше сразу обратиться к врачу. Не занимайтесь самолечением, — напомнил эксперт.__

🧊 **Как правильно падать **

🎥 При падении на спину: широко разведите руки, чтобы смягчить удар и не приземлиться на локти. Прижмите подбородок к груди, защищая затылок.
🎥 При падении на бок: свернитесь «клубком». Подтяните колени к груди, прижмите локти к телу, постарайтесь приземлиться на боковую поверхность туловища и предплечье.
🎥 В любой ситуации: согните ноги в коленях, чтобы снизить высоту падения. Интенсивно взмахивайте руками — это помогает удержать равновесие. Попытайтесь ухватиться за любую опору.

‼️ **Что делать НЕ надо**

1️⃣ Падать на вытянутую руку — высокий риск перелома лучевой кости или запястья.
2️⃣ На локоть — это может привести к перелому ключицы или плечевой кости.
3️⃣ Прямо на ягодицы — возрастает опасность компрессионного перелома позвонков.
4️⃣ На колено — высока вероятность травмы коленной чашечки.

О полезных привычках смотрите на сайте ➡️ [ТакЗдорово](https://www.takzdorovo.ru/)

💬 [Получить MAXимум пользы для здоровья](https://max.ru/minzdrav_ru)",13367,67,0,minzdrav_ru
13649,2026-01-07T10:40:36+00:00,"📝 **#ПростыеПравила****: 5 вещей, которые мы делаем только в праздники, а нужно чаще 

**Об** **этом рассказал заведующий кафедрой психотерапии, медицинской психологии и сексологии Северо-Западного ГМУ им. И.И. Мечникова Минздрава России Павел Бомов.

__— Наши новогодние традиции — это не просто веселье, а мощные психологические практики, которые мы необоснованно ограничиваем одним днем в году, — отметил эксперт.__

**Важно:**

🔴 Заведите «дневник благодарности» и перед сном записывайте 3 вещи, за которые вы благодарны сегодняшнему дню: это могут быть вкусный кофе, звонок друга, улыбка прохожего;
🔴 Регулярная уборка помогает не «захламлять» жизнь: установите правило «10 минут в день» для наведения порядка;
🔴 Сделайте объятия продолжительностью не менее 20 секунд ежедневным ритуалом при встрече или прощании;
🔴 Регулярно устраивайте себе «час без правил», разрешите себе быть немного ребенком.

__— Новый Год — это напоминание. Напоминание о том, какие инструменты для счастливой жизни у нас уже есть. Давайте не будем запирать их в коробке с елочными игрушками до следующего декабря. Используйте их регулярно, и тогда ощущение Нового года — ощущение обновления, надежды и близости — будет с вами гораздо чаще, — заключил Павел Бомов.

__Подробнее об этом читайте в наших карточках ↗️__

__О полезных привычках смотрите на сайте ➡️ [ТакЗдорово ](https://www.takzdorovo.ru/)

💬 [Получить MAXимум пользы для здоровья](https://max.ru/minzdrav_ru)",14311,117,3,minzdrav_ru
13644,2026-01-06T14:36:35+00:00,"**😷**** ****#ПростыеПравила****: Почему дети болеют после каникул и как поддержать их иммунитет**

Об этом рассказала аллерголог-иммунолог, заместитель директора по научной работе НМИЦ здоровья детей Минздрава России Светлана Макарова.

__— После каникул дети могут чаще болеть из-за стресса, смены режима и окружения, снижения иммунитета. Чтобы поддержать здоровье ребёнка, важно следовать простым правилам, основанным на научных данных, — отметила эксперт.

__✅ Важен комплексный подход:__
__
1⃣Сбалансированное питание;
2⃣ Регулярный режим сна;
3⃣ Физическая активность;
4⃣ Гигиена;
5⃣ Вакцинация;
6⃣ Управление стрессом;
7⃣ Профилактика простуд;
8⃣ Контроль за здоровьем.

__— Если ребёнок продолжает часто болеть, несмотря на соблюдение этих мер, стоит проконсультироваться с педиатром или иммунологом для более детального обследования, — подчеркнула Светлана Макарова.

__Подробнее о том, как поддержать иммунитет ребёнка, читайте в наших карточках ↗️
 
О полезных привычках смотрите на сайте ➡️ [ТакЗдорово ](https://www.takzdorovo.ru/)

💬 [Получить MAXимум пользы для здоровья](https://max.ru/minzdrav_ru)",33293,113,2,minzdrav_ru
13643,2026-01-06T10:26:33+00:00,"👉 **#ПростыеПравила****:** **Как оценить состояние организма по ключевым показателям**

Об этом рассказала терапевт НМИЦ Лечебно-реабилитационного центра Минздрава России Алина Кириченко.

__— Высокое артериальное давление может привести к сердечно-сосудистым заболеваниям, инсульту и другим серьезным проблемам, — рассказала эксперт.__

‼️ Какие показатели важно контролировать регулярно:

➡️ **Артериальное давление**: регулярный мониторинг своего здоровья помогает предотвратить риски сердечно-сосудистых заболеваний;
➡️ **Холестерин**: высокий уровень холестерина может способствовать образованию бляшек в артериях, что увеличивает риск сердечно-сосудистых заболеваний;
➡️** Индекс массы тела**: ИМТ помогает оценить соотношение веса и роста, что может указывать на риск ожирения или недостатка веса, а также связанных с ними заболеваний.

__— Регулярный мониторинг этих показателей поможет поддерживать здоровье и предотвратить развитие серьезных заболеваний, — заключила эксперт. __

Для оценки данных показателей здоровья можно обратиться в поликлинику для прохождения профилактического осмотра и диспансеризации.

О полезных привычках смотрите на сайте ➡️ [ТакЗдорово](https://www.takzdorovo.ru/)

💬 [Получить MAXимум пользы для здоровья](https://max.ru/minzdrav_ru)",12685,52,1,minzdrav_ru
13638,2026-01-05T17:06:29+00:00,"💭 **Михаил Мурашко: Наша общая задача — чтобы праздники не были омрачены проблемами со здоровьем**

Об этом заявил министр здравоохранения РФ Михаил Мурашко в ходе рабочей поездки в Тверскую область.

➡️ Особое внимание во время визита министр уделил организации службы экстренной медицинской помощи.  Несмотря на праздничные дни, все медицинские учреждения области работают в штатном режиме. 

Глава Минздрава России обратился к жителям с призывом быть осторожными. 
 
—__ Новогодние праздники продолжаются, и, к сожалению, мы фиксируем повышенное количество обращений, в том числе с травмами. Уважаемые друзья, берегите себя, будьте умеренны в употреблении алкоголя. Особенно хочу обратиться к водителям: в условиях снегопада и гололёда будьте максимально внимательны и дисциплинированы за рулём. Наша общая задача — чтобы праздники не были омрачены проблемами со здоровьем, — сказал министр.__

🚑 Также Михаил Мурашко ознакомился с работой Ржевской станции скорой медицинской помощи. 

Ранее здесь был выполнен капитальный ремонт, созданы все необходимые условия для работы и отдыха бригад.

📌 Михаил Мурашко дал высокую оценку работе службы скорой помощи в праздники. 
 
__— Посмотрели, как работает экстренная помощь. Она действительно эффективно отработана в новогодние праздники и в целом хорошо организована.Поскольку поток в новогодние  праздники сопряжён с пациентами, получившими травмы — дорожные, транспортные, бытовые, мы посмотрели, как организована в том числе и система помощи этой категории пациентов. Хочу поблагодарить руководство региона за выполнение большинства запланированных мероприятий в прошлом году, — подчеркнул он.

__💬 [Получить MAXимум пользы для здоровья](https://max.ru/minzdrav_ru)

#МедицинаРегионов",4892,8,4,minzdrav_ru
13630,2026-01-05T16:08:07+00:00,"🏥 **Михаил Мурашко ознакомился с работой медицинских организаций Тверской области 
 
**Министр здравоохранения РФ Михаил Мурашко с рабочей поездкой посетил Тверскую область. 

📝 Он ознакомился с работой медицинских организаций Ржевского района, оценил работу медицинских объектов в новогодние праздники, а также обсудил в рамках двусторонней встречи с исполняющим обязанности Губернатора Тверской области Виталием Королевым строительство новых объектов в регионе. 

В рамках визита Министр они также посетили Ржевский мемориал Советскому солдату, где почтили память освободителей и возложили цветы. 
 
↪️ **Многопрофильная больница для более 63 тыс.жителей: технологии и телемедицина**
 
Глава Минздрава России ознакомился с работой Ржевской центральной районной больницы, оказывающей медицинскую помощь более 63 тысяч жителей муниципального округа. 

➡️ Медицинская организация включает в себя пять лечебных корпусов, две поликлиники и диагностическую лабораторию, на сельской территории – 24 фельдшерско-акушерских пункта и семь кабинетов врачей общей практики.

Учреждение предоставляет полный спектр медицинской помощи — от поликлинического приёма до высокотехнологичной стационарной помощи. 

В арсенале диагностического блока больницы — компьютерный и магнитно-резонансный томографы, а также ангиографическая установка. Важным шагом в развитии стало внедрение системы телемедицины.
** 
**🩺 Также Михаил Мурашко ознакомился с работой Регионального сосудистого центра, развернутого на базе Ржевской ЦРБ.  

В Центре выполняются оперативные вмешательства пациентам с острыми сердечно-сосудистыми состояниями. 

Во взрослой поликлинике Ржевской ЦРБ Михаил Мурашко посетил Центр амбулаторной онкологической помощи, кабинеты невролога, хирурга, функциональной диагностики и кабинет МРТ, где в 2025 году было введено новое современное оборудование, на котором на сегодняшний день выполнено более 1,6 тыс. исследований. 

В хирургическом корпусе оценили работу травматологического, офтальмологического отделений, реанимации, операционной. 

➡️ В здании детской поликлиники Глава Минздрава России посетил рентгеновский, прививочный и процедурный кабинет, кабинет педиатра.
 
💬 В рамках рабочей поездки обсуждались и планы по капитальному строительству, в частности — возведение детской больницы в регионе.
 
__— Мы продолжаем здесь строить детскую больницу.  Этот проект очень важен для региона. Поэтому встреча в том числе касается и дальнейших планов по капитальному строительству, — сказал Михаил Мурашко.
 
__И.о. Губернатора Виталий Королев поблагодарил министра здравоохранения РФ за внимание к Тверской области. 
__ 
— В последние годы мы существенно ускорились по темпам строительства и реконструкции медучреждений. С 2019 по 2024 годы построено и реконструировано свыше 190 объектов, был проделан большой объем работы. Наш важный приоритет сегодня – завершение строительства Детской областной клинической больницы, – отметил Виталий Королев.
 
__🚑 Отметим, что__ __благодаря реализации нацпроекта «Здравоохранение» в Тверской области с 2019 по 2024 годы выполнены строительство, ремонт и модернизация порядка 190 медицинских объектов в муниципалитетах, установлено более 120 ФАПов и амбулаторий. 

Также закуплено свыше 7,5 тыс. единиц современного медоборудования. Приобретено более 260 автомобилей и передвижных медицинских комплексов.

↪️ **Кадры и планы на будущее
** 
Отдельное внимание Михаил Мурашко уделил взаимодействию с образовательными учреждениями, в том числе с федеральным вузом, чтобы подготовка кадров отвечала запросам практического здравоохранения.
__ 
— Мы совместно с коллегами из Государственной Думы, Совета Федерации в прошлом году приняли ряд нормативных федеральных законов, которые меняют в том числе и систему подготовки, влияют на повышение качества подготовки специалистов, — напомнил Михаил Мурашко. 
 
__📌 Обсуждались в рамках визита и вопросы, связанные с региональными мерами поддержки медицинских специалистов. 

💬 [Получить MAXимум пользы для здоровья](https://max.ru/minzdrav_ru)

#МедицинаРегионов 
#Модернизация",3675,15,6,minzdrav_ru
13625,2026-01-05T15:41:14+00:00,"💭 **#ПростыеПравила****: Почему самое продуктивное, что можно сделать на каникулах — это позволить себе быть «непродуктивным»

**Об** **этом рассказал заведующий кафедрой психотерапии, медицинской психологии и сексологии Северо-Западного ГМУ им. И.И. Мечникова Минздрава России Павел Бомов.

__— Каникулы — это не про достижение целей, а про восстановление контакта с собой. Вы заново учитесь слышать свои желания, а не внешние указания, — отметил эксперт.__

📌 **Важно:**

🔴 В каникулы мозг избавляется от лишнего напряжения, и ему требуется время, чтобы прийти в норму;
🔴 Попытка сразу же заполнить это время активностями — все равно что пытаться впитать новой водой еще не отжатую губку;
🔴 Когда у вас нет грандиозного плана, внутренний критик начинает шептать: «Ты тратишь время впустую! Ты неудачник!»: это вызывает тревогу и чувство вины;
🔴Не придумывайте насильно грандиозный план, а используйте технику «микровыборов»: спросите себя не «Чем я хочу заняться на этих каникулах?», а «Чем я хочу заняться прямо в сейчас?».

__— Если вы не знаете, что делать на каникулах — вы на правильном пути. Ваша психика делает ровно то, что ей и положено: она отдыхает, перезагружается и очищается. Это не пустота, а тишина, — подчеркнул Павел Бомов.__

Подробнее об этом смотрите в наших карточках ↗️

О полезных привычках смотрите на сайте ➡️ [ТакЗдорово ](https://www.takzdorovo.ru/)

💬 [Получить MAXимум пользы для здоровья](https://max.ru/minzdrav_ru)",41213,153,0,minzdrav_ru
13624,2026-01-05T15:02:30+00:00,"❤️ **Фонду «Круг добра» исполнилось пять лет**

5 января 2021 года Указом Президента Российской Федерации № 16 создан  Фонд «Круг добра».

📌 Благодаря президентскому фонду дети с тяжелыми жизнеугрожающими, хроническими и редкими (орфанными) заболеваниями по всей России обеспечиваются дорогостоящими лекарственными препаратами, медицинскими изделиями и техническими средствами реабилитации.

Помощь получает каждый нуждающийся ребенок вне зависимости от места проживания семьи, включая новые регионы.

↪️ За пять лет:

🔴 Подопечными фонда уже стали более 30 тыс. человек. Это дети, получившие помощь как по индивидуальным заявкам, так и по программе «14 высокозатратных нозологий»;

🔬 Фонд обеспечивает детей инновационными лекарствами, включая генную терапию. Например, при спинальной мышечной атрофии доступны все три патогенетических препарата, а при мышечной дистрофии Дюшенна — пять, включая препарат однократного введения;

📈 Каждый ребенок, у которого выявляют орфанное заболевание благодаря расширенному неонатальному скринингу, передается на попечение фонда «Круг добра». Такая совместная работа позволяет обеспечить ребенка необходимым лечением на досимптомной стадии заболевания, максимально сохраняя качество жизни. 

💬 [Получить MAXимум пользы для здоровья](https://max.ru/minzdrav_ru)",17379,33,0,minzdrav_ru
13623,2026-01-05T14:45:25+00:00,"💬 **Михаил Мурашко: Фонд «Круг добра» помогает избежать инвалидности и создать все условия для нормального развития детей с орфанными заболеваниями** **

**Министр здравоохранения РФ Михаил Мурашко поздравил фонд «Круг добра» с пятилетием.

__— Сегодня пять лет исполняется фонду «Круг добра», который создан по поручению Президента. Этот фонд взял на себя вопросы обеспечения дорогостоящими  лекарственными препаратами детей с орфанными заболеваниями, в том числе финансирование медицинской помощи пациентам, имеющим наиболее тяжелую, требующую дорогостоящего лечения, патологию, — сказал он.__

💭 Президентское решение абсолютно четко позволяет нам сегодня иметь новые возможности для сохранения жизней и здоровья детей, добавил министр.

__— Именно этот фонд позволяет избежать инвалидности и создать все условия для нормального развития детей. Это возможно в том числе и благодаря сотрудничеству всех врачей, которые сегодня вместе с фондом, с пациентами реализуют столь сложную задачу, — заключил он.

__💬 [Получить MAXимум пользы для здоровья](https://max.ru/minzdrav_ru)__

__#ЗдоровьеДетей",8444,14,2,minzdrav_ru
13616,2026-01-05T10:41:04+00:00,"🥃 **#ПростыеПравила****: Почему алкоголь и вождение — несовместимые вещи? 

**Об этом рассказала психиатр-нарколог НМИЦ «Лечебно-реабилитационный центр» Минздрава России Александра Михеева.

__— Употребление алкоголя за рулём — это серьёзная угроза безопасности на дорогах, которая приводит к трагическим последствиям, — отметила эксперт.__

🔜 Даже незначительное количество спиртного нарушает ключевые функции, необходимые для безопасного вождения, а расчёты на быстрое выведение алкоголя из организма часто ошибочны и опасны, добавила она.

**Важно помнить:**
** **
🔴 Садиться за руль можно только после полного выведения этанола из организма. 
🔴 После застолья с обильным употреблением алкоголя восстановление может занять 24–36 часов и более. 
🔴 Даже при лёгкой степени опьянения (0,5–1,5 промилле) не рекомендуется садиться за руль, так как в таком состоянии человек не способен быстро принимать решения в стрессовых ситуациях и адекватно оценивать обстановку на дороге. 

Подробнее об этом читайте в наших карточках ↗️

О полезных привычках смотрите на сайте ➡️ [ТакЗдорово ](https://www.takzdorovo.ru/)

💬 [Получить MAXимум пользы для здоровья](https://max.ru/minzdrav_ru)",17383,103,4,minzdrav_ru
13611,2026-01-04T17:50:27+00:00,"👣 #ПростыеПравила: **Почему ходьба — лучшее лекарство**

Об этом рассказал доцент кафедры поликлинической терапии Института клинической медицины Российского национального исследовательского медицинского университета им. Н. И. Пирогова Минздрава России Дмитрий Карпенко.

__— Регулярная ходьба тренирует сердечную мышцу, делая ее более выносливой. Она помогает нормализовать артериальное давление и снижает уровень «плохого» холестерина. Это лучшая профилактика инфарктов, инсультов и атеросклероза, — рассказал эксперт.__

🚶‍♂️Когда вы выходите на улицу, в вашем теле запускается каскад целебных реакций. Регулярная ходьба — это не просто движение, а полноценная терапия для ума и тела, доступная каждому.

Подробные советы эксперта читайте в наших карточках 🖼

О полезных привычках смотрите на сайте ➡️ [ТакЗдорово ](https://www.takzdorovo.ru/)

[💬 Получить MAXимум пользы для здоровья](https://max.ru/minzdrav_ru)",61066,439,7,minzdrav_ru
13606,2026-01-04T11:26:36+00:00,"🌲 **Михаил Мурашко исполнил новогоднее желание 15-летней Маргариты о комплекте книг по биологии 

**На акцию «Елка желаний» Маргарита написала, что мечтает о комплекте книг по биологии. 

Министр здравоохранения РФ Михаил Мурашко исполнил ее заветное желание, а также пригласил посетить научные лаборатории Сеченовского университета Минздрава России в формате индивидуальной экскурсии.

🎁 Маргарита увлечена химией и биологией, мечтает стать врачом. Она  — активная и любознательная девочка, участвует в олимпиадах, заняла призовое место в конкурсе «Старт в науку» в секции по микробиологии, а также стала победителем «Старта в медицину» с проектом «Микробиологическая оценка поверхностей на присутствие патогенных организмов».

В Сеченовском университете Минздрава России ей показали несколько научных подразделений вуза:

🔴 лаборатории регенеративной ветеринарии и цифрового микроскопического анализа;
🔴 отдел современных биоматериалов; 
🔴 центр инновационных коллагеновых разработок; 
🔴 дизайн-центр биофабрикации,
🔴 биобанк.

⭐️ Маргарита пообещала всерьёз задуматься о том, чтобы связать свою жизнь именно с медициной.

💬 [Получить MAXимум пользы для здоровья](https://max.ru/minzdrav_ru)",8632,23,0,minzdrav_ru
13605,2026-01-04T10:03:09+00:00,"**🍺**** ****#ПростыеПравила****: Почему употребление алкоголя в бане смертельно опасно**

Об этом рассказала психиатр-нарколог НМИЦ терапии и профилактической медицины Минздрава России Олеся Прищепа.

__— Посещение бани — это не только отличный способ расслабиться и восстановить здоровье, но и важный ритуал, который практикуется многими культурами мира. Тем не менее, в сочетании с алкоголем этот ритуал может стать не только малоприятным, но и опасным, — подчеркнула эксперт.

__💬 Алкоголь — это яд, разрушающий органы и ткани на клеточном уровне. Спирт удаляет защитную оболочку клеток крови, из-за чего они начинают слипаться. Курение усиливает этот процесс.

📌 Страдает мозг: слипшиеся эритроциты не проходят по капиллярам, кровоснабжение нейронов прекращается, и мозговые клетки погибают навсегда. __
__
В бане риск возрастает.** **В условиях дефицита кислорода и высоких температур:

🔴 усиливается обезвоживание;
🔴 повышается артериальное давление;
🔴 учащается пульс;
🔴 повышается интоксикация от продуктов распада спиртного.

Всё это повышает риск:

➡️ тромбообразования;
➡️ нарушения сердечного ритма;
➡️ инфарктов и инсультов. 

__— Обезвоживание также может снизить эффективность терморегуляции организма, что в условиях бани может привести к перегреву, — добавила Олеся Прищепа.__

Кроме того, в состоянии алкогольного опьянения снижается чувство страха, ухудшаются концентрация внимания и критическая оценка окружающей действительности, а также нарушается координация движений, что может привести к падениям и травмам.

✅ Важно подходить к отдыху осознанно, подчеркнула эксперт.

__— Следует соблюдать питьевой режим до, во время и после посещения бани, используя воду, чаи, употреблять в пищу легкоусвояемые продукты, фрукты, овощи. Подходите к отдыху осознанно, — сказала она.

__О полезных привычках смотрите на сайте ➡️ [ТакЗдорово ](https://www.takzdorovo.ru/)

💬 [Получить MAXимум пользы для здоровья](https://max.ru/minzdrav_ru)",63584,317,1,minzdrav_ru
13599,2026-01-03T18:32:39+00:00,"😭  #ПростыеПравила: **Как помочь ребёнку справиться с плохим настроением**

Об этом рассказала медицинский психолог отделения специальной психологии и коррекционного обучения Центра психолого-педагогической помощи в педиатрии НМИЦ здоровья детей Минздрава России Ольга Егоренкова.

__— Для развития эмоциональной саморегуляции родителям важно помнить, что задача взрослых не отрицать негативные эмоциональные реакции ребёнка, не пугаться их и не ругать ребенка за то, что он их испытывает, неверно себя ведет, когда недоволен, а продемонстрировать ему верный образец поведения и, конечно, оказать ему эмоциональную поддержку, — рассказала эксперт.__

😠 Негативные эмоции в ситуации затруднения — это нормальная непроизвольная реакция ребенка, которую надо уметь выразить в социальной форме.

Подробные советы эксперта читайте в наших карточках 🖼

О полезных привычках смотрите на сайте ➡️ [ТакЗдорово ](https://www.takzdorovo.ru/)

💬 [Получить MAXимум пользы для здоровья](https://max.ru/minzdrav_ru)",11431,102,1,minzdrav_ru
13596,2026-01-03T18:04:16+00:00,"🌲 **Министр здравоохранения РФ Михаил Мурашко в рамках акции «Ёлка желаний» исполнил мечту пятилетнего Мирона из Краснодара **

🌟 Мирон — очень любознательный мальчик, ходит в детский сад, хочет посещать художественную школу, а также проводить научные опыты. Как и все дети его возраста он обожает мультфильмы. 

❄️ Мирон мечтал получить в качестве подарка набор для проведения химических опытов. Министр здравоохранения РФ  исполнил его желание, а также поздравил с наступающим Новым годом.

—__ Надеемся, что возможность попробовать себя в роли химика повлияет на выбор в последующем твоей специальности. В нашей отрасли, в области медицины, такие специалисты также нужны для разработки новых лекарственных препаратов, диагностических систем, поэтому желаем тебе крепкого здоровья и, конечно, успехов в твоей пока еще начинающей, но интересной карьере, — сказал Михаил Мурашко.

__🔴 Также в рамках акции Мирон вместе с папой и мамой посетил спектакль «Щелкунчик 2.0» в Дворце искусств «Премьера» в Краснодаре.

__— На самом деле мы сейчас на эмоциях — нам очень приятно, мы воодушевлены. Будем стараться ради будущего поколения медицины, делать опыты, учиться и расти благодаря такому окружению. Спасибо министерству, спасибо всем добрым людям. С Новым годом всех, — поделилась впечатлениями мама Мирона.

__💬 [Получить MAXимум пользы для здоровья](https://max.ru/minzdrav_ru)",8653,9,1,minzdrav_ru
13595,2026-01-03T11:24:01+00:00,"**🥃**** ****#ПростыеПравила****: Как алкоголь влияет на кожу

**Об этом рассказала дерматовенеролог Государственного научного центра дерматовенерологии и косметологии Минздрава России Елена Егорова.

__— Алкоголь негативно отражается на состоянии кожи, вызывая высыпания, покраснения и ускоряя процессы преждевременного старения. Его вредное воздействие обусловлено обезвоживанием, расширением сосудов и нарушением кожного барьера, — отметила эксперт.

__➡️ Это связано с тем, что этанол и другие компоненты алкогольных напитков __— __токсичные вещества, оказывающими повреждающее действие на эпидермис и дерму.
__
— В частности, нарушается синтез церамидов, что приводит к ослаблению барьерной функции кожи, а также повреждаются коллаген и эластин, отвечающие за её упругость и эластичность, что способствует ускоренному старению, — уточнила Елена Егорова.

__📌 Кроме того, алкоголь стимулирует выработку андрогенов (стероидных мужских половых гормонов) и повышает активность сальных желёз, в результате чего усиливается жирность кожи, расширяются поры и появляются высыпания.

__— Сосудорасширяющее действие этанола также способствует развитию гиперемии (покраснения) кожи и усилению зуда, — сказала она.
__
💭 Таким образом, употребление алкоголя связано с широким спектром кожных проявлений и может приводить к обострению и более тяжёлому течению уже имеющихся дерматологических заболеваний, заключила эксперт.

О полезных привычках смотрите на сайте ➡️ [ТакЗдорово ](https://www.takzdorovo.ru/)

💬 [Получить MAXимум пользы для здоровья](https://max.ru/minzdrav_ru)",13606,81,2,minzdrav_ru
13594,2026-01-02T15:32:22+00:00,"👨‍👩‍👧‍👦 **#ПростыеПравила****: Как не сбить режим ребенка в праздники **

Об этом сообщила медицинский психолог отделения специальной психологии и коррекционного обучения центра психолого-педагогической помощи в педиатрии НМИЦ здоровья детей Минздрава России Надежда Чипеева.

__— Праздники — это время радости и веселья. Чтобы сохранить привычный распорядок дня и сделать праздники действительно радостными, провести их с пользой для ребенка, родителям стоит обратить внимание на несколько важных аспектов, — отметила эксперт.

__💙 **До трёх лет**
 
Для малышей до трёх лет особенно важно сохранить режим дня, так как это основа развития ребенка в этом возрасте.

__— Нарушение ритма приводит к капризам, раздражительности проблемам со сном, которые потом трудно восстановить, — уточнила Надежда Чипеева.__

🔈 Важно:

🔵 укладывать и кормить ребенка по привычному графику;
🔵 не отменять дневной сон;
🔵 избегать громкой музыки и слишком ярких огней — нервной системе малыша нужен покой.

🫶 **3–6 лет**

Активным дошкольникам тоже важна стабильность. 

🔜 Начинайте день спокойно: 10–15 минут тихой игры или чтения помогут мягко войти в праздничный день.

🔜 Чередуйте активность и отдых: прогулки, творчество, паззлы или короткий сон помогут сохранить баланс.

👍  **7–12 лет
**
Со школьниками полезно обсуждать планы на праздничные дни — это создает ощущение предсказуемости.

🔔 Ограничьте гаджеты в первой половине дня, заменив их книгами, настольными играми и общением. Даже в гостях ребенку нужны паузы для отдыха и уединения.

🙂 **12–17 лет
**
Подростки стремятся к самостоятельности, но по-прежнему нуждаются в структуре. Вместо жесткого контроля — диалог и договоренности.

__— Помните, что родители — скорее мудрые наставники, а не контролеры, — подчеркнула эксперт. __

🔵 Обсудите совместные активности, прогулки, спорт или настольные игры;
🔵 Если подросток встречается с друзьями, договоритесь о «чекпоинтах» — коротких звонках для связи;
🔵 Завершить день можно семейным ужином или просмотром фильма.

❤️ Пусть праздники станут временем радости, а не стресса — привычный режим поможет сохранить хорошее настроение всей семье.

О полезных привычках смотрите на сайте ➡️ [ТакЗдорово ](https://www.takzdorovo.ru/)

💬 [Получить MAXимум пользы для здоровья](https://max.ru/minzdrav_ru)",52664,135,2,minzdrav_ru
13593,2026-01-02T10:51:00+00:00,"🧊 **#ЗдоровыйАйсберг****: Самые опасные новогодние привычки**

Об этом рассказала научный руководитель клиники коррекции веса и сна НМИЦ терапии и профилактической медицины Минздрава России Софья Елиашевич.

🤔 «Айсберг» покажет информацию по уровням: наверху — то, что знают почти все, а под водой — не такие очевидные, но не менее важные и иногда опасные для здоровья факты. Чем глубже мы погружаемся, тем менее позитивными кажутся последствия...

🍔Начинаем погружение:

1️⃣ Стол, ломящийся от еды, доступен круглосуточно. Это приводит к перееданию и сбою всех пищевых ритмов, постоянной работе пищеварительной системы на износ и гарантированному набору веса;

2️⃣ Вашему организму, особенно ЖКТ, нужен отдых для восстановления. Бесперебойное питание и недосып разрушают иммунитет, усиливают стресс и мешают нормальному обмену веществ, сводя на нет все попытки питаться правильно;

3️⃣ Алкоголь притупляет реакцию и чувство опасности. Катание с горок на тюбингах и другие активные развлечения в состоянии опьянения — прямая дорога в травмпункт. Поэтому лучше полностью отказаться от употребления алкоголя;

4️⃣ Алкоголь не только токсичен сам по себе, но и стимулирует аппетит, притупляет самоконтроль и заставляет вас съедать еще больше. Результат — перегрузка печени, поджелудочной железы и быстрый прирост массы тела;

5️⃣ Будьте осторожны, запивая лекарства соками, алкоголем, чаем или кофе. Это может быть опасно для здоровья! Помните, что выходные не освобождают от точного соблюдения режима приема лекарственных средств.

О полезных привычках смотрите на сайте ➡️ [ТакЗдорово](https://www.takzdorovo.ru/)

💬 [Получить MAXимум пользы для здоровья](https://max.ru/minzdrav_ru)",18827,95,1,minzdrav_ru
13584,2026-01-01T17:20:27+00:00,"🔍** ****#ПростыеПравила****: Какие важные вещи нужно сделать в первую неделю нового года? 

**Об этом рассказала доцент кафедры психиатрии и клинической психологии Северного ГМУ
Минздрава России Ольга Белова.**

__— __**__Новый год открывает нам новую страницу жизни. Первая неделя января — не просто календарная дата начала года. Это редкое «окно возможностей», время, когда психика наиболее восприимчива к переменам, — отметила эксперт.__
 
📢 Не надо догонять уходящий год, доделывая всё, что не успели. Праздничные каникулы дарят время — самый ценный ресурс при современной скорости жизни, добавила она.

__— Отдыхайте! Отдых дан для восстановления ресурсов, это действительно важный период. Побудьте несколько дней вне расписания, вне звонков и дедлайнов. Сложно? Надо стараться, — подчеркнула Ольга Белова.__

Подробнее о том, как провести первую неделю нового года, читайте в наших карточках ↗️
 
О полезных привычках смотрите на сайте ➡️ [ТакЗдорово ](https://www.takzdorovo.ru/)

💬 [Получить MAXимум пользы для здоровья](https://max.ru/minzdrav_ru)",23529,163,0,minzdrav_ru
13583,2026-01-01T10:04:15+00:00,"🥗 **#ПростыеПравила****: Как спланировать рацион в праздники без вреда для здоровья**

Об этом рассказала научный руководитель клиники коррекции веса и сна НМИЦ терапии и профилактической медицины Минздрава России Софья Елиашевич.

1⃣ **Планируйте приемы пищи**

__— Не сидите за столом днями напролет, — отметила эксперт.__

🔵 Определите для себя 3 основных приема пищи (завтрак, обед, ужин) и 1-2 легких перекуса (фрукты/ягоды+орехи). 

__— В остальное время старайтесь занять себя другими удовольствиями: прогулка, активные игры, просмотр фильма, чтение книг, — добавила она.
__
2⃣ **Начинайте трапезу с цельных овощей**

__— Перед тем как «наброситься» на оливье, съешьте порцию свежего салата из зелени и овощей, заправленного йогуртом или нерафинированным маслом, — уточнила Софья Елиашевич.__

Пищевые волокна заполнят объем желудка, и вы съедите гораздо меньше калорийных блюд.

3⃣ **Используйте «правило тарелки» в миниатюре**

Возьмите десертную тарелку вместо большой. 

Мысленно разделите ее:

🔵 1/2 тарелки: салаты из свежих овощей, зелень;
🔵 1/4 тарелки: белковые продукты (запеченное мясо, рыба, морепродукты);
🔵 1/4 тарелки: гарниры и «тяжелые» салаты («Оливье», «Селедка под
шубой»).

4⃣ **Полностью исключите сладкие газированные напитки и алкоголь**

🔜  Сладкая газировка — это пустые калории и резкий скачок сахара в крови.

🔜 Алкоголь — высокая нагрузка на сердечно-сосудистую систему и печень. Замените их на морсы без сахара, воду с лимоном и мятой, несладкий чай.

__— Главный секрет заключается в том, чтобы позволить себе попробовать всё, но по чуть-чуть. Осознанное наслаждение маленькой порцией любимого блюда принесет больше удовольствия, чем бездумное поглощение килограммами, — заключила эксперт.

__#МинздравНапоминает:__ 
__Это правила, которые «работают» не только в праздники, но и в повседневной жизни.

О полезных привычках смотрите на сайте ➡️ [ТакЗдорово ](https://www.takzdorovo.ru/)

💬 [Получить MAXимум пользы для здоровья](https://max.ru/minzdrav_ru)",21041,106,2,minzdrav_ru
13582,2025-12-31T20:26:19+00:00,"🎄 **А какое ваше «здоровое обещание» на 2026 год? **

Чтобы вам было проще определиться, мы сделали подборку. Давайте вместе сделаем следующий год более здоровым и осознанным.

Здоровый образ жизни — лучшая инвестиция в свое будущее!

☃️ Сохраните этот пост, чтобы вернуться к своим обещаниям в течение года. А какое письмо про вас?

💬 Получить MAXимум пользы для здоровья",13976,41,1,minzdrav_ru
13581,2025-12-31T17:03:52+00:00,"💬 **Страховые медицинские организации системы ОМС усилят поддержку граждан в новогодние праздники**

Председатель ФОМС Илья Баланин поручил страховым  медицинским организациям [усилить](https://max.ru/ffomsrf/AZtverd4fx4) работу по сопровождению застрахованных в ОМС, чтобы граждане могли своевременно получать качественную и бесплатную медпомощь. 

➡️ Для обеспечения информационной поддержки пациентов в праздничные дни страховые медицинские организации должны организовать: 

🔴 дежурство специалистов для оперативного сопровождения застрахованных лиц
🔴 запустить дополнительные каналы  связи с пациентами через колл-центры
🔴 обеспечить оперативное рассмотрение  всех поступающих обращений и жалоб
🔴 разместить актуальную информацию о работе служб поддержки

__— Все перечисленные меры направлены на то, чтобы застрахованные граждане могли своевременно получать необходимую медицинскую помощь и информационную поддержку в праздничные дни, — отметил Илья Баланин.

__💬 [Получить MAXимум пользы для здоровья](https://max.ru/minzdrav_ru)

#ЗдоровьеВПриоритете",6061,12,0,minzdrav_ru
13580,2025-12-31T15:04:46+00:00,"🎅 **~~Главврач~~ Дед Мороз поздравил маленьких пациентов Красноярской краевой клинической больницы **

🎄 Традиционно, уже 12 лет подряд, Егор Корчагин надевает шубу, белую бороду, берет с собой мешок подарков и отправляется радовать ребятишек, которые проходят лечение в Региональном ожоговом центре на базе Красноярской краевой клинической больницы. 

__— Когда видишь, как ребёнок, несмотря на боль и перевязки, тянет руки, чтобы потрогать бороду, или шепчет заветное желание, — все рабочие проблемы отходят на второй план. Ты понимаешь, зачем всё это: и больница, и бессонные ночи, и эта белая борода. Чтобы здесь, в этих стенах, у детей было не только лечение, но и детство. Хотя бы на одно утро, — сказал Егор Корчагин.

__Пусть этот ролик вдохновит на вас добрые поступки и напомнит, что чудеса случаются всегда** 🎁

**💬 [Получить MAXимум пользы для здоровья](https://max.ru/minzdrav_ru)

#МедицинаРегионов",7404,31,9,minzdrav_ru
13576,2025-12-31T13:41:53+00:00,"**🎁🎄 Лучший мой подарочек — это…**

В детстве каждый из нас писал письмо Деду Морозу.
Просил о самом важном, нужном и особенном — о том, что грело душу и заставляло верить в чудо.

Мы выросли.
Письма больше не пишем.
Но мечта о хорошем подарке никуда не исчезла.

🎉 Сегодня наш «подарок» — это технологии. С помощью нейросети мы создали конструктор в виде федеральных центров Минздрава России, а также здания самого ведомства.

Делитесь в комментариях, какой подарок под ёлку вы бы хотели получить в этом году? ➡️

💬 [Получить MAXимум пользы для здоровья](https://max.ru/minzdrav_ru)",4425,11,5,minzdrav_ru
13575,2025-12-31T09:40:59+00:00,"💬 **Михаил Мурашко: 10% зарегистрированных фармпрепаратов поставляются из Индии**

Об этом заявил министр здравоохранения РФ Михаил Мурашко в ходе интервью на телеканале Россия 24.

__— Россия активно развивает сотрудничество с Индией. 10% зарегистрированных фармпрепаратов поставляются из Индии, — рассказал он. __

Михаил Мурашко подчеркнул, что сотрудничество между Россией и Индией имеет взаимовыгодные отношения.

__— Недавно состоялся форум с участием руководства нашей страны, на котором Президент РФ Владимир Путин поддержал данное сотрудничество. Важно отметить, что мы, опираясь на уже сложившуюся позитивную историю взаимоотношений, выстраиваем это взаимодействие достаточно рационально, — добавил он. __

↪️ Михаил Мурашко также подчеркнул, что на российский рынок поставляются исключительно качественные фармацевтические препараты.

__— Приобретение препаратов, безусловно, должно осуществляться только в лицензированных точках. И только тех препаратов, которые прошли строгий государственный контроль, экспертизу и разрешены для оборота, — отметил он.__

➡️ Также Михаил Мурашко выделил, что для обеспечения поставок фармпрепаратов из Индии сегодня созданы все необходимые условия. 

__— Индия в фармацевтической отрасли является активным государством, которое развивает это направление. И большинство стран в мире, так или иначе, из приобретают субстанции из Индии, — заключил он. 
__
💬 [Получить MAXимум пользы для здоровья](https://max.ru/minzdrav_ru)

#ЗдоровьеВПриоритете",5399,7,0,minzdrav_ru
13574,2025-12-30T23:43:40+00:00,"🎄 **Михаил Мурашко поздравил с наступающим Новым 2026 годом!**

🎁 Новый год напоминает, что счастье состоит из простых вещей — хорошо сделанной работы, времени, проведённого с семьёй, внимания к близким и заботы друг о друге, всё это наполняет каждый дом теплом и уютом, дарит радость совместных мгновений и становится символом надежды, гармонии и вдохновения для всего предстоящего года.__

— Подводя итоги уходящего года, хочу с гордостью отметить, что мы вместе делали систему здравоохранения нашей страны лучше. Благодаря вашему ежедневному самоотверженному труду, профессионализму и сплоченности система здравоохранения России становится надёжнее, технологичнее, а медицинская помощь — доступнее для наших граждан, — сказал министр здравоохранения РФ.

____⭐️__ Он__ __отметил, что современная государственная политика в России направлена на укрепление здоровья и долголетия наших граждан. 
__
— Наша общая стратегическая цель — снизить заболеваемость, увеличить продолжительность здоровой жизни россиян, а также увеличить рождаемость, — подчеркнул министр.

__Всего этого возможно достичь благодаря комплексному подходу: 

🔵 развитию профилактической медицины;
🔵 популяризации здорового образа жизни;
🔵 активному внедрению передовых медицинских и информационных технологий.
__
____🔜__ Особое внимание сегодня уделяется кадровому обеспечению отрасли, повышению доступности и качества медицинской помощи в каждом уголке нашей большой страны, добавил Михаил Мурашко.__

— Мы провожаем год значимыми успехами в реализации национальных проектов и с уверенностью беремся за новые масштабные задачи. Впереди — новый год, новые цели. И все они будут обязательно достигнуты!, — сказал глава Минздрава России.__
__
____🎄__ Он подчеркнул, что основа личного успеха и благополучия — это здоровье. __

—__ __Пусть в наступающем году одним из главных ваших обещаний самому себе станет забота о здоровье. Проведите праздники активно, с радостью и положительными эмоциями в кругу близких людей. Давайте вместе сделаем ____#ПростыеПравила____ — движение, отказ от вредных привычек, своевременные профилактические осмотры – нашей новой доброй традицией. А если требуется лечение, помните: важно строго следовать рекомендациям врачей, — сказал Михаил Мурашко.
__
🔜 Отдельные слова поддержки и самые тёплые пожелания министр выразил нашим героям, участникам специальной военной операции и ветеранам СВО. __

— Желаю вам скорейшего возвращения с Победой, — сказал он. 

__Обращаясь к медицинским работникам, министр отметил, что крайне важно уделять самое пристальное внимание здоровью ветеранов специальной военной операции. __

—__ __Обеспечение их полноценного физического и психологического восстановления, а также доступа к необходимой высококачественной и высокотехнологичной медицине — это наш не только профессиональный, но и гражданский долг, и, безусловно, наш приоритет, — подчеркнул он.
__
Подробнее поздравление министра смотрите в видео ↗️

💬 [Получить MAXимум пользы для здоровья](https://max.ru/minzdrav_ru)",162565,400,8,minzdrav_ru
13573,2025-12-30T18:34:49+00:00,"😷 **#ПростыеПравила****: Как уберечь себя от инфекционных заболеваний в праздники**

Об этом рассказал главный внештатный специалист по инфекционным болезням Минздрава России Владимир Чуланов.

🔔 Для профилактики инфекционных заболеваний в период новогодних праздников рекомендуется соблюдать следующие простые правила:

1⃣  Регулярно мойте руки с мылом, при невозможности сделать это, обрабатывайте руки спиртосодержащими дезинфектантами;

2⃣ Избегайте контакта с людьми, имеющими симптомы простудных заболеваний ⬇️

__— В случае обнаружения данных симптомов у себя, оставайтесь дома, ограничив контакты с проживающими вместе с вами людьми и гостями, соблюдайте «кашлевой этикет» и правила гигиены, —__ __уточнил эксперт. __

3⃣  Проводите больше времени на свежем воздухе, избегая мест массового скопления людей;

4⃣  Соблюдайте правила хранения скоропортящихся продуктов в домашних условиях;

5⃣  При приготовлении блюд мойте продукты, соблюдайте правила термической обработки, избегайте контакта между сырыми и готовыми продуктами, тщательно подогревайте готовые блюда. 

__— Помните, что умеренная физическая активность, рациональное питание, отказ от вредных привычек и полноценный сон способствуют укреплению иммунитета и профилактике заболеваний, — заключил Владимир Чуланов.__

О полезных привычках смотрите на сайте ➡️ [ТакЗдорово](https://www.takzdorovo.ru/)

💬 [Получить MAXимум пользы для здоровья](https://max.ru/minzdrav_ru)",9721,38,0,minzdrav_ru
13572,2025-12-30T17:41:05+00:00,"**🥗 ****#ПростыеПравила****: Как не переесть на праздниках**

Об этом рассказала заместитель главного врача КДЦ НМИЦ терапии и профилактической медицины Минздрава России Елена Игнатикова.

__— Во время новогодних праздников люди часто переедают из-за большого выбора вкусных блюд и неконтролируемого размера порций, — отметила эксперт.__

🥂 **Откажитесь от алкоголя:
**
Лучше пить чистую газированную воду или коктейли 1/3 фруктового сока + 2/3 газированной воды. Это снижает калорийность и нагрузку на сердце.

🍽 **Ешьте медленно:
**
Медленный темп приёма пищи даёт мозгу сигнал сытости и уменьшает риск добавки.

🥦 **Выбирайте растительные продукты:
**
Овощи, фрукты, цельнозерновые продукты подходят для праздничного стола. Раз в неделю можно устраивать вегетарианский разгрузочный день.

🌿 **Добавляйте специи:
**
Многие специи содержат антиоксиданты и флавоноиды, которые улучшают настроение и поддерживают здоровье.

Даже небольшие изменения в рационе помогают контролировать переедание, сохранять здоровье и наслаждаться праздником без лишнего стресса для организма.

О полезных привычках смотрите на сайте ➡️ [ТакЗдорово ](https://www.takzdorovo.ru/)

💬 [Получить MAXимум пользы для здоровья](https://max.ru/minzdrav_ru)",9143,55,0,minzdrav_ru
13571,2025-12-30T17:35:08+00:00,"👨‍⚕️ **Михаил Мурашко: Продолжает совершенствоваться системная работа по обеспечению отрасли кадрами**

Об этом рассказал министр здравоохранения РФ Михаил Мурашко в интервью на канале Россия 24.

➡️ Он отметил, что продолжает совершенствоваться системная работа по обеспечению отрасли кадрами: обновлена процедура подачи заявлений для поступления в ординатуру, а также приняты два значимых для всей системы здравоохранения закона.

🔴 Первый закон касается изменения подходов к дополнительному профессиональному образованию. Министр подчеркнул, что с 2026 года дополнительное профессиональное образование полностью перейдет в обновлённый формат в соответствии с требованиями Федерального закона № 28-ФЗ. Главное изменение — ограничение применения дистанционных технологий при повышении квалификации и профпереподготовке.

__— И это правильное решение, потому что именно качество подготовки обеспечивает, в том числе, качество ведения пациентов, диагностики и в целом оказания медицинской помощи, — добавил Михаил Мурашко.__

🔴 Второй — Федеральный закон № 424-ФЗ — регулирует вопросы кадрового планирования и состоит из нескольких ключевых блоков:

1⃣ Выделение мест и квот для подготовки медперсонала;
2⃣ Программа наставничества. 

__— Медицинские специалисты, завершившие свое обучение, приступая уже к самостоятельной практике, должны будут работать определенный период с наставником, — сказал он.__

Министр подчеркнул, что программа наставничества прежде всего повышает безопасность работы для самих молодых специалистов. 

➡️ Молодой специалист, работая бок о бок с опытным коллегой, быстрее получает практические навыки, учится решать сложные клинические задачи и «набивает руку» — то есть оттачивает мастерство под руководством наставника. 

Для пациентов это также означает повышение качества медицинской помощи.

💬 [Получить MAXимум пользы для здоровья](https://max.ru/minzdrav_ru)

#БудущиеВрачи",8026,15,5,minzdrav_ru
13570,2025-12-30T16:05:45+00:00,"🏥 **Михаил Мурашко: Более 2,2 тыс. медицинских объектов первичного звена здравоохранения построены и модернизированы в 2025 году

**Об этом** **рассказал министр здравоохранения РФ Михаил Мурашко в [интервью](https://smotrim.ru/video/3065047) на канале Россия 24.

__— Более 2,2 тыс. объектов было в этом году отремонтировано, построено, — сказал он. — Все это, конечно, создает совершенно другие условия по оказанию медицинской помощи.

____➡️__ Он отметил, что также в рамках модернизации первичного звена здравоохранения в региональные медицинские организации поставлены более 3,5 тыс. машин.

__— Более 3,5 тыс. машин поставлены для того, чтобы медицинский персонал мог, в том числе, выезжать туда, где это необходимо, к лежачим пациентам, которые не могут прийти самостоятельно, а также доставлять различные медицинские грузы и анализы, осуществлять перевозки и многое другое, — уточнил министр.
__**
****↪️**** Масштабная работа по интеграции систем здравоохранения новых регионов в общероссийскую 

**__— В новых субъектах порядка 380 новых и отремонтированных объектов первичного звена здравоохранения уже запущены. Это очень большая цифра. В предыдущие годы, десятилетия, эти регионы такого никогда не видели, — подчеркнул Михаил Мурашко.

____👉__ Он добавил, что в 2025 году в новых регионах уже введено в эксплуатацию около 78 объектов, а также ещё порядка 107 медорганизаций сейчас ремонтируются.

__— Это серьёзные, большие цифры. Кроме того, в этих субъектах идёт дооснащение оборудованием онкологических центров и центров сердечно-сосудистой хирургии. Сегодня появились возможности проводить операции пациентам с нарушениями ритма, что крайне востребовано. Проводятся аортокоронарные шунтирования, в том числе рентгеноэндоваскулярные операции по стентированию, и многое другое, — уточнил глава Минздрава России.

____💭__ Отдельно министр отметил, что в этому году в новых регионах рождены около 15 тыс. детей.

__— Сегодня люди начали доверять, и, в первую очередь, женщины, которые реагируют на возможности улучшения всех условий проживания, — сказал он.__

↪️ **Приоритет — охрана материнства и детства 
**
Михаил Мурашко отметил, что в рамках нацпроекта «Продолжительная и активная жизнь» в 2025 году стартовал проект по модернизации перинатальных центров.**

**Также активно строятся и создаются женские консультации. **

**__— Более 230 новых женских консультаций создано в 2025 году. Также уже подготовлены мероприятия на следующий год, в том числе включение детских медицинских организаций в национальные проекты, — сказал Михаил Мурашко.**
**__**
****💬** Кроме того, министр отметил важность расширения программы ЭКО.**
**
__— За последние пять лет более чем на 27% увеличилось количество квот, которые выделяются государством. Практически минимизировали очередность для получения данного вида медицинской помощи, — сказал глава Минздрава России.__

Он уточнил, что ежегодно благодаря ЭКО рождается около 35  тыс. детей.
__
— Это большой вклад в демографию, — заключил министр.

__💬 [Получить MAXимум пользы для здоровья](https://max.ru/minzdrav_ru)

#МедицинаРегионов
#Модернизация
#ЗдоровьеДетей",8250,16,3,minzdrav_ru
13569,2025-12-30T14:02:50+00:00,"🏥 **В Брянской области открылась новая женская консультация**

В Трубчевской центральной районной больнице акушерско-гинекологические кабинеты были реорганизованы в современную женскую консультацию.

Новая консультация оснащена современным оборудованием, в том числе:

🔴 Аппарат ультразвуковой диагностики;
🔴 Кольпоскоп;
🔴 Кардиологический фетальный монитор.

В женской консультации предоставляется широкий спектр медицинских услуг:

➡️ Оказание неотложной медицинской помощи женщинам;
➡️ Медицинская помощь при заболеваниях женской репродуктивной системы, а также в период беременности;
➡️ Профилактические медицинские осмотры и диспансеризация, включая диспансеризацию женщин репродуктивного возраста по оценке репродуктивного здоровья;
➡️ Работа в кабинете «Молодой матери».

#Модернизация

💬 [Получить MAXимум пользы для здоровья](https://max.ru/minzdrav_ru)",4651,7,0,minzdrav_ru
13568,2025-12-30T10:40:28+00:00,"🥗 **#ПростыеПравила****: Как приготовить «здоровый» оливье?

**Об этом** **рассказала руководитель лаборатории изучения и коррекции пищевого поведения НМИЦ терапии и профилактической медицины Минздрава России Софья Елиашевич.

__— С точки зрения рационального питания безопасной порцией традиционного салата оливье считается 100 г (примерно 2-3 столовые ложки), — отметила эксперт.

__При этом традиционное блюдо можно сделать значительно полезнее, если подойти к рецептуре осознанно. 

1⃣ Замените майонез на греческий йогурт с горчицей;
2⃣ Используйте запеченную индейку или курицу вместо колбасы;
3⃣Добавьте больше свежей зелени и овощей.

__— Это кардинально меняет питательный профиль блюда. Такой модифицированный рецепт сохраняет праздничный вкус, но при этом содержит на 40-45% меньше калорий и больше белка, что позволяет увеличить порцию вдвое (до 200 г) без ущерба для самочувствия и фигуры, — заключила Софья Елиашевич.__

Подробный рецепт «здорового» оливье смотрите в наших карточках ↗️

О полезных привычках смотрите на сайте ➡️ [ТакЗдорово ](https://www.takzdorovo.ru/)

💬 [Получить MAXимум пользы для здоровья](https://max.ru/minzdrav_ru)",10205,108,2,minzdrav_ru
13561,2025-12-29T18:01:40+00:00,"👨‍⚕️ **В Чувашии прошла акция «Диспансеризация выходного дня»
**
Все желающие могли без предварительной записи обратиться в медицинские организации республики и проверить состояние здоровья, в том числе репродуктивного.

📓 За время проведения акции профилактические медицинские осмотры прошли 27 человек, диспансеризацию — 613 жителей региона. Репродуктивное здоровье проверили 517 мужчин и 95 женщин.

Во время каждого осмотра врачи придерживаются принципа онконастороженности, который позволяет выявлять заболевания на ранних стадиях, когда лечение наиболее эффективно. 

📌 Именно благодаря такому подходу в Центральной городской больнице г. Чебоксары врач выявил тревожный клинический случай: эндокринолог обнаружил у одной из пациенток значительное увеличение щитовидной железы.

При норме объема щитовидной железы от 15 до 18 куб. см у женщины этот показатель составил 170 куб. см. Подобные изменения требуют обязательного дополнительного обследования и могут свидетельствовать о серьезной патологии.

➡️ В тот же день пациентку взяли на учет и направили на дальнейшую диагностику к профильным специалистам.

💬 [Получить MAXимум пользы для здоровья](https://max.ru/minzdrav_ru)

#МедицинаРегионов 
#ЗдоровьеВПриоритете",5528,13,9,minzdrav_ru
13545,2025-12-29T11:02:54+00:00,"👵 **#ПростыеПравила****: Как старшему поколению сохранить хорошее самочувствие после праздничного застолья?

**Об** **этом сообщила главный внештатный гериатр Минздрава России Ольга Ткачёва.

__— С возрастом значительно увеличивается распространённость возраст-ассоциированных заболеваний, включая сахарный диабет, артериальную гипертонию, заболевания почек и сердечно-сосудистой системы, — сказала он.__

🙏 Зная о заболеваниях, лучше адаптировать меню праздничного застолья. Это снизит риск обострения хронических состояний, добавила эксперт.

Подробнее об этом читайте в наших карточках↗️

О полезных привычках смотрите на сайте ➡️ [ТакЗдорово ](https://www.takzdorovo.ru/)

💬 [Получить MAXимум пользы для здоровья](https://max.ru/minzdrav_ru)",19443,121,2,minzdrav_ru
13540,2025-12-29T06:03:58+00:00,"🚑 **В медучреждения Самарской области поступили 25 новых автомобилей скорой помощи **

Пять медицинских организаций региона получили 25 автомобилей скорой помощи: 14 автомобилей класса «С» и 11 — класса «B».

➡️ Новый транспорт оснащен современным, уникальным оборудованием экспертного класса и полностью готов к работе. 

В реанимобилях установлены:

🔴 кардиомониторы;
🔴 аппараты искусственной вентиляции легких;
🔴 дефибрилляторы;
🔴 электрокардиографы;
🔴 портативные аппараты ИВЛ;
🔴 реанимационные наборы. 

Кроме того, в регионе завершается создание единого диспетчерского центра скорой медицинской помощи. Это позволит сократить время принятия вызовов, ускорить реагирование и направлять на вызов ближайшую бригаду — независимо от территории.

📌 Отметим, что сейчас в государственном автопарке Самарской области около 450 автомобилей скорой помощи. Ежегодно бригады совершают более 800 тыс. выездов, круглосуточно работают до 200 бригад.

💬 [Получить MAXимум пользы для здоровья](https://max.ru/minzdrav_ru)

#Модернизация",5130,6,2,minzdrav_ru
13539,2025-12-28T16:04:42+00:00,"🎁 **#ПростыеПравила****: Почему загадывать желания на Новый год — полезно для психики**

Об этом рассказал заведующий кафедрой психиатрии и клинической психологии Северного государственного медицинского университета Минздрава России Андрей Соловьёв.

__— Кто бы что ни говорил, но Новый год для нас — это не просто смена календаря. Это волшебный момент, когда мы особенно остро чувствуем: перед нами — чистый лист. И на нём можно написать свою новую историю! — рассказал эксперт.__

**Как работают новогодние желания:**

🔴 **Задают вектор жизни**: это наш внутренний компас, который помогает понять, чего мы хотим на самом деле;
🔴 **Мотивируют**: даже маленький шаг к мечте даёт ощущение прогресса и заряжает энергией;
🔴 **Возвращают радость**: в процессе загадывания мы соприкасаемся с тем, что по-настоящему ценно для нас.

__— Желания могут не соответствовать тому, что есть сейчас, но они должны быть реальны и исполнимы в ближайшем будущем, — подчеркнул эксперт. __

**Три техники исполнения желаний:**

➡ **Письмо в будущее**: напишите себе письмо, подробно описав, каким вы видите себя через год, что уже сбылось и какие чувства вы испытываете. Запечатайте и откройте ровно через 12 месяцев.

➡  **Карта желаний**: создайте визуальную карту с изображениями, которые символизируют ваши цели. Главное — чтобы картинки вызывали эмоциональный отклик. Разместите карту на видном месте.

➡ **Система маленьких шагов**: разбейте большое желание на микроцели. Например, вместо «Выучить английский» поставьте задачи: «Заниматься 15 минут в день» или «Выучить пять новых слов в неделю».

__— Настроенное на верный путь сознание начинает «подсвечивать» подходящие возможности в повседневной жизни, — отметил Андрей Соловьёв. — Главное, чтобы желания были реалистичны. Они могут не соответствовать тому, что есть сейчас, но должны быть реально исполнимы в ближайшем будущем.__

🎆 Не бойтесь мечтать масштабно! Сам процесс оформления желания уже запускает перемены сначала внутри вас, а потом и в реальной жизни.

О полезных привычках смотрите на сайте ➡️ [ТакЗдорово](https://www.takzdorovo.ru/)

💬 [Получить MAXимум пользы для здоровья](https://max.ru/minzdrav_ru)",16070,149,5,minzdrav_ru
13538,2025-12-28T10:05:32+00:00,"👶 #ПростыеПравила: **Употребление алкоголя и рождение здоровых детей — взаимоисключающие понятия **

Об этом рассказала директор Национального научного центра наркологии — филиала НМИЦ психиатрии и наркологии им. В.П. Сербского Минздрава России Татьяна Клименко.

__— Алкоголь до и во время беременности — это не привычка, а медицинский риск, затрагивающий три поколения: родителей, будущего ребенка и его здоровье во взрослой жизни, — рассказала эксперт. 
__
❗️Спиртное способно стать причиной бесплодия и тяжелых врожденных заболеваний у детей. Эти риски возрастают многократно при регулярном употреблении даже слабоалкогольных напитков.

Как алкоголь влияет на репродуктивное здоровье

🤵‍♂️ **Мужчин:**

🔴 Ухудшение качества семенной жидкости: Снижается концентрация и подвижность сперматозоидов, увеличивается количество дефектных клеток;
🔴 Риск патологий у плода: аномальные сперматозоиды могут привести к серьезным порокам развития ребенка;
🔴 Для полного обновления сперматозоидов требуется минимум 3 месяца полного отказа от алкоголя перед зачатием.

🤰 **Женщин:**

🔴Алкоголь вызывает мутации в 90% яйцеклеток, которые не восстанавливаются;
🔴 Уменьшается запас и качество яйцеклеток, что затрудняет зачатие;
🔴 Употребление алкоголя увеличивает риск врожденных аномалий у ребенка в 70 раз, а также повышает вероятность выкидыша и преждевременных родов.

О полезных привычках смотрите на сайте ➡️ [ТакЗдорово](https://www.takzdorovo.ru/)

💬 [Получить MAXимум пользы для здоровья](https://max.ru/minzdrav_ru)",11776,95,1,minzdrav_ru
13537,2025-12-28T06:01:02+00:00,"👨‍⚕️ **Подмосковные врачи спасли пациенту ноги, имплантировав ему искусственный кровеносный сосуд длиной 50 см**

70-летний мужчина поступил в Люберецкую областную больницу для плановой операции из-за сильных болей в ногах, которые затрудняли его двигательные функции. Ранее пациенту врачи диагностировали **критическую ишемию нижних конечностей**.

💡**Критическая ишемия нижних конечностей** — это тяжелое состояние, когда артерии ног сужены или закупорены, что приводит к критически недостаточному кровоснабжению тканей, вызывая постоянные боли в покое, язвы, гангрену.

Врачи приняли решение о проведении операции по восстановлению кровоснабжения в ногах. Хирурги создали новый путь для крови: соединили крупную артерию в животе с сосудами ног с помощью полуметрового искусственного протеза.

__— Уникальность операции в том, что у пациента оказалось редкое анатомическое строение почки. Гигантский подковообразный орган в забрюшинном пространстве полностью закрывал доступ к сосудам. И нам пришлось проложить трансплантат обходным путем, — рассказал заведующий сосудистым отделением Люберецкой областной больницы Родион Шилов.__

➡️ При этом у пациента была еще одна аномалия: большую почку питало не две как у обычного человека, а пять артерий. Все они были сохранены в ходе операции для питания жизненно важного органа.

❤️ Сейчас пациент чувствует себя хорошо и выписан под амбулаторное наблюдение. 

💬 [Получить MAXимум пользы для здоровья](https://max.ru/minzdrav_ru)

#МедицинаРегионов",5760,21,1,minzdrav_ru
13536,2025-12-27T16:02:12+00:00,"🐟 **#ПростыеПравила****: Почему белая рыба — идеальна для новогоднего стола**

Об этом рассказала руководитель лаборатории изучения и коррекции пищевого поведения НМИЦ терапии и профилактической медицины Минздрава России Софья Елиашевич.

🤔 Новогоднее меню часто ассоциируется с обильными и тяжелыми блюдами. Прекрасной полезной альтернативой может стать белая рыба — легкий, питательный и универсальный продукт, который украсит праздничный стол.

К белым видам обычно относятся минтай, треска, судак, хек, навага, пикша и некоторые виды камбалы. Это один из наиболее доступных и легкоусвояемых источников полноценного белка.

📄 Основные преимущества белой рыбы для здоровья:

🎥 высококачественный белок — легко усваивается;
🎥 сочетает высокую питательность с невысокой калорийностью;
🎥 содержит фосфор, йод, калий и витамины группы B, важные элементы для работы организма;
🎥 филе белой рыбы готовится всего 10–20 минут;
🎥 природное отсутствие глютена делает продукт подходящим для людей с целиакией или чувствительностью к нему.

__— Регулярное употребление белой рыбы — 2–3 раза в неделю — помогает разнообразить питание и обеспечить организм ценными нутриентами. Делать это совсем несложно: продукт легко включать в ежедневное меню, — подчеркнула эксперт.__

🍽 Самые удобные способы включить белую рыбу в рацион:

🍋 Запекание — филе можно запечь в духовке с лимоном, зеленью или овощами. Такой способ сохраняет питательные вещества и мягкий вкус;
💨 Приготовление на пару — подходит для легких блюд. Рыба остается сочной, а ее вкус хорошо сочетается с гарнирами;
🥦 Тушение с овощами — быстро пропитывается ароматами овощей и пряностей;
🍜 Добавление в супы и рагу — нежное филе подходит для легких рыбных супов, ухи или овощных рагу.

О полезных привычках смотрите на сайте ➡️ [ТакЗдорово](https://www.takzdorovo.ru/)

💬 [Получить MAXимум пользы для здоровья](https://max.ru/minzdrav_ru)",9612,65,2,minzdrav_ru
13532,2025-12-27T10:02:38+00:00,"🎄☹️ **#ПростыеПравила****: Почему нет новогоднего настроения и где его искать**

Об этом рассказал заведующий кафедрой психотерапии, медицинской психологии и сексологии Северо-Западного государственного медицинского университета им. И.И. Мечникова Минздрава России Павел Бомов.

❗️ Новогоднее настроение — это сложный психофизиологический комплекс. Его отсутствие — не каприз. Это сигнал организма о перегрузке. 

🍔 В чем причины?

🎥 вы устали от сессии, работы, быта. Дофаминовая и серотониновая системы, отвечающие за предвкушение и радость, истощены;
🎥 праздник превращается в список обязанностей (купить, приготовить, веселиться), он становится дедлайном;
🎥 внутри нас конфликт: «внутренний ребенок» ждет чуда и идеальной картинки, а рациональное я видит усталость и стресс;
🎥 зимой меньше солнца, мы меньше двигаемся, сбивается режим сна. Организм не получает нужных сигналов для выработки «гормонов счастья».

__— Начните создавать новогоднее настроение с заботы о базовых потребностях: сон, еда, отдых. А настроение... оно придет позже, когда вы позволите себе просто быть, а не соответствовать, — подчеркнул эксперт.__

🎁 Не ждите, что «новогодний дух» придет извне — с гирляндами и громкой музыкой. Настоящий праздник стоит искать внутри — в тишине, покое и осознанной заботе о себе.

Начните с малого: дайте себе выспаться, разрешите никуда не спешить, найдите минуту, чтобы осознанно выпить чай. Иногда самое праздничное чувство рождается не в ликовании, а в тихом вечере, когда вы понимаете: «Я справился с годом, я могу просто отдохнуть». 

Вся важная информация — в наших карточках 🖼

О полезных привычках смотрите на сайте ➡️ [ТакЗдорово](https://www.takzdorovo.ru/)

💬 [Получить MAXимум пользы для здоровья](https://max.ru/minzdrav_ru)",24614,224,3,minzdrav_ru
13529,2025-12-27T06:04:14+00:00,"🏥 **В Башкирии открылись две новые женские консультации**

В Краснокамском и Миякинском районах Республики Башкортостан в рамках национального проекта «Семья» начали работу две новые женские консультации. Современные медучреждения оснащены новейшим оборудованием, обеспечивающим высокий уровень диагностики и профилактики.

➡️ Прием ведут опытные гинекологи и акушерки, применяющие передовые методы диагностики и лечения. Также организованы онлайн-консультации со специалистами региональных центров через телемедицинские технологии.

В консультациях установлены ульразвуковые сканеры экспертного класса и аппараты КТГ для контроля здоровья матери и ребенка. 

➡️ Пациенткам доступны все необходимые виды медицинской помощи, включая сопровождение на всех этапах беременности.

Получать помощь в новых консультациях смогут жительницы обоих районов. В помещениях организованы просторные зоны ожидания, закуплена новая мебель, обеспечена доступная среда для маломобильных пациенток.

📌 Всего в этом году в республике планируется открытие 11 женских консультаций на базе действующих кабинетов акушера-гинеколога. Еще в четырех медицинских организациях — Малоязовской, Караидельской, Балтачевской и Акъярской ЦРБ — появятся модульные консультации.

💬 [Получить MAXимум пользы для здоровья](https://max.ru/minzdrav_ru)

#МедицинаРегионов
#ЗдоровьеВПриоритете",6163,15,1,minzdrav_ru
13528,2025-12-26T17:41:05+00:00,"🎄 **#ПростыеПравила****: Живая и искусственная ёлка — польза и риски для здоровья**

Об этом рассказала доцент кафедры клинической иммунологии аллергологии и лабораторной диагностики Кубанского ГМУ Минздрава России Светлана Ковалева.

__— Приближение новогодних праздников неизменно ассоциируется с установкой главного атрибута торжества — ёлки. Однако для ряда пациентов (особенно с респираторными заболеваниями и аллергопатологией) этот процесс сопряжён с потенциальными рисками, — отметила эксперт.
__
🌲 **Живая ёлка:
**
➡️ **Плюсы:** выделяет фитонциды и повышает концентрацию отрицательных ионов, а также увлажняет воздух зимой.

🤚 **Риски: **смола и опавшие иголки раздражают дыхательные пути, плесень и пыль опасны для аллергиков.

✅ **Советы:** покупать в проверенных местах, осмотреть, промыть, ставить в воду или влажный песок, не в спальне, увлажнять воздух.

🎄 **Искусственная ёлка:
**
➡️ **Плюсы:** нет пыли и биоматериала, многоразовое использование, не осыпается.

🤚 **Риски: **низкокачественный пластик может выделять вредные вещества, пыль — аллерген.

✅ **Советы: **выбирать сертифицированные изделия, чистить перед установкой, держать подальше от батарей, регулярно убирать пыль.

💡 **Особые рекомендации:
**
▫️ Для аллергиков, детей и пожилых — маленькая живая в горшке или гипоаллергенная искусственная елка.
▫️ Проветривать, увлажнять, использовать сертифицированные гирлянды, не держать ёлку дольше 2–3 недель.

__— Выбор новогодней ёлки требует взвешенного подхода с учётом индивидуальных особенностей здоровья всех членов семьи. При наличии хронических заболеваний или предрасположенности к аллергии рекомендуется проконсультироваться с лечащим врачом, — заключила Светлана Ковалева.

__О полезных привычках смотрите на сайте ➡️ [ТакЗдорово ](https://www.takzdorovo.ru/)

💬 [Получить MAXимум пользы для здоровья](https://max.ru/minzdrav_ru)",10423,52,0,minzdrav_ru
13527,2025-12-26T15:21:12+00:00,"🎷 #ПростыеПравила: **Как новогодняя музыка влияет на психику ребёнка**

Об этом рассказала заведующая кафедрой клинической психологии Санкт-Петербургского государственного педиатрического медицинского университета Минздрава России Мария Коргожа.

__— Новогодняя музыка позитивно влияет на детей любого возраста. Если использовать её правильно, она принесет ребенку пользу, создаст определенный настрой и настроит на позитивный лад в подготовке к Новому году. Однако, как и любой стимул, она имеет свои особенности, которые важно учитывать, — рассказала эксперт.__

Правильно подобранная музыка позитивно влияет на детей любого возраста: поднимает настроение, настраивает на праздничный лад и помогает в подготовке к Новому году.

Три правила использования новогодней музыки:

🔴  Дозированность: музыка не должна быть слишком громкой или звучать постоянно на фоне;
🔴  Уместность: если ребёнок устал, хочет спать или расстроен, музыку лучше выключить. Не стоит использовать её как способ отвлечь ребёнка от его настоящих переживаний и проблем;
🔴  Контекст: включать новогоднюю музыку сильно заранее не имеет смысла, так как теряется её главная функция — создание особого настроя.

__— Если следовать этим простым правилам, новогодняя музыка будет благоприятно влиять на психику ребенка: помогать готовиться к празднику, объединять с родителями и близкими и создавать ту самую атмосферу новогоднего чуда, — заключила эксперт. __

О полезных привычках смотрите на сайте ➡️ [ТакЗдорово](https://www.takzdorovo.ru/)

💬 [Получить MAXимум пользы для здоровья](https://max.ru/minzdrav_ru)",9092,40,0,minzdrav_ru
13525,2025-12-26T13:06:07+00:00,"💭 **Сроки лечения лекарственно устойчивого туберкулеза в России удалось сократить с 18-24 месяцев до полугода**

Об этом сообщила главный внештатный фтизиатр Минздрава России Ирина Васильева на открытом заседании Научного совета РАН «Науки о жизни».

__— Благодаря персонализированной химиотерапии на основе быстрого определения устойчивости возбудителя сроки лечения лекарственно устойчивого туберкулеза удалось сократить с 18-24 месяцев до полугода, — сказала она.__

➡️ Ирина Васильева представила препарат, разработанный учеными НМИЦ ФПИ Минздрава России, липосомальный микобактериофаг, который позволит справиться с проблемой лекарственной резистентности в лечении туберкулеза.

Также эксперт рассказала о  новейших импортоопережающих диагностических системах: 

🔴 автоматическое устройство для экспресс-диагностики туберкулеза и определения лекарственной устойчивости у постели больного с получением;
🔴 новые тест-системы на основе метода таргетного секвенирования нового поколения (NGS).

📝 Она подчеркнула, что наша страна занимает лидирующие позиции в мире по темпам снижения заболеваемости туберкулезом. 

__— С 2020 года мы ежегодно обновляем исторические минимумы по ключевым показателям: заболеваемость снизилась в 3,4 раза, а смертность — в 7 раз по сравнению с пиковыми значениями за весь период наблюдения, и даже в период пандемии COVID-19 нам удалось сохранить положительный тренд, — подчеркнула эксперт.__

Ирина Васильева пояснила, что этот успех основан на четырех главных принципах: 

🔴 государственном приоритете;
🔴 комплексном подходе;
🔴 уникальной организационной структуре фтизиатрической службы;
🔴 быстром внедрении научных инноваций.

➡️ Также эксперт отметила, что систематический скрининг детей на туберкулез в России внесен в 2018 году в сборник лучших практик ВОЗ по борьбе с туберкулезом среди детей и подростков, а созданный в России Диаскинтест с 2022 года рекомендован ВОЗ и позволил в 37 раз повысить эффективность выявления инфицирования у школьников. 

__— Диаскинтест успешно внедряется в практику и зарубежом, страны ближнего зарубежья (Беларусь, Узбекистан, Казахстан) уже активно его закупают, идут переговоры с Ираном, Бразилия также заинтересована и взяла тест на клиническое исследование, — заключила она.

__💬 [Получить MAXимум пользы для здоровья](https://max.ru/minzdrav_ru)__

__#ЗдоровьеВПриоритете",5812,35,5,minzdrav_ru
13522,2025-12-26T10:51:19+00:00,"🩺 **В Республике Коми после ремонта открылся хирургический центр**

В Усинской центральной районной больнице начал работу обновлённый хирургический центр. Он расположен на шестом этаже стационара, где находятся операционные блоки.

➡️ Отделение разделено на два крыла — для «чистой» и гнойной хирургии. Здесь также оборудованы ординаторская, подсобные помещения, кухня, санузлы, два круглосуточных поста, а также спортивная комната.

Хирургический центр рассчитан на 40 койко-мест, дополнительно предусмотрены ещё восемь резервных — на случай увеличения нагрузки. 

👨‍⚕️ В штате отделения — 20 сотрудников медицинского персонала. Помимо операций, пациенты смогут проходить здесь восстановительное лечение и получать необходимую медицинскую помощь.

__— Одна из стратегических целей развития Усинской центральной районной больницы — расширение перечня медицинских услуг, которые жители города должны получать на месте, — отметил руководитель больницы Адель Камилов. — В рамках этой работы уже открылись отделение гемодиализа и онкологический кабинет. Сегодня сделан следующий важный шаг — начал работу хирургический центр.

__#Модернизация 

💬 [Получить MAXимум пользы для здоровья](https://max.ru/minzdrav_ru)",3928,1,0,minzdrav_ru
13520,2025-12-26T09:42:32+00:00,"💭 **Работа медицинских служб в новогодние праздники будет усилена__
__
**Об этом заявил министр здравоохранения РФ Михаил Мурашко в ходе заседания федерального Оперативного штаба Минздрава России с участием регионов. 

📝 Он дал указание руководителям органов исполнительной власти субъектов в сфере здравоохранения разместить информацию о режиме работы организаций системы здравоохранения в новогодний период в срок до 29 декабря. 

Министр обратил внимание, что в новогодние праздники традиционно возрастает нагрузка на систему скорой и неотложной помощи. Это требует повышенной готовности как самой системы, так и медицинских учреждений.

__— В период с 30 декабря 2025 года до 11 января 2026 года необходимо усилить работу служб, участвующих в оказании скорой и неотложной медицинской помощи гражданам, обеспечить готовность медицинских организаций, оказывающих скорую медицинскую помощь, к оперативному оказанию медицинской помощи пациентам, предусмотрев укомплектованность выездных бригад, — заявил он. 

__➡️ Министр напомнил, что органы исполнительной власти субъектов в сфере здравоохранения должны обеспечить бесперебойное оказание медицинской помощи ветеранам СВО. 

↪️ **Организация неотложной помощи при чрезвычайных ситуациях

**__— В случае ухудшения погодных условий организовать совместно с органами исполнительной власти субъектов РФ, органами местного самоуправления и организациями, в полномочия которых входит решение вопросов в области защиты населения и территорий от чрезвычайных ситуаций, круглосуточное дежурство медицинских бригад на ледовых переправах, на участках дорог с затруднением движения транспортных средств, в аэропортах и других местах массового скопления людей, — подчеркнул Михаил Мурашко. 

__🏥 Он добавил, что органы управления Всероссийской службы медицины катастроф регионального, муниципального и объектового уровня должны обеспечить контроль за бесперебойным функционированием объектов сферы здравоохранения в период с 30 декабря 2025 года по 11 января 2026 года, а также организацию мониторинга складывающейся ситуации в зонах ответственности на участках федеральных автомобильных дорог. 

↪️ **Обеспечение бесперебойной работы аптечной сети и медучреждений

**Глава Минздрава России также обозначил ключевые требования к работе амбулаторно‑поликлинических учреждений и аптечной сети.

__— В период новогодних праздников рост массовых мероприятий и социальных контактов как правило приводит к росту заболеваемости респираторными инфекциями. В этой связи необходимо обеспечить бесперебойную работу дежурных аптек для оперативного обеспечения пациентов лекарственными препаратами. Особое внимание следует уделить доступности лекарств в ночное время и в районах, где отсутствуют круглосуточные аптечные пункты. Амбулаторно-поликлинические учреждения также должны быть готовы к оказанию медицинской помощи в полном объёме, как и стационары, в  том числе сосудистые центры, отделения травматологии — сказал он. 

__👨‍⚕️ Министр также подчеркнул, что в период длинных выходных должна быть обеспечена доступность паллиативной помощи, а пациенты, нуждающиеся в обезболивании, должны быть обеспечены необходимыми лекарственными препаратами в полном объеме.

—__ Важно также обеспечить своевременный отпуск лекарственных препаратов для льготных категорий граждан, выписать и выдать пациентам лекарства уже сейчас — в конце декабря, — с тем расчетом, чтобы их хватило как минимум на весь праздничный период! И крайне важно держать на контроле вопрос обеспечения паллиативных пациентов необходимыми лекарствами, — подчеркнул он. 

__При возникновении трудностей с получением лекарственных препаратов, в том числе обезболивающих, рекомендуется незамедлительно обращаться на горячую линию Росздравнадзора по телефону +7 800 550 99 03.

💬 [Получить MAXимум пользы для здоровья](https://max.ru/minzdrav_ru)

#МедицинаРегионов 
#ЗдоровьеВПриоритете",60409,191,2,minzdrav_ru
13513,2025-12-26T05:33:20+00:00,"🍾 #ПростыеПравила: **Почему стоит отказаться от алкоголя в новогодние праздники**

Об этом рассказала директор Национального научного центра наркологии — филиала НМИЦ психиатрии и наркологии им. В.П. Сербского Минздрава России Татьяна Клименко.

__— Вместо ощущения праздника алкоголь часто приносит головную боль, усталость и чувство стыда за своё поведение. Это состояние специалисты называют ключевым фактором риска — оно приводит к травмам, конфликтам и обострению хронических болезней, — рассказала эксперт. __

☝️** Важно знать, что безопасной дозы употребленного алкоголя не бывает.**

Подробные советы эксперта читайте в наших карточках 🖼

О полезных привычках смотрите на сайте ➡️ [ТакЗдорово ](https://www.takzdorovo.ru/)

💬 [Получить MAXимум пользы для здоровья](https://max.ru/minzdrav_ru)",28045,206,3,minzdrav_ru
13505,2025-12-25T16:06:35+00:00,"**🎄 ****#ПростыеПравила****: Как бороться с распространенными новогодними стрессами

**Об этом сообщила младший научный сотрудник отдела психопрофилактики НМИЦ психиатрии и наркологии им. В.П. Сербского Минздрава России Дарья Белицкая.

__— Утомительная подготовка, включающая уборку, покупку, готовку, может поглотить всю энергию и забрать радость праздника, — отметила эксперт.

__Подробнее__ __о самых распространенных новогодних стрессах и способах борьбы с ними смотрите в наших карточках ↗️

О полезных привычках смотрите на сайте ➡️ [ТакЗдорово ](https://www.takzdorovo.ru/)

💬 [Получить MAXимум пользы для здоровья](https://max.ru/minzdrav_ru)",19870,126,2,minzdrav_ru
13504,2025-12-25T13:11:24+00:00,"🔍 **А вы знаете… Как помочь человеку при обмороке?**

Об этом рассказал детский хирург Дмитрий Голощапов на образовательном канале [«Люди в белом»,](https://rutube.ru/shorts/ae9a4ef8b0a273c358c54c3ea9061f32/) запущенном на национальном видеохостинге RUTUBE при поддержке Минздрава России.

📌 Обморок — это кратковременная потеря сознания из-за резкого ухудшения кровоснабжения мозга. Его основными причинами могут быть:

😮 психическая травма (например, реакция на вид крови или шприца);
😮 смена положения тела;
😮 истерическая реакция.

Чтобы оказать первую помощь, необходимо уложить человека с опущенной головой, дать вдохнуть пары нашатырного спирта, растереть ушные раковины и обеспечить приток свежего воздуха.

Подробные советы эксперта смотрите в видео ↗️

Доверяйте только проверенной информации о здоровье — смотрите проект «Советы врачей» на #RUTUBE

Подписывайтесь** и узнавайте полезную информацию первыми! **💙

💬 [Получить MAXимум пользы для здоровья](https://max.ru/minzdrav_ru)",8645,85,14,minzdrav_ru
13501,2025-12-25T10:36:23+00:00,"👨‍⚕️ **Тульские врачи впервые в регионе выполнили уникальную органосохраняющую операцию на легком** 

60-летняя жительница Киреевского района обратилась в Тульский областной клинический онкологический диспансер с диагнозом злокачественной карциноидной опухоли легкого. 

Традиционный подход в подобной ситуации часто предполагает полное удаление легкого, что ведет к длительной реабилитации и снижению качества жизни.

📌 Для сохранения органа врачи выбрали передовую бронхопластическую методику — высокотехнологичное вмешательство, при котором удаляется только пораженная доля легкого, а затем восстанавливается непрерывность дыхательных путей.

__— Такой подход позволяет добиться онкологической радикальности — удалить опухоль полностью — и при этом максимально сохранить функциональность органа, — пояснил хирург Тульского областного клинического онкологического диспансера Александр Перепелевский.__

❤️ Операция прошла успешно, послеоперационный период протекал без осложнений. Пациентку уже выписали домой, а сохранение большей части легкого позволит ей вернуться к активной жизни в кратчайшие сроки.

💬 [Получить MAXимум пользы для здоровья](https://max.ru/minzdrav_ru)

#МедицинаРегионов",4586,13,2,minzdrav_ru
13498,2025-12-25T06:04:13+00:00,"🚑 **100 новых машин скорой помощи пополнили парк Волгоградской области**

Крупную партию автомобилей скорой медицинской помощи передали подстанциям службы скорой медицинской помощи региона. 

➡️ Новая техника — 92 автомашины класса В и 8 реанимобилей класса С — уже в начале 2026 года выйдет на маршруты. Все машины оснащены полным комплектом медицинского оборудования.

↪️ Обновление автопарка позволит:

🔴 повысить оперативность реагирования на вызовы и качество оказания экстренной помощи;
🔴 обеспечить более равномерное покрытие как городских, так и отдаленных территорий;
🔴  улучшить условия транспортировки пациентов в лечебные учреждения.

__— Плановое обновление техники позволило за последние годы снизить до 10% долю автомобилей старше пяти лет. Мы продолжаем создавать современную систему оказания медицинской помощи, — отметил губернатор Волгоградской области Андрей Бочаров.__

💬 [Получить MAXимум пользы для здоровья](https://max.ru/minzdrav_ru)

#МедицинаРегионов
#Модернизация",5037,23,0,minzdrav_ru
13497,2025-12-24T16:33:16+00:00,"💃 #ПростыеПравила: **Красота и алкоголь — несовместимые понятия**

Об этом рассказала директор Национального научного центра наркологии — филиала НМИЦ психиатрии и наркологии им. В.П. Сербского Минздрава России Татьяна Клименко.

❗️ Алкоголь — один из главных факторов ускоренного старения и ухудшения внешности.
__
— Одним из наиболее частых последствий употребления спиртного для зубов является пародонтоз и кариес. Также на фоне хронической интоксикации в организме происходят изменения, которые приводят к нехватке кислорода и питательных веществ, что крайне неблагоприятно сказывается на состоянии волос и кожи, — подчеркнула эксперт.__

Даже при эпизодическом употреблении спиртного происходят негативные изменения кожи, волос и зубов, а при регулярном — процессы старения и разрушения ускоряются в разы.

Итак, ещё несколько причин в пользу праздника без алкоголя. 

🔴 **Кожа**: алкоголь вызывает обезвоживание и одновременно отеки, разрушает коллаген, что приводит к сухости, морщинам и потере тонуса;
🔴 **Волосы**: интоксикация и нехватка питательных веществ делают волосы ломкими, тусклыми, безжизненными. Они теряют цвет, объем и силу;
🔴 **Зубы**: действием алкоголя из организма вымывается кальций, что напрямую влияет на зубы и ухудшает качество зубной эмали;
🔴 **Общее состояние**: потеря витаминов (А, Е, группы В, С) и микроэлементов подрывает здоровье изнутри, что неизбежно отражается на внешнем виде.

О полезных привычках смотрите на сайте ➡️ [ТакЗдорово](https://www.takzdorovo.ru/)

💬 [Получить MAXимум пользы для здоровья](https://max.ru/minzdrav_ru)",10615,91,4,minzdrav_ru
13496,2025-12-24T14:26:27+00:00,"Сегодня среда, а значит... #НаучнаяСреда

🔬 **Специалисты Первого Московского ГМУ им. И. М. Сеченова Минздрава России зарегистрировали ИИ-систему для массового скрининга сердца**

Первый Московский ГМУ им. И. М. Сеченова Минздрава России зарегистрировал программный комплекс с искусственным интеллектом для удаленного скрининга и мониторинга гемодинамики сердца.

↪️ Данная разработка позволяет выявлять сердечную недостаточность и скрытые нарушения по данным одноканальной электрокардиограммы (ЭКГ) и пульсовой волны всего за 1 мин.

Технология подходит для клинического применения — в поликлиниках, телемедицинских центрах и фельдшерско-акушерских пунктах.

Алгоритмы интегрированы в портативный электрокардиограф размером не больше кредитной карты. Пациенту достаточно приложить два пальца к устройству, чтобы нейросеть проанализировала сигнал и выдала врачу готовое заключение с оценкой рисков.

👇 Система диагностирует систолическую дисфункцию (слабое сокращение сердца) с точностью 91% и диастолическую дисфункцию 2-3 степени — ранний признак сердечной недостаточности — с точностью 96,5%. Кроме того, она распознает нарушения ритма, включая фибрилляцию предсердий, повышающую риск инсульта.

В клинических испытаниях устройства участвовали более 15 тыс. человек. Разработка особенно актуальна для контроля кардиотоксичности химиотерапии у онкопациентов и снижения повторных госпитализаций при сердечной недостаточности

💬 [Получить MAXимум пользы для здоровья](https://max.ru/minzdrav_ru)

#СделаноВРоссии
#БудущееМедицины
#МедицинскаяНаука",5019,33,1,minzdrav_ru
