id,date,text,views,forwards,replies,channel_short
41812,2026-06-01T15:46:57+00:00,"❗️❕‼️🟥🟧** Путин спас друга от тюрьмы | СВОшников не пускают в Думу | В Москве дорожает бензин**

Итоги дня: https://youtu.be/XTuTerVZ0Us

Мерзкий доносчик, путинский актёр и одиозный генерал — расскажем, кто провалил праймериз «Единой России». Запесоцкого восстановили в должности ректора университета профсоюзов. А Мединский хочет усилить контроль за фильмами, которые снимаются на государственные деньги.

__🚫 Не работает YouTube? Используйте __[__@rosvpnbot__](http://t.me/rosvpnbot?start=tg_pp)__
__
__🦙____ __[Популярная политика](http://t.me/politica_media)__ __| [Поддержать](http://donate.fbk.info/smm)",1438,3,1,politica_media
41810,2026-06-01T15:06:03+00:00,"**🔴****🟠****🟡****  Талоны на бензин | Новый виток блокировок | Путин теряет рейтинг**

Включайте эфир в 18:30: https://youtube.com/live/N6Ce4FPlkHs**
**
Рейтинг доверия к Путину снова рухнул — об этом сообщают даже прокремлёвские социологи. В Сыктывкаре восьмилетних школьников хотят изъять из семей за то, что они играли на инсталляции из кубиков к 9 Мая. А топливный кризис начали ощущать даже жители Москвы.

Эти и другие новости обсудим в новом выпуске «Бойко о главном».

__🦙____ __[Популярная политика](http://t.me/politica_media)__ __| [Поддержать](http://donate.fbk.info/smm)",1411,3,0,politica_media
41808,2026-06-01T14:16:23+00:00,"❗️**Чем закончится конфликт Путина и Пашиняна?**

Смотреть: https://youtu.be/zYZ4620pqXo

Путин усиливает давление на Армению: под предлогом карантина блокируется импорт фруктов, коньяка и рыбы, звучат угрозы пересмотра цен на газ и нефтепродукты. На фоне сближения Еревана с ЕС Кремль пытается спровоцировать внутреннее недовольство перед выборами. 

Почему Армения не идёт на уступки и ищет новые рынки вместо зависимости от Москвы — разбираем с политиком Степой Сафаряном.
__
🚫 Не работает YouTube? Используйте __[__@rosvpnbot__](http://t.me/rosvpnbot?start=tg_pp)__**
**
____🦙____ __[Популярная политика](http://t.me/politica_media)__ __| [Поддержать](http://donate.fbk.info/smm)",1346,5,0,politica_media
41806,2026-06-01T13:53:03+00:00,Сейчас тут буду в прямом эфире рассказывать про жулика из ВЦИОМ https://www.youtube.com/watch?v=XlncuZfrMX8,1204,1,0,politica_media
41805,2026-06-01T13:05:56+00:00,"**ФБК выпустил расследование о главе ВЦИОМ** **Валерии Фёдорове**

По данным расследования, ВЦИОМ перечислял сотни миллионов рублей сети индивидуальных предпринимателей, многие из которых не имеют отношения к социологии. Среди получателей денег — сотрудники турфирм, автосалонов, фотограф и руководитель аквапарка.

У жены Фёдорова Дарьи Васильевой расследователи нашли элитную недвижимость, автомобили Porsche и Maserati, а также коллекцию сумок стоимостью 53 миллиона рублей.

__🦙____ __[Популярная политика](http://t.me/politica_media)__ __| [Поддержать](http://donate.fbk.info/smm)",1435,5,0,politica_media
41804,2026-06-01T12:23:42+00:00,"❗️**Бриллианты, Porsche и тяжелый люкс. Как живет семья главного социолога России**

Смотреть: https://youtu.be/gtD0UkwItOM

Расследование ФБК о главе ВЦИОМ Валерии Фёдорове: как главный социолог Кремля зарабатывает на «серых» схемах с подрядами и обеспечивает роскошную жизнь молодой жене. 

Кто получает миллионы и как устроена эта система — разбираем с Георгием Албуровым.
__
🚫 Не работает YouTube? Используйте __[__@rosvpnbot__](http://t.me/rosvpnbot?start=tg_pp)__**
**
____🦙____ __[Популярная политика](http://t.me/politica_media)__ __| [Поддержать](http://donate.fbk.info/smm)",1486,2,0,politica_media
41803,2026-06-01T10:54:19+00:00,"❗️❕‼️🟥**🟧****КРЫМ ОСТАЛСЯ БЕЗ БЕНЗИНА | АВАРИЯ В ДАГЕСТАНЕ | УНИЧТОЖЕНЫ ДВА РОССИЙСКИХ САМОЛЁТА**

Смотреть: https://youtu.be/o5EuWpI7jVg**__
__**
ФБК опубликовал расследование про главу ВЦИОМа Валерия Фёдорова. ВСУ нанесли восьмой удар по саратовскому НПЗ. А в Табасаранском районе Дагестана сошёл оползень — из-за этого оказалась разрушена дорога, соединяющая несколько сёл.

__🚫 Не работает YouTube? Используйте __[__@rosvpnbot__](http://t.me/rosvpnbot?start=tg_pp)__
__
🦙 [Популярная политика](http://t.me/politica_media) | [Поддержать](http://donate.fbk.info/smm)",1566,2,0,politica_media
41802,2026-06-01T09:00:01+00:00,"🔥 **Сегодня в 17:00: Честное слово с Марией Певчих**

__Включайте трансляцию в нашем Telegram-канале или на YouTube: ____https://youtube.com/live/XlncuZfrMX8__

Поговорим про [новое расследование](https://youtu.be/U8kY9qLnGgg) о том, как семья главы ВЦИОМ Валерия Фёдорова обогащается на лояльности Кремлю.

Обязательно посмотрите его и подключайтесь к эфиру. 

__🦙____ __[Популярная политика](http://t.me/politica_media)__ __| [Поддержать](http://donate.fbk.info/smm)",5199,9,0,politica_media
41799,2026-06-01T07:34:22+00:00,"**▪️****▫️****◾️****◽️****◼️****◻️****🔳****  В 11:00: Честное слово с Ильёй Новиковым**

Включайте трансляцию в нашем Telegram-канале или на YouTube: https://youtube.com/live/JBMu-VdpRIo

__🦙____ __[Популярная политика](http://t.me/politica_media)__ __| [Поддержать](http://donate.fbk.info/smm)",1828,1,0,politica_media
41798,2026-05-31T07:03:59+00:00,"**💙**** Поддержите работу «Популярной политики»**

Становитесь спонсором: youtube.com/channel/UC7Elc-kLydl-NAV4g204pDQ/join

__🦙____ __[Популярная политика](http://t.me/politica_media)__ __| [Поддержать](http://donate.fbk.info/smm)",2220,3,0,politica_media
41797,2026-05-30T11:18:10+00:00,"**#Дайджест**** главных «Тем дня» этой недели.** 

Если вы пропустили выпуски — рассказываем, что произошло.

• **Громкая отставка в Минобороны.** Замминистра обороны Олег Савельев покинул свой пост. Он был первым чиновником, которого Андрей Белоусов привёл в Минобороны после своего назначения главой ведомства. __Обсуждаем эту отставку с Русланом Шаведдиновым — __[__смотреть__](https://youtu.be/QF-20Wt2Yx0)__
__
• **Матвиенко подала в суд на журналиста.** Семья спикера Совфеда Валентины Матвиенко подала в суд на итальянского журналиста Массимилиано Коччо из-за расследования об их европейских активах.  __Поговорили об этом с расследователем Сергеем Ежовым — __[__смотреть__](https://youtu.be/PNgnHCMegPU)__
__
• **Тайные гувернантки для детей Путина.** Журналисты «Системы» выяснили, что детей Путина воспитывают десятки гувернёров из «недружественных» стран. __Обсуждаем расследование с журналисткой «Системы» Елизаветой Сурначёвой — __[__смотреть__](https://youtu.be/Qu2zb1Fn4_w)__
__
• **Уголовное дело против Голиковой во Франции.** Следствие подозревает их в тайном владении виллой на Лазурном Берегу за 23 миллиона евро и скрытых активах в Испании и Португалии. __Разбираем дело с Георгием Албуровым — __[__смотреть__](https://youtu.be/KaJadNZAe5U)__
__
• **Рейтинг Путина продолжает падать.** Несмотря на смену методики опросов ВЦИОМ, рейтинг Путина снизился до 67% — это один из самых низких показателей с начала войны. __Обсуждаем с аналитиком Александром Шуршевым — __[__смотреть__](https://youtu.be/y5D3I3ChOUk)__
__
**💙**** Поддержите выход новых выпусков «Тем дня» на ****friends.politica.media**

__🦙____ __[Популярная политика](http://t.me/politica_media)__ __| [Поддержать](http://donate.fbk.info/smm)",2389,1,0,politica_media
41796,2026-05-29T15:49:01+00:00,"❗️❕‼️🟥🟧 **Экстренное заседание НАТО | Кремль экономит на всём, кроме войны | Олигарх лишился всего**

Итоги дня: https://youtu.be/sjUSiM4s96c

Минфин хочет заморозить часть трат из бюджета — потому что война требует все больше денег. Очередные убийцы на свободе благодаря СВО: они закопали живого человека.А НАТО собирает экстренное заседание из-за российского дрона, который упал на жилой дом в Румынии.

__🚫 Не работает YouTube? Используйте __[__@rosvpnbot__](http://t.me/rosvpnbot?start=tg_pp)__
__
__🦙____ __[Популярная политика](http://t.me/politica_media)__ __| [Поддержать](http://donate.fbk.info/smm)",2528,2,0,politica_media
41794,2026-05-29T14:43:42+00:00,"❗️**Россияне против власти. Рейтинг Путина продолжает падать**

Смотреть: https://youtu.be/y5D3I3ChOUk

Рейтинг Владимира Путина падает, несмотря на то что государственный ВЦИОМ экстренно заменил телефонные опросы поквартирными обходами. Хитрость сработала всего на две недели: сейчас одобрение работы Путина снизилось до 67%, что близко к рекордному минимуму начала войны. 

Зачем Кремлю понадобились «домашние визиты» социологов, в чём разница между доверием и одобрением и возможна ли вообще адекватная социология в условиях диктатуры — обсудили с аналитиком Александром Шуршевым.
__
🚫 Не работает YouTube? Используйте __[__@rosvpnbot__](http://t.me/rosvpnbot?start=tg_pp)__**
**
____🦙____ __[Популярная политика](http://t.me/politica_media)__ __| [Поддержать](http://donate.fbk.info/smm)",2315,4,0,politica_media
41792,2026-05-29T13:53:48+00:00,"**Во Франции завели уголовное дело против вице-премьера Татьяны Голиковой и её мужа Виктора Христенко**

Власти Франции подозревают их в тайном владении виллой на Лазурном Берегу за 23 миллиона евро и скрытых активах в Испании и Португалии.

В 2022 году французский суд арестовал виллу после попытки продажи через сеть офшоров, но имена владельцев тогда не раскрывались. Также арестованы деньги, связанные с попыткой продажи.

__🔗____ Обсудили это с расследователем Георгием Албуровым в «Теме дня»: ____https://youtu.be/KaJadNZAe5U__

__🦙____ __[Популярная политика](http://t.me/politica_media)__ __| [Поддержать](http://donate.fbk.info/smm)",2178,11,0,politica_media
41791,2026-05-29T13:36:07+00:00,"**▪️****▫️****◾️****◽️****◼️****◻️****🔳****  В 17:00: Честное слово с Ильёй Шепелиным**

Включайте трансляцию в нашем Telegram-канале или на YouTube: https://youtube.com/live/uiwB4bQmC8E

__🦙____ __[Популярная политика](http://t.me/politica_media)__ __| [Поддержать](http://donate.fbk.info/smm)",1923,3,0,politica_media
41790,2026-05-29T13:30:21+00:00,"❗️**Печать органов и опыты на свиньях. Как Путин пытается продлить себе жизнь**

Смотреть: https://youtu.be/2cy-H2suOmQ

Издание Wall Street Journal выяснило, что Владимир Путин выделил почти 2 триллиона рублей на секретную программу по борьбе со старением — столько же, сколько на всё ЖКХ страны в 2026 году. В закрытых лабораториях под кураторством дочери Путина исследуют 3D-печать тканей и выращивание органов внутри мини-свиней. 

Реально ли приблизить бессмертие, почему у проекта нет научных публикаций и каковы шансы дождаться некролога Путина при его постоянном наблюдении у врачей — обсудили с научным журналистом Ильёй Колмановским.
__
🚫 Не работает YouTube? Используйте __[__@rosvpnbot__](http://t.me/rosvpnbot?start=tg_pp)__**
**
____🦙____ __[Популярная политика](http://t.me/politica_media)__ __| [Поддержать](http://donate.fbk.info/smm)",2493,27,2,politica_media
41789,2026-05-29T12:13:00+00:00,"❗️**Уголовка на Голикову во Франции. Чиновницу обвинили в отмывании денег**

Смотреть: https://youtu.be/KaJadNZAe5U

Во Франции завели уголовное дело против вице-премьера РФ Татьяны Голиковой и её мужа Виктора Христенко. Следствие установило, что им тайно принадлежит арестованная в 2022 году роскошная вилла на Лазурном берегу за 23 миллиона евро, а также скрытые активы в Испании и Португалии. 

Стал ли этот объект новой находкой для журналистов, как устроена система офшоров и что теперь будет с европейской недвижимостью чиновников — обсудили с журналистом-расследователем Георгием Албуровым.
__
🚫 Не работает YouTube? Используйте __[__@rosvpnbot__](http://t.me/rosvpnbot?start=tg_pp)__**
**
____🦙____ __[Популярная политика](http://t.me/politica_media)__ __| [Поддержать](http://donate.fbk.info/smm)",1888,13,0,politica_media
41788,2026-05-29T10:38:33+00:00,"❗️❕‼️🟥**🟧****СЕКРЕТНАЯ ЖИЗНЬ ДЕТЕЙ ПУТИНА | РОССИЙСКИЕ ДРОНЫ АТАКОВАЛИ РУМЫНСКИЙ ГОРОД**

Смотреть: https://youtu.be/6nj1-RWFEIc**__
__**
Детей Владимира Путина и Алины Кабаевой воспитывают иностранные гувернантки. Волгоградскую область массированно атаковали украинские беспилотники. А ракета компании Blue Origin, которая принадлежит Джеффу Безосу, взорвалась во время испытаний на стартовой площадке во Флориде.

__🚫 Не работает YouTube? Используйте __[__@rosvpnbot__](http://t.me/rosvpnbot?start=tg_pp)__
__
🦙 [Популярная политика](http://t.me/politica_media) | [Поддержать](http://donate.fbk.info/smm)",1942,3,0,politica_media
41785,2026-05-29T07:33:54+00:00,"**▪️****▫️****◾️****◽️****◼️****◻️****🔳****  В 11:00: Честное слово с Аббасом Галлямовым**

Включайте трансляцию в нашем Telegram-канале или на YouTube: https://youtube.com/live/oOHcluRxqKU

__🦙____ __[Популярная политика](http://t.me/politica_media)__ __| [Поддержать](http://donate.fbk.info/smm)",2457,4,0,politica_media
41783,2026-05-28T16:18:58+00:00,"❗️❕‼️🟥🟧**Бюджетникам задерживают зарплаты | Торговая война с Арменией | Участник СВО хотел устроить теракт 
**
Итоги дня: https://youtu.be/ah6l1aYTTpY

Долги по зарплатам бюджетов резко выросли — госСМИ сначала опубликовали, а потом удалили эту новость. Главу района Новосибирской области, в котором массово уничтожали скот, повысили. А амбассадор кринжа Шаман выпустил клип, в котором иноагенты поют его песню.

__🚫 Не работает YouTube? Используйте __[__@rosvpnbot__](http://t.me/rosvpnbot?start=tg_pp)__
__
__🦙____ __[Популярная политика](http://t.me/politica_media)__ __| [Поддержать](http://donate.fbk.info/smm)",2460,2,0,politica_media
41782,2026-05-28T16:02:06+00:00,"**Иван Филиппов о растущем недовольстве среди сторонников войны и Z-каналов**

__🔗____ Полный разговор смотрите в «Честном слове»: ____https://youtube.com/live/aKA9LW2H2qA__

__🦙____ __[Популярная политика](http://t.me/politica_media)__ __| [Поддержать](http://donate.fbk.info/smm)",2045,4,0,politica_media
41780,2026-05-28T15:12:17+00:00,"❗️**Путин у Токаева. Зачем он прилетел в Казахстан**

Смотреть: https://youtu.be/OctI-zkBqfQ

Владимир Путин прибыл с визитом в Казахстан, где ему устроили пышный приём с перекрытием дорог и самолётами, окрасившими небо в российский триколор. Итогом переговоров стало подписание соглашений, главное из которых — строительство АЭС в республике. 

В каких отношениях находятся Путин и Токаев и есть ли будущее у их сотрудничества — обсудили с журналистом медиапроекта «Просто журналистика» Раулем Упоровым.
__
🚫 Не работает YouTube? Используйте __[__@rosvpnbot__](http://t.me/rosvpnbot?start=tg_pp)__**
**
____🦙____ __[Популярная политика](http://t.me/politica_media)__ __| [Поддержать](http://donate.fbk.info/smm)",1985,2,0,politica_media
41779,2026-05-28T15:02:39+00:00,"**🔴****🟠****🟡****  ФСБ в каждый дом | Имущество уехавших арестуют | Талибан поможет технологиями**

Включайте эфир в 18:30: https://youtube.com/live/wsKlgwb7bqc**
**
В ФСБ впервые признали, что отслеживают пользователей Telegram по интернет-трафику. Госдума разрешила арестовывать имущество уехавших россиян. А Россия заключила соглашение о военном сотрудничестве с «Талибаном».

Эти и другие новости обсудим в новом выпуске «Бойко о главном».

__🦙____ __[Популярная политика](http://t.me/politica_media)__ __| [Поддержать](http://donate.fbk.info/smm)",1719,3,0,politica_media
41778,2026-05-28T14:50:44+00:00,"**Кто воспитывает сыновей Путина **

Журналисты «Системы» выяснили, что семья Путина ежегодно тратит сотни тысяч долларов на иностранных гувернёров и преподавателей для его сыновей. Кандидатов ищут через элитные агентства по подбору персонала. 

По данным расследования, детей Путина обучают английскому и немецкому языкам, а среди нанятых гувернёров — граждане Германии, Великобритании, Новой Зеландии и других «недружественных» стран.

__🔗____ Подробнее об этом поговорили с журналисткой «Системы» Елизаветой Сурначёвой в «Теме дня»: __[__https://youtu.be/Qu2zb1Fn4_w__](https://youtu.be/Qu2zb1Fn4_w)

__🦙____ __[Популярная политика](http://t.me/politica_media)__ __| [Поддержать](http://donate.fbk.info/smm)",1756,3,1,politica_media
41776,2026-05-28T14:13:37+00:00,"❗️ **Власти скрывают это! Самые высокие долги по зарплатам за много лет**

Смотреть: https://youtu.be/rzIlMoOdsxI

Российские провластные СМИ опубликовали, а затем спешно удалили новости о резком росте долгов по зарплатам в стране. Заметки о росте просрочки до максимума с 2019 года на короткое время появились на сайтах «Коммерсанта», «Комсомольской правды» и «Ура.ру», на что обратило внимание издание The Bell. 

Почему власти так боятся официальной статистики и как цензура пытается скрыть реальное состояние экономики — обсудили с экономическим обозревателем Максимом Блантом.
__
🚫 Не работает YouTube? Используйте __[__@rosvpnbot__](http://t.me/rosvpnbot?start=tg_pp)__**
**
____🦙____ __[Популярная политика](http://t.me/politica_media)__ __| [Поддержать](http://donate.fbk.info/smm)",1846,5,1,politica_media
41774,2026-05-28T13:32:21+00:00,"**▪️****▫️****◾️****◽️****◼️****◻️****🔳****  В 17:00: Честное слово с Иваном Филипповым**

Включайте трансляцию в нашем Telegram-канале или на YouTube: https://youtube.com/live/aKA9LW2H2qA

__🦙____ __[Популярная политика](http://t.me/politica_media)__ __| [Поддержать](http://donate.fbk.info/smm)",1839,4,1,politica_media
41773,2026-05-28T13:13:26+00:00,"❗️**Тайные гувернантки для детей Путина. Кто воспитывает его сыновей**

Смотреть: https://youtu.be/Qu2zb1Fn4_w

Журналисты «Системы» выяснили, что семья Путина ежегодно тратит сотни тысяч долларов на наём десятков гувернёров из «недружественных» стран. Пока по телевизору рассказывают о защите традиционных ценностей, детей Путина приучают говорить по-английски и по-немецки, а воспитывают как настоящих европейцев. 

Подробнее об этой закрытой жизни и о том, как устроена тайная школа для наследников Кремля, — поговорили с журналисткой «Системы» Елизаветой Сурначёвой.
__
🚫 Не работает YouTube? Используйте __[__@rosvpnbot__](http://t.me/rosvpnbot?start=tg_pp)__**
**
____🦙____ __[Популярная политика](http://t.me/politica_media)__ __| [Поддержать](http://donate.fbk.info/smm)",1874,7,2,politica_media
41772,2026-05-28T11:47:44+00:00,"❗️**Матвиенко пытается скрыть правду. Чиновница подала в суд на журналиста**

Смотреть: https://youtu.be/PNgnHCMegPU

Семья спикера Совфеда Валентины Матвиенко подала в суд на итальянского журналиста Массимилиано Коччо из-за расследования об их европейских активах. Иск касается бизнеса сына чиновницы, Сергея Матвиенко. Сам автор назвал это попыткой давления на тех, кто изучает скрытое имущество российской элиты за рубежом. 

Помогут ли суды семье Матвиенко скрыть своё имущество в Европе — обсудили с расследователем Сергеем Ежовым.
__
🚫 Не работает YouTube? Используйте __[__@rosvpnbot__](http://t.me/rosvpnbot?start=tg_pp)__**
**
____🦙____ __[Популярная политика](http://t.me/politica_media)__ __| [Поддержать](http://donate.fbk.info/smm)",1896,8,4,politica_media
41771,2026-05-28T11:21:18+00:00,"**Людей довели. Россияне протестуют против беспредела власти**

▪️ Видео Юлии Навальной: [youtu.be/DAumG7tjq1E](https://youtu.be/DAumG7tjq1E)

Владимир Путин и «Единая Россия» уже несколько десятилетий пытаются задушить гражданский и политический протест: они делают все, чтобы россияне боялись высказывать свое мнение, чувствовали себя одинокими и не верили в собственные силы. Но несмотря ни на что люди продолжают объединяться, выходить на акции и поднимать важные темы — от экологии до блокировок интернета.

Юлия Навальная рассказывает, почему даже небольшой протест — это важный политический процесс и почему он работает, как бы власти ни пытались убедить нас в обратном.

❗️ [Команда Навального](https://t.me/+NT76PYctopw1NjI6)** **|** **[Поддержать](http://donate.fbk.info/smm)",1647,2,2,politica_media
41770,2026-05-28T10:40:20+00:00,"❗️❕‼️🟥**🟧****ДРУГ ПАТРИАРХА СБЕЖАЛ ОТ СЛЕДСТВИЯ | МАТВИЕНКО СУДИТСЯ С ЖУРНАЛИСТАМИ**

Смотреть: https://youtu.be/s3QcHMKcRHg**__
__**
Заместителя гендиректора «Уралвагонзавода» отправили под арест по делу о растрате денег при выполнении оборонных контрактов. Екатерина Мизулина радостно сообщила, что судебные приставы взыскали с Артемия Лебедева 300 тысяч рублей по решению суда по делу о защите чести и достоинства. А друг патриарха Кирилла уехал из Чехии после того, как его освободили из-под стражи по делу о наркотиках.

__🚫 Не работает YouTube? Используйте __[__@rosvpnbot__](http://t.me/rosvpnbot?start=tg_pp)__
__
🦙 [Популярная политика](http://t.me/politica_media) | [Поддержать](http://donate.fbk.info/smm)",1852,1,3,politica_media
41769,2026-05-28T09:00:44+00:00,"**🔥** **3 миллиона подписчиков на нашем YouTube-канале**

Каждый день команда «Популярной политики» работает для того, чтобы рассказывать правду как можно большему числу людей: выпускает новости, эфиры «Честного слова», «Темы дня» и «Бойко о главном». 

🔴Становитесь спонсором канала: youtube.com/channel/UC7Elc-kLydl-NAV4g204pDQ/join

🔴Поддержите выход новых выпусков любимой программы на friends.politica.media

**Спасибо, что вы с нами! **

__🦙____ __[Популярная политика](http://t.me/politica_media)",1926,2,0,politica_media
41766,2026-05-28T07:34:51+00:00,"**▪️****▫️****◾️****◽️****◼️****◻️****🔳****  В 11:00: Честное слово с Андреем Захаровым**

Включайте трансляцию в нашем Telegram-канале или на YouTube: https://youtube.com/live/Kg8R_wUVdFE

__🦙____ __[Популярная политика](http://t.me/politica_media)__ __| [Поддержать](http://donate.fbk.info/smm)",2475,3,0,politica_media
41765,2026-05-27T15:33:58+00:00,"❗️❕‼️🟥🟧 **Расходы бюджета урежут | Путин шантажирует Армению | Миллиарды на пропаганду среди молодёжи
**
Итоги дня: https://youtu.be/KPwdKMgrvfs

«Единая Россия» теперь давит не только на бюджетников, но и на сотрудников частных компаний. Силуанов объявил о пересмотре расходов бюджета — но сокращать траты на войну никто не планирует. А москвичке дали больше трёх лёт колонии за видео с кальяном на куличе.

__🚫 Не работает YouTube? Используйте __[__@rosvpnbot__](http://t.me/rosvpnbot?start=tg_pp)__
__
__🦙____ __[Популярная политика](http://t.me/politica_media)__ __| [Поддержать](http://donate.fbk.info/smm)",2256,2,0,politica_media
41762,2026-05-27T13:31:34+00:00,"**▪️****▫️****◾️****◽️****◼️****◻️****🔳****  В 17:00: Честное слово с Владиславом Жуковским**

Включайте трансляцию в нашем Telegram-канале или на YouTube: https://youtube.com/live/sEPQqFR1WoI

__🦙____ __[Популярная политика](http://t.me/politica_media)__ __| [Поддержать](http://donate.fbk.info/smm)",2167,3,0,politica_media
41761,2026-05-27T12:50:57+00:00,"❗️**Всё пойдёт на войну. Власти заберут у россиян ещё больше денег**

Смотреть: https://youtu.be/OPEaTWhFsHo

Министр финансов Антон Силуанов анонсировал масштабный пересмотр федерального бюджета по гражданским статьям из-за слишком быстрого роста расходов в последние годы. Теперь ведомство, по его словам, намерено жёстко оценивать каждую позицию на предмет «экономической отдачи». Неприкосновенными министр пообещал оставить только армию и социальные обязательства. 

Что ждёт российскую экономику — обсудили с экономистом Николаем Корженевским.
__
🚫 Не работает YouTube? Используйте __[__@rosvpnbot__](http://t.me/rosvpnbot?start=tg_pp)__**
**
____🦙____ __[Популярная политика](http://t.me/politica_media)__ __| [Поддержать](http://donate.fbk.info/smm)",2013,6,0,politica_media
41760,2026-05-27T12:49:25+00:00,"**Мосгорсуд оставил в силе решение признать инвестора Александра Галицкого и его фонд Almaz Capital «экстремистским объединением»**

По данным прокуратуры, Галицкий уехал из России через Беларусь по голландскому паспорту. Перед этим он снял деньги со счетов в «Газпромбанке».

__🦙____ __[Популярная политика](http://t.me/politica_media)__ __| [Поддержать](http://donate.fbk.info/smm)",1821,2,0,politica_media
41759,2026-05-27T11:49:42+00:00,"❗️**Провал наступления. Российская армия отступает на нескольких направлениях**

Смотреть: https://youtu.be/dugc3gdVS2U

Большое зимне-весеннее наступление российской армии потерпело крах, заявили в руководстве Совета резервистов сухопутных войск ВСУ. Несмотря на сильное давление на востоке и юге Украины, военные РФ не добились успеха, а на Запорожском и Днепропетровском направлениях и вовсе вынуждены отступать. 

Исчерпан ли наступательный потенциал Кремля и чего ждать на фронте в ближайшее время — обсудили с военным аналитиком Юрием Фёдоровым.
__
🚫 Не работает YouTube? Используйте __[__@rosvpnbot__](http://t.me/rosvpnbot?start=tg_pp)__**
**
____🦙____ __[Популярная политика](http://t.me/politica_media)__ __| [Поддержать](http://donate.fbk.info/smm)",1967,3,0,politica_media
41758,2026-05-27T10:46:52+00:00,"❗️❕‼️🟥**🟧****СОСНОВСКИЙ МАНЬЯК СБЕЖАЛ ИЗ ГОСПИТАЛЯ | КРЕМЛЬ ДАВИТ НА АРМЕНИЮ | УДАР ПО ВОРОНЕЖСКОМУ АЭРОДРОМУ**

Смотреть: https://youtu.be/E7IG-jbtaHQ**__
__**
Мосгорсуд оставил в силе решение признать инвестора Александра Галицкого и его фонд Almaz Capital «экстремистским объединением». В Ленинградской области разыскивают Андрея Кийко, которого называют «сосновским маньяком». А Минцифры расширило список данных, которые операторы связи и интернет-сервисы обязаны передавать силовикам по запросу.

__🚫 Не работает YouTube? Используйте __[__@rosvpnbot__](http://t.me/rosvpnbot?start=tg_pp)__
__
🦙 [Популярная политика](http://t.me/politica_media) | [Поддержать](http://donate.fbk.info/smm)",2035,2,0,politica_media
41755,2026-05-27T07:34:07+00:00,"**▪️****▫️****◾️****◽️****◼️****◻️****🔳****  В 11:00: Честное слово с Иваном Яковиной**

Включайте трансляцию в нашем Telegram-канале или на YouTube: https://youtube.com/live/ehxglh_0leQ

__🦙____ __[Популярная политика](http://t.me/politica_media)__ __| [Поддержать](http://donate.fbk.info/smm)",2233,1,0,politica_media
41753,2026-05-26T17:26:01+00:00,"#Реклама

Новости. Соцсети. Любимые сервисы.

Все то, что становится сложнее открывать без надежного VPN.

Поэтому 26 и 27 мая мы снизили цены:

**🔑 РосВПН на год — €28 вместо €48
🗝 РосБезлимит на год — €80 вместо €120**

Скидки до 40 евро и всего на два дня.

РосВПН — VPN, который работает.

➡️ Установить: [https://t.me/rosvpnbot](https://t.me/rosvpnbot)

@news_sirena",2005,0,0,politica_media
41752,2026-05-26T16:19:30+00:00,"**Кто может сменить Набиуллину во главе Центробанка**

The Bell пишет, что российские чиновники и банкиры обсуждают возможных преемников Эльвиры Набиуллиной на посту главы ЦБ — среди кандидатов называют Максима Орешкина, Петра Фрадкова и Андрея Костина. Срок полномочий Набиуллиной истекает летом 2027 года. 

__🔗____ Поговорили об этом с экономическим редактором The Bell Денисом Касянчуком в «Теме дня»: ____https://youtu.be/Lue-LRi32wQ__

__🦙____ __[Популярная политика](http://t.me/politica_media)__ __| [Поддержать](http://donate.fbk.info/smm)",2095,1,4,politica_media
41751,2026-05-26T16:10:56+00:00,"У Цаликова изъяли имущества на 5,5 млрд рублей. Всего же коррупционного богатства в России — в ТЫСЯЧИ раз больше.

Только по результатам моих расследований элитной недвижимости коррупционеров обнаружилось уже на сотни миллиардов рублей (включая и цаликовскую). А если взять расследования всех журналистов и ФБК за все годы — на триллионы уже счёт идёт, не меньше.

Если у всех коррупционеров изымать их необъяснимые богатства, как у Цаликова, то денег от обращённого в пользу государства на несколько бюджетов России ещё хватит. Россия — богатая страна. Просто богатство сосредоточено в руках коррумпированной политической элиты.

Об этом на «Популярной политике» в том числе и говорю. А также о том, почему одних приближённых Шойгу сажают, а других замминистров обороны не трогают.

[https://youtu.be/CstKYv9HSeA](https://youtu.be/CstKYv9HSeA)",1810,4,1,politica_media
41750,2026-05-26T16:03:11+00:00,"❗️❕‼️🟥🟧 **Госдума в ужасе от дыры в бюджете | Крупный пожар на нефтебазе | Пьяный пропагандист взорвал эфир
**
Итоги дня: https://youtu.be/hpRbC9Iw69I

Чехия подтвердила наличие запрещённых веществ в машине митрополита Илариона — но его всё равно отпустили из-под стражи. Депутат Госдумы высказался о дефиците бюджета — и предложил собрать деньги с бизнеса. А у бывшего зама Шойгу Руслана Цаликова изъяли имущества на 5,5 миллиардов рублей.

__🚫 Не работает YouTube? Используйте __[__@rosvpnbot__](http://t.me/rosvpnbot?start=tg_pp)__
__
__🦙____ __[Популярная политика](http://t.me/politica_media)__ __| [Поддержать](http://donate.fbk.info/smm)",1778,2,0,politica_media
41749,2026-05-26T15:04:35+00:00,"❗️**Набиуллина может уйти в отставку. Кто её заменит?**

Смотреть: https://youtu.be/Lue-LRi32wQ

В июне 2027 года истекает последний срок полномочий Эльвиры Набиуллиной на посту главы Центробанка. Как выяснило издание The Bell, в кулуарах уже обсуждают преемников, среди которых Орешкин, Фрадков и Костин. Смена руководства готовится в сложнейший для экономики период — на фоне спада и раздутого военного бюджета. 

Пойдёт ли Путин на изменение закона ради четвёртого срока Набиуллиной, кто имеет наибольшие шансы возглавить ЦБ и к чему готовиться гражданам — обсудили с экономическим редактором The Bell Денисом Касянчуком.
__
🚫 Не работает YouTube? Используйте __[__@rosvpnbot__](http://t.me/rosvpnbot?start=tg_pp)__**
**
____🦙____ __[Популярная политика](http://t.me/politica_media)__ __| [Поддержать](http://donate.fbk.info/smm)",1901,4,2,politica_media
41748,2026-05-26T14:00:38+00:00,"**❗️****  Купальный сезон в Анапе: всё побережье Чёрного моря в мазуте**

Смотреть: https://youtu.be/OKaNdEU94i8

Власти Анапы объявили о старте купального сезона с 1 июня, несмотря на последствия катастрофического разлива мазута в Чёрном море. Ликвидация 9000 тонн нефтепродуктов уже обернулась трагедиями, и хотя оперштаб регулярно фиксирует новые выбросы топлива на берег, чиновники спешно выводят пляжи из зоны ЧС ради туристического сезона. 

Чем рискуют отдыхающие на Кубани и как удары по местным НПЗ усугубляют экологическое бедствие — обсудили с сопредседателем группы «Экозащита» Владимиром Сливяком.
__
🚫 Не работает YouTube? Используйте __[__@rosvpnbot__](http://t.me/rosvpnbot?start=tg_pp)__**
**
____🦙____ __[Популярная политика](http://t.me/politica_media)__ __| [Поддержать](http://donate.fbk.info/smm)",1908,3,0,politica_media
41746,2026-05-26T13:31:03+00:00,"**▪️****▫️****◾️****◽️****◼️****◻️****🔳****  В 17:00: Честное слово с Константином Гаазе**

Включайте трансляцию в нашем Telegram-канале или на YouTube: https://youtube.com/live/dM8aSyrpUtw

__🦙____ __[Популярная политика](http://t.me/politica_media)__ __| [Поддержать](http://donate.fbk.info/smm)",1824,0,0,politica_media
41745,2026-05-26T13:21:07+00:00,"**У бывшего замминистра обороны Руслана Цаликова и его семьи изъяли активы на 5,5 млрд рублей**

Среди них — элитная недвижимость, земельные участки, деньги на банковских счетах и автомобили. По версии прокуратуры, всё это было приобретено коррупционным путём.

С начала марта Цаликов находится под домашним арестом.

__🦙____ __[Популярная политика](http://t.me/politica_media)__ __| [Поддержать](http://donate.fbk.info/smm)",1791,1,1,politica_media
41744,2026-05-26T12:16:03+00:00,"❗️**Суд над замом Шойгу. Конфискация имущества у генерала Цаликова**

Смотреть: https://youtu.be/CstKYv9HSeA

Московский суд изъял у бывшего первого замминистра обороны Руслана Цаликова недвижимость на 5,5 млрд рублей. Ближайший соратник Сергея Шойгу, обвиняемый в создании преступного сообщества и многомиллиардных взятках, годами записывал элитные офисы и подмосковную землю на своих детей и подставные фирмы. В то же время государственные СМИ предпочли проигнорировать это громкое дело. 

Куда вели ниточки от этих миллиардов и защищает ли Кремль самого Шойгу от медийного удара — обсудили с журналистом-расследователем Сергеем Ежовым.
__
🚫 Не работает YouTube? Используйте __[__@rosvpnbot__](http://t.me/rosvpnbot?start=tg_pp)__**
**
____🦙____ __[Популярная политика](http://t.me/politica_media)__ __| [Поддержать](http://donate.fbk.info/smm)",1867,2,4,politica_media
41743,2026-05-26T10:58:42+00:00,"❗️❕‼️🟥**🟧****УДАРЫ ПО КИЕВУ ОБВАЛИЛИ МОСБИРЖУ | ПУТИН ПРОСТИЛ ДОЛГИ ВОЕННЫМ | ЗАЧЕМ ЛАВРОВ ЗВОНИЛ РУБИО?**

Смотреть: https://youtu.be/L0Nc-xnzONg**__
__**
Суд изъял у бывшего замминстра обороны Руслана Цаликова и его приближённых активы на 5,5 млрд рублей. Суд признал законным взыскание с Чубайса убытков по иску «Роснано». А российские власти объявили о начале нанесения системных ударов по Киеву.

__🚫 Не работает YouTube? Используйте __[__@rosvpnbot__](http://t.me/rosvpnbot?start=tg_pp)__
__
🦙 [Популярная политика](http://t.me/politica_media) | [Поддержать](http://donate.fbk.info/smm)",2016,0,0,politica_media
41740,2026-05-26T07:31:37+00:00,"**▪️****▫️****◾️****◽️****◼️****◻️****🔳****  В 11:00: Честное слово с Михаилом Фишманом**

Включайте трансляцию в нашем Telegram-канале или на YouTube: https://youtube.com/live/DC-CS3Z9JXE

__🦙____ __[Популярная политика](http://t.me/politica_media)__ __| [Поддержать](http://donate.fbk.info/smm)",2478,5,0,politica_media
41738,2026-05-25T16:05:03+00:00,"❗️❕‼️🟥🟧 **ЦБ закроет половину банков | Смерть малой авиации | Песков отчитал Звягинцева**

Итоги дня: https://youtu.be/E-FNg33If8M

В Новосибирске бюджетников заставляют голосовать за нужных кандидатов — в противном случае угрожают проблемами. В Красноярске в беспилотные войска начали приглашать женщин. А небо над Центральной Россией закроют для бизнес-джетов и малой авиации.

__🚫 Не работает YouTube? Используйте __[__@rosvpnbot__](http://t.me/rosvpnbot?start=tg_pp)__
__
__🦙____ __[Популярная политика](http://t.me/politica_media)__ __| [Поддержать](http://donate.fbk.info/smm)",2579,3,1,politica_media
41736,2026-05-25T15:04:45+00:00,"**🔴****🟠****🟡****  Канны раскололи Россию | Сербы больше не братушки | Торговая война с Арменией**

Включайте эфир в 18:30: https://youtu.be/gN6_6NmAcNM**
**
Режиссёр Андрей Звягинцев обратился к Путину со сцены Каннского кинофестиваля. Роспотребнадзор запретил ввоз армянских вин, коньяка и минеральной воды. А глава сербского парламента заявила, что Россия не является «братской» страной для Сербии.

Эти и другие новости обсудим в новом выпуске «Бойко о главном».

__🦙____ __[Популярная политика](http://t.me/politica_media)__ __| [Поддержать](http://donate.fbk.info/smm)",2315,5,0,politica_media
41734,2026-05-25T14:42:01+00:00,"**Замминистра обороны Олег Савельев ушёл в отставку**

Савельев был первым чиновником, которого Андрей Белоусов привёл в Минобороны после своего назначения главой ведомства. До этого он был аудитором Счётной палаты, а также занимал пост замминистра экономического развития.

Новым заместителем министра обороны назначен генерал-полковник полиции Виталий Шулика.

__🔗____ Обсудили эту отставку с Русланом Шаведдиновым в «Теме дня»: ____https://youtu.be/QF-20Wt2Yx0__

__🦙____ __[Популярная политика](http://t.me/politica_media)__ __| [Поддержать](http://donate.fbk.info/smm)",2050,1,0,politica_media
41732,2026-05-25T13:34:19+00:00,"**▪️****▫️****◾️****◽️****◼️****◻️****🔳****  В 17:00: Честное слово с Михаилом Крутихиным**

Включайте трансляцию в нашем Telegram-канале или на YouTube: https://youtube.com/live/ke-0dzhPbEQ

__🦙____ __[Популярная политика](http://t.me/politica_media)__ __| [Поддержать](http://donate.fbk.info/smm)",2107,5,0,politica_media
41731,2026-05-25T13:32:48+00:00,"❗️**Утекли планы ФСБ: как готовили переворот в Армении**

Смотреть: https://youtu.be/fF36SuO4Dho

Кремль пытается вмешаться в будущие выборы в Армении и сместить Никола Пашиняна. Согласно утекшим документам, Москва сделала ставку на олигарха Самвела Карапетяна, которого планировали продвигать под лозунгами «прагматичной внешней политики» и сближения с Россией, а также разработала план на случай его неудачи с запасным кандидатом — экс-омбудсменом Арманом Татояном. 

Каковы шансы кремлёвских ставленников прийти к власти в Ереване и как устроена скрытая работа российских кураторов в республике — обсудили с журналистом-расследователем Ильёй Рождественским.
__
🚫 Не работает YouTube? Используйте __[__@rosvpnbot__](http://t.me/rosvpnbot?start=tg_pp)__**
**
____🦙____ __[Популярная политика](http://t.me/politica_media)__ __| [Поддержать](http://donate.fbk.info/smm)",1906,1,0,politica_media
41730,2026-05-25T12:13:07+00:00,"❗️**Громкая отставка в Минобороны. Белоусов потерял своего зама**

Смотреть: https://youtu.be/QF-20Wt2Yx0

Заместитель министра обороны Олег Савельев покинул свой пост. Он был первым чиновником, которого новый глава ведомства Андрей Белоусов назначил в свою команду для наведения порядка. Однако, как выяснили расследователи, бывший аудитор Счётной палаты и сам скрывал элитное имущество: Савельев не декларировал фактическую супругу, на которую записана недвижимость стоимостью более 200 миллионов рублей. 

Что стоит за уходом ключевого человека из команды Белоусова — обсудили с руководителем медиапроектов ФБК Русланом Шаведдиновым.
__
🚫 Не работает YouTube? Используйте __[__@rosvpnbot__](http://t.me/rosvpnbot?start=tg_pp)__**
**
____🦙____ __[Популярная политика](http://t.me/politica_media)__ __| [Поддержать](http://donate.fbk.info/smm)",1996,3,1,politica_media
41729,2026-05-25T11:38:43+00:00,"**Завтра, 26 мая, в 20:00 Руслан Шаведдинов проведёт **[**закрытый эфир**](https://youtube.com/live/V6i_jzcIEgI)** для спонсоров**
**
**💙 Чтобы присоединиться к трансляции, становитесь [спонсором канала](http://youtube.com/channel/UC7Elc-kLydl-NAV4g204pDQ/join) или оформляйте подписку на friends.politica.media

__🦙____ __[Популярная политика](http://t.me/politica_media)__ __| [Поддержать](http://donate.fbk.info/smm)",2003,2,0,politica_media
41728,2026-05-25T10:57:24+00:00,"❗️❕‼️🟥**🟧****ДРАКА ДЕПУТАТОВ ГОСДУМЫ | РОССИЙСКИЙ «УДАР ВОЗМЕЗДИЯ» | ДРУГ ПАТРИАРХА ЗАДЕРЖАН С КОКАИНОМ**

Смотреть: https://youtu.be/vw9oeQS9PEE**__
__**
Заместитель министра обороны Олег Савельев ушёл в отставку. Митрополита Илариона задержали за четыре контейнера с белым веществом. А в аэропорту Шереметьево чуть не подрались два депутата Госдумы.

__🚫 Не работает YouTube? Используйте __[__@rosvpnbot__](http://t.me/rosvpnbot?start=tg_pp)__
__
🦙 [Популярная политика](http://t.me/politica_media) | [Поддержать](http://donate.fbk.info/smm)",2139,1,0,politica_media
41727,2026-05-25T10:30:14+00:00,"**Убийства, теракты, блокировки. Что скрывает Вторая Служба ФСБ**

Смотреть: youtu.be/y4S4L5DE_5Y

ФСБ — одна из самых влиятельных структур в современной России, внутри которой есть множество отделов. Самый жестокий, опасный и секретный из них носит название «Служба по защите конституционного строя и борьбе с терроризмом», или же «Вторая служба ФСБ». В числе прочего, этот отдел отвечает за политические убийства, вербовку агентов внутри оппозиции и контроль всего российского интернета. 

Руслан Шаведдинов рассказывает о Второй службе ФСБ — и о том, как она влияет на Россию сегодня.

❗️ [Навальный LIVE](https://t.me/navalnylivechannel) | [Поддержать](http://donate.fbk.info/smm)",1912,3,2,politica_media
41724,2026-05-25T07:33:33+00:00,"**▪️****▫️****◾️****◽️****◼️****◻️****🔳****  В 11:00: Честное слово с Тумсо Абдурахмановым**

Включайте трансляцию в нашем Telegram-канале или на YouTube: https://youtube.com/live/RyNW_Ai8ggM

__🦙____ __[Популярная политика](http://t.me/politica_media)__ __| [Поддержать](http://donate.fbk.info/smm)",2612,0,0,politica_media
41723,2026-05-24T07:01:47+00:00,"**💙**** Поддержите работу «Популярной политики»**

Становитесь спонсором: youtube.com/channel/UC7Elc-kLydl-NAV4g204pDQ/join

__🦙____ __[Популярная политика](http://t.me/politica_media)__ __| [Поддержать](http://donate.fbk.info/smm)",2783,1,1,politica_media
41722,2026-05-23T14:58:28+00:00,"**#Дайджест**** главных «Тем дня» этой недели.** 

Если вы пропустили выпуски — рассказываем, что произошло.

• **Удары по Москве.** В ночь на 17 мая Москва и Подмосковье пережили крупнейшую атаку дронов с начала войны: под ударом оказались НПЗ, промышленные объекты и жилые дома. __Обсуждаем с военным аналитиком Яном Матвеевым, почему ПВО не смогла защитить столицу — __[__смотреть__](https://youtu.be/WzTOeCv_Dg8)__
__
• **Денег на войну больше нет.** Коммунист Ренат Сулейманов заявил, что экономика России не выдержит затяжного конфликта, а оборонный сектор уже поглощает 40% бюджета. __Разбираем с Аббасом Галлямовым, к каким последствиям приведёт эта критика — __[__смотреть__](https://youtu.be/ojmqcmCe3sQ)__
__
• **Дюжев идёт в Госдуму.** Актёр Дмитрий Дюжев подал заявку на праймериз «Единой России» и сделал войну главной темой своей программы. __Обсуждаем с Дмитрием Низовцевым, зачем Кремлю нужны такие кандидаты — __[__смотреть__](https://youtu.be/ZxUOBH_R8ik)__
__
• **Визит Путина в Китай.** Несмотря на громкие заявления и пышный приём, Москва и Пекин так и не объявили о крупных сделках, включая «Силу Сибири–2». __Разбираем итоги поездки с Максимом Блантом — __[__смотреть__](https://youtu.be/6ExjusLvmV8)

• **Щербаков поддержал «СВО».** Комик Алексей Щербаков провёл благотворительный концерт в Воронежской области, пообещав отправить выручку в фонд, помогающий семьям военных. __Обсуждаем с Александром Макашенцем, почему российские комики всё чаще идут на уступки власти — __[__смотреть__](https://youtu.be/p9wvFzzDGlM)__
__
**💙**** Поддержите выход новых выпусков «Тем дня» на ****friends.politica.media**

__🦙____ __[Популярная политика](http://t.me/politica_media)__ __| [Поддержать](http://donate.fbk.info/smm)",3062,2,2,politica_media
41721,2026-05-23T08:11:48+00:00,"❗️**ПОГИБЛИ И РАНЕНЫ 100 СОТРУДНИКОВ ФСБ | ПРОВАЛ ПВО НАД МОСКВОЙ | КОНТРНАСТУПЛЕНИЕ НА ЮГЕ**

Военное положение: https://youtu.be/zNa2KP_CPn4

ПВО Москвы не смогла справиться с крупнейшим налётом на столицу — дроны ударили по заводам, нефтебазе и жилым домам. Наступление ВСУ на юге привело к освобождению ключевого посёлка, в то время как беспилотники в тылу атаковали не только логистику, но и ключевые штабы и центры подготовки дроноводов. Дроноводы погибают на фронте так же часто, как и артиллеристы. Потери на передовой растут, а Путин пытается компенсировать неудачи в войне новым ядерным шантажом.
__
🚫 Не работает YouTube? Используйте __[__@rosvpnbot__](http://t.me/rosvpnbot?start=tg_pp)__**
**
____🦙____ __[Популярная политика](http://t.me/politica_media)__ __| [Поддержать](http://donate.fbk.info/smm)",3163,8,8,politica_media
41720,2026-05-22T16:06:02+00:00,"❗️❕‼️🟥🟧** Новые угрозы Путина | Крупная коммунальная авария в Хакасии | Баллы к ЕГЭ за дроны**

Итоги дня: https://youtu.be/ZFtSwKd5THo

В Центробанке прокомментировали рынок жилья — цены высокие, льготной ипотеки становится всё меньше. Путин угрожает ответными обстрелами после удара по общежитию в оккупированном Старобельске. А школьникам хотят давать дополнительные баллы к ЕГЭ за управление беспилотниками.

__🚫 Не работает YouTube? Используйте __[__@rosvpnbot__](http://t.me/rosvpnbot?start=tg_pp)__
__
__🦙____ __[Популярная политика](http://t.me/politica_media)__ __| [Поддержать](http://donate.fbk.info/smm)",3051,4,4,politica_media
41718,2026-05-22T14:32:01+00:00,"**❗️****  Скандал! Сын Плющенко стал азербайджанцем**

Смотреть: https://youtu.be/ijqX3txcSQY

13-летний фигурист Александр Плющенко, более известный как Гном Гномыч, получил открепление от российской Федерации фигурного катания и теперь будет выступать за сборную Азербайджана. Решение выглядит особенно примечательно на фоне позиции его отца Евгения Плющенко — доверенного лица Путина и активного сторонника войны, который ранее публично обещал отговаривать молодых спортсменов от смены гражданства. 

Почему поклонник Путина выбрал международную карьеру под чужим флагом для своего сына и какое будущее у российского спорта — обсудили с журналистом Михаилом Поленовым.
__
🚫 Не работает YouTube? Используйте __[__@rosvpnbot__](http://t.me/rosvpnbot?start=tg_pp)__**
**
____🦙____ __[Популярная политика](http://t.me/politica_media)__ __| [Поддержать](http://donate.fbk.info/smm)",2884,6,3,politica_media
41716,2026-05-22T13:31:38+00:00,"**▪️****▫️****◾️****◽️****◼️****◻️****🔳****  В 17:00: Честное слово с Сергеем Бойко**

Включайте трансляцию в нашем Telegram-канале или на YouTube: https://youtube.com/live/UFE6Pp8HUnE

__🦙____ __[Популярная политика](http://t.me/politica_media)__ __| [Поддержать](http://donate.fbk.info/smm)",2539,3,0,politica_media
41715,2026-05-22T13:30:39+00:00,"**❗️****  Новый кризис! Бензина не хватает по всей стране**

Смотреть: https://youtu.be/zN12f6dps3U

В России разгорается бензиновый кризис, и первыми с дефицитом столкнулись жители аннексированного Севастополя. Из-за логистических сложностей местные власти ввели жёсткие лимиты: на заправках крупнейшей отпускают не более 20 литров бензина в одни руки, а дизельное топливо и вовсе начали выдавать по талонам. Ограничения вводятся на фоне непрекращающихся ударов ВСУ по российским НПЗ.

Грозит ли России масштабная нехватка топлива и какие регионы окажутся следующими в очереди на ограничения — обсудили с экономистом Вячеславом Ширяевым.
__
🚫 Не работает YouTube? Используйте __[__@rosvpnbot__](http://t.me/rosvpnbot?start=tg_pp)__**
**
____🦙____ __[Популярная политика](http://t.me/politica_media)__ __| [Поддержать](http://donate.fbk.info/smm)",2263,5,0,politica_media
41714,2026-05-22T12:22:45+00:00,"**❗️****  КАМАЗ на грани. У крупнейшего автозавода нет денег**

Смотреть: https://youtu.be/UyQ5dW6FH-4

На автомобильном заводе «КАМАЗа» в Набережных Челнах начались массовые сокращения и урезание зарплат. По словам сотрудников, проблемы уже коснулись около двух тысяч человек: персонал переводят на менее оплачиваемые должности, сокращают оклады из-за простоя, а с июня планируют ввести четырёхдневную рабочую неделю. Всё это происходит на фоне рекордного убытка автогиганта впервые за последние шесть лет. 

Что привело к падению спроса на отечественную технику и какое будущее ждёт «КАМАЗ» — обсудили с экономистом Владиславом Жуковским.
__
🚫 Не работает YouTube? Используйте __[__@rosvpnbot__](http://t.me/rosvpnbot?start=tg_pp)__**
**
____🦙____ __[Популярная политика](http://t.me/politica_media)__ __| [Поддержать](http://donate.fbk.info/smm)",2323,9,0,politica_media
41713,2026-05-22T10:32:20+00:00,"❗️❕‼️🟥**🟧****БЛОКИРОВКУ VPN ПЕРЕНЕСЛИ ДО ВЫБОРОВ | УДАР ПО УЧИЛИЩУ | БАНКРОТОВ СТАНОВИТСЯ БОЛЬШЕ**

Смотреть: https://youtu.be/rlT54swwSc4**__
__**
Бывшего губернатора Белгородской области Вячеслава Гладкова назначат послом в Абхазию. Власти отложили введение доплаты за VPN-трафик до выборов в Госдуму. А Дональд Трамп заявил об отправке в Польшу дополнительных войск США.

__🚫 Не работает YouTube? Используйте __[__@rosvpnbot__](http://t.me/rosvpnbot?start=tg_pp)

__🦙____ __[Популярная политика](http://t.me/politica_media)__ __| [Поддержать](http://donate.fbk.info/smm)",2324,2,0,politica_media
41712,2026-05-22T07:33:10+00:00,"**▪️****▫️****◾️****◽️****◼️****◻️****🔳****  В 11:00: Честное слово с Аббасом Галлямовым**

Включайте трансляцию в нашем Telegram-канале или на YouTube: https://youtube.com/live/k8GrGl7xo0w

__🦙____ __[Популярная политика](http://t.me/politica_media)__ __| [Поддержать](http://donate.fbk.info/smm)",2577,5,2,politica_media
41711,2026-05-21T16:08:10+00:00,"❗️❕‼️🟥🟧 **Крупные НПЗ выведены из строя | Власти бросили жителей Бодайбо**

Итоги дня: https://youtu.be/MZyrhqeThQI

В Кремле считают, что никаких проблем с бензином из-за атак на НПЗ нет — при этом жители Рязани жалуются на дефицит отдельных марок. Участникам ПМЭФ разрешили не сдавать тесты на коронавирус — но при условии что они не пойдут на заседание с Путиным. А жителям Бодайбо отказали в массовом перерасчёте за ЖКХ — зимой город остался без воды и отопления.

__🚫 Не работает YouTube? Используйте __[__@rosvpnbot__](http://t.me/rosvpnbot?start=tg_pp)__
__
__🦙____ __[Популярная политика](http://t.me/politica_media)__ __| [Поддержать](http://donate.fbk.info/smm)",2675,1,1,politica_media
41710,2026-05-21T15:30:42+00:00,"Евгений Ступин о нелегитимности власти и имитации выборов в России

__🔗____Полный разговор смотрите в «Честном слове»: ____https://youtube.com/live/EeHsgHhqg34__

🦙 [Популярная политика](http://t.me/politica_media) | [Поддержать](http://donate.fbk.info/smm)",2446,5,17,politica_media
41709,2026-05-21T15:03:50+00:00,"**❗️****  Пышный приём без реальных сделок. Как прошёл визит Путина в Китай**

Смотреть: https://youtu.be/6ExjusLvmV8

Пышный приём Владимира Путина в Китае, который вовсю расхваливают на российских госканалах, на деле оказался богат лишь на громкие метафоры вроде «духа Пекина». В совместном заявлении стороны упомянули и ядерную безопасность, и защиту редких животных, однако о крупных коммерческих сделках так и не сообщили. Главный газовый проект — «Сила Сибири–2» — снова остался без подписанного соглашения, несмотря на обтекаемый оптимизм Кремля. 

С какими реальными результатами Путин вернулся из КНР и почему этот визит был выгоден в первую очередь Си Цзиньпину — обсудили с экономистом Максимом Блантом.
__
🚫 Не работает YouTube? Используйте __[__@rosvpnbot__](http://t.me/rosvpnbot?start=tg_pp)__**
**
____🦙____ __[Популярная политика](http://t.me/politica_media)__ __| [Поддержать](http://donate.fbk.info/smm)",2364,6,0,politica_media
41708,2026-05-21T15:00:38+00:00,"**🔴****🟠****🟡****  От Винни с пустым горшком | Девочек тащат в окопы | Нефть перерабатывать негде**

Включайте эфир в 18:30: https://youtube.com/live/BEjjRcpdEFA**
**
Си Цзиньпин включил Путину во время его визита в Китай «Лебединое озеро» — главный саундтрек политических катастроф в истории СССР. Украинские беспилотники массированно атакуют российские НПЗ. А Томские чиновники активно агитируют женщин воевать.

Эти и другие новости обсудим в новом выпуске «Бойко о главном».

__🦙____ __[Популярная политика](http://t.me/politica_media)__ __| [Поддержать](http://donate.fbk.info/smm)",2136,6,0,politica_media
41706,2026-05-21T14:05:07+00:00,"**❗️****  Самый безумный пропагандист. Сколько зарабатывает Корчевников**

Смотреть: https://youtu.be/lgqxwHQb1EA

Пропагандист Борис Корчевников, возглавляющий православный телеканал «Спас», оказался мультимиллионером. Как образ благочестивого праведника помогает скрывать элитную недвижимость и сколько ведущий зарабатывает на военной пропаганде — обсудили с автором расследования Сергеем Ежовым.
__
🚫 Не работает YouTube? Используйте __[__@rosvpnbot__](http://t.me/rosvpnbot?start=tg_pp)__**
**
____🦙____ __[Популярная политика](http://t.me/politica_media)__ __| [Поддержать](http://donate.fbk.info/smm)",2260,15,0,politica_media
41704,2026-05-21T13:35:11+00:00,"**▪️****▫️****◾️****◽️****◼️****◻️****🔳****  В 17:00: Честное слово с Русланом Левиевым**

Включайте трансляцию в нашем Telegram-канале или на YouTube: https://youtube.com/live/KRAGp-1u2vE

__🦙____ __[Популярная политика](http://t.me/politica_media)__ __| [Поддержать](http://donate.fbk.info/smm)",2237,2,0,politica_media
41703,2026-05-21T12:29:14+00:00,"**❗️****  Щербаков за «СВО». Почему комик решил поддержать армию?**

Смотреть: https://youtu.be/p9wvFzzDGlM

Комик Алексей Щербаков провёл благотворительный концерт в Воронежской области, пообещав отправить выручку в фонд, помогающий семьям военных. Ранее звезда шоу «Что было дальше?» игнорировал тему войны, но после депортации своего коллеги Нурлана Сабурова сам столкнулся с отменой выступлений. Примечательно, что Сабурову в своё время не помогли остаться в России даже миллионные пожертвования на фронт. 

Пытаются ли комики спасти карьеру уступками Кремлю и можно ли сегодня оставаться в юморе и быть вне политики — обсудили с журналистом Александром Макашенцем.
__
🚫 Не работает YouTube? Используйте __[__@rosvpnbot__](http://t.me/rosvpnbot?start=tg_pp)__**
**
____🦙____ __[Популярная политика](http://t.me/politica_media)__ __| [Поддержать](http://donate.fbk.info/smm)",2318,11,0,politica_media
41702,2026-05-21T10:27:56+00:00,"❗️❕‼️🟥**🟧****УНИЧТОЖЕН ЦЕНТР ПОДГОТОВКИ ДРОНОВОДОВ | ПЕТЕРБУРГ БЕЗ ИНТЕРНЕТА | АТАКОВАН НПЗ В СЫЗРАНИ**

Смотреть:__ __[__youtu.be/HyCqembPTeE__](https://youtu.be/HyCqembPTeE)**__
__**
В Ленинградской области разбился миллиардер из списка Forbes. ВСУ нанесли удар по центру подготовки российских дроноводов. А в Петербурге уже третий день проблемы с мобильным интернетом.

__🚫 Не работает YouTube? Используйте __[__@rosvpnbot__](http://t.me/rosvpnbot?start=tg_pp)__
__
🦙 [Популярная политика](http://t.me/politica_media) | [Поддержать](http://donate.fbk.info/smm)",2395,4,1,politica_media
41699,2026-05-21T07:35:06+00:00,"**▪️****▫️****◾️****◽️****◼️****◻️****🔳****  В 11:00: Честное слово с** **Евгением Ступиным**

Включайте трансляцию в нашем Telegram-канале или на YouTube: https://youtube.com/live/EeHsgHhqg34

__🦙____ __[Популярная политика](http://t.me/politica_media)__ __| [Поддержать](http://donate.fbk.info/smm)",2505,3,0,politica_media
41698,2026-05-21T07:02:25+00:00,"**Тайные кошельки российской элиты. Кто взятками контролирует чиновников**

Смотреть: youtu.be/Wje-rY6oE1Y

Путинские чиновники десятилетиями выстраивают себе имидж государственников и слуг народа. Но в реальности многие из них сели на шеи олигархов и служат исключительно интересам крупного капитала. 

В новом видео Илья Гантварг разбирает, как в путинской системе чиновники и олигархи сплелись в одно целое и за чей счет это все происходит.

❗️ [Навальный LIVE](https://t.me/navalnylivechannel) | [Поддержать](http://donate.fbk.info/smm)",2153,6,0,politica_media
41697,2026-05-20T16:03:02+00:00,"❗️❕‼️🟥🟧 **Рекордные убытки «КАМАЗА» | Россия запускает радиоактивные дроны | Банки теряют деньги**

Итоги дня: https://youtu.be/Y6_rRtPApv0

В Армавире Краснодарского края готовится эвакуация жителей из-за угрозы паводков. Из-за проблем с интернетом люди массово переходят на наличку — уже 30% всех расчетов происходят в бумажных деньгах. А один из лидеров «Единой России» прямо заявил, что партия продолжит запрещать всё подряд.

__🚫 Не работает YouTube? Используйте __[__@rosvpnbot__](http://t.me/rosvpnbot?start=tg_pp)__
__
__🦙____ __[Популярная политика](http://t.me/politica_media)__ __| [Поддержать](http://donate.fbk.info/smm)",2462,4,0,politica_media
41696,2026-05-20T15:56:01+00:00,"**Дмитрий Дюжев идёт в Госдуму**

Актёр Дмитрий Дюжев подал заявку на праймериз «Единой России». В своей программе он предложил создать «гастрольный десант» артистов на оккупированные территории, открыть «творческие мастерские» для реабилитации участников войны, а также расширить для них льготы. 

В разделе «общественная позиция» Дюжев также отметил, что неоднократно заявлял о поддержке Владимира Путина.

__🔗____ Поговорили об этом с журналистом Дмитрием Низовцевым в «Теме дня»: ____https://youtu.be/ZxUOBH_R8ik__

__🦙____ __[Популярная политика](http://t.me/politica_media)__ __| [Поддержать](http://donate.fbk.info/smm)",2319,5,0,politica_media
41695,2026-05-20T14:00:57+00:00,"**В госмессенджере MAX нашли скрытые функции для слежки**

Программист, изучивший APK-файл приложения, выяснил, что MAX может получать доступ к контактам и установленным приложениям, записывать звук, делать скриншоты переписок и определять настоящий IP-адрес пользователя даже при использовании VPN. Исследование было опубликовано на «Хабре».

__🔗____ Как защитить свои данные — обсудили с IT-специалистом Денисом Альшановым в «Теме дня»: ____https://youtu.be/1Gbk1q37GcQ__

__🦙____ __[Популярная политика](http://t.me/politica_media)__ __| [Поддержать](http://donate.fbk.info/smm)",2348,21,0,politica_media
41693,2026-05-20T13:42:43+00:00,"**❗️****  Дюжев идёт в Госдуму. Зачем пропагандист нужен во власти?**

Смотреть: https://youtu.be/ZxUOBH_R8ik

Скандальный актёр Дмитрий Дюжев подал заявку на праймериз «Единой России». Главной темой своей программы Дюжев сделал войну, предложив создать «гастрольный десант» артистов на оккупированные территории и расширить льготы для военных, а попутно — развивать беговые дорожки в лесопарках. 

Зачем Кремлю понадобился Дюжев на выборах и есть ли у него шансы в политике — обсудили с журналистом Дмитрием Низовцевым.
__
🚫 Не работает YouTube? Используйте __[__@rosvpnbot__](http://t.me/rosvpnbot?start=tg_pp)__**
**
____🦙____ __[Популярная политика](http://t.me/politica_media)__ __| [Поддержать](http://donate.fbk.info/smm)",2369,5,0,politica_media
41691,2026-05-20T12:34:17+00:00,"**▪️****▫️****◾️****◽️****◼️****◻️****🔳****  В 16:00: Честное слово с Владимиром Миловым**

Включайте трансляцию в нашем Telegram-канале или на YouTube: https://youtube.com/live/Tj8-aQvJhDw

__🦙____ __[Популярная политика](http://t.me/politica_media)__ __| [Поддержать](http://donate.fbk.info/smm)",2521,6,0,politica_media
41690,2026-05-20T12:21:13+00:00,"**❗️****  Провал ФСБ! В Армении найдена агентурная сеть, которая должна была свергнуть Пашиняна**

Смотреть: https://youtu.be/bCphlDtr-kA

В предвыборную гонку в Армении активно вмешивается Кремль, задействовав для срыва победы Никола Пашиняна десант из сотрудников СВР, ГРУ и ФСБ. По данным расследования Сергея Канева, Москва делает ставку на лояльных кандидатов, среди которых — Самвел Карапетян, связанный со структурами ФСБ, и лидер партии «Процветающая Армения» Гагик Царукян, имеющий уголовное прошлое. 

Насколько эффективно кремлёвское вмешательство и удастся ли Пашиняну удержать власть — обсудили с политологом Микаэлом Золяном.
__
🚫 Не работает YouTube? Используйте __[__@rosvpnbot__](http://t.me/rosvpnbot?start=tg_pp)__**
**
____🦙____ __[Популярная политика](http://t.me/politica_media)__ __| [Поддержать](http://donate.fbk.info/smm)",2247,7,0,politica_media
41689,2026-05-20T11:21:19+00:00,"**❗️****  Найдена шпионская программа в MAX! Не пользуйтесь мессенджером**

Смотреть: https://youtu.be/1Gbk1q37GcQ

В мессенджере «Макс» обнаружили скрытые функции для слежки и сбора данных пользователей. Программист проанализировал APK-файл приложения и выяснил, что программа способна не только получать доступ к контактам, но и тайно записывать звук, делать скриншоты переписок и обходить VPN для определения реального IP-адреса. Более того, приложение создает уникальный идентификатор устройства, который невозможно удалить даже после сброса настроек телефона. 

Насколько опасен этот скрытый функционал и как защитить свои персональные данные — обсудили с IT-специалистом Денисом Альшановым.
__
🚫 Не работает YouTube? Используйте __[__@rosvpnbot__](http://t.me/rosvpnbot?start=tg_pp)__**
**
____🦙____ __[Популярная политика](http://t.me/politica_media)__ __| [Поддержать](http://donate.fbk.info/smm)",2263,41,0,politica_media
41688,2026-05-20T10:06:07+00:00,"❗️❕‼️🟥**🟧****ВЗРЫВЫ НА НПЗ И АЗОТНОМ ЗАВОДЕ | ШАМАН ОПОЗОРИЛСЯ ПЕРЕД КОНЦЕРТОМ | ДЮЖЕВ РВЁТСЯ К ВЛАСТИ**

Смотреть: https://youtu.be/cFdoQ1dRaQ0**__
__**
Украинские беспилотники атаковали нефтеперерабатывающий завод в Нижегородской области. Военного приговорили к 24 годам колонии по делу об убийстве вдовы участника войны в Украине. А Шаман перекрестился перед собственным портретом.

__🚫 Не работает YouTube? Используйте __[__@rosvpnbot__](http://t.me/rosvpnbot?start=tg_pp)__
__
🦙 [Популярная политика](http://t.me/politica_media) | [Поддержать](http://donate.fbk.info/smm)",2258,3,0,politica_media
41685,2026-05-20T07:34:41+00:00,"**▪️****▫️****◾️****◽️****◼️****◻️****🔳****  В 11:00: Честное слово с Рустамом Солнцевым**

Включайте трансляцию в нашем Telegram-канале или на YouTube: https://youtube.com/live/c5RzBlp3bh0

__🦙____ __[Популярная политика](http://t.me/politica_media)__ __| [Поддержать](http://donate.fbk.info/smm)",2634,2,1,politica_media
41684,2026-05-19T16:03:54+00:00,"❗️❕‼️🟥🟧 **Крупнейшие ядерные учения Минобороны | Больницы отдают военным | Жителей Белгорода лишат выплат
**
Итоги дня: https://youtu.be/5iR5ru6utlg

Военные госпитали переполнены ранеными в Украине — под лечение «участников СВО» всё чаще отдают гражданские больницы. Минобороны объявило о начале крупнейших учений стратегических ядерных сил. А белгородцам отменили компенсации за повреждённые в результате атак автомобили — потому что закончились деньги.

__🚫 Не работает YouTube? Используйте __[__@rosvpnbot__](http://t.me/rosvpnbot?start=tg_pp)__
__
__🦙____ __[Популярная политика](http://t.me/politica_media)__ __| [Поддержать](http://donate.fbk.info/smm)",2536,3,0,politica_media
41683,2026-05-19T15:02:54+00:00,"❗️**Обвал рынка недвижимости. Застройщики бьют тревогу**

Смотреть: https://youtu.be/fJ9Qfss-4Xs

Спрос на российские новостройки рухнул до антирекордных значений, сократившись на четверть всего за год. На фоне системного кризиса цены на квартиры продолжают парадоксально расти: в столице стоимость квадратного метра подскочила до 720 000 рублей. О проблемах в отрасли открыто заявляет вице-премьер Марат Хуснуллин, пока эксперты прогнозируют банкротство почти половины крупных девелоперов. 

Грозит ли рынку массовый крах застройщиков, почему цены на жильё остаются заоблачными и к чему готовиться тем, кто планирует покупку квартиры в ближайшем будущем — обсудили с экономистом Николаем Кульбакой.
__
🚫 Не работает YouTube? Используйте __[__@rosvpnbot__](http://t.me/rosvpnbot?start=tg_pp)__**
**
____🦙____ __[Популярная политика](http://t.me/politica_media)__ __| [Поддержать](http://donate.fbk.info/smm)",2434,7,0,politica_media
41681,2026-05-19T14:05:07+00:00,"**❗️****  Депутат случайно сказал правду. Денег на СВО уже нет**

Смотреть: https://youtu.be/ojmqcmCe3sQ

Депутат Госдумы от КПРФ Ренат Сулейманов стал первым парламентарием, публично призвавшим к скорейшему завершению войны. В интервью изданию «Континент Сибирь» он заявил, что экономика России не выдержит затяжного конфликта, так как оборонный сектор поглощает 40% федерального бюджета. Примечательно, что на фоне приближающихся выборов риторику сменили и представители «Единой России», начав критиковать собственные запреты. 

Означают ли эти заявления потерю контроля Кремля над элитами и к каким последствиям приведет эта критика — в разговоре с политологом Аббасом Галлямовым.
__
🚫 Не работает YouTube? Используйте __[__@rosvpnbot__](http://t.me/rosvpnbot?start=tg_pp)__**
**
____🦙____ __[Популярная политика](http://t.me/politica_media)__ __| [Поддержать](http://donate.fbk.info/smm)",2368,4,0,politica_media
41679,2026-05-19T13:33:51+00:00,"**▪️****▫️****◾️****◽️****◼️****◻️****🔳****  В 17:00: Честное слово с Вячеславом Ширяевым**

Включайте трансляцию в нашем Telegram-канале или на YouTube: https://youtube.com/live/6W-qGjt65GQ

__🦙____ __[Популярная политика](http://t.me/politica_media)__ __| [Поддержать](http://donate.fbk.info/smm)",2081,3,0,politica_media
41678,2026-05-19T13:01:35+00:00,"**❗️****  Ветерана СВО и единоросса кинули. Передел в Смоленской области перед выборами в Госдуму**

Смотреть: https://youtu.be/pqEAS4JBtpg

Ветеран Госдумы, Сергей Неверов, определявший партийный курс годами, свернул едва начавшуюся предвыборную кампанию и предложил поддержать вместо себя «ветерана СВО» Артёма Корнюченкова, который вскоре также снял свою кандидатуру. Журналисты связывают этот неожиданный шаг с жёстким политическим давлением и зачисткой региона спонсором «Справедливой России» Александром Бабаковым. 

Что стоит за этой историей и означает ли она уход старой партийной элиты — обсудили с журналистом Ильёй Барабановым.
__
🚫 Не работает YouTube? Используйте __[__@rosvpnbot__](http://t.me/rosvpnbot?start=tg_pp)__**
**
____🦙____ __[Популярная политика](http://t.me/politica_media)__ __| [Поддержать](http://donate.fbk.info/smm)",2215,2,0,politica_media
41677,2026-05-19T10:02:02+00:00,"❗️❕‼️🟥**🟧****ДЕПУТАТ УГРОЖАЕТ КРИЗИСОМ | ПАДЕНИЕ РЫНКА НЕДВИЖИМОСТИ | АВАРИЯ АН-2 В СИБИРИ**

Смотреть:__ __https://youtu.be/oqDImP8wcmE

Депутат Госдумы заявил, что российский бюджет не выдержит длительного продолжения СВО. Продажи жилья в новостройках крупных городов снизились на 21-27%. А на Байкале судно перевернулось на воздушной подушке.

__🚫 Не работает YouTube? Используйте __[__@rosvpnbot__](http://t.me/rosvpnbot?start=tg_pp)__
__
🦙 [Популярная политика](http://t.me/politica_media) | [Поддержать](http://donate.fbk.info/smm)",2318,2,0,politica_media
41674,2026-05-19T07:31:48+00:00,"**▪️****▫️****◾️****◽️****◼️****◻️****🔳****  В 11:00: Честное слово с Фёдором Крашенинниковым**

Включайте трансляцию в нашем Telegram-канале или на YouTube: https://youtube.com/live/HgqFDN7G5H8

__🦙____ __[Популярная политика](http://t.me/politica_media)__ __| [Поддержать](http://donate.fbk.info/smm)",2646,0,0,politica_media
41672,2026-05-18T15:44:59+00:00,"❗️❕‼️🟥🟧** США отменяют санкции | Кризис на рынке жилья | Хинштейну ответили матом**

Итоги дня: https://youtu.be/xTCpBQeR-08

Глубокий кризис на рынке жилья — это признаёт уже и вице-премьер Марат Хуснуллин. Стремительно растут протестные настроения, они достигли 8-летнего максимума. А курский чиновник выругался матом и всех послал после того, как Хинштейн передал ему слово.

__🚫 Не работает YouTube? Используйте __[__@rosvpnbot__](http://t.me/rosvpnbot?start=tg_pp)__
__
__🦙____ __[Популярная политика](http://t.me/politica_media)__ __| [Поддержать](http://donate.fbk.info/smm)",2889,5,0,politica_media
41670,2026-05-18T15:01:46+00:00,"**🔴****🟠****🟡****  Героическая оборона Москвы | Маркетплейсы несут потери | Подняли рейтинг Путина**

Включайте эфир в 18:30: https://youtube.com/live/1wtx5K83LHs**
**
ВЦИОМ зафиксировал рост рейтингов Путина после изменения методики опросов. Москва пережила одну из крупнейших атак беспилотников с начала войны. А маркетплейсы в апреле потеряли до 10% пользователей из-за ограничений на пропуск VPN-трафика.

Эти и другие новости обсудим в новом выпуске «Бойко о главном».

__🦙____ __[Популярная политика](http://t.me/politica_media)__ __| [Поддержать](http://donate.fbk.info/smm)",2540,5,0,politica_media
41668,2026-05-18T14:06:56+00:00,"**❗️****  Удары по Москве. Почему ПВО не защищает столицу**

Смотреть: https://youtu.be/WzTOeCv_Dg8

В ночь на 17 мая Москва и Подмосковье подверглись крупнейшей атаке беспилотников с начала войны. Под ударом оказались не только промышленные объекты, включая Московский НПЗ в Капотне и наливную станцию «Солнечногорская», но и жилые кварталы в Зеленограде, Химках и Красногорске. В результате попаданий дронов в многоэтажные дома погибли три человека, ещё 16 получили ранения. Социальные сети заполнили кадры взрывов и пожаров в густонаселенных районах, которые очевидцы называют беспрецедентными по масштабу. 

Как украинским дронам удалось преодолеть систему ПВО столицы и какие цели были приоритетными в ходе этого налёта — обсудили с военным аналитиком Яном Матвеевым.
__
🚫 Не работает YouTube? Используйте __[__@rosvpnbot__](http://t.me/rosvpnbot?start=tg_pp)__**
**
____🦙____ __[Популярная политика](http://t.me/politica_media)__ __| [Поддержать](http://donate.fbk.info/smm)",2313,5,0,politica_media
41666,2026-05-18T13:31:41+00:00,"**▪️****▫️****◾️****◽️****◼️****◻️****🔳****  В 17:00: Честное слово с Любовью Соболь**

Включайте трансляцию в нашем Telegram-канале или на YouTube: https://youtube.com/live/ydDsmtmbz6A

__🦙____ __[Популярная политика](http://t.me/politica_media)__ __| [Поддержать](http://donate.fbk.info/smm)",2371,2,0,politica_media
41665,2026-05-18T13:20:56+00:00,"Ночью 17 мая Москва и Подмосковье пережили одну из крупнейших атак беспилотников за всё время войны. В результате ударов погибли три человека, ещё 12 пострадали. 

__🦙____ __[Популярная политика](http://t.me/politica_media)__ __| [Поддержать](http://donate.fbk.info/smm)",2245,1,0,politica_media
41664,2026-05-18T11:01:57+00:00,"❗️❕‼️🟥**🟧****ГОРИТ НЕФТЕХРАНИЛИЩЕ ПОД МОСКВОЙ | НАВОДНЕНИЕ В СИБИРИ | НАПАДЕНИЕ В ЭРМИТАЖ | ПОДБИТ КОРАБЛЬ**

Смотреть: https://youtu.be/6V0Vek0pnBc**__
__**
Москва и Подмосковье пережили одну из самых крупных атак беспилотников за все время войны. В Сибири и на Дальнем Востоке реки снова выходят из берегов. А в Эрмитаже мужчина забрался на императорский трон и начал громко зачитывать обращение к Путину.

🔴__Поддержите выход новых выпусков новостей на ____friends.politica.media____ 

🚫 Не работает YouTube? Используйте __[__@rosvpnbot__](http://t.me/rosvpnbot?start=tg_pp)__
__
__🦙____ __[Популярная политика](http://t.me/politica_media)__ __| [Поддержать](http://donate.fbk.info/smm)",2356,2,0,politica_media
41661,2026-05-18T07:32:39+00:00,"**▪️****▫️****◾️****◽️****◼️****◻️****🔳****  В 11:00: Честное слово с Игорем Липсицем **

Включайте трансляцию в нашем Telegram-канале или на YouTube: https://youtube.com/live/LTsuVPaz3k4

__🦙____ __[Популярная политика](http://t.me/politica_media)__ __| [Поддержать](http://donate.fbk.info/smm)",2542,10,0,politica_media
41660,2026-05-18T07:01:56+00:00,"**Фургал. История народного губернатора**

Смотреть: youtu.be/pqUGhkMz_-0

Сергей Фургал — страшный враг Кремля. Путин уже много лет не может забыть, как системный оппозиционер из ЛДПР победил на губернаторских выборах просто потому, что был не похож на серых политиков из «Единой России». Но только ли за это его отправили в тюрьму? И было ли это единственной причиной, по которой десятки тысяч земляков Фургала вышли на протесты после его ареста в 2020 году?

Дмитрий Низовцев рассказывает биографию человека, который из обычного бизнесмена и депутата превратился в занозу для российской власти, а также показывает, как можно неожиданно для самого себя стать героем, когда тебя пытается согнуть огромная государственная машина.

❗️ [Навальный LIVE](https://t.me/navalnylivechannel) | [Поддержать](http://donate.fbk.info/smm)",2428,11,0,politica_media
41659,2026-05-17T07:32:33+00:00,"**#Дайджест**** главных «Тем дня» этой недели.** 

Если вы пропустили выпуски — рассказываем, что произошло.

• **Как детей готовят к войне?** Кремль тратит десятки миллиардов на военную подготовку школьников: сборы, стрельбу, дроны и армейскую дисциплину. __Разбираем расследование «Вот так» с Андреем Затирко — __[__смотреть__](https://youtu.be/uPHUseq35zc)

• **Как воровали в Минобороны.** Дело Цаликова: взятки, преступное сообщество и активы на миллиарды. Прокуратура требует изъять имущество, связанное с Минобороны и окружением Шойгу. __Разбор с расследователем Сергеем Ежовым — __[__смотреть__](http://youtu.be/VKLjYQHLm-E)__
__
• **Рекордное падение экономики.** Прогноз роста ВВП России на 2026 год снизили втрое — с 1,3% до 0,4%. __Что происходит с экономикой и бюджетом — разбираем с Владиславом Жуковским — __[__смотреть__](https://youtu.be/D0ZWphLSY-k)

• **Сын главы МВД отдыхает на Мальдивах.** Сын главы МВД России потратил почти 90 млн рублей на отдых в Дубае и на Мальдивах, несмотря на убыточный бизнес. __Обсуждаем расследование «Вот так»__ __с Валерией Микаевой — __[__смотреть__](https://youtu.be/SoD_J_kg1M0)

• **Мобилизация в Чечне.** «Новая газета Европа» опубликовала расследование о начале массовых мобилизационных рейдов в Чечне.  __Обсуждаем ситуацию с правозащитником Мусой Ломаевым — __[__смотреть__](https://youtu.be/eXaMIoTqMZI)

**💙**** Поддержите выход новых выпусков «Тем дня» на ****friends.politica.media**

__🦙____ __[Популярная политика](http://t.me/politica_media)__ __| [Поддержать](http://donate.fbk.info/smm)",3175,4,0,politica_media
41658,2026-05-16T08:24:18+00:00,"❗️**РАЗГРОМ АЭРОДРОМА В ЕЙСКЕ | УДАР ПО КОЛОННЕ ПЕХОТЫ | ПУТИН ДОСТАЛ «САРМАТ»**

Военное положение: https://youtu.be/14_i6j55_F0

Российские войска нанесли массированный удар по Киеву и другим городам Украины. Только в одном доме взрыв ракеты убил 24 человека. ВСУ атаковали очередной НПЗ — на этот раз пострадал один из крупнейших — в Рязани. Потери армии Путина превысили 300 тысяч человек даже по консервативной оценке, а на фронте погиб студент, которого завербовали в дроноводы и отправили на штурм.
__
🚫 Не работает YouTube? Используйте __[__@rosvpnbot__](http://t.me/rosvpnbot?start=tg_pp)__**
**
____🦙____ __[Популярная политика](http://t.me/politica_media)__ __| [Поддержать](http://donate.fbk.info/smm)",3638,6,0,politica_media
41657,2026-05-15T16:26:22+00:00,"**Генерал Александр Лапин может возглавить комитет Госдумы по обороне**

По данным «Коммерсанта», он планирует участвовать в сентябрьских выборах в Госдуму по спискам «Единой России» от Татарстана и может заменить Андрея Картаполова на посту главы комитета по обороне.

Ранее Лапин командовал группировкой «Центр», затем возглавил Ленинградский военный округ, на базе которого была сформирована группировка «Север». Его публично критиковали Евгений Пригожин и Рамзан Кадыров после отступления российских войск из Лимана и Харьковской области. 

__🔗____ Поговорили об этом с журналистом Ильёй Барабановым в «Теме дня»: __[__https://youtu.be/1Ut8fD7mm9g__](https://youtu.be/1Ut8fD7mm9g)

__🦙____ __[Популярная политика](http://t.me/politica_media)__ __| [Поддержать](http://donate.fbk.info/smm)",3521,2,0,politica_media
41656,2026-05-15T16:01:39+00:00,"❗️❕‼️🟥🟧 **В Москве арестовали Владимира Соловьёва | СВР против Z-блогеров | Тайный спонсор «Русской общины»
**
Итоги дня: https://youtu.be/Gkn2xwjEdjc

Путин похвастался успехами в экономике — тем временем по всей стране закрываются тысячи бизнесов. Служба внешней разведки выяснила, кто стоит за недовольством среди Z-блогеров. А люди из окружения Патрушева могут финансировать националистов из «Русской общины».

__🚫 Не работает YouTube? Используйте __[__@rosvpnbot__](http://t.me/rosvpnbot?start=tg_pp)__
__
__🦙____ __[Популярная политика](http://t.me/politica_media)__ __| [Поддержать](http://donate.fbk.info/smm)",3117,4,0,politica_media
41653,2026-05-15T13:35:27+00:00,"**▪️****▫️****◾️****◽️****◼️****◻️****🔳****  В 17:00: Честное слово с Ильёй Шепелиным**

Включайте трансляцию в нашем Telegram-канале или на YouTube: https://youtube.com/live/Ed9oOao9zh0

__🦙____ __[Популярная политика](http://t.me/politica_media)__ __| [Поддержать](http://donate.fbk.info/smm)",3292,1,2,politica_media
41652,2026-05-15T13:08:05+00:00,"❗️ **Его ненавидели Пригожин и Кадыров. Судьба генерала Лапина**

Смотреть: https://youtu.be/1Ut8fD7mm9g

Генерал Александр Лапин может возглавить комитет Госдумы по обороне в новом созыве. 

По данным «Коммерсанта», военачальник планирует баллотироваться от «Единой России» и сменить на этом посту Андрея Картаполова. Карьера Лапина сопровождалась чередой громких скандалов: отступлением из Лимана, за которое Рамзан Кадыров назвал его «бездарем», и последующим провалом обороны Курской области. Как утверждает The Wall Street Journal, именно Лапин распустил совет по защите приграничья, что создало бреши в безопасности перед вторжением ВСУ. 

Почему после отставки в августе 2025 года генерала решили перевести на политическую работу и как это назначение изменит работу Госдумы — поговорили с журналистом Ильёй Барабановым.
__
🚫 Не работает YouTube? Используйте __[__@rosvpnbot__](http://t.me/rosvpnbot?start=tg_pp)__**
**
____🦙____ __[Популярная политика](http://t.me/politica_media)__ __| [Поддержать](http://donate.fbk.info/smm)",2684,4,0,politica_media
41651,2026-05-15T12:09:52+00:00,"❗️ **Мобилизация в Чечне. Молодёжь тащат на войну**

Смотреть: https://youtu.be/eXaMIoTqMZI

«Новая газета Европа» опубликовала расследование о начале массовых мобилизационных рейдов в Чеченской республике. 

Ситуация в регионе резко обострилась: сообщается о похищениях молодых людей с целью вымогательства выкупа или принудительной отправки на фронт. Силовики устраивают засады на молодых людей, после чего задержанных доставляют в военкоматы и под угрозами принуждают к подписанию контрактов с Минобороны. По данным правозащитников, задержаны уже сотни человек. Сообщается о случаях гибели задержанных в отделах полиции. 

Что стоит за новой волной похищений и как изменилась модель мобилизации в республике? Обсудили ситуацию с правозащитником Мусой Ломаевым.
__
🚫 Не работает YouTube? Используйте __[__@rosvpnbot__](http://t.me/rosvpnbot?start=tg_pp)__**
**
____🦙____ __[Популярная политика](http://t.me/politica_media)__ __| [Поддержать](http://donate.fbk.info/smm)",2541,7,0,politica_media
41650,2026-05-15T10:14:20+00:00,"❗️❕‼️🟥**🟧****АРЕСТОВАН БЫВШИЙ МИНИСТР | АТАКА РЯЗАНИ, ГОРЯТ ДОМА И НПЗ | ТЫСЯЧИ МАГАЗИНОВ ЗАКРЫЛИСЬ**

Смотреть: https://youtu.be/2ANvRmI4fBw**__
__**
ВСУ атаковали один из крупнейших НПЗ в России. Бывший полковник ФСБ рассказал, что несколько лет скрывался после побега из России, сбежав в туше мёртвой коровы. А число продуктовых магазинов сократилось на 7-8% за год.

__🚫 Не работает YouTube? Используйте __[__@rosvpnbot__](http://t.me/rosvpnbot?start=tg_pp)__
__
🦙 [Популярная политика](http://t.me/politica_media) | [Поддержать](http://donate.fbk.info/smm)",2480,3,0,politica_media
41649,2026-05-15T09:01:39+00:00,"**Госдума разрешила Путину вводить войска за рубеж для «защиты» россиян**

__🔗____ Смотрите «Бойко о главном» в записи, если пропустили эфир: ____https://youtube.com/live/tEL4F3XPudc__

__🦙____ __[Популярная политика](http://t.me/politica_media)__ __| [Поддержать](http://donate.fbk.info/smm)",2601,4,2,politica_media
41646,2026-05-15T07:33:22+00:00,"**▪️****▫️****◾️****◽️****◼️****◻️****🔳****  В 11:00: Честное слово с Владимиром Кара-Мурзой**

Включайте трансляцию в нашем Telegram-канале или на YouTube: https://youtube.com/live/tpe6g75iDmg

__🦙____ __[Популярная политика](http://t.me/politica_media)__ __| [Поддержать](http://donate.fbk.info/smm)",3307,7,0,politica_media
41643,2026-05-14T15:31:33+00:00,"❗️❕‼️🟥🟧**Большая отставка в Кремле | Провал проекта Путина | Жуткое убийство в Алтайском крае **

Итоги дня: https://youtu.be/xqZly520C28

Лантратову назначили новым омбудсменом по правам человека вместо Москальковой. Пропагандист Никита Михалков научит школьников терпеть. А во ФСИН признали, что число заключённых сокращается из-за набора контрактников.

__🚫 Не работает YouTube? Используйте __[__@rosvpnbot__](http://t.me/rosvpnbot?start=tg_pp)__
__
__🦙____ __[Популярная политика](http://t.me/politica_media)__ __| [Поддержать](http://donate.fbk.info/smm)",3182,4,0,politica_media
41642,2026-05-14T15:03:07+00:00,"**🔴****🟠****🟡****  Разрешили брать Париж | Рекорд богатства россиян | Пришли и за кузбасским скотом**

Включайте эфир в 18:30: https://youtube.com/live/tEL4F3XPudc**
**
Госдума приняла закон об использовании армии для защиты россиян за рубежом. Дефицит федерального бюджета превысил годовой план на 55% за четыре месяца. А в Красноярском крае поставили пост на границе с Кузбассом из-за вспышки заболевания животных.

Эти и другие новости обсудим в новом выпуске «Бойко о главном».

__🦙____ __[Популярная политика](http://t.me/politica_media)__ __| [Поддержать](http://donate.fbk.info/smm)",2517,5,0,politica_media
41639,2026-05-14T13:32:31+00:00,"**▪️****▫️****◾️****◽️****◼️****◻️****🔳****  В 17:00: Честное слово с Владиславом Жуковским**

Включайте трансляцию в нашем Telegram-канале или на YouTube: https://youtube.com/live/oAZon7JFaxM

__🦙____ __[Популярная политика](http://t.me/politica_media)__ __| [Поддержать](http://donate.fbk.info/smm)",2389,3,1,politica_media
41638,2026-05-14T13:00:57+00:00,"**Дефицит, очереди и талоны. Ширяев про надвигающийся топливный кризис**

Смотреть: https://youtu.be/0wpa01vOTpI

«Если в ближайшие недели эта динамика будет продолжаться, то топливный кризис в июне — полномасштабный топливный кризис с очередями, с дефицитом, с талонами — накроет страну».
__
🚫 Не работает YouTube? Используйте __[__@rosvpnbot__](http://t.me/rosvpnbot?start=tg_pp)__**
**
____🦙____ __[Популярная политика](http://t.me/politica_media)__ __| [Поддержать](http://donate.fbk.info/smm)",2305,6,0,politica_media
41637,2026-05-14T12:05:45+00:00,"Путин отправил в отставку губернаторов Белгородской и Брянской областей — Вячеслава Гладкова и Александра Богомаза.

🦙 [Популярная политика](http://t.me/politica_media) | [Поддержать](http://donate.fbk.info/smm)",2119,2,3,politica_media
41636,2026-05-14T11:31:06+00:00,"**Коров убивают тысячами. Бойко про эпидемию в Кемеровской области**

Смотреть: https://youtu.be/TeJyfvFhWZM

«На Кузбассе всё повторяется. Прямо ничему их жизнь не научила. Блокпосты, задержания тех, кто чё-то там бычит против, рейды по сёлам. Ну, то есть всё, как в Новосибирске было».
__
🚫 Не работает YouTube? Используйте __[__@rosvpnbot__](http://t.me/rosvpnbot?start=tg_pp)__**
**
____🦙____ __[Популярная политика](http://t.me/politica_media)__ __| [Поддержать](http://donate.fbk.info/smm)",2278,7,0,politica_media
41635,2026-05-14T10:24:23+00:00,"❗️❕‼️🟥**🟧****ПЕСКОВ РАСКРЫЛ УСЛОВИЯ ПЕРЕГОВОРОВ | НОВЫЙ ШТРАФ ДЛЯ МОСКВИЧЕЙ | МАССИРОВАННЫЙ НАЛЁТ НА КИЕВ**

Смотреть: https://youtu.be/rqAd_pSGJyE**__
__**
В отставку отправлены губернаторы сразу двух приграничных регионов — Белгородской и Брянской областей. Дмитрий Песков рассказал о ходе мирных переговоров с Украиной. А Киев подвергся массированной атаке — по городу было запущено более 1500 дронов.

__🚫 Не работает YouTube? Используйте __[__@rosvpnbot__](http://t.me/rosvpnbot?start=tg_pp)__
__
🦙 [Популярная политика](http://t.me/politica_media) | [Поддержать](http://donate.fbk.info/smm)",2438,3,0,politica_media
41632,2026-05-14T07:35:11+00:00,"**▪️****▫️****◾️****◽️****◼️****◻️****🔳****  В 11:00: Честное слово с Юлией Таратутой**

Включайте трансляцию в нашем Telegram-канале или на YouTube: https://youtube.com/live/h6IR-rfB_BA

__🦙____ __[Популярная политика](http://t.me/politica_media)__ __| [Поддержать](http://donate.fbk.info/smm)",2643,3,0,politica_media
41631,2026-05-14T07:07:19+00:00,"**Роскошный отдых Путина**

Смотреть: youtu.be/ZKDBaRYx430

Много лет Владимиру Путину создавали образ трудоголика, который практически не берет отпусков, а если отдыхает — то по-простому, исключительно на охоте или рыбалке. Однако когда камеры рядом с Путиным выключаются, начинается его настоящий отдых — дорогие яхты и дачи, стриптиз-клубы и десятки охранников вокруг. 

Александр Макашенец рассказывает, как и где отдыхает Владимир Путин — и что изменилось в его отдыхе во время войны.

❗️ [Навальный LIVE](https://t.me/navalnylivechannel) | [Поддержать](http://donate.fbk.info/smm)",2517,6,0,politica_media
41630,2026-05-13T16:47:34+00:00,"**⚡️**** Путин отправил в отставку губернатора Белгородской области Вячеслава Гладкова**

Мы разбирали эту историю и рассказывали о том, кто его сменит. 

🔗 Посмотрите, если пропустили: youtu.be/mlZU-GT5Fl4

🦙 [Популярная политика](http://t.me/politica_media) | [Поддержать](http://donate.fbk.info/smm)",3072,5,0,politica_media
41629,2026-05-13T16:24:30+00:00,"**Бывшего замглавы Минприроды Дениса Буцаева объявили в розыск**

В апреле он подал в отставку по собственному желанию и сбежал из России после «предупреждения» об угрозе уголовного преследования.

🦙 [Популярная политика](http://t.me/politica_media) | [Поддержать](http://donate.fbk.info/smm)",2918,3,0,politica_media
41628,2026-05-13T15:57:38+00:00,"❗️❕‼️🟥🟧 **Все вклады заморозят? | Роскошный отдых семьи главы МВД | Замминистра сбежал из страны**

Итоги дня: https://youtu.be/0IKdmxSy1nY

Роскошный отдых сына главы МВД — в жарких странах он тратит десятки миллионов рублей. Девятиклассников обяжут сдавать устный экзамен по истории. А министр финансов Силуанов утверждает, что заморозка вкладов не планируется.

__🚫 Не работает YouTube? Используйте __[__@rosvpnbot__](http://t.me/rosvpnbot?start=tg_pp)__
__
__🦙____ __[Популярная политика](http://t.me/politica_media)__ __| [Поддержать](http://donate.fbk.info/smm)",2857,2,27,politica_media
41627,2026-05-13T15:40:44+00:00,"**Сын главы МВД Колокольцева потратил почти 90 млн рублей на отдых в Дубае и на Мальдивах**

С сентября 2024 по февраль 2026 года Александр Колокольцев провёл на зарубежных курортах не менее 86 ночей. Большую часть времени он отдыхал в дубайском Bvlgari Resort — только новогодняя поездка туда на 19 ночей обошлась в 34 млн рублей. Это выяснили журналисты «Вот Так», изучив утечку турагентства.

Во всех поездках его сопровождала 26-летняя Лолита Шонина — фотографии из её соцсетей совпадают по датам с поездками из утечки.

При этом в 2025 году компании Колокольцева суммарно потеряли 589,5 млн рублей.

__🔗____ Обсудили расследование с его автором в «Теме дня»: __[__https://youtu.be/SoD_J_kg1M0__](https://youtu.be/SoD_J_kg1M0)

🦙 [Популярная политика](http://t.me/politica_media) | [Поддержать](http://donate.fbk.info/smm)",2388,12,0,politica_media
41625,2026-05-13T14:47:28+00:00,"**❗️****  Скандал! Актёр из Реальных пацанов сядет за борьбу с единороссом**

Смотреть: https://youtu.be/dehW7_cujpU

Суд над актером из «Реальных пацанов» Арменом Бежаняном: дело о недрах и ущербе на 140 млн рублей. Почему депутат считает обвинения политическими и при чем здесь конфликт с экс-мэром Осы? Разбираем детали с журналистом проекта «Пермь 36,6».
__
🚫 Не работает YouTube? Используйте __[__@rosvpnbot__](http://t.me/rosvpnbot?start=tg_pp)__**
**
____🦙____ __[Популярная политика](http://t.me/politica_media)__ __| [Поддержать](http://donate.fbk.info/smm)",2331,5,0,politica_media
41623,2026-05-13T13:37:18+00:00,"**❗️****  Новая цель армии России. Военный эксперт оценил перспективы**

Смотреть: https://youtu.be/0PGygoUlLiw

Financial Times: военные убедили Путина в захвате Донбасса к осени. Но планы шире — контроль над левобережной Украиной, включая Киев и Одессу. Что реально происходит на фронте, и что значат слова Трампа о скором конце войны — разбираемся с Яном Матвеевым.
__
🚫 Не работает YouTube? Используйте __[__@rosvpnbot__](http://t.me/rosvpnbot?start=tg_pp)__**
**
____🦙____ __[Популярная политика](http://t.me/politica_media)__ __| [Поддержать](http://donate.fbk.info/smm)",2419,3,0,politica_media
41622,2026-05-13T13:31:31+00:00,"**▪️****▫️****◾️****◽️****◼️****◻️****🔳****  В 17:00: Честное слово с** **Вячеславом Ширяевым**

Включайте трансляцию в нашем Telegram-канале или на YouTube: https://youtube.com/live/5ILwJ5QUlHo

__🦙____ __[Популярная политика](http://t.me/politica_media)__ __| [Поддержать](http://donate.fbk.info/smm)",2120,2,0,politica_media
41621,2026-05-13T13:01:28+00:00,"**Правительство РФ снизило прогноз роста ВВП на 2026 год с 1,3% до 0,4%**

Обновлённый прогноз озвучил вице-премьер Александр Новак. Прежнюю оценку роста ВВП на 1,3% публиковало Минэкономразвития в сентябре 2025 года. При этом МВФ в апреле 2026 года прогнозировал рост российской экономики на 1,1%.

__🔗____ Поговорили о ситуации в экономике с экономистом Владиславом Жуковским в «Теме дня»: __[__https://youtu.be/D0ZWphLSY-k__](https://youtu.be/D0ZWphLSY-k)

__🦙____ __[Популярная политика](http://t.me/politica_media)__ __| [Поддержать](http://donate.fbk.info/smm)",2138,2,3,politica_media
41620,2026-05-13T12:25:13+00:00,"**❗️****  Сын главного мента России отдыхает на Мальдивах. Расследование**

Смотреть: https://youtu.be/SoD_J_kg1M0

Сын главы МВД России потратил почти 90 млн рублей на отдых в Дубае и на Мальдивах, несмотря на убыточный бизнес — об этом говорится в расследовании «Вот Так». Как живёт сын министра Колокольцева и откуда у него такие деньги — обсудили с автором расследования.
__
🚫 Не работает YouTube? Используйте __[__@rosvpnbot__](http://t.me/rosvpnbot?start=tg_pp)__**
**
____🦙____ __[Популярная политика](http://t.me/politica_media)__ __| [Поддержать](http://donate.fbk.info/smm)",2142,9,0,politica_media
41619,2026-05-13T12:16:37+00:00,"Гну свою линию: ликбез по важности предстоящих «выборов».
(Да, противоречия тут нет: «выборы» в кавычках, а важность — огромная!).

https://youtu.be/48i3sM1mfpI",2131,0,0,politica_media
41618,2026-05-13T10:48:55+00:00,"❗️❕‼️🟥**🟧****СИЛЬНЫЙ ПОЖАР В МОСКВЕ | ГОРИТ СТАНЦИЯ ПЕРЕКАЧКИ НЕФТИ | КРУШЕНИЕ ПОЕЗДА В БЕЛГОРОДСКОЙ ОБЛАСТИ**

Смотреть: https://youtu.be/F296n4wUkhg**__
__**
В Белгородской области с рельсов сошёл пригородный поезд. На Дальнем Востоке разрастаются лесные пожары — Хабаровск находится в смоге уже четвёртые сутки. А в Энгельсе не прекращается коммунальная катастрофа из-за аварии на самотечном коллекторе.

__🚫 Не работает YouTube? Используйте __[__@rosvpnbot__](http://t.me/rosvpnbot?start=tg_pp)__
__
🦙 [Популярная политика](http://t.me/politica_media) | [Поддержать](http://donate.fbk.info/smm)",2298,1,0,politica_media
41615,2026-05-13T07:31:59+00:00,"**▪️****▫️****◾️****◽️****◼️****◻️****🔳****  В 11:00: Честное слово с Михаилом Крутихиным**

Включайте трансляцию в нашем Telegram-канале или на YouTube: https://youtube.com/live/eMW6c47-OmY

__🦙____ __[Популярная политика](http://t.me/politica_media)__ __| [Поддержать](http://donate.fbk.info/smm)",2872,6,0,politica_media
41614,2026-05-12T17:31:29+00:00,"На войне в Украине погиб 23-летний студент Валерий Аверин, завербованный в войска БПЛА. Это первый известный случай.

__🦙____ __[Популярная политика](http://t.me/politica_media)__ __| [Поддержать](http://donate.fbk.info/smm)",2980,8,0,politica_media
41613,2026-05-12T16:01:11+00:00,"❗️❕‼️🟥🟧 **Первые смерти «операторов БПЛА» | Допрос известной певицы | Топливный кризис в России**

Итоги дня: https://youtu.be/esJTYOE4Mwo

Гибель студента после вербовки на войну, дефицит бензина АИ-95 и новые запреты — главные темы дня. В России усиливается давление на молодежь и интернет, растут проблемы с топливом и цензура. Разбираем ключевые события и скандалы.

__🚫 Не работает YouTube? Используйте __[__@rosvpnbot__](http://t.me/rosvpnbot?start=tg_pp)__
__
__🦙____ __[Популярная политика](http://t.me/politica_media)__ __| [Поддержать](http://donate.fbk.info/smm)",2767,1,0,politica_media
41612,2026-05-12T15:30:01+00:00,"**Генпрокуратура требует изъять у бывшего заместителя Шойгу Руслана Цаликова активы на 5,5 млрд рублей**

По версии ведомства, активы были приобретены из «не предусмотренных законом источников». Среди них — недвижимость в Москве и Подмосковье, земельные участки, автомобили и крупные суммы на счетах.

В марте этого года Цаликова арестовали по обвинению в создании преступного сообщества, растрате и получении взяток.

__🔗____ Поговорили об этом деле с расследователем Сергеем Ежовым в «Теме дня»: __[__https://youtu.be/VKLjYQHLm-E__](https://youtu.be/VKLjYQHLm-E)

__🦙____ __[Популярная политика](http://t.me/politica_media)__ __| [Поддержать](http://donate.fbk.info/smm)",2395,1,0,politica_media
41611,2026-05-12T15:21:27+00:00,"**❗️****  Рекордное падение. Что с бюджетом России?**

Смотреть: https://youtu.be/D0ZWphLSY-k

Резкое ухудшение прогноза экономики России: рост ВВП на 2026 год снизили с 1,3% до 0,4%. Почему оценки рухнули втрое, кому верить — правительству или МВФ, и означает ли это стагнацию? Разбираем риски и будущее экономики с Владиславом Жуковским.
__
🚫 Не работает YouTube? Используйте __[__@rosvpnbot__](http://t.me/rosvpnbot?start=tg_pp)__**
**
____🦙____ __[Популярная политика](http://t.me/politica_media)__ __| [Поддержать](http://donate.fbk.info/smm)",2194,3,0,politica_media
41609,2026-05-12T14:10:11+00:00,"**❗️****  Страна без интернета. Что происходит?**

Смотреть: https://youtu.be/aWMTA3cnPqw

Массовые отключения интернета в России: власти объясняют их атаками дронов, но связь пропадает даже в удалённых регионах. Что происходит на самом деле и чего ждать дальше — разбор с IT-экспертом Денисом Альшановым.
__
🚫 Не работает YouTube? Используйте __[__@rosvpnbot__](http://t.me/rosvpnbot?start=tg_pp)__**
**
____🦙____ __[Популярная политика](http://t.me/politica_media)__ __| [Поддержать](http://donate.fbk.info/smm)",2323,8,0,politica_media
41607,2026-05-12T13:32:51+00:00,"**▪️****▫️****◾️****◽️****◼️****◻️****🔳****  В 17:00: Честное слово с Сергеем Пархоменко**

Включайте трансляцию в нашем Telegram-канале или на YouTube: https://youtube.com/live/bg6Z_8jrdew

__🦙____ __[Популярная политика](http://t.me/politica_media)__ __| [Поддержать](http://donate.fbk.info/smm)",2376,5,0,politica_media
41606,2026-05-12T12:54:27+00:00,"**❗️****  Как воровали в Минобороны. Друзья Шойгу под следствием**

Смотреть: https://youtu.be/VKLjYQHLm-E

Дело Цаликова: взятки, преступное сообщество и активы на миллиарды. Прокуратура требует изъять имущество, связанное с Минобороны и окружением Шойгу. Почему ключевые фигуры остаются на свободе — разбор с расследователем Сергеем Ежовым.
__
🚫 Не работает YouTube? Используйте __[__@rosvpnbot__](http://t.me/rosvpnbot?start=tg_pp)__**
**
____🦙____ __[Популярная политика](http://t.me/politica_media)__ __| [Поддержать](http://donate.fbk.info/smm)",2257,8,1,politica_media
41605,2026-05-12T11:57:22+00:00,"❗️❕‼️🟥**🟧****НОВАЯ ЭПИДЕМИЯ СКОТА? | СТРЕЛЬБА В ШКОЛЕ, РАНЕНЫ УЧЕНИКИ | ЗАМЕСТИТЕЛЬ ШОЙГУ ДОЛЖЕН МИЛЛИАРДЫ**

Смотреть: https://youtu.be/igEm1cZ0gCI**__
__**
Массовый забой скота в Кузбассе и возможная вспышка ящура, разоблачение «случайного прохожего» Путина и коррупционный скандал на миллиарды. Атаки дронов по России и Украине, стрельба в школе и крупный пожар — главные новости к этому часу.

🚫 Не работает YouTube? Используйте [__@rosvpnbot__](http://t.me/rosvpnbot?start=tg_pp)__
__
🦙 [Популярная политика](http://t.me/politica_media) | [Поддержать](http://donate.fbk.info/smm)",2445,4,0,politica_media
41602,2026-05-12T07:33:37+00:00,"**▪️****▫️****◾️****◽️****◼️****◻️****🔳****  В 11:00: Честное слово с Владимиром Миловым**

Включайте трансляцию в нашем Telegram-канале или на YouTube: https://youtube.com/live/on9MPW3TlEA

__🦙____ __[Популярная политика](http://t.me/politica_media)__ __| [Поддержать](http://donate.fbk.info/smm)",2989,7,16,politica_media
41601,2026-05-11T17:26:01+00:00,"**Украина перехватывает инициативу на фронте — The Economist**

Издание пишет, что весеннее наступление российской армии провалилось. В апреле российские войска впервые с августа 2024 года потеряли больше территорий, чем захватили: ВС РФ утратили контроль над 113 кв. км. Ежемесячные потери российской армии на фронте достигают 35 тысяч человек и превышают темпы набора контрактников.

На этом фоне Украина всё чаще наносит дальнобойные удары по российскому тылу.

__🔗__ __Поговорили об этом с военным аналитиком Яном Матвеевым в «Теме дня»: ____https://youtu.be/8CnYxV-lG5s__

__🦙____ __[Популярная политика](http://t.me/politica_media)__ __| [Поддержать](http://donate.fbk.info/smm)",3023,3,0,politica_media
41599,2026-05-11T16:10:59+00:00,"❗️❕‼️🟥🟧 **Чиновник попался на афере | Миллиарды на промывке мозгов детям | Коммунальный ад в РФ**

Итоги дня: https://youtu.be/rNVvtZaCLDk

Громкое расследование о военных лагерях для детей, скандал с дронами и арест чиновника, резкое падение доллара. Коммунальные аварии, страшное ДТП и новые санкции — главные новости уходящего дня.

__🚫 Не работает YouTube? Используйте __[__@rosvpnbot__](http://t.me/rosvpnbot?start=tg_pp)__
__
__🦙____ __[Популярная политика](http://t.me/politica_media)__ __| [Поддержать](http://donate.fbk.info/smm)",3035,2,0,politica_media
41597,2026-05-11T15:04:58+00:00,"**🔴****🟠****🟡****  Что Путин показал на параде | Блокпосты в Кузбассе | Хантавирус шагает по миру?**

Включайте эфир в 18:30: https://youtube.com/live/ubXIrisKAwU**
**
Парад в Москве в 2026 году прошел без техники и продлился всего 50 минут. Вокруг одного из агрокомплексов в Кузбассе выставили блокпосты. А количество зараженных хантавирусом продолжает расти.

Эти и другие новости обсудим в новом выпуске «Бойко о главном».

__🦙____ __[Популярная политика](http://t.me/politica_media)__ __| [Поддержать](http://donate.fbk.info/smm)",2866,3,0,politica_media
41596,2026-05-11T14:37:12+00:00,"**К сожалению, мы вынуждены отменить сегодняшний вечерний эфир «Честного слова». **

Просим прощения и призываем вас включать эфир завтра в 11:00 — в гостях будет Владимир Милов: [youtube.com/live/on9MPW3TlEA](https://youtube.com/live/on9MPW3TlEA)

__🦙____ __[Популярная политика](http://t.me/politica_media)__ __| [Поддержать](http://donate.fbk.info/smm)",2518,1,1,politica_media
41595,2026-05-11T14:16:40+00:00,"**❗️****  Как детей готовят к войне? Расследование
**
Смотреть: https://youtu.be/uPHUseq35zc

Кремль тратит десятки миллиардов на военную подготовку школьников: обязательные сборы, стрельба, дроны и армейская дисциплина. Как подростков готовят к войне и вербуют в силовые структуры — разбираем расследование с Андреем Затирко.
__
🚫 Не работает YouTube? Используйте __[__@rosvpnbot__](http://t.me/rosvpnbot?start=tg_pp)__**
**
____🦙____ __[Популярная политика](http://t.me/politica_media)__ __| [Поддержать](http://donate.fbk.info/smm)",2729,12,0,politica_media
41592,2026-05-11T13:10:07+00:00,"**❗️****  Провал армии России. ВСУ идут в наступление
**
Смотреть: https://youtu.be/8CnYxV-lG5s

ВСУ перехватывают инициативу на фронте: провал весеннего наступления РФ, рост потерь и утрата территорий. Удары по тылу усиливаются, логистика под давлением. Что будет дальше — разбор с военным аналитиком Яном Матвеевым.
__
🚫 Не работает YouTube? Используйте __[__@rosvpnbot__](http://t.me/rosvpnbot?start=tg_pp)__**
**
____🦙____ __[Популярная политика](http://t.me/politica_media)__ __| [Поддержать](http://donate.fbk.info/smm)",2522,8,0,politica_media
41591,2026-05-11T12:12:01+00:00,"**Все войны Путина и их итог**

Смотреть: [youtu.be/DHwzF9lI0g0](https://youtu.be/DHwzF9lI0g0)

Малая Токмачка, которую не могут взять больше года, провалившийся блицкриг под Киевом, легендарная Чернобаевка, враньё Герасимова про «взятый» Купянск, бегство Асада из Сирии и бесславный уход «Африканского корпуса» из Мали. 

В новом видео Илья Гантварг разбирает, как складывается реальная картина путинских военных авантюр и во что они обходятся России.

❗️ [Навальный LIVE](https://t.me/navalnylivechannel) | [Поддержать](http://donate.fbk.info/smm)",2092,4,0,politica_media
41590,2026-05-11T11:12:32+00:00,"❗️❕‼️🟥**🟧****ПУТИН ЗАГОВОРИЛ О ЗАВЕРШЕНИИ ВОЙНЫ | РАЗБИТА КОЛОННА БРОНЕТЕХНИКИ | СТРАШНАЯ АВАРИЯ В ОМСКОЙ ОБЛАСТИ**

Смотреть: https://youtu.be/ZfQohk4nI7Y**__
__**
Парад Победы без техники, но с солдатами КНДР, странные заявления Путина о встрече с Зеленским и «завершении» войны. Одновременно — удары дронов ВСУ по тылу и срыв перемирия Трампа. Главные новости к этому часу.

__🚫 Не работает YouTube? Используйте __[__@rosvpnbot__](http://t.me/rosvpnbot?start=tg_pp)__
__
🦙 [Популярная политика](http://t.me/politica_media) | [Поддержать](http://donate.fbk.info/smm)",2613,3,0,politica_media
41587,2026-05-11T07:35:08+00:00,"**▪️****▫️****◾️****◽️****◼️****◻️****🔳****  В 11:00: Честное слово с Ильёй Новиковым**

Включайте трансляцию в нашем Telegram-канале или на YouTube: https://youtube.com/live/yZ7L6_Nh-4A

__🦙____ __[Популярная политика](http://t.me/politica_media)__ __| [Поддержать](http://donate.fbk.info/smm)",3058,0,0,politica_media
41586,2026-05-10T11:44:51+00:00,"**#Дайджест**** главных «Тем дня» этой недели.** 

Если вы пропустили выпуски — рассказываем, что произошло.

• **Путин боится мятежа**. На фоне слухов о перевороте Путин ужесточает меры безопасности. «Важные истории» пишут о рисках бунта и возможной роли Шойгу. __Разбираемся с экс-сотрудником СБУ Иваном Ступаком — __[__смотреть__](https://youtu.be/v5JmsE-wRQY)

•** ФСБ может посадить Гладкова. **Скандал с защитными сооружениями, конфликт с Роскомнадзором и слухи об отставке — почему губернатор Белгородской области стал неудобен Кремлю. __Разбираем с журналистом Никитой Пармёновым — __[__смотреть__](https://youtu.be/MjI2E5oZq5g)__ __

• **Как пытают математика Мифтахова.** Политзаключённый Азат Мифтахов сообщил о пытках в ИК-18 в посёлке Харп после этапа в «Полярную сову». __Обсуждаем с правозащитницей «Мемориала» Анной Каретниковой — __[__смотреть__](https://youtu.be/LyB_rfTGuKM)

• **Удары по Чувашии.** В республике объявлена забастовка из-за бездействия властей на фоне атак на Чебоксары. __Обсуждаем с политиком Семёном Кочкиным — __[__смотреть__](https://youtu.be/6L5MxiEUFD0)

• **Дыра в бюджете.** За первые четыре месяца 2026 года дефицит бюджета превысил 5,8 трлн рублей — почти вдвое больше прошлогоднего. Почему растут расходы и что скрывает Минфин?__ Обсуждаем с Максимом Блантом — __[__смотреть __](https://youtu.be/kOWALrz10dM)__
__
**💙**** Поддержите выход новых выпусков «Тем дня» на ****friends.politica.media**

__🦙____ __[Популярная политика](http://t.me/politica_media)__ __| [Поддержать](http://donate.fbk.info/smm)",3241,3,4,politica_media
41585,2026-05-09T09:02:52+00:00,"А вот и очередной выпуск 
Военного положения 
https://youtu.be/I6LYrAY3ei0",3295,3,0,politica_media
41584,2026-05-09T08:34:25+00:00,"❗️**УНИЖЕНИЕ ПУТИНА | РАКЕТЫ УДАРИЛИ ПО ЗАВОДУ | УНИЧТОЖЕН ЦЕНТР ПОДГОТОВКИ ДРОНОВОДОВ
**
Военное положение: https://youtu.be/I6LYrAY3ei0

Украинские беспилотники наносят тяжёлые удары по тылам российской армии, а ракеты «Фламинго» вновь атаковали военный завод. В оккупированном Крыму дроны ударили по базе ФСБ и самолётам, а накануне 9 мая беспилотники долетели даже до Грозного. Парад на Красной площади стал главным уязвимым местом Путина и всю неделю Кремль угрожал Украине, призывая не атаковать в этот день, одновременно игнорируя предложения Зеленского о полноценном перемирии.
__
🚫 Не работает YouTube? Используйте __[__@rosvpnbot__](http://t.me/rosvpnbot?start=tg_pp)__**
**
____🦙____ __[Популярная политика](http://t.me/politica_media)__ __| [Поддержать](http://donate.fbk.info/smm)",3576,7,0,politica_media
41583,2026-05-08T16:19:45+00:00,"❗️❕‼️🟥🟧 **Лавров угрожает Украине | Аэропорты парализованы | Бюджетный кризис в России 
**
Итоги дня: https://youtu.be/L_GZLke2VvM

Экономика России уходит в кризис: дефицит бюджета почти 6 трлн, массовые увольнения и коллапс аэропортов после атак дронов. Власти режут выплаты семьям погибших СВОшников, Роскомнадзор ограничивает GitHub, а 9 мая превращают в милитаристское шоу.

__🚫 Не работает YouTube? Используйте __[__@rosvpnbot__](http://t.me/rosvpnbot?start=tg_pp)__
__
__🦙____ __[Популярная политика](http://t.me/politica_media)__ __| [Поддержать](http://donate.fbk.info/smm)",3568,2,0,politica_media
41581,2026-05-08T14:02:57+00:00,"**❗️****  Дефицит бюджета шокирует! Экономист объяснил, откуда эта дыра**

Смотреть: https://youtu.be/kOWALrz10dM

Дефицит бюджета России за первые четыре месяца 2026 года превысил 5,8 трлн рублей — почти вдвое больше прошлогоднего. Почему растут расходы, что скрывает Минфин и к чему это может привести — обсуждаем с экономическим обозревателем Максимом Блантом.
__
🚫 Не работает YouTube? Используйте __[__@rosvpnbot__](http://t.me/rosvpnbot?start=tg_pp)__**
**
____🦙____ __[Популярная политика](http://t.me/politica_media)__ __| [Поддержать](http://donate.fbk.info/smm)",3333,4,0,politica_media
41579,2026-05-08T13:31:54+00:00,"**▪️****▫️****◾️****◽️****◼️****◻️****🔳****  В 17:00: Честное слово с Ильёй Шепелиным**

Включайте трансляцию в нашем Telegram-канале или на YouTube: https://youtube.com/live/BaXg6o2W2jY

__🦙____ __[Популярная политика](http://t.me/politica_media)__ __| [Поддержать](http://donate.fbk.info/smm)",3147,5,0,politica_media
41578,2026-05-08T12:47:13+00:00,"**❗️****  База ФСБ в Чечне под обстрелом! ВСУ провели новую атаку**

Смотреть: https://youtu.be/CLHpGvt77Io

Массированный налёт украинских дронов на Россию: удары по НПЗ в Ярославле, объекту ВПК в Ростове и базе ФСБ в Грозном. Последствия нарушения Путиным режима перемирия обсуждаем с военным аналитиком Яном Матвеевым.
__
🚫 Не работает YouTube? Используйте __[__@rosvpnbot__](http://t.me/rosvpnbot?start=tg_pp)__**
**
____🦙____ __[Популярная политика](http://t.me/politica_media)__ __| [Поддержать](http://donate.fbk.info/smm)",2667,5,0,politica_media
41577,2026-05-08T11:04:07+00:00,"❗️❕‼️🟥**🟧****ГОРИТ ЯРОСЛАВСКИЙ НПЗ | ВЗРЫВЫ В ГРОЗНОМ | ПАРАД СПРЯЧУТ ОТ ПРЕССЫ | ЛАВРОВ ВСПОМНИЛ ГИТЛЕРА 
**
Смотреть:__ __https://youtu.be/cqNmE3ZPO3c**__
__**
Кремль в панике перед парадом Победы: иностранным журналистам отменяют аккредитации, Москву атакуют дроны, а ВСУ бьют по НПЗ и Грозному. Почему путинское «перемирие» оказалось фикцией и что происходит на фронте — главные новости к этому часу.

__🚫 Не работает YouTube? Используйте @__[__rosvpnbot__](http://t.me/rosvpnbot?start=tg_pp)__
__
🦙 [Популярная политика](http://t.me/politica_media) | [Поддержать](http://donate.fbk.info/smm)",2736,7,0,politica_media
41574,2026-05-08T07:34:11+00:00,"**▪️****▫️****◾️****◽️****◼️****◻️****🔳****  В 11:00: Честное слово с Матвеем Ганапольским**

Включайте трансляцию в нашем Telegram-канале или на YouTube: https://youtube.com/live/1zhIue-KCMY

__🦙____ __[Популярная политика](http://t.me/politica_media)__ __| [Поддержать](http://donate.fbk.info/smm)",3319,4,0,politica_media
41572,2026-05-07T15:47:13+00:00,"❗️❕‼️🟥🟧 **Угроза для академии Кабаевой | Убийство чемпиона России | Пропагандист глумится над погибшими**

Итоги дня: https://youtu.be/tZBN-CpzMtI

Кремль отказался помогать бизнесу, который потерял деньги из-за отключений интернета. Пропагандист с «Соловьёв LIVE» поиздевался над убитыми мирными жителями Украины. А школа Алины Кабаевой «Небесная грация» не смогла провести чемпионат из-за угроз атак беспилотников.

__🚫 Не работает YouTube? Используйте __[__@rosvpnbot__](http://t.me/rosvpnbot?start=tg_pp)__
__
__🦙____ __[Популярная политика](http://t.me/politica_media)__ __| [Поддержать](http://donate.fbk.info/smm)",3163,1,0,politica_media
41570,2026-05-07T15:02:31+00:00,"**🔴****🟠****🟡****  Путин запретил анекдоты | Москва без связи | Медики на фронт за студентами**

Включайте эфир в 18:30: https://youtube.com/live/FZEQYDX-70E**
**
В России запретили старейший развлекательный портал «ЯПлакалъ». В Москве 9 мая отключат мобильный интернет — даже для сайтов из «белого списка». А российских медиков принуждают уезжать на войну.

Эти и другие новости обсудим в новом выпуске «Бойко о главном».

__🦙____ __[Популярная политика](http://t.me/politica_media)__ __| [Поддержать](http://donate.fbk.info/smm)",2940,5,0,politica_media
41567,2026-05-07T13:46:40+00:00,"**❗️****  9 мая парада не будет. Почти по всей стране отмена**

Смотреть: https://youtu.be/16ZnwHFKqnQ

В России массово отменяют парады: в трети региональных столиц 9 мая не будет шествий, а в 37 городах — военной техники. Власти ссылаются на безопасность, но ограничения становятся всё масштабнее. Обсуждаем «предпарадный невроз» Кремля с военным аналитиком Юрием Федоровым.
__
🚫 Не работает YouTube? Используйте __[__@rosvpnbot__](http://t.me/rosvpnbot?start=tg_pp)__**
**
____🦙____ __[Популярная политика](http://t.me/politica_media)__ __| [Поддержать](http://donate.fbk.info/smm)",2768,5,0,politica_media
41566,2026-05-07T13:31:28+00:00,"**▪️****▫️****◾️****◽️****◼️****◻️****🔳****  В 17:00: Честное слово с Андреем Захаровым**

Включайте трансляцию в нашем Telegram-канале или на YouTube: https://youtube.com/live/3rE4QRFMOXc

__🦙____ __[Популярная политика](http://t.me/politica_media)__ __| [Поддержать](http://donate.fbk.info/smm)",2402,5,0,politica_media
41565,2026-05-07T12:39:14+00:00,"**❗️****  Никакого интернета. Тотальное отключение на 9 мая**

Смотреть: https://youtu.be/AJDekxmJR4I

Мобильный интернет в Москве и Петербурге 9 мая отключат полностью — не будут работать даже «белые списки» и СМС. Почему власти идут на такие меры и к чему готовиться пользователям — обсуждаем с айти-специалистом Леонидом Юлдашевым.
__
🚫 Не работает YouTube? Используйте __[__@rosvpnbot__](http://t.me/rosvpnbot?start=tg_pp)__**
**
____🦙____ __[Популярная политика](http://t.me/politica_media)__ __| [Поддержать](http://donate.fbk.info/smm)",2343,5,11,politica_media
41564,2026-05-07T12:07:58+00:00,"В Новосибирской области впервые официально подтвердили вспышку ящура среди скота — заболевание обнаружили у коровы фермера Светланы Паниной из села Новоключи. 

Местные жители при этом продолжают сомневаться в версии властей и утверждают, что независимые проверки якобы не подтверждали наличие болезни.

🦙 [Популярная политика](http://t.me/politica_media) | [Поддержать](http://donate.fbk.info/smm)",2343,3,2,politica_media
41563,2026-05-07T10:26:30+00:00,"❗️❕‼️🟥**🟧****9 МАЯ МОСКВА БУДЕТ БЕЗ СВЯЗИ | ВЛАСТИ ПРИЗНАЛИ ОБМАН ФЕРМЕРОВ | ЖУТКОЕ УБИЙСТВО В КРАСНОЯРСКОМ КРАЕ**

Смотреть: https://youtu.be/YOP3uB_yh0w**__
__**
Украинские беспилотники атаковали два крупнейших объекта топливной инфраструктуры Перми. На берегу реки Чулым в Красноярском крае нашли сумку с останками мужчины. А в Новосибирской области официально подтвердили вспышку ящура.

__🚫 Не работает YouTube? Используйте __[__@rosvpnbot__](http://t.me/rosvpnbot?start=tg_pp)__
__
🦙 [Популярная политика](http://t.me/politica_media) | [Поддержать](http://donate.fbk.info/smm)",2439,7,0,politica_media
41560,2026-05-07T07:35:19+00:00,"**▪️****▫️****◾️****◽️****◼️****◻️****🔳****  В 11:00: Честное слово с Екатериной Котрикадзе **

Включайте трансляцию в нашем Telegram-канале или на YouTube: https://youtube.com/live/r9jvRfVC9kY

__🦙____ __[Популярная политика](http://t.me/politica_media)__ __| [Поддержать](http://donate.fbk.info/smm)",2889,9,0,politica_media
41559,2026-05-06T17:02:06+00:00,"Политзаключённый Азат Мифтахов рассказал о пытках в ИК-18 в посёлке Харп после этапа в «Полярную сову». 

По его словам, сотрудники ФСИН избивали его, применяли электрошок и угрожали изнасилованием.

__🦙____ __[Популярная политика](http://t.me/politica_media)__ __| [Поддержать](http://donate.fbk.info/smm)",2819,3,0,politica_media
41558,2026-05-06T15:59:21+00:00,"❗️❕‼️🟥🟧 **Массовые сокращения в Минцифры | Отравление газом в Омской области | План Путина провалился
**
Итоги дня: https://youtu.be/1P6PKGNib2g

В Минцифры планируют перестройку — часть сотрудников сократят, часть работы отдадут спецслужбам. Минпромторг поддержал идею ввести НДС 22% на зарубежные интернет-заказы. А выигрыш российского бюджета от нефтяного кризиса на Ближнем Востоке оказался сильно меньше, чем ожидалось.

__🚫 Не работает YouTube? Используйте __[__@rosvpnbot__](http://t.me/rosvpnbot?start=tg_pp)__
__
__🦙____ __[Популярная политика](http://t.me/politica_media)__ __| [Поддержать](http://donate.fbk.info/smm)",2738,3,0,politica_media
41557,2026-05-06T15:49:39+00:00,"**ЧУВАШИЯ ПОД УДАРАМИ РАКЕТ И БПЛА
**
Ночью и утром 5 мая Чебоксары пережили одну из самых страшных атак за всё время войны. Погибли люди, десятки пострадали, повреждены жилые дома и инфраструктура.

В этом видео — всё, что известно об атаке. Рассказываем, как реагировали власти Чувашии, почему целью стал ВНИИР и как одно военное производство превратило республику в карту военных действий. 

Смотрите видео и поддержите его лайком и комментарием — так его увидят больше людей. Отправьте ссылку в личном сообщении друзьям и близким. 

Смотреть: https://youtu.be/1T2eQ0dFyWk",2416,4,0,politica_media
41554,2026-05-06T13:34:12+00:00,"**▪️****▫️****◾️****◽️****◼️****◻️****🔳****  В 17:00: Честное слово с Аббасом Галлямовым**

Включайте трансляцию в нашем Telegram-канале или на YouTube: https://youtube.com/live/0reduNn2HM8

__🦙____ __[Популярная политика](http://t.me/politica_media)__ __| [Поддержать](http://donate.fbk.info/smm)",2816,5,0,politica_media
41553,2026-05-06T13:22:40+00:00,"**❗️****  Путина унизили в Армении. Итог встречи Пашиняна с европейскими лидерами**

Смотреть: https://youtu.be/QGXo1JOR5XY

Армения разворачивается к ЕС: саммит в Ереване с участием Зеленского и лидеров Европы, многомиллиардные инвестиции и новый курс. Кремль отвечает угрозами и прогнозами обвала экономики. Разбор с политологом Микаэлом Золяном.
__
🚫 Не работает YouTube? Используйте __[__@rosvpnbot__](http://t.me/rosvpnbot?start=tg_pp)__**
**
____🦙____ __[Популярная политика](http://t.me/politica_media)__ __| [Поддержать](http://donate.fbk.info/smm)",2485,5,1,politica_media
41552,2026-05-06T13:17:16+00:00,"Сегодня утром российский беспилотник ударил по детскому саду в центре Сум — есть пострадавшие.

Глава МИД Украины Сибига заявил, что за ночь Россия выпустила по Украине 108 дронов и 3 ракеты, нарушив объявленный Владимиром Зеленским «режим тишины».

🦙 [Популярная политика](http://t.me/politica_media) | [Поддержать](http://donate.fbk.info/smm)",2386,6,16,politica_media
41551,2026-05-06T12:06:41+00:00,"**❗️****  Ужас в Чувашии! Есть погибшие и раненые**

Смотреть: https://youtu.be/6L5MxiEUFD0

В Чувашии объявлена забастовка из-за бездействия властей на фоне прилётов и атак на Чебоксары. Что происходит в республике и как с ударами связан сербский министр — обсуждаем с политиком Семеном Кочкиным.
__
🚫 Не работает YouTube? Используйте __[__@rosvpnbot__](http://t.me/rosvpnbot?start=tg_pp)__**
**
____🦙____ __[Популярная политика](http://t.me/politica_media)__ __| [Поддержать](http://donate.fbk.info/smm)",2521,10,0,politica_media
41550,2026-05-06T10:39:21+00:00,"❗️❕‼️🟥**🟧****РОССИЯ СРЫВАЕТ ПЕРЕМИРИЕ | СЕКРЕТНАЯ МЕТОДИЧКА «ЕДИНОЙ РОССИИ» | ГЕРМАНИЯ ПОМОЖЕТ ТРАМПУ **

Смотреть:__ __https://youtu.be/oKY7aTmF7rk**__
__**
Россия нарушила объявленный Зеленским «режим тишины». «Единая Россия» составила специальную методичку для депутатов с ответами на «жёсткие вопросы» к партии. А в Бразилии 13-летний подросток убил двух сотрудниц школы и ранил ещё 7 человек.

__🚫 Не работает YouTube? Используйте __[__@rosvpnbot__](http://t.me/rosvpnbot?start=tg_pp)__
__
🦙 [Популярная политика](http://t.me/politica_media) | [Поддержать](http://donate.fbk.info/smm)",2528,2,0,politica_media
41547,2026-05-06T07:32:14+00:00,"**▪️****▫️****◾️****◽️****◼️****◻️****🔳****  В 11:00: Честное слово с Сергеем Жирновым**

Включайте трансляцию в нашем Telegram-канале или на YouTube: https://youtube.com/live/5br4ohrdN6I

__🦙____ __[Популярная политика](http://t.me/politica_media)__ __| [Поддержать](http://donate.fbk.info/smm)",2753,2,0,politica_media
41546,2026-05-06T06:56:07+00:00,"**Тайная жизнь Медведева. Мифы и реальность **

Смотреть: youtu.be/lWQhMwt3g00

Дмитрий Медведев — одна из самых странных фигур российской политики. Он единственный ныне живущий экс-глава страны, но это не даёт ему никакого авторитета. Он давно считается фриковатым недотепой. Без особых загадок и интриг. Но так только кажется.

Вокруг «Димона» много мифов. Действительно ли он в молодости был честным и порядочным юристом? Реально ли конкурировал с другим человеком за пост путинского «преемника»? Кто поддерживал его в попытках зацепиться за второй президентский срок? Насколько алкоголь стал соавтором агрессивных медведевских публикаций в блоге? Кто и зачем запустил в паблик прозвище «Димон»? 

Эти и другие мифы и легенды о Медведеве рассказывает и разоблачает Дмитрий Низовцев. 

❗️ [Навальный LIVE](https://t.me/navalnylivechannel) | [Поддержать](http://donate.fbk.info/smm)",2491,4,1,politica_media
41545,2026-05-05T15:49:06+00:00,"❗️❕‼️🟥🟧 **Учёных отправили в колонию | Москва без интернета | Коммунальный ад в Самаре и Саратове**

Итоги дня: https://youtu.be/38QhqUNJMlU

Сбои интернета в Москве и Петербурге перед 9 мая, отмена техники на параде и атаки беспилотников. Дефицит лекарств, давление на студентов и приговоры учёным — главные новости дня.

__🚫 Не работает YouTube? Используйте __[__@rosvpnbot__](http://t.me/rosvpnbot?start=tg_pp)__
__
__🦙____ __[Популярная политика](http://t.me/politica_media)__ __| [Поддержать](http://donate.fbk.info/smm)",2807,5,0,politica_media
41543,2026-05-05T14:11:21+00:00,"**❗️****  «Боль была такая страшная». Как пытают математика Азата Мифтахова**

Смотреть: https://youtu.be/LyB_rfTGuKM

Азат Мифтахов в колонии «Полярная сова»: пытки, угрозы и давление. Почему политзаключённого отправили в одну из самых жёстких тюрем России и есть ли шанс на защиту? Обсуждаем с правозащитницей «Мемориала» Анной Каретниковой.
__
🚫 Не работает YouTube? Используйте __[__@rosvpnbot__](http://t.me/rosvpnbot?start=tg_pp)__**
**
____🦙____ __[Популярная политика](http://t.me/politica_media)__ __| [Поддержать](http://donate.fbk.info/smm)",2857,4,0,politica_media
41541,2026-05-05T13:33:14+00:00,"**▪️****▫️****◾️****◽️****◼️****◻️****🔳****  В 17:00: Честное слово с Игорем Липсицем**

Включайте трансляцию в нашем Telegram-канале или на YouTube: https://youtube.com/live/IZ3VPAE3FT0

__🦙____ __[Популярная политика](http://t.me/politica_media)__ __| [Поддержать](http://donate.fbk.info/smm)",2604,8,0,politica_media
41540,2026-05-05T12:49:29+00:00,"**❗️****  Он всех достал. ФСБ может посадить Гладкова**

Смотреть: https://youtu.be/MjI2E5oZq5g

Скандал с защитными сооружениями, конфликт с Роскомнадзором и слухи об отставке: почему губернатор Белгородской области Вячеслав Гладков стал неудобен Кремлю? Подробный разбор ситуации с журналистом «Пепел. Белгород» Никитой Пармёновым.
__
🚫 Не работает YouTube? Используйте __[__@rosvpnbot__](http://t.me/rosvpnbot?start=tg_pp)__**
**
____🦙____ __[Популярная политика](http://t.me/politica_media)__ __| [Поддержать](http://donate.fbk.info/smm)",2553,8,0,politica_media
41539,2026-05-05T11:45:40+00:00,"**❗️****  Интернета больше нет. Москва и Петербург остались без сети**

Смотреть: https://youtu.be/EAMmDOL3YY8

Блокировки связи в Москве и Петербурге перед 9 мая: отключения интернета, сбои банков, такси и доставок. Почему власти пошли на такие меры и помогут ли они против дронов? Разбираемся с IT-экспертом и обсуждаем, что ждёт пользователей дальше.
__
🚫 Не работает YouTube? Используйте __[__@rosvpnbot__](http://t.me/rosvpnbot?start=tg_pp)__**
**
____🦙____ __[Популярная политика](http://t.me/politica_media)__ __| [Поддержать](http://donate.fbk.info/smm)",2530,11,0,politica_media
41538,2026-05-05T10:33:22+00:00,"❗️❕‼️🟥**🟧****В МОСКВЕ И ПЕТЕРБУРГЕ ОТКЛЮЧИЛИ ИНТЕРНЕТ | АТАКА ЧЕБОКСАР, УДАР ПО ЗАВОДУ | ДРОНЫ ПОПАЛИ В ДОМА**

Смотреть: https://youtu.be/OOUvj61H4Os**__
__**
Отключение мобильного интернета в Москве и Петербурге, удары дронов по НПЗ и жилым домам, слухи об отставке губернатора Белгородской области. Что происходит на фоне 9 мая и эскалации войны — главные события к этому часу.

🔴__Поддержите выход новых выпусков новостей на ____friends.politica.media____ 

🚫 Не работает YouTube? Используйте __[__@rosvpnbot__](http://t.me/rosvpnbot?start=tg_pp)__
__
__🦙____ __[Популярная политика](http://t.me/politica_media)__ __| [Поддержать](http://donate.fbk.info/smm)",2550,5,0,politica_media
41535,2026-05-05T07:34:54+00:00,"**▪️****▫️****◾️****◽️****◼️****◻️****🔳****  В 11:00: Честное слово с Тумсо Абдурахмановым**

Включайте трансляцию в нашем Telegram-канале или на YouTube: https://youtube.com/live/0QEVHMADLWM

__🦙____ __[Популярная политика](http://t.me/politica_media)__ __| [Поддержать](http://donate.fbk.info/smm)",2858,0,0,politica_media
41533,2026-05-04T16:26:01+00:00,"**Парад Победы без техники, с ограничениями связи и угрозами атак**

Впервые за почти 20 лет парад Победы в Москве пройдёт без колонны военной техники. Одновременно с этим операторы связи рассылают предупреждения об ограничении мобильного интернета с 5 по 9 мая.

На этом фоне Владимир Зеленский на саммите Европейского политического сообщества в Ереване заявил, что украинские дроны могут пролететь на параде.

__🔗____ Поговорили об этом с военным аналитиком Яном Матвеевым в «Теме дня»: ____https://youtu.be/WXG0WDKxg28__

__🦙____ __[Популярная политика](http://t.me/politica_media)__ __| [Поддержать](http://donate.fbk.info/smm)",2968,5,0,politica_media
41532,2026-05-04T15:51:40+00:00,"❗️❕‼️🟥🟧 **Путин боится заговора элит | Крупная авария в Москве | Тайны главы «Ростелекома»**

Итоги дня: https://youtu.be/qPyzyJZGWh4

Путин боится заговора и государственного переворота со стороны элит — меры его безопасности резко усилили. Глава Ростелекома Михаил Осеевский заработал состояние на блокировках — его недвижимость стоит миллиард рублей. А суд арестовал всё имущество у основателя «Русагро» Владимира Мошковича.

__🚫 Не работает YouTube? Используйте __[__@rosvpnbot__](http://t.me/rosvpnbot?start=tg_pp)__
__
__🦙____ __[Популярная политика](http://t.me/politica_media)__ __| [Поддержать](http://donate.fbk.info/smm)",2587,2,0,politica_media
41530,2026-05-04T15:04:57+00:00,"**🔴****🟠****🟡****  Интернет готовится к Победе | Обломки снова в Москве | Сезону в Туапсе быть!**

Включайте эфир в 18:30: https://youtube.com/live/mLy25Vko5aI**
**
Беспилотники атаковали Москву: российский РЭБ направил один из них в многоэтажку в трёх километрах от здания Минобороны. Операторы связи предупредили столичных абонентов об ограничениях мобильного интернета и SMS с 5 по 9 мая. А в Туапсе решили не отменять курортный сезон, несмотря на «нефтяные дожди» и мазут в море.

Эти и другие новости обсудим в новом выпуске «Бойко о главном».

__🦙____ __[Популярная политика](http://t.me/politica_media)__ __| [Поддержать](http://donate.fbk.info/smm)",2556,4,2,politica_media
41527,2026-05-04T13:55:42+00:00,"**❗️****  Путин на панике. Все в ожидании мятежа**

Смотреть: https://youtu.be/v5JmsE-wRQY

На фоне слухов о перевороте Путин ужесточает меры безопасности. «Важные истории» пишут о рисках бунта и возможной роли Шойгу. Разбираемся, насколько это серьёзно, вместе с экс-сотрудником СБУ Иваном Ступаком.
__
🚫 Не работает YouTube? Используйте __[__@rosvpnbot__](http://t.me/rosvpnbot?start=tg_pp)__**
**
____🦙____ __[Популярная политика](http://t.me/politica_media)__ __| [Поддержать](http://donate.fbk.info/smm)",2754,11,1,politica_media
41526,2026-05-04T13:33:07+00:00,"**▪️****▫️****◾️****◽️****◼️****◻️****🔳****  В 17:00: Честное слово с Юрием Фёдоровым**

Включайте трансляцию в нашем Telegram-канале или на YouTube: https://youtube.com/live/if6M2_GAKrk

__🦙____ __[Популярная политика](http://t.me/politica_media)__ __| [Поддержать](http://donate.fbk.info/smm)",2377,3,0,politica_media
41525,2026-05-04T13:14:52+00:00,"**ФБК опубликовал **[**расследование**](https://youtu.be/gTYgQTyBnlc?is=Ebc5TKnNUfANh2ZC)** о Михаиле Осеевском — главе «Ростелекома»**

У семьи Осеевского нашли элитную недвижимость в Москве и Петербурге, объекты в Крыму и десятки гектаров земли. Общая стоимость активов — более миллиарда рублей.

«Ростелеком» — ключевой инструмент блокировок и контроля: компания обеспечивает техническую инфраструктуру ограничений — от замедления сервисов до блокировок VPN.

__🔗____ Подробности расследования обсудили с Русланом Шаведдиновым в «Теме дня»: ____https://youtu.be/7LtCJGfo4II__

__🦙____ __[Популярная политика](http://t.me/politica_media)__ __| [Поддержать](http://donate.fbk.info/smm)",12599,30,0,politica_media
41524,2026-05-04T12:54:54+00:00,"**❗️****  Парад Победы под угрозой. Кремль опасается атаки ВСУ**

Смотреть: https://youtu.be/WXG0WDKxg28

Напряжение перед 9 мая в Москве: дроны, сбои связи и угрозы ударов по параду. Почему мероприятие пройдёт без техники и как изменится формат — разбираемся с военным аналитиком.
__
🚫 Не работает YouTube? Используйте __[__@rosvpnbot__](http://t.me/rosvpnbot?start=tg_pp)__**
**
____🦙____ __[Популярная политика](http://t.me/politica_media)__ __| [Поддержать](http://donate.fbk.info/smm)",2244,8,1,politica_media
41523,2026-05-04T11:54:08+00:00,"**❗️****  Заблокировал интернет и заработал миллиарды. Как живёт глава Ростелекома**

Смотреть: https://youtu.be/7LtCJGfo4II

«Ростелеком» стал инструментом цензуры и слежки, а его глава Михаил Осеевский — частью системы Кремля. Разбор карьеры, связей и роскошной жизни единоросса. Подробности расследования — с Русланом Шаведдиновым.
__
🚫 Не работает YouTube? Используйте __[__@rosvpnbot__](http://t.me/rosvpnbot?start=tg_pp)__**
**
____🦙____ __[Популярная политика](http://t.me/politica_media)__ __| [Поддержать](http://donate.fbk.info/smm)",20937,129,0,politica_media
41522,2026-05-04T10:51:56+00:00,"❗️❕‼️🟥**🟧****УДАР ДРОНА ПО МОСКВЕ | НАЗНАЧЕН НОВЫЙ ГЛАВА ДАГЕСТАНА | АРЕСТОВАН ДИРЕКТОР РАКЕТНОГО ЗАВОДА**

Смотреть: https://youtu.be/niyHlAhas_0**__
__**
С завтрашнего дня в Москве не будет работать мобильный интернет. Московская ПВО не смогла сбить беспилотник, который подобрался к Кремлю на 8 км. А Путин назначил нового главу Дагестана — им стал бывший председатель Верховного суда республики.

__🚫 Не работает YouTube? Используйте __[__@rosvpnbot__](http://t.me/rosvpnbot?start=tg_pp)__
__
🦙 [Популярная политика](http://t.me/politica_media) | [Поддержать](http://donate.fbk.info/smm)",2323,5,1,politica_media
41513,2026-05-04T09:32:15+00:00,"**Как живёт человек, который убивает российский интернет**

Мессенджеры не «умирают» сами по себе — их убивают конкретные люди. Один из них — Михаил Осеевский, единоросс и глава «Ростелекома». Именно он и его компания строят техническую машину блокировок, исполняя приказы Путина и Роскомнадзора. 

Осеевский и его семья владеют недвижимостью в Петербурге, Москве и Крыму, в том числе рестораном, виноградниками и винодельней. Общая стоимость активов семьи главы «Ростелекома» превышает миллиард рублей.

▪️ В новом расследовании рассказываем, как живёт человек, ломающий российский интернет: [youtu.be/gTYgQTyBnlc](https://youtu.be/gTYgQTyBnlc?is=Ebc5TKnNUfANh2ZC)

**Посмотрите и распространите.
**
❗️ [Команда Навального](https://t.me/+NT76PYctopw1NjI6)** **|** **[Поддержать](http://donate.fbk.info/smm)",1813,7,0,politica_media
41511,2026-05-04T08:26:31+00:00,"🎧 **Слушайте подкасты «Популярной политики»!**

«Честное слово», «Бойко о главном» и «Темы дня» мы выпускаем не только на YouTube, но и в формате подкастов — на Spotify, Apple Music и SoundСloud.

🔗 __Слушайте там, где удобно: ____sdz.sh/w1HfY6__

__🦙____ __[Популярная политика](http://t.me/politica_media)",2223,4,0,politica_media
41509,2026-05-04T07:33:04+00:00,"**▪️****▫️****◾️****◽️****◼️****◻️****🔳****  В 11:00: Честное слово с Вячеславом Ширяевым**

Включайте трансляцию в нашем Telegram-канале или на YouTube: https://youtube.com/live/_j3QZNjt1gQ

__🦙____ __[Популярная политика](http://t.me/politica_media)__ __| [Поддержать](http://donate.fbk.info/smm)",2671,4,0,politica_media
41508,2026-05-02T11:21:47+00:00,"**#Дайджест**** главных «Тем дня» этой недели.** 

Если вы пропустили выпуски — рассказываем, что произошло.

• **Экологическая катастрофа в Туапсе.** Путин впервые высказался о ситуации в Туапсе — спустя почти две недели после первой атаки на НПЗ. Тем временем уровень бензола в городе превысил ПДК в несколько раз. __Разбираем с экологом Владимиром Сливяком — __[смотреть](https://youtu.be/gHtWaxzWR8k) 

• **Атака дронов на Пермь.** Под ударом крупнейший НПЗ, в вузах отменяют занятия, жители сообщают о «нефтяном дожде». __Разбираем с Сергеем Уховым — __[__смотреть__](https://youtu.be/eudlkZwWr3I)

• **Илья Ремесло у Собчак.** Психбольница, доносы, травля Навального и критика Путина. __Разбор заявлений от Александра Макашенца — __[__смотреть__](https://youtu.be/v0-JWfXRlt0)__
__
• **Задержание мэра Уфы.** Обыски, дело о продаже земли и версии причин ареста Ратмира Мавлиева. __Разбираем с Фёдором Телиным — __[__смотреть__](https://youtu.be/ijbbsJc4VUc)__
__
• **Отставка Сергея Меликова. **Путин отправил в отставку главу Дагестана на фоне масштабного наводнения. Новым руководителем может стать Фёдор Щукин. __Разбираем с представителем «Свободного Дагестана» Умаром Хитинавым — __[__смотреть__](https://youtu.be/6JUP-g_y7zU)__
__
**💙**** Поддержите выход новых выпусков «Тем дня» на ****friends.politica.media**

__🦙____ __[Популярная политика](http://t.me/politica_media)__ __| [Поддержать](http://donate.fbk.info/smm)",3038,3,1,politica_media
41507,2026-05-02T10:10:01+00:00,"**Пермь дважды атаковали украинские беспилотники**

Под удар попали НПЗ «Лукойл-Пермнефтеоргсинтез» и ЛПДС «Пермь». Губернатор Пермского края Дмитрий Махонин заявил, что «жителям ничего не угрожает, химической опасности нет». При этом жители сообщали о «нефтяном дожде» и резком запахе в городе.

__🔗____ О происходящем поговорили с журналистом издания «Пермь 36,6» Сергеем Уховым в «Теме дня»: ____https://youtu.be/eudlkZwWr3I__

__🦙____ __[Популярная политика](http://t.me/politica_media)__ __| [Поддержать](http://donate.fbk.info/smm)",2748,6,0,politica_media
41506,2026-05-02T08:13:36+00:00,"❗️**КАТАСТРОФА В ТУАПСЕ И ПЕРМИ | ПОКУШЕНИЕ НА ГЕНЕРАЛА | УДАР ПО ВЕРТОЛЁТАМ**

Военное положение: https://youtu.be/CKPyFuK5RTE

Третий и четвёртый удары по Туапсе почти полностью уничтожили нефтяной терминал. Атакован и один из крупнейших НПЗ в России — Пермский. Штурмовые вертолёты, комплексы «Искандер» и истребители пятого поколения Су-57 — украинские беспилотники нанесли сразу несколько ударов по технике армии России в глубоком тылу. А парад 9 мая пройдёт в сокращённом формате — без техники. Но Путину и этого мало, он уже попросил перемирия, правда почему-то у Трампа.
__
🚫 Не работает YouTube? Используйте __[__@rosvpnbot__](http://t.me/rosvpnbot?start=tg_pp)__**
**
____🦙____ __[Популярная политика](http://t.me/politica_media)__ __| [Поддержать](http://donate.fbk.info/smm)",2821,5,1,politica_media
41505,2026-05-01T16:06:11+00:00,"❗️❕‼️🟥🟧 **Акции по всей России | Олигарх под арестом | Цифры потерь РФ**

Итоги дня: https://youtu.be/ivrnkadckFg

Национализация активов «Русагро» и дело Мошковича, удары по НПЗ и замедление экономики, рост потерь на войне и кризис в регионах — главные новости дня. Разбираем, как санкции, атаки и политика влияют на бизнес, элиты и жизнь россиян.

__🚫 Не работает YouTube? Используйте __[__@rosvpnbot__](http://t.me/rosvpnbot?start=tg_pp)__
__
__🦙____ __[Популярная политика](http://t.me/politica_media)__ __| [Поддержать](http://donate.fbk.info/smm)",2850,4,0,politica_media
41504,2026-05-01T15:49:44+00:00,"**Станислав Белковский о становлении путинской системы и наследии 1990-х**

__🔗____ Смотрите полный разговор в записи, если пропустили эфир: ____https://youtube.com/live/0LD-sqqw-_w__

__🦙____ __[Популярная политика](http://t.me/politica_media)__ __| [Поддержать](http://donate.fbk.info/smm)",2588,3,0,politica_media
41503,2026-05-01T15:14:20+00:00,"**❗️****  Уволен за провалы. В Дагестане сменили губернатора**

Смотреть: https://youtu.be/6JUP-g_y7zU

Путин снял главу Дагестана Сергея Меликова на фоне масштабного наводнения. Новым руководителем может стать Фёдор Щукин. Тысячи подтопленных домов, режим ЧС и жертвы — что происходит в республике? Разбираем с представителем «Свободного Дагестана» Умаром Хитинавым.
__
🚫 Не работает YouTube? Используйте __[__@rosvpnbot__](http://t.me/rosvpnbot?start=tg_pp)__**
**
____🦙____ __[Популярная политика](http://t.me/politica_media)__ __| [Поддержать](http://donate.fbk.info/smm)",2516,5,0,politica_media
41500,2026-05-01T13:32:11+00:00,"**▪️****▫️****◾️****◽️****◼️****◻️****🔳****  В 17:00: Честное слово с Ильёй Шепелиным**

Включайте трансляцию в нашем Telegram-канале или на YouTube: https://youtube.com/live/IpeAk4awJQg

__🦙____ __[Популярная политика](http://t.me/politica_media)__ __| [Поддержать](http://donate.fbk.info/smm)",2455,4,0,politica_media
41499,2026-05-01T13:14:33+00:00,"**❗️****  Взрывы в Перми. Что происходит?**

Смотреть: https://youtu.be/eudlkZwWr3I

Дроны атаковали Пермь: под ударом крупнейший НПЗ. Власти уверяют — угрозы нет, но в вузах отменяют занятия, а жители сообщают о «нефтяном дожде». Разбираем происходящее с журналистом издания «Пермь 36,6» Сергеем Уховым.
__
🚫 Не работает YouTube? Используйте __[__@rosvpnbot__](http://t.me/rosvpnbot?start=tg_pp)__**
**
____🦙____ __[Популярная политика](http://t.me/politica_media)__ __| [Поддержать](http://donate.fbk.info/smm)",2315,7,0,politica_media
41493,2026-05-01T11:51:53+00:00,"За последние две недели беспилотники ВСУ трижды атаковали НПЗ в Туапсе. После ударов на НПЗ вспыхивали пожары, а в городе началась экологическая катастрофа — в Чёрном море появилось нефтяное пятно, в городе шли «нефтяные дожди», а концентрация бензола и ксилола в воздухе превысила допустимые нормы.

При этом Путин прокомментировал происходящее только после третьего удара и сослался на губернатора-единоросса: тот доложил, что «серьёзных угроз нет».

🔴__Поговорили о ситуации в Туапсе с экологом Владимиром Сливяком в «Теме дня»: ____https://youtu.be/gHtWaxzWR8k____
__
__🦙____ __[Популярная политика](http://t.me/politica_media)__ __| [Поддержать](http://donate.fbk.info/smm)",1930,4,0,politica_media
41492,2026-05-01T11:34:13+00:00,"❗️❕‼️🟥**🟧****НАПАДЕНИЕ НА ГУБЕРНАТОРА | В ТУАПСЕ НОВЫЕ ПОЖАРЫ | СИЛОВИКИ ДАВЯТ НА «ЯБЛОКО» | РЕКОРДНОЕ ПАДЕНИЕ НЕФТЕПЕРЕРАБОТКИ**

Смотреть: https://youtu.be/WEfyK8KlMNY**__
__**
Дроны ВСУ снова атакуют Туапсе — горит нефтебаза и падает переработка нефти. Власти вводят запрет на спутниковое оборудование, усиливая контроль над интернетом. В Екатеринбурге — инцидент с губернатором Паслером на фоне давления на оппозицию.

__🚫 Не работает YouTube? Используйте __[__@rosvpnbot__](http://t.me/rosvpnbot?start=tg_pp)__
__
🦙 [Популярная политика](http://t.me/politica_media) | [Поддержать](http://donate.fbk.info/smm)",2110,2,1,politica_media
41491,2026-05-01T11:13:13+00:00,"**Пустышка вместо сенсации. Разбор интервью Собчак**

Смотреть: youtu.be/3hBc9Tv9GiU

Серийный доносчик Илья Ремесло, который годами зарабатывал за борьбе с оппозицией и лично Алексеем Навальным, дал интервью Ксении Собчак. Он рассказал, как работал на администрацию президента, сколько ему платили, почему решил «раскаяться» и что думает об Алексее Навальном сейчас.

Мария Певчих разобрала это интервью и рассказывает, какие заявления Ремесло не имеют ценности, а какие действительно стоят внимания, почему зло, которое он совершал, непропорционально больше любых его откровений и как Ксения Собчак решила обезопасить себя после этого интервью.

❗️ [Навальный LIVE](https://t.me/navalnylivechannel) | [Поддержать](http://donate.fbk.info/smm)",1812,3,0,politica_media
41488,2026-05-01T07:30:01+00:00,"**▪️****▫️****◾️****◽️****◼️****◻️****🔳****  В 11:00: Честное слово со Станиславом Белковским **

Включайте трансляцию в нашем Telegram-канале или на YouTube: https://youtube.com/live/0LD-sqqw-_w

__🦙____ __[Популярная политика](http://t.me/politica_media)__ __| [Поддержать](http://donate.fbk.info/smm)",2313,4,1,politica_media
41487,2026-05-01T07:03:40+00:00,"**🫶🏻 Поддержите «Популярную политику»**

Каждый день мы работаем для того, чтобы рассказывать правду как можно большему числу людей в России и за её пределами. Поддержите то, что мы делаем!

🔴Становитесь спонсором канала:
youtube.com/channel/UC7Elc-kLydl-NAV4g204pDQ/join

🔴Поддержите любимую программу: friends.politica.media

🔴Отправьте донат с помощью карты или криптовалюты на сайте: [donate.fbk.info](http://donate.fbk.info/smm)

**Спасибо, что вы с нами!**

__🦙____ __[Популярная политика](http://t.me/politica_media)",2237,3,0,politica_media
41485,2026-04-30T16:03:01+00:00,"❗️❕‼️🟥🟧 **Замминистра сбежал из страны | Бизнес потерял треть прибыли | «Макс» признали шпионским приложением**

Итоги дня: https://youtu.be/Gb2RCszZNck

«VK Видео», принадлежащий семье Кириенко, хотят сделать национальным видеохостингом — на это уходят миллиарды из бюджета. Путин призвал россиян брать пример с Чечни чтобы поднять рождаемость. А крупный российский чиновник сбежал из страны под угрозой уголовки.

__🚫 Не работает YouTube? Используйте __[__@rosvpnbot__](http://t.me/rosvpnbot?start=tg_pp)__
__
__🦙____ __[Популярная политика](http://t.me/politica_media)__ __| [Поддержать](http://donate.fbk.info/smm)",2442,7,1,politica_media
41483,2026-04-30T15:02:00+00:00,"**🔴****🟠****🟡****  На майские отключат всё | Туапсе ещё дышит? | ФСБ прибирает за коровами**

Включайте эфир в 18:30: https://youtube.com/live/6vQx_Jkbsmg**
**
В Новосибирске при странных обстоятельствах умер чиновник, руководивший изъятием скота у населения. Власти урезают парады и готовят шатдауны, опасаясь операций ВСУ на праздничных мероприятиях. А в Туапсе продолжается кошмар.

Эти и другие новости обсудим в новом выпуске «Бойко о главном».

__🦙____ __[Популярная политика](http://t.me/politica_media)__ __| [Поддержать](http://donate.fbk.info/smm)",2442,6,0,politica_media
41480,2026-04-30T13:32:58+00:00,"**▪️****▫️****◾️****◽️****◼️****◻️****🔳****  В 17:00: Честное слово с Максимом Курниковым**

Включайте трансляцию в нашем Telegram-канале или на YouTube: https://youtube.com/live/2P2dtqVaN8c

__🦙____ __[Популярная политика](http://t.me/politica_media)__ __| [Поддержать](http://donate.fbk.info/smm)",2466,4,0,politica_media
41477,2026-04-30T11:02:53+00:00,"**▪️****▫️****◾️****◽️****◼️****◻️****🔳****  В 14:30: Честное слово с Владимиром Миловым**

Включайте трансляцию в нашем Telegram-канале или на YouTube: https://youtube.com/live/5FvIgLN81jQ

__🦙____ __[Популярная политика](http://t.me/politica_media)__ __| [Поддержать](http://donate.fbk.info/smm)",2710,6,0,politica_media
41476,2026-04-30T10:19:38+00:00,"❗️❕‼️🟥**🟧****ПУТИН ПРОСИТ ПЕРЕМИРИЯ | УНИЧТОЖЕНЫ ВЕРТОЛЁТЫ В ВОРОНЕЖСКОЙ ОБЛАСТИ | КАТАСТРОФА В МАГАДАНЕ**

Смотреть: https://youtu.be/J1tz-PuVksY**__
__**
Владимир Путин попросил о перемирии на 9 мая. Валентина Матвиенко призвала совладельца «Северстали» Алексея Мордашова помочь Вологодской области и «подтянуть что-то из офшоров» в Россию. А ВСУ нанесли ещё один удар по Перми.

__🚫 Не работает YouTube? Используйте __[__@rosvpnbot__](http://t.me/rosvpnbot?start=tg_pp)__
__
🦙 [Популярная политика](http://t.me/politica_media) | [Поддержать](http://donate.fbk.info/smm)",2540,3,0,politica_media
41473,2026-04-30T07:31:54+00:00,"**▪️****▫️****◾️****◽️****◼️****◻️****🔳****  В 11:00: Честное слово с Евгением Ступиным**

Включайте трансляцию в нашем Telegram-канале или на YouTube: https://youtube.com/live/rYC-F2VnmDQ

__🦙____ __[Популярная политика](http://t.me/politica_media)__ __| [Поддержать](http://donate.fbk.info/smm)",2798,2,0,politica_media
41472,2026-04-30T06:34:12+00:00,"**Путин впервые прокомментировал экологическую катастрофу в Туапсе**

На совещании по безопасности на выборах он признал, что удары украинских дронов по НПЗ могут вызвать серьёзные экологические последствия — однако, как доложил ему губернатор-единоросс Вениамин Кондратьев, «серьёзных угроз нет, люди справляются на месте».

Тем временем уровень бензола превысил ПДК в несколько раз, мазут покрыл жилые районы, а в Чёрном море — нефтяное пятно. 

__🔗__ __Разбираем ситуацию с экологом Владимиром Сливяком в «Теме дня»__: https://youtu.be/gHtWaxzWR8k

__🦙____ __[Популярная политика](http://t.me/politica_media)__ __| [Поддержать](http://donate.fbk.info/smm)",2783,5,0,politica_media
41471,2026-04-29T16:48:03+00:00,"В Петербурге вслед за Москвой отменили проход военной техники на параде Победы.

__🦙____ __[Популярная политика](http://t.me/politica_media)__ __| [Поддержать](http://donate.fbk.info/smm)",2896,5,4,politica_media
41470,2026-04-29T16:16:03+00:00,"❗️❕‼️🟥🟧 **Минфин просит деньги у граждан | Губернатор пожаловался на войну | Кошелёк Путина грабит Петербург**

Итоги дня: https://youtu.be/LvVRXScMYRk

Единоросс Силуанов попросил граждан достать деньги из-под подушки и отнести в банки. Тем временем путинский кошелёк, виолончелист Ролдугин, просто так получил два гигантских выставочных комплекса в Петербурге. А хабаровский губернатор нашёл оправдание, почему в крае не хватает аппаратов МРТ — завод перешёл на военное производство.

__🚫 Не работает YouTube? Используйте __[__@rosvpnbot__](http://t.me/rosvpnbot?start=tg_pp)__
__
__🦙____ __[Популярная политика](http://t.me/politica_media)__ __| [Поддержать](http://donate.fbk.info/smm)",2786,4,1,politica_media
41469,2026-04-29T15:17:12+00:00,"**❗️****  Бизнес под крышей ФСБ. Как устроен рынок обнала в России**

Смотреть: https://youtu.be/Fjpwytap6C4

После отключения России от глобальных финансовых систем возникла теневая сеть платежей для обхода санкций. Кто на этом зарабатывает и как устроена схема — разбираем с расследователем Михаилом Магловым.
__
🚫 Не работает YouTube? Используйте __[__@rosvpnbot__](http://t.me/rosvpnbot?start=tg_pp)__**
**
____🦙____ __[Популярная политика](http://t.me/politica_media)__ __| [Поддержать](http://donate.fbk.info/smm)",2684,7,0,politica_media
41467,2026-04-29T14:21:48+00:00,"**❗️****  Срочно! Пожар и экологическая катастрофа в Туапсе**

Смотреть: https://youtu.be/gHtWaxzWR8k

Путин впервые высказался об экологической катастрофе в Туапсе, но вместо помощи — привычная риторика. Тем временем уровень бензола в городе превысил ПДК в несколько раз. Разбираем ситуацию с экологом Владимиром Сливяком.
__
🚫 Не работает YouTube? Используйте __[__@rosvpnbot__](http://t.me/rosvpnbot?start=tg_pp)__**
**
____🦙____ __[Популярная политика](http://t.me/politica_media)__ __| [Поддержать](http://donate.fbk.info/smm)",2455,10,0,politica_media
41466,2026-04-29T14:06:49+00:00,"Через пару минут буду в «Честном слове» с Дмитрием Низовцевым.

Подключайтесь: https://youtube.com/live/viFK3oVRMhA",2081,0,0,politica_media
41464,2026-04-29T13:34:38+00:00,"**▪️****▫️****◾️****◽️****◼️****◻️****🔳****  В 17:00: Честное слово с Сергеем Бойко**

Включайте трансляцию в нашем Telegram-канале или на YouTube: https://youtube.com/live/viFK3oVRMhA

__🦙____ __[Популярная политика](http://t.me/politica_media)__ __| [Поддержать](http://donate.fbk.info/smm)",2380,2,0,politica_media
41463,2026-04-29T12:40:12+00:00,"**❗️****  Позор армии. Военный эксперт про провал в Мали**

Смотреть: https://youtu.be/c7IWemVvCR0

Крупное поражение российских наемников в Мали: туареги и боевики выбили их из Кидаля. Почему рухнул один из главных форпостов и как это ударит по союзникам Москвы — разбор с Яном Матвеевым.
__
🚫 Не работает YouTube? Используйте __[__@rosvpnbot__](http://t.me/rosvpnbot?start=tg_pp)__**
**
____🦙____ __[Популярная политика](http://t.me/politica_media)__ __| [Поддержать](http://donate.fbk.info/smm)",2234,5,1,politica_media
41462,2026-04-29T10:58:31+00:00,"❗️❕‼️🟥**🟧****ПЛЕМЯННИКА КАДЫРОВА ЛИШИЛИ ГРАЖДАНСТВА | ПАРАД 9 МАЯ ПОД УГРОЗОЙ | ТАИНСТВЕННАЯ СМЕРТЬ ЧИНОВНИКА**

Смотреть: https://youtu.be/sFkfRXw8wzU**__
__**
Сербия отозвала гражданство племянника Кадырова через пять дней после выдачи. «Единая Россия» решила выдвинуть на праймериз одного из самых тупых российских генералов — Александра Лапина. А канал ВЧК-ОГПУ пишет о покушении на ещё одного российского генерала.

🔴__Поддержите выход новых выпусков новостей на ____friends.politica.media____ 

🚫 Не работает YouTube? Используйте __[__@rosvpnbot__](http://t.me/rosvpnbot?start=tg_pp)__
__
__🦙____ __[Популярная политика](http://t.me/politica_media)__ __| [Поддержать](http://donate.fbk.info/smm)",2257,3,5,politica_media
41461,2026-04-29T09:48:01+00:00,"**Кто развалил систему образования? Причины катастрофы**

Смотреть: youtu.be/P9kj_mQhNWA

Российская система образования за последние годы изменилась до неузнаваемости. Школы из пространства развития и свободы превращаются в инструмент идеологического контроля, где детям с раннего возраста навязывают лояльность, милитаризм и страх перед инакомыслием. Новые предметы, «патриотические» практики и давление на учителей и учеников формируют не самостоятельных людей, а удобных для системы исполнителей. 

В новом видео Анастасия Кадетова разбирает, как устроена эта система и кто стоит за ее трансформацией.

❗️ [Навальный LIVE](https://t.me/navalnylivechannel) | [Поддержать](http://donate.fbk.info/smm)",2060,12,0,politica_media
41458,2026-04-29T07:35:16+00:00,"**▪️****▫️****◾️****◽️****◼️****◻️****🔳****  В 11:00: Честное слово с Антоном Долиным**

Включайте трансляцию в нашем Telegram-канале или на YouTube: https://youtube.com/live/hq3hh3oSlto

__🦙____ __[Популярная политика](http://t.me/politica_media)__ __| [Поддержать](http://donate.fbk.info/smm)",2752,5,0,politica_media
41456,2026-04-28T17:02:24+00:00,"**В Туапсе снова горит НПЗ**

В Туапсе третий раз за две недели горит НПЗ после атаки украинских дронов — в городе пахнет гарью и видны столбы дыма.

Предыдущий пожар тушили четыре дня: в городе выпали «нефтяные дожди», а концентрация вредных веществ превысила норму в 2–3 раза. Власти о масштабах катастрофы молчат.

__🔗__ __Обсудили ситуацию в городе с журналистом Александром Савельевым в «Теме дня»: ____https://youtu.be/24uUijMNFh0____
__
🦙 [Популярная политика](http://t.me/politica_media) | [Поддержать](http://donate.fbk.info/smm)",2772,6,0,politica_media
41455,2026-04-28T16:00:55+00:00,"❗️❕‼️🟥🟧 **Эвакуация в Туапсе | Смертельный пожар в Москве | Обмен российских шпионов**

Итоги дня: https://youtu.be/8NSb_4djH8g

Эвакуация жителей в Туапсе после ударов по НПЗ, смертоносный пожар в Москве и новый виток цензуры — главные темы выпуска. Миллиардные пожертвования Кабаевой, тревожные ожидания россиян и нарастающий кадровый кризис — что происходит в экономике и политике.

__🚫 Не работает YouTube? Используйте __[__@rosvpnbot__](http://t.me/rosvpnbot?start=tg_pp)__
__
__🦙____ __[Популярная политика](http://t.me/politica_media)__ __| [Поддержать](http://donate.fbk.info/smm)",2499,2,0,politica_media
41453,2026-04-28T15:01:41+00:00,"**🔴****🟠****🟡****  Что скрывают в Туапсе? | Туареги гонят Путина | Рейтинг вождя бьет рекорды**

Включайте эфир в 18:30: https://youtube.com/live/9Xi99kXxtTo**
**
В Туапсе власти засыпали часть пляжа новой галькой, чтобы скрыть следы мазута. Рейтинг Путина упал до минимальных значений с начала полномасштабного вторжения в Украину. А российский «Африканский корпус» сдал взятый в 2023 году город Кидаль в Мали.

Эти и другие новости обсудим в новом выпуске «Бойко о главном».

__🦙____ __[Популярная политика](http://t.me/politica_media)__ __| [Поддержать](http://donate.fbk.info/smm)",2413,5,0,politica_media
41451,2026-04-28T14:42:31+00:00,"**❗️****  Он думал, его не посадят. Мэр Уфы попался на взятке**

Смотреть: https://youtu.be/ijbbsJc4VUc

Задержание мэра Уфы Ратмира Мавлиева: ФСБ пришла прямо в кабинет, обыски у заместителей и дело о продаже земли санатория. Взятки или «месть застройщиков»? Разбираем версии и политический контекст с юристом и уфимским активистом Фёдором Телиным.
__
🚫 Не работает YouTube? Используйте __[__@rosvpnbot__](http://t.me/rosvpnbot?start=tg_pp)__**
**
____🦙____ __[Популярная политика](http://t.me/politica_media)__ __| [Поддержать](http://donate.fbk.info/smm)",2390,3,0,politica_media
41449,2026-04-28T13:40:59+00:00,"**❗️****  Боня у Соловьёва. Что это было?**

Смотреть: https://youtu.be/THMwWsglHcY

Скандальная встреча: Виктория Боня и Владимир Соловьёв сошлись в прямом эфире после громкого конфликта. Извинения, обвинения в мизогинии и критика власти — разбираем, что это было и зачем, вместе с Залиной Маршенкуловой.
__
🚫 Не работает YouTube? Используйте __[__@rosvpnbot__](http://t.me/rosvpnbot?start=tg_pp)__**
**
____🦙____ __[Популярная политика](http://t.me/politica_media)__ __| [Поддержать](http://donate.fbk.info/smm)",2450,4,0,politica_media
41448,2026-04-28T13:34:19+00:00,"**▪️****▫️****◾️****◽️****◼️****◻️****🔳****  В 17:00: Честное слово с Андреем Рудым**

Включайте трансляцию в нашем Telegram-канале или на YouTube: https://youtube.com/live/2g00Jkd8wbI

__🦙____ __[Популярная политика](http://t.me/politica_media)__ __| [Поддержать](http://donate.fbk.info/smm)",2329,0,0,politica_media
41447,2026-04-28T12:14:22+00:00,"Мэр Уфы Ратмир Мавлиев задержан по подозрению в превышении должностных полномочий и получении взятки в особо крупном размере. 

По версии следствия, он организовал незаконную продажу земли на территории муниципального санатория «Радуга».

__🦙____ __[Популярная политика](http://t.me/politica_media)__ __| [Поддержать](http://donate.fbk.info/smm)",2263,4,0,politica_media
41446,2026-04-28T12:05:01+00:00,"**❗️****  Беда в Туапсе. Экологическая катастрофа и провал власти**

Смотреть: https://youtu.be/24uUijMNFh0

Новая атака на НПЗ в Туапсе: пожар, чёрный дым и едкий запах гари. Власти говорят об эвакуации, но тендеры на детский отдых не отменяют. Что происходит в городе и как реагируют жители — обсуждаем с журналистом Александром Савельевым.
__
🚫 Не работает YouTube? Используйте __[__@rosvpnbot__](http://t.me/rosvpnbot?start=tg_pp)__**
**
____🦙____ __[Популярная политика](http://t.me/politica_media)__ __| [Поддержать](http://donate.fbk.info/smm)",2386,4,0,politica_media
41445,2026-04-28T10:48:41+00:00,"❗️❕‼️🟥**🟧****БОНЯ ВЗБЕСИЛА СОЛОВЬЕВА | НОВЫЙ УДАР ПО ТУАПСЕ | АВАРИЯ НА ЗОЛОТОМ РУДНИКЕ**

Смотреть: https://youtu.be/euBaRJ487Tc**__
__**
Задержание мэра Уфы за взятку, новые удары дронов по Туапсе и пожар на НПЗ, а также скандальный эфир Соловьёва с Боней. Главные новости к этому часу: ЧП в Бурятии и Москве, циклон, фронтовые сводки и международные события.

__🚫 Не работает YouTube? Используйте __[__@rosvpnbot__](http://t.me/rosvpnbot?start=tg_pp)__
__
🦙 [Популярная политика](http://t.me/politica_media) | [Поддержать](http://donate.fbk.info/smm)",2475,2,0,politica_media
41442,2026-04-28T07:35:23+00:00,"**▪️****▫️****◾️****◽️****◼️****◻️****🔳****  В 11:00: Честное слово с Константином Сониным**

Включайте трансляцию в нашем Telegram-канале или на YouTube: https://youtube.com/live/esFZxz-aelM

__🦙____ __[Популярная политика](http://t.me/politica_media)__ __| [Поддержать](http://donate.fbk.info/smm)",2938,2,0,politica_media
41441,2026-04-27T16:16:39+00:00,"❗️❕‼️🟥🟧** Новая должность сына Чайки | Загадочная гибель топ-менеджера | Путин выступил против блокировок?
**
Итоги дня: https://youtu.be/K-JgWaLpbTo

Очередная передача власти по наследству: сын Юрия Чайки сменил внука Примакова на посту главы Россотрудничества. Племянник Кадырова получил европейский паспорт и сможет свободно ездить в ЕС. А региональные бюджеты погрязли в долгах — срочные заявления Путина и Силуанова.

__🚫 Не работает YouTube? Используйте __[__@rosvpnbot__](http://t.me/rosvpnbot?start=tg_pp)__
__
__🦙____ __[Популярная политика](http://t.me/politica_media)__ __| [Поддержать](http://donate.fbk.info/smm)",3042,2,0,politica_media
41440,2026-04-27T14:52:04+00:00,"**❗️****  Ремесло разносит Путина. Разбор интервью доносчика**

Смотреть: https://youtu.be/v0-JWfXRlt0

Интервью Ильи Ремесла у Ксении Собчак: психбольница, доносы, травля Навального и критика Путина. Честный разбор от Александра Макашенца — ключевые заявления, неожиданные признания и детали, которые многое объясняют.
__
🚫 Не работает YouTube? Используйте __[__@rosvpnbot__](http://t.me/rosvpnbot?start=tg_pp)__**
**
____🦙____ __[Популярная политика](http://t.me/politica_media)__ __| [Поддержать](http://donate.fbk.info/smm)",2933,16,0,politica_media
41437,2026-04-27T13:31:22+00:00,"**▪️****▫️****◾️****◽️****◼️****◻️****🔳****  В 17:00: Честное слово с Владиславом Жуковским**

Включайте трансляцию в нашем Telegram-канале или на YouTube: https://youtube.com/live/TQi74U3vRQM

__🦙____ __[Популярная политика](http://t.me/politica_media)__ __| [Поддержать](http://donate.fbk.info/smm)",2745,3,0,politica_media
41436,2026-04-27T13:02:52+00:00,"**❗️****  Кризис ПВО: у России заканчиваются ракеты для «Панцирей»
**
Смотреть: https://youtu.be/d05Xs3T31xA

У России заканчиваются ракеты для «Панцирей» — на фоне растущей интенсивности атак украинских дронов по объектам внутри РФ. Удары по промышленности усиливают дефицит ПВО. Насколько это критично и что будет дальше — разбор с Яном Матвеевым.
__
🚫 Не работает YouTube? Используйте __[__@rosvpnbot__](http://t.me/rosvpnbot?start=tg_pp)__**
**
____🦙____ __[Популярная политика](http://t.me/politica_media)__ __| [Поддержать](http://donate.fbk.info/smm)",2616,6,0,politica_media
41435,2026-04-27T10:46:12+00:00,"❗️❕‼️🟥**🟧****ДОНОСЧИК РЕМЕСЛО ПРИЗНАЛСЯ | ПОКУШЕНИЕ НА ПРЕЗИДЕНТА | ПОРАЖЕНИЕ РОССИИ В МАЛИ **

Смотреть:__ __https://youtu.be/-1jXMrqPLSc**__
__**
Z-пропагандист Илья Ремесло в интервью Ксении Собчак рассказал подробности своей госпитализации в психиатрическое учреждение. Российский Африканский корпус потерпел поражение в Мали. А дальнобойные беспилотники ВСУ впервые долетели до Урала.

__🚫 Не работает YouTube? Используйте __[__@rosvpnbot__](http://t.me/rosvpnbot?start=tg_pp)__
__
🦙 [Популярная политика](http://t.me/politica_media) | [Поддержать](http://donate.fbk.info/smm)",2721,5,1,politica_media
41432,2026-04-27T07:31:26+00:00,"**▪️****▫️****◾️****◽️****◼️****◻️****🔳****  В 11:00: Честное слово с Михаилом Крутихиным**

Включайте трансляцию в нашем Telegram-канале или на YouTube: https://youtube.com/live/kcrZr8vbh-8

__🦙____ __[Популярная политика](http://t.me/politica_media)__ __| [Поддержать](http://donate.fbk.info/smm)",2927,6,0,politica_media
41431,2026-04-27T06:34:12+00:00,"**Криминал, любовники, пропаганда. Путь Канделаки**

Смотреть: youtu.be/klyqpHRXOEU

Тина Канделаки — одна из главных фигур в российской медиаиндустрии. Сегодня она контролирует один из крупнейших холдингов «Газпром-Медиа» и через свою империю помогает продвигать кремлёвские нарративы. У многих Канделаки ассоциируется с быстрой речью, уверенностью и успешной карьерой. Однако за этим образом стоит история циничной и мстительной женщины, связанной с криминалом и получающей привилегии за счёт своих знакомств. 

Александр Макашенец рассказывает о карьерном пути Тины Канделаки — и о том, какую роль она играет в пропаганде.

❗️ [Навальный LIVE](https://t.me/navalnylivechannel) | [Поддержать](http://donate.fbk.info/smm)",2715,5,2,politica_media
41430,2026-04-25T14:56:13+00:00,"**💙**** Поддержите работу «Популярной политики»**

Становитесь спонсором: youtube.com/channel/UC7Elc-kLydl-NAV4g204pDQ/join

__🦙____ __[Популярная политика](http://t.me/politica_media)__ __| [Поддержать](http://donate.fbk.info/smm)",3419,4,0,politica_media
41429,2026-04-25T14:20:01+00:00,"**#Дайджест**** главных «Тем дня» этой недели.** 

Если вы пропустили выпуски — рассказываем, что произошло.

• **Чистки в Минобороны.** После ухода Шойгу из ведомства убирают его команду и чиновников, отвечавших за финансы, стройку и надзор. __Обсуждаем с Алексеем Коростелёвым — __[__смотреть__](https://youtu.be/LNtW4X0m0Pk)

• **Экологическая катастрофа в Туапсе.** После атаки дронов на НПЗ мазут покрыл жилые районы, а нефтяное пятно в Чёрном море достигает 10 тысяч кв.м. __Разбираем последствия с Александром Савельевым — __[__смотреть__](https://youtu.be/ASJntB6XSBM)

• **Сбор на электронику. **Минпромторг вводит плату за иностранную технику: 250₽ за смартфон и 500₽ за ноутбук. __Разбираемся с Максимом Блантом — __[__смотреть__](https://youtu.be/FABaFcof8iw)

• **Скандал с Соловьёвым.** МИД Италии вызвал посла России после высказываний Владимира Соловьёва в адрес Джорджи Мелони. __Обсуждаем ситуацию с Георгием Албуровым — __[__смотреть__](https://youtu.be/MeixP88eTac)

• **Над ним смеётся вся Россия. **Новое расследование ФБК про депутата-единоросса Хамзаева: бюджетные деньги на самопиар, «спасение котёнка» и дорогие авто. __Рассказывает Георгий Албуров — __[__смотреть__](https://youtu.be/Po-NmjwH_dE)__
__
**💙**** Поддержите выход новых выпусков «Тем дня» на ****friends.politica.media**

__🦙____ __[Популярная политика](http://t.me/politica_media)",3263,3,0,politica_media
41423,2026-04-25T13:45:01+00:00,"17 лет колонии участнику войны, задержание дезертира, покушение на руководство Роскомнадзора, проверка книг Остера, смертельное ДТП на Садовом и смерть политзаключённого в колонии.

__🔗____ Рассказываем о криминальных событиях недели в карточках и новом выпуске «Криминальной России»: ____https://youtu.be/hdPds1Uq5xw__

🦙 [Популярная политика](http://t.me/politica_media) | [Поддержать](http://donate.fbk.info/smm)",2824,2,0,politica_media
41422,2026-04-25T08:17:22+00:00,"❗️**УБИТЫ ОФИЦЕРЫ СПЕЦНАЗА ФСБ | ДРОНЫ УНИЧТОЖАЮТ СКЛАДЫ И ПВО | СТУДЕНТАМ РАСКРЫЛИ ПРАВДУ**

Военное положение: https://youtu.be/rUtqjDhbdDE

Второй налёт на Туапсе почти полностью уничтожил нефтехранилище — в городе экологическая катастрофа, нефть буквально льётся прямо с дождём. Удар по штабу секретному ФСБ в Донецке — дроны целенаправленно атаковали отряд контрразведки и специальных операций. Путин поддержал блокировки интернета, а украинский военный рассказал студентам, что их ждёт на фронте.
__
🚫 Не работает YouTube? Используйте __[__@rosvpnbot__](http://t.me/rosvpnbot?start=tg_pp)__**
**
____🦙____ __[Популярная политика](http://t.me/politica_media)__ __| [Поддержать](http://donate.fbk.info/smm)",3422,5,0,politica_media
41421,2026-04-25T07:02:16+00:00,"**❗️****  Боня в гостях у Соловьёва: срач, манипуляции, оскорбления. Что ждёт Викторию на эфире?**

Смотреть: https://youtu.be/-y8DHKKh4BY

Виктория Боня идет на эфир к Владимиру Соловьеву — чем это закончится? Разбираем прошлые конфликты с Кацем и Собчак, приемы давления и манипуляций, и сценарии, по которым может пройти разговор.
__
🚫 Не работает YouTube? Используйте __[__@rosvpnbot__](http://t.me/rosvpnbot?start=tg_pp)__**
**
____🦙____ __[Популярная политика](http://t.me/politica_media)__ __| [Поддержать](http://donate.fbk.info/smm)",3378,10,1,politica_media
41420,2026-04-24T16:55:15+00:00,"**Путин впервые прокомментировал блокировки интернета**

На совещании с членами правительства он объяснил отключения интернета «борьбой с терроризмом» и заявил, что «всегда в приоритете будет обеспечение безопасности людей».

🦙 [Популярная политика](http://t.me/politica_media) | [Поддержать](http://donate.fbk.info/smm)",3454,6,1,politica_media
41419,2026-04-24T16:31:47+00:00,"❗️❕‼️🟥🟧 **Сын единоросса работал на мошенников | В Туапсе ядовитый воздух | ЦБ снизил ставку**

Итоги дня: https://youtu.be/5bSoCCGJhsE

Экологическая катастрофа в Туапсе и загрязнение Чёрного моря, резкое снижение ставки Центробанка и последствия для рубля — главные новости уходящего дня.

__🚫 Не работает YouTube? Используйте __[__@rosvpnbot__](http://t.me/rosvpnbot?start=tg_pp)__
__
__🦙____ __[Популярная политика](http://t.me/politica_media)__ __| [Поддержать](http://donate.fbk.info/smm)",3136,3,0,politica_media
41418,2026-04-24T15:47:50+00:00,"🔴** Покушение на главу Роскомнадзора. Охота на Шойгу. Ад в Туапсе

**Криминальная Россия: https://youtu.be/hdPds1Uq5xw

Война и её последствия: смертельные ДТП и безнаказанность; силовики и резонансные преступления; коррупция и чистки в Минобороны. Громкие дела, теракты, экологическая катастрофа в Туапсе и новые репрессии — главные новости «Криминальной России» без цензуры.

__🦙____ __[Популярная политика](http://t.me/politica_media)__ __| [Поддержать](http://donate.fbk.info/smm)",2711,5,0,politica_media
41415,2026-04-24T14:00:44+00:00,"**▪️****▫️****◾️****◽️****◼️****◻️****🔳****  В 17:30: Честное слово с Ильёй Шепелиным**

Включайте трансляцию в нашем Telegram-канале или на YouTube: https://youtube.com/live/GUWZnuzZhS0

__🦙____ __[Популярная политика](http://t.me/politica_media)__ __| [Поддержать](http://donate.fbk.info/smm)",2885,5,0,politica_media
41414,2026-04-24T12:33:34+00:00,"**❗️****  Дурову шьют дело: что стоит за атакой на Telegram**

Смотреть: https://youtu.be/zyPbyrXh9g0

Повестка Дурову из «ДНР», дело о «содействии терроризму» и заявления Путина о блокировках. Новый виток давления на Telegram обсуждаем с юристом Саркисом Дарбиняном.
__
🚫 Не работает YouTube? Используйте __[__@rosvpnbot__](http://t.me/rosvpnbot?start=tg_pp)__**
**
____🦙____ __[Популярная политика](http://t.me/politica_media)__ __| [Поддержать](http://donate.fbk.info/smm)",2755,5,0,politica_media
41413,2026-04-24T10:31:59+00:00,"❗️❕‼️🟥**🟧****УДАР ПО СЕКРЕТНОМУ ШТАБУ ДИВЕРСАНТОВ | ТЕРАКТ ПРОТИВ РОСКОМНАДЗОРА? | РЕЙТИНГ ПУТИНА СНОВА ПАДАЕТ **

Смотреть:__ __https://youtu.be/E07GPaxfxoE**__
__**
ФСБ заявляет о предотвращённом теракте против Роскомнадзора, но детали вызывают сомнения. Путин оправдывает блокировки интернета «борьбой с терроризмом», на фоне падения рейтингов. Удары дронов по Донецку и Одессе, новые жертвы и эскалация войны.

__🚫 Не работает YouTube? Используйте __[__@rosvpnbot__](http://t.me/rosvpnbot?start=tg_pp)__
__
🦙 [Популярная политика](http://t.me/politica_media) | [Поддержать](http://donate.fbk.info/smm)",2620,2,0,politica_media
41410,2026-04-24T07:31:34+00:00,"**▪️****▫️****◾️****◽️****◼️****◻️****🔳****  В 11:00: Честное слово с Ильёй Новиковым**

Включайте трансляцию в нашем Telegram-канале или на YouTube: https://youtube.com/live/2HqZ22K1Nms

__🦙____ __[Популярная политика](http://t.me/politica_media)__ __| [Поддержать](http://donate.fbk.info/smm)",3126,1,0,politica_media
41408,2026-04-23T16:12:44+00:00,"**В России резко выросло число жалоб на домашнее насилие**

В 2025 году на Всероссийский телефон доверия поступило почти 24 тысячи обращений — на 40% больше, чем годом ранее.

🦙 [Популярная политика](http://t.me/politica_media) | [Поддержать](http://donate.fbk.info/smm)",3044,6,2,politica_media
41407,2026-04-23T15:48:52+00:00,"❗️❕‼️🟥🟧 **Кадыров попал в скандал | Рождаемость на минимуме | 100 тысяч безработных ежемесячно**

Итоги дня: https://youtu.be/H8z0UQsMO0E

«Белые списки» и сбои РЖД, массовые увольнения, падение рождаемости до минимума за 200 лет и рост домашнего насилия. Россия на 82 месте по скорости интернета, а также бизнес Кадыровых — главные новости дня.

__🚫 Не работает YouTube? Используйте __[__@rosvpnbot__](http://t.me/rosvpnbot?start=tg_pp)__
__
__🦙____ __[Популярная политика](http://t.me/politica_media)__ __| [Поддержать](http://donate.fbk.info/smm)",2745,3,0,politica_media
41405,2026-04-23T15:01:50+00:00,"**🔴****🟠****🟡**** ** **Элитный интернет для своих | КПРФ обещает революцию | VPN запретят через школы**

Включайте эфир в 18:30: https://youtube.com/live/VU7WJnm3Uck**
**
В Госдуме предложили создать «белые списки» интернет-пользователей. Лидер КПРФ Геннадий Зюганов заявил о страхе повторения революции 1917 года из-за скандала с Боней. Тем временем в школах распространяют памятки, где упоминание VPN приравнивают к признакам наркозависимости.

Эти и другие новости обсудим в новом выпуске «Бойко о главном».

▫️__Поддержите выход новых выпусков «Бойко о главном» на ____friends.politica.media__

__🦙____ __[Популярная политика](http://t.me/politica_media)__ __| [Поддержать](http://donate.fbk.info/smm)",2734,7,0,politica_media
41402,2026-04-23T13:31:36+00:00,"**▪️****▫️****◾️****◽️****◼️****◻️****🔳****  В 17:00: Честное слово с Иваном Филипповым**

Включайте трансляцию в нашем Telegram-канале или на YouTube: https://youtube.com/live/HHjibt35Tis

__🦙____ __[Популярная политика](http://t.me/politica_media)__ __| [Поддержать](http://donate.fbk.info/smm)",2720,5,0,politica_media
41401,2026-04-23T13:03:32+00:00,"**❗️****  Звезда пропаганды пойдет в Госдуму. Кто тащит ведущую Первого канала во власть?**

Смотреть: https://youtu.be/A_45EJw2tfI

Z-военкор «Первого канала» Ирина Куксенкова баллотируется в Госдуму от «Единой России». Военные репортажи, «ранения», награды и связи с генералом Алексеевым — кто продвигает ее в политику? Разбор с Сергеем Каневым.
__
🚫 Не работает YouTube? Используйте __[__@rosvpnbot__](http://t.me/rosvpnbot?start=tg_pp)__**
**
____🦙____ __[Популярная политика](http://t.me/politica_media)__ __| [Поддержать](http://donate.fbk.info/smm)",2404,4,1,politica_media
41399,2026-04-23T12:12:47+00:00,"🔥 **Начинаем «Честное слово» с Георгием Албуровым**

Поговорим о новом расследовании про депутата-единоросса Султана Хамзаева: youtu.be/vsXsUQN2-P0

🔴 __Включайте трансляцию в нашем Telegram-канале или на YouTube:__ __https://youtube.com/live/PsE0RfiySyA__

__🦙____ __[Популярная политика](http://t.me/politica_media)",2485,2,0,politica_media
41397,2026-04-23T11:41:16+00:00,"**❗️****  Над ним смеётся вся Россия. Как живет депутат-клоун из Дагестана
**
Смотреть: https://youtu.be/Po-NmjwH_dE

Новое расследование ФБК про депутата Султана Хамзаева: Георгий Албуров рассказывает, как бюджетные деньги уходят на самопиар, «спасение котенка» и дорогие авто.
__
🚫 Не работает YouTube? Используйте __[__@rosvpnbot__](http://t.me/rosvpnbot?start=tg_pp)__**
**
____🦙____ __[Популярная политика](http://t.me/politica_media)__ __| [Поддержать](http://donate.fbk.info/smm)",2460,1,3,politica_media
41396,2026-04-23T10:06:13+00:00,"❗️❕‼️🟥**🟧****САМЫЙ НЕЛЕПЫЙ ДЕПУТАТ ГОСДУМЫ | МАТЬ ГЛАВЫ АП ЗАРАБАТЫВАЕТ НА ВОЙНЕ | ОСТАНОВЛЕНО НАПАДЕНИЕ НА ШКОЛУ**

Смотреть: https://youtu.be/OcXVtAKeEfA**__
__**
Расследование ФБК о депутате Хамзаеве, миллионы на оборонке у семей чиновников, атаки дронов и обстрелы городов. Репрессии, ЧП в регионах и международная политика — главные новости к этому часу.

__🚫 Не работает YouTube? Используйте __[__@rosvpnbot__](http://t.me/rosvpnbot?start=tg_pp)__
__
🦙 [Популярная политика](http://t.me/politica_media) | [Поддержать](http://donate.fbk.info/smm)",2243,4,0,politica_media
41395,2026-04-23T10:00:35+00:00,"**🔥**** Сегодня в 15:10: Честное слово с Георгием Албуровым**

__Включайте трансляцию в нашем Telegram-канале или на YouTube:__ __https://youtube.com/live/PsE0RfiySyA__

Поговорим про [новое расследование](http://youtu.be/vsXsUQN2-P0) о том, как депутат-единоросс Султан Хамзаев «спасал» Дагестан 

Обязательно посмотрите его и подключайтесь к эфиру.

__🦙____ __[Популярная политика](http://t.me/politica_media)__ __| [Поддержать](http://donate.fbk.info/smm)",10413,9,0,politica_media
41393,2026-04-23T08:05:20+00:00,"**Как клоун из «Единой России» «спасал» Дагестан**

Новое расследование: youtu.be/vsXsUQN2-P0 

После разрушительного наводнения в Дагестане, от которого пострадали десятки тысяч человек, в регион отправили депутата Госдумы от «Единой России» Султана Хамзаева. Но вместо помощи людям он занялся самопиаром: снял десятки роликов в инстаграм, поссорился с другими блогерами, постановочно спас котенка. И все это — за наш с вами счет. 

В новом расследовании Георгий Албуров рассказывает, как депутат Хамзаев тратит бюджетные деньги на личный пиар, сколько стоит его коллекция автомобилей и как человек, которого никто не выбирал, оказался в Госдуме. 
**
Поддержите нашу работу: **[**donate.fbk.info**](http://donate.fbk.info/smm)

❗️ [Команда Навального](https://t.me/+NT76PYctopw1NjI6)** **|** **[Поддержать](http://donate.fbk.info/smm)",2230,5,0,politica_media
41391,2026-04-23T07:35:57+00:00,"**▪️****▫️****◾️****◽️****◼️****◻️****🔳****  В 11:00: Честное слово с Игорем Липсицем**

Включайте трансляцию в нашем Telegram-канале или на YouTube: https://youtube.com/live/mLzKELKLJkM

__🦙____ __[Популярная политика](http://t.me/politica_media)__ __| [Поддержать](http://donate.fbk.info/smm)",2897,7,0,politica_media
41390,2026-04-22T16:48:04+00:00,"**МИД Италии вызвал посла России после высказываний Владимира Соловьёва в адрес Джорджи Мелони**

В эфире «Соловьев Live» он назвал Мелони «фашистской тварью» и «сертифицированной идиоткой».

Позже на слова пропагандиста обратили внимание крупные итальянские медиа, а глава МИД Италии Антонио Таяни выразил официальный протест российскому послу в Риме Алексею Парамонову.

__🔗____ Разобрали ситуацию с Георгием Албуровым в «Теме дня»:__ __https://youtu.be/MeixP88eTac__

__🦙____ __[Популярная политика](http://t.me/politica_media)__ __| [Поддержать](http://donate.fbk.info/smm)",2951,9,0,politica_media
41389,2026-04-22T16:00:57+00:00,"❗️❕‼️🟥🟧 **Смертельное ДТП внучки чиновника из Кремля | Школьников запугивают VPN | Тысячи компаний в долгах
**
Итоги дня: https://youtu.be/THvqXzaKRVU

Лидер КПРФ Геннадий Зюганов выступил в Думе и предрёк новый 1917-й год. «Белый список» сайтов могут заменить на «белый список благонадёжных россиян». А виновницей смертельного ДТП на Садовом кольце оказалась внучка бывшего топ-чиновника из администрации Путина.

__🚫 Не работает YouTube? Используйте __[__@rosvpnbot__](http://t.me/rosvpnbot?start=tg_pp)__
__
__🦙____ __[Популярная политика](http://t.me/politica_media)__ __| [Поддержать](http://donate.fbk.info/smm)",2756,2,0,politica_media
41386,2026-04-22T13:33:09+00:00,"**▪️****▫️****◾️****◽️****◼️****◻️****🔳****  В 17:00: Честное слово с Русланом Левиевым**

Включайте трансляцию в нашем Telegram-канале или на YouTube: https://youtube.com/live/6DnfvXoQTY0

__🦙____ __[Популярная политика](http://t.me/politica_media)__ __| [Поддержать](http://donate.fbk.info/smm)",2697,3,0,politica_media
41385,2026-04-22T13:03:10+00:00,"**❗️****  Соловьев влип. Громкий скандал с пропагандистом**

Смотреть: https://youtu.be/MeixP88eTac

Соловьев оскорбил премьер-министра Италии Джорджу Мелони — и получил жесткий ответ! Скандал вышел на международный уровень: вызов посла, резкая реакция Рима и неудобные факты о самом пропагандисте. Разбираем ситуацию с Георгием Албуровым.
__
🚫 Не работает YouTube? Используйте __[__@rosvpnbot__](http://t.me/rosvpnbot?start=tg_pp)__**
**
____🦙____ __[Популярная политика](http://t.me/politica_media)__ __| [Поддержать](http://donate.fbk.info/smm)",2668,7,6,politica_media
41384,2026-04-22T11:25:41+00:00,"❗️❕‼️🟥**🟧****БАСТРЫКИН ИСПУГАЛСЯ «ВРЕДНЫХ СОВЕТОВ» | ДОМ В СЫЗРАНИ РАЗРУШИЛ ДРОН | КОРРУПЦИЯ В «ПАТРИОТЕ»
**
Смотреть:__ __https://youtu.be/DFsHdU89UK4**__
__**
Операторы связи просят Минцифры отложить взимание платы за VPN. Глава Следственного комитета Александр Бастрыкин начал борьбу с детскими книжками. А в Сызрани беспилотник разрушил жилой дом — погибли взрослый и ребёнок.

__🚫 Не работает YouTube? Используйте __[__@rosvpnbot__](http://t.me/rosvpnbot?start=tg_pp)__
__
🦙 [Популярная политика](http://t.me/politica_media) | [Поддержать](http://donate.fbk.info/smm)",2685,2,0,politica_media
41383,2026-04-22T09:08:44+00:00,"**Худшие из худших. Кто сидит в Госдуме и пишет законы для россиян**

Смотреть: [youtu.be/oL8eg8Nl7vk](https://youtu.be/oL8eg8Nl7vk)

Депутаты Госдумы получают по 450 тысяч рублей в месяц и депутатскую неприкосновенность за то, что принимают решения, от которых зависит жизнь миллионы людей в нашей стране. Но вместо того, чтобы работать на благо граждан, депутаты предпочитают позориться и портить людям жизнь. 

В новом видео показываем, как все это устроено на практике и к каким последствиям приводит.

❗️ [Навальный LIVE](https://t.me/navalnylivechannel) | [Поддержать](http://donate.fbk.info/smm)",2399,6,0,politica_media
41380,2026-04-22T07:32:41+00:00,"**▪️****▫️****◾️****◽️****◼️****◻️****🔳****  В 11:00: Честное слово с Сергеем Жирновым**

Включайте трансляцию в нашем Telegram-канале или на YouTube: https://youtube.com/live/8H_V7jJkXxo

__🦙____ __[Популярная политика](http://t.me/politica_media)__ __| [Поддержать](http://donate.fbk.info/smm)",3005,2,0,politica_media
41379,2026-04-21T16:56:18+00:00,"**Экологическая катастрофа в Туапсе**

После атак на НПЗ в Туапсе пошёл «нефтяной дождь» — мазут накрыл жилые районы, а в Чёрном море появилось нефтяное пятно площадью до 10 тысяч кв. м. Власти при этом отрицают угрозу. 

__🔗____ О происходящем поговорили с журналистом Александром Савельевым в «Теме дня»: ____https://youtu.be/ASJntB6XSBM__

__🦙____ __[Популярная политика](http://t.me/politica_media)__ __| [Поддержать](http://donate.fbk.info/smm)",3015,7,1,politica_media
41378,2026-04-21T16:45:05+00:00,"В издательстве «Эксмо» прошёл обыск по делу об «организации деятельности экстремистского сообщества». Гендиректор издательства Евгений Капьев был задержан. 

__🦙____ __[Популярная политика](http://t.me/politica_media)__ __| [Поддержать](http://donate.fbk.info/smm)",2737,5,0,politica_media
41377,2026-04-21T16:01:27+00:00,"❗️❕‼️🟥🟧 **Путин заявил о «победе» | Обыски в ЭКСМО | Катастрофа на Черном море**

Итоги дня: https://youtu.be/fRn56p6f2E4

Обыски в ЭКСМО из-за книг и «ЛГБТ-пропаганды», нефтяной дождь в Туапсе и скрываемая экокатастрофа. Удары по Сумам и громкие заявления Путина — главные новости уходящего дня.

__🚫 Не работает YouTube? Используйте __[__@rosvpnbot__](http://t.me/rosvpnbot?start=tg_pp)__
__
__🦙____ __[Популярная политика](http://t.me/politica_media)__ __| [Поддержать](http://donate.fbk.info/smm)",2685,3,0,politica_media
41375,2026-04-21T14:10:47+00:00,"**❗️****  Платить будем мы? Вся правда о сборе на электронику**

Смотреть: https://youtu.be/FABaFcof8iw

Минпромторг вводит технологический сбор на иностранную электронику: 250 ₽ за смартфон и 500 ₽ за ноутбук. Кто заплатит в итоге — бизнес или покупатели? Разбираем последствия, рост цен и влияние на рынок вместе с экономистом Максимом Блантом.
__
🚫 Не работает YouTube? Используйте __[__@rosvpnbot__](http://t.me/rosvpnbot?start=tg_pp)__**
**
____🦙____ __[Популярная политика](http://t.me/politica_media)__ __| [Поддержать](http://donate.fbk.info/smm)",2541,7,0,politica_media
41373,2026-04-21T13:33:12+00:00,"**▪️****▫️****◾️****◽️****◼️****◻️****🔳****  В 17:00: Честное слово с Иваном Преображенским**

Включайте трансляцию в нашем Telegram-канале или на YouTube: https://youtube.com/live/i6ZPnfBve2w

__🦙____ __[Популярная политика](http://t.me/politica_media)__ __| [Поддержать](http://donate.fbk.info/smm)",2570,5,0,politica_media
41372,2026-04-21T13:03:19+00:00,"**❗️****  Экологическая катастрофа в Туапсе: что скрывают власти**

Смотреть: https://youtu.be/ASJntB6XSBM

Нефтяной дождь в Туапсе после атаки дронов: мазут покрыл жилые районы, в Чёрном море — пятно до 10 км². Власти отрицают угрозу, но что происходит на самом деле? Разбираем последствия и риски вместе с журналистом Александром Савельевым.
__
🚫 Не работает YouTube? Используйте __[__@rosvpnbot__](http://t.me/rosvpnbot?start=tg_pp)__**
**
____🦙____ __[Популярная политика](http://t.me/politica_media)__ __| [Поддержать](http://donate.fbk.info/smm)",2504,9,0,politica_media
41371,2026-04-21T10:36:14+00:00,"❗️❕‼️🟥**🟧****МАТВИЕНКО ПРЕДЛАГАЕТ РАССЕЛЯТЬ ГОРОДА | НОВАЯ ЛОЖЬ ГЕРАСИМОВА | СМЕРТЕЛЬНОЕ ДТП В МОСКВЕ **

Смотреть:__ __https://youtu.be/aLBL_5p7I4Y**__
__**
Матвиенко заявила об «обезлюживании» России и призвала к расселению, в Москве — авария в метро и смертельное ДТП, а на фронте звучат новые заявления о Луганской области и продолжаются атаки дронов. Главные новости дня к этому часу в одном выпуске.

__🚫 Не работает YouTube? Используйте __[__@rosvpnbot__](http://t.me/rosvpnbot?start=tg_pp)__
__
🦙 [Популярная политика](http://t.me/politica_media) | [Поддержать](http://donate.fbk.info/smm)",2569,4,0,politica_media
41368,2026-04-21T07:32:48+00:00,"**▪️****▫️****◾️****◽️****◼️****◻️****🔳****  В 11:00: Честное слово с Аббасом Галлямовым**

Включайте трансляцию в нашем Telegram-канале или на YouTube: https://youtube.com/live/aPpANRqoTOo

__🦙____ __[Популярная политика](http://t.me/politica_media)__ __| [Поддержать](http://donate.fbk.info/smm)",3129,5,0,politica_media
41367,2026-04-20T17:36:05+00:00,"После атак ВСУ на Туапсинский НПЗ в Чёрном море образовалось нефтяное пятно площадью 10 тысяч кв. м. В Туапсе также выпали «нефтяные дожди».

__🦙____ __[Популярная политика](http://t.me/politica_media)__ __| [Поддержать](http://donate.fbk.info/smm)",3049,7,1,politica_media
41365,2026-04-20T15:58:55+00:00,"❗️❕‼️🟥🟧 **Прокурора осудили за пропаганду нацизма | Нефтяной дождь в Туапсе | Госдума поможет букмекерам
**
Итоги дня: https://youtu.be/2Ne923yYehA

В Туапсе после пожара на НПЗ прошёл нефтяной дождь, а в Чёрном море образовалось огромное пятно. Правительство откладывает запрет на ставки для детей, недееспособных и должников — всё ради налогов. А люди массово записывают видео с критикой пропагандиста Соловьёва после обращения Виктории Бони.

__🚫 Не работает YouTube? Используйте __[__@rosvpnbot__](http://t.me/rosvpnbot?start=tg_pp)__
__
__🦙____ __[Популярная политика](http://t.me/politica_media)__ __| [Поддержать](http://donate.fbk.info/smm)",3052,2,1,politica_media
41363,2026-04-20T15:31:30+00:00,"Виктория Боня готовит коллективный иск против Владимира Соловьёва, Виталия Милонова и Артемия Лебедева за женоненавистнические высказывания.

__🦙____ __[Популярная политика](http://t.me/politica_media)__ __| [Поддержать](http://donate.fbk.info/smm)",2745,2,1,politica_media
41362,2026-04-20T15:05:08+00:00,"**🔴****🟠****🟡****  Телефон проверят обязательно | Рецепты активизации экономики | Ни слова о Боне**

Включайте эфир в 18:30: https://youtube.com/live/9AELROmWV2M**
**
ФСБ официально разрешили досматривать телефоны и ноутбуки на российской границе. Песков заявил, что у правительства есть множество предложений по активизации российской экономики. А Боня продолжает покорять инфопространство.

Эти и другие новости обсудим в новом выпуске «Бойко о главном».

__🦙____ __[Популярная политика](http://t.me/politica_media)__ __| [Поддержать](http://donate.fbk.info/smm)",2615,7,0,politica_media
41360,2026-04-20T14:15:56+00:00,"**❗️****  Лукашенко открывает второй фронт. Военный эксперт объяснил, что происходит**

Смотреть: https://youtu.be/5R7JNrLIxbk

Беларусь может открыть второй фронт в Украине — экс-глава МИД Дмитрий Кулеба назвал 5 признаков подготовки: мобилизация, учения, усиление ПВО и координация с РФ. Что это значит и есть ли реальная угроза — разбор с военным аналитиком Яном Матвеевым.
__
🚫 Не работает YouTube? Используйте __[__@rosvpnbot__](http://t.me/rosvpnbot?start=tg_pp)__**
**
____🦙____ __[Популярная политика](http://t.me/politica_media)__ __| [Поддержать](http://donate.fbk.info/smm)",2801,9,1,politica_media
41358,2026-04-20T13:32:05+00:00,"**▪️****▫️****◾️****◽️****◼️****◻️****🔳****  В 17:00: Честное слово с Вячеславом Ширяевым**

Включайте трансляцию в нашем Telegram-канале или на YouTube: https://youtube.com/live/fyfEWophVMg

__🦙____ __[Популярная политика](http://t.me/politica_media)__ __| [Поддержать](http://donate.fbk.info/smm)",2482,4,0,politica_media
41357,2026-04-20T13:15:38+00:00,"**❗️****  Когда Шойгу? Зачистка команды министра обороны**

Смотреть: https://youtu.be/LNtW4X0m0Pk

Чистки в Минобороны после ухода Шойгу: из ведомства убирают его команду и чиновников, отвечавших за финансы, стройку и надзор. «Проект» раскрывает, как разрушается репутация бывшего второго человека во власти. Обсуждаем с Алексеем Коростелевым.
__
🚫 Не работает YouTube? Используйте __[__@rosvpnbot__](http://t.me/rosvpnbot?start=tg_pp)__**
**
____🦙____ __[Популярная политика](http://t.me/politica_media)__ __| [Поддержать](http://donate.fbk.info/smm)",2496,7,1,politica_media
41356,2026-04-20T12:09:29+00:00,"**❗️****  На Соловьёва подают в суд. Макашенец про конфликт Бони и Соловьёва**

Смотреть: https://youtu.be/0oq6ezODr0M

Конфликт Бони и Соловьева набирает обороты: оскорбления, угроза коллективного иска и публичная перепалка с Милоновым и Лебедевым. Что стоит за скандалом и как Боня отвечает критикам — разбор Александра Макашенца.
__
🚫 Не работает YouTube? Используйте __[__@rosvpnbot__](http://t.me/rosvpnbot?start=tg_pp)__**
**
____🦙____ __[Популярная политика](http://t.me/politica_media)__ __| [Поддержать](http://donate.fbk.info/smm)",2626,8,1,politica_media
41355,2026-04-20T11:07:55+00:00,"❗️❕‼️🟥**🟧****УВОЛЕН СКАНДАЛЬНЫЙ МИНИСТР | ОГРОМНЫЙ ПОЖАР В ТУАПСЕ | РАЗБИТЫ ТРИ РОССИЙСКИЕ КОЛОННЫ **

Смотреть:__ __https://youtu.be/sbaTxKzF_eY**__
__**
Виктория Боня решила подать иск за публичные оскорбления женщин: ответчиками по нему выступят пропагандист Владимир Соловьёв, депутат Виталий Милонов и блогер Артемий Лебедев. В Новосибирской области отправили в отставку министра сельского хозяйства Андрея Шинделова. А ВСУ вновь атаковали нефтяной терминал в Туапсе.

__Поддержите выход новых выпусков новостей на ____friends.politica.media____ 

🚫 Не работает YouTube? Используйте __[__@rosvpnbot__](http://t.me/rosvpnbot?start=tg_pp)__
__
__🦙____ __[Популярная политика](http://t.me/politica_media)",2673,4,2,politica_media
41352,2026-04-20T07:32:56+00:00,"**▪️****▫️****◾️****◽️****◼️****◻️****🔳****  В 11:00: Честное слово с Дмитрием Дёмушкиным**

Включайте трансляцию в нашем Telegram-канале или на YouTube: https://youtube.com/live/L-o0teW2xVc

__🦙____ __[Популярная политика](http://t.me/politica_media)__ __| [Поддержать](http://donate.fbk.info/smm)",2913,3,0,politica_media
41351,2026-04-20T07:02:06+00:00,"**Похоронная мафия России. Кто и как наживается на смерти**

Смотреть: youtu.be/ctOruJ7zZ9E

Похоронный рынок — едва ли не единственная сфера, которая динамично растет в последние годы. Оно и понятно: ритуальщики зарабатывают сказочно много денег на массовой гибели людей на фронте. Каждый хочет зарабатывать на «гробовых» деньгах, которые получают родственники убитых. Выгодоприобретателями стали олигархи кладбищенского мира, имеющие покровительство в ФСБ и Кремле.

В этом видео мы рассказываем о том, как выглядит ритуальная сфера услуг, а еще о картонных «гробах», «кремационном туризме» и о том, что сейчас в тренде на клабдищах страны.

❗️ [Навальный LIVE](https://t.me/navalnylivechannel) | [Поддержать](http://donate.fbk.info/smm)",2754,12,1,politica_media
41350,2026-04-19T14:40:01+00:00,"**Тайный указ Путина**

Проект «Первый отдел» выяснил, что как минимум двое россиян и десятки украинцев попали в СИЗО на основании тайного решения Путина. 

Документ подписан 8 марта 2022 года и позволяет удерживать людей под стражей более 48 часов без решения суда — в нарушение 22-й статьи Конституции. Некоторые находятся под стражей без предъявленных обвинений с начала войны.

По этому же решению право отправлять задержанных в СИЗО получили представители Вооружённых сил, ФСБ, МВД и ФСО. 

__🔗____ Об этом и других криминальных событиях недели рассказываем в новом выпуске «Криминальной России»: ____https://youtu.be/XXFYX12PRyo__

__🦙____ __[Популярная политика](http://t.me/politica_media)__ __| [Поддержать](http://donate.fbk.info/smm)",3447,9,0,politica_media
41349,2026-04-19T10:31:01+00:00,"**💙**** Поддержите работу «Популярной политики»**

Становитесь спонсором: youtube.com/channel/UC7Elc-kLydl-NAV4g204pDQ/join

__🦙____ __[Популярная политика](http://t.me/politica_media)__ __| [Поддержать](http://donate.fbk.info/smm)",3163,0,0,politica_media
41348,2026-04-18T13:02:26+00:00,"**#Дайджест**** главных «Тем дня» этой недели.** 

Если вы пропустили выпуски — рассказываем, что произошло.

• **У Фургала отнимают дом.** Власти забирают единственное жильё Сергея Фургала и угрожают усыпить его домашних животных. __Разбор с Дмитрием Низовцевым — __[__смотреть__](https://youtu.be/Dp8ocfBvWNM)__ __

• **Боня требует от Путина навести порядок.** Виктория Боня записала громкое обращение к Путину «от лица народа». __Разбор от Ильи Гантварга — __[__смотреть__](https://youtu.be/08eeQjhhiWU)

• **Тайный куратор рунета.** ФСБ взяла под контроль российский интернет: блокировки Telegram, давление на операторов, борьба с VPN. __Обсуждаем с расследователем Сергеем Ежовым — __[__смотреть__](https://youtu.be/U9ycYVQPe_E)__
__
• **В России некому работать.** Дефицит кадров может превысить 3 млн человек к 2030 году. __Разбираем причины и последствия с экономистом Максимом Блантом — __[__смотреть__](https://youtu.be/Uhbj8Lsjkak)__
__
• **Отставки в Дагестане и Белгороде.** На фоне обстрелов и наводнений растёт давление на губернаторов. Будут ли кадровые решения и что за ними стоит — __обсуждаем с журналистом Андреем Перцевым — __[__смотреть__](https://youtu.be/PfOYB9Ue9q8)__
__
**💙**** Поддержите выход новых выпусков «Тем дня» на ****friends.politica.media**

__🦙____ __[Популярная политика](http://t.me/politica_media)",3335,2,0,politica_media
41342,2026-04-18T12:32:09+00:00,"Тайный указ Путина, гибель художника в СИЗО, 16 лет колонии за донат, дело Чекалиных, арест журналистки за комментарий в соцсетях и Z-блогер, инсценировавший собственную смерть. 

__🔴____Рассказываем о криминальных событиях недели в карточках и новом выпуске «Криминальной России»: ____https://youtu.be/XXFYX12PRyo__ 

__🦙____ __[Популярная политика](http://t.me/politica_media)__ __| [Поддержать](http://donate.fbk.info/smm)",2530,5,0,politica_media
41341,2026-04-18T09:55:51+00:00,"❗️ **У власти проблемы. Что с рейтингом?**

Смотреть: https://youtu.be/uDPeGbB8_yU

Уровень доверия к Владимиру Путину продолжает снижаться — и это уже вынуждены фиксировать даже государственные социологи. По данным ВЦИОМ, падают не только рейтинги президента, но и поддержка власти в целом. Разбираем, насколько эти данные отражают реальность, можно ли вообще измерить общественное мнение в условиях страха и что показывают альтернативные исследования.
__
🚫 Не работает YouTube? Используйте __[__@rosvpnbot__](http://t.me/rosvpnbot?start=tg_pp)__**
**
____🦙____ __[Популярная политика](http://t.me/politica_media)__ __| [Поддержать](http://donate.fbk.info/smm)",2696,8,2,politica_media
41340,2026-04-18T09:45:58+00:00,"❗️**НАСТУПЛЕНИЕ В СУМСКОЙ ОБЛАСТИ | ГОРЯТ ВОЕННЫЕ ЗАВОДЫ | ЧТО РАССКАЗАЛ ВОЕНКОР **

Военное положение: https://youtu.be/sx5tT7ZxfNM

ВСУ атаковали нефтебазу в Туапсе и несколько заводов — ПВО не справляется, в то время как один за другим зенитные комплексы отправляют на защиту резиденции Путина. Набор контрактников в российскую армию снизился на 20%, наступление остановилось и потери от ударов дронов растут. Дезертиры убили людей — сразу два случая за неделю, а один из военкоров не выдержал давления и угрожал самоубийством. Правда, потом передумал.
__
🚫 Не работает YouTube? Используйте __[__@rosvpnbot__](http://t.me/rosvpnbot?start=tg_pp)__**
**
____🦙____ __[Популярная политика](http://t.me/politica_media)__ __| [Поддержать](http://donate.fbk.info/smm)",2676,3,0,politica_media
41339,2026-04-17T16:02:48+00:00,"❗️❕‼️🟥🟧 **Обвал рейтинга Путина | Вассерман против Роскомнадзора | Суд над убийцей детей **

Итоги дня: https://youtu.be/OC1qWoTdDaM

Падение рейтинга Путина, возможное ослабление блокировок Telegram и волна резонансных преступлений с участием военных. Что происходит в России на фоне роста цен, цензуры и нарастающего недовольства — главные новости дня.

__🚫 Не работает YouTube? Используйте __[__@rosvpnbot__](http://t.me/rosvpnbot?start=tg_pp)__
__
__🦙____ __[Популярная политика](http://t.me/politica_media)__ __| [Поддержать](http://donate.fbk.info/smm)",2974,6,0,politica_media
41338,2026-04-17T15:02:24+00:00,"🔴** Жесткий срок Чекалину. Секретный указ Путина. Z-блогер сбежал с войны

**Криминальная Россия: https://youtu.be/XXFYX12PRyo

Z-военкор инсценировал самоубийство и исчез, инфоблогеру дали рекордный срок, а за посты и пасхальные куличи возбуждают дела. Разбираем самые резонансные преступления и жесткие приговоры.

__🦙____ __[Популярная политика](http://t.me/politica_media)__ __| [Поддержать](http://donate.fbk.info/smm)",2792,3,0,politica_media
41336,2026-04-17T14:15:40+00:00,"**❗️****  Отставки в Дагестане и Белгороде. Зачем Путин меняет губернаторов?**

Смотреть: https://youtu.be/PfOYB9Ue9q8

«Ведомости» сообщили о возможных отставках губернаторов Белгородской, Брянской областей и Дагестана. На фоне обстрелов, кризиса в приграничье и последствий разрушительного наводнения растет давление на власти. Обсуждаем, будут ли кадровые решения и что за ними стоит, с журналистом Андреем Перцевым.
__
🚫 Не работает YouTube? Используйте __[__@rosvpnbot__](http://t.me/rosvpnbot?start=tg_pp)__**
**
____🦙____ __[Популярная политика](http://t.me/politica_media)__ __| [Поддержать](http://donate.fbk.info/smm)",2876,8,0,politica_media
41334,2026-04-17T13:36:26+00:00,"**▪️****▫️****◾️****◽️****◼️****◻️****🔳****  В 17:00: Честное слово с Ильёй Шепелиным**

Включайте трансляцию в нашем Telegram-канале или на YouTube: https://youtube.com/live/xJ2e3eob2jk

__🦙____ __[Популярная политика](http://t.me/politica_media)__ __| [Поддержать](http://donate.fbk.info/smm)",2583,3,1,politica_media
41333,2026-04-17T12:14:27+00:00,"**❗️****  Дуров обходит блокировки. Война Телеграм и РКН**

Смотреть: https://youtu.be/NgsDsEyi62g

У части пользователей Telegram снова заработал, причём даже без VPN. Надолго ли вернулся доступ, что изменилось в обходе блокировок и что стоит за заявлениями Дурова о «цифровом сопротивлении» — объясняет IT-эксперт Денис Альшанов.
__
🚫 Не работает YouTube? Используйте __[__@rosvpnbot__](http://t.me/rosvpnbot?start=tg_pp)__**
**
____🦙____ __[Популярная политика](http://t.me/politica_media)__ __| [Поддержать](http://donate.fbk.info/smm)",2524,9,0,politica_media
41332,2026-04-17T10:11:22+00:00,"❗️❕‼️🟥**🟧****ВЗРЫВ ВО ВЛАДИКАВКАЗЕ | У КРИПТОБИРЖЫ ПОХИТИЛИ МИЛЛИАРД | НАПАДЕНИЕ НА ПОСЕТИТЕЛЕЙ СУПЕРМАРКЕТА**

Смотреть: https://youtu.be/W-cDrFrYKrw**__
__**
Падение рейтингов Путина, рост насилия и громкие ЧП в России, атаки дронов по Украине и новые военные разработки. Свежая сводка новостей: кризис власти, война и международные события — главное к этому часу в одном выпуске.

__🚫 Не работает YouTube? Используйте __[__@rosvpnbot__](http://t.me/rosvpnbot?start=tg_pp)__
__
🦙 [Популярная политика](http://t.me/politica_media) | [Поддержать](http://donate.fbk.info/smm)",2595,2,0,politica_media
41329,2026-04-17T07:31:28+00:00,"**▪️****▫️****◾️****◽️****◼️****◻️****🔳****  В 11:00: Честное слово с Владимиром Миловым**

Включайте трансляцию в нашем Telegram-канале или на YouTube: https://youtube.com/live/x_mCttKl_0c

__🦙____ __[Популярная политика](http://t.me/politica_media)__ __| [Поддержать](http://donate.fbk.info/smm)",3017,6,0,politica_media
41327,2026-04-16T16:02:53+00:00,"❗️❕‼️🟥🟧 **Сотни пострадавших в Киеве и Одессе | Рост алкоголизма в России | ФСБ курирует интернет**

Итоги дня: https://youtu.be/u_9h8noPP44

Массовая атака по Украине — сотни мирных пострадали, ФСБ усиливает контроль над интернетом и VPN, в России растёт алкоголизм, а беременным перестают выдавать жизненно важные лекарства — главные новости дня.

__🚫 Не работает YouTube? Используйте __[__@rosvpnbot__](http://t.me/rosvpnbot?start=tg_pp)__
__
__🦙____ __[Популярная политика](http://t.me/politica_media)__ __| [Поддержать](http://donate.fbk.info/smm)",3060,4,0,politica_media
41325,2026-04-16T15:05:25+00:00,"**🔴****🟠****🟡****  Страшная месть Кулича | Телеграм вернут народу? | Вождь развивает ИИ**

Включайте эфир в 18:30: https://youtube.com/live/Chz8oaEatks**
**
Кремль может ослабить ограничения в интернете и блокировки Telegram на фоне падения рейтинга Путина. Москвичку будут судить за кальян на куличе. А Путин заявил, что комиссия по развитию ИИ должна стать штабом по развитию искусственного интеллекта.

Эти и другие новости обсудим в новом выпуске «Бойко о главном».

__🦙____ __[Популярная политика](http://t.me/politica_media)__ __| [Поддержать](http://donate.fbk.info/smm)",2890,5,0,politica_media
41323,2026-04-16T14:33:10+00:00,"**❗️****  В России некому работать. Набиуллина признала кадровый кризис**

Смотреть: https://youtu.be/Uhbj8Lsjkak

Экономика России впервые сталкивается с острой нехваткой рабочей силы: дефицит кадров может превысить 3 млн человек к 2030 году. Эльвира Набиуллина предупреждает об ухудшении внешних условий. Разбираем причины кризиса и последствия с экономистом Максимом Блантом.
__
🚫 Не работает YouTube? Используйте __[__@rosvpnbot__](http://t.me/rosvpnbot?start=tg_pp)__**
**
____🦙____ __[Популярная политика](http://t.me/politica_media)__ __| [Поддержать](http://donate.fbk.info/smm)",2386,4,11,politica_media
41321,2026-04-16T13:32:02+00:00,"**▪️****▫️****◾️****◽️****◼️****◻️****🔳****  В 17:00: Честное слово с Юлией Таратутой **

Включайте трансляцию в нашем Telegram-канале или на YouTube: https://youtube.com/live/R4qvW6UWCyQ

__🦙____ __[Популярная политика](http://t.me/politica_media)__ __| [Поддержать](http://donate.fbk.info/smm)",2517,4,0,politica_media
41320,2026-04-16T13:30:45+00:00,"**❗️****  Тайный куратор рунета: служба ФСБ, связанная с отравлением Навального**

Смотреть: https://youtu.be/U9ycYVQPe_E

ФСБ стала новым куратором рунета: расследование The Bell раскрывает роль Второй службы в блокировках Telegram, давлении на операторов и борьбе с VPN. 

Как устроен контроль над интернетом — обсуждаем с расследователем Сергеем Ежовым.
__
🚫 Не работает YouTube? Используйте __[__@rosvpnbot__](http://t.me/rosvpnbot?start=tg_pp)__**
**
____🦙____ __[Популярная политика](http://t.me/politica_media)__ __| [Поддержать](http://donate.fbk.info/smm)",2422,3,0,politica_media
41319,2026-04-16T12:27:16+00:00,"**❗️****  Россия назвала цели в ЕС: это угроза войны?**

Смотреть: https://youtu.be/8yfsu0HuD1w

Минобороны РФ публикует список «целей» в Европе, а Дмитрий Медведев прямо говорит о возможных ударах. Параллельно Госдума продвигает закон об использовании армии за рубежом. Что это — блеф или эскалация? Разбираемся с военным экспертом Иваном Ступаком.
__
🚫 Не работает YouTube? Используйте __[__@rosvpnbot__](http://t.me/rosvpnbot?start=tg_pp)__**
**
____🦙____ __[Популярная политика](http://t.me/politica_media)__ __| [Поддержать](http://donate.fbk.info/smm)",2316,3,2,politica_media
41318,2026-04-16T10:53:57+00:00,"❗️❕‼️🟥**🟧****ЖЕСТОКИЙ МАНЬЯК ПОГИБ НА ФРОНТЕ | ИЗВЕСТНЫЙ ВОЕНКОР СБЕЖАЛ ИЗ АРМИИ | АТАКА ТУАПСЕ**

Смотреть: https://youtu.be/GVBodfLJRPM**__
__**
Массированные удары дронов, разрушения и жертвы в Киеве, Одессе и Днепре, атаки в России, блокировки VPN и сбои сервисов, резонансные заявления чиновников и коррупционные дела — главные новости к этому часу.

__🚫 Не работает YouTube? Используйте __[__@rosvpnbot__](http://t.me/rosvpnbot?start=tg_pp)__
__
🦙 [Популярная политика](http://t.me/politica_media) | [Поддержать](http://donate.fbk.info/smm)",2379,2,0,politica_media
41317,2026-04-16T10:46:24+00:00,"**Как устроен Северный Кавказ. Кто держит в заложниках целые республики
**
Смотреть: youtu.be/c_06iXPnR-E

Cеверный Кавказ — место, где не действуют российские законы. В этом регионе власть захвачена настоящими бандитами и убийцами, которые украли из бюджета миллиарды рублей и обеспечили роскошную жизнь своей семье. Несколько кланов из чиновников, силовиков и олигархов собрались в одну большую ОПГ, которая творит беззаконие и обворовывает жителей кавказских республик с позволения Кремля. 

Руслан Шаведдинов рассказывает о «королях Кавказа» — самых влиятельных людях на юге России. 

❗️ [Навальный LIVE](https://t.me/navalnylivechannel) | [Поддержать](http://donate.fbk.info/smm)",2259,5,0,politica_media
41314,2026-04-16T07:33:18+00:00,"**▪️****▫️****◾️****◽️****◼️****◻️****🔳****  В 11:00: Честное слово с Марком Фейгиным**

Включайте трансляцию в нашем Telegram-канале или на YouTube: https://youtube.com/live/DbgpnXcxFuI

__🦙____ __[Популярная политика](http://t.me/politica_media)__ __| [Поддержать](http://donate.fbk.info/smm)",2783,4,3,politica_media
41313,2026-04-15T15:57:05+00:00,"❗️❕‼️🟥🟧 **Интернет подорожает | В СИЗО отправляют без суда | Мощный взрыв под Самарой**

Итоги дня: https://youtu.be/vygbm8hgR_A

Прокуратура требует доступ к данным телефонов, власти усиливают контроль над интернетом и митингами, экономика уходит в рецессию, растёт давление на граждан и бизнес.

__🚫 Не работает YouTube? Используйте __[__@rosvpnbot__](http://t.me/rosvpnbot?start=tg_pp)__
__
__🦙____ __[Популярная политика](http://t.me/politica_media)__ __| [Поддержать](http://donate.fbk.info/smm)",2752,5,3,politica_media
41310,2026-04-15T13:34:05+00:00,"**▪️****▫️****◾️****◽️****◼️****◻️****🔳****  В 17:00: Честное слово с Матвеем Ганапольским**

Включайте трансляцию в нашем Telegram-канале или на YouTube: https://youtube.com/live/75lLoy0Niuw

__🦙____ __[Популярная политика](http://t.me/politica_media)__ __| [Поддержать](http://donate.fbk.info/smm)",2868,2,0,politica_media
41309,2026-04-15T13:31:52+00:00,"**❗️****  Кто воюет за Россию? Корейцы, африканцы и кубинцы за деньги убивают украинцев**

Смотреть: https://youtu.be/7SRqsoJbISw

США заявляют: Куба отправила до 5000 бойцов в Россию для войны против Украины. Насколько это правда и кто еще воюет на стороне Путина? Разбираемся вместе с военным аналитиком Яном Матвеевым.
__
🚫 Не работает YouTube? Используйте __[__@rosvpnbot__](http://t.me/rosvpnbot?start=tg_pp)__**
**
____🦙____ __[Популярная политика](http://t.me/politica_media)__ __| [Поддержать](http://donate.fbk.info/smm)",2587,3,0,politica_media
41308,2026-04-15T12:23:44+00:00,"**❗️****  Влияние воров в законе на войну и Россию в 2026 году**

Смотреть: https://youtu.be/s8WDdknqTK8

Освобождение Шакро Молодого по УДО — сделка с ФСБ? В немецком суде озвучили резонансную версию: вербовка заключённых, роль ЧВК «Вагнер» и МВД. Где правда — разбираемся с расследователем Сергеем Каневым.
__
🚫 Не работает YouTube? Используйте __[__@rosvpnbot__](http://t.me/rosvpnbot?start=tg_pp)__**
**
____🦙____ __[Популярная политика](http://t.me/politica_media)__ __| [Поддержать](http://donate.fbk.info/smm)",2557,6,0,politica_media
41307,2026-04-15T10:00:11+00:00,"**❗️****❕****‼️****🟥****🟧****АТАКОВАН СТЕРЛИТАМАК | МИХАЛКОВ ОСЛУШАЛСЯ ПУТИНА | НОВАЯ НАГРАДА КАДЫРОВА 

**Смотреть:__ __https://youtu.be/yV7x1MKqlzQ__
__
Взрыв на пороховом заводе в Казани: пожар, обрушение и пострадавшие. В России массовые сбои VPN и блокировки сервисов. Дроны атакуют заводы за 1500 км, удары по городам Украины и новые жертвы — главные новости к этому часу.

__🚫 Не работает YouTube? Используйте __[__@rosvpnbot__](http://t.me/rosvpnbot?start=tg_pp)__
__
🦙 [Популярная политика](http://t.me/politica_media) | [Поддержать](http://donate.fbk.info/smm)",2592,4,1,politica_media
41304,2026-04-15T07:31:49+00:00,"**▪️****▫️****◾️****◽️****◼️****◻️****🔳****  В 11:00: Честное слово с Рустамом Солнцевым**

Включайте трансляцию в нашем Telegram-канале или на YouTube: https://youtube.com/live/6EuSaXbuHUU

__🦙____ __[Популярная политика](http://t.me/politica_media)__ __| [Поддержать](http://donate.fbk.info/smm)",3014,5,2,politica_media
41303,2026-04-14T17:10:01+00:00,"**Власти продолжают давление на Сергея Фургала:** у него хотят конфисковать единственный дом и усыпить домашних животных.

В декабре 2025 года суд приговорил его к 25 годам колонии строгого режима по делам о хищениях и организации заказных убийств.

__🔗____ Поговорили об этом с Дмитрием Низовцевым в «Теме дня»: __[__https://youtu.be/Dp8ocfBvWNM__](https://youtu.be/Dp8ocfBvWNM)

__🦙____ __[Популярная политика](http://t.me/politica_media)__ __| [Поддержать](http://donate.fbk.info/smm)",3037,6,0,politica_media
41302,2026-04-14T16:40:09+00:00,"❗️❕‼️🟥🟧** Блогеры против Кремля | Обвал прибыли крупных торговых сетей | Telegram разблокируют?**

Итоги дня: https://youtu.be/4vgqLa5NE9E

Обвал прибыли крупных сетей фастфуда — у некоторых доходы упали более чем в два раза. СМИ сообщают, что Кремль собирается ослабить блокировки — однако сбои в Telegram остаются на пиковом уровне. А в Нижнем Новгороде женщина обратилась в полицию с жалобой на агрессивное поведение мужа — силовики ответили ей матом.

__🚫 Не работает YouTube? Используйте __[__@rosvpnbot__](http://t.me/rosvpnbot?start=tg_pp)__
__
__🦙____ __[Популярная политика](http://t.me/politica_media)__ __| [Поддержать](http://donate.fbk.info/smm)",2932,2,0,politica_media
41301,2026-04-14T15:30:16+00:00,"**❗️****  Боня требует от Путина навести порядок. Что случилось?**

Смотреть: https://youtu.be/08eeQjhhiWU

Виктория Боня записала громкое обращение к Путину «от лица народа» — разбор по пунктам: наводнение в Дагестане, разлив нефти, эпидемия ящура, кризис экономики и блокировки интернета — разбор от Ильи Гантварга.
__
🚫 Не работает YouTube? Используйте __[__@rosvpnbot__](http://t.me/rosvpnbot?start=tg_pp)__**
**
____🦙____ __[Популярная политика](http://t.me/politica_media)__ __| [Поддержать](http://donate.fbk.info/smm)",2799,7,0,politica_media
41300,2026-04-14T13:35:05+00:00,"**▪️****▫️****◾️****◽️****◼️****◻️****🔳****  В 17:00: Честное слово с Любовью Соболь**

Включайте: https://youtube.com/live/hP_9gv2xwxw

__🦙____ __[Популярная политика](http://t.me/politica_media)__ __| [Поддержать](http://donate.fbk.info/smm)",2620,3,1,politica_media
41299,2026-04-14T13:12:48+00:00,"**❗️****  Как охраняют дачу Путина на Валдае. Военный эксперт объяснил**

Смотреть: https://youtu.be/d66olu7CAic

Сыновей Путина и Кабаевой на валдайской резиденции охраняют уже 27 установок ПВО. Почему Кремль усиливает защиту и насколько реальны угрозы — разбор с военным аналитиком Яном Матвеевым.
__
🚫 Не работает YouTube? Используйте __[__@rosvpnbot__](http://t.me/rosvpnbot?start=tg_pp)__**
**
____🦙____ __[Популярная политика](http://t.me/politica_media)__ __| [Поддержать](http://donate.fbk.info/smm)",2543,9,3,politica_media
41298,2026-04-14T13:00:26+00:00,"**Виктор Орбан впервые за 16 лет проиграл выборы**

Оппозиционная партия Петера Мадьяра получила конституционное большинство на парламентских выборах — 138 мест из 199. Правящая партия «Фидес» Виктора Орбана проиграла, получив менее трети мандатов.

__🔗____ Обсудили новый баланс сил в стране и последствия для Европы с профессором Александром Астровом: __[__https://youtu.be/VAfSaT4i0c8__](https://youtu.be/VAfSaT4i0c8)

__🦙____ __[Популярная политика](http://t.me/politica_media)__ __| [Поддержать](http://donate.fbk.info/smm)",2542,1,0,politica_media
41297,2026-04-14T12:03:44+00:00,"**❗️****  У Фургала отнимают дом. За что Путин мстит губернатору Хабаровского края**

Смотреть: https://youtu.be/Dp8ocfBvWNM

Властям оказалось мало 25 лет колонии для Фургала — давление продолжается: отбирают единственный дом и угрожают усыпить домашних животных. Политическая месть Кремля нелояльному губернатору — разбор с Дмитрием Низовцевым.
__
🚫 Не работает YouTube? Используйте __[__@rosvpnbot__](http://t.me/rosvpnbot?start=tg_pp)__**
**
____🦙____ __[Популярная политика](http://t.me/politica_media)__ __| [Поддержать](http://donate.fbk.info/smm)",2594,7,0,politica_media
41296,2026-04-14T10:25:40+00:00,"❗️❕‼️🟥**🟧****ЗАХВАТ ЗАЛОЖНИКА ВО ВЛАДИКАВКАЗЕ | Z-БЛОГЕРА ОСУДЯТ ЗА ДИСКРЕДИТАЦИЮ | ВЗРЫВ В ЕЛЬЦЕ **

Смотреть:__ __https://youtu.be/-SPZcNT86GQ**__
__**
Блогер и бывшая участница «Дома-2» Виктория Боня опубликовала в Instagram большое 19-минутное видеообращение к Путину, заявив, что говорит «от лица народа». Во Владикавказе мужчина с ружьём напал на букмекерскую контору. А в Турции большая трагедия — подросток с оружием напал на профессионально-технический лицей.

__Поддержите выход новых выпусков новостей на ____friends.politica.media____ 

🚫 Не работает YouTube? Используйте __[__@rosvpnbot__](http://t.me/rosvpnbot?start=tg_pp)__
__
__🦙____ __[Популярная политика](http://t.me/politica_media)",2633,3,1,politica_media
41293,2026-04-14T07:33:55+00:00,"**▪️****▫️****◾️****◽️****◼️****◻️****🔳****  В 11:00: Честное слово с Фёдором Крашенинниковым**

Включайте трансляцию в нашем Telegram-канале или на YouTube: https://youtube.com/live/EVzPaJYSiZQ

__🦙____ __[Популярная политика](http://t.me/politica_media)__ __| [Поддержать](http://donate.fbk.info/smm)",3096,4,0,politica_media
41292,2026-04-13T17:01:40+00:00,"**Экономист Владислав Жуковский о стагнации российской экономики**

__🔗____ Полный разговор смотрите в «Честном слове»: ____https://youtube.com/live/MHC4RR5RCf8__

__🦙____ __[Популярная политика](http://t.me/politica_media)__ __| [Поддержать](http://donate.fbk.info/smm)",3066,3,0,politica_media
41291,2026-04-13T16:02:30+00:00,"❗️❕‼️🟥🟧 **Экологическая катастрофа в Чёрном море | Забастовка в Хабаровском крае | Мощный пожар на заводе
**
Итоги дня: https://youtu.be/ZtGbv0U4O0s

Массовая забастовка в Комсомольске-на-Амуре — к месту стянули Росгвардию. Новый разлив мазута в районе Анапы — в Чёрном море обнаружили огромное нефтяное пятно. А темпы набора добровольцев на контракт заметно снизились — несмотря на рекордно высокие выплаты.

__🚫 Не работает YouTube? Используйте __[__@rosvpnbot__](http://t.me/rosvpnbot?start=tg_pp)__
__
__🦙____ __[Популярная политика](http://t.me/politica_media)__ __| [Поддержать](http://donate.fbk.info/smm)",2929,4,0,politica_media
41290,2026-04-13T14:58:56+00:00,"**❗️****  Симоньян рыдает на шоу Кудрявцевой. Что она рассказала**

Смотреть: https://youtu.be/oyo2qA08ovw

Симоньян на «Секрете на миллион»: откровения о смерти Кеосаяна, болезни ребенка и собственной онкологии. Почему пропагандистка идет на ток-шоу в разгар личной трагедии и вызывают ли ее слова сочувствие или ощущение фальши — разбор скандального эфира.
__
🚫 Не работает YouTube? Используйте __[__@rosvpnbot__](http://t.me/rosvpnbot?start=tg_pp)__**
**
____🦙____ __[Популярная политика](http://t.me/politica_media)__ __| [Поддержать](http://donate.fbk.info/smm)",2907,9,4,politica_media
41287,2026-04-13T13:34:36+00:00,"**▪️****▫️****◾️****◽️****◼️****◻️****🔳****  В 17:00: Честное слово с Владиславом Жуковским**

Включайте трансляцию в нашем Telegram-канале или на YouTube: https://youtube.com/live/MHC4RR5RCf8

__🦙____ __[Популярная политика](http://t.me/politica_media)__ __| [Поддержать](http://donate.fbk.info/smm)",2962,6,0,politica_media
41286,2026-04-13T12:30:32+00:00,"**❗️****  Удар по Путину: Орбан лишился власти в Венгрии**

Смотреть: https://youtu.be/VAfSaT4i0c8

Сенсация в Венгрии: Виктор Орбан впервые за 16 лет проиграл выборы, а партия Петера Мадьяра получила конституционное большинство. Новый баланс сил в стране и последствия для Европы — комментарий профессора Александра Астрова.
__
🚫 Не работает YouTube? Используйте __[__@rosvpnbot__](http://t.me/rosvpnbot?start=tg_pp)__**
**
____🦙____ __[Популярная политика](http://t.me/politica_media)__ __| [Поддержать](http://donate.fbk.info/smm)",2798,4,0,politica_media
41285,2026-04-13T11:13:40+00:00,"❗️❕‼️🟥🟧 **МАССОВЫЕ ПРОТЕСТЫ В ХАБАРОВСКОМ КРАЕ | ЛАВИНА В ДАГЕСТАНЕ | СОЛДАТЫ УБИЛИ СВОИХ**

Смотреть: https://youtu.be/ry2KPKYF5Vk

Оппозиция получила конституционное большинство на выборах в Венгрии — Виктор Орбан признал поражение. В Комсомольске-на-Амуре несколько сотен китайских рабочих провели акцию протеста. А на юго-западе Дагестана сошла снежная лавина, есть пострадавшие.

__🚫 Не работает YouTube? Используйте __[__@rosvpnbot__](http://t.me/rosvpnbot?start=tg_pp)__
__
__🦙____ __[Популярная политика](http://t.me/politica_media)__ __| [Поддержать](http://donate.fbk.info/smm)",2729,3,1,politica_media
41284,2026-04-13T09:34:01+00:00,"**От Гагарина до краха: масштабное преступление путинской власти**

Смотреть: youtu.be/El1r1FsPQUY

Спустя десятилетия после триумфа советской космонавтики остается все больше неудобных вопросов. Как страна, первой отправившая человека в космос, оказалась на обочине космической гонки? Куда исчезло наследие Сергея Королева и Юрия Гагарина? И кто на самом деле несет ответственность за провал российской космической программы?

Илья Гантварг разбирает путь от легендарного «Поехали!» — до аварий, коррупционных скандалов и сорванных миссий.

❗️ [Навальный LIVE](https://t.me/navalnylivechannel) | [Поддержать](http://donate.fbk.info/smm)",2389,11,0,politica_media
41281,2026-04-13T07:33:33+00:00,"**▪️****▫️****◾️****◽️****◼️****◻️****🔳****  В 11:00: Честное слово с Михаилом Крутихиным**

Включайте трансляцию в нашем Telegram-канале или на YouTube: https://youtube.com/live/99iNiGHU-JY

__🦙____ __[Популярная политика](http://t.me/politica_media)__ __| [Поддержать](http://donate.fbk.info/smm)",3270,6,0,politica_media
41280,2026-04-11T13:59:19+00:00,"**#Дайджест**** главных «Тем дня» этой недели.** 

Если вы пропустили выпуски — рассказываем, что произошло.

• **Дагестан уходит под воду. **Жертвы, разрушения и вопросы к властям после масштабного наводнения. __Обсуждаем с представителем «Свободного Дагестана» Умаром Хитинавым — __[__смотреть__](https://youtu.be/uRCeWlqcfjE)__
__
• **Гладкова увольняют.** Кремль может отправить в отставку губернатора Белгородской области Вячеслава Гладкова после резкой критики отключений интернета и системы оповещений. __Разбираем с Никитой Пармёновым — __[__смотреть__](https://youtu.be/scS_51gd1xQ)__
__
• **Громкое дело на Кубани.** Обыски у вице-губернатора Краснодарского края Андрея Коробки, арест и миллионы наличными. __Разбираем, что известно о расследовании с Александром Савельевым — __[__смотреть__](https://youtu.be/_yRy-WEhfPA)__
__
• **Утечка разговора Путина и Орбана.** Скандальные детали и неожиданные заявления. __Разбираем с Иваном Ступаком — __[__смотреть__](https://youtu.be/lqQl2Evm-lU)__
__
• **Парад 9 мая под вопросом.** Воздушную часть могут отменить из-за угрозы ударов. __Обсуждаем, что происходит__ __с Яном Матвеевым — __[__смотреть__](https://youtu.be/dtcPtGC5w8s)__
__
**💙**** Поддержите выход новых выпусков «Тем дня» на ****friends.politica.media**

__🦙____ __[Популярная политика](http://t.me/politica_media)",3395,1,8,politica_media
41274,2026-04-11T13:35:01+00:00,"Нападение контрактника на беременную женщину, пытки подростка в Тыве, суицид в СИЗО фигуранта по делу «Крокуса», дела против чиновников, приговоры участникам «Весны» и обыски в «Новой газете».

__🔗____ Рассказываем о криминальных событиях недели в карточках и новом выпуске «Криминальной России»: ____https://youtu.be/CaDT1G_-1QQ__

__🦙____ __[Популярная политика](http://t.me/politica_media)__ __| [Поддержать](http://donate.fbk.info/smm)",2658,3,0,politica_media
41273,2026-04-11T11:47:24+00:00,"🇫🇷 🎤 Может и поздно уже анонсировать, но я скажу. Сегодня же в Париже фестиваль в поддержку репрессированных. Мощный такой и плотный. Тут и лекция от Антона Долина, и выступление популярной Александры Архиповой, и Армен Арамян из Доксы, и модный Рудой с ютуба, и Саша Запольская с Михаилом Лобановым. А ещё будет аукцион! 🔨

И во всём этом звездопаде нашлась маленькая, но большая роль для меня — буду вести аукцион этот самый. Деньги с него конечно же пойдут беднягам, которые в тюрьме. Самый мой любимый экземпляр — это разумеется адские обложки стримов, которые у нас были в 2022 году. На одной из них есть Гитлер, да. Обложки стали полноценными картинами, плюс мы их украсили автографами почти всех публичных чуваков из ФБК, включая Кадетову, Певчих, Матвеева, Певчих, Ежова, Макашенца, Албурова, Певчих, Романцова и кого-то ещё из отдела расследований…

А ещё будет книжка Антона Долина с его автографом, но не просто книжка, а с предсказанием. То есть Антон посмотрит на покупателя лота и индивидуально подберёт оптимальный фильм для него.

А ещё коньяк из города Коньяк. Очень ценный и вообще 1989 года выпуска!

А ещё уютный такой французский лот в виде шопера с багетом 🥖 и вином 🍷

А ещё футболка, в которой я в паре с Албуровым выиграл в прошлом году супертурнир по бадминтону.

Плюс, картины Крисевича, ВПН на два года от Руслана Соколовского и много всего остального будет. Надеюсь, кто-то еще прочитает это и приедет сегодня, а так там уже человек 60 отметились

 11 апреля
⏰ 18:30
📍 Пространство International Folk Culture Center (CICP), адрес: 21 ter rue Voltaire, Paris, France, 75011 https://maps.app.goo.gl/4FJFXKwuCGdYE3jK6?g_st=ic",2673,2,1,politica_media
41272,2026-04-11T08:23:29+00:00,"❗️**КАК ДРОНЫ УНИЧТОЖИЛИ ЛОГИСТИКУ | ГЕНЕРАЛА АРМИИ ПОСАДИЛИ НА 19 ЛЕТ | РАЗГРОМ В НОВОРОССИЙСКЕ**

Военное положение: https://youtu.be/nkfldeQE-44

Украинские военные атакуют тылы российской армии новыми беспилотниками, которые сложно сбить и невозможно обнаружить. Налёты на Новороссийск и Феодосию разрушили нефтебазы, атакован даже ракетный фрегат Черноморского флота. Генерал армии отправился в колонию, потери на фронте растут, а набор контрактников падает всё сильнее.
__
🚫 Не работает YouTube? Используйте__ [__@rosvpnbot__](http://t.me/rosvpnbot?start=tg_pp)__**
**
____🦙____ __[Популярная политика](http://t.me/politica_media)__ __| [Поддержать](http://donate.fbk.info/smm)",2802,6,1,politica_media
41271,2026-04-11T07:03:03+00:00,"❗️ **Пропагандистка на миллион. Как живет Тина Канделаки**

Смотреть: https://youtu.be/yukb5Ko26K4

Дочь Тины Канделаки отдыхает в Италии во время войны: расследование о жизни семьи пропагандистки. Кто такая Мелания Бородина и как она свободно путешествует по Европе — разбор с журналистом Сергеем Ежовым.
__
🚫 Не работает YouTube? Используйте __[__@rosvpnbot__](http://t.me/rosvpnbot?start=tg_pp)__**
**
____🦙____ __[Популярная политика](http://t.me/politica_media)__ __| [Поддержать](http://donate.fbk.info/smm)",6010,22,4,politica_media
41270,2026-04-10T16:08:06+00:00,"❗️❕‼️🟥🟧 **Новая должность Медведева | Взрыв во Владикавказе | Подделка контрактов в армии**

Итоги дня: https://youtu.be/yYQLeIozqys

19 лет генералу за коррупцию в Минобороны, взрыв во Владикавказе с жертвами и скандалы вокруг армии: срочников отправляют на войну, а преступники получают свободу. Итоги дня: катастрофы, беспредел чиновников и новые запреты в России.

__🚫 Не работает YouTube? Используйте __[__@rosvpnbot__](http://t.me/rosvpnbot?start=tg_pp)__
__
__🦙____ __[Популярная политика](http://t.me/politica_media)__ __| [Поддержать](http://donate.fbk.info/smm)",2951,4,3,politica_media
41269,2026-04-10T16:02:00+00:00,"Уровень аномалий при входе в Telegram в России достиг 95% — это максимальный показатель сбоев с начала усиления блокировок мессенджера. 

🦙 [Популярная политика](http://t.me/politica_media) | [Поддержать](http://donate.fbk.info/smm)",2759,2,4,politica_media
41268,2026-04-10T15:44:37+00:00,"🔴** СВОшник в кресле губернатора. Новая угроза в Дагестане. Губарев у Дудя

**Криминальная Россия: https://youtu.be/CaDT1G_-1QQ

Шокирующие преступления и хроника безнаказанности: «новая элита» Путина, насилие и убийства, катастрофа в Дагестане и крушение поезда, пытки и репрессии. Реальная криминальная Россия без цензуры — факты, которые скрывают.

__🦙____ __[Популярная политика](http://t.me/politica_media)__ __| [Поддержать](http://donate.fbk.info/smm)",2702,4,0,politica_media
41265,2026-04-10T13:32:52+00:00,"**❗️****  Сядет или сбежит? Что ждёт Гладкова из Белгородской области**

Смотреть: https://youtu.be/mlZU-GT5Fl4

В Кремле, судя по утечкам, уже определились с кандидатом на пост губернатора Белгородской области вместо Вячеслава Гладкова — им может стать генерал-майор Александр Шуваев, участник войны в Украине и действующий вице-губернатор Иркутской области.
__
🚫 Не работает YouTube? Используйте __[__@rosvpnbot__](http://t.me/rosvpnbot?start=tg_pp)__**
**
____🦙____ __[Популярная политика](http://t.me/politica_media)__ __| [Поддержать](http://donate.fbk.info/smm)",2887,6,0,politica_media
41264,2026-04-10T13:31:32+00:00,"**▪️****▫️****◾️****◽️****◼️****◻️****🔳****  В 17:00: Честное слово с Ильёй Шепелиным**

Включайте трансляцию в нашем Telegram-канале или на YouTube: https://youtube.com/live/qSMvQnmpVSw

__🦙____ __[Популярная политика](http://t.me/politica_media)__ __| [Поддержать](http://donate.fbk.info/smm)",2437,5,0,politica_media
41263,2026-04-10T12:27:25+00:00,"**❗️****  Громкое дело в суде. Олигарх Невзлин стал ближе к аресту**

Смотреть: https://youtu.be/aYQOZrdwYpM

Польская прокуратура направила в суд дело Анатолия Блинова — фигуранта покушений на оппозиционеров по заказу Леонида Невзлина. Пять эпизодов: атаки в Вильнюсе, Нью-Йорке и Буэнос-Айресе, поджог и подделка документов. 

Обсудили новость с одним из потерпевших — политиком Леонидом Волковым.
__
🚫 Не работает YouTube? Используйте __[__@rosvpnbot__](http://t.me/rosvpnbot?start=tg_pp)__**
**
____🦙____ __[Популярная политика](http://t.me/politica_media)__ __| [Поддержать](http://donate.fbk.info/smm)",2526,4,1,politica_media
41262,2026-04-10T11:01:12+00:00,"❗️❕‼️🟥**🟧****ПУТИН ПОТЕРЯЛ ПОДДЕРЖКУ | ПАСХАЛЬНОЕ ПЕРЕМИРИЕ | ЭПИДЕМИЯ ВО ВЛАДИМИРСКОЙ ОБЛАСТИ **

Смотреть:__ __https://youtu.be/Se6nQegXrU4**__
__**
В России полностью заблокировали Telegram. На этом фоне падает рейтинг Путина, а война продолжается: удары дронов, атаки на инфраструктуру и разговоры о Пасхальном перемирии.

__🚫 Не работает YouTube? Используйте __[__@rosvpnbot__](http://t.me/rosvpnbot?start=tg_pp)__
__
🦙 [Популярная политика](http://t.me/politica_media) | [Поддержать](http://donate.fbk.info/smm)",2646,2,0,politica_media
41259,2026-04-10T07:31:19+00:00,"**▪️****▫️****◾️****◽️****◼️****◻️****🔳****  В 11:00: Честное слово с Игорем Липсицем**

Включайте трансляцию в нашем Telegram-канале или на YouTube: https://youtube.com/live/5AJDu48GUjk

__🦙____ __[Популярная политика](http://t.me/politica_media)__ __| [Поддержать](http://donate.fbk.info/smm)",3106,9,0,politica_media
41257,2026-04-09T17:34:01+00:00,"**Последствия наводнения в Дагестане**

После прорыва дамбы на Геджухском водохранилище в Дагестане затоплены несколько посёлков — тысячи жителей эвакуированы, многие дома разрушены, есть погибшие. 

При этом власти заявили, что жители самостроев, пострадавших от паводка, не смогут рассчитывать на компенсацию в «полном объёме» — хотя таких домов в регионе большое количество. 

__🔗____ Поговорили о том, что происходит, с представителем организации «Свободный Дагестан» Умаром Хитинавым: ____https://youtu.be/yNN2cEq-UpM__

__🦙____ __[Популярная политика](http://t.me/politica_media)__ __| [Поддержать](http://donate.fbk.info/smm)",3071,1,0,politica_media
41255,2026-04-09T15:57:30+00:00,"❗️❕‼️🟥🟧 **В Госдуме недовольны блокировкой Telegram | Богатства дочери Путина | Обыски у «Новой газеты»**

Итоги дня: https://youtu.be/H8dq_pPqY3s

Фонд младшей дочери Путина заработал рекордное количество денег за всё время работы. Тем временем выпускники медвузов могут терять до 3 миллионов рублей из-за закона об отработках. А в Муроме из-за коммунальной аварии отравились более 200 человек.

__🚫 Не работает YouTube? Используйте __[__@rosvpnbot__](http://t.me/rosvpnbot?start=tg_pp)__
__
__🦙____ __[Популярная политика](http://t.me/politica_media)__ __| [Поддержать](http://donate.fbk.info/smm)",2887,5,0,politica_media
41253,2026-04-09T15:33:04+00:00,"**🔴****🟠****🟡****  Колонизация России началась | Путин идёт в детсады | Второй смартфон обязателен**

Включайте эфир в 19:00: https://youtube.com/live/sqVHrFPkVMo**
**
В детсадах введут аналог «Разговоров о важном» с 1 сентября 2026 года. Власти выделят 500 гектаров земли во Владимирской области африканерам-переселенцам. А блокировки и запреты в интернете набирают обороты.

Эти и другие новости обсудим в новом выпуске «Бойко о главном».

__🦙____ __[Популярная политика](http://t.me/politica_media)__ __| [Поддержать](http://donate.fbk.info/smm)",2489,6,0,politica_media
41251,2026-04-09T14:55:34+00:00,"**❗️****  Рекордный дефицит. Экономист назвал причину кризиса**

Смотреть: https://youtu.be/v8CxlvgCYAg

Дефицит федерального бюджета России за первый квартал 2026 года уже превысил годовой план. По данным Минфина, за январь–март он составил около 4,6 трлн рублей — это примерно на 20% больше, чем запланировано на весь год. Эксперты отмечают, что компенсировать такую дыру в бюджете будет крайне сложно даже с учётом возможных дополнительных нефтегазовых доходов. 

О том, что происходит с российским бюджетом, поговорили с экономическим обозревателем Максимом Блантом.
__
🚫 Не работает YouTube? Используйте __[__@rosvpnbot__](http://t.me/rosvpnbot?start=tg_pp)__**
**
____🦙____ __[Популярная политика](http://t.me/politica_media)__ __| [Поддержать](http://donate.fbk.info/smm)",2546,5,0,politica_media
41250,2026-04-09T14:35:44+00:00,"**▪️****▫️****◾️****◽️****◼️****◻️****🔳****  В 18:00: Честное слово с Александром Роднянским**

Включайте трансляцию в нашем Telegram-канале или на YouTube: https://youtube.com/live/jDsNXFt81jk

__🦙____ __[Популярная политика](http://t.me/politica_media)__ __| [Поддержать](http://donate.fbk.info/smm)",2404,3,0,politica_media
41249,2026-04-09T13:54:33+00:00,"**❗️****  Губарев у Дудя. Кто он такой?**

Смотреть: https://youtu.be/wKZKc4nYnB8

Павел Губарев, бывший «народный губернатор» Донецкой области и участник сепаратистского движения на Донбассе, дал большое интервью Юрию Дудю и вновь оказался в центре внимания. Несмотря на его прошлое, сегодня он открыто критикует Путина и его политику. Кто он и с чем связана его резкая смена позиции — обсудили с журналистом Павлом Каныгиным.
__
🚫 Не работает YouTube? Используйте __[__@rosvpnbot__](http://t.me/rosvpnbot?start=tg_pp)__**
**
____🦙____ __[Популярная политика](http://t.me/politica_media)__ __| [Поддержать](http://donate.fbk.info/smm)",2366,7,1,politica_media
41248,2026-04-09T13:32:38+00:00,"С 1 сентября во всех российских детских садах введут аналог «Разговоров о важном» — «Добрые игры». 

__🦙____ __[Популярная политика](http://t.me/politica_media)__ __| [Поддержать](http://donate.fbk.info/smm)",2355,12,4,politica_media
41247,2026-04-09T12:54:39+00:00,"**❗️****  ЧП в Дагестане. Последствия наводнения**

Смотреть: https://youtu.be/yNN2cEq-UpM

В Дагестане произошло разрушительное наводнение после прорыва дамбы на Геджухском водохранилище, построенной ещё в 1970-х годах. Потоки воды и ила накрыли несколько посёлков в Дербентском районе, есть погибшие, тысячи людей эвакуированы, многие дома разрушены. При этом власти уже отказывают части пострадавших в компенсациях — речь идёт о жителях самостроев, которых в регионе огромное количество. 

Что происходит в Дагестане и почему люди остаются без помощи — поговорили с представителем организации «Свободный Дагестан» Умаром Хитинавым.
__
🚫 Не работает YouTube? Используйте __[__@rosvpnbot__](http://t.me/rosvpnbot?start=tg_pp)__**
**
____🦙____ __[Популярная политика](http://t.me/politica_media)__ __| [Поддержать](http://donate.fbk.info/smm)",2489,4,0,politica_media
41246,2026-04-09T10:16:02+00:00,"❗️❕‼️🟥**🟧****В БЮДЖЕТЕ ДЫРА В 5 ТРЛН | РЕКОРДНЫЙ РОСТ ТАРИФОВ ЖКХ | КАДЫРОВ НЕ ПОМОЖЕТ ИРАНУ**

Смотреть: https://youtu.be/t9KLrNRHMok**__
__**
Роскомнадзор потребовал удалить сотни VPN, в России растёт дефицит бюджета и тарифы ЖКХ, а на фронте — новые атаки дронов и удары по инфраструктуре. Главные новости войны, экономики и цензуры к этому часу.

__🚫 Не работает YouTube? Используйте __[__@rosvpnbot__](http://t.me/rosvpnbot?start=tg_pp)__
__
🦙 [Популярная политика](http://t.me/politica_media) | [Поддержать](http://donate.fbk.info/smm)",2455,3,0,politica_media
41244,2026-04-09T08:27:01+00:00,"**Против вице-губернатора Краснодарского края Андрея Коробки возбудили уголовное дело**

Вчера замгубернатора был арестован: его обвиняют в коррупции и мошенничестве. При обыске в его поместье были найдены $4 млн, €7 млн и 31 млн рублей наличными.

🔴 Обсудили уголовное дело Андрея Коробки с журналистом Александром Савельевым: [youtu.be/_yRy-WEhfPA](https://youtu.be/_yRy-WEhfPA)

__🦙____ __[Популярная политика](http://t.me/politica_media)__ __| [Поддержать](http://donate.fbk.info/smm)",2595,3,0,politica_media
41243,2026-04-09T08:05:55+00:00,"**Заговор против Путина. Кто предал его?**

Смотреть: youtu.be/J_IswAnXlro

В ходе правления Владимира Путина множество приближённых нему людей так или иначе предавали его. Одни — меняли сторону, другие — плели самые настоящие заговоры, а третьи и вовсе устраивали вооружённые мятежи. Путин очень боится предательства — и делает всё, чтобы избежать возможного бунта со стороны вчерашних союзников. Из-за этого список «предателей» по версии Путина постоянно пополняется, а критерии — расширяются. 

Александр Макашенец рассказывает, кто Путин наказывает «предателей», как он ищет нелояльных, и кто угрожает его власти сегодня.

❗️ [Навальный LIVE](https://t.me/navalnylivechannel) | [Поддержать](http://donate.fbk.info/smm)",2343,3,0,politica_media
41241,2026-04-09T07:33:18+00:00,"**▪️****▫️****◾️****◽️****◼️****◻️****🔳****  В 11:00: Честное слово с Аббасом Галлямовым**

Включайте трансляцию в нашем Telegram-канале или на YouTube: [youtube.com/live/AQjSxLZiGF4](https://youtube.com/live/AQjSxLZiGF4)

__🦙____ __[Популярная политика](http://t.me/politica_media)__ __| [Поддержать](http://donate.fbk.info/smm)",2901,3,0,politica_media
41240,2026-04-08T16:57:27+00:00,"**Сегодня суд вынес приговоры по политическому делу против активистов движения «Весна». **

Анну Архипову, Евгения Затеева, Яна Ксенжепольского, Василия Неустроева и Павла Синельникова приговорили к срокам от 6 до 12 лет за их антивоенную позицию. 

__🦙____ __[Популярная политика](http://t.me/politica_media)__ __| [Поддержать](http://donate.fbk.info/smm)",3007,3,2,politica_media
41239,2026-04-08T16:11:39+00:00,"❗️❕‼️🟥🟧 **Срочная замена губернатора | Массовые сокращения в Сибири | Вербовка подростков в армию**

Итоги дня: https://youtu.be/zhWW2FM0b74

Отставка Гладкова и новый «ветеран СВО» во власти, вербовка студентов на войну и давление на подростков, приговоры активистам «Весны», сбежавшие заключённые и новые проблемы бюджетников.

__🚫 Не работает YouTube? Используйте __[__@rosvpnbot__](http://t.me/rosvpnbot?start=tg_pp)__
__
__🦙____ __[Популярная политика](http://t.me/politica_media)__ __| [Поддержать](http://donate.fbk.info/smm)",2939,3,0,politica_media
41237,2026-04-08T14:05:37+00:00,"**Парад Победы 9 мая может не состояться или пройти в «видоизменённом» формате**

Z-каналы пишут, что воздушная часть уже отменена, а военнослужащих, которые должны были принять участие в параде, возвращают в пункты постоянной дислокации. Причина возможных изменений — угроза украинских военных ударов.

🔴 Обсудили эту новость с военным аналитиком Яном Матвеевым в «Теме дня»: [youtu.be/dtcPtGC5w8s](https://youtu.be/dtcPtGC5w8s)

__🦙____ __[Популярная политика](http://t.me/politica_media)__ __| [Поддержать](http://donate.fbk.info/smm)",2902,6,0,politica_media
41235,2026-04-08T13:55:17+00:00,"❗️  **Миллионы наличкой, дворец и арест. Громкое дело на Кубани**

Смотреть: [youtu.be/_yRy-WEhfPA](https://youtu.be/_yRy-WEhfPA)

Обыски у вице-губернатора Краснодарского края Андрея Коробки: арест, дело о коррупции и миллионы наличными в поместье. Что известно о расследовании и как тут замешан глава ФСБ региона — разбор с Александром Савельевым.
__
🚫 Не работает YouTube? Используйте __[__@rosvpnbot__](http://t.me/rosvpnbot?start=tg_pp)__**
**
____🦙____ __[Популярная политика](http://t.me/politica_media)__ __| [Поддержать](http://donate.fbk.info/smm)",2776,6,0,politica_media
41234,2026-04-08T13:31:25+00:00,"**▪️****▫️****◾️****◽️****◼️****◻️****🔳****  В 17:00: Честное слово с Ильёй Новиковым**

Включайте трансляцию в нашем Telegram-канале или на YouTube: [youtube.com/live/3SQ4cIlys-0](https://youtube.com/live/3SQ4cIlys-0)

__🦙____ __[Популярная политика](http://t.me/politica_media)__ __| [Поддержать](http://donate.fbk.info/smm)",2679,0,0,politica_media
41233,2026-04-08T11:39:39+00:00,"❗️** Парад Победы 9 мая не состоится? Военный эксперт назвал версии**

Смотреть: [youtu.be/dtcPtGC5w8s](https://youtu.be/dtcPtGC5w8s)

Воздушную часть парада 9 мая в Москве могут отменить из-за угрозы ударов. Что происходит с подготовкой, почему меняют формат и чего ждать в итоге — разбираем с военным аналитиком Яном Матвеевым.
__
🚫 Не работает YouTube? Используйте __[__@rosvpnbot__](http://t.me/rosvpnbot?start=tg_pp)__**
**
____🦙____ __[Популярная политика](http://t.me/politica_media)__ __| [Поддержать](http://donate.fbk.info/smm)",2780,7,1,politica_media
41232,2026-04-08T10:37:04+00:00,"❗️❕‼️🟥**🟧**ВИНОДЕЛЬНЯ ПУТИНА НА ГРАНИ БАНКРОТСТВА | ЗАГАДОЧНОЕ УБИЙСТВО НА ЗАПАДЕ МОСКВЫ | ГОРИТ НЕФТЕБАЗА В ФЕОДОСИИ 

Смотреть:__ __https://youtu.be/LLoFkcAsbnw**__
__**
На фоне слухов о сделке Трампа с Ираном резко падают цены на нефть. На фронте — удары, дроны и взрывы в Крыму и России. А кризис в экономике добрался даже до винодельни Путина.

__🚫 Не работает YouTube? Используйте __[__@rosvpnbot__](http://t.me/rosvpnbot?start=tg_pp)__
__
🦙 [Популярная политика](http://t.me/politica_media) | [Поддержать](http://donate.fbk.info/smm)",3171,2,0,politica_media
41231,2026-04-08T08:25:33+00:00,"**К сожалению, мы вынуждены отменить утренний эфир «Честного слова». **

Просим прощения и призываем вас включать эфир в 17:00 — в гостях будет адвокат Илья Новиков: youtube.com/live/3SQ4cIlys-0

__🦙____ __[Популярная политика](http://t.me/politica_media)__ __| [Поддержать](http://donate.fbk.info/smm)",3243,2,2,politica_media
41229,2026-04-07T15:57:08+00:00,"❗️❕‼️🟥🟧 Стрельба возле посольства | Губернатора Гладкова отправят в отставку | Новое достижение Кадырова

Итоги дня: https://youtu.be/0RsojVUQLJs

Арестован вице-губернатор Кубани — при обыске у него нашли миллионы долларов наличными. В Кремле, вероятно, обсуждают отставку губернатора Белгородской области Гладкова. А у Рамзана Кадырова новое достижение — на этот раз научное.

__🚫 Не работает YouTube? Используйте __[__@rosvpnbot__](http://t.me/rosvpnbot?start=tg_pp)__
__
__🦙____ __[Популярная политика](http://t.me/politica_media)__ __| [Поддержать](http://donate.fbk.info/smm)",3721,2,0,politica_media
41227,2026-04-07T14:46:36+00:00,"**❗️**** Утекла прослушка Путина и Орбана. О чем они говорят?**

Смотреть: https://youtu.be/lqQl2Evm-lU

Скандальная утечка Bloomberg: разговор Орбана и Путина с неожиданными признаниями и странными метафорами. В чём именно премьер Венгрии предложил помощь Путину и при чём здесь Трамп? Разбираем детали с военным аналитиком, экс-сотрудником СБУ Иваном Ступаком.
__
🚫 Не работает YouTube? Используйте __[__@rosvpnbot__](http://t.me/rosvpnbot?start=tg_pp)__**
**
____🦙____ __[Популярная политика](http://t.me/politica_media)__ __| [Поддержать](http://donate.fbk.info/smm)",3516,13,0,politica_media
41225,2026-04-07T13:35:57+00:00,"**❗️**** ** **Крупнейший сбой. Роскомнадзор обвалил весь интернет**

Смотреть: https://youtu.be/wN8l1DbgKv4

В России второй за три дня масштабный сбой интернета: проблемы у Ростелекома, Госуслуг и банков. Роскомнадзор говорит о DDoS-атаке — но так ли это на самом деле? Обсуждаем причины с IT-экспертом и блогером Денисом Альшановым.
__
🚫 Не работает YouTube? Используйте __[__@rosvpnbot__](http://t.me/rosvpnbot?start=tg_pp)__**
**
____🦙____ __[Популярная политика](http://t.me/politica_media)__ __| [Поддержать](http://donate.fbk.info/smm)",3111,13,0,politica_media
41224,2026-04-07T13:33:42+00:00,"**▪️****▫️****◾️****◽️****◼️****◻️****🔳****  В 17:00: Честное слово с Алексеем Ракшой**

Включайте трансляцию в нашем Telegram-канале или на YouTube: [youtube.com/live/92shIs76ERs](https://youtube.com/live/92shIs76ERs)

__🦙____ __[Популярная политика](http://t.me/politica_media)__ __| [Поддержать](http://donate.fbk.info/smm)",2731,6,0,politica_media
41223,2026-04-07T12:30:44+00:00,"❗️ Гладкова увольняют. Что происходит в Белгороде

Смотреть: https://youtu.be/scS_51gd1xQ

Кремль может отправить в отставку губернатора Белгородской области Вячеслава Гладкова после резкой критики отключений интернета и системы оповещений. Почему падает поддержка власти в регионе на фоне обстрелов — разбираем с журналистом Никитой Пармёновым.
__
🚫 Не работает YouTube? Используйте __[__@rosvpnbot__](http://t.me/rosvpnbot?start=tg_pp)__**
**
____🦙____ __[Популярная политика](http://t.me/politica_media)__ __| [Поддержать](http://donate.fbk.info/smm)",2771,6,0,politica_media
41222,2026-04-07T11:35:08+00:00,"❗️ **Публикуем** **отчёт ФБК за 2025 год**

Расследования о коррупции, политический YouTube и социальные сети, кампания против «Единой России», форумы Юлии Навальной, социология, «Чёрный блокнот», поддержка политзаключённых, международная и юридическая работа, акции протеста, санкционные списки — в отчёте собраны главные проекты, цифры и результаты нашей работы за прошлый год.

▪️ Полный и подробный файл отчёта за 2025 год: fbk.info/files/report2025-ru.pdf

❤️** Поддержите нас, чтобы мы могли продолжать работу: **[**donate.fbk.info**](http://donate.fbk.info/smm)

❗️ [Команда Навального](https://t.me/+NT76PYctopw1NjI6)** **|** **[Поддержать](http://donate.fbk.info/smm)",2222,4,0,politica_media
41221,2026-04-07T11:06:57+00:00,"❗️❕‼️🟥**🟧****НАЧАЛАСЬ ЧИСТКА СУДЕЙ | МАССОВЫЙ СБОЙ ПРИЛОЖЕНИЙ | НОВЫЙ УДАР ПО УСТЬ-ЛУГЕ**

Смотреть:__ __[youtu.be/1_meku8orwU](https://youtu.be/1_meku8orwU)**__
__**
В Пермском крае школьник напал на учительницу русского языка. В России возникли перебои в работе сервисов банков, операторов связи и других компаний. А украинские беспилотники повторно атаковали нефтяной порт Усть-Луги в Ленинградской области.

__🚫 Не работает YouTube? Используйте __[__@rosvpnbot__](http://t.me/rosvpnbot?start=tg_pp)__
__
🦙 [Популярная политика](http://t.me/politica_media) | [Поддержать](http://donate.fbk.info/smm)",2624,3,0,politica_media
41219,2026-04-07T08:32:24+00:00,"**Вы должны это знать: как работает цензура
**
Смотреть: youtu.be/NKl3HhP-Tgs

На 26-й год правления Владимир Путин окончательно превратился в диктатора. Цензура — неотъемлемый атрибут любого диктаторского режима: государство решает за тебя, что смотреть, какую музыку слушать и какие книги читать. Во время войны с Украиной цензура усилилась и вышла на новый уровень абсурда. 

В этом видео Анастасия Кадетова разбирает, как устроена путинская цензура и почему Кремль так ненавидит русскую культуру.

❗️ [Навальный LIVE](https://t.me/navalnylivechannel) | [Поддержать](http://donate.fbk.info/smm)",2698,7,0,politica_media
41217,2026-04-07T07:33:31+00:00,"**▪️****▫️****◾️****◽️****◼️****◻️****🔳****  В 11:00: Честное слово с Андреем Захаровым**

Включайте трансляцию в нашем Telegram-канале или на YouTube: [youtube.com/live/j7DxGSxWzx8](https://youtube.com/live/j7DxGSxWzx8)

__🦙____ __[Популярная политика](http://t.me/politica_media)__ __| [Поддержать](http://donate.fbk.info/smm)",3024,5,0,politica_media
41215,2026-04-06T15:36:50+00:00,"**❗️****❕****‼️****🟥****🟧**** Растёт число жертв катастрофы в Дагестане | Провал Единой России | Прибыльный бизнес Людмилы Путиной**

Итоги дня: https://youtu.be/DXG-jXx3GYg

Людмила Путина, она же Очеретная, делает успехи в бизнесе — прибыль её микрокредитной организации только растёт. В Дагестане продолжается наводнение: число погибших выросло до 4-х человек. А ВСУ ударили по фрегату «Адмирал Макаров» — его называли флагманом Черноморского флота.

__🚫 Не работает YouTube? Используйте __[__@rosvpnbot__](http://t.me/rosvpnbot?start=tg_pp)__
__
__🦙____ __[Популярная политика](http://t.me/politica_media)__ __| [Поддержать](http://donate.fbk.info/smm)",3223,5,0,politica_media
41213,2026-04-06T15:06:00+00:00,"**🔴****🟠****🟡****  Бойко о главном | Роскомнадзор напал на банки | Новые темы в борьбе с ВПНами | Сокращают 10-е классы**

Включайте эфир в 18:30: [youtube.com/live/NommLNtBGTQ](https://youtube.com/live/NommLNtBGTQ)**
**
Правительство предложило «Сберу» и другим компаниям использовать их приложения для выявления VPN. Из-за нехватки учителей в Томской области все сельские и деревенские школы в одном из районов переведут на 9 классов. А Россия заняла предпоследнее место в мире по уровню свободы в интернете. Хуже только в Северной Корее.

Эти и другие новости обсудим в новом выпуске «Бойко о главном».

▫️ __Поддержите выход новых выпусков «Бойко о главном» на ____friends.politica.media__

__🦙____ __[Популярная политика](http://t.me/politica_media)__ __| [Поддержать](http://donate.fbk.info/smm)",2995,13,0,politica_media
41211,2026-04-06T14:10:07+00:00,"❗️  **Войну проиграли, впереди бунты. Что говорят знаменитости про российскую власть**

Смотреть: https://youtu.be/ieqMytjC7y0

Лояльные звезды внезапно возмутились цензурой и блокировками: Цыганова лишилась доступа к «Госуслугам» после взлома в MAX, а Боня и другие заговорили о нарушении прав. 

Почему меняется риторика и чьи заявления звучат громче всего — в разборе Александра Макашенца.
__
🚫 Не работает YouTube? Используйте __[__@rosvpnbot__](http://t.me/rosvpnbot?start=tg_pp)__**
**
____🦙____ __[Популярная политика](http://t.me/politica_media)__ __| [Поддержать](http://donate.fbk.info/smm)",2802,10,0,politica_media
41209,2026-04-06T13:33:20+00:00,"**▪️****▫️****◾️****◽️****◼️****◻️****🔳****  В 17:00: Честное слово с Евгением Ступиным**

Включайте трансляцию в нашем Telegram-канале или на YouTube: [youtube.com/live/-1ZXuvR0-rA](https://youtube.com/live/-1ZXuvR0-rA)

__🦙____ __[Популярная политика](http://t.me/politica_media)__ __| [Поддержать](http://donate.fbk.info/smm)",2849,1,0,politica_media
41208,2026-04-06T12:03:55+00:00,"**❗️**** ** **Дагестан уходит под воду: жертвы, хаос и вопросы к властям**

Смотреть: https://youtu.be/uRCeWlqcfjE

Катастрофа в Дагестане: жертвы, разрушения и вопросы к властям. Почему последствия наводнения оказались настолько масштабными? Обсуждаем вместе с представителем организации «Свободный Дагестан» Умаром Хитинавым.
__
🚫 Не работает YouTube? Используйте __[__@rosvpnbot__](http://t.me/rosvpnbot?start=tg_pp)__**
**
____🦙____ __[Популярная политика](http://t.me/politica_media)",2564,7,1,politica_media
41207,2026-04-06T11:32:55+00:00,"**В Дагестане из-за ураганных ливней и прорыва дамбы происходят затопления, есть погибшие.**

С конца марта в регионе идут сильные дожди, сейчас подтоплены около тысячи домов, без электричества остаются Махачкала и ещё 11 районов. В Дербентском районе прорвало дамбу и обрушился мост, в Махачкале рухнул жилой дом — эвакуированы более 3000 человек, известно о гибели женщины и ребёнка.

🦙 [Популярная политика](http://t.me/politica_media) | [Поддержать](http://donate.fbk.info/smm)",2552,9,0,politica_media
41206,2026-04-06T10:56:07+00:00,"❗️❕‼️🟥**🟧****ПОЖАР В ТЦ КАЛИНИНГРАДА | МИНИСТР ЗАДЕРЖАН ЗА ВЗЯТКУ | МИНЦИФРЫ НЕ УСПЕВАЕТ БЛОКИРОВАТЬ VPN**

Смотреть: https://youtu.be/Dgow40euk5U**__
__**
Ураганные ливни и сильный ветер стали причиной новых затоплений в Дагестане: число пострадавших и погибших продолжает расти. Красноярский министр тарифной политики был задержан за взятку в 5 млн рублей. А США провели наземную операцию в Иране.

__🚫 Не работает YouTube? Используйте __[__@rosvpnbot__](http://t.me/rosvpnbot?start=tg_pp)__
__
🦙 [Популярная политика](http://t.me/politica_media) | [Поддержать](http://donate.fbk.info/smm)",2757,1,0,politica_media
41203,2026-04-06T07:31:28+00:00,"**▪️****▫️****◾️****◽️****◼️****◻️****🔳****  В 11:00: Честное слово с Владимиром Миловым**

Включайте трансляцию в нашем Telegram-канале или на YouTube: https://youtube.com/live/gRln4UXRKcQ

__🦙____ __[Популярная политика](http://t.me/politica_media)__ __| [Поддержать](http://donate.fbk.info/smm)",3321,6,1,politica_media
41202,2026-04-04T13:06:16+00:00,"**#Дайджест**** главных «Тем дня» этой недели.** 

Если вы пропустили выпуски — рассказываем, что произошло.

• **Малый бизнес на грани.** В России сокращается число магазинов — закрытия, рост цен и давление государства. __Что происходит и чего ждать дальше — __[__смотреть__](https://youtu.be/W9L41bbcZUY)__
__
• **Орбан и санкции ЕС.** Венгрия лоббирует снятие санкций с российских олигархов и их семей. __Обсуждаем с журналистом Delfi Ильёй Бером — __[__смотреть__](https://youtu.be/sXxzmR0Sgrc)__
__
• **Проблемы мессенджера Max. **Сбои, уязвимости и принудительная установка усиливают негатив вокруг госмессенджера. __Разбор Александра Макашенца — __[__смотреть__](https://youtu.be/8Uq8qHbGtdY)__
__
• **Новые правила призыва. **Электронные повестки, усиленный контроль и фактически круглогодичный призыв. __Юрист ФБК Александр Помазуев объясняет, как защитить свои права — __[__смотреть__](https://youtu.be/xQmWaBmUGvc)__
__
• **Интернет-цензура в России. **Как устроена современная интернет-цензура в России, почему обход блокировок усложняется и можно ли защитить доступ к информации. __Разбор доклада ФБК — __[__смотреть__](https://youtu.be/Or1Nw-JDuMY)__
__
**💙**** Поддержите выход новых выпусков «Тем дня» на ****friends.politica.media**

__🦙____ __[Популярная политика](http://t.me/politica_media)",3554,4,2,politica_media
41196,2026-04-04T11:11:25+00:00,"Смерть иностранца в СИЗО после пыток, жестокие приговоры по «госизмене», гибель осуждённых садистов на войне, убийства при задержаниях ФСБ и рост числа тяжких преступлений среди военных.

🔴__ Рассказываем о криминальных событиях недели в карточках и новом выпуске «Криминальной России»: ____youtu.be/gS3ahGsOmr0__

__🦙____ __[Популярная политика](http://t.me/politica_media)__ __| [Поддержать](http://donate.fbk.info/smm)",2978,4,0,politica_media
41195,2026-04-04T09:40:28+00:00,Новый выпуск Военного положения уже выпустили: https://youtu.be/Y4KK5JdYqdA,2808,1,0,politica_media
41194,2026-04-04T08:35:35+00:00,"❗️РАЗГРОМ ТАНКОВЫХ КОЛОНН НА ФРОНТЕ | ВКС ПОТЕРЯЛИ ТРИ САМОЛЁТА | НОВОБРАНЦЕВ НАБЕРУТ ПО РАЗНАРЯДКЕ

Военное положение: https://youtu.be/Y4KK5JdYqdA

Российские атаки на фронте продолжаются, но не приводят к продвижению — одна за другой были разгромлены несколько колонн. В авиакатастрофе погиб еще один российский генерал, а власти пытаются сделать всё, чтобы хоть как-то увеличить набор контрактников. Трамп собирается воевать еще 2-3 недели, а иранская ПВО сбила американский F-15, США развернули масштабную операцию по спасению экипажа.
__
🚫 Не работает YouTube? Используйте __[__@rosvpnbot__](http://t.me/rosvpnbot?start=tg_pp)__**
**
____🦙____ __[Популярная политика](http://t.me/politica_media)__ __| [Поддержать](http://donate.fbk.info/smm)",3096,4,0,politica_media
41193,2026-04-03T16:09:17+00:00,"❗️❕‼️🟥🟧** Пенсионеры разочаровались в Путине | У министра нашли миллиард | Россию накрыли паводки
**
Итоги дня: https://youtu.be/t5GFzT6WCog

Падение доверия к Путину, рост недовольства россиян и новые дела против чиновников. Миллиардное имущество министра, крушение поезда, паводки и удары по Украине — подводим главные итоги дня.

__🚫 Не работает YouTube? Используйте __[__@rosvpnbot__](http://t.me/rosvpnbot?start=tg_pp)__
__
__🦙____ __[Популярная политика](http://t.me/politica_media)__ __| [Поддержать](http://donate.fbk.info/smm)",3287,4,0,politica_media
41192,2026-04-03T15:03:04+00:00,"🔴** Глава ЧВК обманул военных. ФСБ убивает россиян. МВД защитит СВОшников

**Криминальная Россия: https://youtu.be/gS3ahGsOmr0

Шокирующие преступления участников войны, новые дела ФСБ и гибель иностранца в СИЗО — хроника насилия и безнаказанности. Разбираем громкие убийства, приговоры и скандалы, о которых не расскажут по ТВ.

__🦙____ __[Популярная политика](http://t.me/politica_media)__ __| [Поддержать](http://donate.fbk.info/smm)",3087,4,0,politica_media
41189,2026-04-03T13:34:51+00:00,"**▪️****▫️****◾️****◽️****◼️****◻️****🔳****  В 17:00: Честное слово с Ильёй Шепелиным**

Включайте трансляцию в нашем Telegram-канале или на YouTube: https://youtube.com/live/2Fzgcyu6Y6Q

__🦙____ __[Популярная политика](http://t.me/politica_media)__ __| [Поддержать](http://donate.fbk.info/smm)",3210,4,0,politica_media
41188,2026-04-03T12:14:28+00:00,"**❗️****  Миллионы на счетах дочки Путина. Откуда деньги у Марии Воронцовой?**

Смотреть: https://youtu.be/5IarwsdmqGI

Рекордные доходы компании дочери Путина: прибыль «Номеко» выросла до 231 млн рублей, а зарплата Марии Воронцовой достигает 1,7 млн в месяц. Разбираем детали расследования с Ильей Давлятчиным.
__
🚫 Не работает YouTube? Используйте __[__@rosvpnbot__](http://t.me/rosvpnbot?start=tg_pp)__**
**
____🦙____ __[Популярная политика](http://t.me/politica_media)__ __| [Поддержать](http://donate.fbk.info/smm)",2896,10,0,politica_media
41187,2026-04-03T10:56:19+00:00,"❗️❕‼️🟥**🟧****БАНКОВСКИЙ СБОЙ В РОССИИ | ГИБЕЛЬ ГЕНЕРАЛА | APPLE СЖАЛИЛСЯ НАД РОССИЯНАМИ**

Смотреть: https://youtu.be/rrE1vbiwpSA**__
__**
Сход поезда с пассажирами и авария автобуса с детьми, масштабный сбой Сбербанка и ВТБ, арест квартиры Дудя, гибель генерала в Крыму и новые удары дронов по Украине.

__🚫 Не работает YouTube? Используйте __[__@rosvpnbot__](http://t.me/rosvpnbot?start=tg_pp)__
__
🦙 [Популярная политика](http://t.me/politica_media) | [Поддержать](http://donate.fbk.info/smm)",2859,5,0,politica_media
41184,2026-04-03T07:33:45+00:00,"**▪️****▫️****◾️****◽️****◼️****◻️****🔳****  В 11:00: Честное слово со Станиславом Белковским**

Включайте трансляцию в нашем Telegram-канале или на YouTube: https://youtube.com/live/7pGbndkPAt8

__🦙____ __[Популярная политика](http://t.me/politica_media)__ __| [Поддержать](http://donate.fbk.info/smm)",3216,2,0,politica_media
41182,2026-04-02T16:19:13+00:00,"❗️❕‼️🟥🟧 **Скандал с фейком МИД РФ | Вербовка студентов на войну | Доходы дочери Путина**

Итоги дня: https://youtu.be/JvIfXH_IqW4

Блокировка Telegram, вербовка студентов на войну и новые ограничения для криптовалют. Также — скандал с переводом интервью Лаврова, доходы дочери Путина и ужесточение правил для маркетплейсов.

__🚫 Не работает YouTube? Используйте __[__@rosvpnbot__](http://t.me/rosvpnbot?start=tg_pp)__
__
__🦙____ __[Популярная политика](http://t.me/politica_media)__ __| [Поддержать](http://donate.fbk.info/smm)",3307,4,0,politica_media
41180,2026-04-02T15:07:32+00:00,"[Поговорили](https://www.youtube.com/watch?v=eWikf5Ur5is) с Дмитрием Низовцевым на ""Популярной политике"" про успехи государства в блокировке и замедлении ютуба, кликбейт, Армению и Пашиняна, путинские ультиматумы, Алишера Усманова, перспективы уличных протестов и другие темы.",2783,2,0,politica_media
41179,2026-04-02T15:04:35+00:00,"**🔴****🟠****🟡****  2% студентов казнят | Ростелеком готовят к «белым спискам» | Пашинян глумится над стариком**

Включайте эфир в 18:30: https://youtube.com/live/FlrJglDN4iQ**
**
«Ростелеком» заявил о готовности ввести «белые списки» в проводном интернете по сигналу чиновников. Министр-единоросс требует отправить на войну десятки тысяч студентов. А Пашинян потроллил Путина на встрече в Кремле.

Эти и другие новости обсудим в новом выпуске «Бойко о главном».

__🦙____ __[Популярная политика](http://t.me/politica_media)__ __| [Поддержать](http://donate.fbk.info/smm)",2701,6,0,politica_media
41176,2026-04-02T13:36:12+00:00,"**▪️****▫️****◾️****◽️****◼️****◻️****🔳****  В 17:00: Честное слово с Дмитрием Колезевым**

Включайте трансляцию в нашем Telegram-канале или на YouTube: https://youtube.com/live/eWikf5Ur5is

__🦙____ __[Популярная политика](http://t.me/politica_media)__ __| [Поддержать](http://donate.fbk.info/smm)",2935,4,0,politica_media
41175,2026-04-02T12:23:19+00:00,"**❗️****  Унижение в Кремле. Пашинян поставил Путина на место**

Смотреть: https://youtu.be/lzMhsO9BtYE

Обострение отношений России и Армении: жёсткая встреча Путина и Пашиняна в Москве, угрозы ограничений и давление Кремля. Куда движется Армения — к ЕС или в орбите России? Разбираем последствия и реакцию внутри страны.
__
🚫 Не работает YouTube? Используйте __[__@rosvpnbot__](http://t.me/rosvpnbot?start=tg_pp)__**
**
____🦙____ __[Популярная политика](http://t.me/politica_media)__ __| [Поддержать](http://donate.fbk.info/smm)",2699,10,1,politica_media
41174,2026-04-02T10:49:49+00:00,"❗️❕‼️🟥**🟧****НАВОДНЕНИЕ В ВОЛГОГРАДЕ | РАКЕТА К ЛУНЕ СТАРТОВАЛА | РАЗГРОМ АТАКИ НА КВАДРОЦИКЛАХ**

Смотреть:__ __https://youtu.be/ou8cKGZQwjw**__
__**
Миссия космонавтов отправилась к Луне впервые за десятилетия, Пашинян троллит Путина в Кремле, а цены на нефть снова растут.

__🚫 Не работает YouTube? Используйте __[__@rosvpnbot__](http://t.me/rosvpnbot?start=tg_pp)__
__
🦙 [Популярная политика](http://t.me/politica_media) | [Поддержать](http://donate.fbk.info/smm)",2847,4,1,politica_media
41171,2026-04-02T07:32:41+00:00,"**▪️****▫️****◾️****◽️****◼️****◻️****🔳****  В 11:00: Честное слово с Константином Гаазе**

Включайте трансляцию в нашем Telegram-канале или на YouTube: https://youtube.com/live/k-fApS0kZd4

__🦙____ __[Популярная политика](http://t.me/politica_media)__ __| [Поддержать](http://donate.fbk.info/smm)",3353,3,0,politica_media
41170,2026-04-01T16:40:01+00:00,"**Кто станет преемником Кадырова**

Ранее главным кандидатом на роль преемника считался Адам Кадыров, однако после аварии в январе этого года на первый план вышел Ахмат Кадыров, пишет «Новая газета Европа».

__🔗____ Что происходит в Чечне, обсудили с правозащитником Мусой Ломаевым  в «Теме дня»: ____https://youtu.be/_ZjTq2Tzt48__

__🦙____ __[Популярная политика](http://t.me/politica_media)__ __| [Поддержать](http://donate.fbk.info/smm)",3194,1,5,politica_media
41169,2026-04-01T16:01:59+00:00,"❗️❕‼️🟥🟧 **Учителя месяцами без зарплат | Срочников отправляют на войну | Путин требует капитуляции Украины **

Итоги дня: https://youtu.be/89GT0nCr0Fs

«Роснефть» теряет прибыль на фоне санкций и украинских атак, «Вкусвилл» закрывает сотни магазинов, учителя в Тыве массово судятся из-за невыплат зарплат. Путин выдвигает ультиматум Украине, а срочников будут отправлять в самое пекло войны.

__🚫 Не работает YouTube? Используйте __[__@rosvpnbot__](http://t.me/rosvpnbot?start=tg_pp)__
__
__🦙____ __[Популярная политика](http://t.me/politica_media)__ __| [Поддержать](http://donate.fbk.info/smm)",3075,2,0,politica_media
41168,2026-04-01T15:05:13+00:00,"**❗️****  Армия России взяла Луганскую область? Отвечает военный эксперт**

Смотреть: https://youtu.be/MVoJkXNrS7I

Минобороны РФ в третий раз заявляет о «полном контроле» над Луганской областью. Что происходит на самом деле? Разбираем с военным экспертом Юрием Федоровым.
__
🚫 Не работает YouTube? Используйте __[__@rosvpnbot__](http://t.me/rosvpnbot?start=tg_pp)__**
**
____🦙____ __[Популярная политика](http://t.me/politica_media)__ __| [Поддержать](http://donate.fbk.info/smm)",2886,7,0,politica_media
41166,2026-04-01T13:58:06+00:00,"**Сегодня начался призыв в армию **— с этого года он фактически стал круглогодичным: вызывать в военкомат и принимать решения могут в любое время года. При этом усиливается контроль — повестки приходят в том числе электронно.

__🔗____ Поговорили с юристом ФБК Александром Помазуевым о том, как защитить себя и свои права в «Теме дня»: ____https://youtu.be/xQmWaBmUGvc__

__🦙____ __[Популярная политика](http://t.me/politica_media)__ __| [Поддержать](http://donate.fbk.info/smm)",2816,4,0,politica_media
41164,2026-04-01T13:14:21+00:00,"**▪️****▫️****◾️****◽️****◼️****◻️****🔳****  В 16:30: Честное слово с Дмитрием Быковым**

Включайте трансляцию в нашем Telegram-канале или на YouTube: https://youtube.com/live/3khi7fYi-uY

__🦙____ __[Популярная политика](http://t.me/politica_media)__ __| [Поддержать](http://donate.fbk.info/smm)",2811,4,1,politica_media
41163,2026-04-01T13:03:21+00:00,"**❗️****  Кто сменит Кадырова? Борьба за власть в Чечне
**
Смотреть: https://youtu.be/_ZjTq2Tzt48

Адам Кадыров, которого считали главным преемником, похоже, оказался в опале. После аварии баланс власти в семье Кадырова смещается, а его позиции стремительно слабеют. Что происходит в Чечне — разбираемся с правозащитником Мусой Ломаевым.
__
🚫 Не работает YouTube? Используйте __[__@rosvpnbot__](http://t.me/rosvpnbot?start=tg_pp)__**
**
____🦙____ __[Популярная политика](http://t.me/politica_media)__ __| [Поддержать](http://donate.fbk.info/smm)",2677,6,0,politica_media
41162,2026-04-01T11:52:58+00:00,"**❗️****  Юрист рассказал, как не попасть в армию и что делать
**
Смотреть: https://youtu.be/xQmWaBmUGvc

Сегодня стартует призыв, который фактически стал круглогодичным: электронные повестки, усиленный контроль и новые правила. Юрист ФБК объясняет, как защитить себя и свои права.
__
🚫 Не работает YouTube? Используйте __[__@rosvpnbot__](http://t.me/rosvpnbot?start=tg_pp)__**
**
____🦙____ __[Популярная политика](http://t.me/politica_media)__ __| [Поддержать](http://donate.fbk.info/smm)",2639,7,3,politica_media
41161,2026-04-01T10:50:45+00:00,"❗️❕‼️🟥**🟧****РАЗБИЛСЯ САМОЛЕТ С ВОЕННЫМИ | ТЕЛЕГРАМ НЕ ЗАБЛОКИРОВАЛИ | УЛЬТИМАТУМ ПУТИНА ДЛЯ КИЕВА **

Смотреть:__ __https://youtu.be/B-6ovEP3en8**__
__**
Крушение самолета, ультиматум Путина и проблемы с оплатой услуг Apple. Давление на студентов и новые ограничения. Главные новости России и фронта прямо сейчас.

__Поддержите выход новых выпусков новостей на ____friends.politica.media____ 

🚫 Не работает YouTube? Используйте __[__@rosvpnbot__](http://t.me/rosvpnbot?start=tg_pp)__
__
__🦙____ __[Популярная политика](http://t.me/politica_media)",2671,2,0,politica_media
41160,2026-04-01T10:02:40+00:00,"🎧 **Слушайте подкасты «Популярной политики»!**

«Честное слово», «Бойко о главном» и «Темы дня» мы выпускаем не только на YouTube, но и в формате подкастов — на Spotify, Apple Music и SoundСloud.

🔗 __Слушайте там, где удобно: ____sdz.sh/w1HfY6__

__🦙____ __[Популярная политика](http://t.me/politica_media)",2641,2,0,politica_media
41157,2026-04-01T08:03:53+00:00,"**▪️****▫️****◾️****◽️****◼️****◻️****🔳****  В 11:15: Честное слово с Ренатом Давлетгильдеевым**

Включайте трансляцию в нашем Telegram-канале или на YouTube: https://youtube.com/live/p9nlI_oH8lk

__🦙____ __[Популярная политика](http://t.me/politica_media)__ __| [Поддержать](http://donate.fbk.info/smm)",3074,5,0,politica_media
41155,2026-04-01T06:56:59+00:00,"**Позор Москвы. Как Собянин не смог покорить столицу**

Смотреть: youtu.be/U1D3v9uA5Zo

Москва в панике. Город, который все годы войны умудрялся оставаться удобным, сейчас стремительно теряет свой лоск. Теперь здесь, порой, нельзя ни заплатить картой, ни даже сходить в уличный туалет. Причина — долгие отключения интернета, которые устраивают власти якобы в целых безопасности. Крушение Москвы как островка комфорта — удар ещё и по Сергею Собянину. Ведь он до последнего надеялся, что сможет увильнуть  и остаться невоенным мэром даже в условиях войны. 

Дмитрий Низовцев в новом видео рассказывает про то, как Собянин совершил историческую ошибку и чем это обернулось для него и для города.

❗️ [Навальный LIVE](https://t.me/navalnylivechannel) | [Поддержать](http://donate.fbk.info/smm)",2795,6,0,politica_media
41154,2026-03-31T16:23:52+00:00,"❗️❕‼️🟥🟧 **Более тысячи домов затоплены на Кавказе | Взрыв на химзаводе | Власти ограничивают домашний интернет
**
Итоги дня: https://youtu.be/O-CdTKa8uf0

Мощный взрыв на заводе в Нижнекамске — есть погибшие. Власти Рязанской области хотят обязать бизнес отправлять людей на войну. А на юге России начали тестировать «белые списки» для домашнего интернета.

__🚫 Не работает YouTube? Используйте __[__@rosvpnbot__](http://t.me/rosvpnbot?start=tg_pp)__
__
__🦙____ __[Популярная политика](http://t.me/politica_media)__ __| [Поддержать](http://donate.fbk.info/smm)",3147,2,1,politica_media
41153,2026-03-31T16:06:12+00:00,"**Как устроена интернет-цензура в России**

ФБК выпустил [доклад](https://fbk.info/files/acf-internet-report-RU.pdf) о системе блокировок: как в России развивается инфраструктура интернет-цензуры, почему обход ограничений становится всё сложнее и можно ли сохранить доступ к информации.

__🔗____ Обсудили это с директором ФБК Владиславом Романцовым в «Теме дня»: ____https://youtu.be/Or1Nw-JDuMY__

__🦙____ __[Популярная политика](http://t.me/politica_media)__ __| [Поддержать](http://donate.fbk.info/smm)",2911,6,1,politica_media
41152,2026-03-31T15:33:19+00:00,"**❗️****  Интернет завалило видео про проблемы малого бизнеса**

Смотреть: https://youtu.be/W9L41bbcZUY

В России впервые за 20 лет сокращается число магазинов — малый бизнес на грани выживания. Закрытия, рост цен и давление государства. 

Почему предприниматели массово уходят с рынка и что ждет экономику дальше — разбор с фактами и примерами.
__
🚫 Не работает YouTube? Используйте __[__@rosvpnbot__](http://t.me/rosvpnbot?start=tg_pp)__**
**
____🦙____ __[Популярная политика](http://t.me/politica_media)__ __| [Поддержать](http://donate.fbk.info/smm)",2908,8,1,politica_media
41150,2026-03-31T14:22:41+00:00,"**❗️****  Доклад ФБК: Вся правда о системе интернет-цензуры в России**

Смотреть: https://youtu.be/Or1Nw-JDuMY

Власти хотят сделать VPN платным: Минцифры обсуждает новые меры давления на пользователей. Как работает современная интернет-цензура в России, почему обход блокировок усложняется и можно ли защитить доступ к информации — на все эти вопросы отвечает ФБК в своём новом докладе.
__
🚫 Не работает YouTube? Используйте __[__@rosvpnbot__](http://t.me/rosvpnbot?start=tg_pp)__**
**
____🦙____ __[Популярная политика](http://t.me/politica_media)__ __| [Поддержать](http://donate.fbk.info/smm)",14596,43,1,politica_media
41148,2026-03-31T13:32:59+00:00,"**▪️****▫️****◾️****◽️****◼️****◻️****🔳****  В 17:00: Честное слово с Иваном Преображенским**

Включайте трансляцию в нашем Telegram-канале или на YouTube: https://youtube.com/live/RD3kD7m5Uy0

__🦙____ __[Популярная политика](http://t.me/politica_media)__ __| [Поддержать](http://donate.fbk.info/smm)",2783,3,0,politica_media
41147,2026-03-31T12:30:40+00:00,"«Если этот пар не выпустят, это будет чревато настоящим негодованием».

Анна Монгайт о росте недовольства в России на фоне давления на фермеров, проблем со связью и налогов для бизнеса.

__🔗____ Полный разговор смотрите в «Честном слове»: ____https://youtube.com/live/PmDbo2XiUMY__

__🦙____ __[Популярная политика](http://t.me/politica_media)__ __| [Поддержать](http://donate.fbk.info/smm)",2673,3,1,politica_media
41146,2026-03-31T12:08:55+00:00,"**❗️****  Орбан спасает друзей Путина. Венгрия в ЕС лоббирует снятие санкций с олигархов**

Смотреть: https://youtu.be/sXxzmR0Sgrc

Ближайший соратник Орбана, глава МИД Венгрии Петер Сийярто, лично лоббирует снятие санкций ЕС с российских олигархов и их семей. 

Как была устроена схема и чем теперь это грозит Будапешту — обсуждаем с журналистом Delfi Ильёй Бером.
__
🚫 Не работает YouTube? Используйте __[__@rosvpnbot__](http://t.me/rosvpnbot?start=tg_pp)__**
**
____🦙____ __[Популярная политика](http://t.me/politica_media)__ __| [Поддержать](http://donate.fbk.info/smm)",2632,3,0,politica_media
41145,2026-03-31T11:01:01+00:00,"❗️❕‼️🟥**🟧****ПЕРЕСТРЕЛКА С ПОЛИЦЕЙСКИМИ В ДАГЕСТАНЕ | РАСКРЫТ ПЛАН БОРЬБЫ С VPN | АБСУРДНОЕ НАГРАЖДЕНИЕ КАДЫРОВА**

Смотреть:__ __https://youtu.be/QBUvW_9Bb8A**__
__**
Опубликованы переговоры министра иностранных дел Сергея Лаврова с венгерским коллегой Петером Сийярто. Двое полицейских ранены после конфликта со стрельбой в Дагестане. А Минцифры готовит сразу несколько мер, чтобы россияне стали меньше использовать сервисы для обхода блокировок.

__🚫 Не работает YouTube? Используйте __[__@rosvpnbot__](http://t.me/rosvpnbot?start=tg_pp)__
__
🦙 [Популярная политика](http://t.me/politica_media) | [Поддержать](http://donate.fbk.info/smm)",2721,2,0,politica_media
41142,2026-03-31T07:35:21+00:00,"**▪️****▫️****◾️****◽️****◼️****◻️****🔳****  В 11:00: Честное слово с Анной Монгайт**

Включайте трансляцию в нашем Telegram-канале или на YouTube: https://youtube.com/live/PmDbo2XiUMY

__🦙____ __[Популярная политика](http://t.me/politica_media)__ __| [Поддержать](http://donate.fbk.info/smm)",3458,4,4,politica_media
41141,2026-03-30T17:18:04+00:00,"**Рост насильственных преступлений российских военных**

По данным расследования «Вот так», с начала полномасштабной войны количество дел об изнасилованиях, совершённых российскими военными, выросло в 4,5 раза. Также за это время военные совершили как минимум 729 убийств — на сотни больше, чем за предыдущие годы.

Увеличилось и число дел о насильственных действиях сексуализированного характера. При этом ни одного приговора в отношении военных суды не опубликовали.

__🔗____ Обсудили расследование с Валерией Микаевой в «Теме дня»: __[__https://youtu.be/n7MUGgoaFtM__](https://youtu.be/n7MUGgoaFtM)

__🦙____ __[Популярная политика](http://t.me/politica_media)__ __| [Поддержать](http://donate.fbk.info/smm)",3199,7,3,politica_media
41139,2026-03-30T15:58:01+00:00,"❗️❕‼️🟥🟧 **Раскрыта ложь Мизулиной | Люди вышли на сход в Курске | Тысячи магазинов закрываются 
**
Итоги дня: https://youtu.be/BO6LSmUAz24

Тайные доходы семьи главы Службы внешней разведки — его родственники ведут торговлю со странами НАТО. Элла Памфилова вновь стала главой ЦИК — уже в третий раз. А охотница на знаменитостей Екатерина Мизулина наврала налоговой службе.

__🚫 Не работает YouTube? Используйте __[__@rosvpnbot__](http://t.me/rosvpnbot?start=tg_pp)__
__
__🦙____ __[Популярная политика](http://t.me/politica_media)__ __| [Поддержать](http://donate.fbk.info/smm)",3307,5,1,politica_media
41137,2026-03-30T15:05:56+00:00,"**🔴****🟠****🟡****  Рейтинг ЕР рухнул | Путин запрещает зарубежное кино | Студенты не хотят на войну**

Включайте эфир в 18:30: https://youtube.com/live/zaP0DIJfjns**
**
Рейтинги Путина стали самыми низкими за всё время войны. Студенты из Северной Осетии подписывают петицию против вербовки на войну. А Путин заявил, что России не стоит безразборно допускать иностранное кино на внутренний рынок.

Эти и другие новости обсудим в новом выпуске «Бойко о главном».

__🦙____ __[Популярная политика](http://t.me/politica_media)__ __| [Поддержать](http://donate.fbk.info/smm)",3019,5,0,politica_media
41135,2026-03-30T14:48:47+00:00,"**❗️****  Мессенджер Max оказался ещё хуже, чем мы думали
**
Смотреть: https://youtu.be/8Uq8qHbGtdY

С самого запуска мессенджер «Макс» ненавидят почти все — и с каждой неделей поводов всё больше. Сбои, уязвимости и принудительная установка лишь усиливают негатив. 

Почему «национальный» сервис вызывает страх и недоверие — в разборе Александра Макашенца.
__
🚫 Не работает YouTube? Используйте __[__@rosvpnbot__](http://t.me/rosvpnbot?start=tg_pp)__**
**
____🦙____ __[Популярная политика](http://t.me/politica_media)__ __| [Поддержать](http://donate.fbk.info/smm)",2930,21,0,politica_media
41133,2026-03-30T13:38:34+00:00,"**❗️****  Рост убийств и изнасилований. Как российские военные превращают Россию в зону СВО**

Смотреть: https://youtu.be/n7MUGgoaFtM

Резкий рост насильственных преступлений среди российских военных в тылу: убийства и изнасилования. Почему «новая элита» все чаще становится источником угрозы? 

Обсуждаем расследование «Вот так» с Валерией Микаевой.
__
🚫 Не работает YouTube? Используйте __[__@rosvpnbot__](http://t.me/rosvpnbot?start=tg_pp)__**
**
____🦙____ __[Популярная политика](http://t.me/politica_media)__ __| [Поддержать](http://donate.fbk.info/smm)",2852,9,0,politica_media
41132,2026-03-30T13:31:44+00:00,"**▪️****▫️****◾️****◽️****◼️****◻️****🔳****  В 17:00: Честное слово с Вячеславом Ширяевым**

Включайте трансляцию в нашем Telegram-канале или на YouTube: https://youtube.com/live/qY3ZVHy1oMY

__🦙____ __[Популярная политика](http://t.me/politica_media)__ __| [Поддержать](http://donate.fbk.info/smm)",2534,4,0,politica_media
41131,2026-03-30T11:40:40+00:00,"**🫶🏻 Поддержите «Популярную политику»**

Каждый день мы работаем для того, чтобы рассказывать правду как можно большему числу людей в России и за её пределами. Поддержите то, что мы делаем!

🔴Становитесь спонсором канала:
youtube.com/channel/UC7Elc-kLydl-NAV4g204pDQ/join

🔴Поддержите любимую программу: friends.politica.media

🔴Отправьте донат с помощью карты или криптовалюты на сайте: [donate.fbk.info](http://donate.fbk.info/smm)

**Спасибо, что вы с нами!**

__🦙____ __[Популярная политика](http://t.me/politica_media)",2591,2,2,politica_media
41130,2026-03-30T11:30:04+00:00,"❗️❕‼️🟥**🟧****МИТИНГИ В МОСКВЕ И НОВОСИБИРСКЕ | ПОЖАР В ЯРОСЛАВЛЕ | ПРОВАЛ НАСТУПЛЕНИЯ, СОЖЖЕНЫ КОЛОННЫ ТЕХНИКИ**

Смотреть:__ __https://youtu.be/R_DOjNh5Veo**__
__**
Длительные ливни стали причиной наводнений на Северном Кавказе: в регионе подтопило сотни домов, а сотни тысяч людей остались без электричества. Крупный пожар в жилом доме произошёл в Ярославле. А в России на выходных прошли несколько акций протеста против блокировок в Интернете.

__🚫 Не работает YouTube? Используйте __[__@rosvpnbot__](http://t.me/rosvpnbot?start=tg_pp)__
__
🦙 [Популярная политика](http://t.me/politica_media) | [Поддержать](http://donate.fbk.info/smm)",2754,4,1,politica_media
41128,2026-03-30T08:27:38+00:00,"**Тачки. Деньги. Два ствола. Обыск на вилле короля оборонзаказа**

Смотреть: youtu.be/moR1K54nWUg

Полиция Испании провела обыски на виллах главы госкомпании «Вертолеты России» Николая Колесова. В прошлом году ФБК выпустил расследование про его роскошное европейское имущество, купленное на коррупционные деньги, и обратился в правоохранительные органы Испании. За этим последовали уголовное дело и обыски, в рамках которых на виллах оборонщика были найдены сотни тысяч евро наличных, роскошный автопарк, коллекция часов и другие богатства. 

Мария Певчих рассказывает об этой важной победе «Фонда борьбы с коррупцией».

🔴 Поддержите нашу работу: [donate.fbk.info](http://donate.fbk.info/smm)

❗️ [Команда Навального](https://t.me/+NT76PYctopw1NjI6)** **|** **[Поддержать](http://donate.fbk.info/smm)",2649,6,0,politica_media
41126,2026-03-30T07:31:41+00:00,"**▪️****▫️****◾️****◽️****◼️****◻️****🔳****  В 11:00: Честное слово с Ксенией Лученко**

Включайте трансляцию в нашем Telegram-канале или на YouTube: https://youtube.com/live/shYXpmKeZHM

__🦙____ __[Популярная политика](http://t.me/politica_media)__ __| [Поддержать](http://donate.fbk.info/smm)",3289,5,0,politica_media
41125,2026-03-29T14:52:27+00:00,"**ФСБ провела «эксперимент»**

В Свердловской области ФСБ отчиталась об «эксперименте»: жителям предлагали за деньги совершать диверсий через анонимный телеграм-бот. Объявление за несколько часов посмотрели 28 тысяч человек, 176 перешли в бот, а до конца «диалога» дошли десять.

По словам представительницы ведомства Елены Докучаевой, информацию о всех, кто «проявил готовность к незаконной деятельности», передали правоохранительным органам «для принятия соответствующих мер».

__ ____🔗____ Об этом и других криминальных событиях недели рассказываем в новом выпуске «Криминальной России»: ____https://youtu.be/JeyeR5zppbI__

__🦙____ __[Популярная политика](http://t.me/politica_media)__ __| [Поддержать](http://donate.fbk.info/smm)",3868,18,4,politica_media
41124,2026-03-28T16:55:26+00:00,"**#Дайджест**** главных «Тем дня» этой недели.** 

Если вы пропустили выпуски — рассказываем, что произошло.

• **Ящур в Сибири.** Массовый забой скота в Сибири может быть связан со вспышкой ящура, а не пастереллёза. __Что происходит на самом деле — разговор с юристом ФБК Александром Помазуевым — __[__смотреть__](https://youtu.be/UV9cEsFD6iM)__
__
• **Забой скота в Козихе.** В Новосибирской области завершился забой скота в селе Козиха — последняя семья согласилась отдать животных. __Обсуждаем последствия с Андреем Перцевым — __[__смотреть__](https://youtu.be/t8PCYRemKPQ)__
__
• **Богатства главы Россельхознадзора.** Глава ведомства Сергей Данкверт зарабатывает на забое скота: конфликт интересов и семейный агробизнес. __Разбор Ильи Давлятчина — __[__смотреть__](https://youtu.be/UzQ76AoyMGA)

• **Падение рейтинга власти.** Поддержка «Единой России» снизилась до 29,3% по данным ВЦИОМ. __Обсуждаем с Леонидом Волковым — __[__смотреть__](https://youtu.be/9ji7PtoPx54)__
__
• **Адам Кадыров и звание. **Адам Кадыров впервые появился на публике после ДТП — с погонами лейтинанта МВД. __Разговор с журналистом и правозащитником Магомедом Ториевым — __[__смотреть__](https://youtu.be/K8d4rvtXCGs)__
__
**💙**** Поддержите выход новых выпусков «Тем дня» на ****friends.politica.media**

__🦙____ __[Популярная политика](http://t.me/politica_media)",3840,2,2,politica_media
41118,2026-03-28T15:58:51+00:00,"Убийство ради «гробовых», пропажа Никиты Журавеля, звание Адама Кадырова, законы для контрактников, «эксперименты» ФСБ и прощание с Айшат Баймурадовой

__🔗____ Рассказываем о криминальных событиях недели в карточках и новом выпуске «Криминальной России»: ____https://youtu.be/JeyeR5zppbI__

__🦙____ __[Популярная политика](http://t.me/politica_media)__ __| [Поддержать](http://donate.fbk.info/smm)",3351,5,1,politica_media
41117,2026-03-28T08:29:52+00:00,"❗️**КОЛОННЫ РАЗГРОМЛЕНЫ, АТАКИ ОТБИТЫ | ГОРЯТ НЕФТЯНЫЕ ПОРТЫ БАЛТИКИ | ОСВОБОЖДЕНИЕ КУПЯНСКА
**
Военное положение: https://youtu.be/AqPu3qcTlBk

Украинские дроны массированно атаковали нефтяные порты на Балтике, остановив 40% экспорта чёрного золота. Весеннее наступление провалилось — остановить его призывают даже зетники. Тем временем ВСУ практически полностью освободили Купянск. Путин требует олигархов скинуться на войну, набор контрактников снижается, а в оккупированном Крыму ВСУ уничтожили пусковую установку гиперзвуковых ракет «Циркон».
__
🚫 Не работает YouTube? Используйте __[__@rosvpnbot__](http://t.me/rosvpnbot?start=tg_pp)__**
**
____🦙____ __[Популярная политика](http://t.me/politica_media)__ __| [Поддержать](http://donate.fbk.info/smm)",3854,5,1,politica_media
41116,2026-03-27T19:05:01+00:00,"**Рейтинг «Единой России» падает**

По данным нового опроса ВЦИОМ, уровень поддержки «Единой России» снизился до 29,3% — это один из самых низких показателей с начала войны против Украины. Рейтинг Владимира Путина также снизился до минимальных значений.

__🔗____ Обсудили это с Леонидом Волковым в «Теме дня»: ____https://youtu.be/9ji7PtoPx54__

__🦙____ __[Популярная политика](http://t.me/politica_media)__ __| [Поддержать](http://donate.fbk.info/smm)",3777,6,4,politica_media
41115,2026-03-27T17:18:58+00:00,"❗️❕‼️🟥🟧**Рейтинг Путина рухнул | Запрет митингов против блокировок | БПЛА бьют по нефтяным портам **

Итоги дня: https://youtu.be/p0eUesNdp9g

Падение рейтинга Путина, массовые блокировки Telegram и запрет митингов, а также удары по нефтяной инфраструктуре России — главные новости дня. Разбираем последние соцопросы, протесты, экономические последствия и военные события.
__
🚫 Не работает YouTube? Используйте __[__@rosvpnbot__](http://t.me/rosvpnbot?start=tg_pp)__**
**
____🦙____ __[Популярная политика](http://t.me/politica_media)__ __| [Поддержать](http://donate.fbk.info/smm)",3515,5,6,politica_media
41114,2026-03-27T15:14:27+00:00,"🔴** ФСБ экспериментирует на людях. МВД боится митингов. Кадыров показывает звезды 

**Криминальная Россия: https://youtu.be/JeyeR5zppbI

Убийство ради «гробовых», мошенничество с выплатами и новые преступления военных. Провокации ФСБ, странные приговоры и громкие задержания — самые шокирующие криминальные истории недели, о которых не расскажут по ТВ.

__🦙____ __[Популярная политика](http://t.me/politica_media)__ __| [Поддержать](http://donate.fbk.info/smm)",3492,8,6,politica_media
41112,2026-03-27T14:17:00+00:00,"**❗️****  Богатства главы Россельхознадзора. Как живет виновник катастрофы в Сибири**

Смотреть: https://youtu.be/UzQ76AoyMGA

Расследование «Эксплейнера»: глава Россельхознадзора Сергей Данкверт делает деньги на забое скота. Конфликт интересов, семейный агробизнес и миллиарды — разбор фактов от журналиста Ильи Давлятчина.
__
🚫 Не работает YouTube? Используйте __[__@rosvpnbot__](http://t.me/rosvpnbot?start=tg_pp)__**
**
____🦙____ __[Популярная политика](http://t.me/politica_media)__ __| [Поддержать](http://donate.fbk.info/smm)",3423,12,0,politica_media
41110,2026-03-27T13:32:57+00:00,"**▪️****▫️****◾️****◽️****◼️****◻️****🔳****  В 17:00: Честное слово с Евгением Чичваркиным **

Включайте трансляцию в нашем Telegram-канале или на YouTube: https://youtube.com/live/Hgi4_7xPvn8

__🦙____ __[Популярная политика](http://t.me/politica_media)__ __| [Поддержать](http://donate.fbk.info/smm)",3233,7,0,politica_media
41109,2026-03-27T13:07:30+00:00,"**❗️****  Путина и Единую Россию ненавидят. Новые опросы фиксируют падение рейтинга**

Смотреть: https://youtu.be/9ji7PtoPx54

Падение рейтинга «Единой России» подтверждают даже государственные социологи ВЦИОМ: поддержка снизилась до 29,3%. 

Что стоит за этим трендом и какие последствия ждут власть? Обсуждаем с политиком Леонидом Волковым.
__
🚫 Не работает YouTube? Используйте __[__@rosvpnbot__](http://t.me/rosvpnbot?start=tg_pp)__**
**
____🦙____ __[Популярная политика](http://t.me/politica_media)__ __| [Поддержать](http://donate.fbk.info/smm)",3039,6,1,politica_media
41108,2026-03-27T12:12:57+00:00,"❗️❕‼️🟥**🟧****НАПАДЕНИЕ НА БАНК В МОСКВЕ | ОЛИГАРХИ СКИДЫВАЮТСЯ НА ВОЙНУ | МАССОВЫЕ АРЕСТЫ ЧИНОВНИКОВ В СОЧИ **

Смотреть:__ __https://youtu.be/OAi_jiWrHug**__
__**
Подросток поджёг банкомат в Москве по указке мошенников, БПЛА атакуют порты и заводы в России, а власти требуют от бизнеса «добровольные» взносы на войну.

__🚫 Не работает YouTube? Используйте __[__@rosvpnbot__](http://t.me/rosvpnbot?start=tg_pp)__
__
🦙 [Популярная политика](http://t.me/politica_media) | [Поддержать](http://donate.fbk.info/smm)",3065,3,0,politica_media
41105,2026-03-27T07:34:22+00:00,"**▪️****▫️****◾️****◽️****◼️****◻️****🔳****  В 11:00: Честное слово с Антоном Долиным**

Включайте трансляцию в нашем Telegram-канале или на YouTube: https://youtube.com/live/ckGjnzs4Fq0

__🦙____ __[Популярная политика](http://t.me/politica_media)__ __| [Поддержать](http://donate.fbk.info/smm)",3685,5,0,politica_media
41104,2026-03-26T17:38:45+00:00,"**Политзаключённый Никита Журавель пропал во время этапирования**

Он не выходит на связь с семьёй с конца 2025 года — последнее письмо родственники получили в декабре.

В 2024 году Журавель был осуждён по обвинению в сожжении Корана и госизмене.

🦙 [Популярная политика](http://t.me/politica_media) | [Поддержать](http://donate.fbk.info/smm)",3471,5,0,politica_media
41102,2026-03-26T17:11:55+00:00,"❗️❕‼️🟥🟧 **Исчез враг Кадырова | Новое повышение налогов | Единая Россия штрафует медиков**

Итоги дня: https://youtu.be/CJllJZT6n7c

Никита Журавель пропал при этапировании — ФСИН отрицает, семья в панике. Путин успокаивает бизнес, пока угольная отрасль теряет 600 млрд, Telegram умирает, а «Единая Россия» штрафуют врачей за разговоры об абортах.

__🚫 Не работает YouTube? Используйте __[__@rosvpnbot__](http://t.me/rosvpnbot?start=tg_pp)__
__
__🦙____ __[Популярная политика](http://t.me/politica_media)__ __| [Поддержать](http://donate.fbk.info/smm)",3395,4,0,politica_media
41101,2026-03-26T15:51:13+00:00,"**❗️****  Зетники подрались во время интервью: причем здесь Алаудинов и доносчик Ремесло**

Смотреть: https://youtu.be/qjR4F7y0z1w

Драка Z-блогера с помощником депутата Вассермана, фейк со старым видео и угрозы Апти Алаудинова — разбираем громкий скандал в провластной тусовке.
__
🚫 Не работает YouTube? Используйте __[__@rosvpnbot__](http://t.me/rosvpnbot?start=tg_pp)__**
**
____🦙____ __[Популярная политика](http://t.me/politica_media)__ __| [Поддержать](http://donate.fbk.info/smm)",3237,6,0,politica_media
41099,2026-03-26T15:02:58+00:00,"**🔴****🟠****🟡****  США нашли ящур в Сибири | Минцифры усилит блокировки | Очереди за загранами
**
Включайте эфир в 18:30: https://youtube.com/live/zhzSyKgLjsM**
**
Россияне не могут оформить загранпаспорта из-за перегрузки отделений МВД. Минсельхоз США заявил об эпидемии ящура в РФ. Правительство к 2030 году собирается фильтровать весь интернет-трафик. На это уже заложили 15 миллиардов рублей.

Эти и другие новости обсудим в новом выпуске «Бойко о главном».

__🦙____ __[Популярная политика](http://t.me/politica_media)__ __| [Поддержать](http://donate.fbk.info/smm)",3185,9,0,politica_media
41097,2026-03-26T14:32:28+00:00,"**❗️****  Сын Кадырова появился на публике – впервые после ДТП**

Смотреть: https://youtu.be/K8d4rvtXCGs

Адам Кадыров появился на публике с погонами офицера МВД. Разбираем его реальное состояние после январского ДТП с журналистом и правозащитником Магомедом Ториевым.
__
🚫 Не работает YouTube? Используйте __[__@rosvpnbot__](http://t.me/rosvpnbot?start=tg_pp)__**
**
____🦙____ __[Популярная политика](http://t.me/politica_media)__ __| [Поддержать](http://donate.fbk.info/smm)",3004,4,1,politica_media
41096,2026-03-26T14:24:43+00:00,"**Наши друзья сделали бесплатный прокси для Telegram.** 

Он надёжный и безопасный, а подключить его очень просто:

🔜 Открыть бот: t.me/rosvpnbot?start=proxy
🔜 Нажать на кнопку «Бесплатный прокси для Telegram».
🔜 Подтвердить включение.

Готово! Теперь для работы Telegram вам даже не нужен ВПН. 

🔴 Отправьте [эту ссылку](http://t.me/rosvpnbot?start=proxy) своим родным и знакомым, чтобы они тоже оставались на связи в привычном менеджере.

__🦙____ __[Популярная политика](http://t.me/politica_media)",3358,175,0,politica_media
41094,2026-03-26T13:33:17+00:00,"**▪️****▫️****◾️****◽️****◼️****◻️****🔳****  В 17:00: Честное слово с Владиславом Жуковским**

Включайте трансляцию в нашем Telegram-канале или на YouTube: https://youtube.com/live/mkoF69H9UxE

__🦙____ __[Популярная политика](http://t.me/politica_media)__ __| [Поддержать](http://donate.fbk.info/smm)",3077,2,0,politica_media
41093,2026-03-26T11:02:32+00:00,"❗️❕‼️🟥**🟧****НАПАДЕНИЕ НА ШКОЛУ | ЗАПРЕТИЛИ ОСКАРОНОСНЫЙ ФИЛЬМ | ВЛАСТИ СРЫВАЮТ ПРОТЕСТ ФЕРМЕРОВ 
**
Смотреть:__ __https://youtu.be/nc9RxO37YCE**__
__**
Стрельба в школе Челябинска: подросток с оружием напал на одноклассницу. Сын Кадырова стал майором в 18 лет. Запрет фильма, получившего «Оскар», усиление цензуры, удары по Украине и пожар в Усть-Луге — главные новости к этому часу.

__🚫 Не работает YouTube? Используйте __[__@rosvpnbot__](http://t.me/rosvpnbot?start=tg_pp)__
__
🦙 [Популярная политика](http://t.me/politica_media) | [Поддержать](http://donate.fbk.info/smm)",2897,0,0,politica_media
41090,2026-03-26T07:33:47+00:00,"**▪️****▫️****◾️****◽️****◼️****◻️****🔳****  В 11:00: Честное слово с Матвеем Ганапольским**

Включайте трансляцию в нашем Telegram-канале или на YouTube: https://youtube.com/live/TqatEtX3wvs

__🦙____ __[Популярная политика](http://t.me/politica_media)__ __| [Поддержать](http://donate.fbk.info/smm)",2955,6,0,politica_media
41089,2026-03-26T07:21:44+00:00,"**Позор армии. Как люди Шойгу разграбили Минобороны**

Смотреть: youtu.be/Z347N6XtJYI

Последние месяцы в Минобороны идут масштабные чистки — вместе с увольнением Сергея Шойгу под раздачу попали его заместители, генералы и армейские подрядчики. Кого-то снимают с должности, кого-то сажают на крупные сроки, а кто-то умирает загадочной смертью. Пока что благодаря Путину сам Шойгу остаётся на свободе — но тучи сгущаются и над ним. 

Руслан Шаведдинов рассказывает о том, что стало с командой Сергея Шойгу — и как его люди воровали из российского бюджета.

❗️ [Навальный LIVE](https://t.me/navalnylivechannel) | [Поддержать](http://donate.fbk.info/smm)",2961,5,0,politica_media
41088,2026-03-25T17:30:01+00:00,"**Убой скота в Сибири может быть связан со вспышкой ящура**

Массовый убой скота в Сибири может быть связан не с пастереллёзом и бешенством, как утверждают власти, а с ящуром — опасным и заразным заболеванием, вспышка которого грозит остановкой экспорта мяса и молочной продукции из региона.

При этом власти могли знать о вспышке заранее, но скрывать её, чтобы избежать ограничений на экспорт.
**
**__🔗____ Обсудили это с юристом ФБК Александром Помазуевым в «Теме дня»: ____https://youtu.be/UV9cEsFD6iM__

🦙 [Популярная политика](http://t.me/politica_media) | [Поддержать](http://donate.fbk.info/smm)",3434,16,0,politica_media
41087,2026-03-25T16:53:39+00:00,"❗️❕‼️🟥🟧 **Ракетный обстрел Белгорода | Власти испугались митингов | Чистки в мессенджере Max**

Итоги дня: https://youtu.be/fyALJbQPAsM

МВД хочет продавать персональные данные граждан, массовые блокировки чатов и сбои связи усиливаются, а власти готовят электронное голосование через спутники. Разбираем, как новые инициативы ударят по россиянам, что происходит с интернетом и безопасностью, а также ситуацию на фронте, атаки дронов и эвакуацию жителей приграничных регионов.

__🚫 Не работает YouTube? Используйте __[__@rosvpnbot__](http://t.me/rosvpnbot?start=tg_pp)__
__
__🦙____ __[Популярная политика](http://t.me/politica_media)__ __| [Поддержать](http://donate.fbk.info/smm)",3338,4,0,politica_media
41084,2026-03-25T14:09:46+00:00,"**❗️****  Скандал! Власть скрывала правду про ящур в Сибири**

Смотреть: [youtu.be/UV9cEsFD6iM](https://youtu.be/UV9cEsFD6iM)

Массовый забой скота в России может быть связан со вспышкой ящура, а не пастереллёза. Власти скрывают эпидемию? Обсуждаем с юристом ФБК Александром Помазуевым — что происходит на самом деле.
__
🚫 Не работает YouTube? Используйте __[__@rosvpnbot__](http://t.me/rosvpnbot?start=tg_pp)__**
**
____🦙____ __[Популярная политика](http://t.me/politica_media)__ __| [Поддержать](http://donate.fbk.info/smm)",3485,11,0,politica_media
41083,2026-03-25T14:03:38+00:00,"Друзья, по техническим причинам эфир «Честного слова» задерживается на 10-15 минут. 

__🦙____ __[Популярная политика](http://t.me/politica_media)",2733,0,0,politica_media
41082,2026-03-25T13:34:52+00:00,"**▪️****▫️****◾️****◽️****◼️****◻️****🔳****  В 17:00: Честное слово с Сергеем Бойко**

Включайте трансляцию в нашем Telegram-канале или на YouTube: https://youtube.com/live/GS4rc6U5kYI

__🦙____ __[Популярная политика](http://t.me/politica_media)__ __| [Поддержать](http://donate.fbk.info/smm)",2893,3,0,politica_media
41081,2026-03-25T13:07:32+00:00,"**❗️****  Поражение России. Украина отбила Купянск**

Смотреть: [youtu.be/mq6c5ASahrk](https://youtu.be/mq6c5ASahrk)

Купянск под контролем ВСУ — это подтверждают даже Z-военкоры, несмотря на заявления Путина и Минобороны. Что будет дальше на фронте и какие последствия ждут армию РФ? Обсуждаем с военным аналитиком Яном Матвеевым.
__
🚫 Не работает YouTube? Используйте __[__@rosvpnbot__](http://t.me/rosvpnbot?start=tg_pp)__**
**
____🦙____ __[Популярная политика](http://t.me/politica_media)__ __| [Поддержать](http://donate.fbk.info/smm)",2707,12,1,politica_media
41080,2026-03-25T11:47:23+00:00,"❗️❕‼️🟥**🟧****МИЛЛИАРДЕРА ЗАДЕРЖАЛИ НА РУБЛЕВКЕ | АТАКОВАН ПОРТ В ЛЕНОБЛАСТИ | ФСБ ПРИЗНАЛАСЬ В ПОДСТАВАХ**

Смотреть:__ __[youtu.be/FeqSmkaTczc](https://youtu.be/FeqSmkaTczc)**__
__**
Крупнейшая атака дронов по России: удар по Усть-Луге и Выборгу. Масштабные обстрелы Украины — десятки погибших и разрушения. В России — задержание бизнесмена, скандал с ФСБ и новые уголовные дела.

__🚫 Не работает YouTube? Используйте __[__@rosvpnbot__](http://t.me/rosvpnbot?start=tg_pp)__
__
🦙 [Популярная политика](http://t.me/politica_media) | [Поддержать](http://donate.fbk.info/smm)",2882,2,0,politica_media
41077,2026-03-25T07:35:57+00:00,"**▪️****▫️****◾️****◽️****◼️****◻️****🔳****  В 11:00: Честное слово с Игорем Липсицем**

Включайте трансляцию в нашем Telegram-канале или на YouTube: https://youtube.com/live/XmftPlElC7M

__🦙____ __[Популярная политика](http://t.me/politica_media)__ __| [Поддержать](http://donate.fbk.info/smm)",3475,6,0,politica_media
41076,2026-03-24T18:30:01+00:00,"**В центре Москвы снова заработал мобильный интернет **— несколько дней без связи ударили по магазинам, банкам и доставке. 

При этом власти прямо заявляют: **связь будут ограничивать «столько, сколько нужно»** — «в соответствии с законом», ранее говорил Дмитрий Песков.

И это решение — отключения связи и блокировка Telegram — сейчас вызывает критику не только среди пользователей, но и среди представителей власти. Об этом говорят журналисты со ссылкой на источники в различных ведомствах.

__🔗____ Кто выступил против ограничений и что будет дальше — в разборе Александра Макашенца: ____https://youtu.be/zyT42K7gFrQ__

__🦙____ __[Популярная политика](http://t.me/politica_media)__ __| [Поддержать](http://donate.fbk.info/smm)",3311,6,3,politica_media
41075,2026-03-24T16:45:31+00:00,"❗️❕‼️🟥🟧 **Дефицит кадров в МВД | Раскрыта масштабная провокация ФСБ | Иран согласился на переговоры с Трампом
**
Итоги дня: https://youtu.be/2o34FWTFMbw

В МВД ужасный дефицит кадров — но богатый депутат-единоросс нашёл решение. Детсадовцам начали рассказывать о службе в беспилотных войсках. А новый аятолла Ирана согласился на переговоры с США.

__🚫 Не работает YouTube? Используйте __[__@rosvpnbot__](http://t.me/rosvpnbot?start=tg_pp)__
__
__🦙____ __[Популярная политика](http://t.me/politica_media)__ __| [Поддержать](http://donate.fbk.info/smm)",3107,3,0,politica_media
41074,2026-03-24T15:11:55+00:00,"**❗️****  «Мы ухудшаем жизнь народа». Чиновников и пропагандистов злят блокировки интернета**

Смотреть: https://youtu.be/zyT42K7gFrQ

В Москве заработал мобильный интернет — теперь это подаётся как главная новость дня. Несколько дней без связи парализовали работу магазинов, банковских приложений и сервисов доставки. Что удивительно, решения о блокировках и ограничении Telegram вызвали критику не только среди пользователей и блогеров, но и среди госслужащих и экспертов — от бывшего разведчика Андрея Безрукова до губернатора Белгородской области Вячеслава Гладкова и главы Россотрудничества Евгения Примакова. 

Кто ещё осудил блокировки в интернете и сдаст ли власть назад — в разборе Александра Макашенца.
__
🚫 Не работает YouTube? Используйте __[__@rosvpnbot__](http://t.me/rosvpnbot?start=tg_pp)__**
**
____🦙____ __[Популярная политика](http://t.me/politica_media)__ __| [Поддержать](http://donate.fbk.info/smm)",3035,12,1,politica_media
41071,2026-03-24T13:31:29+00:00,"**▪️****▫️****◾️****◽️****◼️****◻️****🔳****  В 17:00: Честное слово с Михаилом Фишманом**

Включайте трансляцию в нашем Telegram-канале или на YouTube: https://youtube.com/live/Ci5oTG2N1OY

__🦙____ __[Популярная политика](http://t.me/politica_media)__ __| [Поддержать](http://donate.fbk.info/smm)",3133,5,0,politica_media
41070,2026-03-24T12:27:10+00:00,"**❗️****  «Родители тоже сдались». Власть убила всех животных в новосибирском селе**

Смотреть: https://youtu.be/t8PCYRemKPQ

В Новосибирской области завершился забой скота в селе Козиха  — последняя семья согласилась отдать животных под предлогом борьбы с заболеваниями. Ранее жители пытались сопротивляться, но, по словам местных, на фермеров оказывалось давление, и они были вынуждены уступить. Массовый убой скота в Сибири вызвал огромный резонанс и привлёк внимание тех, кто раньше не высказывался о политической ситуации в стране. 

О том, какие последствия может иметь этот конфликт и как меняется отношение людей к власти, — поговорили с журналистом Андреем Перцевым.
__
🚫 Не работает YouTube? Используйте __[__@rosvpnbot__](http://t.me/rosvpnbot?start=tg_pp)__**
**
____🦙____ __[Популярная политика](http://t.me/politica_media)__ __| [Поддержать](http://donate.fbk.info/smm)",3031,10,1,politica_media
41069,2026-03-24T10:40:07+00:00,"❗️❕‼️🟥**🟧****MAX НЕ УВЕДОМЛЯЕТ О ВОЗДУШНОЙ ОПАСНОСТИ | В МОСКВУ ВЕРНУЛСЯ ИНТЕРНЕТ | УМЕР ДЕПУТАТ-ЕДИНОРОСС**

Смотреть:__ __https://youtu.be/i9dhCR299_4**__
__**
Губернатор Вячеслав Гладков признал, что пуш-уведомления в MAX не могут работать без иностранного программного обеспечения. Путин разрешил сотрудникам частных охранных компаний носить автоматическое оружие. А в центре Москвы, похоже, частично заработал мобильный интернет.

__🚫 Не работает YouTube? Используйте __[__@rosvpnbot__](http://t.me/rosvpnbot?start=tg_pp)__
__
🦙 [Популярная политика](http://t.me/politica_media) | [Поддержать](http://donate.fbk.info/smm)",3283,7,0,politica_media
41068,2026-03-24T09:17:40+00:00,"**Денег нет. Реальная жизнь в регионах **

Смотреть: youtu.be/4f5T3GsHvU0

«Дефицит» — слово, знакомое каждому жителю нашей страны. Все сразу представляют пустые полки и очереди на часы. Но есть и другой дефицит — в масштабах региона он выглядит как неотремонтированная школа, неубранная свалка и ноль рублей на счету, хотя зарплату обещали две недели назад. 

Анастасия Кадетова рассказывает о том, насколько все плохо с деньгами в регионах. Спойлер: хуже, чем вы себе представляете.

❗️ [Навальный LIVE](https://t.me/navalnylivechannel) | [Поддержать](http://donate.fbk.info/smm)",2747,3,0,politica_media
41065,2026-03-24T07:31:38+00:00,"**▪️****▫️****◾️****◽️****◼️****◻️****🔳****  В 11:00: Честное слово с Владимиром Миловым**

Включайте трансляцию в нашем Telegram-канале или на YouTube: https://youtube.com/live/k2MXDE__tDM

__🦙____ __[Популярная политика](http://t.me/politica_media)__ __| [Поддержать](http://donate.fbk.info/smm)",3288,8,0,politica_media
41063,2026-03-23T16:31:21+00:00,"❗️❕‼️🟥🟧 **Приговор главному коррупционеру Ижевска | Заканчивается золотой запас | В Сибири убили весь скот**

Итоги дня: https://youtu.be/8byleiv7nWw

У последнего фермера из Новосибирской области уничтожили весь скот — он угрожал сжечь себя. Золотой запас России снизился до минимума с марта 2022 года. А бывшему мэру Ижевска вынесли приговор по делу о превышении полномочий.

__🚫 Не работает YouTube? Используйте __[__@rosvpnbot__](http://t.me/rosvpnbot?start=tg_pp)__
__
__🦙____ __[Популярная политика](http://t.me/politica_media)__ __| [Поддержать](http://donate.fbk.info/smm)",3493,4,0,politica_media
41061,2026-03-23T15:02:09+00:00,"**🔴****🟠****🟡****  Белые списки теперь и дома | Сибирские фермеры: без коров, но за Путина**

Включайте эфир в 18:30: https://youtube.com/live/CrKmu1IrFFE**
**
Забой скота в Новосибирской области продолжается: фермеры требуют отставки губернатора, перекрывают дороги и записывают обращения. Тем временем московские провайдеры готовят «белые списки» для домашнего интернета.

Эти и другие новости обсудим в новом выпуске «Бойко о главном».

__Поддержите выход новых выпусков «Бойко о главном» на ____friends.politica.media__

__🦙____ __[Популярная политика](http://t.me/politica_media)__ __| [Поддержать](http://donate.fbk.info/smm)",3103,5,0,politica_media
41060,2026-03-23T14:02:37+00:00,"**❗️****  Ложь Путина на совещании. Разбор от экономиста**

Смотреть: https://youtu.be/iJ4TqKSmt74

Путин признал спад экономики России: ВВП падает, промышленность в минусе, прогнозы ухудшаются. 

Почему рост замедлился и что дальше ждёт страну — разбор с экономистом Максимом Блантом.
__
🚫 Не работает YouTube? Используйте __[__@rosvpnbot__](http://t.me/rosvpnbot?start=tg_pp)__**
**
____🦙____ __[Популярная политика](http://t.me/politica_media)__ __| [Поддержать](http://donate.fbk.info/smm)",2830,11,0,politica_media
41059,2026-03-23T13:36:09+00:00,"**▪️****▫️****◾️****◽️****◼️****◻️****🔳****  В 17:00: Честное слово с Михаилом Крутихиным**

Включайте трансляцию в нашем Telegram-канале или на YouTube: https://youtube.com/live/eUWpAjtLmQI

__🦙____ __[Популярная политика](http://t.me/politica_media)__ __| [Поддержать](http://donate.fbk.info/smm)",2890,7,0,politica_media
41058,2026-03-23T12:56:16+00:00,"**❗️****  Семья Симоньян страдает. Что с пропагандисткой?**

Смотреть: https://youtu.be/sT7W3hCJ_V4

Маргарита Симоньян заявила о неизлечимой болезни ребёнка, однако в её словах заметны противоречия. Ранее она делала спорные заявления и о своём здоровье — что мешает ей исказить факты и сейчас? 

Разбираем возможную ложь и риторику одной из главных пропагандисток войны.
__
🚫 Не работает YouTube? Используйте __[__@rosvpnbot__](http://t.me/rosvpnbot?start=tg_pp)__**
**
____🦙____ __[Популярная политика](http://t.me/politica_media)__ __| [Поддержать](http://donate.fbk.info/smm)",3067,7,4,politica_media
41057,2026-03-23T12:06:05+00:00,"**В среду, 25 марта, Георгий Албуров проведёт **[**закрытый эфир**](https://www.youtube.com/live/fKZcOj9ckeg)** для спонсоров**
**
**💙 Чтобы присоединиться к трансляции, становитесь [спонсором канала](http://youtube.com/channel/UC7Elc-kLydl-NAV4g204pDQ/join) или оформляйте подписку на friends.politica.media

__🦙____ __[Популярная политика](http://t.me/politica_media)",2789,6,0,politica_media
41056,2026-03-23T11:45:56+00:00,"❗️❕‼️🟥**🟧****ВЗРЫВ В НЕФТЯНОМ ПОРТУ | МАССОВОЕ УВОЛЬНЕНИЕ МЕТАЛЛУРГОВ | СЕКРЕТНЫЙ КОРТЕЖ В МОСКВЕ **

Смотреть:__ __https://youtu.be/gF5apfMSQ6c**__
__**
Жители Новосибирской области потребовали прекратить уничтожение скота и отправить в отставку губернатора области Андрея Травникова. ВСУ атаковали крупнейший нефтеналивной порт на Балтийском море. А руководство Магнитогорского металлургического комбината анонсировало сокращение 10% управленческого персонала.

__🚫 Не работает YouTube? Используйте __[__@rosvpnbot__](http://t.me/rosvpnbot?start=tg_pp)__
__
🦙 [Популярная политика](http://t.me/politica_media) | [Поддержать](http://donate.fbk.info/smm)",2961,5,0,politica_media
41053,2026-03-23T07:33:55+00:00,"**▪️****▫️****◾️****◽️****◼️****◻️****🔳****  В 11:00: Честное слово с Марком Фейгиным**

Включайте трансляцию в нашем Telegram-канале или на YouTube: https://youtube.com/live/2NolbIiaQjQ

__🦙____ __[Популярная политика](http://t.me/politica_media)__ __| [Поддержать](http://donate.fbk.info/smm)",3315,9,1,politica_media
41052,2026-03-23T07:14:25+00:00,"**Ложь и вопросы вокруг страшной трагедии в «Крокусе»**

Смотреть: youtu.be/UiNH6UG5O4w

Спустя два года после теракта в «Крокус Сити Холле» все еще остается большое количество вопросов. Почему атака не была предотвращена? Кто на самом деле стоял за терактом? Как в официальной версии появился «украинский след» и почему власть не предоставила этому никаких доказательств?

Илья Гантварг исследует реальные причины трагедии, которые пытается замалчивать официальная российская власть. 

❗️ [Навальный LIVE](https://t.me/navalnylivechannel) | [Поддержать](http://donate.fbk.info/smm)",3395,4,1,politica_media
41051,2026-03-21T07:01:14+00:00,"**❗️****  Боня, Айза и Z-блогеры против власти. Что происходит?
**
Смотреть: https://youtu.be/DBPcIQWyn-w

Беспредел власти в Сибири с убийством скота вызвал возмущение даже у тех, кто раньше поддерживал Владимира Путина. Собрали подборку самых ярких и неожиданных высказываний.
__
🚫 Не работает YouTube? Используйте __[__@rosvpnbot__](http://t.me/rosvpnbot?start=tg_pp)__**
**
____🦙____ __[Популярная политика](http://t.me/politica_media)__ __| [Поддержать](http://donate.fbk.info/smm)",4757,23,2,politica_media
41050,2026-03-20T17:32:12+00:00,"В Новосибирской области снова начали массово уничтожать скот, несмотря на заявления властей о «завершении изъятия».

__🦙____ __[Популярная политика](http://t.me/politica_media)__ __| [Поддержать](http://donate.fbk.info/smm)",4142,8,4,politica_media
41049,2026-03-20T16:56:48+00:00,"❗️❕‼️🟥🟧** Новая эпидемия в России | Мир на грани нефтяного шока |** **Кириенко получил миллионы за VK**

Итоги дня: https://youtu.be/o2UBAGU1SZQ

Массовый забой скота в Новосибирской области вызвал протесты фермеров, чиновники врут и отказывают людям в компенсациях. Параллельно — падение ставки ЦБ, скандал с бонусами Кириенко и рост цен на нефть из-за войны на Ближнем Востоке.

__🚫 Не работает YouTube? Используйте __[__@rosvpnbot__](http://t.me/rosvpnbot?start=tg_pp)__
__
__🦙____ __[Популярная политика](http://t.me/politica_media)__ __| [Поддержать](http://donate.fbk.info/smm)",3900,5,4,politica_media
41043,2026-03-20T16:23:52+00:00,"Власти Новосибирской области вводят карантин и массово уничтожают животных под предлогом якобы вспышки одновременно двух заболеваний: **менее опасного пастереллёза и более опасного бешенства.** 

Юрист ФБК Александр Помазуев разобралсся в том, насколько заявления власти соответствуют реальности и как эта история связана **с экспортом и экономическими потерями. **

__🔗____ Полный разбор__ __смотрите в «Теме дня»: ____https://youtu.be/T9h_SL_5XTg__

__🦙____ __[Популярная политика](http://t.me/politica_media)__ __| [Поддержать](http://donate.fbk.info/smm)",2801,6,0,politica_media
41041,2026-03-20T14:11:27+00:00,"**❗️****  Лукойл** **потерял триллион рублей! Экономист назвал причину**

Смотреть: https://youtu.be/Ab6aRSjgsp8

Триллионные убытки «Лукойла», санкции США и падение акций — что происходит с нефтяным гигантом? 

Разбираемся вместе с экономистом Владиславом Жуковским.
__
🚫 Не работает YouTube? Используйте __[__@rosvpnbot__](http://t.me/rosvpnbot?start=tg_pp)__**
**
____🦙____ __[Популярная политика](http://t.me/politica_media)__ __| [Поддержать](http://donate.fbk.info/smm)",3053,6,0,politica_media
41039,2026-03-20T13:35:37+00:00,"**▪️****▫️****◾️****◽️****◼️****◻️****🔳****  В 17:00: Честное слово с Ильёй Шепелиным**

Включайте трансляцию в нашем Telegram-канале или на YouTube: https://youtube.com/live/Imz8VQ256Xg

__🦙____ __[Популярная политика](http://t.me/politica_media)__ __| [Поддержать](http://donate.fbk.info/smm)",3170,5,0,politica_media
41038,2026-03-20T12:35:56+00:00,"**❗️****  Власть врёт про пастереллёз в Сибири. Разбор юриста**

Смотреть: https://youtu.be/T9h_SL_5XTg

Юрист ФБК разоблачает ложь властей о «эпидемии» в Сибири: власти вводят карантин и уничтожают животных под предлогом эпидемии, жители говорят о «эпидемии лжи» и требуют доказательств. 

Что на самом деле происходит в Козихе и других сёлах?
__
🚫 Не работает YouTube? Используйте __[__@rosvpnbot__](http://t.me/rosvpnbot?start=tg_pp)__**
**
____🦙____ __[Популярная политика](http://t.me/politica_media)__ __| [Поддержать](http://donate.fbk.info/smm)",2734,13,0,politica_media
41037,2026-03-20T11:31:42+00:00,"❗️❕‼️🟥**🟧****РОССЕЛЬХОЗНАДЗОР НАЕХАЛ НА ГУБЕРНАТОРА | ВЗРЫВ НА МЕТАЛЛУРГИЧЕСКОМ КОМБИНАТЕ **

Смотреть:__ __https://youtu.be/y8ae6R4c82w**__
__**
В Новосибирской области продолжается массовый убой скота, несмотря на обещания властей — фермеры теряют бизнес и выходят на протесты. Давление силовиков усиливается, а параллельно вскрываются схемы обмана с контрактами на войну.

__🚫 Не работает YouTube? Используйте __[__@rosvpnbot__](http://t.me/rosvpnbot?start=tg_pp)__
__
🦙 [Популярная политика](http://t.me/politica_media) | [Поддержать](http://donate.fbk.info/smm)",2719,4,0,politica_media
41036,2026-03-20T09:56:01+00:00,"**Друзья, сегодня нового выпуска «Криминальной России» не будет**

Если пропустили — посмотрите прошлые выпуски: мы рассказывали про преступления «СВО»-шников, громкие приговоры и аресты, дела политзаключённых и другие криминальные события.

🔴 Плейлист передачи: https://youtube.com/playlist?list=PL2GGJKocg5o4K1jTJlVeTq5xOrWP_ednX

❤️Вернёмся с новым выпуском уже на следующей неделе! 

__🦙____ __[Популярная политика](http://t.me/politica_media)",2764,4,0,politica_media
41033,2026-03-20T07:35:26+00:00,"**▪️****▫️****◾️****◽️****◼️****◻️****🔳****  В 11:00: Честное слово со Станиславом Белковским**

Включайте трансляцию в нашем Telegram-канале или на YouTube: https://youtube.com/live/2Gbec8aKWjM

__🦙____ __[Популярная политика](http://t.me/politica_media)__ __| [Поддержать](http://donate.fbk.info/smm)",3097,6,0,politica_media
41032,2026-03-20T07:10:33+00:00,"**❗️****  Жесткий ответ властей. Полиция угрожает фермерам в Сибири**

Смотреть: https://youtu.be/mke8pSzIpPo

В Новосибирской области полиция и чиновники блокируют село Козиха и атакуют фермерское хозяйство «Водолей» с 600 коровами и 220 овцами. Фермеры протестуют против массового забоя скота, власти говорят об инфекции, жители требуют объяснений от Путина.
__
🚫 Не работает YouTube? Используйте __[__@rosvpnbot__](http://t.me/rosvpnbot?start=tg_pp)__**
**
____🦙____ __[Популярная политика](http://t.me/politica_media)__ __| [Поддержать](http://donate.fbk.info/smm)",2871,10,3,politica_media
41031,2026-03-19T17:37:54+00:00,"**🔥**** Подарите подписку своим друзьям**

На сайте **friends.politica.media** можно отправлять в эфир стикеры, задавать вопросы и стать регулярным спонсором любимой передачи, получая за это доступ к эксклюзивному контенту. А теперь мы добавили ещё и возможность поделиться подпиской со своими друзьями!

🔜 Подробнее о подписках и подарках: friends.politica.media/wall/subscription

Спасибо, что поддерживаете «Популярную политику»!

🦙 [Популярная политика](http://t.me/politica_media)",3189,4,0,politica_media
41029,2026-03-19T17:11:47+00:00,"❗️❕‼️🟥🟧 **Бриллианты министра РФ | Рекордное падение рубля | Фермеры прогнали полицию **

Итоги дня: https://youtu.be/zecP9POQh-c

Убой скота и протесты фермеров, расследование ФБК про Оксану Лут, мобилизация студентов МГУ и падение рубля — главные темы дня. Власти давят на регионы, экономика слабеет, а чиновники усиливают контроль за всеми сферами жизни страны.

__🚫 Не работает YouTube? Используйте __[__@rosvpnbot__](http://t.me/rosvpnbot?start=tg_pp)__
__
__🦙____ __[Популярная политика](http://t.me/politica_media)__ __| [Поддержать](http://donate.fbk.info/smm)",3366,4,1,politica_media
41028,2026-03-19T16:05:01+00:00,"**ФБК выпустил **[**расследование**](https://youtu.be/52KjNdmj8RY)** о министре сельского хозяйства Оксане Лут**

На фоне массового убоя скота и протестов фермеров в Новосибирской области у неё нашли недвижимость на 670 миллионов рублей, а также аксессуары за несколько миллионов.

__🦙____ __[Популярная политика](http://t.me/politica_media)__ __| [Поддержать](http://donate.fbk.info/smm)",2916,10,0,politica_media
41027,2026-03-19T16:01:04+00:00,"**❗️****  Помощница сутенёра из ФСБ. Что за подруга Эпштейна?**

Смотреть: https://youtu.be/hxg5HoTz2Eo

Подруга Эпштейна оказалась связана с ФСБ и вербовкой девушек. Вместе с Жанной Ульяновой разбираемся, как помощница американского сутенёра годами оставалась в тени и какую роль могла играть.
__
🚫 Не работает YouTube? Используйте __[__@rosvpnbot__](http://t.me/rosvpnbot?start=tg_pp)__**
**
____🦙____ __[Популярная политика](http://t.me/politica_media)__ __| [Поддержать](http://donate.fbk.info/smm)",2848,4,1,politica_media
41025,2026-03-19T15:00:01+00:00,"**🔴****🟠****🟡****  Кто зарабатывает на уничтожении коров | Зачем отключили интернет в Москве**

Включайте эфир в 18:30: https://youtube.com/live/V7PKqhjb66c**
**
Пока у жителей Сибири массово забивают домашний скот, оставляя людей буквально без средств к существованию, министр сельского хозяйства Оксана Лут живёт роскошной жизнью, тратя сотни миллионов на часы и украшения. Тем временем москвичи без интернета жалуются, что живут как в XIX веке.

Эти и другие новости обсудим в новом выпуске «Бойко о главном».

__🦙____ __[Популярная политика](http://t.me/politica_media)__ __| [Поддержать](http://donate.fbk.info/smm)",3008,11,0,politica_media
41024,2026-03-19T14:54:29+00:00,"**❗️****  Уничтожила сельское хозяйство и заработала. Как живет министр Оксана Лут**

Смотреть: https://youtu.be/qz8knKDsCB8

На фоне массового забоя скота в Сибири и разорения фермеров министр сельского хозяйства Оксана Лут живёт роскошной жизнью миллионерши. 

Георгий Албуров раскрывает подробности нового расследования ФБК.
__
🚫 Не работает YouTube? Используйте __[__@rosvpnbot__](http://t.me/rosvpnbot?start=tg_pp)__**
**
____🦙____ __[Популярная политика](http://t.me/politica_media)__ __| [Поддержать](http://donate.fbk.info/smm)",2717,8,0,politica_media
41020,2026-03-19T13:32:55+00:00,"**▪️****▫️****◾️****◽️****◼️****◻️****🔳****  В 17:00: Честное слово с Юлией Таратутой**

Включайте трансляцию в нашем Telegram-канале или на YouTube: https://youtube.com/live/m0TUPi1duQ8

__🦙____ __[Популярная политика](http://t.me/politica_media)__ __| [Поддержать](http://donate.fbk.info/smm)",3651,6,0,politica_media
41019,2026-03-19T13:17:38+00:00,"**Мария Певчих в эфире, включайте! **

Говорим про [новое расследование](https://youtu.be/52KjNdmj8RY) о министре сельского хозяйства Оксане Лут: [youtube.com/live/QgWj7l38kAM](https://youtube.com/live/QgWj7l38kAM)

Задавайте вопросы на friends.politica.media.

__🦙____ __[Популярная политика](http://t.me/politica_media)__ __| [Поддержать](http://donate.fbk.info/smm)",2855,1,0,politica_media
41017,2026-03-19T11:15:28+00:00,"❗️❕‼️🟥**🟧****БОГАТСТВО МИНИСТРА СЕЛЬСКОГО ХОЗЯЙСТВА | НАЧАЛОСЬ НАСТУПЛЕНИЕ | УДАР ПО ХИМЗАВОДУ **

Смотреть:__ __https://youtu.be/14b9frizod8**__
__**
Расследование ФБК: роскошь министра Оксаны Лут на фоне массового уничтожения скота в регионах. Силовики против фермеров, спорные инициативы Минюста и сбои блокировок РКН. Удары дронов, эскалация войны и международный кризис.

__🚫 Не работает YouTube? Используйте __[__@rosvpnbot__](http://t.me/rosvpnbot?start=tg_pp)__
__
🦙 [Популярная политика](http://t.me/politica_media) | [Поддержать](http://donate.fbk.info/smm)",3126,4,1,politica_media
41016,2026-03-19T09:42:15+00:00,"**🔥**** Сегодня в 16:00: Честное слово с Марией Певчих**

__Включайте трансляцию в нашем Telegram-канале или на YouTube: ____https://youtube.com/live/QgWj7l38kAM__

Поговорим про [новое расследование](https://youtu.be/52KjNdmj8RY) о том, как живёт министр сельского хозяйства России Оксана Лут.

Обязательно посмотрите его и подключайтесь к эфиру.

__🦙____ __[Популярная политика](http://t.me/politica_media)__ __| [Поддержать](http://donate.fbk.info/smm)",13940,17,0,politica_media
41013,2026-03-19T07:32:05+00:00,"**▪️****▫️****◾️****◽️****◼️****◻️****🔳****  В 11:00: Честное слово с Сергеем Жирновым**

Включайте трансляцию в нашем Telegram-канале или на YouTube: https://youtube.com/live/kI3MN4Qzv90

__🦙____ __[Популярная политика](http://t.me/politica_media)__ __| [Поддержать](http://donate.fbk.info/smm)",3212,7,0,politica_media
41012,2026-03-19T07:28:48+00:00,"**Кто управляет Россией? Как конспирология стала реальностью при Путине**

Смотреть: youtu.be/Dq4CEHwrBYE

Россией управляет небольшой закрытый круг людей, которые контролируют ключевые процессы в политике и экономике. Они хотят создать послушных биороботов, наказывают за мыслепреступление и отдают ресурсы страны за рубеж. Кажется, что это — просто конспирологические сюжеты, однако у них куда общего с реальностью, чем кажется на первый взгляд. 

Александр Макашенец рассказывает о том, как самые безумные теории заговора начали воплощаться в жизнь — и как российские власти приближают антиутопию. 

❗️ [Навальный LIVE](https://t.me/navalnylivechannel) | [Поддержать](http://donate.fbk.info/smm)",3299,8,0,politica_media
41011,2026-03-18T17:29:50+00:00,"В СИЗО умер политзаключённый Владимир Осипов, осуждённый на 6,5 лет по статье о «фейках».

__🦙____ __[Популярная политика](http://t.me/politica_media)__ __| [Поддержать](http://donate.fbk.info/smm)",3970,12,0,politica_media
41010,2026-03-18T17:25:15+00:00,"❗️❕‼️🟥🟧 **РЖД увольняет тысячи | Депутата Свинцова выгнали из ЛДПР | Пропагандист требует судить Путина**

Итоги дня: https://youtu.be/AVjut98L30U

Z-блогер внезапно обрушился с критикой режима Путина, массовые сокращения в РЖД и долги на триллионы, смерть политзаключённого в СИЗО — главные скандалы дня. Также в выпуске: протесты против блокировок, кризис в Мариуполе и абсурдные решения властей.

__🚫 Не работает YouTube? Используйте __[__@rosvpnbot__](http://t.me/rosvpnbot?start=tg_pp)__
__
__🦙____ __[Популярная политика](http://t.me/politica_media)__ __| [Поддержать](http://donate.fbk.info/smm)",3782,3,0,politica_media
41009,2026-03-18T16:08:36+00:00,"**Протесты фермеров в Новосибирской области**

В Новосибирской области фермеры протестуют против массового убоя скота: в регионе ввели карантин и начали забирать животных из хозяйств. Власти объясняют это вспышкой пастереллёза и бешенства, однако фермеры говорят, что на убой отправляют и здоровый скот — без анализов и объяснений.

Жители перекрывают дороги, записывают обращения и требуют компенсаций — для многих хозяйство — единственный источник дохода. 

__🔗____ Обсудили ситуацию с политиком и депутатом__ __совета депутатов__ __Новосибирска VII созыва Хельгой Пироговой в «Теме дня»: ____https://youtu.be/RZQb4HrbWAo__

__🦙____ __[Популярная политика](http://t.me/politica_media)__ __| [Поддержать](http://donate.fbk.info/smm)",3533,5,0,politica_media
41006,2026-03-18T13:49:26+00:00,"**❗️****  РЖД увольняет тысячи людей. Что происходит**

Смотреть: https://youtu.be/sqk5qVCKAKE

РЖД готовит массовые сокращения: работу потеряют 6 тысяч сотрудников на фоне миллиардных убытков и падения грузоперевозок. 

Что происходит — разбор с экономистом Владиславом Жуковским.
__
🚫 Не работает YouTube? Используйте __[__@rosvpnbot__](http://t.me/rosvpnbot?start=tg_pp)__**
**
____🦙____ __[Популярная политика](http://t.me/politica_media)__ __| [Поддержать](http://donate.fbk.info/smm)",3459,17,0,politica_media
41005,2026-03-18T13:32:48+00:00,"**▪️****▫️****◾️****◽️****◼️****◻️****🔳****  В 17:00: Честное слово с Иваном Филипповым **

Включайте трансляцию в нашем Telegram-канале или на YouTube: https://youtube.com/live/3zLhWt9YZ1k

__🦙____ __[Популярная политика](http://t.me/politica_media)__ __| [Поддержать](http://donate.fbk.info/smm)",3172,4,0,politica_media
41004,2026-03-18T12:42:47+00:00,"**❗️****  У них отобрали всё. Жители Сибири выходят на протест**

Смотреть: https://youtu.be/RZQb4HrbWAo

Забой скота в селах Новосибирской области привёл к массовым протестам фермеров. Власти говорят об инфекции, но жители требуют объяснений и записывают обращения к Путину. 

Разбираемся в ситуации вместе с политиком, депутатом совета депутатов города Новосибирска VII созыва Хельгой Пироговой.
__
🚫 Не работает YouTube? Используйте __[__@rosvpnbot__](http://t.me/rosvpnbot?start=tg_pp)__**
**
____🦙____ __[Популярная политика](http://t.me/politica_media)__ __| [Поддержать](http://donate.fbk.info/smm)",3111,11,4,politica_media
41003,2026-03-18T10:33:01+00:00,"❗️❕‼️🟥**🟧****ФЕРМЕРЫ ЖАЛУЮТСЯ НА БЕСПРЕДЕЛ | ПРОТЕСТЫ ИЗ-ЗА ЗАДЕРЖЕК ЗАРПЛАТ | ВЗРЫВ В КРАСНОДАРЕ 
**
Смотреть:__ __https://youtu.be/OlEsMotl4-g**__
__**
Массовый убой скота в Новосибирской области, протесты фермеров и антинародные действия властей. Давление на студентов, сбои в Telegram и новые методы пропаганды. Также в выпуске — протесты рабочих, рост цен и последние новости войны.

__🚫 Не работает YouTube? Используйте __[__@rosvpnbot__](http://t.me/rosvpnbot?start=tg_pp)__
__
🦙 [Популярная политика](http://t.me/politica_media) | [Поддержать](http://donate.fbk.info/smm)",3285,7,0,politica_media
41000,2026-03-18T07:34:37+00:00,"**▪️****▫️****◾️****◽️****◼️****◻️****🔳****  В 11:00: Честное слово с Аббасом Галлямовым**

Включайте трансляцию в нашем Telegram-канале или на YouTube: https://youtube.com/live/EUf7T1H1lEw

__🦙____ __[Популярная политика](http://t.me/politica_media)__ __| [Поддержать](http://donate.fbk.info/smm)",3732,5,0,politica_media
40998,2026-03-17T16:57:30+00:00,"❗️❕‼️🟥🟧 **Полный провал Кадырова | Банкротство крупной сети магазинов | Трагедия в Московской области
**
Итоги дня: https://youtu.be/p0465y8M1VQ

Каналы Кадырова и его друзей в скрепном Max суммарно набрали 15 тысяч подписчиков — против миллионов в Telegram. Власти заявили о распространении болезней скота в более чем 10 регионах страны. А новый аятолла Ирана отверг предложение США о прекращении войны.

__🚫 Не работает YouTube? Используйте __[__@rosvpnbot__](http://t.me/rosvpnbot?start=tg_pp)__
__
__🦙____ __[Популярная политика](http://t.me/politica_media)__ __| [Поддержать](http://donate.fbk.info/smm)",3731,5,1,politica_media
40997,2026-03-17T15:38:49+00:00,"**❗️****  «Они убивают патриотизм». Звёзды и блогеры в шоке от интернет-блокировок**

Смотреть: https://youtu.be/PjcVROyJIY8

Блокировки интернета достали всех — даже звезд и блогеров! Роскомнадзор, запреты и мессенджер Max вызывают волну хейта. С Александром Макашенцем смотрим самые вирусные видео и разбираем, что происходит в сети прямо сейчас.
__
🚫 Не работает YouTube? Используйте __[__@rosvpnbot__](http://t.me/rosvpnbot?start=tg_pp)__**
**
____🦙____ __[Популярная политика](http://t.me/politica_media)__ __| [Поддержать](http://donate.fbk.info/smm)",3598,8,1,politica_media
40995,2026-03-17T13:33:46+00:00,"**▪️****▫️****◾️****◽️****◼️****◻️****🔳****  В 17:00: Честное слово с Сергеем Пархоменко**

Включайте трансляцию в нашем Telegram-канале или на YouTube: https://youtube.com/live/O_g2_q6rsYs

__🦙____ __[Популярная политика](http://t.me/politica_media)__ __| [Поддержать](http://donate.fbk.info/smm)",3440,8,1,politica_media
40994,2026-03-17T12:47:03+00:00,"**❗️****  Мясные штурмы, вымогательство, дорогие подарки. Как командиры зарабатывают на солдатах**

Смотреть: https://youtu.be/3QqZrMcesb8

«Косяки», «дары» и «бан на штурм»: как устроены поборы в армии РФ. Обсудили нашумевшее расследование «Вёрстки» с одним из его авторов Олесей Герасименко.
__
🚫 Не работает YouTube? Используйте __[__@rosvpnbot__](http://t.me/rosvpnbot?start=tg_pp)__**
**
____🦙____ __[Популярная политика](http://t.me/politica_media)__ __| [Поддержать](http://donate.fbk.info/smm)",3316,11,0,politica_media
40993,2026-03-17T11:41:09+00:00,"❗️❕‼️🟥**🟧****ВЛАСТИ УГРОЖАЮТ ФЕРМЕРАМ | ЗАДЕРЖАН МИНИСТР | ТРАГЕДИЯ НА КОМБИНАТЕ УСМАНОВА **

Смотреть:__ __https://youtu.be/9eKZR8AOHQ0**__
__**
Власти ужесточают ветконтроль и проводят изъятие скота в нескольких регионах России. В Краснодарском крае задержали министра здравоохранения. А в Белгородской области большегрузный самосвал наехал на УАЗ с рабочими.__

🚫 Не работает YouTube? Используйте __[__@rosvpnbot__](http://t.me/rosvpnbot?start=tg_pp)__
__
__🦙____ __[Популярная политика](http://t.me/politica_media)__ __| [Поддержать](http://donate.fbk.info/smm)",3119,5,1,politica_media
40992,2026-03-17T09:17:51+00:00,"Есть [тема,](https://youtu.be/Mi04Zs4Tb4Y) о которой сложно не думать каждый день. Хочу задать вам несколько вопросов.

Скажите, стало ли вам лучше жить в последнее время?
Хватает ли денег на еду и одежду? А на лекарства?
Как вам стоимость коммунальных услуг?
Что-то мне подсказывает, что ответы ни вас, ни меня не удивят.

Но вы меня справедливо спросите: а делать-то что? Мы и так видим, что все дорожает, а чиновники врут. Кто-то еще и добавит: а кому сейчас легко?

Проблемы, конечно, бывают везде. Но то, что происходит сегодня в России, не имеет никакого отношения к нормальной экономике. 

«Единая Россия» - путинская  партия, которая голосует за все самые адские законы и сборы. Они больше 20 лет обещают, что жизнь станет лучше в России, но делают все наоборот. И в этом году снова будут обещать - ведь в сентябре выборы. Не верьте им. Посмотрите [этот ролик](https://youtu.be/Mi04Zs4Tb4Y) и покажите его другим.",2946,9,2,politica_media
40989,2026-03-17T07:30:01+00:00,"**▪️****▫️****◾️****◽️****◼️****◻️****🔳****  В 11:00: Честное слово с Евгением Ступиным**

Включайте трансляцию в нашем Telegram-канале или на YouTube: https://youtube.com/live/HbtXc5QYGWY

__🦙____ __[Популярная политика](http://t.me/politica_media)__ __| [Поддержать](http://donate.fbk.info/smm)",3558,4,0,politica_media
40988,2026-03-16T17:14:04+00:00,"❗️❕‼️🟥🟧 **Режим ЧС в Новосибирской области | Школьник напал на одноклассника | Лариса Долина снова судится
**
Итоги дня: https://youtu.be/Q5ysnFqwcrE

В Новосибирской области продолжается массовый забой скота, люди записывают обращения и отчитывают чиновников. Доступность Telegram резко ухудшилась, вероятно, началась тотальная блокировка. А в Госдуме предложили ещё один способ потратить деньги — снова отдать их так называемым ветеранам СВО.

__🚫 Не работает YouTube? Используйте __[__@rosvpnbot__](http://t.me/rosvpnbot?start=tg_pp)__
__
__🦙____ __[Популярная политика](http://t.me/politica_media)__ __| [Поддержать](http://donate.fbk.info/smm)",3699,5,0,politica_media
40987,2026-03-16T16:13:38+00:00,"**В Новосибирской области фермеры протестуют против массового уничтожения скота**

По словам местных жителей, с начала февраля в области уничтожили уже тысячи коров и быков — власти ввели карантин и начали забирать скот из хозяйств якобы из-за «вспышек бешенства». 

__🦙____ __[Популярная политика](http://t.me/politica_media)__ __| [Поддержать](http://donate.fbk.info/smm)",3574,5,8,politica_media
40984,2026-03-16T13:44:07+00:00,"**❗️****  Власти сошли с ума! В Сибири уничтожают скот и народ**

Смотреть: https://youtu.be/BgIrEpf1Pn8

В Новосибирской области месяц скрывали режим ЧС из-за вспышек бешенства и пастереллёза. У жителей частных хозяйств массово уничтожают скот и запрещают продавать молоко и мясо, тогда как крупные агрохолдинги не пострадали. 

Ситуацию разбирает Владислав Жуковский.
__
🚫 Не работает YouTube? Используйте __[__@rosvpnbot__](http://t.me/rosvpnbot?start=tg_pp)__**
**
____🦙____ __[Популярная политика](http://t.me/politica_media)__ __| [Поддержать](http://donate.fbk.info/smm)",3683,12,3,politica_media
40983,2026-03-16T13:31:52+00:00,"**▪️****▫️****◾️****◽️****◼️****◻️****🔳****  В 17:00: Честное слово с Вячеславом Ширяевым**

Включайте трансляцию в нашем Telegram-канале или на YouTube: https://youtube.com/live/wWxtiz_7KkU

__🦙____ __[Популярная политика](http://t.me/politica_media)__ __| [Поддержать](http://donate.fbk.info/smm)",3203,4,0,politica_media
40982,2026-03-16T12:17:17+00:00,"**❗️****  Кто заработал на блокировках? Правда о влиятельном генерале из ФСБ
**
Смотреть: https://youtu.be/ZRPq5w88T3w

Сын заместителя директора ФСБ оказался топ-менеджером компании, зарабатывающей миллиарды на оборудовании для блокировок в Рунете. 

Расследование Андрея Захарова раскрывает, кто стоит за системой интернет-цензуры и как на ней делают огромные деньги.
__
🚫 Не работает YouTube? Используйте __[__@rosvpnbot__](http://t.me/rosvpnbot?start=tg_pp)__**
**
____🦙____ __[Популярная политика](http://t.me/politica_media)__ __| [Поддержать](http://donate.fbk.info/smm)",3366,10,0,politica_media
40981,2026-03-16T11:23:09+00:00,"❗️❕‼️🟥**🟧****ОБЛАВА НА КОНЦЕРТЕ | ОТМЕНЯТ БЕЗЛИМИТНЫЙ ИНТЕРНЕТ | ВЗРЫВ НА НЕФТЕБАЗЕ **

Смотреть:__ __https://youtu.be/Z4JlAbYDd6A**__
__**
В Новосибирской области жители продолжают протестовать против массового уничтожения домашнего скота, которое проводят власти из-за объявленного карантина. В Ярославле силовики жёстко разогнали металл-концерт. А украинские беспилотники атаковали нефтебазу в городе Лабинск Краснодарского края.

__🚫 Не работает YouTube? Используйте __[__@rosvpnbot__](http://t.me/rosvpnbot?start=tg_pp)__
__
🦙 [Популярная политика](http://t.me/politica_media) | [Поддержать](http://donate.fbk.info/smm)",3431,8,0,politica_media
40980,2026-03-16T10:03:44+00:00,"В российских регионах вовсю ""сухой закон"" вводится, в Вологодской области алкашей уже чуть ли не вешают на площадях. Новая кампания, камбэк Горбачёва!.. Казалось бы. Но.

Алкомаркетов ""Красное&Белое"" стало на тысячу больше. Путинский общак мощно кормится на пиве Балтика, а ещё есть загадочный Кесаев же. А ещё минимум полмиллиарда баксов, заработанных на водке ""путинка"". Полмиллиарда!

Но больше всего я кайфанул пока прописывал блок о том, как боролись с бухлом в СССР и показал это на примере советских фильмов, карикатур и песен. Все эти ""третьим будешь"" в Афоне и песня про пиво в фильме ""Волга-Волга"" 1938 года, героический ""после третьей не закусываю"" от Сергея Бондарчука и ""желаю чтоб все!"" от Шарикова, ""Трезвость норма жизни"" от Майка Науменко и антиалкогольная басня от Михалкова... Я удивился сколько всего такого помню.

Этот собственный ролик на канале Навальный Лайв мне понравился самому НАСТОЛЬКО, что я пересказывал некоторые его повороты жене ещё когда только писал сценарий. А потом ещё во время монтажа подзывал её и показывал как же здорово (бедная жена).

Надеюсь, и вы посмотрите тоже https://www.youtube.com/watch?v=OM2ghF8Aj8s",3270,13,1,politica_media
40977,2026-03-16T07:30:01+00:00,"**▪️****▫️****◾️****◽️****◼️****◻️****🔳****  В 11:00: Честное слово с Ильёй Новиковым**

Включайте трансляцию в нашем Telegram-канале или на YouTube: https://youtube.com/live/SFIo_8ZPjho

__🦙____ __[Популярная политика](http://t.me/politica_media)__ __| [Поддержать](http://donate.fbk.info/smm)",3900,7,1,politica_media
40976,2026-03-15T16:47:06+00:00,"**Дезертиры-убийцы в Таиланде **

В Таиланде кремировали 30-летнего предпринимателя из Петербурга Михаила Емельянова. В начале 2026 года его убили двое россиян — бывшие участники войны против Украины.

Емельянов переехал в Паттайю в 2022 году и занимался бизнесом по продаже марихуаны. 7 января он поехал на встречу с «бизнес-партнёром» и после этого перестал выходить на связь. Позже его тело обнаружили расчленённым — останки закопали в пяти местах. 

По подозрению в убийстве задержали россиян Ярослава Демидова и Дмитрия Москалёва, которые ранее дезертировали с войны против Украины. В России против них возбудили дело по статье о самовольном оставлении части.

__🔗____ Об этой и других криминальных историях недели рассказываем в новом выпуске «Криминальной России»: ____https://youtu.be/hjNJs7Fbh30__

__🦙____ __[Популярная политика](http://t.me/politica_media)__ __| [Поддержать](http://donate.fbk.info/smm)",4113,9,27,politica_media
40975,2026-03-15T07:02:29+00:00,"**#Дайджест**** главных «Тем дня» этой недели.** 

Если вы пропустили выпуски — рассказываем, что произошло.__
__
• **Обыски у главы «Вертолётов России».** Испанская полиция провела обыски на виллах Николая Колесова на Майорке.  __Разговор с расследователем ФБК Георгием Албуровым — __[__смотреть__](https://youtu.be/Ycy1vqjE08E)

• **Приговор по делу «Крокуса». **15 обвиняемых получили пожизненные сроки, ещё четверо — до 22 лет колонии. __Обсуждаем приговор с журналисткой «Дождя» Валерией Ратниковой — __[__смотреть __](https://youtu.be/rcEEPMMWGnE)__
__
• **Сбой интернета в Москве.** В столице уже несколько дней серьёзные перебои: не работают терминалы, банковские приложения и пункты выдачи заказов. __Разговор с директором «Общества защиты интернета» Михаилом Климарёвым — __[__смотреть__](https://youtu.be/tOn5JGTKmqQ)__
__
• **Штраф за аватарку.** Первый штраф за «экстремизм» в мессенджере Max, перевод школ на национальный мессенджер и усиление цифрового контроля. __Разбираем, что происходит — __[__смотреть__](https://youtu.be/sads2fnkfGA)

• **Расследование против Лукашенко. **МУС начал расследование преступлений против человечности после протестов 2020 года. __Обсуждаем детали с советником Светланы Тихановской Франаком Вечерко — __[__смотреть__](https://youtu.be/NY-1EtBhncc)__
__
**💙**** Поддержите выход новых выпусков «Тем дня» на ****friends.politica.media**

__🦙____ __[Популярная политика](http://t.me/politica_media)",4197,3,6,politica_media
40969,2026-03-14T14:33:20+00:00,"Дезертиры-убийцы в Таиланде, приговор по делу о теракте в «Крокусе», дело Александра Галицкого, нападение на сотрудников оборонного НИИ и взрыв в отделении банка.

__🔗____ Рассказываем о криминальных событиях недели в карточках и новом выпуске «Криминальной России»: ____https://youtu.be/hjNJs7Fbh30__

__🦙____ __[Популярная политика](http://t.me/politica_media)__ __| [Поддержать](http://donate.fbk.info/smm)",3821,5,0,politica_media
40968,2026-03-14T11:33:06+00:00,"**❗️****  Приостановка санкций на российскую нефть. Последствия
**
Смотреть: https://youtu.be/glMPg5cL8XI

Администрация Дональда Трампа на 30 дней разрешила продажу российской нефти, уже находящейся в море. На фоне блокады Ормузского пролива и роста цен на нефть мир может столкнуться с энергетическим кризисом. 

Разбираем, выиграет ли от этого Россия и что происходит на рынке.
__
🚫 Не работает YouTube? Используйте __[__@rosvpnbot__](http://t.me/rosvpnbot?start=tg_pp)__**
**
____🦙____ __[Популярная политика](http://t.me/politica_media)__ __| [Поддержать](http://donate.fbk.info/smm)",4011,3,2,politica_media
40967,2026-03-14T09:49:07+00:00,"❗️**УНИЧТОЖЕН ЗАВОД ЭЛЕКТРОНИКИ. АТАКА НЕФТЕПРОВОДА НА ЮГЕ. ВОЙНА США ПРИВЕЛА К ТОПЛИВНОМУ КРИЗИСУ**

Военное положение: https://youtu.be/eXgi1ipkdoU

Украинские ракеты уничтожили завод электроники в Брянске, а дроны атаковали нефтепровод на юге страны. Российская армия атакует на Славянском направлении, а ВСУ наступают в Днепропетровской области, она почти полностью освобождена. Война в Персидском заливе заходит в тупик — Иран бьет по нефти, а Трамп не может предотвратить топливный кризис. В то же время в центре Москвы отключают интернет, чему нашлись реальное и конспирологическое объяснения.
__
🚫 Не работает YouTube? Используйте __[__@rosvpnbot__](http://t.me/rosvpnbot?start=tg_pp)__**
**
____🦙____ __[Популярная политика](http://t.me/politica_media)__ __| [Поддержать](http://donate.fbk.info/smm)",3864,6,0,politica_media
40966,2026-03-14T09:42:10+00:00,Новый выпуск Военного положения — вашему вниманию: https://youtu.be/eXgi1ipkdoU,3468,4,2,politica_media
40965,2026-03-13T16:58:25+00:00,"❗️❕‼️🟥🟧 **Кошмар в сибирском интернате | Росстат засекретил правду | Единоросска запрещает аборты**

Итоги дня: https://youtu.be/YtqoHHa3MOc

Власти оправдывают безопасностью отключения интернета, а от школьников требуют удалять Telegram. На фоне заявлений  властей о росте зарплат опубликованы данные о рекордном состоянии миллиардеров. Самые громкие уголовные дела и международные новости — в выпуске «Итогов дня».

__🚫 Не работает YouTube? Используйте __[__@rosvpnbot__](http://t.me/rosvpnbot?start=tg_pp)__
__
__🦙____ __[Популярная политика](http://t.me/politica_media)__ __| [Поддержать](http://donate.fbk.info/smm)",3954,3,0,politica_media
40964,2026-03-13T16:43:58+00:00,"**Приговор по делу о теракте в «Крокус Сити Холле»**

Суд вынес приговор обвиняемым по делу о теракте в «Крокус Сити Холле»: 15 фигурантов получили пожизненные сроки, ещё четверо — до 22 лет колонии. Процесс проходил в закрытом режиме, а многие детали стали известны только из пресс-релизов силовых ведомств и утечек.

Теракт в «Крокусе» произошёл 22 марта 2024 года перед началом концерта группы «Пикник». В результате погибли около 150 человек, более 600 получили ранения. Ответственность за нападение взяла ячейка «Вилаят Хорасан». 

__🔗____ Обсудили приговор с журналисткой «Дождя» Валерией Ратниковой в «Теме дня»: ____https://youtu.be/rcEEPMMWGnE__

__🦙____ __[Популярная политика](http://t.me/politica_media)__ __| [Поддержать](http://donate.fbk.info/smm)",3598,4,0,politica_media
40963,2026-03-13T16:01:26+00:00,"**❗️****  Суд над Лукашенко. Диктатор из Беларуси ответит за преступления**

Смотреть: https://youtu.be/NY-1EtBhncc

Международный уголовный суд начал расследование преступлений против человечности, совершённых властями Беларуси после протестов 2020 года. Речь идёт о депортации и преследовании оппозиции. Под подозрением — высшие чиновники режима Лукашенко. 

Обсуждаем детали с советником Светланы Тихановской Франаком Вечерко.
__
🚫 Не работает YouTube? Используйте __[__@rosvpnbot__](http://t.me/rosvpnbot?start=tg_pp)__**
**
____🦙____ __[Популярная политика](http://t.me/politica_media)__ __| [Поддержать](http://donate.fbk.info/smm)",3438,7,5,politica_media
40961,2026-03-13T15:25:35+00:00,"🔴** Алаудинов донес на зетника. Суд по «Крокусу». Галицкого признают экстремистом? 

**Криминальная Россия: https://youtu.be/hjNJs7Fbh30

Криминальная хроника недели: участники войны убивают знакомых и соседей, пьяные ДТП со смертями, жестокое убийство россиянина в Таиланде и приговоры по делу теракта в «Крокус Сити Холле». Реальные преступления и истории, о которых не расскажут по государственному ТВ.

__🦙____ __[Популярная политика](http://t.me/politica_media)__ __| [Поддержать](http://donate.fbk.info/smm)",5443,9,0,politica_media
40958,2026-03-13T13:33:36+00:00,"**▪️****▫️****◾️****◽️****◼️****◻️****🔳****  В 17:00: Честное слово с Ильёй Шепелиным**

Включайте трансляцию в нашем Telegram-канале или на YouTube: https://youtube.com/live/Q5x15pZ8bqk

__🦙____ __[Популярная политика](http://t.me/politica_media)__ __| [Поддержать](http://donate.fbk.info/smm)",3546,4,0,politica_media
40957,2026-03-13T11:34:25+00:00,"❗️❕‼️🟥**🟧****ТЮРЬМАМ И КОЛОНИЯМ НЕ ХВАТАЕТ ОХРАННИКОВ | ТРАМП СНЯЛ САНКЦИИ С ПУТИНА | ЗАДЕРЖАН ЕЩЕ ОДИН ТАНКЕР **

Смотреть:__ __https://youtu.be/51JqHH6vG8M**__
__**
В Москве продолжаются отключения мобильного интернета — в Госдуме уже говорят о блокировке Telegram даже с VPN и предлагают вернуть таксофоны. На фоне войны растут доходы России от нефти, а дроны продолжают атаки на фронте.

__🚫 Не работает YouTube? Используйте __[__@rosvpnbot__](http://t.me/rosvpnbot?start=tg_pp)__
__
🦙 [Популярная политика](http://t.me/politica_media) | [Поддержать](http://donate.fbk.info/smm)",3531,3,0,politica_media
40954,2026-03-13T07:31:42+00:00,"**▪️****▫️****◾️****◽️****◼️****◻️****🔳****  В 11:00: Честное слово с Рустамом Солнцевым**

Включайте трансляцию в нашем Telegram-канале или на YouTube: https://youtube.com/live/b-S4IK6mFfo

__🦙____ __[Популярная политика](http://t.me/politica_media)__ __| [Поддержать](http://donate.fbk.info/smm)",4048,6,5,politica_media
40952,2026-03-12T16:39:10+00:00,"❗️❕‼️🟥🟧 **Протест фермеров Сибири | Москва без интернета | Новый аятолла тяжело ранен **

Итоги дня: https://youtu.be/_5jq2HvADIY

В Москве больше недели нет нормальной связи и интернета — даже в Госдуме. В ряде регионов остановили выплаты многодетным семьям на ипотеку. А новый аятолла Ирана Моджтаба Хаменеи получил ранение.

__🚫 Не работает YouTube? Используйте __[__@rosvpnbot__](http://t.me/rosvpnbot?start=tg_pp)__
__
__🦙____ __[Популярная политика](http://t.me/politica_media)__ __| [Поддержать](http://donate.fbk.info/smm)",4234,11,0,politica_media
40950,2026-03-12T15:01:19+00:00,"**🔴****🟠****🟡****  Бунт сибирских фермеров | Москва вернулась в Россию | Призывника не отсудишь
**
Включайте эфир в 18:30: https://youtube.com/live/Rwt_qzxAZW4**
**
В нескольких районах Новосибирской области изымают домашний скот для уничтожения. Отключения интернета в России добрались до Москвы. Призывников лишают отсрочки на время судебного разбирательства.

Эти и другие новости обсудим в новом выпуске «Бойко о главном».

__🦙____ __[Популярная политика](http://t.me/politica_media)__ __| [Поддержать](http://donate.fbk.info/smm)",4027,14,1,politica_media
40949,2026-03-12T14:56:19+00:00,"**❗️****  «Им пользуются террористы». Госдума требует заблокировать Telegram**

Смотреть: https://youtu.be/L4HPe-JRBxs

Депутат Госдумы Андрей Свинцов предложил отключить интернет ради «безопасности». Он заявил о возможной блокировке Telegram даже с VPN и пригрозил закрыть все иностранные сервисы. 

Разбираем громкие заявления вместе с директором Общества защиты интернета Михаилом Климарёвым.
__
🚫 Не работает YouTube? Используйте __[__@rosvpnbot__](http://t.me/rosvpnbot?start=tg_pp)__**
**
____🦙____ __[Популярная политика](http://t.me/politica_media)__ __| [Поддержать](http://donate.fbk.info/smm)",3394,12,2,politica_media
40946,2026-03-12T13:53:03+00:00,"**❗️****  ФСБ не понесла наказания. Итоги суда над террористами с Крокуса
**
Смотреть: https://youtu.be/rcEEPMMWGnE

Суд вынес приговор по делу о теракте в «Крокус Сити Холле»: 15 обвиняемых получили пожизненные сроки, еще четверо — до 22 лет колонии. В атаке на концертный зал тогда погибли 149 человек, более 600 пострадали. 

Обсудили приговор с журналисткой «Дождя» Валерией Ратниковой.
__
🚫 Не работает YouTube? Используйте __[__@rosvpnbot__](http://t.me/rosvpnbot?start=tg_pp)__**
**
____🦙____ __[Популярная политика](http://t.me/politica_media)__ __| [Поддержать](http://donate.fbk.info/smm)",3513,5,7,politica_media
40945,2026-03-12T13:35:47+00:00,"**▪️****▫️****◾️****◽️****◼️****◻️****🔳****  В 17:00: Честное слово с Екатериной Котрикадзе** 

Включайте трансляцию в нашем Telegram-канале или на YouTube: https://youtube.com/live/DyXRmVVWp3w

__🦙____ __[Популярная политика](http://t.me/politica_media)__ __| [Поддержать](http://donate.fbk.info/smm)",3374,5,0,politica_media
40944,2026-03-12T12:20:00+00:00,"**❗️****  Генерал с Рублёвки. Как воровал замминистра обороны Цаликов**

Смотреть: [youtu.be/U3BfYmBJtK4](https://youtu.be/U3BfYmBJtK4)

Новые детали о роскошной недвижимости бывшего замминистра обороны России Руслана Цаликова и его семьи на Рублёвке. Журналисты «Агентства» нашли четыре особняка, связанные с окружением экс-главы Минобороны Сергеем Шойгу. Обсуждаем расследование и коррупционные схемы с журналистом Михаилом Магловым.
__
🚫 Не работает YouTube? Используйте __[__@rosvpnbot__](http://t.me/rosvpnbot?start=tg_pp)__**
**
____🦙____ __[Популярная политика](http://t.me/politica_media)__ __| [Поддержать](http://donate.fbk.info/smm)",3382,8,0,politica_media
40943,2026-03-12T10:54:04+00:00,"❗️❕‼️🟥**🟧****ОСУДИЛИ 19 ЧЕЛОВЕК | РОССИЙСКОЕ ТВ ПОТЕРЯЛО ВАЖНЕЙШИЙ СПУТНИК | ОХРАННИКАМ РАЗДАДУТ ОРУЖИЕ**

Смотреть:__ __[youtu.be/iFiKsTLYmhk](https://youtu.be/iFiKsTLYmhk)**__
__**
Суд вынес приговор исполнителям теракта в «Крокус Сити Холле». Украинские дроны атаковали крупную нефтебазу в Краснодарском крае, вспыхнул пожар. Россия может сократить бюджетные расходы, а на Ближнем Востоке нарастает конфликт между США, Израилем и Ираном.

__🚫 Не работает YouTube? Используйте __[__@rosvpnbot__](http://t.me/rosvpnbot?start=tg_pp)__
__
🦙 [Популярная политика](http://t.me/politica_media) | [Поддержать](http://donate.fbk.info/smm)",3447,5,0,politica_media
40942,2026-03-12T09:20:38+00:00,"**🔥**** Ведущий «Популярной политики»** **Александр Макашенец дал интервью Юрию Дудю!**

Смотрите и делитесь мнением: youtu.be/glCWO5i9M1A

__🦙____ __[Популярная политика](http://t.me/politica_media)__ __| [Поддержать](http://donate.fbk.info/smm)",3580,16,3,politica_media
40939,2026-03-12T07:33:31+00:00,"**▪️****▫️****◾️****◽️****◼️****◻️****🔳****  В 11:00: Честное слово с Дмитрием Дёмушкиным**

Включайте трансляцию в нашем Telegram-канале или на YouTube: https://youtube.com/live/JoTrM5KkC80

__🦙____ __[Популярная политика](http://t.me/politica_media)__ __| [Поддержать](http://donate.fbk.info/smm)",3853,0,0,politica_media
40938,2026-03-11T16:45:51+00:00,"❗️❕‼️🟥🟧 **Нефтяной кризис из-за войны | Новая должность любимчика Путина | Школы переводят на Max 
**
Итоги дня: https://youtu.be/D5_t3N-6yd8

Более 20 миллионов школьников переводят на мессенджер Max, Telegram массово сбоит, а Кремль обещает продолжать ограничения интернета. Павел Дуров теряет миллиарды. В мире — обстрел судов в Ормузском проливе, нефтяная напряженность и выход Молдовы из СНГ.

__🚫 Не работает YouTube? Используйте __[__@rosvpnbot__](http://t.me/rosvpnbot?start=tg_pp)__
__
__🦙____ __[Популярная политика](http://t.me/politica_media)__ __| [Поддержать](http://donate.fbk.info/smm)",3863,5,0,politica_media
40937,2026-03-11T14:56:32+00:00,"**❗️****  Кремль продолжает охоту на блогеров: Лерчек, Маркарян, Блиновская. Кто следующий?**

Смотреть: https://youtu.be/CRuvpB4pTCY

Лерчек в центре нового скандала! Третье уголовное дело против блогерши, запрет на интернет и блокировка счетов. 

Разбираем, почему власть так рьяно преследует успешных блогеров, и что будет дальше с Шабутдиновым, Маркаряном и Блиновской.
__
🚫 Не работает YouTube? Используйте __[__@rosvpnbot__](http://t.me/rosvpnbot?start=tg_pp)__**
**
____🦙____ __[Популярная политика](http://t.me/politica_media)__ __| [Поддержать](http://donate.fbk.info/smm)",3770,8,0,politica_media
40934,2026-03-11T13:31:46+00:00,"**❗️****  Штраф за аватарку. Добро пожаловать в Max**

Смотреть: https://youtu.be/sads2fnkfGA

Российские власти усиливают контроль над интернетом: первый штраф за «экстремизм» в Max, перевод школ на национальный мессенджер и слежка за соцсетями школьников. Одновременно из-за ограничений мобильного интернета в Москве бизнес теряет миллиарды. 

Обсуждаем, как в России ужесточается цифровой контроль.
__
🚫 Не работает YouTube? Используйте __[__@rosvpnbot__](http://t.me/rosvpnbot?start=tg_pp)__**
**
____🦙____ __[Популярная политика](http://t.me/politica_media)__ __| [Поддержать](http://donate.fbk.info/smm)",3727,14,0,politica_media
40933,2026-03-11T13:30:16+00:00,"**▪️****▫️****◾️****◽️****◼️****◻️****🔳****  В 17:00: Честное слово с Владимиром Миловым**

Включайте трансляцию в нашем Telegram-канале или на YouTube: https://youtube.com/live/DutaD5vIdFc

__🦙____ __[Популярная политика](http://t.me/politica_media)__ __| [Поддержать](http://donate.fbk.info/smm)",3330,5,0,politica_media
40932,2026-03-11T11:38:19+00:00,"❗️❕‼️🟥**🟧****Атакован химзавод | Курящих заставят платить больше? | ВСУ почти освободили Днепропетровскую область**

Смотреть:__ __https://youtu.be/LIvQJgUbmRY**__
__**
Удар ракетами Storm Shadow по Брянску, новые атаки дронов и бои ВСУ в Запорожской области — главные события войны за сутки. Также в выпуске: скандальное поздравление Патриарха Кирилла лидеру Ирана, атака на завод в Тольятти, коррупция при вербовке на войну и планы Кремля агитировать за «Единую Россию» через маркетплейсы.

__🚫 Не работает YouTube? Используйте __[__@rosvpnbot__](http://t.me/rosvpnbot?start=tg_pp)__
__
🦙 [Популярная политика](http://t.me/politica_media) | [Поддержать](http://donate.fbk.info/smm)",3518,6,0,politica_media
40931,2026-03-11T11:05:52+00:00,"**🫶🏻 Поддержите «Популярную политику»**

Каждый день мы работаем для того, чтобы рассказывать правду как можно большему числу людей в России и за её пределами. Поддержите то, что мы делаем!

🔴Становитесь спонсором канала:
youtube.com/channel/UC7Elc-kLydl-NAV4g204pDQ/join

🔴Поддержите любимую программу: friends.politica.media

🔴Отправьте донат с помощью карты или криптовалюты на сайте: [donate.fbk.info](http://donate.fbk.info/smm)

**Спасибо, что вы с нами!**

__🦙____ __[Популярная политика](http://t.me/politica_media)",3374,3,0,politica_media
40928,2026-03-11T07:30:01+00:00,"**▪️****▫️****◾️****◽️****◼️****◻️****🔳****  В 11:00: Честное слово с Яном Матвеевым**

Включайте трансляцию в нашем Telegram-канале или на YouTube: https://youtube.com/live/srj3J_zSt2s

__🦙____ __[Популярная политика](http://t.me/politica_media)__ __| [Поддержать](http://donate.fbk.info/smm)",3676,4,1,politica_media
40927,2026-03-11T07:01:32+00:00,"**Мошенник из Кремля. Как Мединский стал близок к Путину и заработал на этом**

Смотреть: youtu.be/BGKNW-xXL8c

Владимир Мединский — один из самых заметных идеологов и пропагандистов современной российской власти. Сегодня он промывает мозги школьникам через свои «учебники истории» и служит посланником Путина на переговорах с Украиной. Нелепые высказывания Мединского часто становятся объектом внимания общества, а вознаграждение за его лояльность может сравниться с бюджетом целого города. 

Илья Гантварг рассказывает историю Владимира Мединского — шарлатана и мракобеса, который сегодня находится у Кремля в авангарде.

❗️ [Навальный LIVE](https://t.me/navalnylivechannel) | [Поддержать](http://donate.fbk.info/smm)",3554,8,0,politica_media
40926,2026-03-10T17:26:28+00:00,"❗️❕‼️🟥🟧 **Смерть в центре Москвы | Новый безумный закон Госдумы | Завели дело за фото в месседжере Max**

Итоги дня: https://youtu.be/hqqFI3Fi7ig

Цены на бензин и ЖКХ достигли максимума с начала войны, а треть предпринимателей подумывают закрыть бизнес. ВСУ ударили по крупнейшему российскому производителю чипов в Брянске. А единороссы хотят сделать жизнь призывников ещё сложнее.

__🚫 Не работает YouTube? Используйте __[__@rosvpnbot__](http://t.me/rosvpnbot?start=tg_pp)__
__
__🦙____ __[Популярная политика](http://t.me/politica_media)__ __| [Поддержать](http://donate.fbk.info/smm)",4227,5,0,politica_media
40925,2026-03-10T16:25:01+00:00,"«Это большая победа ФБК».

На Майорке прошли обыски на виллах гендиректора «Вертолётов России» Николая Колесова, а также в агентстве недвижимости, через которое оформлялось его имущество.

В июне прошлого года ФБК [рассказал](https://www.youtube.com/watch?v=GClkrESUFqs) о зарубежной недвижимости Колесова — её стоимость оценивается примерно в 18 миллионов евро, а оформлена она была на его родственников. В сентябре 2025 года испанские власти наложили арест на эту недвижимость.

__🔗____ Поговорили об этом с расследователем ФБК Георгием Албуровым в «Теме дня»: ____https://youtu.be/Ycy1vqjE08E__

__🦙____ __[Популярная политика](http://t.me/politica_media)__ __| [Поддержать](http://donate.fbk.info/smm)",4022,13,0,politica_media
40922,2026-03-10T14:00:21+00:00,"**❗️****  Сбой по всей Москве. Почему в столице нет интернета?**

Смотреть: https://youtu.be/tOn5JGTKmqQ

В Москве уже пятый день наблюдаются серьёзные перебои с интернетом. В магазинах не работают терминалы, невозможно забрать заказы из пунктов выдачи или зайти в банковские приложения, из-за чего часть кафе и магазинов вынуждена приостанавливать работу. Жители столицы сообщают, что открываются лишь сайты из так называемого «белого списка». 

Что происходит с интернетом в Москве и с чем могут быть связаны эти ограничения — обсудили с директором «Общества защиты интернета» Михаилом Климарёвым.
__
🚫 Не работает YouTube? Используйте __[__@rosvpnbot__](http://t.me/rosvpnbot?start=tg_pp)__**
**
____🦙____ __[Популярная политика](http://t.me/politica_media)__ __| [Поддержать](http://donate.fbk.info/smm)",3907,17,0,politica_media
40921,2026-03-10T13:32:26+00:00,"**▪️****▫️****◾️****◽️****◼️****◻️****🔳****  В 17:00: Честное слово с Владиславом Жуковским**

Включайте трансляцию в нашем Telegram-канале или на YouTube: https://youtube.com/live/V6hm7dKZVEk

__🦙____ __[Популярная политика](http://t.me/politica_media)__ __| [Поддержать](http://donate.fbk.info/smm)",3316,4,0,politica_media
40920,2026-03-10T12:48:33+00:00,"**❗️****  Срочно! Обыски в доме руководителя оборонного предприятия**

Смотреть: https://youtu.be/Ycy1vqjE08E

Испанская полиция провела обыски на пяти элитных виллах на Майорке, связанных с гендиректором «Вертолётов России» Николаем Колесовым. Недвижимость общей стоимостью около 18 миллионов евро оформлена на его родственников и даже маленьких детей. Также журналисты пишут, что сегодня арестовали и юристку Колесова, которая помогала проводить ему сделки. Ранее расследователи ФБК обнаружили эти объекты и потребовали их ареста, после чего испанские власти начали действия против активов Колесова, находящегося под санкциями ЕС с 2024 года. 

Что происходит с этой недвижимостью и какие последствия могут быть для главы «Вертолётов России», — обсудили с расследователем ФБК Георгием Албуровым.
__
🚫 Не работает YouTube? Используйте __[__@rosvpnbot__](http://t.me/rosvpnbot?start=tg_pp)__**
**
____🦙____ __[Популярная политика](http://t.me/politica_media)__ __| [Поддержать](http://donate.fbk.info/smm)",3605,16,2,politica_media
40919,2026-03-10T11:48:50+00:00,"❗️❕‼️🟥**🟧****В МОСКВЕ ПРОБЛЕМЫ СО СВЯЗЬЮ | МАССОВОЕ СОКРАЩЕНИЕ ТРАТ НА МЕДИЦИНУ | ТРАМП СНИМЕТ САНКЦИИ С ПУТИНА?**

Смотреть: https://youtu.be/ZoS0NR3hTao**__
__**
На Майорке полиция провела обыски в особняках семьи Николая Колесова, ранее у которого ФБК обнаружил европейскую недвижимость, записанную на родственников. Трамп заявил, что Америка снимет часть санкций, связанных с нефтью. А регионы значительно сократили расходы на медицину.

__Поддержите выход новых выпусков новостей на ____friends.politica.media____ 

🚫 Не работает YouTube? Используйте __[__@rosvpnbot__](http://t.me/rosvpnbot?start=tg_pp)__
__
__🦙____ __[Популярная политика](http://t.me/politica_media)",3608,2,1,politica_media
40916,2026-03-10T08:05:34+00:00,"Эфир немного задерживается, но начнём уже совсем скоро!",3956,0,0,politica_media
40915,2026-03-10T07:38:01+00:00,"**▪️****▫️****◾️****◽️****◼️****◻️****🔳****  В 11:00: Честное слово с Аббасом Галлямовым**

Включайте трансляцию в нашем Telegram-канале или на YouTube: https://youtube.com/live/Kky3msBwXJQ

__🦙____ __[Популярная политика](http://t.me/politica_media)__ __| [Поддержать](http://donate.fbk.info/smm)",4136,7,0,politica_media
40913,2026-03-09T16:40:19+00:00,"❗️❕‼️🟥🟧 **Смертельное ДТП в Башкирии | Путин пообещал поддержку Ирану | Крупное ДТП в центре Москвы**

Итоги дня: https://youtu.be/rjDkweNVXQE

В Москве пятый день проблемы с интернетом — открываются только сайты из так называемого «белого списка». Смертельное ДТП в Башкирии — погибли пять человек. А Путин поздравил сына Али Хаменеи с избранием на пост аятоллы Ирана.

__🚫 Не работает YouTube? Используйте __[__@rosvpnbot__](http://t.me/rosvpnbot?start=tg_pp)__
__
__🦙____ __[Популярная политика](http://t.me/politica_media)__ __| [Поддержать](http://donate.fbk.info/smm)",4470,3,1,politica_media
40912,2026-03-09T15:38:56+00:00,"**❗️****  Позорное 8 Марта: чупа-чупсы за убитых, Картье мажоров и кашель Путина**

Смотреть: https://youtu.be/daDPfxZYjc0

Владимир Путин не смог с первого раза поздравить россиянок с Международным женским днем — неотредактированное видео появилось на сайте Кремля. На фоне войны женщинам в регионах дарят чупа-чупсы и консервы, а в Москве — браслеты Cartier.
__
🚫 Не работает YouTube? Используйте __[__@rosvpnbot__](http://t.me/rosvpnbot?start=tg_pp)__**
**
____🦙____ __[Популярная политика](http://t.me/politica_media)__ __| [Поддержать](http://donate.fbk.info/smm)",4033,7,5,politica_media
40910,2026-03-09T15:02:14+00:00,"**🔴****🟠****🟡****  Зачем в Сибири жгут скот? | В Питере отключили интернет? | В Иране будет десант?**

Включайте эфир в 18:30: https://youtube.com/live/XG-DUFSFuiA**
**
Скот массово забирают у сибиряков и сжигают — власти говорят об «особо опасном заболевании», не уточняя его. В Санкт-Петербурге отключили мобильный интернет. А США планируют рейд спецназа в Иран, чтобы взять под контроль полтонны урана.

Эти и другие новости обсудим в новом выпуске «Бойко о главном».

__🦙____ __[Популярная политика](http://t.me/politica_media)__ __| [Поддержать](http://donate.fbk.info/smm)",3707,11,2,politica_media
40908,2026-03-09T14:20:51+00:00,"**❗️****  Обвинения, упреки, оскорбления. Новый конфликт экономистов**

Смотреть: https://youtu.be/AZQJS0wQQS4

Спор среди российских экономистов обострился: Игорь Липсиц, Владимир Милов и Вячеслав Ширяев спорят с Сергеем Алексашенко, Владиславом Иноземцевым и Дмитрием Некрасовым о том, насколько устойчива российская экономика во время войны. 

Разбираем аргументы сторон: возможен ли экономический крах, хватит ли у режима Владимира Путина ресурсов и могут ли санкции остановить войну.
__
🚫 Не работает YouTube? Используйте __[__@rosvpnbot__](http://t.me/rosvpnbot?start=tg_pp)__**
**
____🦙____ __[Популярная политика](http://t.me/politica_media)__ __| [Поддержать](http://donate.fbk.info/smm)",3900,21,1,politica_media
40906,2026-03-09T13:33:45+00:00,"**▪️****▫️****◾️****◽️****◼️****◻️****🔳****  В 17:00: Честное слово с Михаилом Крутихиным**

Включайте трансляцию в нашем Telegram-канале или на YouTube: https://youtube.com/live/iAnkMjqbHNs

__🦙____ __[Популярная политика](http://t.me/politica_media)__ __| [Поддержать](http://donate.fbk.info/smm)",3682,7,0,politica_media
40905,2026-03-09T11:01:06+00:00,"❗️❕‼️🟥**🟧****СТУДЕНТОВ ОБЯЗАЛИ УСТАНОВИТЬ МАХ | ГОРИТ ХИМЗАВОД В НОВГОРОДЕ | РЕЗКИЙ СКАЧОК ЦЕН НА НЕФТЬ **

Смотреть:__ __https://youtu.be/JJOIGpdgT9w**__
__**
ВСУ атаковали химический завод «Акрон» в Великом Новгороде. Сын убитого аятоллы Али Хаменеи, Моджтаба Хаменеи, стал новым верховным лидером Ирана. А Путин поздравил женщин с 8 марта со второго раза.

__🚫 Не работает YouTube? Используйте __[__@rosvpnbot__](http://t.me/rosvpnbot?start=tg_pp)__
__
🦙 [Популярная политика](http://t.me/politica_media) | [Поддержать](http://donate.fbk.info/smm)",3693,4,0,politica_media
40903,2026-03-09T08:33:09+00:00,"**Мобилизация молодежи. Война пришла в вузы**

Смотреть: youtu.be/28asgyGIuIc

У армии Владимира Путина не хватает людей для боевых действий в Украине. Чтобы набрать новое «пушечное мясо» власти пошли в вузы. По всей стране студентов активно вербуют и принуждают подписывать контракт. Фактически это скрытая мобилизация. В зоне риска вся молодежь России. 

Подробности в нашем новом видео.

❗️ [Навальный LIVE](https://t.me/navalnylivechannel) | [Поддержать](http://donate.fbk.info/smm)",3769,12,0,politica_media
40901,2026-03-09T07:34:57+00:00,"**▪️****▫️****◾️****◽️****◼️****◻️****🔳****  В 11:00: Честное слово с Вячеславом Ширяевым**

Включайте трансляцию в нашем Telegram-канале или на YouTube: https://youtube.com/live/eGderZSQVsQ

__🦙____ __[Популярная политика](http://t.me/politica_media)__ __| [Поддержать](http://donate.fbk.info/smm)",4282,6,0,politica_media
40900,2026-03-08T11:03:24+00:00,"**Путин предложил набирать участников войны в полицию**

Владимир Путин предложил принимать участников войны против Украины на службу в МВД. По его словам, их «боевой опыт, психологическая и физическая закалка» могут помочь укрепить ряды полиции.

Так он хочет решить проблему нехватки кадров в полиции — ранее глава МВД Владимир Колокольцев сообщал, что общее количество вакансий за год увеличилось более чем на 33 тысячи и превысило 172 тысячи должностей.

При этом всё чаще становится известно о преступлениях, совершённых участниками войны после возвращения с фронта. Теперь власти предлагают привлекать их к работе в силовых структурах.

__🔗____ Об этом и других событиях недели — в новом выпуске «Криминальной России»: ____https://youtu.be/gqbq0TMf_AE__

__🦙____ __[Популярная политика](http://t.me/politica_media)__ __| [Поддержать](http://donate.fbk.info/smm)",4626,14,32,politica_media
40899,2026-03-08T08:49:12+00:00,"**Женщины Путина. Кем он себя окружил**

Смотреть: youtu.be/ewH4S8qhSPg

У Владимира Путина есть большое количество родственниц — как близких, так и дальних. Их всех объединяет одно: женщины в семье Путина обладают исключительными привилегиями, высокими должностями и огромными средствами. Их пристраивают в банки, министерства и госкорпорации, им дарят роскошную недвижимость, им всячески помогают преуспеть в жизни — и всё это за счёт россиян. 

В Международный женский день Руслан Шаведдинов рассказывает, как живут родственницы Владимира Путина — от любовниц и дочерей до внучатых племянниц.

❗️ [Навальный LIVE](https://t.me/navalnylivechannel) | [Поддержать](http://donate.fbk.info/smm)",4081,13,3,politica_media
40898,2026-03-07T16:31:53+00:00,"**#Дайджест**** главных «Тем дня» этой недели.** 

Если вы пропустили выпуски — рассказываем, что произошло.__
__
• **Смерть Умара Джабраилова. **Чеченский экс-сенатор найден с огнестрельным ранением в центре Москвы. Что известно о его жизни и обстоятельствах смерти — __разговор с правозащитником Мусой Ломаевым — __[__смотреть__](https://youtu.be/cfPTV2Uajf4)__
__
• **Кто учит детей Путина и Кабаевой. **Иностранные преподаватели, резиденция на Валдае и охрана ФСБ. __Разбираем расследование немецкого издания Stern с Георгием Албуровым — __[__смотреть__](https://youtu.be/PMYsyzwVgQM)

• **Задержан бывший заместитель Шойгу.** Генерала Руслана Цаликова обвиняют в хищениях и взятках. __Обсудили чистки в Минобороны с Русланом Шаведдиновым — __[__смотреть__](https://youtu.be/1NSOJG8Ygdo)__
__
• **Мария Певчих ответила Коху.** От обвинений в адрес Алексея Навального до залоговых аукционов 1990-х. __Поговорили с Марией Певчих — __[__смотреть__](https://youtu.be/ixKHWuH67UM)__
__
• **Мобилизация студентов.** Молодёжь по всей России агитируют подписывать контракты и вступать в «войска БПЛА». __Разговор с журналисткой «Вёрстки» Екатериной Красоткиной — __[__смотреть__](https://youtu.be/arePmbwQx84)

**💙**** Поддержите выход новых выпусков «Тем дня» на ****friends.politica.media**

__🦙____ __[Популярная политика](http://t.me/politica_media)",4252,3,8,politica_media
40892,2026-03-07T15:34:46+00:00,"Арест Руслана Цаликова, смерть Умара Джабраилова, приговор Арсену Маркаряну, дело Заремы Мусаевой и преступления участников войны.

__🔗____ Рассказываем о криминальных событиях недели в карточках и новом выпуске «Криминальной России»: ____https://youtu.be/gqbq0TMf_AE__

__🦙____ __[Популярная политика](http://t.me/politica_media)__ __| [Поддержать](http://donate.fbk.info/smm)",3817,4,0,politica_media
40891,2026-03-07T10:21:49+00:00,"❗️**НАЛЕТ НА НОВОРОССИЙСК | ПУТИН ПРИГОВОРИЛ ТЕЛЕГРАМ | ПЕРВАЯ НЕДЕЛЯ ВОЙНЫ В ИРАНЕ 
**
Военное положение: https://youtu.be/9y2LWCbmWjE

Украинские беспилотники массированно атаковали порт в Новороссийске — повреждён не только нефтяной терминал, но и боевые корабли флота. Израиль и США атаковали Иран, аятолла Хаменеи убит, горят НПЗ, а Персидский залив заблокирован. Путин объявил Telegram враждебным, а ВУЗы все активнее заманивают студентов на войну. В то же время арестовали последнего зама Шойгу.
__
🚫 Не работает YouTube? Используйте __[__@rosvpnbot__](http://t.me/rosvpnbot?start=tg_pp)__**
**
____🦙____ __[Популярная политика](http://t.me/politica_media)__ __| [Поддержать](http://donate.fbk.info/smm)",4308,7,0,politica_media
40890,2026-03-06T17:26:28+00:00,"❗️❕‼️🟥🟧 **Фото из Max стали доступны всем | Цены на нефть взлетели **

Итоги дня: https://youtu.be/aE0I_9-oSVU

Утечка данных в мессенджере MAX, принудительное обучение студентов управлению дронами и эскалация войны на Ближнем Востоке. Нефть марки Brent превысила отметку в $90. Также в выпуске — приговор 14 лет по делу о «госизмене», скандал с депутатом «Единой России», избежавшим суда, и новые ограничения связи в России.

__🚫 Не работает YouTube? Используйте __[__@rosvpnbot__](http://t.me/rosvpnbot?start=tg_pp)__
__
__🦙____ __[Популярная политика](http://t.me/politica_media)__ __| [Поддержать](http://donate.fbk.info/smm)",4412,8,1,politica_media
40889,2026-03-06T15:44:33+00:00,"🔴** Когда придут за Шойгу? СВОшники вместо полиции. Приговор Маркаряну 

**Криминальная Россия: https://youtu.be/gqbq0TMf_AE

Арест бывшего замминистра обороны Руслана Цаликова, громкие дела вокруг команды Шойгу, преступления участников войны и загадочная смерть бизнесмена Умара Джабраилова. Коррупция в Минобороны, криминальные истории вернувшихся с фронта и самые резонансные судебные процессы.

__🦙____ __[Популярная политика](http://t.me/politica_media)__ __| [Поддержать](http://donate.fbk.info/smm)",4239,5,0,politica_media
40888,2026-03-06T15:29:36+00:00,https://youtu.be/yxZ2QHoGmcw?is=sdncMOKrbtMZBFCy,3701,2,1,politica_media
40887,2026-03-06T13:35:12+00:00,"**▪️****▫️****◾️****◽️****◼️****◻️****🔳****  В 17:00: Честное слово с Ильёй Шепелиным**

Включайте трансляцию: https://youtube.com/live/Kl6n3YehXVA

__🦙____ __[Популярная политика](http://t.me/politica_media)__ __| [Поддержать](http://donate.fbk.info/smm)",3676,8,0,politica_media
40886,2026-03-06T12:36:23+00:00,"**❗️****  Шойгу арестуют? Чистка в Минобороны продолжается
**
Смотреть: https://youtu.be/q-3f2rbJbOo

Арест Руслана Цаликова усиливает давление на окружение Сергей Шойгу. После дел против Тимура Иванова, Дмитрия Булгакова и Павла Попова силовой блок Минобороны оказался в центре громких расследований. 

Обсуждаем, грозит ли самому Шойгу уголовное дело и что означают эти аресты вместе с расследователем Сергеем Ежовым.
__
🚫 Не работает YouTube? Используйте __[__@rosvpnbot__](http://t.me/rosvpnbot?start=tg_pp)__**
**
____🦙____ __[Популярная политика](http://t.me/politica_media)__ __| [Поддержать](http://donate.fbk.info/smm)",3629,7,1,politica_media
40885,2026-03-06T10:40:54+00:00,"❗️❕‼️🟥**🟧****УНИЧТОЖЕН ВЕРТОЛЕТ РФ | КАК ПОДПОЛКОВНИК ОБМАНУЛА ПУТИНА | СКОЛЬКО СТУДЕНТОВ ХОТЯТ ЗАБРАТЬ НА ВОЙНУ 
**
Смотреть:__ __https://youtu.be/VYXZocO96_o**__
__**
США показали уничтожение крупнейшего иранского корабля на фоне масштабных ударов по флоту Ирана. В России Басманный суд отправил под домашний арест ближайшего соратника Сергея Шойгу — Руслана Цаликова по делу о преступном сообществе. Также власти усиливают давление на Telegram: Путин обсуждает блокировку мессенджера, а ФАС предупреждает рекламодателей о возможных нарушениях закона.

__🚫 Не работает YouTube? Используйте __[__@rosvpnbot__](http://t.me/rosvpnbot?start=tg_pp)__
__
🦙 [Популярная политика](http://t.me/politica_media) | [Поддержать](http://donate.fbk.info/smm)",3610,1,1,politica_media
40882,2026-03-06T07:33:21+00:00,"**▪️****▫️****◾️****◽️****◼️****◻️****🔳****  В 11:00: Честное слово с Фёдором Крашенинниковым**

Включайте трансляцию в нашем Telegram-канале или на YouTube: https://youtube.com/live/moAodqF3NwA

__🦙____ __[Популярная политика](http://t.me/politica_media)__ __| [Поддержать](http://donate.fbk.info/smm)",4349,3,1,politica_media
40881,2026-03-05T19:32:49+00:00,"**Что не так с интервью Коха Дудю**

От обвинений в адрес Алексея Навального до залоговых аукционов 90-х — Мария Певчих разобрала ключевые заявления Альфреда Коха и объяснила, где он искажает факты.

__🔗____ Поговорили с Марией Певчих в «Теме дня»: ____https://youtu.be/ixKHWuH67UM__

__🦙____ __[Популярная политика](http://t.me/politica_media)__ __| [Поддержать](http://donate.fbk.info/smm)",4033,4,4,politica_media
40879,2026-03-05T17:04:59+00:00,"❗️❕‼️🟥🟧 **США просят ракеты у Украины | Власти бросили людей под обстрелами | Пытки за репосты 
**
Итоги дня: https://youtu.be/YfWx_EBrF18

Арест ближайшего соратника Сергей Шойгу — Руслан Цаликов обвинён в создании преступного сообщества в Минобороны. Параллельно падает экономика России и растут долги РЖД. Обо всём главном за день — в этом выпуске.

__🚫 Не работает YouTube? Используйте __[__@rosvpnbot__](http://t.me/rosvpnbot?start=tg_pp)__
__
__🦙____ __[Популярная политика](http://t.me/politica_media)__ __| [Поддержать](http://donate.fbk.info/smm)",4254,3,0,politica_media
40878,2026-03-05T16:40:07+00:00,"**❗️****  Певчих жестко ответила Коху. Разбор интервью Дудя**

Смотреть: https://youtu.be/ixKHWuH67UM

Мария Певчих разобрала интервью Альфреда Коха Юрию Дудю. Бывший глава Госкомимущества сделал громкие заявления — от обвинений Алексея Навального до оправдания залоговых аукционов. 

Проверяем факты и показываем, где Кох искажает историю приватизации 1990-х.
__
🚫 Не работает YouTube? Используйте __[__@rosvpnbot__](http://t.me/rosvpnbot?start=tg_pp)__**
**
____🦙____ __[Популярная политика](http://t.me/politica_media)__ __| [Поддержать](http://donate.fbk.info/smm)",3622,5,4,politica_media
40877,2026-03-05T15:54:27+00:00,"**Задержан бывший заместитель Шойгу Руслан Цаликов**

Его обвиняют в создании преступного сообщества, 12 эпизодах растраты и легализации денежных средств, а также двух эпизодах получения взятки.

Цаликов занимал пост первого замминистра обороны с 2015 по 2024 год. До этого он работал заместителем Сергея Шойгу в МЧС. Сейчас он депутат Верховного Хурала Республики Тыва от «Единой России».

__🔗____ Поговорили об этом с Русланом Шаведдиновым в «Теме дня»: ____https://youtu.be/1NSOJG8Ygdo__

__🦙____ __[Популярная политика](http://t.me/politica_media)__ __| [Поддержать](http://donate.fbk.info/smm)",3391,9,1,politica_media
40875,2026-03-05T15:21:16+00:00,"**❗️****  Мобилизация студентов началась. Как на фронт тащат молодёжь
**
Смотреть: https://youtu.be/arePmbwQx84

Студентов по всей России вербуют в «войска БПЛА»: как агитируют подписывать контракты и что обещают — разбор от «Вёрстки».
__
🚫 Не работает YouTube? Используйте __[__@rosvpnbot__](http://t.me/rosvpnbot?start=tg_pp)__**
**
____🦙____ __[Популярная политика](http://t.me/politica_media)__ __| [Поддержать](http://donate.fbk.info/smm)",3650,12,2,politica_media
40874,2026-03-05T15:01:50+00:00,"**🔴****🟠****🟡****  Новая тотальная цензура | Тегеран за 3 дня | В Бодайбо нашли крайнего
**
Включайте эфир в 18:30: https://youtube.com/live/RJHJtbG_8Xs**
**
Власти массово запрещают митинги против блокировки Telegram. Ближний Восток в огне: рост цен на нефть, десятки погибших и сотни тысяч застрявших российских туристов. А Мэра Бодайбо из «Единой России» обвинили в замораживании города.

Эти и другие новости обсудим в новом выпуске «Бойко о главном».

__🦙____ __[Популярная политика](http://t.me/politica_media)__ __| [Поддержать](http://donate.fbk.info/smm)",3449,10,0,politica_media
40872,2026-03-05T14:20:48+00:00,"**❗️****  Срочно! Задержан зам Шойгу. Генерал Цаликов сядет**

Смотреть: https://youtu.be/1NSOJG8Ygdo

Только что был задержан ближайший соратник Шойгу! Руслан Цаликов обвинён в хищениях и взятках. 

Обсудили чистки в Минобороны с Русланом Шаведдиновым.
__
🚫 Не работает YouTube? Используйте __[__@rosvpnbot__](http://t.me/rosvpnbot?start=tg_pp)__**
**
____🦙____ __[Популярная политика](http://t.me/politica_media)__ __| [Поддержать](http://donate.fbk.info/smm)",3519,10,1,politica_media
40871,2026-03-05T14:16:04+00:00,"**Тумсо Абдурахманов о Магомеде Даудове и борьбе за власть в Чечне.**

__🔗____ Полный разговор смотрите в «Честном слове»: ____https://youtube.com/live/nsk0XAvTDbY__

__🦙____ __[Популярная политика](http://t.me/politica_media)__ __| [Поддержать](http://donate.fbk.info/smm)",3256,3,0,politica_media
40869,2026-03-05T13:33:05+00:00,"**▪️****▫️****◾️****◽️****◼️****◻️****🔳****  В 17:00: Честное слово с Игорем Липсицем**

Включайте трансляцию в нашем Telegram-канале или на YouTube: https://youtube.com/live/gzQaMTS_904

__🦙____ __[Популярная политика](http://t.me/politica_media)__ __| [Поддержать](http://donate.fbk.info/smm)",3663,7,0,politica_media
40868,2026-03-05T12:51:26+00:00,"**❗️****  Кадыровцы поедут воевать в Иран? Заявление генерала Алаудинова**

Смотреть: https://youtu.be/YZuBGfcCmcA

Командир чеченского «Ахмата» Апти Алаудинов выразил готовность уехать воевать за Иран и передать ему всё оружие, назвав Дональда Трампа «антихристом». 

Обсудили происходящее с правозащитником Магомедом Ториевым.
__
🚫 Не работает YouTube? Используйте __[__@rosvpnbot__](http://t.me/rosvpnbot?start=tg_pp)__**
**
____🦙____ __[Популярная политика](http://t.me/politica_media)__ __| [Поддержать](http://donate.fbk.info/smm)",3340,5,0,politica_media
40867,2026-03-05T11:01:37+00:00,"❗️❕‼️🟥**🟧****ИРАН АТАКОВАЛ АЗЕРБАЙДЖАН | ДРОНЫ В САРАТОВЕ И ЭНГЕЛЬСЕ | БРЕД ДЕПУТАТА-ЕДИНОРОССА**

Смотреть:__ __https://youtu.be/xsKvn-qUYt4**__
__**
Иранские дроны атаковали Азербайджан. Россия и Украина вновь обменялись ударами. Путин угрожает Европе из-за газа. А в Госдуме сравнили отмечающих 8 марта девушек с путанами.

__🚫 Не работает YouTube? Используйте __[__@rosvpnbot__](http://t.me/rosvpnbot?start=tg_pp)__
__
🦙 [Популярная политика](http://t.me/politica_media) | [Поддержать](http://donate.fbk.info/smm)",3394,4,2,politica_media
40866,2026-03-05T09:28:47+00:00,"Решения и сделки 90-х заложили основу системы власти, в которой выросли олигархи, была разрушена независимая медиасреда и на основе которой был построен режим Владимира Путина. А люди, обладавшие тогда властью и ресурсами, сегодня откровенно лгут, пытаясь снять с себя ответственность за последствия.

**Мария Певчих разобрала по фактам интервью Альфреда Коха Юрию Дудю** — обвинения в адрес Алексея Навального, историю проведения залоговых аукционов, уничтожение НТВ, «дело писателей» и не только.

Посмотрите: [youtu.be/yxZ2QHoGmcw](https://youtu.be/yxZ2QHoGmcw)

❗️ [Команда Навального](https://t.me/+NT76PYctopw1NjI6)** **|** **[Поддержать](http://donate.fbk.info/smm)",3084,6,1,politica_media
40863,2026-03-05T07:59:33+00:00,"Через несколько минут буду в эфире Популярной Политики. 

Присоединяйтесь:


https://www.youtube.com/live/nsk0XAvTDbY?is=vFOTpB1ysvrEonow",3526,0,0,politica_media
40862,2026-03-05T07:34:00+00:00,"**▪️****▫️****◾️****◽️****◼️****◻️****🔳****  В 11:00: Честное слово с Тумсо Абдурахмановым**

Включайте трансляцию в нашем Telegram-канале или на YouTube: https://youtube.com/live/nsk0XAvTDbY

__🦙____ __[Популярная политика](http://t.me/politica_media)__ __| [Поддержать](http://donate.fbk.info/smm)",3685,2,0,politica_media
40861,2026-03-04T17:09:43+00:00,"❗️❕‼️🟥🟧 **Мэра посадили под арест | Собянин режет штат | ПВО сбило вертолёт** 

Итоги дня: https://youtu.be/hXWsKfmssrI

В Москве уволят 15% чиновников — Собянин заявил, что бюджету не хватает денег. Подробности крушения вертолёта МИ-8 в Ростовской области — его сбила ПВО, весь экипаж погиб. А Путин попросил набирать в МВД участников войны, потому что у них есть психологическая закалка.

__🚫 Не работает YouTube? Используйте __[__@rosvpnbot__](http://t.me/rosvpnbot?start=tg_pp)__
__
__🦙____ __[Популярная политика](http://t.me/politica_media)__ __| [Поддержать](http://donate.fbk.info/smm)",4034,12,0,politica_media
40860,2026-03-04T16:42:55+00:00,"Мать вице-премьера Дениса Мантурова финансирует оборонную промышленность и получает миллиарды рублей на процентах по займам — расследование «Важных историй».

__🦙____ __[Популярная политика](http://t.me/politica_media)__ __| [Поддержать](http://donate.fbk.info/smm)",3769,11,3,politica_media
40859,2026-03-04T15:41:20+00:00,"**❗️****  Щербакова «отменяют» российские власти. Что ждёт комиков из ЧБД?**

Смотреть: https://youtu.be/VMBEiq9dryo

Комик Алексей Щербаков остался без концертов в России — из его тура исчезли все запланированные города, включая большой сольник в Москве. Это происходит на фоне истории с Нурланом Сабуровым, которому запретили въезд в Россию на 50 лет. Оба комика — ключевые участники шоу «Что было дальше», и их проблемы всё чаще связывают с давлением со стороны власти и конфликтами внутри индустрии. 

Что стоит за отменами, кто принимает решения и означает ли эта история возможный переезд ЧБД за пределы России — в разборе Александра Макашенца.
__
🚫 Не работает YouTube? Используйте __[__@rosvpnbot__](http://t.me/rosvpnbot?start=tg_pp)__**
**
____🦙____ __[Популярная политика](http://t.me/politica_media)__ __| [Поддержать](http://donate.fbk.info/smm)",3828,5,0,politica_media
40856,2026-03-04T13:32:47+00:00,"**▪️****▫️****◾️****◽️****◼️****◻️****🔳****  В 17:00: Честное слово с Любовью Соболь**

Включайте трансляцию в нашем Telegram-канале или на YouTube: https://youtube.com/live/tZsR1XG_Dz0

__🦙____ __[Популярная политика](http://t.me/politica_media)__ __| [Поддержать](http://donate.fbk.info/smm)",3771,8,1,politica_media
40855,2026-03-04T13:23:59+00:00,"**❗️****  «Начались чистки». Соловьев выгоняет ведущих за критику мессенджера Макс**

Смотреть: https://youtu.be/uK2xGeDl9vM

Ведущего «Соловьёв LIVE» Кирилла Фёдорова отстранили от эфиров после череды скандальных заявлений — от комплиментов украинским дронам до критики блокировки Telegram. Формально причиной называют его высказывания о технике и международном сотрудничестве, но, судя по реакции руководства канала, конфликт был глубже и связан с публичным несогласием с линией Кремля. При этом Фёдоров — не первый, кто лишился эфиров на «Соловьёв LIVE» после неосторожных высказываний. 

Почему даже убеждённые пропагандисты рискуют карьерой, стоит им усомниться в позиции начальства, — в разборе Александра Макашенца.
__
🚫 Не работает YouTube? Используйте __[__@rosvpnbot__](http://t.me/rosvpnbot?start=tg_pp)__**
**
____🦙____ __[Популярная политика](http://t.me/politica_media)__ __| [Поддержать](http://donate.fbk.info/smm)",3595,10,2,politica_media
40854,2026-03-04T11:24:01+00:00,"❗️❕‼️🟥**🟧****ГАЗОВОЗ РОССИИ АТАКОВАН В СРЕДИЗЕМНОМ МОРЕ | УДАР ПО ХИМИЧЕСКОМУ ЗАВОДУ | ЗАДЕРЖАН ЧИНОВНИК РЖД
**
Смотреть:__ __https://youtu.be/sppd1gn657E**__
__**
За всё время войны мать вице-премьера Дениса Мантурова получила миллиардные выплаты от военных заводов. В Челябинске водители такси создали профсоюз и готовят обращение в «Яндекс» с требованием пересмотреть условия работы. А ВСУ уничтожили в Средиземном море российский газовоз Arctic Metagaz, который перевозит СПГ.

__🚫 Не работает YouTube? Используйте __[__@rosvpnbot__](http://t.me/rosvpnbot?start=tg_pp)__
__
🦙 [Популярная политика](http://t.me/politica_media) | [Поддержать](http://donate.fbk.info/smm)",3570,5,0,politica_media
40852,2026-03-04T08:54:06+00:00,"**❗️****  Милов про войну в Иране и её влияние на Украину и Россию**

Смотреть: https://youtu.be/5__koVddVeU

«Парадоксальность ситуации заключается в том, что атака на Иран отдалила вопрос каких-то возможных ударов по Путину, а не приблизила».
__
🚫 Не работает YouTube? Используйте __[__@rosvpnbot__](http://t.me/rosvpnbot?start=tg_pp)__**
**
____🦙____ __[Популярная политика](http://t.me/politica_media)__ __| [Поддержать](http://donate.fbk.info/smm)",3747,4,0,politica_media
40850,2026-03-04T07:33:07+00:00,"**▪️****▫️****◾️****◽️****◼️****◻️****🔳****  В 11:00: Честное слово с Анной Монгайт**

Включайте трансляцию в нашем Telegram-канале или на YouTube: https://youtube.com/live/ZW7puuKvwt4

__🦙____ __[Популярная политика](http://t.me/politica_media)__ __| [Поддержать](http://donate.fbk.info/smm)",4103,5,0,politica_media
40849,2026-03-03T17:11:19+00:00,"❗️❕‼️🟥🟧 **Концерты комика Щербакова отменяют | Массовая драка хоккеистов | Самолёт загорелся в полёте**

Итоги дня: https://youtu.be/ky1i1cgOj1w

Новый рекорд — в нашей стране зафиксировали максимальное за 13 лет число коррупционных преступлений. Провластные СМИ в один день начали «отменять» комика Алексея Щербакова. А число жертв после начала операции США и Израиля в Иране превысило 700 человек.

__🚫 Не работает YouTube? Используйте __[__@rosvpnbot__](http://t.me/rosvpnbot?start=tg_pp)__
__
__🦙____ __[Популярная политика](http://t.me/politica_media)__ __| [Поддержать](http://donate.fbk.info/smm)",4155,3,0,politica_media
40848,2026-03-03T16:11:58+00:00,"**❗️****  Наркоман, бандит, друг Кадырова. Кем был Умар Джабраилов?**

Смотреть: https://youtu.be/aTqjGx33fxg

В Чечне похоронили олигарха Умара Джабраилова. На похороны пришли десятки людей, в том числе представители кадыровской элиты. 

О том, какой жизнью жил Джабраилов, рассказывает журналист-расследователь Сергей Канев.
__
🚫 Не работает YouTube? Используйте __[__@rosvpnbot__](http://t.me/rosvpnbot?start=tg_pp)__**
**
____🦙____ __[Популярная политика](http://t.me/politica_media)__ __| [Поддержать](http://donate.fbk.info/smm)",4020,10,0,politica_media
40845,2026-03-03T15:08:29+00:00,"**❗️****  Полиция проводит обыски из-за денег Кадырова. Скандал в банке
**
Смотреть: https://youtu.be/0-s1mvzRqlw

Окружение Рамзана Кадыров оказалось в центре расследования об отмывании российских денег: в Люксембурге прошли обыски в EFG Bank Luxembourg. 

Кому предназначались 100 миллионов долларов — обсудили с управляющим TriTrace Investigations Ильёй Шумановым.
__
🚫 Не работает YouTube? Используйте __[__@rosvpnbot__](http://t.me/rosvpnbot?start=tg_pp)__**
**
____🦙____ __[Популярная политика](http://t.me/politica_media)__ __| [Поддержать](http://donate.fbk.info/smm)",3675,4,0,politica_media
40844,2026-03-03T15:01:03+00:00,"**🔴****🟠****🟡****  Новая тотальная цензура | Тегеран за 3 дня | В Бодайбо нашли крайнего
**
Включайте эфир в 18:30: https://youtube.com/live/aNOIPj9jy0Y**
**
Власти массово запрещают митинги против блокировки Telegram. Ближний Восток в огне: рост цен на нефть, десятки погибших и сотни тысяч застрявших российских туристов. А Мэра Бодайбо из «Единой России» обвинили в замораживании города.

Эти и другие новости обсудим в новом выпуске «Бойко о главном».

__Поддержите выход новых выпусков «Бойко о главном» на ____friends.politica.media__

__🦙____ __[Популярная политика](http://t.me/politica_media)__ __| [Поддержать](http://donate.fbk.info/smm)",3631,20,1,politica_media
40842,2026-03-03T14:06:52+00:00,"**❗️****  Взломали генерала ВС РФ и узнали правду! Сколько зарабатывают на войне
**
Смотреть: https://youtu.be/UMu4Gji-W04

Как российские генералы действительно зарабатывают деньги во время войны — теневая экономика и неформальные «заработки» внутри армии. 

Реальные суммы выплат и схемы обогащения обсудили с журналисткой Елизаветой Сурначёвой.
__
🚫 Не работает YouTube? Используйте __[__@rosvpnbot__](http://t.me/rosvpnbot?start=tg_pp)__**
**
____🦙____ __[Популярная политика](http://t.me/politica_media)__ __| [Поддержать](http://donate.fbk.info/smm)",3847,11,1,politica_media
40840,2026-03-03T13:35:43+00:00,"**▪️****▫️****◾️****◽️****◼️****◻️****🔳****  В 17:00: Честное слово с Русланом Левиевым**

Включайте трансляцию в нашем Telegram-канале или на YouTube: https://youtube.com/live/hkjgsrxlZ5g

__🦙____ __[Популярная политика](http://t.me/politica_media)__ __| [Поддержать](http://donate.fbk.info/smm)",3816,3,0,politica_media
40839,2026-03-03T12:48:31+00:00,"**❗️****  Путин доверил им детей. Кто учит сыновей Путина и Кабаевой**

Смотреть: https://youtu.be/PMYsyzwVgQM

Разбор расследования немецкого издания Stern о том, как иностранцы, в том числе немцы, учат детей Путина и Кабаевой: резиденция на Валдае, охрана ФСБ и миллионы рублей через окружение Кремля. 

Обсудили расследование с Георгием Албуровым.
__
🚫 Не работает YouTube? Используйте __[__@rosvpnbot__](http://t.me/rosvpnbot?start=tg_pp)__**
**
____🦙____ __[Популярная политика](http://t.me/politica_media)__ __| [Поддержать](http://donate.fbk.info/smm)",3702,10,3,politica_media
40838,2026-03-03T10:36:09+00:00,"❗️❕‼️🟥**🟧****АТАКОВАНА ВОЕННАЯ БАЗА США | ПРИГОВОР КРУПНОМУ ЧИНОВНИКУ ЖКХ | ДЕТЕЙ ОТВЕЛИ В ЗАГС 
**
Смотреть:__ __https://youtu.be/C_yn4p8teTk**__
__**
Израиль и США продолжают атаки многочисленных военных объектов — площадок для запусков дронов и ракет, военной техники, самолётов и кораблей Ирана. Суд в Екатеринбурге приговорил бывшего замминистра энергетики и ЖКХ к 11 годам колонии строгого режима. А в Пакистане американские пехотинцы открыли огонь по толпе протестующих.

__🚫 Не работает YouTube? Используйте __[__@rosvpnbot__](http://t.me/rosvpnbot?start=tg_pp)__
__
🦙 [Популярная политика](http://t.me/politica_media) | [Поддержать](http://donate.fbk.info/smm)",3732,2,0,politica_media
40835,2026-03-03T07:34:44+00:00,"**▪️****▫️****◾️****◽️****◼️****◻️****🔳****  В 11:00: Честное слово с Андреем Захаровым**

Включайте трансляцию в нашем Telegram-канале или на YouTube: https://youtube.com/live/BojGw7MxaQE

__🦙____ __[Популярная политика](http://t.me/politica_media)__ __| [Поддержать](http://donate.fbk.info/smm)",4299,8,0,politica_media
40834,2026-03-02T17:08:33+00:00,"❗️❕‼️🟥**🟧****Главное о войне на Ближнем Востоке | Подробности смерти сенатора | Рухнул офис «Единой России»
**
Итоги дня:__ __https://youtu.be/8IhKTdGBsxE**__
__**
В Москве найдено тело бывшего сенатора — расскажем все подробности. Так называемый «Герой СВО» получил руководящую должность в министерстве. А Иран и Израиль обмениваются ударами — главные новости о ситуации на Ближнем Востоке.

__🚫 Не работает YouTube? Используйте __[__@rosvpnbot__](http://t.me/rosvpnbot?start=tg_pp)__
__
🦙 [Популярная политика](http://t.me/politica_media) | [Поддержать](http://donate.fbk.info/smm)",4164,1,4,politica_media
40833,2026-03-02T16:38:32+00:00,"**Бизнесмен и экс-сенатор от Чечни Умар Джабраилов покончил с собой.**

Он был обнаружен с огнестрельным ранением головы в ЖК Vesper Tverskaya в Москве в ночь с 1 на 2 марта. Его госпитализировали в тяжёлом состоянии, однако спасти не удалось.

__🦙____ __[Популярная политика](http://t.me/politica_media)__ __| [Поддержать](http://donate.fbk.info/smm)",3942,3,0,politica_media
40832,2026-03-02T15:27:27+00:00,"**❗️****  Депутаты которые испортили вашу жизнь. Как живут блокировщики интернета**

Смотреть: https://youtu.be/qBfb4z_s8Bg

Расследование The Insider: журналист Сергей Ежов разоблачает лицемерие депутатов Госдумы и членов комитета по информационной политике, которые прикрывают блокировки «традиционными ценностями», но сами далеки от заявленного образа. 

Любовницы у сына Сергея Боярского, роды Марины Ким в США, заработки на «цифровом ГУЛАГе» и альтернативных мессенджерах — как живут и на чём зарабатывают российские депутаты.
__
🚫 Не работает YouTube? Используйте __[__@rosvpnbot__](http://t.me/rosvpnbot?start=tg_pp)__**
**
____🦙____ __[Популярная политика](http://t.me/politica_media)__ __| [Поддержать](http://donate.fbk.info/smm)",4026,13,0,politica_media
40830,2026-03-02T14:19:05+00:00,"**❗️****  Война в Иране. Что происходит?**

Смотреть: https://youtu.be/Wg-SZYW6ES8

Верховный лидер Ирана Али Хаменеи погиб после удара по своей резиденции. 

Как его правление, массовые казни и подавление протестов повлияли на страну и что будет дальше — обсуждаем с востоковедом Русланом Сулеймановым.
__
🚫 Не работает YouTube? Используйте __[__@rosvpnbot__](http://t.me/rosvpnbot?start=tg_pp)__**
**
____🦙____ __[Популярная политика](http://t.me/politica_media)__ __| [Поддержать](http://donate.fbk.info/smm)",6470,8,0,politica_media
40828,2026-03-02T13:40:40+00:00,"Бывшему замминистра обороны РФ Тимуру Иванову снова отказали в отправке на войну. 

Ранее Мосгорсуд приговорил его к 13 годам колонии по делу о хищении и отмывании денег.

__🦙____ __[Популярная политика](http://t.me/politica_media)__ __| [Поддержать](http://donate.fbk.info/smm)",3905,3,2,politica_media
40827,2026-03-02T13:32:27+00:00,"**▪️****▫️****◾️****◽️****◼️****◻️****🔳****  В 17:00: Честное слово с Владимиром Миловым**

Включайте трансляцию в нашем Telegram-канале или на YouTube: https://youtube.com/live/dqOui0_RKTI

__🦙____ __[Популярная политика](http://t.me/politica_media)__ __| [Поддержать](http://donate.fbk.info/smm)",3632,6,0,politica_media
40826,2026-03-02T12:58:39+00:00,"**❗️****  Чеченский олигарх-наркоман застрелился в центре Москвы. Подробности**

Смотреть: https://youtu.be/cfPTV2Uajf4

Чеченский экс-сенатор и бывший кандидат в президенты Умар Джабраилов найден с огнестрельным ранением в центре Москвы. 

Что известно о его жизни, связях с Чечней и обстоятельствах смерти — обсуждаем с чеченским правозащитником Мусой Ломаевым.
__
🚫 Не работает YouTube? Используйте __[__@rosvpnbot__](http://t.me/rosvpnbot?start=tg_pp)__**
**
____🦙____ __[Популярная политика](http://t.me/politica_media)__ __| [Поддержать](http://donate.fbk.info/smm)",3566,9,2,politica_media
40825,2026-03-02T12:13:00+00:00,"**Внутри Роскомнадзора: кто управляет интернет-цензурой?**

Смотреть: youtu.be/kPZKUf5Wkik

Сложно поверить, но Роскомнадзор был не всегда. Еще сложее — в то, что ему меньше 20 лет. За это время главцензоры обрели самую сомнительную славу, а название их организации превратилось в ругательство. Но, ругая всю организацию, мы редко называем имена участников ее верхушки — тех, кто раздает распоряжения о блокировках и тратит миллиарды бюджетных денег на дорогущие глушилки. 

Сколько стоит работа самой презренной организации? Кто ей руководит? И главное — как мы собираемся с ними бороться и наказать? Смотрите в новом видео Дмитрия Низовцева.

__💚____ Кампания за свободу интернета: ____iamonline.io__

❗️ [Навальный LIVE](https://t.me/navalnylivechannel) | [Поддержать](http://donate.fbk.info/smm)",2280,4,0,politica_media
40824,2026-03-02T10:37:38+00:00,"🎧 **Слушайте подкасты «Популярной политики»!**

«Честное слово», «Бойко о главном» и «Темы дня» мы выпускаем не только на YouTube, но и в формате подкастов — на Spotify, Apple Music и SoundСloud.

🔗 __Слушайте там, где удобно: ____sdz.sh/w1HfY6__

__🦙____ __[Популярная политика](http://t.me/politica_media)",3591,2,0,politica_media
40823,2026-03-02T10:21:18+00:00,"❗️❕‼️🟥**🟧****ДЖАБРАИЛОВА НАШЛИ МЁРТВЫМ | СБИТЫ САМОЛЁТЫ США | ПОЛТЫСЯЧИ ПОГИБШИХ В ИРАНЕ **

Смотреть:__ __https://youtu.be/PwCjfENFV5o**__
__**
В минувшую субботу Израиль и США массированно атаковали Иран — лидер страны Али Хаменеи убит. Известный чеченский бизнесмен и бывший сенатор Умар Джабраилов был найден мёртвым в Москве. А в Республике Коми горит Ухтинский НПЗ.

__🚫 Не работает YouTube? Используйте __[__@rosvpnbot__](http://t.me/rosvpnbot?start=tg_pp)__
__
🦙 [Популярная политика](http://t.me/politica_media) | [Поддержать](http://donate.fbk.info/smm)",3990,6,0,politica_media
40820,2026-03-02T07:31:42+00:00,"**▪️****▫️****◾️****◽️****◼️****◻️****🔳****  В 11:00: Честное слово с Марком Фейгиным **

Включайте трансляцию в нашем Telegram-канале или на YouTube: https://youtube.com/live/3NYgI6iRuhw

__🦙____ __[Популярная политика](http://t.me/politica_media)__ __| [Поддержать](http://donate.fbk.info/smm)",4490,10,2,politica_media
40818,2026-03-01T17:05:01+00:00,"**Уголовное дело против Дурова и блокировка Telegram**

Государственные СМИ сообщили о возбуждении уголовного дела против основателя Telegram и «ВКонтакте» Павла Дурова по статье о «содействии террористической деятельности». Эти публикации появились в «Российской газете» и «Комсомольской правде», ссылаясь на «материалы ФСБ». 

На этом фоне РБК сообщил о планах блокировки Telegram в России в начале апреля. При этом утверждается, что «на фронте» мессенджер продолжит работать.

__🔗____ Об этом и других событиях недели — в новом выпуске «Криминальной России»: __[__https://youtu.be/nGB2p8scUzY__](https://youtu.be/nGB2p8scUzY)__ __

__🦙____ __[Популярная политика](http://t.me/politica_media)__ __| [Поддержать](http://donate.fbk.info/smm)",4978,12,2,politica_media
40817,2026-02-28T16:40:01+00:00,"**#Дайджест**** главных «Тем дня» этой недели.** 

Если вы пропустили выпуски — рассказываем, что произошло.__
__
• **Реальные потери России в войне против Украины.** «Медиазона» опубликовала список из 200 186 имён погибших российских военных. __Разговор с журналистом «Медиазоны» Дмитрием Трещаниным — __[__смотреть__](https://youtu.be/JxCAQkaSheM)__
__
• **Новая мобилизация?** После публикации Bloomberg о превышении потерь России на фронте над притоком контрактников эксперты говорят о новой мобилизации. __Оцениваем, насколько это вероятно — __[__смотреть__](https://youtu.be/nZI1OfRU8KA)

• **Налоги душат малый бизнес. **В 2026 году могут закрыться до 250–300 тысяч предприятий из-за новых правил по НДС. __Обсудили, что происходит, с экономистом Николаем Кульбакой — __[__смотреть
__](https://youtu.be/tFYO5CEqVd4)
• **Дурова обвиняют в терроризме.** ФСБ подозревает Павла Дурова в «содействии терроризму» — __комментарий юриста Саркиса Дарбиняна — __[__смотреть__](https://youtu.be/lYLezRxZn3k)__
__
• **Золотая молодёжь.** Пока россияне сталкиваются с бедностью и коммунальными проблемами, дети членов правительства отдыхают за границей и живут в роскоши. __Расследование Сергея Ежова — __[__смотреть__](https://youtu.be/PQISyCTg6Mk)__ 
__
**💙**** Поддержите выход новых выпусков «Тем дня» на ****friends.politica.media**

__🦙____ __[Популярная политика](http://t.me/politica_media)",5457,5,0,politica_media
40811,2026-02-28T15:10:01+00:00,"**Новые уголовные дела, приговор за слова, взрыв в центре Москвы и преступления вернувшихся с войны заключённых.**

__🔗____ Рассказываем об ужасающих событиях недели в карточках и новом выпуске «Криминальной России»:__ https://youtu.be/nGB2p8scUzY

__🦙____ __[Популярная политика](http://t.me/politica_media)__ __| [Поддержать](http://donate.fbk.info/smm)",4791,5,14,politica_media
40810,2026-02-28T10:10:09+00:00,"❗️**РАКЕТНАЯ ОПАСНОСТЬ ОБЪЯВЛЕНА В РОССИИ | УНИЧТОЖЕН ХИМИЧЕСКИЙ ЗАВОД | НОВАЯ АРМИЯ ИЗ СТУДЕНТОВ 
**
Военное положение: https://youtu.be/mInBb7o7esE

Ракетная тревога звучит по всей России, двести тысяч поименных потерь РФ, украинское наступление в Днепропетровской области, бои под Славянском и Краматорском, удар по дамбе, а так же атаки по тыловым объектам России — включая стратегический Воткинский завод и нефтепровод «Дружба».
__
🚫 Не работает YouTube? Используйте __[__@rosvpnbot__](http://t.me/rosvpnbot?start=tg_pp)__**
**
____🦙____ __[Популярная политика](http://t.me/politica_media)__ __| [Поддержать](http://donate.fbk.info/smm)",5240,6,2,politica_media
40809,2026-02-28T07:03:37+00:00,"**❗️****  Проституция, ФСБ, США. История агента Зарубиной
**
Смотреть: https://youtu.be/3IxHcUkYMKU

Агент «Алиса»: шпионские игры в США, секс-скандалы и тюрьма. Тёмная история Номмы Зарубиной.
__
🚫 Не работает YouTube? Используйте __[__@rosvpnbot__](http://t.me/rosvpnbot?start=tg_pp)__**
**
____🦙____ __[Популярная политика](http://t.me/politica_media)__ __| [Поддержать](http://donate.fbk.info/smm)",5001,6,0,politica_media
40808,2026-02-27T16:56:41+00:00,"❗️❕‼️🟥🟧 **Ракетная тревога по всей России | Пропагандисту грозит 10 лет тюрьмы | Отмена Сорокина 
**
Итоги дня: https://youtu.be/CIOTH8DC9WY

В России впервые объявляют режим ракетной опасности сразу в нескольких регионах, на этом фоне закрываются аэропорты. В Москве задержан основатель Readovka. Также в выпуске — годовщина со дня убийства Бориса Немцова, запрет романа Сорокина и протесты в Бурятии против добычи апатитов.

__🚫 Не работает YouTube? Используйте __[__@rosvpnbot__](http://t.me/rosvpnbot?start=tg_pp)__
__
__🦙____ __[Популярная политика](http://t.me/politica_media)__ __| [Поддержать](http://donate.fbk.info/smm)",4784,5,1,politica_media
40807,2026-02-27T15:14:55+00:00,"🔴** Путин против Дурова. ФСБ посадила полицейского. ФСИН в поисках АУЕ 

**Криминальная Россия: https://youtu.be/nGB2p8scUzY

Преступления вернувшихся с войны заключённых, взрыв у Савёловского вокзала и новые политические дела. Арест бойца «Шторм Z», убийство экс-наёмником ЧВК «Вагнер», комментарий Путина о теракте и главное о блокировке Telegram. Также в выпуске — давление на Арсения Турбина и приговор фотографу штаба Алексея Навального.

__🦙____ __[Популярная политика](http://t.me/politica_media)__ __| [Поддержать](http://donate.fbk.info/smm)",4485,6,1,politica_media
40805,2026-02-27T14:20:23+00:00,"**❗️****  Почти банкрот. Что происходит с АвтоВАЗом?
**
Смотреть: https://youtu.be/iXXputdk30Q

На фоне экономического кризиса АвтоВАЗ признал худшие продажи новых автомобилей за 20 лет. 

Экономист Максим Блант объясняет причины рекордного падения рынка российской автомобильной отрасли.
__
🚫 Не работает YouTube? Используйте __[__@rosvpnbot__](http://t.me/rosvpnbot?start=tg_pp)__**
**
____🦙____ __[Популярная политика](http://t.me/politica_media)__ __| [Поддержать](http://donate.fbk.info/smm)",4049,9,1,politica_media
40803,2026-02-27T13:31:59+00:00,"**▪️****▫️****◾️****◽️****◼️****◻️****🔳****  В 17:00: Честное слово с Ильёй Шепелиным**

Включайте трансляцию в нашем Telegram-канале или на YouTube: https://youtube.com/live/dxwOnpBYSfA

__🦙____ __[Популярная политика](http://t.me/politica_media)__ __| [Поддержать](http://donate.fbk.info/smm)",3987,5,0,politica_media
40802,2026-02-27T13:15:11+00:00,"**❗️****  Золотая молодёжь. Где живут дети российских министров**

Смотреть: https://youtu.be/PQISyCTg6Mk

Пока россияне страдают от нищеты и коммунальных проблем, дети членов правительства отдыхают за границей и живут в роскоши. 

Все подробности — в новом расследовании Сергея Ежова.
__
🚫 Не работает YouTube? Используйте __[__@rosvpnbot__](http://t.me/rosvpnbot?start=tg_pp)__**
**
____🦙____ __[Популярная политика](http://t.me/politica_media)__ __| [Поддержать](http://donate.fbk.info/smm)",3539,9,0,politica_media
40801,2026-02-27T11:04:44+00:00,"❗️❕‼️🟥**🟧****ЧУБАЙС ОТРЁКСЯ ОТ ПУТИНА | БЕЛГОРОД ОБЕСТОЧЕН | МЕНЕДЖЕР «ГАЗПРОМА» ЗАДЕРЖАН ЗА ВЗЯТКИ 
**
Смотреть:__ __https://youtu.be/nL3WhNAvlQg**__
__**
Массированные удары по Белгороду и 60 тысяч человек без света, арест мэра Бодайбо и топ-менеджера «Газпром нефти». А Чубайс требует от Канады снять с него санкции.

__Поддержите выход новых выпусков новостей на ____friends.politica.media____ 

🚫 Не работает YouTube? Используйте __[__@rosvpnbot__](http://t.me/rosvpnbot?start=tg_pp)__
__
__🦙____ __[Популярная политика](http://t.me/politica_media)",3639,5,0,politica_media
40798,2026-02-27T07:31:46+00:00,"**▪️****▫️****◾️****◽️****◼️****◻️****🔳****  В 11:00: Честное слово с Владиславом Жуковским**

Включайте трансляцию в нашем Telegram-канале или на YouTube: https://youtube.com/live/3xX3nnMNJMw

__🦙____ __[Популярная политика](http://t.me/politica_media)__ __| [Поддержать](http://donate.fbk.info/smm)",4137,3,0,politica_media
40796,2026-02-26T17:03:44+00:00,"❗️❕‼️🟥🟧 **Массовая вербовка в вузах | Обрушение здания в Москве | Праздники в честь единоросса 
**
Итоги дня: https://youtu.be/RCI2zHBFo8g

Глава Сбербанка Греф предсказывает скорый обвал рубля. Администрация Кадырова закупила SIM-карты с доступом в заблокированные соцсети. А студентов продолжают склонять к подписанию контракта и врут о его условиях — этому появилось подтверждение.

__🚫 Не работает YouTube? Используйте __[__@rosvpnbot__](http://t.me/rosvpnbot?start=tg_pp)__
__
__🦙____ __[Популярная политика](http://t.me/politica_media)__ __| [Поддержать](http://donate.fbk.info/smm)",4237,11,0,politica_media
40794,2026-02-26T16:31:50+00:00,"**🔴****🟠****🟡****  Готовят новую мобилизацию? | Дуров отругал ФСБ | Обвал цен на недвижимость**

Включайте эфир в 20:00: https://youtube.com/live/U012LXjZpDM**
**
Уже больше 40 вузов и колледжей по всей России заставляют студентов подписывать контракты с Минобороны. ФСБ может в ближайшие два-три месяца инициировать признание Telegram пособником террористов. А дворец Путина под Геленджиком продали Ротенбергу за 800 тысяч рублей.

Эти и другие новости обсудим в новом выпуске «Бойко о главном».

__🦙____ __[Популярная политика](http://t.me/politica_media)__ __| [Поддержать](http://donate.fbk.info/smm)",3840,8,0,politica_media
40793,2026-02-26T16:11:52+00:00,"⁉️ Как миллиарды «сдачи» от строительства дворца Путина в Геленджике превратились в личный кошелёк Алины Кабаевой?

В эфире «Честного слова» поговорили с Георгием Албуровым о новом расследовании: [https://youtu.be/-ZzkaVKlV0I](https://youtu.be/-ZzkaVKlV0I)

__🔗____ Посмотрите в записи, если пропустили: __[__https://youtube.com/live/Gv15Q82wQ7Q__](https://youtube.com/live/Gv15Q82wQ7Q)

__🦙____ __[Популярная политика](http://t.me/politica_media)",16294,24,0,politica_media
40792,2026-02-26T15:59:37+00:00,"**❗️****  Защитите от покушений, помогите единоросам, блокируйте Телеграм. Что Путин поручил ФСБшникам?**

Смотреть: https://youtu.be/p4Q2sl7EuVM

Владимир Путин на коллегии ФСБ обозначил приоритеты на год: война, «терроризм», защита генералов и контроль выборов в Госдуму. 

Почему в логике Кремля диверсии и атаки по инфраструктуре становятся терроризмом, при чем здесь Telegram и как спецслужбе поручают обеспечить «правильный» результат выборов — разбираем ключевые заявления и скрытые сигналы выступления Владимир Путин.
__
🚫 Не работает YouTube? Используйте __[__@rosvpnbot__](http://t.me/rosvpnbot?start=tg_pp)__**
**
____🦙____ __[Популярная политика](http://t.me/politica_media)__ __| [Поддержать](http://donate.fbk.info/smm)",3132,5,0,politica_media
40791,2026-02-26T15:53:24+00:00,"Начинаем закрытый спонсорский эфир с директором ФБК: youtube.com/live/iL-4-yaXH0o

💙 Чтобы присоединиться к трансляции, становитесь [спонсором канала](http://youtube.com/channel/UC7Elc-kLydl-NAV4g204pDQ/join) или оформляйте подписку на friends.politica.media

__🦙____ __[Популярная политика](http://t.me/politica_media)__ __| [Поддержать](http://donate.fbk.info/smm)",3054,3,1,politica_media
40790,2026-02-26T14:50:15+00:00,"**❗️****  Из Росгвардии делают вторую армию. Почему это важно?**

Смотреть: https://youtu.be/sM_36HPisy4

Владимир Путин усиливает Росгвардию: утверждён Главный штаб, а Госдума расширяет полномочия ЧОПов с боевым оружием. 

Что стоит за этими решениями, как поменяется роль Виктора Золотова и для чего его ведомство превращают во вторую армию? Разбор Александра Макашенца.
__
🚫 Не работает YouTube? Используйте __[__@rosvpnbot__](http://t.me/rosvpnbot?start=tg_pp)__**
**
____🦙____ __[Популярная политика](http://t.me/politica_media)__ __| [Поддержать](http://donate.fbk.info/smm)",3201,11,2,politica_media
40786,2026-02-26T13:35:25+00:00,"**▪️****▫️****◾️****◽️****◼️****◻️****🔳****  В 17:00: Честное слово с** **Андреем Кураевым**

Включайте трансляцию в нашем Telegram-канале или на YouTube: https://youtube.com/live/qNEb5TXuEcU

__🦙____ __[Популярная политика](http://t.me/politica_media)__ __| [Поддержать](http://donate.fbk.info/smm)",3500,2,0,politica_media
40785,2026-02-26T13:03:50+00:00,"🔥 **Начинаем «Честное слово» с Георгием Албуровым**

Поговорим о новом расследовании про миллиарды, которые получила от Путина Алина Кабаева: youtu.be/-ZzkaVKlV0I

🔴 Включайте «Честное слово» на YouTube или в нашем Telegram-канале: https://youtube.com/live/Gv15Q82wQ7Q

__🦙____ __[Популярная политика](http://t.me/politica_media)",2981,5,0,politica_media
40782,2026-02-26T12:27:17+00:00,"**Мы узнали, кому достались 6,5 млрд рублей «сдачи» от строительства дворца Путина в Геленджике. 
**
Нет, разумеется, они не вернулись в бюджет и не пошли на общественные нужды. Эти 6,5 миллиардов Владимир Путин оставил в семье — а именно **отдал Алине Кабаевой**. Она, прикрываясь фондами и благотворительностью, положила эти деньги на депозиты, получает с них сотни миллионов рублей в год и тратит их на мероприятия, развлечения и дорогие покупки.

__🔴__ Рассказываем о доходах и тратах Алины Кабаевой в новом расследовании: youtu.be/-ZzkaVKlV0I

❗️ [Команда Навального](https://t.me/+NT76PYctopw1NjI6)** **|** **[Поддержать](http://donate.fbk.info/smm)",2884,7,0,politica_media
40781,2026-02-26T11:33:58+00:00,"❗️❕‼️🟥**🟧****«ГОСУСЛУГИ» БЛОКИРУЮТ | ГУБЕРНАТОР ГЛАДКОВ НЕ ПОЛУЧИЛ ПОМОЩЬ | «ЕДИНАЯ РОССИЯ» ПОЛУЧИТ 55%** 

Смотреть:__ __https://youtu.be/bg32uPYuyQM**__
__**
Алина Кабаева получила 6,5 млрд рублей, оставшихся от строительства дворца Путина в Геленджике. Губернатор Гладков поручил главе района разобраться в причинах «неудовлетворенности властью» местного жителя, который отказался подвезти его после поломки поезда. А российские войска подорвали дамбу, чтобы отрезать Константиновку от снабжения.

__🚫 Не работает YouTube? Используйте __[__@rosvpnbot__](http://t.me/rosvpnbot?start=tg_pp)__
__
🦙 [Популярная политика](http://t.me/politica_media) | [Поддержать](http://donate.fbk.info/smm)",3273,3,1,politica_media
40780,2026-02-26T09:54:22+00:00,"🔥 **Сегодня в 16:00: Честное слово с Георгием Албуровым**

__Включайте трансляцию в нашем Telegram-канале или на YouTube: ____https://youtube.com/live/Gv15Q82wQ7Q__

Поговорим про [новое расследование](http://youtu.be/-ZzkaVKlV0I) о богатствах Алины Кабаевой. 

Обязательно посмотрите его и подключайтесь к эфиру. 

__🦙____ __[Популярная политика](http://t.me/politica_media)__ __| [Поддержать](http://donate.fbk.info/smm)",13850,11,0,politica_media
40778,2026-02-26T08:23:41+00:00,"**Царские богатства Алины Кабаевой. Секретный подарок Владимира Путина**

🔴 Новое расследование: youtu.be/-ZzkaVKlV0I

Дворец в Геленджике давно стал символом путинской коррупции. Но его история не закончилась на нашем первом расследовании. Мы выяснили, что после завершения строительства дворца остались «лишние» 6,5 миллиардов рублей. Эти деньги не исчезли и не вернулись к тем, у кого были украдены, — они достались человеку, максимально приближённому к Владимиру Путину. Уже несколько лет эти миллиарды лежат на депозитах, приносят сотни миллионов рублей процентов и тратятся на личные мероприятия и дорогие покупки.

В новом расследовании Георгий Албуров рассказывает, кто стал получателем «сдачи» от дворца в Геленджике, как эта история связана с благотворительностью и за какую сумму сам дворец перекупил друг Владимира Путина.

🔴 Поддержите нашу работу: [donate.fbk.info](http://donate.fbk.info/smm)

❗️ [Команда Навального](https://t.me/+NT76PYctopw1NjI6)** **|** **[Поддержать](http://donate.fbk.info/smm)",3300,11,2,politica_media
40776,2026-02-26T07:35:34+00:00,"**▪️****▫️****◾️****◽️****◼️****◻️****🔳****  В 11:00: Честное слово со Станиславом Белковским**

Включайте трансляцию в нашем Telegram-канале или на YouTube: https://youtube.com/live/VKayBIjQCH8

__🦙____ __[Популярная политика](http://t.me/politica_media)__ __| [Поддержать](http://donate.fbk.info/smm)",3896,5,1,politica_media
40775,2026-02-25T17:43:32+00:00,"Против 17-летнего Арсения Турбина возбудили новое уголовное дело об участии в «массовых беспорядках».

__🦙____ __[Популярная политика](http://t.me/politica_media)__ __| [Поддержать](http://donate.fbk.info/smm)",3952,5,0,politica_media
40774,2026-02-25T17:06:58+00:00,"❗️❕‼️🟥🟧 **Нефтяная война России и Ирана | Бунт в колонии Пермского края | Атака на химический завод**

Итоги дня: https://youtu.be/rBiGWnwvvFo

Число погибших после атаки на химический завод в Смоленской области выросло до 7 человек. У бывшего депутата «Единой России» обнаружились активы на 10 млрд рублей. А Россия и Иран вступили в ценовую войну, чтобы продавать свою нефть Китаю.

__🚫 Не работает YouTube? Используйте __[__@rosvpnbot__](http://t.me/rosvpnbot?start=tg_pp)__
__
__🦙____ __[Популярная политика](http://t.me/politica_media)__ __| [Поддержать](http://donate.fbk.info/smm)",3756,3,0,politica_media
40772,2026-02-25T14:37:29+00:00,"**❗️****  Чего ждать от пятого года войны. Прогноз военного эксперта**

Смотреть: https://youtu.be/-DusqEhQZRM

Российское наступление практически остановилось: по подсчётам «Агентства» за последнюю неделю войска РФ заняли лишь на 21 кв. км больше, чем потеряли. При этом за четвёртый год войны под контроль России перешло менее 1% территории Украины, а потери составили десятки тысяч человек. Ранее ВСУ сообщали об успехах контрнаступательных действий и возвращении сотен квадратных километров территории. 

О том, что сейчас происходит на фронте и чего ждать от пятого года войны, — в разговоре с военным аналитиком Яном Матвеевым.
__
🚫 Не работает YouTube? Используйте __[__@rosvpnbot__](http://t.me/rosvpnbot?start=tg_pp)__**
**
____🦙____ __[Популярная политика](http://t.me/politica_media)__ __| [Поддержать](http://donate.fbk.info/smm)",3712,6,0,politica_media
40770,2026-02-25T13:36:02+00:00,"**▪️****▫️****◾️****◽️****◼️****◻️****🔳****  В 17:00: Честное слово с Аббасом Галлямовым**

Включайте трансляцию в нашем Telegram-канале или на YouTube: https://youtube.com/live/WOje4SN8Tao

__🦙____ __[Популярная политика](http://t.me/politica_media)__ __| [Поддержать](http://donate.fbk.info/smm)",3427,6,0,politica_media
40769,2026-02-25T13:13:40+00:00,"**❗️****  Налоги душат малый бизнес. Закроются сотни тысяч предприятий**

Смотреть: https://youtu.be/tFYO5CEqVd4

В России в 2026 году могут закрыться сотни тысяч малых предприятий — об этом заявил член генсовета «Деловой России» Олег Николаев. По его словам, из-за снижения порога выручки для уплаты НДС процесс ухода микробизнеса с рынка уже ускорился. Под ударом — небольшие кафе, пекарни, грузоперевозчики и другие локальные компании, а к концу года общее число закрытых предприятий может достигнуть 250–300 тысяч. 

Что ждёт малый бизнес в новых налоговых условиях — обсудили с экономистом Николаем Кульбакой.
__
🚫 Не работает YouTube? Используйте __[__@rosvpnbot__](http://t.me/rosvpnbot?start=tg_pp)__**
**
____🦙____ __[Популярная политика](http://t.me/politica_media)__ __| [Поддержать](http://donate.fbk.info/smm)",3530,11,0,politica_media
40768,2026-02-25T10:16:03+00:00,"❗️❕‼️🟥**🟧****F-16 РУХНУЛ НА ШОССЕ | КАДРЫ УДАРА ПО РАКЕТНОМУ ЗАВОДУ | ДЕПУТАТ ТРЕБУЕТ ГОТОВИТЬ ДЕТЕЙ К ВОЙНЕ**

Смотреть:__ __https://youtu.be/5Gkq_nKGIAI**__
__**
В Свердловской области осудили маньяка, который совершал свои убийства более 30 лет назад. В Екатеринбурге депутат городской думы призвал учить детей рыть блиндажи и стрелять из автоматов. А в Смоленской области под удар украинских беспилотников попал завод азотных удобрений Дорогобуж — очевидцы зафиксировали сильный пожар.

__🚫 Не работает YouTube? Используйте __[__@rosvpnbot__](http://t.me/rosvpnbot?start=tg_pp)__
__
🦙 [Популярная политика](http://t.me/politica_media) | [Поддержать](http://donate.fbk.info/smm)",3784,3,0,politica_media
40765,2026-02-25T07:35:01+00:00,"**▪️****▫️****◾️****◽️****◼️****◻️****🔳****  В 11:00: Честное слово с Ренатом Давлетгильдеевым**

Включайте трансляцию в нашем Telegram-канале или на YouTube: https://youtube.com/live/XWha96dQido

__🦙____ __[Популярная политика](http://t.me/politica_media)__ __| [Поддержать](http://donate.fbk.info/smm)",4315,5,0,politica_media
40764,2026-02-25T07:17:48+00:00,"**Как живут, отдыхают и где прячутся дети Путина
**
Смотреть: youtu.be/SL_UR0UbIEI

Рассказываем все, что известно о детях и внуках Владимира Путина. Тайные браки, смены фамилий, госконтракты на миллиарды, элитные резиденции, нейроэксперименты и жизнь в полной изоляции.

❗️ [Навальный LIVE](https://t.me/navalnylivechannel) | [Поддержать](http://donate.fbk.info/smm)",4001,9,0,politica_media
40763,2026-02-24T18:00:50+00:00,"**Суд отказал матери Алексея Навального Людмиле Навальной в иске ко ФСИН.**

Она требовала признать, что смерть Алексея наступила вследствие действий сотрудников колонии, в том числе из-за неоказания медицинской помощи. 

__🦙____ __[Популярная политика](http://t.me/politica_media)__ __| [Поддержать](http://donate.fbk.info/smm)",4491,6,1,politica_media
40762,2026-02-24T17:13:59+00:00,"❗️❕‼️🟥🟧 **Два миллиона потерь | Полный провал VK | Новые санкции и нефть **

Итоги дня: https://youtu.be/EzYSG6TVyns

4 года полномасштабной войны: почти 2 миллиона убитых и раненых, новые санкции Великобритании и провал Кремля в Мариуполе. Давление на Telegram, дело активистов «Весны», суд по иску матери Алексея Навального, ограничения для самозанятых и международная реакция на действия России. 

Главные цифры, заявления Путина и Зеленского, репрессии и экономические последствия войны.

__🚫 Не работает YouTube? Используйте __[__@rosvpnbot__](http://t.me/rosvpnbot?start=tg_pp)__
__
__🦙____ __[Популярная политика](http://t.me/politica_media)__ __| [Поддержать](http://donate.fbk.info/smm)",4257,7,2,politica_media
40761,2026-02-24T16:39:20+00:00,"**Более 200 тысяч российских военных погибли с начала полномасштабного вторжения в Украину.**

«Медиазона» опубликовала обновлённый список погибших на войне против Украины — установлены 200 186 имён. Реальное число потерь, по оценке редакции, может быть значительно выше.

__🔗____ Об этом поговорили с журналистом «Медиазоны» Дмитрием Трещаниным в «Теме дня»: ____https://youtu.be/JxCAQkaSheM__

__🦙____ __[Популярная политика](http://t.me/politica_media)__ __| [Поддержать](http://donate.fbk.info/smm)",3878,7,1,politica_media
40760,2026-02-24T15:12:05+00:00,"**В четверг, 26 февраля, директор ФБК Владислав Романцов проведёт **[**закрытый эфир**](https://youtube.com/live/iL-4-yaXH0o)** для спонсоров.**
**
**💙 Чтобы присоединиться к трансляции, становитесь [спонсором канала](http://youtube.com/channel/UC7Elc-kLydl-NAV4g204pDQ/join) или оформляйте подписку на friends.politica.media

__🦙____ __[Популярная политика](http://t.me/politica_media)",3671,8,0,politica_media
40758,2026-02-24T14:10:25+00:00,"**❗️****  Дурова обвиняют в терроризме. Зачем ФСБ наехала на главу Телеграм
**
Смотреть: https://youtu.be/lYLezRxZn3k

ФСБ подозревает Павла Дурова в содействии терроризму. На фоне заявлений о тысячах преступлений с использованием Telegram и разговоров о возможном признании мессенджера экстремистским разбираем, что грозит «Телеграму» и чем это может закончиться. 

Комментарий юриста Саркиса Дарбиняна.
__
🚫 Не работает YouTube? Используйте __[__@rosvpnbot__](http://t.me/rosvpnbot?start=tg_pp)__**
**
____🦙____ __[Популярная политика](http://t.me/politica_media)__ __| [Поддержать](http://donate.fbk.info/smm)",3579,5,3,politica_media
40756,2026-02-24T13:32:44+00:00,"**▪️****▫️****◾️****◽️****◼️****◻️****🔳****  В 17:00: Честное слово с Иваном Филипповым**

Включайте трансляцию в нашем Telegram-канале или на YouTube: https://youtube.com/live/Lc7aL6Vy7sw

__🦙____ __[Популярная политика](http://t.me/politica_media)__ __| [Поддержать](http://donate.fbk.info/smm)",3673,5,0,politica_media
40755,2026-02-24T12:49:51+00:00,"**❗️****  Реальные потери России в этой войне. Эксперты подсчитали**

Смотреть: https://youtu.be/JxCAQkaSheM

«Медиазона» опубликовала обновлённый поимённый список погибших на войне с Украиной — уже 200 186 установленных имён. 

Что стоит за этой цифрой, как журналисты собирают и проверяют данные и почему реальное число потерь выше в разы — обсуждаем с журналистом «Медиазоны» Дмитрием Трещаниным.
__
🚫 Не работает YouTube? Используйте __[__@rosvpnbot__](http://t.me/rosvpnbot?start=tg_pp)__**
**
____🦙____ __[Популярная политика](http://t.me/politica_media)__ __| [Поддержать](http://donate.fbk.info/smm)",3482,6,3,politica_media
40754,2026-02-24T11:48:30+00:00,"❗️❕‼️🟥**🟧****ДУРОВА ОБВИНЯЮТ В ТЕРРОРИЗМЕ | 200 ТЫСЯЧ ПОГИБШИХ ВОЕННЫХ | КИЕВУ ПЕРЕДАДУТ ЯДЕРНОЕ ОРУЖИЕ? **

Смотреть:__ __https://youtu.be/uuzj1k6xKv4**__
__**
Взрыв в Москве — погиб полицейский, десятки тысяч новых фамилий в списке потерь по данным Медиазоны, расследование против Павла Дурова и возможная блокировка Telegram, пожары на «Дружбе» в Альметьевске и удары по Украине в годовщину войны — все главные новости 24 февраля к этому часу.

__🚫 Не работает YouTube? Используйте __[__@rosvpnbot__](http://t.me/rosvpnbot?start=tg_pp)__
__
🦙 [Популярная политика](http://t.me/politica_media) | [Поддержать](http://donate.fbk.info/smm)",3581,1,0,politica_media
40751,2026-02-24T07:36:38+00:00,"**▪️****▫️****◾️****◽️****◼️****◻️****🔳****  В 11:00: Честное слово с Вячеславом Ширяевым**

Включайте трансляцию в нашем Telegram-канале или на YouTube: https://youtube.com/live/JB1AoIpmmjk

__🦙____ __[Популярная политика](http://t.me/politica_media)__ __| [Поддержать](http://donate.fbk.info/smm)",4377,2,1,politica_media
40750,2026-02-24T06:09:51+00:00,"**Список погибших за четыре года войны

**🔴 Публикуем поименный список российских военных, которые погибли в Украине в 2022–2026 годах: youtu.be/e0H3zFNNL2c

В списке собраны имена, которые удалось верифицировать волонтерам и журналистам «Медиазоны» и «Русской службы Би-би-си». В таймкодах указаны регионы. 
__
__**Нет войне. **

❗️ [Навальный LIVE](https://t.me/navalnylivechannel) | [Поддержать](http://donate.fbk.info/smm)",3644,20,11,politica_media
40749,2026-02-23T19:06:01+00:00,"**Почему снова обсуждают новую мобилизацию**

В начале февраля Bloomberg сообщил со ссылкой на источники, знакомые с данными западной разведки, что в январе 2026 года потери России на фронте превысили набор в армию по контракту. Это может вскоре поставить Кремль перед вопросом о новой мобилизации.

Через несколько дней Институт изучения войны выступил с более жёсткой оценкой, предположив, что российские власти уже готовят общество к новой частичной мобилизации. На этом фоне эксперты обсуждают, насколько вероятен такой сценарий. 

__🔗____ Разбираем аргументы и оцениваем, насколько вероятен новый призыв, в «Теме дня»: ____https://youtu.be/nZI1OfRU8KA__

__🦙____ __[Популярная политика](http://t.me/politica_media)__ __| [Поддержать](http://donate.fbk.info/smm)",4240,10,2,politica_media
40747,2026-02-23T16:34:40+00:00,"❗️❕‼️🟥🟧 **Мощный пожар в Подмосковье | Масштабный удар по Белгороду | Серийный маньяк на свободе **

Итоги дня: https://youtu.be/EwbyVh7MzMM

Коррупция в Военторге на миллиарды, тайная поставка российских ПВО в Иран, масштабная атака на Белгород и новые переговоры России, Украины и США — разбор главных событий дня. Почему студентам угрожают за отказ идти на СВО, и что с новым пакетом санкций ЕС — все подробности в выпуске.

__🚫 Не работает YouTube? Используйте __[__@rosvpnbot__](http://t.me/rosvpnbot?start=tg_pp)__
__
__🦙____ __[Популярная политика](http://t.me/politica_media)__ __| [Поддержать](http://donate.fbk.info/smm)",4209,2,0,politica_media
40745,2026-02-23T15:04:50+00:00,"**🔴****🟠****🟡****  Беременных внесут в реестр | Назвали главную опасность Telegram | Готовят новую мобилизацию?
**
Включайте эфир в 18:30: https://youtube.com/live/eBNrwz74tQw**
**
С марта в России начнет работу реестр беременных женщин. Власти раскрыли правду о мобилизации в 2026 году. Названа главная опасность Telegram

Эти и другие новости обсудим в новом выпуске «Бойко о главном».

__🦙____ __[Популярная политика](http://t.me/politica_media)__ __| [Поддержать](http://donate.fbk.info/smm)",4114,5,0,politica_media
40744,2026-02-23T14:54:47+00:00,"**❗️****  Соловьёв переобулся! Новая методичка пропаганды по Telegram**

Смотреть: https://youtu.be/TxmWVQAxyWQ

Владимир Соловьёв резко меняет позицию по Telegram и фактически готовит аудиторию к его возможной блокировке в России. Почему пропагандист сначала защищал мессенджер, а затем начал продвигать тезис «нам на фронте не нужен Telegram»? 

Разбираем новые видео с военными, реакцию Z-блогеров и что на самом деле стоит за атакой на Telegram.
__
🚫 Не работает YouTube? Используйте __[__@rosvpnbot__](http://t.me/rosvpnbot?start=tg_pp)__**
**
____🦙____ __[Популярная политика](http://t.me/politica_media)__ __| [Поддержать](http://donate.fbk.info/smm)",3704,6,0,politica_media
40742,2026-02-23T14:18:25+00:00,"В Госдуму внесли законопроект, обязывающий детей трудовых мигрантов покидать Россию в течение 30 дней после достижения 18 лет.

__🦙____ __[Популярная политика](http://t.me/politica_media)__ __| [Поддержать](http://donate.fbk.info/smm)",3768,7,1,politica_media
40740,2026-02-23T13:41:55+00:00,"**❗️****  Почему все говорят про новую мобилизацию? Полный разбор
**
Смотреть: https://youtu.be/nZI1OfRU8KA

После публикации Bloomberg о превышении потерь над притоком контрактников эксперты заговорили о новой мобилизации в РФ. Институт изучения войны считает, что Кремль готовит общество к этому шагу, а политологи обсуждают возможные сценарии. 

Разбираем аргументы и оцениваем, насколько вероятна мобилизация в 2026 году.
__
🚫 Не работает YouTube? Используйте __[__@rosvpnbot__](http://t.me/rosvpnbot?start=tg_pp)__**
**
____🦙____ __[Популярная политика](http://t.me/politica_media)__ __| [Поддержать](http://donate.fbk.info/smm)",3615,9,0,politica_media
40739,2026-02-23T13:31:19+00:00,"**▪️****▫️****◾️****◽️****◼️****◻️****🔳****  В 17:00: Честное слово с Евгением Ступиным**

Включайте трансляцию в нашем Telegram-канале или на YouTube: https://youtube.com/live/yDySy9pNESE

__🦙____ __[Популярная политика](http://t.me/politica_media)__ __| [Поддержать](http://donate.fbk.info/smm)",3544,2,0,politica_media
40738,2026-02-23T10:52:14+00:00,"❗️❕‼️🟥**🟧****РАЗРУШЕН РАКЕТНЫЙ ЗАВОД | ХАБАРОВСК СКОВАЛО ЛЬДОМ | МЕКСИКАНСКИЕ КАРТЕЛИ НАЧАЛИ ВОЙНУ **

Смотреть:__ __https://youtu.be/p0ghlF7BTM8**__
__**
Украинские дроны ударили по НПС «Калейкино» — ключевой станции нефтепровода «Дружба», пожар не удаётся потушить, транзит нефти под угрозой. ВСУ уничтожают комплексы «Тор», наносят удары нефтебазам, в то время как ВС РФ атакуют мирные Одессу и Харьков. В Госдуме готовят жёсткие меры против мигрантов, а демограф Алексей Ракша перестал выходить на связь.

__🚫 Не работает YouTube? Используйте __[__@rosvpnbot__](http://t.me/rosvpnbot?start=tg_pp)__
__
🦙 [Популярная политика](http://t.me/politica_media) | [Поддержать](http://donate.fbk.info/smm)",3855,1,0,politica_media
40737,2026-02-23T09:21:03+00:00,"**Их дети воевать не будут. Роскошная жизнь элитной молодежи**

Смотреть: youtu.be/Bt45NLpyNq0

Российские власти постоянно говорят о патриотизме, о долге, и о том, как важно защищать страну. Эти пафосные заявления звучат на фоне нескольких лет войны, смертей сотен тысяч людей и падения общего уровня жизни. При этом своих детей генералы, которые призывают к патриотизму, отправлять на фронт не торопятся. Совсем наоборот — их сыновья и дочери обладают огромными деньгами и высокими постами, а окопам предпочитают отдых за границей. 

В День защитника Отечества Руслан Шаведдинов рассказывает, как живут дети высокопоставленных генералов.

❗️ [Навальный LIVE](https://t.me/navalnylivechannel) | [Поддержать](http://donate.fbk.info/smm)",3627,7,2,politica_media
40734,2026-02-23T07:31:51+00:00,"**▪️****▫️****◾️****◽️****◼️****◻️****🔳****  В 11:00: Честное слово с Ильёй Новиковым**

Включайте трансляцию в нашем Telegram-канале или на YouTube: https://youtube.com/live/cGz_-cczm8Q

__🦙____ __[Популярная политика](http://t.me/politica_media)__ __| [Поддержать](http://donate.fbk.info/smm)",5005,3,0,politica_media
40733,2026-02-22T15:11:59+00:00,"**Умер политзаключённый Александр Доценко.**

В больнице скончался осуждённый по статье о «призывах к терроризму» Александр Доценко. 12 февраля он перенёс обширный инфаркт в колонии и оказался в коме. В последующие дни его состояние ухудшалось, а 19 февраля стало известно о смерти.

В 2024 году Доценко приговорили к трём годам колонии-поселения из-за антивоенных листовок, найденных в магазине в Петербурге. Его жена Анастасия Дюдяева получила три с половиной года по той же статье. Супруги отрицали вину, а экспертиза указывала на сомнения в их авторстве.

__🔗____ Об этом и других событиях недели — в новом выпуске «Криминальной России»: ____https://youtu.be/nVHkuBbVxcA__

__🦙____ __[Популярная политика](http://t.me/politica_media)__ __| [Поддержать](http://donate.fbk.info/smm)",5652,15,8,politica_media
40732,2026-02-21T15:36:05+00:00,"**#Дайджест**** главных «Тем дня» этой недели.** 

Если вы пропустили выпуски — рассказываем, что произошло.

• **ФСБ сможет блокировать связь. **Госдума приняла закон, позволяющий приостанавливать связь по требованию спецслужбы. __Разбор с юристом Саркисом Дарбиняном — __[__смотреть __](https://youtu.be/WVJc3WQ2lws)__
__
• **Путин владеет долей в Max и VK через номинала.** __Расследование Андрея Захарова — __[__смотреть __
](https://youtu.be/hvdCX_ryvw4)
• **Прорыв на фронте.** Украина вернула 201 км² — крупнейшее продвижение за 2,5 года. __Что это меняет — обсудили с Яном Матвеевым — __[__смотреть__](https://youtu.be/FTCOYUjBsJ4)__ 
__
• **История Заремы Мусаевой. **Верховный суд Чечни отменил приговор Зареме Мусаевой, но она остаётся в СИЗО. __Что происходит с делом семьи Янгулбаевых — __[__смотреть __](https://youtu.be/vKwD0T1snbk)__
__
• **Зачистка z-патриотов.** Соратник Стрелкова Павел Губарев стал фигурантом дела о «дискредитации армии». __Почему под удар попадают даже сторонники войны — __[__смотреть __](https://youtu.be/0h-ye9i0R0U)__
__
**💙**** Поддержите выход новых выпусков «Тем дня» на ****friends.politica.media**

__🦙____ __[Популярная политика](http://t.me/politica_media)",5097,3,3,politica_media
40726,2026-02-21T14:36:55+00:00,"**Смерть политзаключённого в колонии, убийства, пытки и новые несправедливые приговоры.**

__🔗____ Рассказываем об ужасающих событиях недели в карточках и новом выпуске «Криминальной России»: ____https://youtu.be/nVHkuBbVxcA__

__🦙____ __[Популярная политика](http://t.me/politica_media)__ __| [Поддержать](http://donate.fbk.info/smm)",3930,6,0,politica_media
40725,2026-02-21T14:09:08+00:00,"**«Идите лесом» держится на регулярных донатах**

На нашу линию помощи в среднем приходит 66 обращений каждый день. Это люди, которым нужна помощь, чтобы не оказаться в российской армии или чтобы дезертировать из нее и быть в безопасности.

Нам нужна регулярная поддержка 750 доноров в месяц.

Наши расходы:

4,5 € — помощь одному человеку не оказаться в российской армии;
85 € — чтобы вытащить уже мобилизованного, помочь дезертировать и выехать из страны.

**Мы добавили еще один тариф регулярной поддержки — 10 $ в месяц. **Поддержать сбор и выбрать регулярный донат можно [здесь](https://linktr.ee/helpsavetheforest).

Если удобнее криптой, у нас есть [инструкция](https://linktr.ee/helpsavetheforest), как это сделать. 

Если вы не нашли удобный способ поддержки, [напишите нам](https://t.me/iditelesom_newsbot) — мы поможем.",3593,3,0,politica_media
40724,2026-02-21T08:45:33+00:00,"❗️**ПРОРЫВ НА ФРОНТЕ ПРОДОЛЖАЕТСЯ | РАЗГРОМ ПВО В ТЫЛУ | ВЗРЫВ В ВОИНСКОЙ ЧАСТИ, ПОГИБЛИ АГЕНТЫ ФСБ**

Военное положение: https://youtu.be/PmSjJfU5gYs

Украинская армия продолжает наступление, пока генералы российского Генштаба рассказывают, что отключение Starlink никак не мешает путинским войскам. В тылу вновь горят НПЗ и нефтебазы, на захваченных территориях дроны уничтожают системы ПВО, радары и даже катер. А мирные переговоры в Женеве завершились и Мединский сделал ровно то, чего от него требовал Путин.
__
🚫 Не работает YouTube? Используйте __[__@rosvpnbot__](http://t.me/rosvpnbot?start=tg_pp)__**
**
____🦙____ __[Популярная политика](http://t.me/politica_media)__ __| [Поддержать](http://donate.fbk.info/smm)",4299,11,0,politica_media
40723,2026-02-20T17:01:11+00:00,"❗️❕‼️🟥🟧 **У регионов нет денег на «гробовые» | Митинг против блокировок | Студентов шантажируют контрактом **

Итоги дня: https://youtu.be/vj0HPfb0uPQ

На Байкале под лёд провалился УАЗ с туристами — 7 погибших, среди них гид, организовавший частные туры. Умер солист Shortparis Николай Комягин. Минобороны усиливает вербовку студентов через ВУЗы, регионы урезают «гробовые», а Роскомнадзор давит на Telegram на фоне митингов против блокировок.

__🚫 Не работает YouTube? Используйте __[__@rosvpnbot__](http://t.me/rosvpnbot?start=tg_pp)__
__
__🦙____ __[Популярная политика](http://t.me/politica_media)__ __| [Поддержать](http://donate.fbk.info/smm)",4225,5,3,politica_media
40722,2026-02-20T16:33:52+00:00,"**❗️****  РЖД на грани краха? 4 триллиона долгов и распродажа вокзалов**

Смотреть: https://youtu.be/dOxplSuruF0

Почти 4 трлн рублей долгов, первый убыток со времён пандемии и распродажа активов — Рижский вокзал и офис в «Москва-Сити» могут уйти с молотка. 

Что происходит с РЖД — обсуждаем с экономистом Николаем Кульбакой.
__
🚫 Не работает YouTube? Используйте __[__@rosvpnbot__](http://t.me/rosvpnbot?start=tg_pp)__**
**
____🦙____ __[Популярная политика](http://t.me/politica_media)__ __| [Поддержать](http://donate.fbk.info/smm)",4165,19,4,politica_media
40721,2026-02-20T15:32:15+00:00,"🔴** Генерал признался в убийствах. «Якутский мясник» в СИЗО. Маркарян будет сидеть 

**Криминальная Россия: https://youtu.be/nVHkuBbVxcA

Криминальная хроника без цензуры: убийства, пытки и несправедливые приговоры. Жестокие преступления, о которых не расскажут по ТВ.

__🦙____ __[Популярная политика](http://t.me/politica_media)__ __| [Поддержать](http://donate.fbk.info/smm)",6229,9,0,politica_media
40719,2026-02-20T14:26:56+00:00,"**❗️****  Пожарные кончаются. МЧС разрешат призывать срочников**

Смотреть: https://youtu.be/MILd1mcJ1iE

Глава МЧС заявил о критической нехватке кадров, в связи с чем власти планируют ежегодно направлять до 5000 солдат-срочников на службу пожарными. 

Обсудили эту новость с пресс-секретарем движения «Идите лесом!» Иваном Чувиляевым.
__
🚫 Не работает YouTube? Используйте __[__@rosvpnbot__](http://t.me/rosvpnbot?start=tg_pp)__**
**
____🦙____ __[Популярная политика](http://t.me/politica_media)__ __| [Поддержать](http://donate.fbk.info/smm)",3885,6,3,politica_media
40717,2026-02-20T13:34:31+00:00,"**▪️****▫️****◾️****◽️****◼️****◻️****🔳****  В 17:00: Честное слово с Константином Гаазе**

Включайте трансляцию в нашем Telegram-канале или на YouTube: https://youtube.com/live/7JoG_FOWcLo

__🦙____ __[Популярная политика](http://t.me/politica_media)__ __| [Поддержать](http://donate.fbk.info/smm)",3667,3,0,politica_media
40716,2026-02-20T13:28:13+00:00,"**❗️****  Ночные повестки в Беларуси. К чему готовятся?
**
Смотреть: https://youtu.be/vVbk8ojOTYA

Массовые повестки в Беларуси: в Гродненской области мужчин забирают на военные сборы — жёны сообщают о ночных визитах и задержаниях без объяснений. Власти говорят о «проверке боеготовности» на фоне риторики Запада. 

Что происходит на самом деле и к чему готовится режим Лукашенко — обсуждаем с политическим обозревателем Александром Фридманом.
__
🚫 Не работает YouTube? Используйте __[__@rosvpnbot__](http://t.me/rosvpnbot?start=tg_pp)__**
**
____🦙____ __[Популярная политика](http://t.me/politica_media)__ __| [Поддержать](http://donate.fbk.info/smm)",3490,5,1,politica_media
40715,2026-02-20T11:24:07+00:00,"❗️❕‼️🟥**🟧****Пропал вертолёт с полицейскими | Чиновница 13 лет притворялась мёртвой | Депутат украл 2 миллиарда**

Смотреть:__ __https://youtu.be/pj7bw3wMQuE**__
__**
Взрыв на станции «Битцевский парк», подрыв гранаты при задержании, удары дронов по нефтебазе в Великих Луках и ТЭЦ в Белгороде с отключениями света. Контрнаступление на юге, вербовка студентов на войну и пожизненный приговор бывшему президенту Южной Кореи.

__🚫 Не работает YouTube? Используйте __[__@rosvpnbot__](http://t.me/rosvpnbot?start=tg_pp)__
__
🦙 [Популярная политика](http://t.me/politica_media) | [Поддержать](http://donate.fbk.info/smm)",3536,4,0,politica_media
40714,2026-02-20T07:34:57+00:00,"**▪️****▫️****◾️****◽️****◼️****◻️****🔳****  В 11:00: Честное слово с Фёдором Крашенинниковым **

Включайте трансляцию в нашем Telegram-канале или на YouTube: https://youtube.com/live/4KBSQeTVj2M

__🦙____ __[Популярная политика](http://t.me/politica_media)__ __| [Поддержать](http://donate.fbk.info/smm)",3740,2,0,politica_media
40712,2026-02-19T16:54:14+00:00,"❗️❕‼️🟥🟧 **Кремль подкупает Трампа | Рухнула крыша цеха | ФСБ про работу с Дуровым 
**
Итоги дня: https://youtu.be/r_28XR8TzSs

ФСБ отрицает переговоры с Telegram, а сам мессенджер комментирует заявление Минцифры. В Липецкой области на автозаводе под тяжестью снега обрушилась крыша — есть пострадавшие. А Дмитриев пытается выторговать у США снятие санкций, обещая дорогостоящие проекты.

__🚫 Не работает YouTube? Используйте __[__@rosvpnbot__](http://t.me/rosvpnbot?start=tg_pp)__
__
__🦙____ __[Популярная политика](http://t.me/politica_media)__ __| [Поддержать](http://donate.fbk.info/smm)",4174,9,1,politica_media
40710,2026-02-19T15:00:01+00:00,"**🔴****🟠****🟡****  Кому принадлежит Max | Дыра в бюджетах регионов | Что заблокирует ФСБ**

Включайте эфир в 18:30: https://youtube.com/live/UdTNBM4y9QY**
**
Мессенджер Max, который власти продвигают как альтернативу WhatsApp и Telegram, фактически оказался активом семьи Путина. Депутаты Госдумы приняли сразу во втором и третьем чтении законопроект, который позволит ФСБ требовать от операторов блокировать услуги связи. А регионы столкнулись с рекордным бюджетным дефицитом.

Эти и другие новости обсудим в новом выпуске «Бойко о главном».

__Поддержите выход новых выпусков «Бойко о главном» на ____friends.politica.media__

__🦙____ __[Популярная политика](http://t.me/politica_media)",3857,14,0,politica_media
40708,2026-02-19T14:55:06+00:00,"**❗️****  Зачистка z-патриотов. Наказан соратник Стрелкова
**
Смотреть: https://youtu.be/0h-ye9i0R0U

Бывший «народный губернатор» Донбасса Павел Губарев стал фигурантом дела о дискредитации армии. Протокол уже в Таганском суде Москвы. 

Как Z-блогер, критиковавший Минобороны и Апти Алаудинова, оказался под ударом — обсуждаем с журналистом Павлом Каныгиным.
__
🚫 Не работает YouTube? Используйте __[__@rosvpnbot__](http://t.me/rosvpnbot?start=tg_pp)__**
**
____🦙____ __[Популярная политика](http://t.me/politica_media)__ __| [Поддержать](http://donate.fbk.info/smm)",3661,11,8,politica_media
40706,2026-02-19T13:35:27+00:00,"**▪️****▫️****◾️****◽️****◼️****◻️****🔳****  В 17:00: Честное слово с Максимом Курниковым**

Включайте трансляцию в нашем Telegram-канале или на YouTube: https://youtube.com/live/EGJ4l6ko41o

__🦙____ __[Популярная политика](http://t.me/politica_media)__ __| [Поддержать](http://donate.fbk.info/smm)",3573,3,0,politica_media
40705,2026-02-19T11:37:21+00:00,"❗️❕‼️🟥**🟧****АРЕСТОВАН БРАТ КОРОЛЯ | МУЖЧИНА ПОДОРВАЛ ГРАНАТОЙ ПОЛИЦЕЙСКИХ | ПРЕЗИДЕНТУ ДАЛИ ПОЖИЗНЕННОЕ**

Смотреть:__ __https://youtu.be/64jfD00DOCo**__
__**
В московском метро на станции Битцевский парк прогремел взрыв. В Ростовской области мужчина взорвал гранату при задержании и погиб, двое полицейских получили ранения. А в Пермском крае семиклассник взял на учёбу нож и напал на своего сверстника.

__🚫 Не работает YouTube? Используйте __[__@rosvpnbot__](http://t.me/rosvpnbot?start=tg_pp)__
__
🦙 [Популярная политика](http://t.me/politica_media) | [Поддержать](http://donate.fbk.info/smm)",3716,5,0,politica_media
40702,2026-02-19T07:34:33+00:00,"**▪️****▫️****◾️****◽️****◼️****◻️****🔳****  В 11:00: Честное слово с Марком Фейгиным**

Включайте трансляцию в нашем Telegram-канале или на YouTube: https://youtube.com/live/QepSZjKjaG0

__🦙____ __[Популярная политика](http://t.me/politica_media)__ __| [Поддержать](http://donate.fbk.info/smm)",4605,8,3,politica_media
40701,2026-02-18T17:14:02+00:00,"Суд в Екатеринбурге приговорил местного жителя Романа Штадлера к 2 годам и 2 месяцам колонии-поселения по делу о хулиганстве после доноса «Русской общины».

__🦙____ __[Популярная политика](http://t.me/politica_media)__ __| [Поддержать](http://donate.fbk.info/smm)",4079,6,3,politica_media
40700,2026-02-18T16:48:23+00:00,"❗️❕‼️🟥🟧 **Люди без тепла в -50 градусов | Силовикам разрешили всё | Студентов отправят на войну 
**
Итоги дня: https://youtu.be/qCwIvH1n1EU

Госдума расширяет полномочия силовиков под предлогом «защиты истории», студентов заманивают контрактами с Минобороны, на фоне проблем с Telegram закрывается мессенджер ТамТам . Коммунальный кризис, новые репрессии за слова и энергетические удары — всё самое важное за день в выпуске программы «Итоги дня».

__🚫 Не работает YouTube? Используйте __[__@rosvpnbot__](http://t.me/rosvpnbot?start=tg_pp)__
__
__🦙____ __[Популярная политика](http://t.me/politica_media)__ __| [Поддержать](http://donate.fbk.info/smm)",3989,6,0,politica_media
40699,2026-02-18T15:33:01+00:00,"**Путин владеет долей в Max и VK — расследование Андрея Захарова**.

По данным расследования, Путин владеет долей в Max и VK через своего двоюродного племянника Михаила Шеломова. 

Мессенджер Max принадлежит холдингу VK, среди ключевых акционеров которого — страховая компания «Согаз». Долю в «Согазе» через петербургскую фирму «Акцепт» контролирует Шеломов. 

__🔗____ Поговорили об этом с Андреем Захаровым в «Теме дня»: ____https://youtu.be/hvdCX_ryvw4__

__🦙____ __[Популярная политика](http://t.me/politica_media)__ __| [Поддержать](http://donate.fbk.info/smm)",3805,27,0,politica_media
40698,2026-02-18T15:22:30+00:00,"**❗️****  АвтоВАЗ разваливается. В чём проблема российских авто**

Смотреть: https://youtu.be/aBYVAdASSNQ

АвтоВАЗ сократил план продаж на 15% из-за падения спроса. Глава компании Максим Соколов признал, что рынок остается в глубоком кризисе, а снижение ключевой ставки не помогло оживить продажи. 

Почему россияне перестали покупать новые «Лады» и что дальше ждет авторынок — обсуждаем с автоэкспертом Алексеем Мочаловым.
__
🚫 Не работает YouTube? Используйте __[__@rosvpnbot__](http://t.me/rosvpnbot?start=tg_pp)__**
**
____🦙____ __[Популярная политика](http://t.me/politica_media)__ __| [Поддержать](http://donate.fbk.info/smm)",3501,11,1,politica_media
40696,2026-02-18T14:22:33+00:00,"**❗️****  Заложница Кадырова. История Заремы Мусаевой**

Смотреть: https://youtu.be/vKwD0T1snbk

Верховный суд Чечни отменил приговор Зареме Мусаевой и отправил дело на новое рассмотрение. Мусаева останется в СИЗО. Это уже второе сфабрикованное Кадыровым уголовное дело против матери Абубакара и Ибрагима Янгулбаевых, связанное с политической деятельностью её сыновей.
__
🚫 Не работает YouTube? Используйте __[__@rosvpnbot__](http://t.me/rosvpnbot?start=tg_pp)__**
**
____🦙____ __[Популярная политика](http://t.me/politica_media)__ __| [Поддержать](http://donate.fbk.info/smm)",3587,5,0,politica_media
40694,2026-02-18T13:41:01+00:00,"**Госдума разрешила ФСБ отключать связь по требованию.**

Депутаты Госдумы приняли поправки к закону «О связи», обязывающие операторов отключать связь по требованию ФСБ. При этом самих операторов освобождают от ответственности перед клиентами за такие отключения.

Условия блокировок связи будет определять президент.

__🔗____ Поговорили об этом с юристом Саркисом Дарбиняном в «Теме дня»: ____https://youtu.be/WVJc3WQ2lws__

__🦙____ __[Популярная политика](http://t.me/politica_media)__ __| [Поддержать](http://donate.fbk.info/smm)",3892,13,1,politica_media
40693,2026-02-18T13:35:13+00:00,"**▪️****▫️****◾️****◽️****◼️****◻️****🔳****  В 17:00: Честное слово с Сергеем Бойко**

Включайте трансляцию в нашем Telegram-канале или на YouTube: https://youtube.com/live/Umyf5DtfAbc

__🦙____ __[Популярная политика](http://t.me/politica_media)__ __| [Поддержать](http://donate.fbk.info/smm)",3410,2,3,politica_media
40692,2026-02-18T13:20:29+00:00,"**❗️****  Путин заработал на блокировках Telegram и WhatsApp. Вот почему**

Смотреть: https://youtu.be/hvdCX_ryvw4

Согласно данным расследования Андрея Захарова, у Путина есть доля в мессенджере «Макс» и во «ВКонтакте». Сами активы оформлены на двоюродного племянника Путина — Михаила Шеломова. 

Обсудили детали расследования с его автором.
__
🚫 Не работает YouTube? Используйте __[__@rosvpnbot__](http://t.me/rosvpnbot?start=tg_pp)__**
**
____🦙____ __[Популярная политика](http://t.me/politica_media)__ __| [Поддержать](http://donate.fbk.info/smm)",3464,21,1,politica_media
40691,2026-02-18T11:32:34+00:00,"❗️❕‼️🟥**🟧****ЗАДЕРЖАНИЕ МИНИСТРА КУЛЬТУРЫ | МЕДИНСКИЙ РАСКРЫЛ ИТОГИ ПЕРЕГОВОРОВ | НОВОЕ ДЕЛО ПО ДОНОСУ МИЗУЛИНОЙ
**
Смотреть:__ __https://youtu.be/YwSE9tmJG2Q**__
__**
Расследование о доле Путина в мессенджере MAX через «СОГАЗ» и VK, налоговые льготы для «Газпрома» на фоне дефицита бюджета, задержание министра культуры Башкортостана, новые данные о продвижении ВСУ, атаках «Шахедов» по украинским городам и ударах по объектам в Белгороде, а также заявления Эстонии о возможном размещении ядерного оружия.

__🚫 Не работает YouTube? Используйте __[__@rosvpnbot__](http://t.me/rosvpnbot?start=tg_pp)__
__
🦙 [Популярная политика](http://t.me/politica_media) | [Поддержать](http://donate.fbk.info/smm)",3626,10,0,politica_media
40688,2026-02-18T07:32:06+00:00,"**▪️****▫️****◾️****◽️****◼️****◻️****🔳****  В 11:00: Честное слово с Сергеем Смирновым
**
Включайте трансляцию в нашем Telegram-канале или на YouTube: https://youtube.com/live/-jZsxh2zuGo

__🦙____ __[Популярная политика](http://t.me/politica_media)__ __| [Поддержать](http://donate.fbk.info/smm)",4292,5,0,politica_media
40687,2026-02-17T16:51:11+00:00,"❗️❕‼️🟥🟧 **Банкротство нефтяных компаний | Трагедия в Самаре | Мощный взрыв в воинской части. Есть погибшие**

Итоги дня: https://youtu.be/pvNcanNjfzc

Взрыв в здании военной комендатуры в Ленобласти — есть погибшие. Россияне тратят почти 40% доход на еду — и это по данным кремлёвской статистики. А из-за обвала цен на нефть начали банкротиться нефтяные компании.

__🚫 Не работает YouTube? Используйте __[__@rosvpnbot__](http://t.me/rosvpnbot?start=tg_pp)__
__
__🦙____ __[Популярная политика](http://t.me/politica_media)__ __| [Поддержать](http://donate.fbk.info/smm)",4069,3,1,politica_media
40686,2026-02-17T15:56:22+00:00,"**❗️****  Скандальный закон принят. ФСБ будет блокировать интернет**

Смотреть: https://youtu.be/WVJc3WQ2lws

Депутаты Госдумы приняли закон, обязывающий мобильных операторов блокировать связь по требованию ФСБ. Новый закон позволяет приостанавливать оказание услуг связи по прямому указу спецслужбы, что фактически даёт возможность ограничивать доступ к интернету без суда и расследования. 

Зачем власти нужны такие полномочия и к чему это может привести — обсудили с юристом Саркисом Дарбиняном.
__
🚫 Не работает YouTube? Используйте __[__@rosvpnbot__](http://t.me/rosvpnbot?start=tg_pp)__**
**
____🦙____ __[Популярная политика](http://t.me/politica_media)__ __| [Поддержать](http://donate.fbk.info/smm)",4042,21,0,politica_media
40683,2026-02-17T14:02:50+00:00,"**❗️****  Прорыв на фронте. Военный эксперт о планах ВСУ**

Смотреть: https://youtu.be/FTCOYUjBsJ4

Украина за последнюю неделю добилась крупнейших территориальных успехов на фронте за последние 2,5 года, вернув под контроль 201 квадратный километр — почти столько же, сколько Россия заняла за весь декабрь. Продвижение ВСУ произошло на фоне изматывающих боёв и попыток обеих сторон перехватить инициативу, происходивших в последние месяцы. 

Что именно позволило Украине добиться продвижения, насколько устойчивы эти успехи и как может развиваться ситуация дальше — обсудили с военным аналитиком Яном Матвеевым.
__
🚫 Не работает YouTube? Используйте __[__@rosvpnbot__](http://t.me/rosvpnbot?start=tg_pp)__**
**
____🦙____ __[Популярная политика](http://t.me/politica_media)__ __| [Поддержать](http://donate.fbk.info/smm)",3966,6,3,politica_media
40682,2026-02-17T13:32:14+00:00,"**▪️****▫️****◾️****◽️****◼️****◻️****🔳****  В 17:00: Честное слово с Владимиром Миловым**

Включайте трансляцию в нашем Telegram-канале или на YouTube: https://youtube.com/live/kVpX63faQY8

__🦙____ __[Популярная политика](http://t.me/politica_media)__ __| [Поддержать](http://donate.fbk.info/smm)",3659,6,5,politica_media
40681,2026-02-17T12:37:26+00:00,"**❗️****  Тяжело больная Симоньян продолжает врать. Что будет с ней дальше?**

Смотреть: https://youtu.be/fCYEBAfpLWk

Маргарита Симоньян впервые появилась на публике без парика и рассказала об ухудшении состояния здоровья — по её словам, на фоне стресса болезнь прогрессирует и теперь ей требуется сразу несколько видов лечения. Ранее она уже публиковала фото без волос и говорила, что больше всего переживает не из-за внешности, а за то, успеет ли вырастить детей. 

Как изменился публичный образ Симоньян и какую медийную стратегию она выстраивает — в разговоре с журналистом Ренатом Давлетгильдеевым.
__
🚫 Не работает YouTube? Используйте __[__@rosvpnbot__](http://t.me/rosvpnbot?start=tg_pp)__**
**
____🦙____ __[Популярная политика](http://t.me/politica_media)__ __| [Поддержать](http://donate.fbk.info/smm)",3956,10,5,politica_media
40680,2026-02-17T10:48:37+00:00,"❗️❕‼️🟥**🟧****СТРЕЛЬБА НА ХОККЕЙНОМ МАТЧЕ | ОГРАБЛЕНИЕ В НОВОСИБИРСКЕ | ПАТРУШЕВ УГРОЖАЕТ ФЛОТОМ **

Смотреть:__ __https://youtu.be/uDOtcBhhfVM**__
__**
Telegram в России будет полностью заблокирован с 1 апреля. Обвинение запросило пожизненные сроки для 15 подозреваемых по делу о теракте в «Крокус Сити Холле». А РЖД повысят тарифы на перевозку — с 1 марта они вырастут на 1%.

__🚫 Не работает YouTube? Используйте __[__@rosvpnbot__](http://t.me/rosvpnbot?start=tg_pp)__
__
🦙 [Популярная политика](http://t.me/politica_media) | [Поддержать](http://donate.fbk.info/smm)",4001,4,0,politica_media
40677,2026-02-17T07:36:26+00:00,"**▪️****▫️****◾️****◽️****◼️****◻️****🔳****  В 11:00: Честное слово с Сергеем Жирновым**

Включайте трансляцию в нашем Telegram-канале или на YouTube: https://youtube.com/live/A-4ewIUzCDo

__🦙____ __[Популярная политика](http://t.me/politica_media)__ __| [Поддержать](http://donate.fbk.info/smm)",4462,5,1,politica_media
40675,2026-02-16T18:04:44+00:00,"**‼️Буду сегодня в эфире Бойко о главном**

Поговорим об Алексее и о том, почему он был особенным:
https://www.youtube.com/live/H-KSc5tUK_0?si=AXVbNwvlinEWWH9E

**Подключайтесь!**",4569,5,9,politica_media
40673,2026-02-16T16:57:27+00:00,"❗️❕‼️🟥🟧 **Катастрофа ЖКХ в России | Путин поменял Совбез | У Сабурова новые проблемы **

Итоги дня: https://youtu.be/9wtoS_kER_w

Лаборатории пяти стран подтвердили отравление Навального нейротоксином «эпибатидин», по всему миру проходят акции памяти. На фоне новых ударов по НПЗ резко растут цены на бензин, в стране кризис ЖКХ и аварии.

__🚫 Не работает YouTube? Используйте __[__@rosvpnbot__](http://t.me/rosvpnbot?start=tg_pp)__
__
__🦙____ __[Популярная политика](http://t.me/politica_media)__ __| [Поддержать](http://donate.fbk.info/smm)",4252,5,0,politica_media
40672,2026-02-16T16:47:15+00:00,"**В нашем эфире Сергей Бойко **— о влиянии Алексея Навального на региональную политику в стране.

🔴 Вспоминаем Алексея в эфире с его соратниками и друзьями: youtube.com/live/P66AdX75ppk

❗️ [Навальный LIVE](https://t.me/navalnylivechannel) | [Поддержать](http://donate.fbk.info/smm)",3299,2,0,politica_media
40671,2026-02-16T16:32:34+00:00,"**🔴****🟠****🟡****  Два года без Алексея**

Включайте эфир в 20:00: https://youtube.com/live/H-KSc5tUK_0**
**
Во вторую годовщину убийства Алексея Навального в нашем эфире мы соберёмся, чтобы почтить его память вместе со зрителями и приглашёнными гостями.

__🦙____ __[Популярная политика](http://t.me/politica_media)__ __| [Поддержать](http://donate.fbk.info/smm)",9613,14,2,politica_media
40669,2026-02-16T14:27:08+00:00,"«Нет никаких сомнений, кто за этим всем стоит».

Михаил Фишман об убийстве Алексея Навального.

__🔗____ Полный разговор смотрите в «Честном слове»: ____https://youtube.com/live/QCZwgkWYVHk__

__🦙____ __[Популярная политика](http://t.me/politica_media)__ __| [Поддержать](http://donate.fbk.info/smm)",3963,5,11,politica_media
40667,2026-02-16T13:35:54+00:00,"**▪️****▫️****◾️****◽️****◼️****◻️****🔳****  В 17:00: Честное слово с Владиславом Жуковским**

Включайте трансляцию в нашем Telegram-канале или на YouTube: https://youtube.com/live/skGRwx8CPvk

__🦙____ __[Популярная политика](http://t.me/politica_media)__ __| [Поддержать](http://donate.fbk.info/smm)",3786,3,0,politica_media
40666,2026-02-16T12:39:53+00:00,"🏆 **«Сердитая Чувашия» — лауреат Премии имени Алексея Навального 2026

**Об этом в своём канале [рассказала](https://t.me/yulia_navalnaya_channel/195)** **Юлия Навальная:**

**💬: __«В прошлом году я положила начало важной традиции, учредив __[__премию имени Алексея Навального.__](https://prize.navalny.com/)__ Она присуждается тем, кто создает проекты и инициативы, направленные на совместное политическое действие в России. 

Сегодня я хочу объявить, что лауреатом премии 2026 года стали __[__Семён Кочкин__](https://x.com/semyonkochkin?s=21)__ и проект __[__«Сердитая Чувашия».__](https://t.me/ChuvashiaDream)__ Из бывшего телеграм-канала штаба Навального в Чебоксарах Семён и его небольшая команда смогли создать самое влиятельное, самое читаемое независимое медиа в республике Чувашия. Медиаресурсы «Сердитой Чувашии» публикуют расследования о коррупции местных чиновников, рассказывают о проблемах региона, ведут учет жителей Чувашии, погибших на путинской войне, поддерживают инициативы, связанные с сохранением чувашского языка. Они не просто не отрываются от местной повестки, они задают ее, показывая наглядный пример, как в эмиграции можно делать действительно актуальное медиа о местных проблемах»__.

**Спасибо семье Алексея Навального за поддержку и доверие. Обещаем и дальше работать на благо жителей Чувашии и России.** **Эпир пулнӑ, пур, пулатпӑр!**",3563,4,1,politica_media
40665,2026-02-16T11:52:35+00:00,"❗️❕‼️🟥**🟧****КЛЮЧЕВОЕ ДОКАЗАТЕЛЬСТВО УБИЙСТВА И ПРИЧАСТНОСТИ ПУТИНА | КОНТР-АДМИРАЛА ОСУДИЛИ ЗА ВЗЯТКУ 
**
Смотреть:__ __https://youtu.be/UiWUgSmfNng**__
__**
Лаборатории пяти стран пришли к выводу, что Навальный был убит с помощью редкого яда — эпибатидина. На фронте продолжаются боевые действия — наступление ВСУ и взаимные удары дронами и ракетами по регионам России и Украины.

__🚫 Не работает YouTube? Используйте __[__@rosvpnbot__](http://t.me/rosvpnbot?start=tg_pp)__
__
🦙 [Популярная политика](http://t.me/politica_media) | [Поддержать](http://donate.fbk.info/smm)",3821,8,0,politica_media
40664,2026-02-16T11:39:07+00:00,"**Два года назад Путин убил Навального**

Сегодня вечером мы проведем прямой эфир: будем вспоминать Навального вместе с его друзьями и соратниками, покажем, как люди по всему миру приходят к мемориалам, чтобы почтить его память. 

🔴 Включайте в 18:00 по Москве: youtube.com/live/P66AdX75ppk

❗️ [Навальный LIVE](https://t.me/navalnylivechannel) | [Поддержать](http://donate.fbk.info/smm)",3460,5,7,politica_media
40661,2026-02-16T07:32:33+00:00,"**▪️****▫️****◾️****◽️****◼️****◻️****🔳****  В 11:00: Честное слово с Михаилом Фишманом**

Включайте трансляцию в нашем Telegram-канале или на YouTube: https://youtube.com/live/QCZwgkWYVHk

__🦙____ __[Популярная политика](http://t.me/politica_media)__ __| [Поддержать](http://donate.fbk.info/smm)",5008,4,0,politica_media
40660,2026-02-14T17:46:38+00:00,"**Путин убил Алексея Навального запрещённым ядом эпибатидин**

«Эпибатидин — это не что-то, что можно купить в соседнем магазине или приготовить на кухне. Он не может просто случайно оказаться внутри камеры ШИЗО в посёлке Харп. Его туда доставили, применили и убили им Алексея.
 
Средства, возможность и мотив убить Алексея были у одного человека — Владимира Путина».

🔴 Обращение Юлии Навальной: [youtu.be/O73BpNGwkWU](https://youtu.be/O73BpNGwkWU)

❗️ [Команда Навального](https://t.me/+NT76PYctopw1NjI6)** **|** **[Поддержать](http://donate.fbk.info/smm)",5259,20,4,politica_media
40659,2026-02-14T14:21:47+00:00,"⚡️ **Доказано отравление Навального**

🔴 **Обращение Юлии Навальной**: [youtu.be/O73BpNGwkWU](https://youtu.be/O73BpNGwkWU)

Несколько независимых лабораторий завершили анализ биологических материалов Алексея Навального. Они выяснили, что Навальный был отравлен нейротоксическим ядом эпибатидин. Сегодня эту информацию подтвердили представители Великобритании, Германии, Франции, Швеции и Нидерландов. 

Эпибатидин — это запрещённое химическое оружие. Он парализует организм, отключает нервные рецепторы и приводит к смерти.

**Владимир Путин — убийца.**

❗️ [Команда Навального](https://t.me/+NT76PYctopw1NjI6)** **|** **[Поддержать](http://donate.fbk.info/smm)",4687,25,1,politica_media
40658,2026-02-14T13:41:35+00:00,"❗️ **Алексей Навальный был отравлен ядом. Результаты экспертизы**

Нам известны результаты экспертизы биологических материалов Алексея Навального, которые удалось вывезти из России после его убийства в колонии. Теперь мы точно знаем, что Алексей был отравлен, и знаем, чем именно.

Сегодня Великобритания, Германия, Франция, Швеция и Нидерланды публично подтвердили факт отравления. 

Лаборатории обнаружили в пробах **эпибатидин **— нейротоксин, который выделяется из кожи эквадорской древесной лягушки. Этот яд — запрещённое химическое оружие, и только российские власти имели мотив, средства и возможность применить этот яд в условиях колонии строгого режима.

**Теперь мы точно знаем: Владимир Путин отравил Алексея Навального химическим оружием.**

❗️ [Команда Навального](https://t.me/+NT76PYctopw1NjI6)** **|** **[Поддержать](http://donate.fbk.info/smm)",4157,29,1,politica_media
40657,2026-02-14T13:14:17+00:00,"Скоро расскажем подробности.

❗️ [Команда Навального](https://t.me/+NT76PYctopw1NjI6)** **|** **[Поддержать](http://donate.fbk.info/smm)",3999,6,0,politica_media
40656,2026-02-14T08:32:01+00:00,"❗️**КАК АРМИЯ ОСТАЛАСЬ БЕЗ СВЯЗИ | КОНТРНАСТУПЛЕНИЕ В ЗАПОРОЖСКОЙ ОБЛАСТИ | БЕЛГОРОД БЕЗ СВЕТА 
**
Военное положение: https://youtu.be/mRXpqdlVIPc

ВСУ начали контрнаступление на юге, бои идут в Запорожской области. Россия и Украина обмениваются ударами по энергетике — тысячи людей остаются без света и тепла. Сотни тысяч только подтверждённых потерь армии РФ, новые пакеты помощи в формате «Рамштайн» и блокировка Telegram в 64 регионах России — главные события недели в «Военном положении».
__
🚫 Не работает YouTube? Используйте __[__@rosvpnbot__](http://t.me/rosvpnbot?start=tg_pp)__**
**
____🦙____ __[Популярная политика](http://t.me/politica_media)__ __| [Поддержать](http://donate.fbk.info/smm)",4740,7,1,politica_media
40655,2026-02-13T16:38:25+00:00,"❗️❕‼️🟥🟧 **Трамп дал Ирану месяц | Статистику о бедности засекретили | РПЦ молится за Telegram 
**
Итоги дня: https://youtu.be/w9QMS_zxrPo

Центробанк снизил ключевую ставку до 15,5% на фоне роста инфляции и рекордных убытков бизнеса. Росстат засекретил данные о доходах россиян, а доля убыточных компаний достигла 29%. Параллельно идут переговоры по Украине, а США усиливают военное присутствие в Персидском заливе.

__🚫 Не работает YouTube? Используйте __[__@rosvpnbot__](http://t.me/rosvpnbot?start=tg_pp)__
__
__🦙____ __[Популярная политика](http://t.me/politica_media)__ __| [Поддержать](http://donate.fbk.info/smm)",4477,3,4,politica_media
40654,2026-02-13T15:03:07+00:00,"🔴** Появление Адама Кадырова. Смерть жены миллиардера. Нацистский погром в Уфе 

**Криминальная Россия: https://youtu.be/O5GkgjRyjV8

Новые подробности покушения на генерала ГРУ Владимира Алексеева, всплеск нападений на школы, гибель Алии Галицкой в ИВС и россиянки в архивах Джеффри Эпштейна. Главные криминальные события недели — без цензуры.

__🦙____ __[Популярная политика](http://t.me/politica_media)__ __| [Поддержать](http://donate.fbk.info/smm)",6368,6,0,politica_media
40652,2026-02-13T14:16:36+00:00,"**❗️****  Что будет с русским языком в Казахстане?
**
Смотреть: https://youtu.be/pWiSsuL_wTI

В проекте новой Конституции Казахстана меняют формулировку о статусе русского языка — вместо «наравне» теперь «наряду». Это меняет порядок его использования в госорганах: информация на русском будет предоставляться по запросу. Российская пропаганда уже говорит о «предательстве». 

Обсуждаем последствия с журналистом Лукпаном Ахмедьяровым.
__
🚫 Не работает YouTube? Используйте __[__@rosvpnbot__](http://t.me/rosvpnbot?start=tg_pp)__**
**
____🦙____ __[Популярная политика](http://t.me/politica_media)__ __| [Поддержать](http://donate.fbk.info/smm)",4228,7,3,politica_media
40650,2026-02-13T13:36:51+00:00,"**▪️****▫️****◾️****◽️****◼️****◻️****🔳****  В 17:00: Честное слово с Ильёй Шепелиным**

Включайте трансляцию в нашем Telegram-канале или на YouTube: https://youtube.com/live/D2YfVLFkA5o

__🦙____ __[Популярная политика](http://t.me/politica_media)__ __| [Поддержать](http://donate.fbk.info/smm)",3961,7,2,politica_media
40649,2026-02-13T12:48:05+00:00,"**❗️****  Никак не нажрутся! Греф просит повысить чиновникам зарплату**

Смотреть: https://youtu.be/Ekh1qZfUIc4

Сбербанк и Греф снова в центре скандала: глава банка предложил резко повысить зарплаты чиновникам, чтобы они могли «жить не нищенски». 

Обсуждаем слова Грефа и их последствия вместе с политиком Евгением Ступиным.
__
🚫 Не работает YouTube? Используйте __[__@rosvpnbot__](http://t.me/rosvpnbot?start=tg_pp)__**
**
____🦙____ __[Популярная политика](http://t.me/politica_media)__ __| [Поддержать](http://donate.fbk.info/smm)",4025,14,6,politica_media
40648,2026-02-13T10:54:42+00:00,"❗️❕‼️🟥**🟧****ТРАВМЫ КАДЫРОВА ПОСЛЕ АВАРИИ | ЦЕНЫ НА ПРОДУКТЫ БЬЮТ РЕКОРДЫ | ГОСДОЛГ БЫСТРО РАСТЁТ **

Смотреть:__ __https://youtu.be/7pNkBz_AGUk**__
__**
Российский бизнес терпит рекордные убытки на фоне санкций, сын главы Чечни Адам Кадыров восстанавливается после тяжёлой травмы, а на фронте продолжаются удары по позициям и инфраструктуре. Цены в магазинах растут, коммунальные счета шокируют жителей — все главные новости России и мира в одном выпуске.

__🚫 Не работает YouTube? Используйте __[__@rosvpnbot__](http://t.me/rosvpnbot?start=tg_pp)__
__
🦙 [Популярная политика](http://t.me/politica_media) | [Поддержать](http://donate.fbk.info/smm)",3852,4,0,politica_media
40645,2026-02-13T07:35:38+00:00,"**▪️****▫️****◾️****◽️****◼️****◻️****🔳****  В 11:00: Честное слово с Матвеем Ганапольским**

Включайте трансляцию в нашем Telegram-канале или на YouTube: https://youtube.com/live/FBT5Er7rVRg

__🦙____ __[Популярная политика](http://t.me/politica_media)__ __| [Поддержать](http://donate.fbk.info/smm)",4685,3,1,politica_media
40644,2026-02-12T18:18:01+00:00,"По данным «Новой газеты Европа», Адам Кадыров три недели находился в Боткинской больнице, где ему удалили селезёнку и диагностировали трещину челюсти. 

Источники издания также сообщают о возможных осложнениях, включая риск проблем со зрением.

__🔗____ Поговорили об этом с правозащитником Мусой Ломаевым в «Теме дня»: ____https://youtu.be/pVVH5h1x_ao__

__🦙____ __[Популярная политика](http://t.me/politica_media)__ __| [Поддержать](http://donate.fbk.info/smm)",4473,13,4,politica_media
40642,2026-02-12T16:51:49+00:00,"❗️❕‼️🟥🟧 **Взрыв рядом с ФСБ | Блокировка Telegram | 100 тысяч за коммуналку 
**
Итоги дня: https://youtu.be/f7vZnDwpAwg

В Москве загорелся Mercedes рядом с объектами ФСБ и ФСО — МВД отрицает взрыв. Тем временем россияне получают счета за ЖКХ на 50–100 тысяч рублей, огурцы и продукты бьют ценовые рекорды, а власти продолжают блокировки Telegram и WhatsApp.

__🚫 Не работает YouTube? Используйте __[__@rosvpnbot__](http://t.me/rosvpnbot?start=tg_pp)__
__
__🦙____ __[Популярная политика](http://t.me/politica_media)__ __| [Поддержать](http://donate.fbk.info/smm)",4181,5,0,politica_media
40641,2026-02-12T15:44:51+00:00,"**❗️****  Таких цен ещё не было! Цена за огурцы пробила потолок**

Смотреть: https://youtu.be/O95Z2EzT-oY

Огурцы в России подорожали более чем вдвое — теперь они дороже мяса. Почему растут цены на овощи и что происходит с рынком? 

Обсуждаем ситуацию вместе с исследовательницей Еленой Вавиной.
__
🚫 Не работает YouTube? Используйте __[__@rosvpnbot__](http://t.me/rosvpnbot?start=tg_pp)__**
**
____🦙____ __[Популярная политика](http://t.me/politica_media)__ __| [Поддержать](http://donate.fbk.info/smm)",3705,10,2,politica_media
40639,2026-02-12T15:04:07+00:00,"**🔴****🟠****🟡****  ФАС пошел за огурцами | Новые технологии блокировок | Что будет с Телеграмом**

Включайте эфир в 18:30: https://youtube.com/live/oy7t9spRtRs**
**
ФАС пообещала проверить цены на огурцы, которые в дороговизне обогнали даже экзотические фрукты. Власти использовали технологию «суверенного Рунета» для окончательной блокировки YouTube в России. Роскомнадзор объявил об ограничении Telegram в РФ.

Эти и другие новости обсудим в новом выпуске «Бойко о главном».

__🦙____ __[Популярная политика](http://t.me/politica_media)__ __| [Поддержать](http://donate.fbk.info/smm)",3547,4,1,politica_media
40637,2026-02-12T14:44:43+00:00,"**❗️****  Правда о здоровье Кадырова. Тяжёлая операция не прошла бесследно
**
Смотреть: https://youtu.be/pVVH5h1x_ao

Адам Кадыров три недели находился в Боткинской больнице — по данным «Новой газеты Европа», ему удалили селезёнку и диагностировали трещину челюсти. Источники сообщают о возможных серьёзных последствиях, включая риск потери зрения. 

Обсуждаем ситуацию с правозащитником Мусой Ломаевым.
__
🚫 Не работает YouTube? Используйте __[__@rosvpnbot__](http://t.me/rosvpnbot?start=tg_pp)__**
**
____🦙____ __[Популярная политика](http://t.me/politica_media)__ __| [Поддержать](http://donate.fbk.info/smm)",3590,6,0,politica_media
40635,2026-02-12T13:42:41+00:00,"**❗️****  WhatsApp и телеграм против Роскомнадзора. Чем закончится битва, объяснил эксперт**

Смотреть: https://youtu.be/PAwmOj3ky3U

WhatsApp пообещал сохранить доступ в России после начала полной блокировки. В компании заявили о попытке вытеснить пользователей в государственный мессенджер MAX. 

Обсуждаем, как сервис может противостоять блокировкам, с Михаилом Климарёвым.
__
🚫 Не работает YouTube? Используйте __[__@rosvpnbot__](http://t.me/rosvpnbot?start=tg_pp)__**
**
____🦙____ __[Популярная политика](http://t.me/politica_media)__ __| [Поддержать](http://donate.fbk.info/smm)",3610,13,0,politica_media
40634,2026-02-12T13:36:17+00:00,"**▪️****▫️****◾️****◽️****◼️****◻️****🔳****  В 17:00: Честное слово с Русланом Левиевым**

Включайте трансляцию в нашем Telegram-канале или на YouTube: https://youtube.com/live/bCl5A_hpoO8

__🦙____ __[Популярная политика](http://t.me/politica_media)__ __| [Поддержать](http://donate.fbk.info/smm)",3305,2,0,politica_media
40633,2026-02-12T10:57:01+00:00,"❗️❕‼️🟥**🟧****ВИЦЕ-ГУБЕРНАТОР ЗАДЕРЖАН ЗА ВЗЯТКУ | МИРОНОВ ПОТРЕБОВАЛ РАЗБЛОКИРОВАТЬ ТЕЛЕГРАМ | ГОРИТ НПЗ В УХТЕ **

Смотреть:__ __https://youtu.be/hcmXGXwnrcI**__
__**
WhatsApp резко ответил на полную блокировку в России и обвинил власти в давлении ради перехода на мессенджер МАХ. ВСУ атаковали НПЗ в Ухте и военные объекты в регионах РФ, продолжаются удары по Киеву и Одессе. В США заявили о возможном снятии санкций с российской нефти после окончания войны.

__Поддержите выход новых выпусков новостей на ____friends.politica.media____ 

🚫 Не работает YouTube? Используйте __[__@rosvpnbot__](http://t.me/rosvpnbot?start=tg_pp)__
__
__🦙____ __[Популярная политика](http://t.me/politica_media)",3585,3,4,politica_media
40630,2026-02-12T07:31:57+00:00,"**▪️****▫️****◾️****◽️****◼️****◻️****🔳****  В 11:00: Честное слово с Екатериной Котрикадзе**

Включайте трансляцию в нашем Telegram-канале или на YouTube: https://youtube.com/live/cmi1HdUoC-g

__🦙____ __[Популярная политика](http://t.me/politica_media)__ __| [Поддержать](http://donate.fbk.info/smm)",4283,7,1,politica_media
40629,2026-02-11T18:17:38+00:00,"**Военкоры раскритиковали блокировку Telegram.**

После ограничений Telegram в России провоенные каналы раскритиковали власти, заявив, что мессенджер используется для координации и связи на фронте. 

Поводом для новой волны возмущения стали слова Дмитрия Пескова о том, что фронтовая связь «не может обеспечиваться через мессенджеры».

__🔗____ Подробнее об этом — в разборе Дмитрия Низовцева: ____https://youtu.be/EvjXUekZTD8__

__🦙____ __[Популярная политика](http://t.me/politica_media)__ __| [Поддержать](http://donate.fbk.info/smm)",4163,10,2,politica_media
40628,2026-02-11T17:07:39+00:00,"❗️❕‼️🟥🟧 **Новый ректор МХАТа | Нападение на техникум в Анапе | Вирус в школе Петербурга: 100 заболевших**

Итоги дня: https://youtu.be/J2PC3WQG4ow

Нападение на техникум в Анапе — студент устроил стрельбу, есть жертвы. Глава «Сбербанка» Герман Греф предложил повысить зарплаты чиновникам. А эксперты подсчитали, сколько нужно зарабатывать, чтобы позволить себе ипотеку в Москве.

__🚫 Не работает YouTube? Используйте __[__@rosvpnbot__](http://t.me/rosvpnbot?start=tg_pp)__
__
__🦙____ __[Популярная политика](http://t.me/politica_media)__ __| [Поддержать](http://donate.fbk.info/smm)",3917,2,1,politica_media
40627,2026-02-11T16:16:12+00:00,"**Комика Нурлана Сабурова просят проверить по статье о «наёмничестве» в Казахстане.**

Поводом стал пост чиновницы из Истринского района о передаче Сабуровым десяти мотоциклов бойцам «Легиона Вагнер Истра». 

По данным портала Finratings, активист Марат Турымбетов обратился в Генпрокуратуру Казахстана с просьбой проверить видеозапись этой передачи.

__🔗____ Обсудили ситуацию с политическим журналистом и правозащитником Лукпаном Ахмедьяровым в «Теме дня»: ____https://youtu.be/xDbkbeF_GVM__

__🦙____ __[Популярная политика](http://t.me/politica_media)__ __| [Поддержать](http://donate.fbk.info/smm)",3578,4,38,politica_media
40626,2026-02-11T15:40:49+00:00,"**❗️****  Вся Россия в шоке! Народ возмущён ценами за ЖКХ**

Смотреть: https://youtu.be/xz3x22JEO3Y

TikTok и Instagram заполонили видео людей, возмущённых резким ростом платежей за коммунальные услуги — в некоторых регионах суммы в квитанциях выросли в несколько раз. Причины — морозы, увеличение тарифов и повышающие коэффициенты, а средства на компенсации и инфраструктуру уходят на войну. 

Почему россияне вынуждены платить больше и как аномальный рост тарифов ЖКХ стал причиной для выражения протеста — в разборе Дмитрия Низовцева.
__
🚫 Не работает YouTube? Используйте __[__@rosvpnbot__](http://t.me/rosvpnbot?start=tg_pp)__**
**
____🦙____ __[Популярная политика](http://t.me/politica_media)__ __| [Поддержать](http://donate.fbk.info/smm)",3630,16,2,politica_media
40624,2026-02-11T14:55:08+00:00,"**Команда Навального направила письма крупнейшим IT-компаниям с призывом бороться** **с «цифровым ГУЛАГом» в России**

ФБК сообщил, что направил несколько официальных писем руководителям крупнейших мировых IT-компаний с просьбой содействовать в борьбе с интернет-цензурой в стране. 

Авторы писем называют происходящее формированием «цифрового ГУЛАГа» — системы, в которой государство получает все больший контроль над информацией и данными пользователей.

Команда призывает технологические компании не способствовать усилению цензуры и поддержать усилия по сохранению доступа россиян к свободному и открытому интернету.

➡️ Накануне Роскомнадзор [заблокировал](https://t.me/news_sirena/42128) сайт кампании «Я на связи», запущенной Юлией Навальной и ФБК против интернет-цензуры и уничтожения свободного интернета. В ФБК заявили, что продолжат работу и борьбу за свободный доступ к информации, несмотря на давление со стороны властей.

@news_sirena",3058,9,0,politica_media
40623,2026-02-11T14:53:10+00:00,"**В России продолжаются перебои в работе Telegram**.

Пользователи сообщают о зависаниях и проблемах с загрузкой файлов — больше всего жалоб поступает из Ненецкого автономного округа, Магаданской, Самарской и Сахалинской областей. 

На фоне ограничений РКН Павел Дуров заявил, что давление связано с попыткой продвинуть госмессенджер MAX.

__🦙____ __[Популярная политика](http://t.me/politica_media)__ __| [Поддержать](http://donate.fbk.info/smm)",2980,4,0,politica_media
40622,2026-02-11T14:41:58+00:00,"**❗️****  Военкоры в панике! Армия страдает от блокировки Telegram**

Смотреть: https://youtu.be/EvjXUekZTD8

После блокировок Telegram в России зетники устроили массовый «вой», возмущённые ограничением привычного канала связи на фронте и для координации операций. Причём гнев аудитории усугубился комментариями Дмитрия Пескова о невозможности обеспечивать фронтовую связь через мессенджеры, что вызвало бурное обсуждение и критику в соцсетях. 

Почему реакция зетников оказалась такой яркой и какие последствия может иметь вмешательство государства в работу Telegram — в разборе Дмитрия Низовцева.
__
🚫 Не работает YouTube? Используйте __[__@rosvpnbot__](http://t.me/rosvpnbot?start=tg_pp)__**
**
____🦙____ __[Популярная политика](http://t.me/politica_media)__ __| [Поддержать](http://donate.fbk.info/smm)",3081,8,0,politica_media
40620,2026-02-11T13:56:51+00:00,"**Как устроены тюрьмы в России: пытки, деньги и война
**
Смотреть: youtu.be/tLWohQ0xBl4

Наживаться на страданиях — в крови у самых безжалостных негодяев. Именно такие люди работают в Федеральной службе исполнения наказаний и возглавляют ее. Годами они зарабатывают огромные барыши на любой мелочи, которая есть в тюрьме: от незаконных сим-карт до досрочных освобождений. Однако не так давно для собственных целей зеков решил использовать Кремль, а конкурентом ФСИН на этом прибыльном рынке стала ещё и ФСБ. 

Как российская тюрьма живет в военное время, рассказывает Дмитрий Низовцев.

❗️ [Навальный LIVE](https://t.me/navalnylivechannel) | [Поддержать](http://donate.fbk.info/smm)",2806,6,0,politica_media
40619,2026-02-11T13:33:08+00:00,"**▪️****▫️****◾️****◽️****◼️****◻️****🔳****  В 17:00: Честное слово с Юлией Таратутой**

Включайте трансляцию в нашем Telegram-канале или на YouTube: https://youtube.com/live/12fYNntaaas

__🦙____ __[Популярная политика](http://t.me/politica_media)__ __| [Поддержать](http://donate.fbk.info/smm)",2967,4,3,politica_media
40618,2026-02-11T12:59:37+00:00,"**❗️****  Уголовное дело против Сабурова. Что известно
**
Смотреть: https://youtu.be/xDbkbeF_GVM

Нурлану Сабурову в Казахстане грозит уголовное дело по статье о наёмничестве за передачу техники российским военным. Поводом стал пост чиновницы из Истринского района, где говорится о 10 мотоциклах, отправленных бойцам «Легиона Вагнер Истра». Несмотря на удаление публикации и отказ комика комментировать ситуацию, дело может повлечь серьёзное наказание — от 7 лет колонии. 

Почему казахстанские власти подключились к преследованию Сабурова — в разговоре с политическим журналистом и правозащитником Лукпаном Ахмедьяровым.
__
🚫 Не работает YouTube? Используйте __[__@rosvpnbot__](http://t.me/rosvpnbot?start=tg_pp)__**
**
____🦙____ __[Популярная политика](http://t.me/politica_media)__ __| [Поддержать](http://donate.fbk.info/smm)",3144,8,2,politica_media
40617,2026-02-11T11:59:54+00:00,"**Ты не один. Аукцион в поддержку политзаключённых**

Фонд «Ты не один», созданный ФБК и нашими коллегами из «Медузы», «Медиазоны», «Дождя» и «Службы поддержки», проводит аукцион. Средства, полученные в ходе торгов, направятся на поддержку политзаключённых и их семей.

**▫️ Участвуйте: ****june12.auction**

В аукционе участвуют лоты от групп Порнофильмы и Каста, певицы Наоко, «Медузы», «Дождя», Екатерины Шульман, Антона Долина, Бориса Акунина, Андрея Макаревича, Артура Смольянинова, Виктора Шендеровича, Марии Машковой, Ивана Вырыпаева и Армена Захаряна.

💙 Кроме того, есть лот и от нашей команды — это **галстук Алексея Навального**: june12.auction/product/lot-308

**Поучаствуйте в аукционе и помогите политическим заключённым!**

❗️ [Команда Навального](https://t.me/+NT76PYctopw1NjI6)** **|** **[Поддержать](http://donate.fbk.info/smm)",2618,2,0,politica_media
40616,2026-02-11T11:16:15+00:00,"❗️❕‼️🟥**🟧****САБУРОВУ ГРОЗИТ УГОЛОВНОЕ ДЕЛО? | ГОРИТ НПЗ В ВОЛГОГРАДЕ | ЧУДОВИЩНОЕ НАПАДЕНИЕ НА ШКОЛУ **

Смотреть:__ __https://youtu.be/8anMKjXLCtY**__
__**
Рамзан Кадыров не выдержал слухов об аварии своего сына Адама и опубликовал видео, где они вместе отдыхают дома. Константин Богомолов решил уйти с должности исполняющего обязанности ректора Школы-студии МХАТ. А комика Нурлана Сабурова могут проверить по статье «наёмничество» в Казахстане.

__🚫 Не работает YouTube? Используйте __[__@rosvpnbot__](http://t.me/rosvpnbot?start=tg_pp)__
__
🦙 [Популярная политика](http://t.me/politica_media) | [Поддержать](http://donate.fbk.info/smm)",3175,3,0,politica_media
40615,2026-02-11T09:48:22+00:00,"**🫶🏻 Поддержите «Популярную политику»**

Каждый день мы работаем для того, чтобы рассказывать правду как можно большему числу людей в России и за её пределами. Поддержите то, что мы делаем!

🔴Становитесь спонсором канала:
youtube.com/channel/UC7Elc-kLydl-NAV4g204pDQ/join

🔴Поддержите любимую программу: friends.politica.media

🔴Отправьте донат с помощью карты или криптовалюты на сайте: [donate.fbk.info](http://donate.fbk.info/smm)

**Спасибо, что вы с нами!**

__🦙____ __[Популярная политика](http://t.me/politica_media)",3374,1,0,politica_media
40612,2026-02-11T07:33:26+00:00,"**▪️****▫️****◾️****◽️****◼️****◻️****🔳****  В 11:00: Честное слово с Михаилом Крутихиным**

Включайте трансляцию в нашем Telegram-канале или на YouTube: https://youtube.com/live/sqW5YbdCWOA

__🦙____ __[Популярная политика](http://t.me/politica_media)__ __| [Поддержать](http://donate.fbk.info/smm)",4057,6,1,politica_media
40611,2026-02-10T18:04:44+00:00,"**Роскомнадзор блокирует Telegram.**

Власти вновь заговорили о блокировке Telegram в России. Депутат Госдумы Андрей Свинцов обвинил мессенджер в нарушении требований Роскомнадзора, а в ряде регионов фиксируют ограничения в его работе.

__🔗__ __Поговорили об этом с директором Общества защиты интернета Михаилом Климарёвым в «Теме дня»: ____https://youtu.be/tpy_0cmE7d0__

__🦙____ __[Популярная политика](http://t.me/politica_media)__ __| [Поддержать](http://donate.fbk.info/smm)",4181,16,31,politica_media
40610,2026-02-10T16:59:49+00:00,"❗️❕‼️🟥🟧 **Адский рост тарифов ЖКХ | Крупный пожар в центре Москвы | РКН признал блокировку Telegram**

Итоги дня: https://youtu.be/2hAl_Y5Itec

В Роскомнадзоре признали блокировку Telegram — Мизулина разводит руками, Z-военкоры в ярости. Адский рост тарифов ЖКХ — суммы в квитанциях сопоставимы с ценами на аренду жилья. А маркетплейсы заставят рекомендовать людям отечественные товары в первую очередь.

__🚫 Не работает YouTube? Используйте __[__@rosvpnbot__](http://t.me/rosvpnbot?start=tg_pp)__
__
__🦙____ __[Популярная политика](http://t.me/politica_media)__ __| [Поддержать](http://donate.fbk.info/smm)",3908,7,1,politica_media
40609,2026-02-10T15:29:51+00:00,"**❗️****  Хуже Гондураса. Путин довёл страну до позора**

Смотреть: https://youtu.be/XH4rLEo9F2E

Россия — между Гондурасом и Зимбабве в новом Индексе коррупции Transparency International. Среди стран бывшего СССР РФ — третья с конца. 

О коррупции в России и мире — разговор с директором «Трансперенси Интернешнл — Россия» Алёной Вандышевой.
__
🚫 Не работает YouTube? Используйте __[__@rosvpnbot__](http://t.me/rosvpnbot?start=tg_pp)__**
**
____🦙____ __[Популярная политика](http://t.me/politica_media)__ __| [Поддержать](http://donate.fbk.info/smm)",4085,19,0,politica_media
40608,2026-02-10T15:29:07+00:00,"Рамзан Кадыров заявил, что информация о ДТП с участием его сына Адама — это «вброс», якобы созданный с помощью ИИ. Это первый комментарий властей Чечни по поводу аварии.

__🔗____ Обсудили это с правозащитником Мусой Ломаевым в «Теме дня»: ____https://youtu.be/ZFwnYuPzZ8w__

__🦙____ __[Популярная политика](http://t.me/politica_media)__ __| [Поддержать](http://donate.fbk.info/smm)",3451,6,0,politica_media
40606,2026-02-10T14:34:07+00:00,"Вечер памяти Навального в Париже и акции в других городах

https://t.me/teamnavalny/27568",3479,3,0,politica_media
40605,2026-02-10T14:30:20+00:00,"**❗️****  Россияне в шоке. Цены уже выше чем в Европе**

Смотреть: https://youtu.be/Qi_aKqCjB8E

Цены на продукты в России сравнялись с европейскими: в 10 из 27 стран ЕС еда стоит так же или дешевле, чем в российских магазинах. По данным исследования «Важных историй», в Европе дешевле молоко, сыр, фрукты, овощи и даже вино, при этом доходы там в разы выше. 

Почему россияне платят как в ЕС, но зарабатывают меньше — обсуждаем с исследовательницей Еленой Вавиной.
__
🚫 Не работает YouTube? Используйте __[__@rosvpnbot__](http://t.me/rosvpnbot?start=tg_pp)__**
**
____🦙____ __[Популярная политика](http://t.me/politica_media)__ __| [Поддержать](http://donate.fbk.info/smm)",3429,19,0,politica_media
40603,2026-02-10T13:37:07+00:00,"**▪️****▫️****◾️****◽️****◼️****◻️****🔳****  В 17:00: Честное слово с Вячеславом Ширяевым**

Включайте трансляцию в нашем Telegram-канале или на YouTube: https://youtube.com/live/TZO2lk_EGmc

__🦙____ __[Популярная политика](http://t.me/politica_media)__ __| [Поддержать](http://donate.fbk.info/smm)",3532,6,0,politica_media
40602,2026-02-10T13:26:50+00:00,"**❗️****  Блокировка Telegram. Эксперт объяснил, что делать против Роскомнадзора**

Смотреть: https://youtu.be/tpy_0cmE7d0

Власти вновь заявили о блокировке Telegram в России. Депутат Госдумы Андрей Свинцов обвинил мессенджер в нарушении требований РКН. 

Когда на самом деле начались блокировки и можно ли верить официальным заявлениям — обсуждаем с директором Общества защиты интернета Михаилом Климаревым.
__
🚫 Не работает YouTube? Используйте __[__@rosvpnbot__](http://t.me/rosvpnbot?start=tg_pp)__**
**
____🦙____ __[Популярная политика](http://t.me/politica_media)__ __| [Поддержать](http://donate.fbk.info/smm)",3161,20,0,politica_media
40601,2026-02-10T13:24:52+00:00,"**Приходите на вечер памяти Алексея Навального в Париже

**Если вы будете в Париже 16 февраля, приходите на встречу, посвящённую памяти Алексея Навального. Мы соберёмся в этот вечер, чтобы вместе с Юлией Навальной вспомнить Алексея, поддержать друг друга и собрать доску воспоминаний о нём. 

📍Вечер пройдёт в 20th arrondissement of Paris по адресу [6 Pl. Gambetta](https://maps.app.goo.gl/d5moNFHion5ZpJ9t7?g_st=ic).

**Регистрация: ****eventbrite.com/e/1981431007482**

🔴 Если вы живёте за границей, но не можете приехать на встречу в Париж, примите участие в акции памяти в своём городе: [список](https://docs.google.com/spreadsheets/d/e/2PACX-1vQZfBnQD_B0w2MLeNcgZwXDtw9s6ZRGL6n3R1V0K_6ayl0DeFg6Xn0Im_4OpP7OFE3VYc1mzmoQLBTv/pubhtml?gid=593690844&single=true)

**Вспомним Алексея Навального и проведём этот день вместе.**

❗️ [Команда Навального](https://t.me/+NT76PYctopw1NjI6)** **|** **[Поддержать](http://donate.fbk.info/smm)",2684,6,0,politica_media
40600,2026-02-10T12:25:58+00:00,"**❗️****  Кадыров врет. Глава Чечни попался на лжи о ДТП**

Смотреть: https://youtu.be/ZFwnYuPzZ8w

Рамзан Кадыров заявил, что информация об аварии с его сыном Адамом — фейк и «инсценировка ИИ». 

Что заставило чеченского диктатора высказаться о ДТП месячной давности — обсуждаем с правозащитником Мусой Ломаевым.
__
🚫 Не работает YouTube? Используйте __[__@rosvpnbot__](http://t.me/rosvpnbot?start=tg_pp)__**
**
____🦙____ __[Популярная политика](http://t.me/politica_media)__ __| [Поддержать](http://donate.fbk.info/smm)",3402,7,8,politica_media
40599,2026-02-10T12:24:48+00:00,"«Между россиянами и чебурнетом стоит неработающий мессенджер Max».

Сергей Бойко о том, как мессенджер Max ускоряет цензуру. 

__🔗____ Смотрите эфир «Бойко о главном» в записи, если пропустили: ____https://youtube.com/live/VR2wyF_Poys__

__🦙____ __[Популярная политика](http://t.me/politica_media)__ __| [Поддержать](http://donate.fbk.info/smm)",3503,13,0,politica_media
40598,2026-02-10T11:23:53+00:00,"❗️❕‼️🟥**🟧****РКН ПОЛНОСТЬЮ БЛОКИРУЕТ ТЕЛЕГРАМ | КАДЫРОВ ВЫСКАЗАЛСЯ ОБ АВАРИИ СЫНА | ВСПЫХНУЛА ТЭЦ ВЛАДИВОСТОКА**

Смотреть:__ __https://youtu.be/-h4Vl8b2p48**__
__**
Роскомнадзор начинает принимать меры по дальнейшему ограничению работы Telegram. Во Владивостоке загорелась котельная «Вторая речка», которая входит в ТЭЦ «Северная». А в Италии очевидцы стали свидетелями ограбления в стиле классических триллеров.

__🚫 Не работает YouTube? Используйте __[__@rosvpnbot__](http://t.me/rosvpnbot?start=tg_pp)__
__
🦙 [Популярная политика](http://t.me/politica_media) | [Поддержать](http://donate.fbk.info/smm)",3685,5,1,politica_media
40597,2026-02-10T11:11:27+00:00,"**Роскомнадзор усилил блокировки Телеграм. **

Сейчас очень важно поставить VPN себе и своим близким. 

🔴 Рекомендуем доступный и проверенный VPN:__ __[@rosvpnbot](http://t.me/rosvpnbot?start=tg_pp)

__🦙____ __[Популярная политика](http://t.me/politica_media)__ __| [Поддержать](http://donate.fbk.info/smm)",30287,115,0,politica_media
40594,2026-02-10T07:34:22+00:00,"**▪️****▫️****◾️****◽️****◼️****◻️****🔳****  В 11:00: Честное слово со Станиславом Белковским **

Включайте трансляцию в нашем Telegram-канале или на YouTube: https://youtube.com/live/DdcBlbeZPUw

__🦙____ __[Популярная политика](http://t.me/politica_media)__ __| [Поддержать](http://donate.fbk.info/smm)",4426,6,3,politica_media
40593,2026-02-09T18:06:12+00:00,"**Новые подробности в деле Нурлана Сабурова.**

На фоне запрета комику на въезд в Россию в социальных сетях и медиа распространилось видео, на котором Сабуров передаёт десять питбайков бойцам «Легиона Вагнер Истра» — формирования, созданного на базе «ЧВК Вагнер».

__🔗____ Поговорили об этом с журналистом Ренатом Давлетгильдеевым в «Теме дня»: ____https://youtu.be/AxUqNDfEC2E__

__🦙____ __[Популярная политика](http://t.me/politica_media)__ __| [Поддержать](http://donate.fbk.info/smm)",4309,1,1,politica_media
40591,2026-02-09T17:00:39+00:00,"❗️❕‼️🟥🟧 **Адский рост цен на продукты | Массовые чистки в судах | Сабуров поддержал войну **

Итоги дня: https://youtu.be/icBRSdWlcG4

Добыча нефти падает второй месяц подряд, а убытки компаний превысили триллион рублей. Дети чиновников и депутатов заработали состояние на банковских вкладах. А цены на продукты в российских магазинах догнали европейские — а в некоторых случаях и перегнали.

__🚫 Не работает YouTube? Используйте __[__@rosvpnbot__](http://t.me/rosvpnbot?start=tg_pp)__
__
__🦙____ __[Популярная политика](http://t.me/politica_media)__ __| [Поддержать](http://donate.fbk.info/smm)",4087,5,1,politica_media
40590,2026-02-09T16:34:51+00:00,"**ФБК запускает **[кампанию](http://iamonline.io/)** за свободный интернет и против интернет-цензуры.**

__🔗____ Подробности и планы кампании обсудили с директором ФБК Владиславом Романцовым в «Теме дня»: ____https://youtu.be/XKpA6qixO28__

__🦙____ __[Популярная политика](http://t.me/politica_media)__ __| [Поддержать](http://donate.fbk.info/smm)",18126,67,13,politica_media
40588,2026-02-09T15:02:33+00:00,"**❗️****  Мессенджер Max выкинут из айфонов и Google Play. Новая кампания ФБК**

Смотреть: https://youtu.be/XKpA6qixO28

ФБК запускает кампанию за свободный интернет и против цензуры в сети. Путин и «Единая Россия» шаг за шагом уничтожают российский интернет, вводя блокировки и изоляцию от внешнего мира. 

Обсуждаем планы кампании и борьбу с интернет-цензурой вместе с директором ФБК Владиславом Романцовым.
__
🚫 Не работает YouTube? Используйте __[__@rosvpnbot__](http://t.me/rosvpnbot?start=tg_pp)__**
**
____🦙____ __[Популярная политика](http://t.me/politica_media)__ __| [Поддержать](http://donate.fbk.info/smm)",3929,17,3,politica_media
40587,2026-02-09T15:00:21+00:00,"**🔴****🟠****🟡****  Кампания против Max | Агенты Эпштейна в Новосибирске | Эвакуации Белгорода нет
**
Включайте эфир в 18:30: https://youtube.com/live/VR2wyF_Poys**
**
ФБК хочет удалить мессенджер Max из магазинов приложений Apple и Google. Как 24-летняя модель отправляла девушек из Новосибирска к Эпштейну — изучаем схему и её участников. А власти Белгорода сообщили о возможном начале частичной эвакуации жителей — из-за аварий в городе будут сливать отопление в сотнях домов.

Эти и другие новости обсудим в новом выпуске «Бойко о главном».

__🦙____ __[Популярная политика](http://t.me/politica_media)__ __| [Поддержать](http://donate.fbk.info/smm)",3651,6,0,politica_media
40584,2026-02-09T13:59:38+00:00,"**❗️****  Что было дальше закроют? Как шоу будет жить без Нурлана Сабурова
**
Смотреть: https://youtu.be/hKHnHzBrOZI

Из-за запрета Нурлану Сабурову на въезд в Россию под угрозой оказалось будущее шоу «Что было дальше». 

Может ли закрыться один из самых успешных юмористических проектов в истории и что это значит для всей индустрии — обсуждаем с журналистом Ренатом Давлетгильдеевым.
__
🚫 Не работает YouTube? Используйте __[__@rosvpnbot__](http://t.me/rosvpnbot?start=tg_pp)__**
**
____🦙____ __[Популярная политика](http://t.me/politica_media)__ __| [Поддержать](http://donate.fbk.info/smm)",3868,8,0,politica_media
40583,2026-02-09T13:34:14+00:00,"**▪️****▫️****◾️****◽️****◼️****◻️****🔳****  В 17:00: Честное слово с Рустамом Солнцевым 
**
Включайте трансляцию в нашем Telegram-канале или на YouTube: https://youtube.com/live/nlJI2UImnJU

__🦙____ __[Популярная политика](http://t.me/politica_media)__ __| [Поддержать](http://donate.fbk.info/smm)",3287,6,0,politica_media
40582,2026-02-09T12:54:45+00:00,"**❗️****  Молча помогал армии. Новые подробности жизни Нурлана Сабурова**

Смотреть: https://youtu.be/AxUqNDfEC2E

История с высылкой Нурлана Сабурова обрастает новыми деталями: всплыла его поддержка российской военной агрессии против Украины и прошлогодний «подарок» вагнеровцам — десять питбайков бойцам «Легиона Вагнер Истра». 

Как артист демонстрировал лояльность Кремлю и почему это не сработало — обсуждаем с журналистом Ренатом Давлетгильдеевым.
__
🚫 Не работает YouTube? Используйте __[__@rosvpnbot__](http://t.me/rosvpnbot?start=tg_pp)__**
**
____🦙____ __[Популярная политика](http://t.me/politica_media)__ __| [Поддержать](http://donate.fbk.info/smm)",3463,10,0,politica_media
40581,2026-02-09T11:48:38+00:00,"❗️❕‼️🟥**🟧****НАПАДЕНИЕ НА ОБЩЕЖИТИЕ УНИВЕРСИТЕТА | КИЛЛЕР ГЕНЕРАЛА ПОЙМАН? | КРИЗИС В БЕЛГОРОДЕ — ТЭЦ ПОВРЕЖДЕНЫ**

Смотреть:__ __https://youtu.be/DsRlTMsefOc**__
__**
ФСБ отчиталась о задержании киллеров, которые напали на генерала Владимира Алексеева в прошлую пятницу. В изоляторе временного содержания скончалась супруга российского миллиардера Александра Галицкого. А в Белгороде нет тепла и постоянные перебои с электричеством из-за ударов по электростанциям.

__🚫 Не работает YouTube? Используйте __[__@rosvpnbot__](http://t.me/rosvpnbot?start=tg_pp)__
__
🦙 [Популярная политика](http://t.me/politica_media) | [Поддержать](http://donate.fbk.info/smm)",3620,2,1,politica_media
40580,2026-02-09T09:24:14+00:00,"**Кто блокирует интернет и что делать? Навальная против Путина и Роскомнадзора**

Интернет в России перестал быть свободным — это результат многолетней политики Владимира Путина и его «Единой России». В стране массово отключают интернет, блокируют сервисы и загоняют людей в подконтрольные государству платформы. 

Юлия Навальная запускает кампанию против ограничения интернета в России и рассказывает, какие меры будут предприняты нашей командой, чтобы противостоять ограничениям и интернет-цензуре.

💚 Видео Юлии Навальной: [youtu.be/5fysFR6uoQw](https://youtu.be/5fysFR6uoQw)

💚 Присоединяйтесь к кампании: iamonline.io

❗️ [Команда Навального](https://t.me/+NT76PYctopw1NjI6)** **|** **[Поддержать](http://donate.fbk.info/smm)",3355,10,0,politica_media
40577,2026-02-09T07:34:57+00:00,"**▪️****▫️****◾️****◽️****◼️****◻️****🔳****  В 11:00: Честное слово с Ильёй Новиковым**

Включайте трансляцию в нашем Telegram-канале или на YouTube: https://youtube.com/live/usuBGWPXQWE

__🦙____ __[Популярная политика](http://t.me/politica_media)__ __| [Поддержать](http://donate.fbk.info/smm)",4272,6,0,politica_media
40576,2026-02-08T16:04:22+00:00,"**Православный блогер получил 15 лет колонии за растление ребёнка. **

Красногвардейский райсуд Петербурга приговорил к 15 годам колонии строгого режима Клауда Роммеля — православного блогера и участника войны в Украине. Суд признал его виновным в изнасиловании и растлении одиннадцатилетней дочери своей сожительницы на протяжении трёх лет. 

Роммель занимался с девочкой как репетитор. После разрыва отношений с её матерью пара продолжила жить вместе, а обвиняемый переселил ребёнка к себе в комнату.

После начала проверки Роммель уехал на фронт, но продолжал вести блог. Комментируя своё дело, он назвал произошедшее «православным испытанием».

__🔗____ Эта и другие истории __— __в новом выпуске «Криминальной России»: ____https://youtu.be/0ufrxv3tLc8__

__🦙____ __[Популярная политика](http://t.me/politica_media)__ __| [Поддержать](http://donate.fbk.info/smm)",4590,11,6,politica_media
40570,2026-02-07T14:28:00+00:00,"**Покушение на генерала, срок за шутки, выдворение Нурлана Сабурова, серия нападений в школах и печальная статистика.**

__🔗____ Об ужасающих преступлениях и событиях недели — в карточках и новом выпуске «Криминальной России»: ____https://youtu.be/0ufrxv3tLc8__ 

__🦙____ __[Популярная политика](http://t.me/politica_media)__ __| [Поддержать](http://donate.fbk.info/smm)",4608,8,0,politica_media
40569,2026-02-07T08:57:38+00:00,"❗️**СВЯЗИ НЕТ, НАСТУПЛЕНИЕ ОСТАНОВИЛОСЬ? | УДАР ПО «ОРЕШНИКУ» | ПЕРЕСТРЕЛКА ВАГНЕРОВЦЕВ НА РУБЛЁВКЕ
**
Военное положение: https://youtu.be/uIq5KxNo5NA

В Москве неизвестный расстрелял генерала ГРУ — прямо на выходе из квартиры. Российские военные лишились «Старлинка» — теперь работают только зарегистрированные терминалы ВСУ. Военкоры в панике — армия осталась без связи. А энергетическое перемирие закончилось массированными российскими ударами по энергетике Украины — в ответ ВСУ дважды оставили Белгород без света.

__Поддержите выход новых выпусков «Военного положения» на ____friends.politica.media__
__
🚫 Не работает YouTube? Используйте __[__@rosvpnbot__](http://t.me/rosvpnbot?start=tg_pp)__**
**
____🦙____ __[Популярная политика](http://t.me/politica_media)",4828,7,0,politica_media
40568,2026-02-06T17:29:57+00:00,"❗️❕‼️🟥🟧 **Покушение на генерала ГРУ | Сабурова выдворили на 50 лет | Регионы без денег **

Итоги дня: https://youtu.be/Uk5kYgkOOYs

Покушение на первого замглавы ГРУ Владимира Алексеева, новые подробности депортации комика Нурлана Сабурова и роль ФСБ, рекордный дефицит региональных бюджетов, кризис промышленности, репрессии против ученых, усталость россиян от войны и скандальные решения власти — главные события дня в итоговом выпуске новостей.

__🚫 Не работает YouTube? Используйте __[__@rosvpnbot__](http://t.me/rosvpnbot?start=tg_pp)__
__
__🦙____ __[Популярная политика](http://t.me/politica_media)__ __| [Поддержать](http://donate.fbk.info/smm)",4440,5,1,politica_media
40567,2026-02-06T15:29:31+00:00,"🔴** Расстрел генерала ГРУ. «Вагнеровцы» против полиции. Вспышка насилия в школах 

**Криминальная Россия: https://youtu.be/0ufrxv3tLc8

Хроника резонансных преступлений в России: перестрелка с бывшими бойцами ЧВК «Вагнера» в Москве, покушение на замглавы ГРУ Владимира Алексеева, жестокие убийства, нападения в школах и детсадах, приговоры военным и комикам, а также тревожная статистика преступлений.

__🦙____ __[Популярная политика](http://t.me/politica_media)__ __| [Поддержать](http://donate.fbk.info/smm)",6197,8,1,politica_media
40564,2026-02-06T13:31:14+00:00,"**▪️****▫️****◾️****◽️****◼️****◻️****🔳** **В 17:00: Честное слово с Ильёй Шепелиным**

Включайте трансляцию в нашем Telegram-канале или на YouTube: https://youtube.com/live/YW7vL6XCYY8?feature=share

__🦙____ __[Популярная политика](http://t.me/politica_media)__ __| [Поддержать](http://donate.fbk.info/smm)",4244,6,0,politica_media
40563,2026-02-06T13:04:39+00:00,"**❗️****  Покушение на генерала ГРУ. Кто за этим стоит?**

Смотреть: https://youtu.be/j_3nAfH4-HA

В Москве совершено покушение на первого замглавы ГРУ генерал-лейтенанта Владимира Алексеева: киллер открыл огонь утром в жилом доме, офицер в тяжёлом состоянии в реанимации. 

Обсуждаем возможные причины нападения и волну покушений на высокопоставленных военных с начала войны — комментарий военного аналитика Яна Матвеева.
__
🚫 Не работает YouTube? Используйте __[__@rosvpnbot__](http://t.me/rosvpnbot?start=tg_pp)__**
**
____🦙____ __[Популярная политика](http://t.me/politica_media)__ __| [Поддержать](http://donate.fbk.info/smm)",3721,5,0,politica_media
40562,2026-02-06T13:02:44+00:00,"В Москве совершено покушение на генерал-лейтенанта Минобороны Владимира Алексеева. 

__🦙____ __[Популярная политика](http://t.me/politica_media)__ __| [Поддержать](http://donate.fbk.info/smm)",3423,5,0,politica_media
40560,2026-02-06T12:26:55+00:00,"Кто решил выгнать Сабурова из России? Озвучиваю две (на самом деле – три) версии тут:

https://www.youtube.com/watch?v=6ftGDVkk33U",3351,5,0,politica_media
40559,2026-02-06T12:02:53+00:00,"**❗️****  Нурлана Сабурова депортируют. За что его выгоняют из России**

Смотреть: https://youtu.be/6ftGDVkk33U

Нурлану Сабурову запретили въезд в Россию на 50 лет — власти ссылаются на «традиционные ценности» и нацинтересы. Кремлёвские СМИ связывают запрет с критикой войны в Украине и возможными претензиями по миграционному и налоговому законодательству. 

Обсуждаем ситуацию с Александром Макашенцем.
__
🚫 Не работает YouTube? Используйте __[__@rosvpnbot__](http://t.me/rosvpnbot?start=tg_pp)__**
**
____🦙____ __[Популярная политика](http://t.me/politica_media)__ __| [Поддержать](http://donate.fbk.info/smm)",3500,10,0,politica_media
40558,2026-02-06T10:53:47+00:00,"❗️❕‼️🟥**🟧****НУРЛАНА САБУРОВА ВЫГНАЛИ ИЗ РОССИИ | ПЕВИЦУ ПОСАДИЛИ ЗА ЗАПРЕТНОЕ ФОТО | УДАР ПО «ОРЕШНИКУ» **

Смотреть:__ __https://youtu.be/v5QJlkL0dTg**__
__**
В Москве совершено покушение на генерала ГРУ Владимира Алексеева — киллер стрелял у его дома, состояние военного тяжелое. Комику Нурлану Сабурову запретили въезд в Россию на 50 лет из-за «угроз нацбезопасности». Также в выпуске — удары по энергетической инфраструктуре, продвижение российских войск, атаки ВСУ и новые санкционные угрозы США в адрес Путина.

__🚫 Не работает YouTube? Используйте __[__@rosvpnbot__](http://t.me/rosvpnbot?start=tg_pp)__
__
🦙 [Популярная политика](http://t.me/politica_media) | [Поддержать](http://donate.fbk.info/smm)",3668,4,4,politica_media
40557,2026-02-06T09:16:44+00:00,"О примирении Кадырова с Керимовым, ДТП с участием Адама Кадырова и даже о титулах Хамзата Чимаева поговорили с Александром Макашенцем на канале «Популярная Политика».



https://www.youtube.com/live/UOew4S9U2-w?si=NahFY_fb8Pw66UgD",3753,1,1,politica_media
40554,2026-02-06T07:35:48+00:00,"**▪️****▫️****◾️****◽️****◼️****◻️****🔳****  В 11:00: Честное слово с Тумсо Абдурахмановым**

Включайте трансляцию в нашем Telegram-канале или на YouTube: https://youtube.com/live/UOew4S9U2-w

__🦙____ __[Популярная политика](http://t.me/politica_media)__ __| [Поддержать](http://donate.fbk.info/smm)",4451,0,0,politica_media
40553,2026-02-05T17:49:30+00:00,"**Россияне всё меньше верят в «стабильность» и не хотят платить за войну.**

По данным [нового опроса ФБК](http://fbk.info/ru/news/polls-dec-2025), лишь 7% россиян готовы направлять дополнительные доходы бюджета на армию. Одновременно растёт ощущение нестабильности: сейчас его испытывают уже 63% опрошенных.

__🔗____ Обсудили результаты с главой социологической службы ФБК Анной Бирюковой в «Теме дня»: ____https://youtu.be/O1Z0SOCbKa4____
__
__🦙____ __[Популярная политика](http://t.me/politica_media)__ __| [Поддержать](http://donate.fbk.info/smm)",12382,23,6,politica_media
40551,2026-02-05T16:46:37+00:00,"❗️❕‼️🟥🟧 **Деньги на войну закончились | Поборы с врачей и зэков | Конец ядерного договора **

Итоги дня: https://youtu.be/eU82HrEBJLQ

ФНБ почти исчерпан из-за войны, власти сворачивают гражданские проекты и вводят поборы с врачей и заключённых. На фоне бюджетного кризиса — коммунальный коллапс в Бодайбо, обмен пленными, удары по Капустину Яру и конец договора СНВ между Россией и США.

__🚫 Не работает YouTube? Используйте __[__@rosvpnbot__](http://t.me/rosvpnbot?start=tg_pp)__
__
__🦙____ __[Популярная политика](http://t.me/politica_media)__ __| [Поддержать](http://donate.fbk.info/smm)",4161,4,0,politica_media
40549,2026-02-05T15:19:53+00:00,"**Рамзан Кадыров встретился с Сулейманом Керимовым и назвал его «братом».** 

В 2024 году Кадыров объявлял Керимову кровную месть из-за конфликта вокруг Wildberries.

__🔗____ Поговорили об этом с правозащитником Мусой Ломаевым в «Теме дня»: ____https://youtu.be/gS37FkMi9Ak__

🦙 [Популярная политика](http://t.me/politica_media) | [Поддержать](http://donate.fbk.info/smm)",3787,6,1,politica_media
40548,2026-02-05T15:02:42+00:00,"**❗️****  Результат всех удивил. Что россияне думают о войне? Опрос ФБК**

Смотреть: https://youtu.be/O1Z0SOCbKa4

Поддержка войны в России — на минимуме: лишь 7% готовы тратить дополнительные доходы бюджета на армию. Новый опрос ФБК также фиксирует рост тревожности и падение веры в «стабильность». 

Обсуждаем результаты с главой социологической службы ФБК Анной Бирюковой.
__
🚫 Не работает YouTube? Используйте __[__@rosvpnbot__](http://t.me/rosvpnbot?start=tg_pp)__**
**
____🦙____ __[Популярная политика](http://t.me/politica_media)__ __| [Поддержать](http://donate.fbk.info/smm)",3400,8,0,politica_media
40547,2026-02-05T15:00:30+00:00,"**🔴****🟠****🟡****  Фронт остался без Старлинка | Тысячи коммунальных аварий | Школьники бьются с учителями**

Включайте эфир в 18:30: https://youtube.com/live/gFce0DK2NQg**
**
Тысячи россиян по всей стране остались без отопления и электричества из-за коммунальных аварий. Скоростные ограничения на перемещение Starlink, введённые для противодействия российским «Шахедам» с такими терминалами, могут помешать и работе ВСУ. В Красноярском крае школьница напала на учителя и ранила одноклассницу.

Эти и другие новости обсудим в новом выпуске «Бойко о главном».

__Поддержите выход новых выпусков «Бойко о главном» на ____friends.politica.media__

__🦙____ __[Популярная политика](http://t.me/politica_media)",3431,4,0,politica_media
40544,2026-02-05T13:58:45+00:00,"**❗️****  Катастрофа в армии России. Что случилось?**

Смотреть: https://youtu.be/hkbDEqARNiQ

Российские военные лишились доступа к Starlink, который использовали для дальнобойных ударов дронами по Украине. 

Почему «старлинки» отключились по всему фронту, как на это реагируют Z-блогеры и насколько серьёзным будет удар по армии РФ — разбираем с военным аналитиком Яном Матвеевым.
__
🚫 Не работает YouTube? Используйте __[__@rosvpnbot__](http://t.me/rosvpnbot?start=tg_pp)__**
**
____🦙____ __[Популярная политика](http://t.me/politica_media)__ __| [Поддержать](http://donate.fbk.info/smm)",3728,9,0,politica_media
40543,2026-02-05T13:35:35+00:00,"**▪️****▫️****◾️****◽️****◼️****◻️****🔳****  В 17:00: Честное слово с Аббасом Галлямовым**

Включайте трансляцию в нашем Telegram-канале или на YouTube: https://youtube.com/live/ybZnhLEl_IQ

__🦙____ __[Популярная политика](http://t.me/politica_media)__ __| [Поддержать](http://donate.fbk.info/smm)",3337,8,0,politica_media
40542,2026-02-05T11:04:15+00:00,"❗️❕‼️🟥**🟧****БАНКРОТСТВО КРУПНЕЙШЕГО ЗАСТРОЙЩИКА? | ВЗРЫВ НА АВТОЗАПРАВКЕ | ОБРУШИЛАСЬ КРЫША ШКОЛЫ **

Смотреть:__ __https://youtu.be/rmp0Di87ZIs**__
__**
В ХМАО произошёл взрыв — загорелся бензовоз, есть пострадавшие; на фронте сообщают о массовом отключении Starlink у российских военных, что грозит проблемами с управлением войсками; также в выпуске — просьба застройщика «Самолет» о господдержке на фоне долгов, атаки дронов, ЧП в регионах и новости о переговорах в Абу-Даби.

__🚫 Не работает YouTube? Используйте __[__@rosvpnbot__](http://t.me/rosvpnbot?start=tg_pp)__
__
🦙 [Популярная политика](http://t.me/politica_media) | [Поддержать](http://donate.fbk.info/smm)",3718,4,2,politica_media
40539,2026-02-05T07:33:26+00:00,"**▪️****▫️****◾️****◽️****◼️****◻️****🔳****  В 11:00: Честное слово с Игорем Липсицем**

Включайте трансляцию в нашем Telegram-канале или на YouTube: https://youtube.com/live/qE5YAUr2oIk

__🦙____ __[Популярная политика](http://t.me/politica_media)__ __| [Поддержать](http://donate.fbk.info/smm)",3934,7,0,politica_media
40538,2026-02-05T07:01:58+00:00,"**Zвезды по блату: как путинская элита захватила шоу-бизнес
**
Смотреть: youtu.be/jdd0JbEQbRw

Жены, любовницы и дети российских чиновников делают карьеру в медиа, кино и шоу-бизнесе — разумеется, благодаря связям. Наиля Аскер-Заде, Наталья Попова, Леонела Мантурова, Анна Каас, сын Шойгу певец Шеба, Мария Китаева и, конечно, Алина Кабаева. 

Александр Макашенец рассказывает о кумовстве, преданности и о том, как в России делается шоу-бизнес при власти.

❗️ [Навальный LIVE](https://t.me/navalnylivechannel) | [Поддержать](http://donate.fbk.info/smm)",3812,8,0,politica_media
40537,2026-02-04T18:23:56+00:00,"Стендап-комика Артемия Останина приговорили к 5 годам и 9 месяцам колонии по делу о возбуждении ненависти и оскорблении чувств верующих.

🦙 [Популярная политика](http://t.me/politica_media) | [Поддержать](http://donate.fbk.info/smm)",4239,3,5,politica_media
40536,2026-02-04T16:51:31+00:00,"❗️❕‼️🟥🟧 **Перестрелка на Рублёвском шоссе | Катастрофа в Белгороде | Громкая отставка в Кремле **

Итоги дня: https://youtu.be/T-DuIMl3rFA

Подробности нападения на школу в Красноярске: трое подростков остаются в тяжёлом состоянии. Участники СВО устроили перестрелку с полицией на Рублёвском шоссе — их разыскивали за убийство. А часть Белгорода остаётся без тепла и света после недавней атаки.

__🚫 Не работает YouTube? Используйте __[__@rosvpnbot__](http://t.me/rosvpnbot?start=tg_pp)__
__
__🦙____ __[Популярная политика](http://t.me/politica_media)__ __| [Поддержать](http://donate.fbk.info/smm)",4101,5,14,politica_media
40535,2026-02-04T15:11:00+00:00,"**❗️****  Рекордно низкие нефтяные доходы. Как власти пытаются заткнуть дыру в бюджете**

Смотреть: https://youtu.be/7JU50JdyCdQ

Доходы России от добычи нефти и газа в январе 2026 года оказались вдвое ниже уровня прошлого года и на треть ниже плана. На фоне затяжной войны и экономического спада власти планируют повышать налоги на импортные товары и обсуждают легализацию онлайн-казино. 

О текущем состоянии российской экономики и перспективах бюджета — в разговоре с экономическим обозревателем Максимом Блантом.
__
🚫 Не работает YouTube? Используйте __[__@rosvpnbot__](http://t.me/rosvpnbot?start=tg_pp)__**
**
____🦙____ __[Популярная политика](http://t.me/politica_media)__ __| [Поддержать](http://donate.fbk.info/smm)",3755,6,0,politica_media
40533,2026-02-04T14:07:12+00:00,"**❗️****  Поджоги, стрельба и поножовщина. С чем связан всплеск насилия в школах**

Смотреть: https://youtu.be/YnTOtxgoZVs

В российских школах участились случаи насилия среди подростков: от стрельбы с пневматическим оружием в Уфе до поджога класса в Красноярске. Такие инциденты происходят уже как минимум в четвёртый раз с начала года, а недавняя история со школьником, убившим чиновника Роскомнадзора, вызвала огромный резонанс и обсуждение в обществе. 

О том, как война и пропаганда взращивают ненависть в подростках, и к чему это может привести, поговорили с педагогом Димой Зицером.
__
🚫 Не работает YouTube? Используйте __[__@rosvpnbot__](http://t.me/rosvpnbot?start=tg_pp)__**
**
____🦙____ __[Популярная политика](http://t.me/politica_media)__ __| [Поддержать](http://donate.fbk.info/smm)",4127,10,0,politica_media
40531,2026-02-04T13:30:01+00:00,"**▪️****▫️****◾️****◽️****◼️****◻️****🔳****  В 17:00: Честное слово с Иваном Филипповым**

Включайте трансляцию в нашем Telegram-канале или на YouTube: https://youtube.com/live/EcETMIiK-vM

__🦙____ __[Популярная политика](http://t.me/politica_media)__ __| [Поддержать](http://donate.fbk.info/smm)",3686,6,0,politica_media
40530,2026-02-04T13:04:02+00:00,"**❗️****  Дезертиров выдают в Россию. Что происходит с теми, кто отказался воевать**

Смотреть: https://youtu.be/57SKXmVq8Xs

В Казахстане российские дезертиры сталкиваются с нарастающим давлением и риском выдачи обратно в Россию. Несмотря на запросы убежища и участие в правозащитной деятельности, даже формальный статус не гарантирует безопасность. Показательный пример — дело Евгения Коробова, судьбу которого сейчас решает казахстанский суд. Ситуацию усугубляет недавняя передача другого дезертира российской военной полиции, несмотря на поданное ходатайство о защите. 

О том, что происходит с российскими дезертирами в Казахстане и какие риски преследуют их после бегства от войны, — в разговоре с аналитиком проекта «Прощай, оружие» Алексеем Альшанским.
__
🚫 Не работает YouTube? Используйте __[__@rosvpnbot__](http://t.me/rosvpnbot?start=tg_pp)__**
**
____🦙____ __[Популярная политика](http://t.me/politica_media)__ __| [Поддержать](http://donate.fbk.info/smm)",3564,10,9,politica_media
40529,2026-02-04T10:56:06+00:00,"❗️❕‼️🟥**🟧****УЧЕНИЦА ПОДОЖГЛА ШКОЛУ | ОСТАНОВЛЕН ЗАХВАТ КОЛОНИИ | ЗАРПЛАТА ДВОЮРОДНОГО БРАТА ПУТИНА**

Смотреть: https://youtu.be/vCERlQFfvsI**__
__**
Белгород и несколько районов области пережили масштабное отключение электроэнергии, в домах начались перебои с подачей тепла. Как минимум трое детей пострадали во время нападения на школу в Красноярске. А 72-летнего двоюродного брата Путина устроили на работу к племяннику Чемезова на зарплату в полмиллиона рублей.

__🚫 Не работает YouTube? Используйте __[__@rosvpnbot__](http://t.me/rosvpnbot?start=tg_pp)__
__
🦙 [Популярная политика](http://t.me/politica_media) | [Поддержать](http://donate.fbk.info/smm)",3704,4,2,politica_media
40526,2026-02-04T07:32:57+00:00,"**▪️****▫️****◾️****◽️****◼️****◻️****🔳****  В 11:00: Честное слово с Владиславом Жуковским**

Включайте трансляцию в нашем Telegram-канале или на YouTube: https://youtube.com/live/Wk8_gvxAUwI

__🦙____ __[Популярная политика](http://t.me/politica_media)__ __| [Поддержать](http://donate.fbk.info/smm)",4233,5,0,politica_media
40525,2026-02-03T18:28:05+00:00,"**В январе число коммунальных аварий в России выросло вдвое.**

По данным «Новой газеты Европа», за месяц произошло как минимум 1280 аварий — в два раза больше, чем за январь 2025 года.

Наибольшее число инцидентов пришлось на Краснодарский край, Белгородскую и Мурманскую области. Чаще всего проблемы затрагивали электричество — 53% сообщений, отопление — 45% и водоснабжение — 40%.

__🔗____ Поговорили об этом с исследовательницей Еленой Вавиной в «Теме дня»: ____https://youtu.be/W-LU6GrSJZk__

__🦙____ __[Популярная политика](http://t.me/politica_media)__ __| [Поддержать](http://donate.fbk.info/smm)",4159,15,10,politica_media
40524,2026-02-03T16:42:43+00:00,"❗️❕‼️🟥🟧 **Нападение на школу в Красноярском крае | Тёмные секреты олигарха | Громкое убийство в Петербурге
**
Итоги дня: https://youtu.be/ARfmu_jKDt4

Сразу несколько происшествий в школах: в Красноярском крае — нападение с ножом, в Уфе — стрельба в гимназии. СМИ пишут о массовых сокращениях в Домодедово — недавно аэропорт за бесценок купил друг Путина. А под Петербургом нашли тело девятилетнего мальчика — он пропал несколько дней назад.

__🚫 Не работает YouTube? Используйте __[__@rosvpnbot__](http://t.me/rosvpnbot?start=tg_pp)__
__
__🦙____ __[Популярная политика](http://t.me/politica_media)__ __| [Поддержать](http://donate.fbk.info/smm)",4130,3,1,politica_media
40522,2026-02-03T14:10:59+00:00,"**❗️****  Названы регионы, где будут самые высокие платежи ЖКХ
**
Смотреть: https://youtu.be/W-LU6GrSJZk

В январе число коммунальных аварий в России выросло вдвое — за месяц зафиксировано более тысячи инцидентов. Массовые отключения электричества, отопления и воды затронули Краснодарский край, Белгородскую и Мурманскую области. 

Что происходит с системой ЖКХ и почему аварий становится всё больше — обсуждаем с исследовательницей Еленой Вавиной.
__
🚫 Не работает YouTube? Используйте __[__@rosvpnbot__](http://t.me/rosvpnbot?start=tg_pp)__**
**
____🦙____ __[Популярная политика](http://t.me/politica_media)__ __| [Поддержать](http://donate.fbk.info/smm)",4237,8,3,politica_media
40520,2026-02-03T13:33:17+00:00,"**▪️****▫️****◾️****◽️****◼️****◻️****🔳****  В 17:00: Честное слово с Анной Монгайт**

Включайте трансляцию в нашем Telegram-канале или на YouTube: https://youtube.com/live/XsfIrkrfF6M

__🦙____ __[Популярная политика](http://t.me/politica_media)__ __| [Поддержать](http://donate.fbk.info/smm)",4025,6,0,politica_media
40519,2026-02-03T12:36:42+00:00,"**❗️****  Унижение Кадырова. Сулейман Керимов раздавил главу Чечни**

Смотреть: https://youtu.be/gS37FkMi9Ak

Кадыров внезапно помирился с Керимовым, которому ещё недавно объявлял «кровную месть». Совместное фото, вероятно сделанное в Кремле, ставит вопрос: кто и зачем свёл их за одним столом? 

Разбор — с правозащитником Мусой Ломаевым.
__
🚫 Не работает YouTube? Используйте __[__@rosvpnbot__](http://t.me/rosvpnbot?start=tg_pp)__**
**
____🦙____ __[Популярная политика](http://t.me/politica_media)__ __| [Поддержать](http://donate.fbk.info/smm)",4056,6,5,politica_media
40518,2026-02-03T10:34:18+00:00,"❗️❕‼️🟥**🟧****Стрельба в уфимской школе | Задержан убийца ребёнка | Афганские мигранты приедут в Россию**

Смотреть:__ __https://youtu.be/jGJvFFytjZ0**__
__**
Ксения Шойгу стала руководителем фонда по работе с редкоземельными металлами в Сибири. В Уфе девятиклассник открыл стрельбу в школе. А у пассажиров московского метро теперь будут досматривать мобильные телефоны.

__Поддержите выход новых выпусков новостей на ____friends.politica.media____ 

🚫 Не работает YouTube? Используйте __[__@rosvpnbot__](http://t.me/rosvpnbot?start=tg_pp)__
__
__🦙____ __[Популярная политика](http://t.me/politica_media)",4246,7,4,politica_media
40515,2026-02-03T07:32:05+00:00,"**▪️****▫️****◾️****◽️****◼️****◻️****🔳****  В 11:00: Честное слово с Владимиром Миловым**

Включайте трансляцию в нашем Telegram-канале или на YouTube: https://youtube.com/live/bm-_VFiT-1Q

__🦙____ __[Популярная политика](http://t.me/politica_media)__ __| [Поддержать](http://donate.fbk.info/smm)",4292,7,2,politica_media
40514,2026-02-02T17:59:59+00:00,"**Евгений Ступин о системности коммунальных катастроф и о том, как на них реагируют власти.**

__🔗__ __Полный разговор смотрите в «Честном слове»: ____https://youtube.com/live/fXsoAzmIrEs__ 

__🦙____ __[Популярная политика](http://t.me/politica_media)__ __| [Поддержать](http://donate.fbk.info/smm)",4349,6,2,politica_media
40513,2026-02-02T17:14:12+00:00,"❗️❕‼️🟥**🟧****Провальное интервью Медведева | Жуткое ДТП в Красноярском крае | Новая трагедия в Кузбассе**

Итоги дня:__ __https://youtu.be/d-2Op8ACjHc**__
__**
Жуткое ДТП в Красноярском крае — автобус столкнулся с грузовиком, погибли дети. Новые подробности из архивов Эпштейна: Россия там упоминается почти 6 тысяч раз. А Медведев выдал откровение: он рассказал, чем занимался до того, как стал сказочно богат.__

🚫 Не работает YouTube? Используйте __[__@rosvpnbot__](http://t.me/rosvpnbot?start=tg_pp)__
__
🦙 [Популярная политика](http://t.me/politica_media) | [Поддержать](http://donate.fbk.info/smm)",4318,3,0,politica_media
40512,2026-02-02T16:12:03+00:00,"**❗️****  Путин и его друзья в файлах Эпштейна. Главный скандал**

Смотреть: https://youtu.be/b6RWXjQFBLo

В США вышли новые файлы по делу Джеффри Эпштейна — и в них обнаружен «русский след». Упоминания Путина, Марии Дроковой, Билла Гейтса и... Жириновского! 

Что скрывают документы ФБР и при чём здесь Кремль — разбираем в видео.
__
🚫 Не работает YouTube? Используйте __[__@rosvpnbot__](http://t.me/rosvpnbot?start=tg_pp)__**
**
____🦙____ __[Популярная политика](http://t.me/politica_media)__ __| [Поддержать](http://donate.fbk.info/smm)",4033,25,2,politica_media
40511,2026-02-02T16:11:03+00:00,"Мурманск и Североморск на несколько часов остались без электричества из‑за повреждения ЛЭП. К середине дня субботы подача была частично возобновлена.

Тем временем в Иркутской области город Бодайбо несколько дней остаётся без отопления и воды при сильных морозах.

__🦙____ __[Популярная политика](http://t.me/politica_media)__ __| [Поддержать](http://donate.fbk.info/smm)",3704,0,0,politica_media
40509,2026-02-02T14:21:59+00:00,"**Расправа из-за приданого.**

В селе Джалган Дербенского района были найдены обгоревшие останки 36-летней местной жительницы Мальвины Магомедовой. Женщина пропала без вести 23 января. 

Убийцей оказался 28-летний Ражидин Яралиев, с которым Магомедова незадолго до исчезновения заключила никях — мусульманский обряд бракосочетания. По данным близкого к силовикам телеграм-канала Mash, причиной убийства стал конфликт из-за приданого — автомобиля, который Яралиев продал без согласия жены. Незадолго до убийства Магомедова написала заявление в полицию об угоне машины.

__🔗____ Эта и другие истории — в новом выпуске «Криминальной России»: ____https://youtu.be/cmcAdCeE41sс__

__🦙____ __[Популярная политика](http://t.me/politica_media)__ __| [Поддержать](http://donate.fbk.info/smm)",3992,1,0,politica_media
40507,2026-02-02T13:33:22+00:00,"**▪️****▫️****◾️****◽️****◼️****◻️****🔳****  В 17:00: Честное слово с Евгением Ступиным**

Включайте трансляцию в нашем Telegram-канале или на YouTube: https://youtube.com/live/fXsoAzmIrEs

__🦙____ __[Популярная политика](http://t.me/politica_media)__ __| [Поддержать](http://donate.fbk.info/smm)",4266,2,1,politica_media
40506,2026-02-02T12:26:52+00:00,"**❗️****  Кадыров в панике. Его главный охранник в тяжелом состоянии**

Смотреть: https://youtu.be/-MrMH-0g-aw

Близкий друг и охранник сына главы Чечни Бислан Каимов получил тяжёлые травмы мозга и находится в критическом состоянии. Тем временем власти Грозного по-прежнему молчат об аварии с участием Адама Кадырова. 

Обсуждаем новые детали и версии вместе с правозащитником и журналистом Магомедом Ториевым.
__
🚫 Не работает YouTube? Используйте __[__@rosvpnbot__](http://t.me/rosvpnbot?start=tg_pp)__**
**
____🦙____ __[Популярная политика](http://t.me/politica_media)__ __| [Поддержать](http://donate.fbk.info/smm)",4205,4,2,politica_media
40505,2026-02-02T10:26:11+00:00,"❗️❕‼️🟥**🟧****АРЕСТОВАН МИНИСТР СЕЛЬСКОГО ХОЗЯЙСТВА | ПЯТЬ ПОДРОСТКОВ ПОГИБЛИ НА ПРАЗДНИКЕ | МУРМАНСК ЗАМЕРЗАЕТ
**
Смотреть:__ __https://youtu.be/8ot6XxGPw54**__
__**
В субботу без света вновь остались Мурманск и Североморск. Кадыров сообщил о встрече с сенатором Сулейманом Керимовым и назвал его «братом», несмотря на то что ранее обвинял его в попытке заказного убийства. А в опубликованных в США документах по делу Джеффри Эпштейна всплыла переписка с людьми из России.

__🚫 Не работает YouTube? Используйте __[__@rosvpnbot__](http://t.me/rosvpnbot?start=tg_pp)__
__
🦙 [Популярная политика](http://t.me/politica_media) | [Поддержать](http://donate.fbk.info/smm)",4211,1,0,politica_media
40504,2026-02-02T10:00:55+00:00,"**Самый страшный месяц в истории России
**
Смотреть: youtu.be/b5ieKhCNNHc

За последние годы в новейшей российской истории произошло много трагических событий. Но если посмотреть внимательнее, один месяц на фоне других выделяется особенно четко — это февраль. Именно в это время в России чаще всего случались знаковые потрясения, и именно поэтому февраль часто называют «черным». 

Руслан Шаведдинов рассказывает о трагедиях, которые произошли в «черном феврале» — и о том, как они повлияли на россиян. 

❗️ [Навальный LIVE](https://t.me/navalnylivechannel) | [Поддержать](http://donate.fbk.info/smm)",3961,7,61,politica_media
40501,2026-02-02T07:32:04+00:00,"**▪️****▫️****◾️****◽️****◼️****◻️****🔳****  В 11:00: Честное слово с Марком Фейгиным**

Включайте трансляцию в нашем Telegram-канале или на YouTube: https://youtube.com/live/DCUKcLbXmgA

__🦙____ __[Популярная политика](http://t.me/politica_media)__ __| [Поддержать](http://donate.fbk.info/smm)",4964,8,5,politica_media
40495,2026-01-31T15:15:32+00:00,"**Убийство чиновника, дело сестёр Хачатурян, трагедия в ПНИ и жестокие преступления.**

__🔗____ Об ужасающих событиях недели — в карточках и новом выпуске «Криминальной России»: __[__https://youtu.be/cmcAdCeE41sс__](https://youtu.be/TSjOUCnOjv8)

__🦙____ __[Популярная политика](http://t.me/politica_media)__ __| [Поддержать](http://donate.fbk.info/smm)",5017,5,1,politica_media
40494,2026-01-31T09:34:49+00:00,"А вот и свежее Военное положение, скорее включайте: https://youtu.be/z1R0Ok9MY0U",4862,1,2,politica_media
40493,2026-01-31T08:38:15+00:00,"❗️**КАК ЛОЖЬ ГЕНЕРАЛОВ УБИЛА СОЛДАТ | СУДЫ СКРЫВАЮТ ТЫСЯЧИ ПОТЕРЬ | РОБОТ ВЗЯЛ В ПЛЕН ПЕХОТУ **

Военное положение: https://youtu.be/z1R0Ok9MY0U

Бои под Купянском, удары авиации и дронов, энергетическое перемирие, реальные потери сторон и общая ситуация на фронте — в еженедельном выпуске «Военного положения» с Яном Матвеевым.
__
🚫 Не работает YouTube? Используйте __[__@rosvpnbot__](http://t.me/rosvpnbot?start=tg_pp)__**
**
____🦙____ __[Популярная политика](http://t.me/politica_media)__ __| [Поддержать](http://donate.fbk.info/smm)",4606,8,0,politica_media
40492,2026-01-31T07:01:05+00:00,"**❗️****  Отомстил за блокировки. Школьник убил сотрудника Роскомнадзора**

Смотреть: https://youtu.be/fnb1JNhKskE

В Москве убит высокопоставленный сотрудник Роскомнадзора Алексей Беляев, отвечавший за интернет-блокировки. Власти и госСМИ скрывают детали, а обвиняемым стал 16-летний школьник. 

Почему это убийство вызвало резонанс и чего боится Кремль — разбираем в видео.
__
🚫 Не работает YouTube? Используйте __[__@rosvpnbot__](http://t.me/rosvpnbot?start=tg_pp)__**
**
____🦙____ __[Популярная политика](http://t.me/politica_media)__ __| [Поддержать](http://donate.fbk.info/smm)",4518,37,3,politica_media
40491,2026-01-30T16:51:43+00:00,"❗️❕‼️🟥🟧 **Убийство в Роскомнадзоре | Кладбища переполнены | Бюджетники без зарплат **

Итоги дня: https://youtu.be/fpb70Cl3hhM

Убийство высокопоставленного сотрудника Роскомнадзора и засекреченное дело, задержки зарплат бюджетникам в Сибири, коммунальные аварии по всей стране, коррупция в ЖКХ, жесткие приговоры за антивоенные репосты и новые формы давления на граждан — главные события дня в России.

__🚫 Не работает YouTube? Используйте __[__@rosvpnbot__](http://t.me/rosvpnbot?start=tg_pp)__
__
__🦙____ __[Популярная политика](http://t.me/politica_media)__ __| [Поддержать](http://donate.fbk.info/smm)",4514,14,7,politica_media
40490,2026-01-30T15:18:38+00:00,"🔴** Школьник убил чиновника. В Дагестане сожгли женщину. Дело об убийстве скинхеда 

**Криминальная Россия: https://youtu.be/cmcAdCeE41sс

Участник войны против Украины убил заложницу в кризисном центре, а силовики и СМИ скрыли его участие в СВО. В выпуске «Криминальной России» — фемицид и домашнее насилие, дело сестер Хачатурян, трагедии в интернатах и цензура вокруг убийства чиновника Роскомнадзора. Реальные преступления и факты, о которых предпочитают молчать.

__🦙____ __[Популярная политика](http://t.me/politica_media)__ __| [Поддержать](http://donate.fbk.info/smm)",4407,5,7,politica_media
40488,2026-01-30T14:22:26+00:00,"**❗️****  Цены рухнули! Российский бюджет теряет из-за цен на нефть миллиарды**

Смотреть: https://youtu.be/sCoFIcNhYAw

Цена российской нефти для Индии обвалилась до $25 за баррель — поставки сократились до 1,2 млн баррелей в сутки, а дисконт превысил $24. Аналитики связывают падение с новыми санкциями США, введёнными Дональдом Трампом. 

Что это значит для экономики России и нефтяных доходов — разбираем с экономическим обозревателем Максимом Блантом.
__
🚫 Не работает YouTube? Используйте __[__@rosvpnbot__](http://t.me/rosvpnbot?start=tg_pp)__**
**
____🦙____ __[Популярная политика](http://t.me/politica_media)__ __| [Поддержать](http://donate.fbk.info/smm)",4581,14,1,politica_media
40486,2026-01-30T13:32:29+00:00,"**▪️****▫️****◾️****◽️****◼️****◻️****🔳****  В 17:00: Честное слово с Ильёй Шепелиным**

Включайте трансляцию в нашем Telegram-канале или на YouTube: https://youtube.com/live/0GMcssAO4gA

__🦙____ __[Популярная политика](http://t.me/politica_media)__ __| [Поддержать](http://donate.fbk.info/smm)",4065,3,2,politica_media
40485,2026-01-30T12:21:48+00:00,"❗️❕‼️🟥**🟧****Путин согласился на перемирие | Студентов заставят установить MAX | Трамп ввёл ЧС**

Смотреть:__ __https://youtu.be/CC63wwZbWGk**__
__**
Убийство чиновника Роскомнадзора, энергетическое перемирие после звонка Трампа Путину и бои в Запорожской области — главные события к этому часу в новостях с Яном Матвеевым.

__🚫 Не работает YouTube? Используйте __[__@rosvpnbot__](http://t.me/rosvpnbot?start=tg_pp)__
__
🦙 [Популярная политика](http://t.me/politica_media) | [Поддержать](http://donate.fbk.info/smm)",3976,4,3,politica_media
40484,2026-01-30T10:46:32+00:00,"⁉️ Как министр строительства и ЖКХ Ирек Файзуллин довёл коммунальную систему до катастрофы, какие коррупционные схемы он использует и как его тайная семья стала владельцем элитной недвижимости? 

В эфире «Честного слова» поговорили с Марией Певчих о новом расследовании про министра-единоросса: https://youtu.be/gwoeKX2CKiM

🔗 __Посмотрите в записи, если пропустили: ____https://youtube.com/live/V5uVYTpw8Kw__ 

__🦙____ __[Популярная политика](http://t.me/politica_media)",4520,6,0,politica_media
40483,2026-01-30T07:32:43+00:00,"**▪️****▫️****◾️****◽️****◼️****◻️****🔳****  В 11:00: Честное слово с Юрием Фёдоровым**

Включайте: https://youtube.com/live/4ZtYMiNASro

__🦙____ __[Популярная политика](http://t.me/politica_media)__ __| [Поддержать](http://donate.fbk.info/smm)",4056,11,0,politica_media
40482,2026-01-29T18:13:32+00:00,"В Петропавловске-Камчатском жители вышли на стихийный митинг из-за неубранного снега. Первый замглавы города Андрей Воровский признал, что коммунальные службы не справляются с расчисткой.

__🦙____ __[Популярная политика](http://t.me/politica_media)__ __| [Поддержать](http://donate.fbk.info/smm)",4294,12,3,politica_media
40481,2026-01-29T17:25:44+00:00,"❗️❕‼️🟥🟧 **9 смертей в интернате Кузбасса | Патриарх за запрет абортов | Перемирие по энергетике **

Итоги дня: https://youtu.be/twtKSYmFipM

В Кемеровской области за месяц умерли девять человек в интернате — СК расследует вспышку инфекции и системные нарушения. Это уже вторая трагедия региона после гибели младенцев в роддоме. В выпуске также — инициатива РПЦ о запрете абортов, коррупция чиновников, кризис ЖКХ, война в Украине и сообщения о возможном энергетическом перемирии между Москвой и Киевом.

__🚫 Не работает YouTube? Используйте __[__@rosvpnbot__](http://t.me/rosvpnbot?start=tg_pp)__
__
__🦙____ __[Популярная политика](http://t.me/politica_media)__ __| [Поддержать](http://donate.fbk.info/smm)",4193,9,1,politica_media
40479,2026-01-29T15:43:18+00:00,"**❗️****  Запрет на удары по энергетике? Обзор заявлений**

Смотреть: https://youtu.be/Vr8tp0KQm4s

Российские Z-блогеры заявили о якобы заключённом энергетическом перемирии между Россией и Украиной и запрете ударов по инфраструктуре. Кремль уклоняется от прямого ответа: Дмитрий Песков говорит «пока не могу комментировать». 

Что стоит за этими сигналами, есть ли реальное перемирие и что происходит на фронте — обсуждаем с военным аналитиком Иваном Ступаком.
__
🚫 Не работает YouTube? Используйте __[__@rosvpnbot__](http://t.me/rosvpnbot?start=tg_pp)__**
**
____🦙____ __[Популярная политика](http://t.me/politica_media)__ __| [Поддержать](http://donate.fbk.info/smm)",4181,4,0,politica_media
40476,2026-01-29T15:02:41+00:00,"**🔴****🟠****🟡****  ФСБ дадут рубильник | Почему замерзают города | Российские ЛЭП под угрозой**

Включайте эфир в 18:30: https://youtube.com/live/MmWOuKiSmmo**
**
ФБК выпустил расследование о тайной недвижимости министра ЖКХ Ирека Файзуллина. Тем временем в пятницу на Кольском полуострове пропало электричество и отопление. А ФСБ теперь сможет блокировать домашний интернет без решения суда.

Эти и другие новости обсудим в новом выпуске «Бойко о главном».

__🦙____ __[Популярная политика](http://t.me/politica_media)__ __| [Поддержать](http://donate.fbk.info/smm)",4195,13,7,politica_media
40475,2026-01-29T14:27:30+00:00,"**❗️****  Муж Собчак устроил скандал. Разбор**

Смотреть: https://youtu.be/W0XtnJkMrE4

Константина Богомолова назначили и.о. ректора МХАТ, выпускники против, а театр и СМИ обсуждают скандал. 

Обсуждаем причины конфликта с Ренатом Давлетгильдеевым.
__
🚫 Не работает YouTube? Используйте __[__@rosvpnbot__](http://t.me/rosvpnbot?start=tg_pp)__**
**
____🦙____ __[Популярная политика](http://t.me/politica_media)__ __| [Поддержать](http://donate.fbk.info/smm)",3836,7,0,politica_media
40474,2026-01-29T13:59:35+00:00,"🔥 **Начинаем «Честное слово» с Марией Певчих**

Поговорим о новом расследовании про коррупцию министра строительства и ЖКХ Ирека Файзуллина: youtu.be/gwoeKX2CKiM

🔴 Чтобы узнать, кто виноват в развале жилищно-коммунального хозяйства, задать вопросы по расследованию (и понять, почему Макашенец выглядит как Дональд Трамп) — включайте «Честное слово»: youtube.com/live/V5uVYTpw8Kw

__🦙____ __[Популярная политика](http://t.me/politica_media)",14101,15,0,politica_media
40472,2026-01-29T13:23:18+00:00,"**❗️****  Министр ЖКХ украл миллиарды. Кто виноват в кризисе. Расследование ФБК**

Смотреть: https://youtu.be/piRJYxn-6do

Семьи в регионах с трудом могут заплатить за квартиру, тогда как министр ЖКХ Ирек Файзуллин живёт в роскоши и ворует миллионы. 

Обсуждаем двойную жизнь министра, незадекларированные активы и вторую семью вместе с расследователем ФБК Георгием Албуровым.
__
🚫 Не работает YouTube? Используйте __[__@rosvpnbot__](http://t.me/rosvpnbot?start=tg_pp)__**
**
____🦙____ __[Популярная политика](http://t.me/politica_media)__ __| [Поддержать](http://donate.fbk.info/smm)",3870,12,0,politica_media
40471,2026-01-29T11:37:29+00:00,"❗️❕‼️🟥**🟧****Вспышка гриппа убила 9 человек | Спортсменку выселили из жилья | Стивен Сигал продает дом в России **

Смотреть:__ __https://youtu.be/wDYiot_nAWM**__
__**
Расследование ФБК о коррупции министра Ирека Файзуллина и его тайной недвижимости, трагедия в интернате Прокопьевска с девятью погибшими, новые потери российской авиации и данные о военной помощи Китая России.

__🚫 Не работает YouTube? Используйте __[__@rosvpnbot__](http://t.me/rosvpnbot?start=tg_pp)__
__
🦙 [Популярная политика](http://t.me/politica_media) | [Поддержать](http://donate.fbk.info/smm)",3645,2,0,politica_media
40470,2026-01-29T10:59:18+00:00,"**🔥**** Сегодня в 17:00: Честное слово с Марией Певчих**

__Включайте трансляцию в нашем Telegram-канале или на YouTube: ____https://youtube.com/live/V5uVYTpw8Kw__

Поговорим про [новое расследование](https://youtu.be/gwoeKX2CKiM) о коррупции министра строительства и ЖКХ Ирека Файзуллина.

Обязательно посмотрите его и подключайтесь к эфиру. 

__🦙____ __[Популярная политика](http://t.me/politica_media)__ __| [Поддержать](http://donate.fbk.info/smm)",12074,10,0,politica_media
40468,2026-01-29T08:32:22+00:00,"**В России катастрофа ЖКХ. Тарифы растут. Кто виноват?**

Новое расследование: [youtu.be/gwoeKX2CKiM](https://youtu.be/gwoeKX2CKiM)

Путин и «Единая Россия» довели сферу ЖКХ до катастрофического состояния: люди по всей стране остаются без тепла, света и горячей воды, живут в аварийных домах и платят всё больше по коммунальным счетам. Вместо того, чтобы решать эти проблемы, министр строительства и ЖКХ Ирек Файзуллин занимается личным обогащением: он оформил на свою любовницу множество элитной недвижимости и несколько строительных бизнесов. 

В новом расследовании рассказываем о коррупции министра-единоросса Файзуллина и о том, как она напрямую влияет на ухудшение уровня жизни миллионов россиян.

**🔴**** Поддержите выход новых расследований: **[**donate.fbk.info**](http://donate.fbk.info/smm)

❗️ [Команда Навального](https://t.me/+NT76PYctopw1NjI6)** **|** **[Поддержать](http://donate.fbk.info/smm)",3389,10,0,politica_media
40467,2026-01-29T08:22:31+00:00,"В Тверской области 14-летнего подростка приговорили к семи годам колонии по делу о попытке поджога военкомата.

__🦙____ __[Популярная политика](http://t.me/politica_media)__ __| [Поддержать](http://donate.fbk.info/smm)",3504,8,2,politica_media
40465,2026-01-29T07:34:48+00:00,"**▪️****▫️****◾️****◽️****◼️****◻️****🔳****  В 11:00: Честное слово с Дмитрием Дёмушкиным**

Включайте трансляцию в нашем Telegram-канале или на YouTube: https://youtube.com/live/Tc-0rQS5Jjk

__🦙____ __[Популярная политика](http://t.me/politica_media)__ __| [Поддержать](http://donate.fbk.info/smm)",3724,1,0,politica_media
40464,2026-01-29T07:04:37+00:00,"**❗️****  Скандал вокруг Anacondaz. Они поддержали войну?**

Смотреть: [youtu.be/CxGmLewzvho](https://youtu.be/CxGmLewzvho)

Группа Anacondaz оказалась в центре громкого скандала из-за фотографии, вызвавшей резкую реакцию у слушателей и коллег-музыкантов. Причиной стали люди, оказавшиеся на снимке, — артисты, публично поддерживавшие войну или ранее выступавшие на оккупированных территориях. На фоне антивоенной репутации группы и отменённых концертов публикация вызвала конфликт внутри аудитории и музыкального сообщества. 

Кто и за что критикует Anacondaz, какие аргументы звучат с обеих сторон и почему этот скандал оказался таким острым — в разборе Александра Макашенца.
__
🚫 Не работает YouTube? Используйте __[__@rosvpnbot__](http://t.me/rosvpnbot?start=tg_pp)__**
**
____🦙____ __[Популярная политика](http://t.me/politica_media)__ __| [Поддержать](http://donate.fbk.info/smm)",4116,18,4,politica_media
40463,2026-01-28T17:41:47+00:00,"Власти заявляли, что повышение НДС в этом году пройдет «почти незаметно». Тем временем TikTok и Instagram заполонили видео с растущими ценами.

Федеральное ТВ скрывает реальный масштаб роста цен и советует «экономить», покупая товары на грани просрочки.

__🔗____ Подробнее об этом рассказывает Александр Макашенец в «Теме дня»: ____https://youtu.be/rMwcd_vY0es__

__🦙____ __[Популярная политика](http://t.me/politica_media)__ __| [Поддержать](http://donate.fbk.info/smm)",4080,15,0,politica_media
40462,2026-01-28T17:15:11+00:00,"❗️❕‼️🟥🟧 **Коммунальный коллапс в России | Крупный пожар в Перми | Власти резко сократили количество инвалидов**

Итоги дня: https://youtu.be/PeOlG7qdzTg

В Совфеде признали, что «Почта России» на грани кадровой катастрофы — сотрудники увольняются, отделения закрываются. За последний месяц каждый седьмой регион страны столкнулся с сёрьезными коммунальными авариями. А помощник Путина Ушаков заявил, что тот готов к прямым переговорам с Зеленским.

__🚫 Не работает YouTube? Используйте __[__@rosvpnbot__](http://t.me/rosvpnbot?start=tg_pp)__
__
__🦙____ __[Популярная политика](http://t.me/politica_media)__ __| [Поддержать](http://donate.fbk.info/smm)",4025,3,0,politica_media
40461,2026-01-28T15:23:02+00:00,"**В Иркутске участник войны взял в заложницы и убил подопечную шелтера для пострадавших от домашнего насилия.**

По словам главы благотворительного фонда «Оберег», мужчина несколько месяцев издевался над своей женой и семилетним сыном, которых ранее приютили в кризисном центре фонда.

Вечером 27 января он взял в заложницы другую подопечную «Оберега», вывез её в свою квартиру и убил. После переговоров мужчина сдался полиции.

__🦙____ __[Популярная политика](http://t.me/politica_media)__ __| [Поддержать](http://donate.fbk.info/smm)",4024,5,2,politica_media
40459,2026-01-28T14:14:07+00:00,"**❗️****  «Оно золотое всё??». Россияне в шоке от цен в магазинах**

Смотреть: https://youtu.be/rMwcd_vY0es

TikTok и Instagram в России захлестнул новый тренд — люди записывают видео с реакцией на взлетевшие цены. Дорожает буквально всё: продукты, лекарства, фастфуд, кофе, сладости и товары личной гигиены — и это происходит не только в Москве, но и в регионах. На фоне этих роликов особенно цинично звучат заявления властей о том, что рост налогов россияне «почти не почувствуют». А федеральное ТВ, скрывая реальный масштаб роста цен, предлагает советы — чтобы сэкономить деньги, нужно покупать без пяти минут просрочку. 

Подробности — в разборе Александра Макашенца.
__
🚫 Не работает YouTube? Используйте __[__@rosvpnbot__](http://t.me/rosvpnbot?start=tg_pp)__**
**
____🦙____ __[Популярная политика](http://t.me/politica_media)__ __| [Поддержать](http://donate.fbk.info/smm)",3841,9,1,politica_media
40457,2026-01-28T13:36:04+00:00,"**▪️****▫️****◾️****◽️****◼️****◻️****🔳****  В 17:00: Честное слово с Яном Матвеевым**

Включайте трансляцию в нашем Telegram-канале или на YouTube: https://youtube.com/live/LhHRxSK05tM

__🦙____ __[Популярная политика](http://t.me/politica_media)__ __| [Поддержать](http://donate.fbk.info/smm)",3798,2,0,politica_media
40456,2026-01-28T11:25:40+00:00,"❗️❕‼️🟥**🟧****Участник войны убил женщину в Иркутске | Горит автозавод | Взрыв на московской подстанции**

Смотреть:__ __https://youtu.be/vPy1S0DYo-0

Член Совета Федерации досрочно сложил с себя полномочия, чтобы отправиться на войну. Участник войны из Иркутска взял в заложницы постоялицу шелтера, где жили его жена с ребёнком, и убил её. А в Калуге загорелся бывший завод Volkswagen.

__Поддержите выход новых выпусков новостей на ____friends.politica.media____ 

🚫 Не работает YouTube? Используйте __[__@rosvpnbot__](http://t.me/rosvpnbot?start=tg_pp)__
__
__🦙____ __[Популярная политика](http://t.me/politica_media)",3798,4,0,politica_media
40454,2026-01-28T08:22:27+00:00,"**Братва Путина. Самый мощный клан России. Ковальчуки
**
Смотреть: youtu.be/x9JqnuCy3d0

Клан Ковальчуков обладает огромным влиянием в современной России — у них есть многомиллиардные активы в разных сферах, ставленники в руководстве страны и близость к Владимиру Путину. Наиболее известные Ковальчуки — братья Юрий и Михаил, знакомые с Путиным еще с 90-х. Однако ими этот клан не ограничивается. 

Дмитрий Низовцев рассказывает про одну из самых влиятельных семей в России и про то, какую роль она играет в российской политике и экономике.

❗️ [Навальный LIVE](https://t.me/navalnylivechannel) | [Поддержать](http://donate.fbk.info/smm)",3688,13,0,politica_media
40452,2026-01-28T07:31:52+00:00,"**▪️****▫️****◾️****◽️****◼️****◻️****🔳** **В 11:00: Честное слово с Владимиром Миловым**

Включайте трансляцию в нашем Telegram-канале или на YouTube: https://youtube.com/live/iIZLdy_M5Ic

__🦙____ __[Популярная политика](http://t.me/politica_media)__ __| [Поддержать](http://donate.fbk.info/smm)",4393,7,0,politica_media
40451,2026-01-27T17:33:53+00:00,"В Краснодарском крае задержали экс-вице-губернатора Анну Минькову по делу о коррупции в сфере здравоохранения.

__🦙____ __[Популярная политика](http://t.me/politica_media)__ __| [Поддержать](http://donate.fbk.info/smm)",4173,9,3,politica_media
40450,2026-01-27T16:46:17+00:00,"❗️❕‼️🟥🟧 **Массовые увольнения в МВД | Рекордный снегопад в Москве | Арестована вице-губернатор **

Итоги дня: https://youtu.be/Uf68pRo-aAE

Из МВД массово увольняются сотрудники — дефицит кадров в разных службах достигает 40%. Бывшая вице-губернатор Краснодарского края задержана по подозрению в коррупции. А в США минимум 30 человек погибли из-за сильнейшего снегопада.

__🚫 Не работает YouTube? Используйте __[__@rosvpnbot__](http://t.me/rosvpnbot?start=tg_pp)__
__
__🦙____ __[Популярная политика](http://t.me/politica_media)__ __| [Поддержать](http://donate.fbk.info/smm)",4178,9,2,politica_media
40448,2026-01-27T14:13:44+00:00,"**❗️****  Телеграм заблокируют перед выборами. Депутат проговорился**

Смотреть: https://youtu.be/oFOMQZx89hM

Telegram в России могут заблокировать уже к сентябрю 2026 года — такую возможность допустил депутат Госдумы Михаил Делягин. 

Разбираемся, грозит ли Telegram сценарий YouTube, что ждёт бизнес и пользователей, и насколько реальна блокировка — в разговоре с программистом Арманом Туганбаевым.
__
🚫 Не работает YouTube? Используйте __[__@rosvpnbot__](http://t.me/rosvpnbot?start=tg_pp)__**
**
____🦙____ __[Популярная политика](http://t.me/politica_media)__ __| [Поддержать](http://donate.fbk.info/smm)",4202,15,0,politica_media
40446,2026-01-27T13:57:55+00:00,"**За годы войны Россия распродала около 71% золота из Фонда национального благосостояния.**

__🔗____ Смотрите эфир «Бойко о главном» в записи, если пропустили: __[__https://youtube.com/live/mou7BtoUqU8__](https://youtube.com/live/mou7BtoUqU8)__ __

__🦙____ __[Популярная политика](http://t.me/politica_media)__ __| [Поддержать](http://donate.fbk.info/smm)",3861,16,5,politica_media
40445,2026-01-27T13:36:03+00:00,"**▪️****▫️****◾️****◽️****◼️****◻️****🔳****  В 17:00: Честное слово с Андреем Захаровым**

Включайте трансляцию в нашем Telegram-канале или на YouTube: https://youtube.com/live/i6xv5kEDuiM

__🦙____ __[Популярная политика](http://t.me/politica_media)__ __| [Поддержать](http://donate.fbk.info/smm)",3738,9,0,politica_media
40444,2026-01-27T13:03:41+00:00,"**❗️****  Герасимов «взял» Купянск-Узловой. Реакция Z-военкоров**

Смотреть: https://youtu.be/S8VajlznmaE

Глава Генштаба ВС РФ Валерий Герасимов отчитался о «захвате» Купянск-Узлового, однако в реальности российской армии там даже близко нет. Несостыковки в докладе заметили даже Z-военкоры, которые в своих постах не стеснялись в выражениях. 

Обсуждаем параллельную реальность в российском генштабе и ситуацию под Купянском с военным аналитиком Яном Матвеевым.
__
🚫 Не работает YouTube? Используйте __[__@rosvpnbot__](http://t.me/rosvpnbot?start=tg_pp)__**
**
____🦙____ __[Популярная политика](http://t.me/politica_media)__ __| [Поддержать](http://donate.fbk.info/smm)",3754,5,2,politica_media
40443,2026-01-27T11:35:29+00:00,"❗️❕‼️🟥**🟧****ЛЕГАЛИЗАЦИЯ ОНЛАЙН-КАЗИНО | ФСБ БУДЕТ ОТКЛЮЧАТЬ ИНТЕРНЕТ | НОВАЯ ЛОЖЬ ГЕРАСИМОВА**

Смотреть:__ __https://youtu.be/MryHNsxRg3Q**__
__**
Депутат Госдумы предположил, что Telegram будет заблокирован к выборам в сентябре 2026 года. ФСБ сможет отключать обычный проводной интернет и телефонные сети россиянам. А министр финансов Антон Силуанов направил Путину предложение легализовать онлайн-казино в России.

__🚫 Не работает YouTube? Используйте __[__@rosvpnbot__](http://t.me/rosvpnbot?start=tg_pp)__
__
🦙 [Популярная политика](http://t.me/politica_media) | [Поддержать](http://donate.fbk.info/smm)",3985,6,0,politica_media
40440,2026-01-27T07:35:57+00:00,"**▪️****▫️****◾️****◽️****◼️****◻️****🔳** **В 11:00: Честное слово с Сергеем Жирновым**

Включайте трансляцию в нашем Telegram-канале или на YouTube: https://youtube.com/live/HAV_YGs8CzA

__🦙____ __[Популярная политика](http://t.me/politica_media)__ __| [Поддержать](http://donate.fbk.info/smm)",4298,2,6,politica_media
40438,2026-01-26T16:32:49+00:00,"❗️❕‼️🟥🟧 **Данные 48 млн человек утекли в сеть | Обнаружен новый опасный вирус | Дело против судьи-миллиардера
**
Итоги дня: https://youtu.be/9HFeKnETinc

Путин в Петербурге: город перекрыли, интернет отключили, а сам он прогулялся по пустому Эрмитажу. Песков призвал не рассчитывать не результативность первых трёхсторонних переговоров. А после масштабной утечки в открытом доступе оказались данные миллионов аккаунтов Gmail.

__🚫 Не работает YouTube? Используйте __[__@rosvpnbot__](http://t.me/rosvpnbot?start=tg_pp)__
__
__🦙____ __[Популярная политика](http://t.me/politica_media)__ __| [Поддержать](http://donate.fbk.info/smm)",4600,7,2,politica_media
40436,2026-01-26T15:02:44+00:00,"**🔴****🟠****🟡****  Тьма над Мурманском | Усилили борьбу с VPNами | Как наказали иноагента**

Включайте эфир в 18:30: https://youtube.com/live/mou7BtoUqU8**
**
В Мурманской области ввели режим ЧС из-за затянувшейся аварии на электросетях. Роскомнадзор начал отключать «белые» IP-адреса, которыми пользовались VPN для обхода блокировок. А в Новосибирске заочно вынесли приговор экс-депутату Сергею Бойко.

Эти и другие новости обсудим в новом выпуске «Бойко о главном».

__🦙____ __[Популярная политика](http://t.me/politica_media)__ __| [Поддержать](http://donate.fbk.info/smm)",4373,9,1,politica_media
40434,2026-01-26T14:32:34+00:00,"**❗️****  Месть Фургалу. Силовики атакуют команду народного губернатора
**
Смотреть: https://youtu.be/oDQuim9ICTk

В Грузии арестован помощник Сергея Фургала Михаил Тимофеев. Его задержали по запросу России через Интерпол, несмотря на просьбу о политическом убежище. Суд дал Москве три месяца на запрос об экстрадиции — разбираемся, чем может закончиться эта история.
__
🚫 Не работает YouTube? Используйте __[__@rosvpnbot__](http://t.me/rosvpnbot?start=tg_pp)__**
**
____🦙____ __[Популярная политика](http://t.me/politica_media)__ __| [Поддержать](http://donate.fbk.info/smm)",4111,4,0,politica_media
40432,2026-01-26T13:35:55+00:00,"**▪️****▫️****◾️****◽️****◼️****◻️****🔳****  В 17:00: Честное слово с Вячеславом Ширяевым**

Включайте трансляцию в нашем Telegram-канале или на YouTube: https://youtube.com/live/ZcEMqWxFuVU

__🦙____ __[Популярная политика](http://t.me/politica_media)__ __| [Поддержать](http://donate.fbk.info/smm)",4032,3,0,politica_media
40431,2026-01-26T13:08:13+00:00,"**❗️****  Катастрофа в ЖКХ! Люди неделями живут без света и тепла в морозы**

Смотреть: https://youtu.be/7Q9cYA8NgFI

Резкий рост аварий в ЖКХ, замерзающие города и изношенные сети: почему Россия снова без света и отопления? Мурманск, Карабаш, Энгельс — на фоне рекордного роста тарифов жители неделями живут в холоде. 

Куда уходят деньги за ЖКХ — обсуждаем с политиком Евгением Ступиным.
__
🚫 Не работает YouTube? Используйте __[__@rosvpnbot__](http://t.me/rosvpnbot?start=tg_pp)__**
**
____🦙____ __[Популярная политика](http://t.me/politica_media)__ __| [Поддержать](http://donate.fbk.info/smm)",3971,9,4,politica_media
40430,2026-01-26T11:24:08+00:00,"❗️❕‼️🟥**🟧****ОТКЛЮЧЕНИЕ ИНТЕРНЕТА В САНКТ-ПЕТЕРБУРГЕ | РАЗГРОМ БРОНЕТАНКОВОЙ КОЛОННЫ | ЗАБЛОКИРУЮТ САЙТЫ С ГДЗ
**
Смотреть:__ __https://youtu.be/kEkntNmOq5c**__
__**
В Мурманской области тысячи домов остались без тепла и света. Член Совета Федерации предложил создать в России аналог «Диснейленда». А на Филиппинах погибли 15 человек при крушении пассажирского парома.

__🚫 Не работает YouTube? Используйте __[__@rosvpnbot__](http://t.me/rosvpnbot?start=tg_pp)__
__
🦙 [Популярная политика](http://t.me/politica_media) | [Поддержать](http://donate.fbk.info/smm)",4423,6,1,politica_media
40427,2026-01-26T07:34:47+00:00,"**▪️****▫️****◾️****◽️****◼️****◻️****🔳****  В 11:00: Честное слово с Михаилом Крутихиным**

Включайте трансляцию в нашем Telegram-канале или на YouTube: https://youtube.com/live/eYuyCAfYZmE

__🦙____ __[Популярная политика](http://t.me/politica_media)__ __| [Поддержать](http://donate.fbk.info/smm)",4771,6,0,politica_media
40426,2026-01-25T16:15:01+00:00,"**Гибель при задержании ФСБ. **

На этой неделе ФСБ сообщила об убийстве человека при задержании в Уфе. По версии спецслужбы, он и его предполагаемый сообщник готовили теракт в отделе полиции и были членами запрещённой международной террористической организации. Какой именно — не уточняется.

В ведомстве также заявили об «обнаружении символики террористической структуры» по месту их проживания.

Это уже 77-й случай гибели человека при задержании ФСБ с начала войны.

__🔗____ Об этом и других ужасающих событиях недели__ __— в новом выпуске «Криминальной России»: ____https://youtu.be/TSjOUCnOjv8__

__🦙____ __[Популярная политика](http://t.me/politica_media)__ __| [Поддержать](http://donate.fbk.info/smm)",5467,7,7,politica_media
40420,2026-01-24T13:11:56+00:00,"**Убийства, гибель при задержании ФСБ, сбыт наркотиков и полицейское насилие.**

__🔗____ Рассказываем об ужасающих событиях недели в карточках и новом выпуске «Криминальной России»: ____https://youtu.be/TSjOUCnOjv8__

__🦙____ __[Популярная политика](http://t.me/politica_media)__ __| [Поддержать](http://donate.fbk.info/smm)",5404,9,2,politica_media
40419,2026-01-24T09:24:40+00:00,"❗️**РОТУ СРОЧНИКОВ ХОТЯТ ОТПРАВИТЬ НА ВОЙНУ | НА БЕЛГОРОД УПАЛА БОМБА | ЛОЖНЫЕ ДОКЛАДЫ ПУГАЮТ ВОЕНКОРОВ**

Военное положение: https://youtu.be/Kf9D1GhE6tg

Срочников массово вынуждают подписывать контракты, а набор на войну сокращается — берут всех подряд, даже мужчин за 60. Российская зенитная ракета упала во дворе дома в пригороде Краснодара — есть погибшие и раненые. Ещё два танкера теневого флота России захвачены в море, причём один из них впервые — европейскими силами.
__
🚫 Не работает YouTube? Используйте __[__@rosvpnbot__](http://t.me/rosvpnbot?start=tg_pp)__**
**
____🦙____ __[Популярная политика](http://t.me/politica_media)__ __| [Поддержать](http://donate.fbk.info/smm)",5655,12,0,politica_media
40418,2026-01-24T07:14:24+00:00,"**❗️****  Кадыров умирает. Что будет с Чечней без него?**

Смотреть: https://youtu.be/iVz1ViEulxQ

В Кремле обсуждают возможную смену власти в Чечне и ищут замену Рамзану Кадырову. Кто может стать преемником — Адам Кадыров, Делимханов или Даудов, зачем нужен «престолоблюститель» и как разворачивается дворцовая борьба — обсуждаем расследование «Важных историй» с журналисткой Ольгой Чураковой.
__
🚫 Не работает YouTube? Используйте __[__@rosvpnbot__](http://t.me/rosvpnbot?start=tg_pp)__**
**
____🦙____ __[Популярная политика](http://t.me/politica_media)__ __| [Поддержать](http://donate.fbk.info/smm)",5224,15,2,politica_media
40417,2026-01-23T16:56:36+00:00,"❗️❕‼️🟥🟧** Как прошли мирные переговоры | Мужу Собчак отдали школу МХАТ | Криптовалюта Жириновского
**
Итоги дня: https://youtu.be/uoIHKxuqBjU

Власти России сокращают уроки иностранных языков в школах, одновременно усиливая военную пропаганду и вербовку студентов в армию. На фоне этого — громкие скандалы с чиновниками, оправдание войны в культуре, убийство в магазине «Перекрёсток», похищение подростка в Красноярске и первые новости о переговорах России, Украины и США в Абу-Даби.

__🚫 Не работает YouTube? Используйте __[__@rosvpnbot__](http://t.me/rosvpnbot?start=tg_pp)__
__
__🦙____ __[Популярная политика](http://t.me/politica_media)__ __| [Поддержать](http://donate.fbk.info/smm)",4885,4,0,politica_media
40416,2026-01-23T15:45:03+00:00,"🔴** Кадыров «научился умирать». Маньяк погиб на войне. Силовики пытают и убивают 

**Криминальная Россия: https://youtu.be/TSjOUCnOjv8

В новом выпуске «Криминальной России» — убийства и нападения, совершённые участниками войны против Украины и экс-наёмниками ЧВК «Вагнер», истории освобождённых преступников, погибших на фронте, а также насилие и произвол силовиков, жесткие задержания и скандальные судебные решения. Реальные преступления и факты, о которых не говорят по телевизору.

__🦙____ __[Популярная политика](http://t.me/politica_media)",4663,4,0,politica_media
40414,2026-01-23T14:41:50+00:00,"**❗️****Конец войны близко? Эксперт про новые переговоры России и Украины**

Смотреть: https://youtu.be/NJ0Ers0b5Eo

Сегодня в Абу-Даби проходят трёхсторонние переговоры о мире в Украине. Зеленский называет Донбасс ключевой темой встречи, на фоне требований Путина и, по данным СМИ, Трампа о выводе украинских войск из Донецкой области. 

Обсуждаем возможные сценарии и риски вместе с военным аналитиком Иваном Ступаком.
__
🚫 Не работает YouTube? Используйте __[__@rosvpnbot__](http://t.me/rosvpnbot?start=tg_pp)__**
**
____🦙____ __[Популярная политика](http://t.me/politica_media)__ __| [Поддержать](http://donate.fbk.info/smm)",4756,3,1,politica_media
40412,2026-01-23T13:36:13+00:00,"**▪️****▫️****◾️****◽️****◼️****◻️****🔳****  В 17:00: Честное слово с Ильёй Шепелиным**

Включайте трансляцию в нашем Telegram-канале или на YouTube: https://youtube.com/live/UOPj0LjvwL4

__🦙____ __[Популярная политика](http://t.me/politica_media)__ __| [Поддержать](http://donate.fbk.info/smm)",4298,7,0,politica_media
40411,2026-01-23T11:08:57+00:00,"❗️❕‼️🟥**🟧****НОВЫЕ ПЕРЕГОВОРЫ РОССИИ И УКРАИНЫ | ОГРАБЛЕНИЕ В ПОДМОСКОВЬЕ | АТАКОВАН НЕФТЯНОЙ ПОРТ **

Смотреть:__ __https://youtu.be/wFBhpjlZH2A**__
__**
В Абу-Даби пройдёт первая трёхсторонняя встреча России, Украины и США. В России — похищение 14-летнего подростка в Красноярске с требованием выкупа и громкий скандал вокруг гибели младенцев в Кузбассе. На фронте — бои за Купянск, удары по нефтяному порту в Тамани, нефтебазе в Пензе и атаки дронов по регионам РФ и Украины.

__🚫 Не работает YouTube? Используйте __[__@rosvpnbot__](http://t.me/rosvpnbot?start=tg_pp)__
__
🦙 [Популярная политика](http://t.me/politica_media) | [Поддержать](http://donate.fbk.info/smm)",4132,1,0,politica_media
40408,2026-01-23T07:32:41+00:00,"**▪️****▫️****◾️****◽️****◼️****◻️****🔳****  В 11:00: Честное слово с Владиславом Жуковским**

Включайте трансляцию в нашем Telegram-канале или на YouTube: https://youtube.com/live/EEBVVrR4axs

__🦙____ __[Популярная политика](http://t.me/politica_media)__ __| [Поддержать](http://donate.fbk.info/smm)",4825,5,0,politica_media
40406,2026-01-22T17:16:47+00:00,"В Госдуму внесли законопроект, позволяющий силовикам проводить «профилактические беседы» с теми, кто уклоняется от «обязанности защищать Отечество».

__🦙____ __[Популярная политика](http://t.me/politica_media)__ __| [Поддержать](http://donate.fbk.info/smm)",4408,14,19,politica_media
40405,2026-01-22T17:04:46+00:00,"❗️❕‼️🟥🟧 **Телеграм снова душат | Гибель младенцев и цинизм власти | Удары по Украине **

Итоги дня: https://youtu.be/hUG8ztB0MGE

Власти в России усиливают давление на Telegram — пользователи массово жалуются на сбои после заявлений сенаторов. Скандал в Кузбассе: губернатор обвинил матерей в гибели новорождённых.

__🚫 Не работает YouTube? Используйте __[__@rosvpnbot__](http://t.me/rosvpnbot?start=tg_pp)__
__
__🦙____ __[Популярная политика](http://t.me/politica_media)__ __| [Поддержать](http://donate.fbk.info/smm)",4021,4,1,politica_media
40403,2026-01-22T15:04:52+00:00,"**🔴****🟠****🟡****  Россия в лидерах по ИИ | Народ в шоке от цен | Схематозы с рухнувшим ТЦ**

Включайте эфир в 18:30: https://youtube.com/live/IPfKPq5t0Oo**
**
Согласно отчёту Microsoft, доля пользователей генеративного ИИ в России находится на уровне африканских стран. В Бурятии резко выросли цены на хлеб. Обрушившийся торговый центр в Новосибирске оказался самостроем, который узаконили местные чиновники.

Эти и другие новости обсудим в новом выпуске «Бойко о главном».

__Поддержите выход новых выпусков «Бойко о главном» на ____friends.politica.media__

__🦙____ __[Популярная политика](http://t.me/politica_media)__ __| [Поддержать](http://donate.fbk.info/smm)",3885,7,0,politica_media
40402,2026-01-22T15:04:38+00:00,"**❗️****  Что задумал Трамп? Разбираем «Совет мира»
**
Смотреть: https://youtu.be/XrvfYDDW30Q

Трамп объявил о создании «Совета мира» в Давосе: в него пригласили Россию и Беларусь. Лукашенко уже согласился, а Путин заявил о готовности направить $1 млрд. 

Обсуждаем, что стоит за инициативой Трампа, с политологом-американистом TBS Александрой Филипенко.
__
🚫 Не работает YouTube? Используйте __[__@rosvpnbot__](http://t.me/rosvpnbot?start=tg_pp)__**
**
____🦙____ __[Популярная политика](http://t.me/politica_media)__ __| [Поддержать](http://donate.fbk.info/smm)",3414,2,0,politica_media
40399,2026-01-22T13:32:46+00:00,"**▪️****▫️****◾️****◽️****◼️****◻️****🔳****  В 17:00: Честное слово с Рустамом Солнцевым**

Включайте трансляцию в нашем Telegram-канале или на YouTube: https://youtube.com/live/ivhgDngePuo

__🦙____ __[Популярная политика](http://t.me/politica_media)__ __| [Поддержать](http://donate.fbk.info/smm)",3840,5,2,politica_media
40398,2026-01-22T13:09:51+00:00,"**❗️****  Роскомнадзор блокирует Телеграм. Что делать?**

Смотреть: https://youtu.be/KbYMJjKEy-s

Власти признали замедление Telegram в России: Роскомнадзор ограничивает работу мессенджера из-за отказа сотрудничать. 

Что происходит с мессенджером сейчас — разбор с юристом Саркисом Дарбиняном.
__
🚫 Не работает YouTube? Используйте __[__@rosvpnbot__](http://t.me/rosvpnbot?start=tg_pp)__**
**
____🦙____ __[Популярная политика](http://t.me/politica_media)__ __| [Поддержать](http://donate.fbk.info/smm)",3677,13,0,politica_media
40397,2026-01-22T11:08:11+00:00,"❗️❕‼️🟥**🟧****ЭКС-ГЛАВА «ЛОКОМОТИВА» ЗАКАЗАЛ УБИЙСТВО | 240 ТЫСЯЧ ТРУДОВЫХ МИГРАНТОВ | КАК ОБМАНОМ ЗАМАНИВАЮТ НА ВОЙНУ **

Смотреть:__ __https://youtu.be/tgJ0otkIEow**__
__**
В Нижнекамске семиклассник пришёл в школу с ножом и ранил женщину. Беспилотники атакуют ПВО в Курской области и нефтяной терминал в Краснодарском крае, а на фронте продолжаются тяжёлые бои. В России тестирует доступ к YouTube с цензурой, а Трамп делает громкие заявления о диктаторах и возможных переговорах с Путиным.

__🚫 Не работает YouTube? Используйте __[__@rosvpnbot__](http://t.me/rosvpnbot?start=tg_pp)__
__
🦙 [Популярная политика](http://t.me/politica_media) | [Поддержать](http://donate.fbk.info/smm)",3891,2,0,politica_media
40394,2026-01-22T07:36:22+00:00,"**▪️****▫️****◾️****◽️****◼️****◻️****🔳****  В 11:00: Честное слово с Владимиром Миловым**

Включайте трансляцию в нашем Telegram-канале или на YouTube: https://youtube.com/live/nr9UBqA2FfI

__🦙____ __[Популярная политика](http://t.me/politica_media)__ __| [Поддержать](http://donate.fbk.info/smm)",4727,7,4,politica_media
40393,2026-01-21T17:00:32+00:00,"❗️❕‼️🟥🟧 **Кадырова показали на публике | В России пропало лекарство от рака | Пожизненное за убийство генерала**

Итоги дня: https://youtu.be/F7ZPtejc5mk

В Новосибирске из-за снега обрушился торговый центр — погиб человек, ещё двое пострадали. По всей России пропадают лекарства от рака — последние флаконы продают в 10 раз дороже обычной цены. А Белгород может остаться без систем оповещения об атаках из-за проблем с электричеством.

__🚫 Не работает YouTube? Используйте __[__@rosvpnbot__](http://t.me/rosvpnbot?start=tg_pp)__
__
__🦙____ __[Популярная политика](http://t.me/politica_media)__ __| [Поддержать](http://donate.fbk.info/smm)",4557,10,0,politica_media
40392,2026-01-21T16:03:41+00:00,"Сбивший насмерть 11-летнего школьника житель Тывы Чаян Кызан отправился на войну, несмотря на просьбы матери погибшего и петицию с требованием не отпускать его. 

__🦙____ __[Популярная политика](http://t.me/politica_media)__ __| [Поддержать](http://donate.fbk.info/smm)",4251,6,0,politica_media
40391,2026-01-21T15:32:24+00:00,"**❗️****  Китайские авто уходят с рынка. Эксперт назвал причину**

Смотреть: https://youtu.be/GGJPJEArhh0

В России массово закрываются салоны китайских автомобилей: на фоне резкого падения продаж за год прекратили работу сотни шоурумов. 

Почему доля китайских брендов снижается, что происходит с рынком и ждать ли новых банкротств — обсудили с автомобильным экспертом Алексеем Мочаловым.
__
🚫 Не работает YouTube? Используйте __[__@rosvpnbot__](http://t.me/rosvpnbot?start=tg_pp)__**
**
____🦙____ __[Популярная политика](http://t.me/politica_media)__ __| [Поддержать](http://donate.fbk.info/smm)",4170,18,0,politica_media
40389,2026-01-21T14:17:14+00:00,"**❗️****  Война внутри НАТО. Военный эксперт разобрал шансы сторон
**
Смотреть: https://youtu.be/t0GDOuq0D3A

Гипотетическая военная операция США в Гренландии может поставить под угрозу существование НАТО и изменить трансатлантическую безопасность. 

Вместе в военным экспертом разбираем угрозы Трампа, реакцию ЕС и возможные последствия для НАТО.
__
🚫 Не работает YouTube? Используйте __[__@rosvpnbot__](http://t.me/rosvpnbot?start=tg_pp)__**
**
____🦙____ __[Популярная политика](http://t.me/politica_media)__ __| [Поддержать](http://donate.fbk.info/smm)",4208,3,2,politica_media
40387,2026-01-21T13:36:24+00:00,"**▪️****▫️****◾️****◽️****◼️****◻️****🔳****  В 17:00: Честное слово с Ольгой Романовой**

Включайте трансляцию в нашем Telegram-канале или на YouTube: https://youtube.com/live/TcCCo3e0CSE

__🦙____ __[Популярная политика](http://t.me/politica_media)__ __| [Поддержать](http://donate.fbk.info/smm)",4136,5,1,politica_media
40386,2026-01-21T11:11:15+00:00,"❗️❕‼️🟥**🟧****УДАРЫ ПО ТЭЦ В БЕЛГОРОДЕ И ОРЛЕ | УНИЧТОЖЕН СКЛАД БОЕПРИПАСОВ | ЗАХВАЧЕН ЕЩЁ ОДИН ТАНКЕР 
**
Смотреть:__ __https://youtu.be/7ii62BknnUQ**__
__**
Зенитная ракета российской ПВО ударила по посёлку Новая Адыгея рядом с Краснодаром. Владелец подмосковной пекарни «Машенька», жаловавшийся на прямой линии с Путиным на повышение налогов, может закрыть свой бизнес весной. А в России тем временем продолжаются коммунальные аварии.

__🚫 Не работает YouTube? Используйте __[__@rosvpnbot__](http://t.me/rosvpnbot?start=tg_pp)__
__
🦙 [Популярная политика](http://t.me/politica_media) | [Поддержать](http://donate.fbk.info/smm)",4011,6,3,politica_media
40385,2026-01-21T09:45:59+00:00,"Поговорили с Русланом Шавединовым ДТП в Грозном и состоянии Адама Кадырова, а также о Чечне, России и мире в целом. 

https://www.youtube.com/live/VeaPSoSPMmE?si=5sAG5KN3D-GBUDiC",3858,1,0,politica_media
40382,2026-01-21T07:35:24+00:00,"**▪️****▫️****◾️****◽️****◼️****◻️****🔳****  В 11:00: Честное слово с Тумсо Абдурахмановым**

Включайте трансляцию в нашем Telegram-канале или на YouTube: https://youtube.com/live/VeaPSoSPMmE

__🦙____ __[Популярная политика](http://t.me/politica_media)__ __| [Поддержать](http://donate.fbk.info/smm)",4708,3,1,politica_media
40381,2026-01-20T17:50:01+00:00,"**Дети Рамзана Кадырова владеют недвижимостью стоимостью более 1,3 миллиарда рублей — пишет издание «Можем объяснить».**

Журналисты выяснили, что сыновья Рамзана Кадырова, Али и Абдуллах, владеют особняками в центре Грозного, рядом с резиденцией их отца. Стоимость недвижимости Али оценивается в 500 млн рублей, Абдуллаха — в 800 млн рублей. Один из объектов был оформлен на Абдуллаха, когда ему было семь лет.

__🔗__ __Поговорили об этом с журналистом Ильёй Давлятчиным в «Теме дня»: ____https://youtu.be/kiB2ZdZxTaU__

__🦙____ __[Популярная политика](http://t.me/politica_media)__ __| [Поддержать](http://donate.fbk.info/smm)",4732,9,0,politica_media
40379,2026-01-20T16:49:59+00:00,"❗️❕‼️🟥🟧 **Трагедия в Якутии | Приговор замглавы Росгвардии | Ресторанный кризис в Москве **

Итоги дня: https://youtu.be/qd2ptfPaHxU

Заместителю Золотова вынесли приговор по делу о мошенничестве — и освободили в зале суда. Десятки ресторанов в Москве закрываются — бизнес в глубоком кризисе. А чиновник посоветовал учителю физики с зарплатой 12 тысяч рублей больше работать.

__🚫 Не работает YouTube? Используйте __[__@rosvpnbot__](http://t.me/rosvpnbot?start=tg_pp)__
__
__🦙____ __[Популярная политика](http://t.me/politica_media)__ __| [Поддержать](http://donate.fbk.info/smm)",4488,3,1,politica_media
40377,2026-01-20T15:03:15+00:00,"**🔴****🟠****🟡****  ИИ займётся блокировками | Камчатку замело | Иран отключит интернет навсегда**

Включайте эфир в 18:30: https://youtube.com/live/3i-Qlm5ubGc**
**
Роскомнадзор намерен внедрить ИИ для контроля интернет-трафика и блокировки VPN. Власти Камчатки привлекли автозаки Росгвардии и служебный транспорт для перевозки жителей Петропавловска-Камчатского на фоне снежного коллапса. А власти Ирана задумали навсегда отключить страну от глобального интернета.

Эти и другие новости обсудим в новом выпуске «Бойко о главном».

__Поддержите выход новых выпусков «Бойко о главном» на ____friends.politica.media__

__🦙____ __[Популярная политика](http://t.me/politica_media)__ __| [Поддержать](http://donate.fbk.info/smm)",4257,4,0,politica_media
40375,2026-01-20T14:35:18+00:00,"**❗️****  Кадыровы убивают. Как семья главы Чечни попадает в ДТП**

Смотреть: https://youtu.be/xopDmBWRhXU

В Грозном в ДТП попал сын Рамзана Кадырова Адам — после аварии его без сознания доставили в реанимацию и экстренно перевезли в Москву. Этот случай далеко не первый: родственники главы Чечни годами становятся участниками смертельных аварий и при этом не несут никакой ответственности. Семьи погибших запугивают, вынуждают к «примирению», а уголовные дела просто не возбуждают. При этом для обычных жителей республики действуют совсем другие правила — наказания могут коснуться даже их родственников. Такая избирательность показывает, как в Чечне работает система личной лояльности и клановой неприкосновенности. 

Почему для семьи Кадырова закон не существует и как она избегает наказания — в разборе Руслана Шаведдинова.
__
🚫 Не работает YouTube? Используйте __[__@rosvpnbot__](http://t.me/rosvpnbot?start=tg_pp)__**
**
____🦙____ __[Популярная политика](http://t.me/politica_media)__ __| [Поддержать](http://donate.fbk.info/smm)",4054,7,0,politica_media
40373,2026-01-20T13:42:22+00:00,"**Фёдор Крашенинников о том, почему путинской системе не нужны идейные люди.**

__🔗____ Полный разговор смотрите в «Честном слове»: ____https://youtube.com/live/RDSPeIel0Xk__

__🦙____ __[Популярная политика](http://t.me/politica_media)__ __| [Поддержать](http://donate.fbk.info/smm)",3757,3,0,politica_media
40372,2026-01-20T13:32:49+00:00,"**▪️****▫️****◾️****◽️****◼️****◻️****🔳****  В 17:00: Честное слово с Русланом Левиевым**

Включайте трансляцию в нашем Telegram-канале или на YouTube: https://youtube.com/live/9D3G_ckqefw

__🦙____ __[Популярная политика](http://t.me/politica_media)__ __| [Поддержать](http://donate.fbk.info/smm)",3758,4,1,politica_media
40371,2026-01-20T12:43:14+00:00,"Студентам ВШЭ, которым грозит отчисление, начнут предлагать заключить срочный контракт в беспилотных войсках Минобороны.

__🦙____ __[Популярная политика](http://t.me/politica_media)__ __| [Поддержать](http://donate.fbk.info/smm)",3620,13,1,politica_media
40370,2026-01-20T12:28:48+00:00,"**❗️****  Золотая молодёжь Чечни. Как живут дети Кадырова**

Смотреть: https://youtu.be/kiB2ZdZxTaU

Издание «Можем объяснить» опубликовало расследование о недвижимости детей Рамзана Кадырова в центре Грозного стоимостью более 1,3 млрд рублей. Согласно утечке из Росреестра, один из сыновей главы Чечни стал владельцем элитного особняка в возрасте семи лет. Дворцы оформлены рядом с резиденцией самого Кадырова и, вероятно, записаны через номиналов. 

О том, как именно оформлялась эта собственность и что ещё стало известно о семье главы Чечни, поговорили с журналистом Ильёй Давлятчиным.
__
🚫 Не работает YouTube? Используйте __[__@rosvpnbot__](http://t.me/rosvpnbot?start=tg_pp)__**
**
____🦙____ __[Популярная политика](http://t.me/politica_media)__ __| [Поддержать](http://donate.fbk.info/smm)",3806,4,17,politica_media
40369,2026-01-20T10:49:13+00:00,"❗️❕‼️🟥**🟧****ФСБ УБИВАЕТ РОССИЯН | ГУБЕРНАТОР НАШЁЛ ВРАГОВ | МАССОВАЯ АВАРИЯ: СТОЛКНУЛИСЬ 100 АВТОМОБИЛЕЙ**

Смотреть:__ __https://youtu.be/C-XGFE4gE3w**__
__**
В 2025 году поставки нефти на российские нефтеперерабатывающие заводы сократились до самого низкого уровня за последние 15 лет. Студентам Высшей школы экономики, провалившим сессию, начали предлагать уйти служить в беспилотные войска. А Трамп пригрозил Франции 200%-ными пошлинами на вино и шампанское после того, как Макрон отказался присоединяться к «Совету мира».

__🚫 Не работает YouTube? Используйте __[__@rosvpnbot__](http://t.me/rosvpnbot?start=tg_pp)__
__
🦙 [Популярная политика](http://t.me/politica_media) | [Поддержать](http://donate.fbk.info/smm)",3800,2,3,politica_media
40366,2026-01-20T07:34:03+00:00,"**▪️****▫️****◾️****◽️****◼️****◻️****🔳****  В 11:00: Честное слово с Фёдором Крашенинниковым**

Включайте трансляцию в нашем Telegram-канале или на YouTube: https://youtube.com/live/RDSPeIel0Xk

__🦙____ __[Популярная политика](http://t.me/politica_media)__ __| [Поддержать](http://donate.fbk.info/smm)",4492,4,0,politica_media
40365,2026-01-19T16:47:18+00:00,"❗️❕‼️🟥🟧 **Генерал-убийца стал чиновником | Конец истории Долиной | Что прячут Кадыровы**

Итоги дня: https://youtu.be/U3Utu7iJsFM

Пока Адам Кадыров находится в больнице, у его младших братьев находят роскошные особняки. Конец эпопеи с недвижимостью Долиной: певицу окончательно выселили из квартиры. А Трамп объяснил, зачем ему нужна Гренландия. Спойлер: потому что он обиделся.

__🚫 Не работает YouTube? Используйте __[__@rosvpnbot__](http://t.me/rosvpnbot?start=tg_pp)__
__
__🦙____ __[Популярная политика](http://t.me/politica_media)__ __| [Поддержать](http://donate.fbk.info/smm)",4525,4,0,politica_media
40364,2026-01-19T15:31:13+00:00,"**❗️****  Что со здоровьем Кадырова и его сына? Самый полный разбор**

Смотреть: https://youtu.be/cqxPllz5zKA

Рамзан и Адам Кадыров снова в центре скандала: ДТП, экстренная госпитализация и странные видео с совещаний. 

Разбираем факты и отвечаем на главный вопрос — почему власти скрывают правду.
__
🚫 Не работает YouTube? Используйте __[__@rosvpnbot__](http://t.me/rosvpnbot?start=tg_pp)__**
**
____🦙____ __[Популярная политика](http://t.me/politica_media)__ __| [Поддержать](http://donate.fbk.info/smm)",4349,3,1,politica_media
40363,2026-01-19T15:22:49+00:00,"**Друзья, сегодняшний эфир «Бойко о главном» по техническим причинам переносится на вторник. **

Включайте новый эфир завтра в 18:30 или посмотрите [предыдущий,](https://youtube.com/live/FwJ3htcgmVA) если пропустили 🫶 

🦙 [Популярная политика](http://t.me/politica_media)",4042,0,0,politica_media
40359,2026-01-19T13:53:47+00:00,"**❗️****  Били и унижали 17 часов. Беспредел полиции в Подмосковье**

Смотреть: https://youtu.be/KvgmGSR0T_c

В Подмосковье полицейские избили и 17 часов удерживали уроженку Бурятии. Врачи зафиксировали побои, история дошла до журналистов и чиновников. 

Разбираем, что это говорит о полицейском беспределе, ксенофобии и работе силовиков сегодня — комментарий адвоката Валерии Ветошкиной.
__
🚫 Не работает YouTube? Используйте __[__@rosvpnbot__](http://t.me/rosvpnbot?start=tg_pp)__**
**
____🦙____ __[Популярная политика](http://t.me/politica_media)__ __| [Поддержать](http://donate.fbk.info/smm)",4125,4,4,politica_media
40358,2026-01-19T13:36:10+00:00,"**▪️****▫️****◾️****◽️****◼️****◻️****🔳****  В 17:00: Честное слово с Антоном Долиным**

Включайте трансляцию в нашем Telegram-канале или на YouTube:  https://youtube.com/live/8ZKAhY278Io

__🦙____ __[Популярная политика](http://t.me/politica_media)__ __| [Поддержать](http://donate.fbk.info/smm)",3811,8,0,politica_media
40357,2026-01-19T10:59:47+00:00,"❗️❕‼️🟥**🟧****СНЕЖНАЯ КАТАСТРОФА НА КАМЧАТКЕ | ПОДМОСКОВЬЕ БЕЗ ТЕПЛА | ЧТО С СЫНОМ КАДЫРОВА? **

Смотреть:__ __https://youtu.be/gY5v6aJos3k**__
__**
Бывший мэр Владимира получил восемь лет колонии строгого режима и штраф 11 миллионов рублей за взятку. Адам Кадыров, предположительно, находится в спецкорпусе Боткинской больницы после ДТП. А в Испании на железной дороге столкнулись два пассажирских состава.

__🚫 Не работает YouTube? Используйте __[__@rosvpnbot__](http://t.me/rosvpnbot?start=tg_pp)__
__
🦙 [Популярная политика](http://t.me/politica_media) | [Поддержать](http://donate.fbk.info/smm)",4067,5,2,politica_media
40354,2026-01-19T07:36:02+00:00,"**▪️****▫️****◾️****◽️****◼️****◻️****🔳****  В 11:00: Честное слово с Марком Фейгиным**

Включайте трансляцию в нашем Telegram-канале или на YouTube: https://youtube.com/live/x5Umo6-eneM

__🦙____ __[Популярная политика](http://t.me/politica_media)__ __| [Поддержать](http://donate.fbk.info/smm)",4694,8,1,politica_media
40353,2026-01-18T16:55:01+00:00,"**Гибель новорождённых в роддоме №1 Новокузнецка**.

На новогодних праздниках в роддоме №1 Новокузнецка погибли девять младенцев. В Минздраве Кемеровской области заявили, что причиной стала тяжёлая внутриутробная инфекция, обнаруженная у 17 детей, большинство из которых родились недоношенными.

Родственница одной из женщин, потерявших ребёнка, рассказала изданию NGS42, что врачи говорили её сестре о стабильном состоянии ребёнка, а о его смерти сообщили только после случившегося — по телефону.

__🔗____ Эта и другие истории в новом выпуске «Криминальной России»: ____https://youtu.be/362DTKcws8g__

__🦙____ __[Популярная политика](http://t.me/politica_media)__ __| [Поддержать](http://donate.fbk.info/smm)",7570,11,69,politica_media
40347,2026-01-17T13:50:49+00:00,"**Рекордная статистика тяжких преступлений, штраф за комментарий, гибель новорождённых в роддоме и «Новая элита». **

__🔗____ Рассказали подробности в карточках и новом выпуске «Криминальной России»: ____https://youtu.be/362DTKcws8g__

__🦙____ __[Популярная политика](http://t.me/politica_media)__ __| [Поддержать](http://donate.fbk.info/smm)",5192,5,10,politica_media
40346,2026-01-17T09:12:13+00:00,"❗️**400 000 ПОГИБШИХ СОЛДАТ РОССИИ | НАСТУПЛЕНИЕ ЗАМЕДЛИЛОСЬ | ЦЕНТР КУПЯНСКА ОСВОБОЖДЕН**

Военное положение: https://youtu.be/IEmyqr1TqgE

Бои за Купянск и Запорожский фронт, реальная ситуация на линии фронта и провалы российских наступлений, удары ВСУ по заводам, ГРЭС и нефтяным платформам, масштабные потери техники и людей, кризис ПВО, атаки дронов и ракет, а также последствия войны для мирных жителей в Украине и России — в новом выпуске «Военного положения» с Яном Матвеевым.
__
🚫 Не работает YouTube? Используйте __[__@rosvpnbot__](http://t.me/rosvpnbot?start=tg_pp)__**
**
____🦙____ __[Популярная политика](http://t.me/politica_media)__ __| [Поддержать](http://donate.fbk.info/smm)",5457,7,1,politica_media
40345,2026-01-16T17:00:52+00:00,"❗️❕‼️🟥🟧 **Медикам не платят зарплаты | РКН блокирует Telegram | Задержан менеджер «Росатома» **

Итоги дня: https://youtu.be/GlTW_jSagZE

Адам Кадыров мог попасть в серьёзное ДТП в Грозном. Роскомнадзор замедляет Telegram — но эксперты говорят, что ничего нового пока не произошло. А топ-менеджера «Росатома» задержали по делу о финансировании ВСУ.

__🚫 Не работает YouTube? Используйте __[__@rosvpnbot__](http://t.me/rosvpnbot?start=tg_pp)__
__
__🦙____ __[Популярная политика](http://t.me/politica_media)__ __| [Поддержать](http://donate.fbk.info/smm)",5209,6,1,politica_media
40344,2026-01-16T15:20:24+00:00,"🔴** Загадка гибели олигарха. Страшная трагедия в роддоме. Убийца в мэрии Самары

**Криминальная Россия: https://youtu.be/362DTKcws8g

Убийства, насилие, безнаказанность и системный развал — в новом выпуске «Криминальной России» мы разбираем самые резонансные преступления недели: от убийства 17-летней студентки контрактником в Крыму до гибели младенцев в новокузнецком роддоме. 

Как война, «новая элита» и оптимизация государства превращаются в прямую угрозу для жизни — реальные истории, реальные имена и факты, которые не покажут по федеральному ТВ.

__🚫 Не работает YouTube? Используйте __[__@rosvpnbot__](http://t.me/rosvpnbot?start=tg_pp)

__🦙____ __[Популярная политика](http://t.me/politica_media)__ __| [Поддержать](http://donate.fbk.info/smm)",7364,11,0,politica_media
40341,2026-01-16T13:34:36+00:00,"**▪️****▫️****◾️****◽️****◼️****◻️****🔳****  В 17:00: Честное слово с Владиславом Жуковским**

Включайте трансляцию в нашем Telegram-канале или на YouTube: https://youtube.com/live/8IyuYffl77w

__🦙____ __[Популярная политика](http://t.me/politica_media)__ __| [Поддержать](http://donate.fbk.info/smm)",4754,10,0,politica_media
40340,2026-01-16T13:04:36+00:00,"🎧 **Слушайте подкасты «Популярной политики»!**

«Честное слово», «Бойко о главном» и «Темы дня» мы выпускаем не только на YouTube, но и в формате подкастов — на Spotify, Apple Music и SoundСloud.

🔗 __Слушайте там, где удобно: ____sdz.sh/w1HfY6__

__🦙____ __[Популярная политика](http://t.me/politica_media)",8572,10,0,politica_media
40339,2026-01-16T12:03:49+00:00,"**Наследникам Кадырова не жить. Галлямов о будущем Чечни**

Смотреть: https://youtu.be/1GnCMkmqWvw

«Есть все основания предположить, что чеченцы затаились и ждут, когда можно будет, значит, накинуться на наследников Кадырова и порвать их».
__
🚫 Не работает YouTube? Используйте __[__@rosvpnbot__](http://t.me/rosvpnbot?start=tg_pp)__**
**
____🦙____ __[Популярная политика](http://t.me/politica_media)__ __| [Поддержать](http://donate.fbk.info/smm)",4148,13,4,politica_media
40338,2026-01-16T10:53:37+00:00,"❗️❕‼️🟥**🟧****СТРЕЛЬБА В ЦЕНТРЕ МОСКВЫ | ДЕПУТАТ-ЕДИНОРОСС ТРЕБУЕТ УБИРАТЬ СНЕГ САМИМ | ЗАХВАЧЕН РОССИЙСКИЙ ТАНКЕР**

Смотреть:__ __https://youtu.be/3-UsHj8x8n4**__
__**
Ночью на автобусной остановке в центре Москвы произошла стрельба. Член «Единой России» посоветовала россиянам не жаловаться на плохую уборку снега, а скинуться на дворников. А у Филиппа Киркорова хотят отобрать имущество.

__🚫 Не работает YouTube? Используйте __[__@rosvpnbot__](http://t.me/rosvpnbot?start=tg_pp)__
__
🦙 [Популярная политика](http://t.me/politica_media) | [Поддержать](http://donate.fbk.info/smm)",4266,4,1,politica_media
40335,2026-01-16T07:33:14+00:00,"**▪️****▫️****◾️****◽️****◼️****◻️****🔳****  В 11:00: Честное слово с Игорем Липсицем**

Включайте трансляцию в нашем Telegram-канале или на YouTube: https://youtube.com/live/o62YIW18OqE

__🦙____ __[Популярная политика](http://t.me/politica_media)__ __| [Поддержать](http://donate.fbk.info/smm)",4565,11,1,politica_media
40333,2026-01-15T17:12:20+00:00,"❗️❕‼️🟥🟧 **Соседка Путина с миллиардами | Вербовка через Госуслуги | Донос за листовку **

Итоги дня: https://youtu.be/oeZvriEWZ8Y

Загадочная соседка Путина с состоянием в миллиарды рядом с Ново-Огарёво, скрытые проблемы экономики на фоне падения цен на нефть и провалов импортозамещения, а также абсурд и жестокость системы от доносов за листовки до вербовки через Госуслуги и насилия после войны.

__🚫 Не работает YouTube? Используйте __[__@rosvpnbot__](http://t.me/rosvpnbot?start=tg_pp)__
__
__🦙____ __[Популярная политика](http://t.me/politica_media)__ __| [Поддержать](http://donate.fbk.info/smm)",4814,9,1,politica_media
40332,2026-01-15T16:24:07+00:00,"«Россия будет платить за эту войну десятилетия».

Константин Сонин о том, как война с Украиной оплачивается за счёт снижения уровня жизни россиян.

__🔗____ Полный разговор смотрите в «Честном слове»: ____https://youtube.com/live/EOWECC7aCt0__

__🦙____ __[Популярная политика](http://t.me/politica_media)__ __| [Поддержать](http://donate.fbk.info/smm)",4201,11,8,politica_media
40330,2026-01-15T15:03:42+00:00,"**🔴****🟠****🟡****  Миллиард на Виагру | Битва за Гренландию | Реальные причины ужаса в Новокузнецке**

Включайте эфир в 18:30: https://youtube.com/live/FwJ3htcgmVA**
**
В Кемеровской области проверят все роддома после смерти девяти младенцев в Новокузнецке. Германия в срочном порядке направит военных в Гренландию. А в России так и не смогли создать свой аналог «Виагры», на разработку которого был потрачен миллиард.

Эти и другие новости обсудим в новом выпуске «Бойко о главном».

__🦙____ __[Популярная политика](http://t.me/politica_media)__ __| [Поддержать](http://donate.fbk.info/smm)",4171,3,2,politica_media
40327,2026-01-15T14:02:21+00:00,"**❗️****  НДС добил россиян. Чем лучше закупиться уже сейчас**

Смотреть: https://youtu.be/ShAFHPTj7wU

Росстат зафиксировал резкий рост цен сразу после повышения НДС — инфляция ускорилась, и уже побила все рекорды за последние годы. 

Почему подорожание оказалось таким заметным, как рост налогов ударил по кошелькам и чего ждать дальше, обсуждаем с экономическим обозревателем Максимом Блантом.
__
🚫 Не работает YouTube? Используйте __[__@rosvpnbot__](http://t.me/rosvpnbot?start=tg_pp)__**
**
____🦙____ __[Популярная политика](http://t.me/politica_media)__ __| [Поддержать](http://donate.fbk.info/smm)",4151,11,11,politica_media
40326,2026-01-15T13:31:39+00:00,"**▪️****▫️****◾️****◽️****◼️****◻️****🔳****  В 17:00: Честное слово с Ильёй Новиковым**

Включайте трансляцию в нашем Telegram-канале или на YouTube: https://youtube.com/live/tr-vE4j3g8k 

__🦙____ __[Популярная политика](http://t.me/politica_media)__ __| [Поддержать](http://donate.fbk.info/smm)",3752,4,0,politica_media
40325,2026-01-15T11:47:09+00:00,"❗️❕‼️🟥**🟧****ВЗРЫВ В ЗДАНИИ МВД | ГЕРАСИМОВ ВРЁТ ПРО КУПЯНСК | ЧП НА МКС — КОСМОНАВТОВ ВЕРНУЛИ 
**
Смотреть:__ __https://youtu.be/LhRX7cbWbKQ**__
__**
Взрыв в здании МВД в Сыктывкаре с пострадавшими, громкие коррупционные дела против бывших сенаторов и чиновников «Единой России», а также эскалация войны — удары ВСУ по военным объектам в России, заявления Герасимова о Купянске и обвинения Трампа в адрес Зеленского.

__🚫 Не работает YouTube? Используйте __[__@rosvpnbot__](http://t.me/rosvpnbot?start=tg_pp)__
__
🦙 [Популярная политика](http://t.me/politica_media) | [Поддержать](http://donate.fbk.info/smm)",4094,3,0,politica_media
40322,2026-01-15T07:34:07+00:00,"**▪️****▫️****◾️****◽️****◼️****◻️****🔳****  В 11:00: Честное слово с Константином Сониным**

Включайте трансляцию в нашем Telegram-канале или на YouTube: https://youtube.com/live/EOWECC7aCt0

__🦙____ __[Популярная политика](http://t.me/politica_media)__ __| [Поддержать](http://donate.fbk.info/smm)",4764,5,0,politica_media
40321,2026-01-15T07:17:40+00:00,"**Любовница, работа на КГБ и украденные миллиарды. Правда о Патриархе Кирилле

**Смотреть: youtu.be/Dj-Lm_oYU8Q**

**Патриарх Кирилл — главный «духовный» союзник Путина, который годами оправдывает войну и призывает умирать «за Отечество», пока сам живет как олигарх: яхта, элитная недвижимость, охрана, частные самолеты, дорогие часы — и даже тайная жена. 

Разбираем путь Владимира Гундяева: от церковной семьи и карьеры при советской системе — до связей со спецслужбами, бизнес-историй 90-х и роли РПЦ как одного из ключевых институтов пропаганды во время войны против Украины.

❗️ [Навальный LIVE](https://t.me/navalnylivechannel) | [Поддержать](http://donate.fbk.info/smm)",4028,16,14,politica_media
40320,2026-01-14T17:05:13+00:00,"❗️❕‼️🟥🟧 **Рекорд убийств и вымогательств | Арестован главврач-убийца | Саратов утопает в мусоре **

Итоги дня: https://youtu.be/4QYrd6j-_dY

В России зафиксирован рекорд тяжких преступлений за 15 лет. Дмитрий Медведев может возглавить «Единую Россию» на выборах в Госдуму, пока в самой России — атаки дронов, коллапс медицины и коммунальный хаос.

__🚫 Не работает YouTube? Используйте __[__@rosvpnbot__](http://t.me/rosvpnbot?start=tg_pp)__
__
__🦙____ __[Популярная политика](http://t.me/politica_media)__ __| [Поддержать](http://donate.fbk.info/smm)",4497,4,0,politica_media
40319,2026-01-14T16:33:26+00:00,"Экс-губернатора Рязанской области Николая Любимова обвиняют в получении крупных взяток на общую сумму 272 миллиона рублей.

__🦙____ __[Популярная политика](http://t.me/politica_media)__ __| [Поддержать](http://donate.fbk.info/smm)",4184,12,1,politica_media
40318,2026-01-14T14:54:20+00:00,"**❗️****  Скандал в Украине. Обыски у Тимошенко
**
Смотреть: https://youtu.be/gGwrRd-AYfE

НАБУ опубликовало запись предполагаемых переговоров о покупке голосов в Верховной раде Юлией Тимошенко. 

Обсуждаем коррупционный скандал с политологом центра содействия реформам Украины Георгием Чижовым.
__
🚫 Не работает YouTube? Используйте __[__@rosvpnbot__](http://t.me/rosvpnbot?start=tg_pp)__**
**
____🦙____ __[Популярная политика](http://t.me/politica_media)__ __| [Поддержать](http://donate.fbk.info/smm)",4207,3,7,politica_media
40315,2026-01-14T13:53:46+00:00,"**❗️****  Кризис в армии РФ. Рекордное количество дезертиров
**
Смотреть: https://youtu.be/mvWIknTTXps

В 2025 году число дезертиров в российской армии выросло вдвое по сравнению с 2024-м, несмотря на жесткие репрессии, пытки и внесудебные расправы. 

Обсуждаем с пресс-секретарем «Идите лесом!» Иваном Чувиляевым, как не стать жертвой развязанной Путиным войны.
__
🚫 Не работает YouTube? Используйте __[__@rosvpnbot__](http://t.me/rosvpnbot?start=tg_pp)__**
**
____🦙____ __[Популярная политика](http://t.me/politica_media)__ __| [Поддержать](http://donate.fbk.info/smm)",4489,13,0,politica_media
40314,2026-01-14T13:33:43+00:00,"**▪️****▫️****◾️****◽️****◼️****◻️****🔳****  В 17:00: Честное слово с Любовью Соболь**

Включайте трансляцию в нашем Telegram-канале или на YouTube: https://youtube.com/live/S5uZWbUEiZo

__🦙____ __[Популярная политика](http://t.me/politica_media)__ __| [Поддержать](http://donate.fbk.info/smm)",3801,5,0,politica_media
40313,2026-01-14T12:31:15+00:00,"**🫶🏻 Поддержите «Популярную политику»**

Каждый день мы работаем для того, чтобы рассказывать правду как можно большему числу людей в России и за её пределами. Поддержите то, что мы делаем!

🔴 Становитесь спонсором канала:
youtube.com/channel/UC7Elc-kLydl-NAV4g204pDQ/join

🔴 Поддержите любимую программу: friends.politica.media

🔴 Отправьте донат с помощью карты или криптовалюты на сайте: [donate.fbk.info](http://donate.fbk.info/smm)

**Спасибо, что вы с нами!**

__🦙____ __[Популярная политика](http://t.me/politica_media)",20726,8,0,politica_media
40312,2026-01-14T11:25:15+00:00,"❗️❕‼️🟥**🟧****УДАР ПО ЖИЛОМУ ДОМУ В РОСТОВЕ | ТРАМП ОБЕЩАЛ ПОМОЧЬ ИРАНУ | ОГРОМНЫЕ ВЗЯТКИ ЭКС-ГУБЕРНАТОРА **

Смотреть:__ __https://youtu.be/jtxio0T9dFk**__
__**
Арест экс-губернатора и сенатора Николая Любимова за взятки на 272 млн рублей, гибель младенцев в роддоме Новокузнецка, атаки дронов по России и Украине, заявления Бастрыкина о Курской области, обыски у Юлии Тимошенко и массовые протесты в Иране с тысячами жертв.

__🚫 Не работает YouTube? Используйте __[__@rosvpnbot__](http://t.me/rosvpnbot?start=tg_pp)__
__
🦙 [Популярная политика](http://t.me/politica_media) | [Поддержать](http://donate.fbk.info/smm)",3966,3,42,politica_media
40311,2026-01-14T09:35:57+00:00,"**❗️****  Ищет вся страна. Куда исчез олигарх**

Смотреть: [youtu.be/61r4XzoEAfk](https://youtu.be/61r4XzoEAfk)

На Кипре при загадочных обстоятельствах пропал экс-глава «Уралкалия» Владислав Баумгертнер. Кто и почему может быть причастен к исчезновению миллиардер — обсуждаем с главой «Transparency International — Россия» Алёной Вандышевой.
__
🚫 Не работает YouTube? Используйте __[__@rosvpnbot__](http://t.me/rosvpnbot?start=tg_pp)__**
**
____🦙____ __[Популярная политика](http://t.me/politica_media)__ __| [Поддержать](http://donate.fbk.info/smm)",4099,7,0,politica_media
40308,2026-01-14T07:35:08+00:00,"**▪️****▫️****◾️****◽️****◼️****◻️****🔳****  В 11:00: Честное слово со Станиславом Белковским**

Включайте трансляцию в нашем Telegram-канале или на YouTube: https://youtube.com/live/581b0m2iR7s

__🦙____ __[Популярная политика](http://t.me/politica_media)__ __| [Поддержать](http://donate.fbk.info/smm)",4882,6,0,politica_media
40307,2026-01-13T17:00:28+00:00,"❗️❕‼️🟥🟧 **Скандал в Минобороны | Тысячи погибших в Иране | Кадыров появился на публике **

Итоги дня: https://youtu.be/IQ3cBVB_zxg

Массовая гибель младенцев в Кузбассе — расскажем всё, что известно о трагедии. Кадыров снова появился на публике, чтобы развеять слухи о своём тяжёлом состоянии. А скандального генерала-мясника Сухраба Ахмедова сняли с должности.

__🚫 Не работает YouTube? Используйте __[__@rosvpnbot__](http://t.me/rosvpnbot?start=tg_pp)__
__
__🦙____ __[Популярная политика](http://t.me/politica_media)__ __| [Поддержать](http://donate.fbk.info/smm)",4679,1,0,politica_media
40306,2026-01-13T15:50:01+00:00,"«Люди привыкают к насилию, когда оно становится ежедневным».

Тихон Дзядко о рутинизации войны. 

__🔗____ Смотрите эфир «Честного слова» в записи, если пропустили: ____https://youtube.com/live/BxkUMXeJFjo__

__🦙____ __[Популярная политика](http://t.me/politica_media)__ __| [Поддержать](http://donate.fbk.info/smm)",4330,2,8,politica_media
40304,2026-01-13T14:37:32+00:00,"❗️Приятно видеть, что кроме всяких подонков типа Соловьева есть вполне адекватные российские журналисты, которых, правда, «соловьевы» вытеснили из России, как и очень многих других русских.

Именно это мы имеем ввиду, когда утверждаем, что армянский народ понимает разницу между «соловьевыми» и русскими, как и уверены, что русские знают разницу между «симоньянами» и армянами! 

В целом, [интересное обсуждение](https://www.youtube.com/watch?v=PlLO80TtghQ) с армянским журналистом бредовых угроз Соловьева, реакции на них армянского народа и изменения отношения армянского народа к России.

@bagramyan26",4492,5,3,politica_media
40303,2026-01-13T14:16:21+00:00,"**❗️****  Генерал-мясник уволен. Скандал в Минобороны
**
Смотреть: https://youtu.be/LboThV5tSwU

Генерал-лейтенант Сухраб Ахмедов снят с должности замглавкома ВМФ РФ после обвинений в неумелом командовании и больших потерях под Кременной. 

Как «мясник» получил звание Героя России и что значит его отставка — обсуждаем с военным аналитиком Яном Матвеевым.
__
🚫 Не работает YouTube? Используйте __[__@rosvpnbot__](http://t.me/rosvpnbot?start=tg_pp)__**
**
____🦙____ __[Популярная политика](http://t.me/politica_media)__ __| [Поддержать](http://donate.fbk.info/smm)",3985,6,0,politica_media
40301,2026-01-13T13:30:16+00:00,"**▪️****▫️****◾️****◽️****◼️****◻️****🔳****  В 17:00: Честное слово с Евгением Ступиным**

Включайте трансляцию в нашем Telegram-канале или на YouTube: https://youtube.com/live/ubHmSjvHLQw

__🦙____ __[Популярная политика](http://t.me/politica_media)__ __| [Поддержать](http://donate.fbk.info/smm)",4104,3,0,politica_media
