id,date,text,views,forwards,replies,channel_short
378558,2026-06-02T05:59:37+00:00,"▶️ ФСБ показала офисы IТ-компаний, программы которых использовались для прослушки. Попытка прослушки чиновников РФ стала одной из крупнейших операций иностранных спецслужб, уточнили в ведомстве.

Видео: ЦОС ФСБ России/ТАСС

✔️ [Подпишись на ТАСС в ""Максе""](https://max.ru/tass_agency)",3289,74,,tass_agency
378557,2026-06-02T05:41:12+00:00,"❗️ВС РФ ударили по объектам ОПК в Полтавской, Хмельницкой и Сумской областях, а также топливной и транспортной инфраструктуры Украины, заявили в Минобороны.",8481,57,,tass_agency
378556,2026-06-02T05:40:37+00:00,"⚡️ ВС РФ в ответ на террористические акты Украины нанесли массированный удар по предприятиям ОПК в Киеве, Запорожье, Харькове и Днепропетровске, сообщает МО.",9209,77,,tass_agency
378555,2026-06-02T04:59:01+00:00,"**Главные новости к этому часу:**

▪️В Курской области из-за удара дрона ВСУ [погиб](https://tass.ru/proisshestviya/27606389) мужчина.

▪️Мария Захарова [назвала](https://tass.ru/politika/27606589) примером правового нигилизма Европы заявления Франции по Tagor.

▪️Над регионами России за ночь [сбили](https://tass.ru/armiya-i-opk/27608473) 148 украинских БПЛА, сообщили в МО РФ.

▪️Трамп нецензурно [отчитал](https://tass.ru/mezhdunarodnaya-panorama/27606991) Нетаньяху из-за срыва перемирия, сообщает портал Axios.

▪️Киев признал, что [направил](https://tass.ru/mezhdunarodnaya-panorama/27606999) ударные БПЛА в сторону Финляндии по ошибке, сообщает HS.

▪️Вучич [отверг](https://tass.ru/mezhdunarodnaya-panorama/27605747) намерение Сербии отменять безвизовый режим с Россией.

▪️Небензя [продемонстрировал](https://tass.ru/politika/27606765) в ООН фотографии погибших в Старобельске.

▪️Экс-посол Польши [отказался](https://tass.ru/mezhdunarodnaya-panorama/27607015) от украинского ордена из-за героизации УПА (признана экстремистской и запрещена в РФ), сообщает RMF24.

▪️Ущерб по делу ""бумажного"" НДС [составил](https://tass.ru/proisshestviya/27607257) более 1 млрд руб., сообщили ТАСС правоохранители.


✔️ [Подпишись на ТАСС в ""Максе""](https://max.ru/tass_agency)",13334,16,,tass_agency
378554,2026-06-02T04:54:01+00:00,"**Финансирование лечения рака выросло в 2,3 раза с 2019 года**, сообщил ТАСС директор центра экспертизы и качества медицинской помощи Минздрава РФ Омельяновский.

Сейчас объем финансирования составляет более 433 млрд руб., а ранее был 185,7 млрд руб., отметил он.",11868,1,,tass_agency
378553,2026-06-02T04:49:01+00:00,"▶️ Дончанина задержали за призывы к ударам по территории ДНР, сообщили в УФСБ по республике.

Видео: УФСБ России по ДНР/ТАСС

✔️ [Подпишись на ТАСС в ""Максе""](https://max.ru/tass_agency)",12526,31,,tass_agency
378552,2026-06-02T04:48:33+00:00,"Вредоносное ПО позволяло прослушивать переговоры и вести негласный контроль вблизи устройств чиновников, сообщили в ЦОС ФСБ РФ.

Шпионское ПО внедряли иностранные спецслужбы, используя возможности крупных ИТ-корпораций, отметили в спецслужбах.",12136,58,,tass_agency
378551,2026-06-02T04:47:08+00:00,"❕ФСБ вскрыла масштабную схему внедрения шпионских программ в телефоны высокопоставленных чиновников, сообщили спецслужбы.

✔️ [Подпишись на ТАСС в ""Максе""](https://max.ru/tass_agency)",10965,69,,tass_agency
378550,2026-06-02T04:44:01+00:00,"🗓 Россиян ожидает одна шестидневная рабочая неделя в 2027 году, следует из подготовленного Минтрудом производственного календаря.",11235,45,,tass_agency
378549,2026-06-02T04:38:01+00:00,"Здание предприятия и оборудование загорелись в Белгородской области при попадании обломков БПЛА, сообщает оперштаб.",11930,10,,tass_agency
378548,2026-06-02T04:32:01+00:00,"▶️ Полную защиту ЗАЭС обеспечит только победа РФ и прекращение боевых действий, заявил ТАСС директор станции Черничук.

Видео: Марина Осокина/ТАСС

✔️ [Подпишись на ТАСС в ""Максе""](https://max.ru/tass_agency)",12405,23,,tass_agency
378547,2026-06-02T04:26:01+00:00,"**За неделю от ударов ВСУ погибли трое детей**, восемь были ранены, сообщил ТАСС Мирошник.

Всего за неделю от ударов погибли 35 человек, ранены были 180, заявил он.",11883,32,,tass_agency
378546,2026-06-02T04:19:18+00:00,"🚨 Средства ПВО за ночь сбили над регионами РФ 148 украинских БПЛА, сообщили в Минобороны.",12520,21,,tass_agency
378545,2026-06-02T04:16:01+00:00,"📹 При лимите 20 карт на человека россияне могут выпускать их в одном банке, сообщил депутат Аксаков в интервью ТАСС в преддверии ПМЭФ.

Видео: ТАСС

#ПМЭФ2026",12880,1,,tass_agency
378544,2026-06-02T04:08:31+00:00,"🚨 В селе Бочковка Белгородского округа дрон ВСУ атаковал частный дом, пострадал ребенок, сообщил оперштаб.",13322,11,,tass_agency
378543,2026-06-02T04:02:01+00:00,"Вопрос спора банков с маркетплейсами пока остается открытым, сообщила в интервью ТАСС основательница Wildberries Татьяна Ким в преддверии ПМЭФ.

#ПМЭФ2026",14015,11,,tass_agency
378542,2026-06-02T03:56:01+00:00,"▶️ ВСУ обустроили пункт управления БПЛА в одном из храмов, чтобы избежать ударов ВС РФ. Соответствующие кадры есть у ТАСС.

Видео: ТАСС

✔️ [Подпишись на ТАСС в ""Максе""](https://max.ru/tass_agency)",14143,60,,tass_agency
378541,2026-06-02T03:49:48+00:00,"Путин ранее уже дал военным все необходимые поручения в связи с атакой ВСУ на Старобельск, сообщил ТАСС Песков.",14481,20,,tass_agency
378540,2026-06-02T03:41:01+00:00,"В РФ появились детекторы дронов, распознающие украинские БПЛА Hornet, заявил ТАСС эксперт в сфере беспилотных систем и РЭБ Потапов.",15608,46,,tass_agency
378539,2026-06-02T03:34:02+00:00,"📹 Аксаков назвал в интервью ТАСС в преддверии ПМЭФ две ключевые законодательные инициативы этого года.

Видео: ТАСС

#ПМЭФ2026

✔️ [Подпишись на ТАСС в ""Максе""](https://max.ru/tass_agency)",15893,14,,tass_agency
378538,2026-06-02T03:22:30+00:00,"**Киев быстро бросает на передовую новобранцев ВСУ, **заявил ТАСС губернатор Херсонской области Сальдо.

Поэтому молодежь не испытывает энтузиазма заключать контракт, несмотря на агитацию и пропаганду, отметил он.",16299,12,,tass_agency
378537,2026-06-02T03:08:01+00:00,"▶️** Поток желающих переехать из Европы в РФ будет расти в ближайшие годы,** сообщил в интервью ТАСС основатель агентства миграционного туризма Стефанеско.

Видео: ТАСС

✔️ [Подпишись на ТАСС в ""Максе""](https://max.ru/tass_agency)",17308,56,,tass_agency
378536,2026-06-02T02:46:51+00:00,"🚨 На Ильском НПЗ на Кубани произошло возгорание из-за атаки БПЛА, пострадавших нет, сообщает оперштаб региона.",17690,40,,tass_agency
378535,2026-06-02T02:42:01+00:00,"Wildberries откроет 11 складских комплексов в России и за рубежом в 2026 году, сообщила в интервью ТАСС Татьяна Ким в преддверии ПМЭФ.

#ПМЭФ2026",17753,24,,tass_agency
378534,2026-06-02T02:19:01+00:00,"**Долг по алиментам можно взыскать даже после исполнения ребенку 18 лет**, рассказал ТАСС депутат от ЛДПР Свищев.

Срок давности по алиментам не работает, отметил он. Когда у должника появится имущество, пенсия или наследство, то деньги пойдут уже взрослому ребенку или даже его детям.",18501,104,,tass_agency
378533,2026-06-02T02:06:11+00:00,"▶️ Отечественные самолеты способны занять более 50% и даже 100% российского авиапарка, заявил ТАСС глава ОАК Бадеха в преддверии ПМЭФ.

Видео: ТАСС

#ПМЭФ2026

✔️ [Подпишись на ТАСС в ""Максе""](https://max.ru/tass_agency)",18499,35,,tass_agency
378532,2026-06-02T01:51:01+00:00,"Ремонт стартовой площадки после взрыва ракеты New Glenn займет около 2 лет, заявил глава NASA Айзекман.",17757,30,,tass_agency
378531,2026-06-02T01:28:01+00:00,"**Родные погибших туристов группы Дятлова будут добиваться возбуждения нового дела.** Об этом сообщил ТАСС адвокат Черноусов, который представляет интересы некоторых родственников погибших.

Также они будут требовать от федеральных телеканалов прекратить показ эфиров с теориями о гибели туристов, не соответствующими действительности.",18619,76,,tass_agency
378530,2026-06-02T01:14:01+00:00,"📹 Митрополит Иларион заявил ТАСС, что в Чехии его называли** тайным агентом России**. 

Видео: ТАСС

✔️ [Подпишись на ТАСС в ""Максе""](https://max.ru/tass_agency)",18624,27,,tass_agency
378529,2026-06-02T00:42:01+00:00,"Ущерб по делу ""бумажного"" НДС составил **свыше 1 млрд руб**. Фигурантами стали более 20 человек, сообщили ТАСС правоохранители.",18128,17,,tass_agency
378528,2026-06-02T00:34:02+00:00,"**Киев признал, что по ошибке направил ударные БПЛА в сторону Финляндии**, пишет газета Helsingin Sanomat со ссылкой на источники.

15 мая из-за угрозы БПЛА в аэропорту Хельсинки приостанавливали авиасообщение.",18902,86,,tass_agency
378527,2026-06-02T00:26:01+00:00,"▶️ Небензя продемонстрировал в ООН фотографии погибших в Старобельске.

Видео: Раптли/ТАСС/UN Web TV

✔️ [Подпишись на ТАСС в ""Максе""](https://max.ru/tass_agency)",20289,65,,tass_agency
378526,2026-06-02T00:14:30+00:00,"▶️ Выпуск новых боевых самолетов в РФ увеличился с 2022 года в 4-5 раз, заявил глава ОАК Бадеха в интервью ТАСС.

Видео: ТАСС

✔️ [Подпишись на ТАСС в ""Максе""](https://max.ru/tass_agency)",18109,23,,tass_agency
378525,2026-06-01T23:57:29+00:00,"**Экс-посол Польши на Украине отказался от украинского ордена в связи с героизацией бандеровцев из ОУН-УПА** (Организация украинских националистов — Украинская повстанческая армия, признаны экстремистскими и запрещены в РФ).

Чихоцкий сдал орден ""За заслуги"" II степени, который Зеленский вручил ему в июне 2022 года, сообщила радиостанция RMF24.",17549,53,,tass_agency
378524,2026-06-01T23:24:17+00:00,"📹 ОАК рассчитывает на завершение сертификационных полетов SJ-100 до конца лета, заявил в интервью ТАСС в преддверии ПМЭФ глава корпорации Бадеха.

Видео: ТАСС

#ПМЭФ2026

✔️ [Подпишись на ТАСС в ""Максе""](https://max.ru/tass_agency)",18909,14,,tass_agency
378523,2026-06-01T22:57:54+00:00,"**Трамп по телефону нецензурно отчитал Нетаньяху из-за срыва перемирия, **сообщил портал Axios со ссылкой на источники.

""Если бы не я, ты был бы в тюрьме. <...>. Теперь тебя все ненавидят. Из-за этого все ненавидят Израиль"", — сказал Трамп, назвав израильского премьера сумасшедшим.",20802,212,,tass_agency
378522,2026-06-01T22:47:01+00:00,"**Специальный налоговый режим для самозанятых нужно продлить до 2035 года.** Письмо с таким предложением на имя Мишустина направил депутат ""Справедливой России"" Дмитрий Гусев.

Кроме того, депутат предложил увеличить с 2027 года предельный размер годового дохода самозанятого до 3 млн рублей, а также рассмотреть возможность его ежегодной индексации с учетом инфляции и изменения социально-экономических условий.",18317,53,,tass_agency
378521,2026-06-01T22:31:33+00:00,"ВМС КСИР заявили, что в ответ на атаки по иранским судам крылатой ракетой нанесли удар по принадлежащему США и Израилю судну.

✔️ [Подпишись на ТАСС в ""Максе""](https://max.ru/tass_agency)",19026,22,,tass_agency
378520,2026-06-01T21:58:48+00:00,"**ЕС может изменить бюджетные правила для преодоления энергокризиса из-за ситуации на Ближнем Востоке**, сообщает Bloomberg.

По информации источников, ЕК обсуждает послабления, которые позволят европейским странам выделять около 0,3% ВВП на энергетические расходы без опасений нарушения норм финансовой дисциплины ЕС.",20042,23,,tass_agency
378519,2026-06-01T21:49:48+00:00,"Меморандум о взаимопонимании между Ираном и США может быть заключен на следующей неделе, заявил Трамп.",19979,36,,tass_agency
378518,2026-06-01T21:32:30+00:00,"**Главное из комментария Марии Захаровой о задержании танкера Tagor:**

▪️Суда, работающие в интересах европейцев, нередко ходят под ""удобными"" флагами;

▪️Посольство РФ во Франции потребовало от Парижа предоставить полную информацию об обстоятельствах задержания;

▪️Французы безосновательно оправдывают задержание танкера ссылкой на статью 110 Конвенции ООН;

▪️""Санкции"", на которые ссылается Макрон, легитимны только ""в воображении франко-британского пиратского тандема"";

▪️Заявления французской стороны по задержанию танкера Tagor — пример европейского правового нигилизма и переписывания норм под себя;

▪️Российское посольство принимает исчерпывающие меры для защиты россиян из экипажа танкера Tagor.

✔️ [Подпишись на ТАСС в ""Максе""](https://max.ru/tass_agency)",21410,34,,tass_agency
378517,2026-06-01T21:18:01+00:00,"▶️ Глава Комиссии США по изящным искусствам Родни Кук прибыл в Петербург для участия в ПМЭФ, передает корреспондент ТАСС.

Видео: Александра Подервянская/ТАСС

#ПМЭФ2026

✔️ [Подпишись на ТАСС в ""Максе""](https://max.ru/tass_agency)",34028,99,,tass_agency
378516,2026-06-01T21:06:53+00:00,"""Санкции"", на которые ссылается Макрон по танкеру Tagor, **легитимны только ""в воображении франко-британского пиратского тандема"".** Об этом заявила Мария Захарова:

""Заявления французских властей о том, что их действия якобы осуществлены в соответствии с нормами международного права, представляют собой очередной пример европейского правового нигилизма и переписывания норм под себя"".

✔️ [Подпишись на ТАСС в ""Максе""](https://max.ru/tass_agency)",20594,37,,tass_agency
378515,2026-06-01T20:46:59+00:00,"❕Мирный житель погиб из-за удара дрона ВСУ по гражданскому автомобилю в селе Щекино Рыльского района Курской области, сообщил Хинштейн.",21552,37,,tass_agency
378514,2026-06-01T20:41:46+00:00,⚖️ В Москве арестован начальник продовольственного управления департамента ресурсного обеспечения МО РФ Виктор Таразевич. Об этом сообщили ТАСС в суде.,23935,120,,tass_agency
378513,2026-06-01T20:23:11+00:00,"**Главное из заявлений Небензи на Совбезе ООН:**

▪️Основной целью заседания СБ ООН является отработка запроса Запада на создание очередной антироссийской информационной волны;

▪️Небензя в СБ ООН указал на непоследовательность заявлений румынских официальных лиц;

▪️Все обстоятельства случившегося в Румынии должны быть установлены в рамках объективного расследования с привлечением РФ;

▪️Румыния не передала России никаких объективных данных об инциденте, сразу начала отрабатывать политический заказ;

▪️Страны ЕС сознательно, исключительно из политических соображений смотрят сквозь пальцы на преступления режима Зеленского;

▪️Реакция ООН и МАГАТЭ на действия Киева подталкивает киевский режим к новым преступлениям;

▪️Именно Европа должна проявлять максимальную обеспокоенность ударами Киева по ЗАЭС, однако она не требует от Украины прекратить эти действия.

✔️ [Подпишись на ТАСС в ""Максе""](https://max.ru/tass_agency)",28611,68,,tass_agency
378512,2026-06-01T20:00:58+00:00,"Политический истеблишмент Запада предпочел не заметить теракт в Старобельске, заявил Небензя.

✔️ [Подпишись на ТАСС в ""Максе""](https://max.ru/tass_agency)",25920,36,,tass_agency
378511,2026-06-01T19:58:15+00:00,"Россия считает не случайным, что инцидент с дроном в Румынии произошел на следующий день после обращения Зеленского к Трампу по ракетам ПВО, заявил Небензя.",23707,42,,tass_agency
378510,2026-06-01T19:57:04+00:00,"Инцидент с дроном в Румынии нужен Европе, чтобы хоть как-то аргументировать свои воинственные заявления в отношении России, заявил Небензя.

Он подчеркнул, что объективное расследование инцидента в Румынии должно подразумевать передачу обломков дрона России для экспертизы.

✔️ [Подпишись на ТАСС в ""Максе""](https://max.ru/tass_agency)",23979,51,,tass_agency
378509,2026-06-01T19:41:01+00:00,"👔Мария Захарова провела параллель между историей Гитлера и приводом к власти Зеленского западными кураторами:

""Всех монстров, которых они насоздавали ранее, они же потом были вынуждены каким-то образом нейтрализовать, потому что эти монстры всегда начинали угрожать уже их благополучию, а порой и существованию"", — заявила дипломат в интервью ""Вестям"".",33353,117,,tass_agency
378508,2026-06-01T19:34:01+00:00,"**Платежные документы за ЖКХ планируется доставлять гражданам через ""Госуслуги""**, следует из законопроекта. 

Также в РФ планируют ограничить круг организаций, которые могут оставлять корреспонденцию в почтовых ящиках.

✔️ [Подпишись на ТАСС в ""Максе""](https://max.ru/tass_agency)",25128,96,,tass_agency
378507,2026-06-01T19:28:03+00:00,"❗️Вучич заявил, что Сербия не намерена отменять безвизовый режим с Россией.

✔️ [Подпишись на ТАСС в ""Максе""](https://max.ru/tass_agency)",25951,117,,tass_agency
378506,2026-06-01T19:24:01+00:00,"Отца Кунгурова признали потерпевшим по делу о доведении певца до самоубийства, сообщил ТАСС адвокат Черноусов.

Он отметил, что потерпевший настаивает на версии об убийстве сына.",25456,4,,tass_agency
378505,2026-06-01T18:57:15+00:00,"🚨 ВСУ повторно атаковали школу в Васильевке Запорожской области с помощью БПЛА самолетного типа, здание получило значительные повреждения, сообщила глава округа Романиченко.

Видео: Telegram-канал главы администрации Васильевского муниципального округа Натальи Романиченко/ТАСС

✔️ [Подпишись на ТАСС в ""Максе""](https://max.ru/tass_agency)",29233,76,,tass_agency
378504,2026-06-01T18:46:01+00:00,"**__""Честно говоря, мне все равно, закончились ли они""__**. Трамп в интервью CNBC заявил, что на переговоры с Ираном ушло слишком много времени.

Вместе с этим президент США написал в Truth Social, что консультации с Ираном продолжаются и продвигаются быстро.",25972,46,,tass_agency
378503,2026-06-01T18:20:12+00:00,"**Главные новости к этому часу:**

▪️Путин [собрал](https://tass.ru/politika/27604597) в Кремле совещание по расследованию атаки ВСУ в Старобельске.

▪️Временную поверенную Литвы [вызвали](https://tass.ru/politika/27603225) в МИД РФ.

▪️Задержанный танкер Tagor 2 июня [прибудет](https://tass.ru/mezhdunarodnaya-panorama/27603705) в залив Дуарнене на западе Франции.

▪️Трамп [заявил](https://tass.ru/mezhdunarodnaya-panorama/27604583), что провел телефонные разговоры с Нетаньяху и представителями ""Хезболлах"".

▪️Более 20 представителей российских медиахолдингов [внесли](https://tass.ru/obschestvo/27602937) в базу экстремистского сайта ""Миротворец"". 

▪️РФ с 2 июня [вводит](https://tass.ru/ekonomika/27604223) ограничения на ввоз черешни, абрикосов и винограда из Армении.

▪️Путин [продлил](https://tass.ru/politika/27604523) на пять лет срок полномочий Львовой-Беловой как детского омбудсмена.

▪️Филиппины и Россия [планируют](https://tass.ru/ekonomika/27602077) расширить авиасообщение.

▪️СК [назвал](https://tass.ru/proisshestviya/27603167) предварительную причину смерти двух сапбордистов в Омской области.

▪️Дополнительные мероприятия по поиску Усольцевых [пройдут](https://tass.ru/obschestvo/27604009) в ближайшее время.

▪️МЧС [разъяснило](https://tass.ru/obschestvo/27601995) новый свод правил для парковок.

✔️ [Подпишись на ТАСС в ""Максе""](https://max.ru/tass_agency)",26112,17,,tass_agency
378502,2026-06-01T18:14:15+00:00,"❗️**Путин провел совещание о мерах поддержки и ходе расследования теракта в Старобельске. 

**Главное из заявлений Путина:

▪️Президент РФ назвал удар ВСУ по Старобельску ""кровавым преступлением украинской хунты"";

▪️Путин выразил соболезнования и поручил с максимальным вниманием отнестись к каждой семье, столкнувшейся с трагедией в Старобельске;

▪️Киевская верхушка решила открыть новую страницу в череде своих преступлений, придать новое качество конфликту, ""ну что ж, это их выбор"";

▪️Наказание виновным в атаке на колледж в Старобельске будет неотвратимым.

Главное из заявлений Пасечника:

▪️Для удара по колледжу в Старобельске ВСУ использовали 16 беспилотников;

▪️Из находящихся 89 человек в момент удара ВСУ по колледжу за помощью обратились 45, 21 погиб;

▪️Спасательная операция после удара ВСУ по колледжу длилась 45 часов, 15 раз возникала угроза повторных атак;

▪️Необходимо восстановить атакованный ВСУ колледж в Старобельске.

Главное из заявлений Бастрыкина:

▪️При нанесении ударов по РФ ВСУ используют БПЛА производства Украины и стран НАТО;

▪️Более 2 тыс. объектов образования были атакованы ВСУ с 2014 года;

▪️Не менее 7 БПЛА были использованы ВСУ при атаке на Старобельский колледж;

▪️О преднамеренности удара ВСУ по Старобельскому колледжу свидетельствуют установленные на украинские БПЛА антенны Starlink.

Главное из заявлений Гуцана:

▪️В качестве обвиняемых в атаке на старобельский колледж привлечены Бровди и еще несколько командиров ВСУ.

Главное из заявлений Голиковой:

▪️70 человек пострадали в Старобельске при ударе ВСУ, 21 из них погиб, 7 остаются в больницах, 5 выписаны;

▪️Пострадавшим в Старобельске, нуждающимся в реабилитации, будет оказана соответствующая помощь в федеральных центрах.

✔️ [Подпишись на ТАСС в ""Максе""](https://max.ru/tass_agency)",35074,122,,tass_agency
378501,2026-06-01T18:11:56+00:00,"📹 Киевская верхушка решила открыть новую страницу в череде своих преступлений, придать новое качество конфликту, ""ну что ж, это их выбор"", заявил Путин.

Видео: Раптли/ТАСС

✔️ [Подпишись на ТАСС в ""Максе""](https://max.ru/tass_agency)",25198,119,,tass_agency
378500,2026-06-01T18:10:29+00:00,"❗️О преднамеренности удара ВСУ по Старобельскому колледжу свидетельствуют установленные на украинские БПЛА антенны Starlink, сообщил Бастрыкин.",21667,53,,tass_agency
378499,2026-06-01T18:05:46+00:00,"❗️Более 2 тыс. объектов образования были атакованы ВСУ с 2014 года, заявил Бастрыкин.",22852,37,,tass_agency
378498,2026-06-01T18:03:46+00:00,"❗️При нанесении ударов по РФ ВСУ используют БПЛА производства Украины и стран НАТО, сообщил Бастрыкин.

✔ [Подпишись на ТАСС в ""Максе""](https://max.ru/tass_agency)",25362,70,,tass_agency
378497,2026-06-01T18:00:15+00:00,"❗️В качестве обвиняемых в атаке на старобельский колледж привлечены Бровди и еще несколько командиров ВСУ, сообщил Гуцан.",26021,60,,tass_agency
378496,2026-06-01T17:56:55+00:00,"❗️70 человек пострадали в Старобельске при ударе ВСУ, 21 из них погиб, 7 остаются в больницах, 5 выписаны, сообщила Голикова.

✔ [Подпишись на ТАСС в ""Максе""](https://max.ru/tass_agency)",25016,38,,tass_agency
378495,2026-06-01T17:52:01+00:00,"Необходимо восстановить атакованный ВСУ колледж в Старобельске, заявил Пасечник.",23137,25,,tass_agency
378494,2026-06-01T17:46:47+00:00,"❗️Спасательная операция после удара ВСУ по колледжу длилась 45 часов, 15 раз возникала угроза повторных атак, сообщил Пасечник.

Видео: Раптли/ТАСС

✔ [Подпишись на ТАСС в ""Максе""](https://max.ru/tass_agency)",24446,34,,tass_agency
378493,2026-06-01T17:45:29+00:00,"❗️Из находящихся 89 человек в момент удара ВСУ по колледжу в Старобельске за помощью обратились 45, 21 погиб, сообщил Пасечник.

✔ [Подпишись на ТАСС в ""Максе""](https://max.ru/tass_agency)",23652,42,,tass_agency
378492,2026-06-01T17:43:59+00:00,"❗️Удар ВСУ по колледжу в ЛНР был целенаправленным и спланированным, заявил Пасечник Путину.",24251,42,,tass_agency
378491,2026-06-01T17:42:39+00:00,"❗️Для удара по колледжу в Старобельске ВСУ использовали 16 беспилотников, доложил Пасечник Путину.",24530,55,,tass_agency
378490,2026-06-01T17:39:36+00:00,"❗️Наказание виновным в атаке на колледж в Старобельске будет неотвратимым, заявил Путин.

Видео: Раптли/ТАСС

✔ [Подпишись на ТАСС в ""Максе""](https://max.ru/tass_agency)",26067,142,,tass_agency
378489,2026-06-01T17:38:55+00:00,"❗️Путин выразил соболезнования и поручил с максимальным вниманием отнестись к каждой семье, столкнувшейся с трагедией в Старобельске.",23225,51,,tass_agency
378488,2026-06-01T17:37:29+00:00,"❗️Путин назвал удар ВСУ по Старобельску ""кровавым преступлением украинской хунты"".",24870,130,,tass_agency
378487,2026-06-01T17:36:35+00:00,"▶️ Путин проводит совещание о мерах поддержки и ходе расследования теракта в Старобельске.  Присоединяйтесь к нашей [трансляции](https://t.me/tass_live?livestream).

Видео: Раптли/ТАСС",29233,47,,tass_agency
378486,2026-06-01T17:34:46+00:00,"❗️Трамп заявил, что провел телефонные разговоры с Нетаньяху и представителями ""Хезболлах"", условившись о прекращении огня в Ливане.",23410,54,,tass_agency
378485,2026-06-01T17:25:46+00:00,"📃 Путин продлил на пять лет срок полномочий Львовой-Беловой как детского омбудсмена.

✔ [Подпишись на ТАСС в ""Максе""](https://max.ru/tass_agency)",25128,47,,tass_agency
378484,2026-06-01T17:11:50+00:00,"▶️ Археологи извлекли коллекцию китайского фарфора и различные европейские товары с судна, затонувшего у берегов Норвегии, предположительно, в середине XVIII века, сообщает Reuters.

Видео: ТАСС/Reuters

✔ [Подпишись на ТАСС в ""Максе""](https://max.ru/tass_agency)",24652,94,,tass_agency
378483,2026-06-01T16:55:11+00:00,"**В Wildberries опровергли информацию о планах по приобретению Gloria Jeans**, сообщили ТАСС в пресс-службе Wildberries и Russ.

Ранее в СМИ появилась информация о том, что якобы Wildberries собирается выкупить Gloria Jeans, а переговоры о сделке идут очень активно.",25472,61,,tass_agency
378482,2026-06-01T16:42:50+00:00,"▶️ Грузовик с навозом въехал в здание магазина и опрокинул содержимое кузова на автомобиль BMW в Ленобласти. Никто не пострадал, сообщили ТАСС в пресс-службе управления ГАИ ГУ МВД по Санкт-Петербургу и области.

Видео: ТАСС

✔ [Подпишись на ТАСС в ""Максе""](https://max.ru/tass_agency)",36801,210,,tass_agency
378481,2026-06-01T16:38:43+00:00,Россельхознадзор с 2 июня ограничит ввоз косточковых плодов и винограда из Армении.,35181,110,,tass_agency
378480,2026-06-01T16:29:01+00:00,"▶️ **Четыре котенка родились у манулов Шу и Пепе в Ленинградском зоопарке**. В пресс-службе зоосада сообщили, что добиться размножения этих редких животных — настоящая победа.

Видео: Официальный Telegram-канал Ленинградского зоопарка/ТАСС

✔ [Подпишись на ТАСС в ""Максе""](https://max.ru/tass_agency)",40670,736,,tass_agency
378479,2026-06-01T16:18:34+00:00,"Дополнительные мероприятия по поиску Усольцевых пройдут в ближайшее время, сообщили ТАСС в СК.",24913,11,,tass_agency
378478,2026-06-01T16:05:51+00:00,"▶️ Минздрав Ливана заявил о 3 433 погибших при израильских атаках с начала военной эскалации.

Видео: ТАСС/Reuters

✔ [Подпишись на ТАСС в ""Максе""](https://max.ru/tass_agency)",26891,44,,tass_agency
378477,2026-06-01T15:54:30+00:00,"ВСУ действуют как ""обезьяна с гранатой"", атакуя инфраструктуру ЗАЭС и создавая тем самым угрозу и для своих западных спонсоров, заявила Мария Захарова.",26956,41,,tass_agency
378476,2026-06-01T15:45:04+00:00,"Задержанный танкер Tagor 2 июня прибудет в залив Дуарнене на западе Франции, где будет поставлен на якорь, сообщила префектура.",27365,26,,tass_agency
378475,2026-06-01T15:10:50+00:00,"**Раскопки в Нидерландах, где нашли останки мушкетера д'Артаньяна, признаны незаконными**, говорится в письме (есть у ТАСС) мэрии в городской совет.

Отмечается, что муниципалитет не выдавал разрешение на проведение археологических работ. После получения информации о раскопах местные власти немедленно остановили работы.

✔️ [Подпишись на ТАСС в ""Максе""](https://max.ru/tass_agency)",44792,133,,tass_agency
378474,2026-06-01T15:00:10+00:00,"Погибшие в Омске сапбордисты, скорее всего, утонули во время плавания, сообщили ТАСС в СК.",28911,18,,tass_agency
378473,2026-06-01T14:55:47+00:00,"❗️Временная поверенная Литвы вызвана в МИД РФ в связи с варварскими планами литовских властей по ликвидации захоронения советских солдат, сообщает дипведомство.",34202,88,,tass_agency
378472,2026-06-01T14:52:44+00:00,"▶️ Детей нужно защищать от потери концентрации из-за долгих видеоигр, заявил Мишустин на церемонии вручения премий в области детской и подростковой литературы.

Видео: Раптли/ТАСС

✔ [Подпишись на ТАСС в ""Максе""](https://max.ru/tass_agency)",30337,102,,tass_agency
378471,2026-06-01T14:48:50+00:00,"__""Мы — братья, и никто не может утверждать обратное""__. Политикам не следует врать, заявил в интервью ТАСС в преддверии ПМЭФ бывший вице-премьер Сербии Александар Вулин.

Так он прокомментировал слова спикера парламента страны Брнабич о том, что отношения между Россией и Сербией нельзя назвать по-настоящему братскими.

#ПМЭФ2026

✔️ [Подпишись на ТАСС в ""Максе""](https://max.ru/tass_agency)",27232,26,,tass_agency
378470,2026-06-01T14:40:45+00:00,"Более  20 представителей российских медиахолдингов внесли в базу экстремистского сайта ""Миротворец"". Об этом свидетельствуют данные ресурса, с которыми ознакомился ТАСС.

В том числе гендиректора Президентского фонда культурных инициатив Романа Карманова, замгендиректора ""Газпром-медиа Холдинга"" Юлию Голубеву и руководителя ""Плюс студии"" Яндекса Михаила Китаева.

✔️ [Подпишись на ТАСС в ""Максе""](https://max.ru/tass_agency)",26947,31,,tass_agency
378469,2026-06-01T14:34:25+00:00,"Первый ЕГЭ-2026 прошел без сбоев, организованно, утечек не было, отметил Кравцов.",25828,32,,tass_agency
378468,2026-06-01T14:23:50+00:00,"Новый свод правил для парковок не устанавливает запрет для владельцев электромобилей, сообщили в МЧС.

Ранее в ряде СМИ писали о штрафах, грозящих владельцам электромобилей и гибридных автомобилей за нарушение правил пожарной безопасности в случае парковки на необорудованных стоянках.",26870,58,,tass_agency
378467,2026-06-01T14:16:50+00:00,"**""Калашников"" начал поставки новейшего беспилотника ""Скат-220""**, сообщили в компании.

Новый аппарат имеет размах крыла — 2,20 м, и вес — 12 кг, что позволяет ему достигать рекордных показателей по скорости — до 160 км/ч.

✔️ [Подпишись на ТАСС в ""Максе""](https://max.ru/tass_agency)",27735,133,,tass_agency
378466,2026-06-01T14:10:50+00:00,"✈️ Филиппины и РФ планируют расширить прямое авиасообщение, заявил посол страны в РФ Игорь Байлен.

Авиакомпания S7 хочет запустить прямые рейсы между Иркутском, Новосибирском, Владивостоком с Манилой и Себу.",25762,64,,tass_agency
378465,2026-06-01T14:03:01+00:00,"▶ Многодетные семьи совершают подвиг каждый божий день, считает Путин.

Видео: Раптли/ТАСС

✔ [Подпишись на ТАСС в ""Максе""](https://max.ru/tass_agency)",25619,68,,tass_agency
378464,2026-06-01T14:00:36+00:00,"**Главные новости к этому часу:**

▪️ВС РФ [освободили](https://tass.ru/armiya-i-opk/27597777) Тихоновку в ДНР. 

▪️Россия рада принять тех, кто переезжает сюда для сохранения традиционных ценностей, [заявил](https://tass.ru/obschestvo/27601901) Путин. 

▪️Иран [приостанавливает](https://tass.ru/mezhdunarodnaya-panorama/27601931) обмен сообщениями с США в рамках переговоров. 

▪️При атаке ВСУ в Геническе [повреждено](https://tass.ru/proisshestviya/27601137) минимум 48 квартир. 

▪️""Белые списки"", задержание танкера Францией и безвиз с Сербией. Темы брифинга Пескова — в [материале](https://tass.ru/politika/27598667) ТАСС. 

▪️Вучич не будет баллотироваться на новый президентский срок, [заявил](https://tass.ru/mezhdunarodnaya-panorama/27598971) Вулин. 

▪️165 жителей Курской области удалось вернуть с Украины, [заявила](https://tass.ru/politika/27599557) Лантратова.

▪️ФСБ и Минобороны [согласуют](https://tass.ru/politika/27601193) работу в водах РФ судов под иностранным флагом. 

▪️РФ [заняла](https://tass.ru/obschestvo/27601299) первое место в Европе по минимальному уровню безработицы.

▪️Россияне [смогут](https://tass.ru/obschestvo/27596741) получить судебную корреспонденцию на ""Госуслугах"" с 1 июня. 

▪️МВД [опровергло](https://tass.ru/obschestvo/27598947) информацию о массовых проверках пожилых водителей.

✔️ [Подпишись на ТАСС в ""Максе""](https://max.ru/tass_agency)",26023,12,,tass_agency
378463,2026-06-01T13:57:15+00:00,"❗️Иран готов полностью перекрыть Ормузский пролив и активизировать действия в Баб-эль-Мандебском проливе для давления на Израиль, сообщает Tasnim.

✔️ [Подпишись на ТАСС в ""Максе""](https://max.ru/tass_agency)",23707,65,,tass_agency
378462,2026-06-01T13:51:51+00:00,"Задержанный Францией танкер Tagor следовал под флагом Камеруна, а не Мадагаскара, сообщил портал Moov со ссылкой на данные первичного осмотра судна французскими военными.",24461,24,,tass_agency
378461,2026-06-01T13:45:29+00:00,"❗️Иран не возобновит переговоры с США до полного вывода израильских войск с территории Ливана и прекращения ударов, сообщает Tasnim.",25289,87,,tass_agency
378460,2026-06-01T13:43:50+00:00,"Утверждения Литвы о том, что страны Балтии не предоставляют Киеву воздушное пространство для ударов по РФ, должны оценивать российские военные, они обладают точными данными. Об этом заявил Песков в ответ на вопрос ТАСС.

✔️ [Подпишись на ТАСС в ""Максе""](https://max.ru/tass_agency)",25797,39,,tass_agency
378459,2026-06-01T13:36:56+00:00,"▶ Гендиректор ТАСС Андрей Кондрашов и исполнительный директор Ассоциации ветеранов СВО Владимир Горох подписали меморандум об информационном партнерстве. 

Видео: ТАСС

✔ [Подпишись на ТАСС в ""Максе""](https://max.ru/tass_agency)",24188,14,,tass_agency
378458,2026-06-01T13:29:29+00:00,"❗️Иран приостанавливает обмен сообщениями с США в рамках переговорного процесса из-за продолжающихся ударов Израиля по Ливану, сообщает Tasnim.",24646,62,,tass_agency
378457,2026-06-01T13:29:24+00:00,"▶️ Нет ничего важнее подлинных семейных ценностей, нет счастья большего, чем родительство, заявил Путин.

Видео: Раптли/ТАСС

✔️ [Подпишись на ТАСС в ""Максе""](https://max.ru/tass_agency)",25645,54,,tass_agency
378456,2026-06-01T13:27:44+00:00,"Власти стремятся создавать все условия для того, чтобы многодетных семей в России было как можно больше, заявил Владимир Путин.",23690,34,,tass_agency
378455,2026-06-01T13:26:53+00:00,"В целом ряде стран пытаются отменить традиционные ценности, и Россия рада принять тех людей, кто переезжает сюда для их сохранения, заявил Путин.",25236,61,,tass_agency
378454,2026-06-01T13:21:16+00:00,"▶ Путин вручает ордена ""Мать-героиня"" и ""Родительская слава"" в Москве. Присоединяйтесь к нашей [трансляции](https://t.me/tass_live?livestream).

Видео: Раптли/ТАСС",25496,31,,tass_agency
378453,2026-06-01T13:21:11+00:00,"Путин и Пашинян обсудили в том числе и заявление лидеров ЕАЭС, сообщил Песков.",24865,12,,tass_agency
378452,2026-06-01T13:10:41+00:00,"**РФ заняла первое место в Европе по минимальному уровню безработицы**, свидетельствуют данные ВЦИОМ. Уровень в 2,2% сохраняет минимальные значения за почти 35 лет.

Россия опередила Данию, Великобританию, Италию, Францию и Испанию.",27581,89,,tass_agency
378448,2026-06-01T13:00:59+00:00,"▶️ При атаке ВСУ в Геническе повреждено по меньшей мере 48 квартир. Эта ситуация затронула 62 человека, сообщила ТАСС глава округа Юлия Семякина.

Видео и фото: Елизавета Демидова/Алексей Малашенко/ТАСС

✔️ [Подпишись на ТАСС в ""Максе""](https://max.ru/tass_agency)",27773,57,,tass_agency
378447,2026-06-01T12:32:51+00:00,"👔**Гадалка Ермака предсказала появление новой информации по делу Тимура Миндича из-за положения Меркурия**, сообщил Железняк со ссылкой на текст ее публикации.

""На этой неделе будет ярко проявлен квадрат Меркурия и Нептуна, а это значит, что у носителей-активистов начнется обострение, и вранья они будут изрыгать из себя еще больше,"" — пишет  Вероника Фэншуй.

✔ [Подпишись на ТАСС в ""Максе""](https://max.ru/tass_agency)",30321,164,,tass_agency
378446,2026-06-01T12:23:13+00:00,"❗️Разрешения на использование во внутренних водах РФ судов под иностранным флагом будут выдавать ФСБ и Минобороны, сообщил кабмин.

✔️ [Подпишись на ТАСС в ""Максе""](https://max.ru/tass_agency)",30023,71,,tass_agency
378445,2026-06-01T12:17:41+00:00,"Два человека пострадали из-за взрыва на фабрике фейерверков на Мальте, пишет газета Malta Today.

Также местные фермеры говорят, что на их хозяйствах погибли коровы, птицы и кролики.",30316,24,,tass_agency
378444,2026-06-01T12:13:32+00:00,"🚨 В Барнауле 18 детей заразились норовирусом в Краевом детском психоневрологическом санатории, сообщает источник ТАСС.",30247,48,,tass_agency
378443,2026-06-01T12:03:56+00:00,"▶️ **В Кемеровской области после гибели 17-летнего подростка задержали трех охотников**, сообщает СК.

Отмечается, что МВД установило причастность к совершению убийства трех мужчин, один из которых по наводке товарищей выстрелил в сторону потерпевшего.

Видео: СУ СК России по Кемеровской области — Кузбассу/ТАСС

✔️ [Подпишись на ТАСС в ""Максе""](https://max.ru/tass_agency)",31144,37,,tass_agency
378442,2026-06-01T11:56:16+00:00,"▶️ Обстановка в Кремле перед началом церемонии вручения Путиным орденов ""Мать-героиня"" и ""Родительская слава"".

Видео: Kremlin. ru

✔️ [Подпишись на ТАСС в ""Максе""](https://max.ru/tass_agency)",28656,45,,tass_agency
378441,2026-06-01T11:55:33+00:00,"🕔 ЕГЭ стартовал в штатном режиме, все экзаменационные пункты работают по графику, организационные процессы отлажены, сообщил Кравцов.",27575,12,,tass_agency
378438,2026-06-01T11:41:28+00:00,"🚊 **""Аэроэкспресс"" с 1 июня начнет раздавать пассажирам с детьми паспорта путешественника**, сообщил в интервью ТАСС гендиректор компании Андрей Акимов в преддверии ПМЭФ.

Помимо познавательной информации в нем будет страничка для штампиков за поездки, а за каждую отметку в ней будут дарить подарки.

Фото: Пресс-служба ""Аэроэкспресс""

#ПМЭФ2026

✔️ [Подпишись на ТАСС в ""Максе""](https://max.ru/tass_agency)",30030,111,,tass_agency
378437,2026-06-01T11:26:30+00:00,"❗️Кремль не получал от Бухареста реакции на слова Путина о готовности РФ изучить обломки упавшего в Румынии дрона, заявил Песков ТАСС.

✔️ [Подпишись на ТАСС в ""Максе""](https://max.ru/tass_agency)",29047,48,,tass_agency
378436,2026-06-01T11:20:57+00:00,"Американская журналистка Кэндис Оуэнс, ведущая расследование о Макроне, примет участие в ПМЭФ, сообщает источник ТАСС.

#ПМЭФ2026",53059,282,,tass_agency
378435,2026-06-01T11:17:01+00:00,"💲Юсуф Алекперов, сын основателя ""Лукойла"", возглавил рейтинг Forbes богатейших наследников миллиардеров РФ, **его наследство составляет $29,5 млрд.**

Вторую строчку занимают двое детей основного владельца ""Новатэк"" и ""Сибур"" Михельсона (по $14,15 млрд на каждого).

Третье место у дочери и сына основателя ""Еврохима"" Мельниченко (по $10,2 млрд на каждого).

✔️ [Подпишись на ТАСС в ""Максе""](https://max.ru/tass_agency)",31507,151,,tass_agency
378434,2026-06-01T11:10:09+00:00,"❗️Порядка 80 разлученных в ходе СВО семей воссоединились, заявила Лантратова.",28952,30,,tass_agency
378433,2026-06-01T11:09:01+00:00,"**__""Это роковая ошибка. Это просто утрата сердец поляков"".__** Польский министр-координатор спецслужб Семоняк в эфире TVN24 указал на потерю доверия Зеленским со стороны поляков после его шагов по прославлению бандеровцев.",32054,72,,tass_agency
378432,2026-06-01T10:58:52+00:00,"Заслуженная артистка РФ Лариса Жуковская умерла в возрасте 88 лет, сообщил ТАСС источник в МХАТ им. Горького.

✔ [Подпишись на ТАСС в ""Максе""](https://max.ru/tass_agency)",29952,36,,tass_agency
378431,2026-06-01T10:54:53+00:00,"❗️С территории Украины были возвращены более 160 человек, в том числе 16 детей, заявила Лантратова.",30169,75,,tass_agency
378430,2026-06-01T10:53:12+00:00,"Посол РФ в Белграде рассчитывает, что своим решением по безвизовому режиму Сербия не навредит двусторонним отношениям.

Он подчеркнул, что безвиз с РФ выгоден самой Сербии.

✔ [Подпишись на ТАСС в ""Максе""](https://max.ru/tass_agency)",29552,26,,tass_agency
378429,2026-06-01T10:44:01+00:00,"Аппарат уполномоченного по правам человека в РФ уточняет точное число удерживаемых на территории Украины курян, заявила Лантратова в ответ на вопрос ТАСС.",29224,39,,tass_agency
378428,2026-06-01T10:42:01+00:00,"**Россияне смогут увидеть единственную яркую комету лета даже в бинокли**, сообщили ТАСС в обсерватории ""Вега"" НГУ.

Появление 10P/Tempel 2 ожидается в конце июля — начале августа.

✔ [Подпишись на ТАСС в ""Максе""](https://max.ru/tass_agency)",28547,74,,tass_agency
378427,2026-06-01T10:31:01+00:00,"**Мадьяр пригрозил президенту Венгрии Шуйоку** **импичментом**, если он откажется добровольно покинуть свой пост.

По словам Мадьяра, Шуйок не справился с обязанностями главы государства и не препятствовал злоупотреблениям, которые якобы совершало правительство Орбана.",29054,51,,tass_agency
378426,2026-06-01T10:24:01+00:00,"**МВД опровергло информацию о массовых проверках пожилых водителей.**

По словам Ирины Волк, сотрудники ГАИ оказывают содействие участникам дорожного движения в затруднительной ситуации, в том числе пожилого возраста.

✔ [Подпишись на ТАСС в ""Максе""](https://max.ru/tass_agency)",26952,10,,tass_agency
378425,2026-06-01T10:19:01+00:00,"**ЕС может отменить предоставление защиты для украинцев призывного возраста**, сообщает Euractiv.

По данным портала, предложение содержится во внутренних документах Совета ЕС.",27266,61,,tass_agency
378424,2026-06-01T10:14:01+00:00,"▶️ Три человека погибли и один пострадал в ДТП Ростовской области. Автомобиль въехал в дерево в селе Песчанокопское, сообщили в Госавтоинспекции региона.

Видео: Официальный Telegram-канал Госавтоинспекции Ростовской области/ТАСС

✔ [Подпишись на ТАСС в ""Максе""](https://max.ru/tass_agency)",27454,14,,tass_agency
378423,2026-06-01T10:05:31+00:00,"Вучич не будет баллотироваться на новый президентский срок, заявил в интервью ТАСС Вулин.",26978,131,,tass_agency
378422,2026-06-01T09:59:01+00:00,"💲**Состояние богатейших россиян с начала года выросло на $21,85 млрд**, пишет Bloomberg: 

▪️Сооснователь ""Еврохима"" и СУЭК Мельниченко с начала года заработал $5,63 млрд, его состояние достигло $24,6 млрд;

▪️Глава ""Новатэка"" Михельсон увеличил состояние на $4,15 млрд, до $27,8 млрд;

▪️Основатель ""Северстали"" Мордашов заработал $3,66 млрд, увеличив состояние до $29,9 млрд.

В то же время состояние сооснователя Telegram Дурова стало меньше на $2,2 млрд, до $12,2 млрд, а предпринимателя Прохорова — на $4,6 млрд, до $12 млрд.

✔️ [Подпишись на ТАСС в ""Максе""](https://max.ru/tass_agency)",54015,353,,tass_agency
378421,2026-06-01T09:52:01+00:00,"**С 1 июня россияне смогут получать судебную корреспонденцию на ""Госуслугах""**, сообщает Верховный суд.

Как ранее заявлял Краснов, ""это позволит гражданам знать о судебных процессах, в которые они вовлечены, а сторонам — оперативно получать извещения и документы"".",27649,114,,tass_agency
378420,2026-06-01T09:46:01+00:00,"**Что известно о задержании Францией танкера Tagor в Атлантическом океане:**

▪️Утром 31 мая ВМС Франции задержали нефтяной танкер Tagor, шедший из России, на который распространяются международные санкции, заявил Макрон;

▪️По его словам, операцию провели в Атлантическом океане, в открытом море, при поддержке ряда партнеров, в том числе Великобритании;

▪️По данным мониторингового ресурса VesselFinder, нефтяной танкер Tagor ходит под флагом Мадагаскара;

▪️Последний заход он совершил в порту Мурманска в начале мая, утверждается на сайте сервиса;

▪️Предварительно, капитаном захваченного французскими ВМС в Атлантическом океане танкера Tagor является российский гражданин, сообщили ТАСС в посольстве РФ в Париже;

▪️В дипмиссии отметили, что запросили у французских властей информацию о наличии российского гражданства у членов экипажа танкера;

▪️В посольстве уточнили, что французская сторона не уведомляла дипмиссию о действиях в отношении танкера Tagor.

✔ [Подпишись на ТАСС в ""Максе""](https://max.ru/tass_agency)",27810,60,,tass_agency
378419,2026-06-01T09:40:38+00:00,"**Суд ЕС подтвердил регистрацию иска ЦБ РФ против Совета ЕС и Европарламента.**

Ранее Банк России сообщил, что подал иск в Суд ЕС, оспорив регламент Европарламента и Совета ЕС от 24 февраля 2026 года, который допускает погашение военных кредитов ЕС Украине на €90 млрд за счет блокированных активов ЦБ РФ.",25180,56,,tass_agency
378418,2026-06-01T09:34:01+00:00,"Реакторы ЗАЭС защищены от небольших снарядов, но около 2 600 тонн материала находится рядом, это большая опасность, сообщил Лихачев.

✔️ [Подпишись на ТАСС в ""Максе""](https://max.ru/tass_agency)",24783,36,,tass_agency
378417,2026-06-01T09:32:11+00:00,"📞 Путин и Пашинян обсудили по телефону итоги саммита ЕАЭС в Астане, сообщила пресс-служба Кремля.",28398,38,,tass_agency
378416,2026-06-01T09:28:06+00:00,"**Главное из заявлений Дмитрия Пескова:**

▪️""Белые списки"" сайтов постоянно расширяются, в них входят важнейшие ресурсы;

▪️Важнейшие сервисы должны найти свое место в ""белых списках"", их работу необходимо гарантировать;

▪️РФ продолжит принимать меры для обеспечения безопасности своих грузов;

▪️РФ не согласна с заявлениями, будто задержание танкера Tagor соответствует международному праву;

▪️Песков переадресовал вопрос по дополнительной защите трассы ""Новороссия"" от атак ВСУ в Минобороны РФ и к местным властям;

▪️Над решением вопросов по ограничению продажи бензина работают все уровни власти;

▪️Путин сегодня встретится с детским омбудсменом Марией Львовой-Беловой, а также с председателем правления фонда ""Круг добра"" протоиереем Александром Ткаченко. 

 Видео: Пресс-служба Кремля/ТАСС

✔️ [Подпишись на ТАСС в ""Максе""](https://max.ru/tass_agency)",28398,56,,tass_agency
378415,2026-06-01T09:26:58+00:00,"Песков, комментируя информацию о возможной отмене Сербией безвизового режима с РФ, отметил, что такие решения, ""как правило, симметричны"".",23833,71,,tass_agency
378414,2026-06-01T09:26:28+00:00,"РФ считает незаконным задержание танкера Францией, шедшего из РФ, это граничит с пиратством, заявил Песков.",24685,63,,tass_agency
378413,2026-06-01T09:25:41+00:00,"Поручение Путина по доступности интернета призвано усовершенствовать систему ""белых списков"", заявил Песков.",24931,86,,tass_agency
378412,2026-06-01T09:22:08+00:00,"Целенаправленный удар по атомному объекту является прямой предтечей ядерного инцидента, прокомментировал Лихачев атаки на ЗАЭС.",23407,58,,tass_agency
378411,2026-06-01T09:20:45+00:00,"❗️**Произошедший удар дрона ВСУ по машзалу ЗАЭС не привел к выбросу радиации**, однако подобные атаки могут иметь такие последствия, заявил ""Вестям"" директор ЗАЭС Юрий Черничук.

Главное из заявлений директора станции:

▪️МАГАТЭ не заявляло о том, что ответственность за атаку по машинному залу ЗАЭС несет Украина;

▪️Атака на машинный зал ЗАЭС стала первым целенаправленным и осознанным ударом Киева по ее объекту;

▪️Мощность заряда дрона ВСУ была достаточно высока, чтобы пробить стену машинного зала ЗАЭС толщиной 50 см;

▪️Экспертам МАГАТЭ были сегодня продемонстрированы изнутри последствия удара дроном ВСУ по машинному залу блока №6 ЗАЭС. 

✔️ [Подпишись на ТАСС в ""Максе""](https://max.ru/tass_agency)",23783,62,,tass_agency
378410,2026-06-01T09:20:22+00:00,"**Атака на машинный зал ЗАЭС стала первым целенаправленным и осознанным ударом Киева по ее объекту**, заявил директор станции.

Он подчеркнул, что атака на машинный зал ЗАЭС стала первым целенаправленным и осознанным ударом Киева по ее объекту.",22777,22,,tass_agency
378409,2026-06-01T09:18:44+00:00,"**Удар ВСУ по машинному залу ЗАЭС мог привести к потере энергоблока**, заявил директор станции.

Он отметил, что произошедший удар дрона ВСУ по машзалу ЗАЭС не привел к выбросу радиации, однако подобные атаки могут иметь такие последствия.",23316,30,,tass_agency
378408,2026-06-01T09:11:49+00:00,"**Главное из **[**нового**](https://t.me/tass_live/9530)** брифинга Минобороны России:**

▪️Российские войска поразили за сутки цеха производства, места подготовки и площадки запуска дальних беспилотников ВСУ;

▪️Российские средства ПВО сбили за сутки 9 управляемых авиабомб и 233 беспилотника ВСУ самолетного типа;

▪️Потери ВСУ в результате действий российских группировок войск составили порядка 1 335 военных за сутки.

✔ [Подпишись на ТАСС в ""Максе""](https://max.ru/tass_agency)",23859,30,,tass_agency
378407,2026-06-01T09:09:34+00:00,"⚡️ Группировка войск ""Южная"" освободила Тихоновку в ДНР, сообщает МО РФ.

✔️ [Подпишись на ТАСС в ""Максе""](https://max.ru/tass_agency)",22902,50,,tass_agency
378406,2026-06-01T09:04:01+00:00,"**Уже не секрет, что украинские боевики орудуют в Ливии и атакуют российские суда**, сообщил ТАСС директор департамента государств Африки (южнее Сахары) МИД РФ Башкин.

Он также констатировал, что ""украинские военные советники активно ведут подготовку операторов БПЛА, противодействия [БПЛА], подготовку спецназа"".",23722,64,,tass_agency
378405,2026-06-01T09:00:24+00:00,"**Главные новости к этому часу:**

▪️Кабмин и ФСБ должны гарантировать россиянам бесперебойный доступ в интернет даже в дни ограничений. ТАСС собрал основные [поручения](https://tass.ru/politika/27596789) Путина.

▪️Макрон [заявил](https://tass.ru/mezhdunarodnaya-panorama/27595099) о задержании шедшего из РФ танкера. Капитаном [является](https://tass.ru/politika/27597073) россиянин, сообщили в посольстве.

▪️Путин [поздравил](https://tass.ru/obschestvo/27595387) Пашиняна с днем рождения.

▪️Володин [рассказал](https://tass.ru/obschestvo/27595187) о законах, вступающих в силу в июне.

▪️РФ [откроет](https://tass.ru/politika/27597193) посольства на Коморах, в Гамбии, Либерии и Того, сообщили ТАСС в МИД России.

▪️В РФ восемь уроженцев Центральной Азии [лишили](https://tass.ru/proisshestviya/27595779) гражданства за нарушения закона.

▪️В Индонезии из-за взрыва бомбы Второй мировой войны [погибли](https://tass.ru/proisshestviya/27595155) пятеро, сообщила газета Jakarta Globe.

▪️В Роспотребнадзоре [оценили](https://tass.ru/obschestvo/27596191) риски заноса лихорадки Эбола в РФ как минимальные.

✔️ [Подпишись на ТАСС в ""Максе""](https://max.ru/tass_agency)",24856,14,,tass_agency
378404,2026-06-01T08:51:01+00:00,"**Армении с 2 июня нужно приостановить сертификацию рыбы, предназначенной к экспорту в РФ**, сообщил Россельхознадзор.

Рыбные товары допущенных двух заводов будут ввозить в Россию при условии лабораторного мониторинга по показателям безопасности.",24936,71,,tass_agency
378403,2026-06-01T08:46:50+00:00,"▶️ К 17 годам приговорили жительницу Благовещенска, **задушившую свою малолетнюю дочь из-за плача**, сообщили в объединенной пресс-службе судов Башкирии.

Женщина убила девочку ночью 18 февраля 2025 года. Двоих детей осужденной передали под опеку бабушки.

Видео: Официальный Telegram-канал объединенной пресс-службы судов Республики Башкортостан

✔ [Подпишись на ТАСС в ""Максе""](https://max.ru/tass_agency)",26198,57,,tass_agency
378402,2026-06-01T08:39:01+00:00,"РФ откроет посольства на Коморах, в Гамбии, Либерии и Того, сообщили ТАСС в МИД России.",26071,83,,tass_agency
378401,2026-06-01T08:36:01+00:00,"**В Омской области нашли тело второго пропавшего сапбордиста**, сообщает СК.

Мужчина и женщина пропали 25 мая после того, как ушли кататься на сапбордах на Иртыш. 30 мая тело женщины было найдено на берегу в затоне. Следствие рассматривает несколько версий, включая несчастный случай.

✔ [Подпишись на ТАСС в ""Максе""](https://max.ru/tass_agency)",27513,38,,tass_agency
378400,2026-06-01T08:33:45+00:00,"🚨 В День защиты детей ВСУ атаковали БПЛА школу в Васильевке Запорожской области, сообщает Балицкий. Жертв среди мирного населения нет.",28293,59,,tass_agency
378399,2026-06-01T08:31:13+00:00,"Французская сторона не уведомляла посольство РФ о действиях в отношении танкера Tagor, сообщили ТАСС в дипмиссии.

✔ [Подпишись на ТАСС в ""Максе""](https://max.ru/tass_agency)",26846,26,,tass_agency
378398,2026-06-01T08:25:15+00:00,"По предварительным данным, капитаном захваченного французскими ВМС танкера Tagor является гражданин России, сообщает посольство РФ в Париже.",27424,63,,tass_agency
378397,2026-06-01T08:17:50+00:00,"▶️ **На Мальте произошел взрыв на заводе по производству фейерверков** Lourdes Fireworks Factory, пишет Times of Malta. Повреждены жилые дома, автомобили и другие объекты в окрестностях. Информации о погибших пока нет.

Видео: Philip Micallef/Х

✔ [Подпишись на ТАСС в ""Максе""](https://max.ru/tass_agency)",47225,896,,tass_agency
378393,2026-06-01T08:06:22+00:00,"▶️ Пассажиры проходят регистрацию на рейс по биометрии в аэропорту Шереметьево.

С работой системы прохода также ознакомился глава Минтранса РФ.  Корреспондент ТАСС сдал биометрию на стойке ВТБ без паспорта за 5 минут.

Видео: ТАСС; Елена Воробьева/ТАСС

✔ [Подпишись на ТАСС в ""Максе""](https://max.ru/tass_agency)",26682,68,,tass_agency
378392,2026-06-01T07:52:01+00:00,"▶️ В РФ восемь уроженцев Центральной Азии лишили гражданства за экстремистские настроения и нарушения закона, сообщили в ЦОС ФСБ.

Видео: ЦОС ФСБ России/ТАСС

✔ [Подпишись на ТАСС в ""Максе""](https://max.ru/tass_agency)",27195,87,,tass_agency
378391,2026-06-01T07:44:01+00:00,"▶️ Во Франции число задержанных в ходе беспорядков после победы ПСЖ превысило 890. 178 полицейских пострадали, сообщил глава МВД Франции Лоран Нуньес.

Видео: ТАСС/Reuters/Middle East Images/Anadolu Agency

✔ [Подпишись на ТАСС в ""Максе""](https://max.ru/tass_agency)",25919,64,,tass_agency
378390,2026-06-01T07:36:01+00:00,"**Риски заноса лихорадки Эбола в РФ оцениваются как минимальные**, сообщила Анна Попова.

Она добавила, что эпидемиологическая обстановка в России по всем инфекциям является стабильной.",24256,32,,tass_agency
378389,2026-06-01T07:31:01+00:00,"**Что известно о последствиях удара БПЛА по Геническу:**

▪ВСУ нанесли удар беспилотником по многоквартирным домам на улице Братьев Коваленко в Геническе, сообщил Сальдо;

▪В результате погиб ребенок 2020 года рождения и пострадали 11 человек. Все они находятся в состоянии средней степени тяжести, сообщил губернатор региона;

▪Четыре дома и до восьми автомобилей получили повреждения, сообщила ТАСС глава округа Семякина;

▪Атака БПЛА ВСУ стала причиной отключения электричества в Херсонской области, сообщил Сальдо;

▪11 муниципальных округов Херсонской области полностью или частично обесточены, сообщили в пресс-службе ""Херсонэнерго"";

▪На территории округа развернули пункт временного размещения для пострадавших, он рассчитан на 30 койко-мест, сообщила ТАСС Семякина;

▪Она также отметила, что ребенок погиб накануне Дня защиты детей;

▪Власти Херсонской области отменили проведение всех праздничных мероприятий в День защиты детей из-за атак со стороны ВСУ, сообщил ТАСС пресс-секретарь губернатора региона Василенко;

▪Центральный телеканал Херсонской области после трагедии в Геническе в День защиты детей снимет с эфира развлекательные программы, сообщается в Telegram-канале телеканала ""Таврия"".

✔ [Подпишись на ТАСС в ""Максе""](https://max.ru/tass_agency)",26123,56,,tass_agency
378388,2026-06-01T07:26:01+00:00,"Минтранс РФ не фиксирует дефицита авиакеросина на внутреннем рынке, сообщил министр транспорта Андрей Никитин.",25796,48,,tass_agency
378387,2026-06-01T07:19:59+00:00,"📃 **Главное из поручений Владимира Путина: **

▪При участии МЧС разработать механизмы страхования жилых помещений от чрезвычайных ситуаций

▪Местным властям организовать бойцам СВО и их семьям бесплатную помощь в сфере здравоохранения и туризма;

▪Верховному суду изучить, как предоставляются средства на жилье детям-сиротам;

▪Изучить вопрос, когда местные власти не могут исполнять судебные предписания из-за нехватки средств;

▪До осени утвердить модель развития Трансарктического коридора;

▪Кабмину с ""Газпромом"" и ""Новатэком"" контролировать реализацию Мурманского СПГ и газопровода ""Волхов — Мурманск"";

▪Кабмину, властям Мурманской области и ""Россетям"" обеспечить бесперебойное функционирование электросетевого комплекса региона;

▪Обеспечить финансирование строительства пятого и шестого ледоколов типа ""Арктика"". 

✔ [Подпишись на ТАСС в ""Максе""](https://max.ru/tass_agency)",28574,67,,tass_agency
378386,2026-06-01T07:14:27+00:00,"❗️Путин поручил кабмину и ФСБ гарантировать россиянам бесперебойный доступ в интернет даже в дни ограничений, сообщили в Кремле.

✔ [Подпишись на ТАСС в ""Максе""](https://max.ru/tass_agency)",93053,1426,,tass_agency
378385,2026-06-01T07:12:01+00:00,"День знаний нужно сделать нерабочим, чтобы родителям не приходилось отпрашиваться на школьную линейку, заявил ТАСС Николай Новичков (""Справедливая Россия"").

1 сентября можно сделать нерабочим за счет одного дня новогодних каникул.",27934,60,,tass_agency
378384,2026-06-01T07:03:01+00:00,"▶️ Из-за взрыва бомбы, предположительно, **времен Второй мировой войны** в Индонезии пять человек погибли и трое пропали без вести. Есть 19 пострадавших, пишет Jakarta Globe.

В воскресенье днем в округе Биак-Нумфор взрыв сровнял с землей шесть домов.

Видео: ТАСС/Reuters/Xinhua News Agency

✔ [Подпишись на ТАСС в ""Максе""](https://max.ru/tass_agency)",28609,55,,tass_agency
378383,2026-06-01T06:53:01+00:00,"**Дети с 12 лет могли бы официально трудоустраиваться в семейных кафе или магазинах**, помогая родителям, заявил ТАСС заместитель секретаря ОП РФ Владислав Гриб.

Он отметил, что планку возраста устройства на работу несовершеннолетних можно опустить с согласия родителей и при соблюдении всех норм безопасности и охраны здоровья.

✔ [Подпишись на ТАСС в ""Максе""](https://max.ru/tass_agency)",29027,121,,tass_agency
378382,2026-06-01T06:41:01+00:00,"Администрация Краснопольского района Сумской области обналичивает миллиарды гривен через компании, которые продолжают по документам оказывать услуги в уже освобожденных РФ населенных пунктах. Об этом ТАСС сообщили силовики.",28676,25,,tass_agency
378381,2026-06-01T06:36:09+00:00,"Количество госпитализированных в результате массового отравления в кафе в Пятигорске составляет **50 человек**, сообщили ТАСС в Минздраве Ставропольского края.",29151,66,,tass_agency
378380,2026-06-01T06:32:37+00:00,"Экс-сенатор Арашуков просил передавать ему в колонию ""Черный дельфин"" **посылки с элитными товарами**, следует из материалов суда.

Как отметил в ходе судебного заседания представитель гособвинения, факт материальной состоятельности осужденного ""каких-либо сомнений не вызывает"".

✔ [Подпишись на ТАСС в ""Максе""](https://max.ru/tass_agency)",42682,102,,tass_agency
378379,2026-06-01T06:27:01+00:00,"**Правительство РФ ввело временный запрет на экспорт авиационного керосина**, он будет действовать до 30 ноября 2026 года.

Цель принятого решения — обеспечение стабильной ситуации на внутреннем топливном рынке.",28376,91,,tass_agency
378378,2026-06-01T06:16:06+00:00,"Путин поздравил Пашиняна с днем рождения, сообщили в Кремле.

Президент РФ в поздравлении выразил заинтересованность в развитии отношений России и Армении.",65199,338,,tass_agency
378377,2026-06-01T06:04:01+00:00,"▶️ Ставки по ипотечным кредитам могут опуститься ниже 15% после снижения ключевой ставки до 11-10%, сообщил в интервью ТАСС Анатолий Аксаков в преддверии ПМЭФ.

Видео: ТАСС

#ПМЭФ2026

✔ [Подпишись на ТАСС в ""Максе""](https://max.ru/tass_agency)",30819,48,,tass_agency
378376,2026-06-01T05:52:25+00:00,"**Володин рассказал о законах, которые вступают в силу в июне:**

▪️Закон о продлении до 31 декабря 2027 года эксперимента по апробации правил и условий въезда в РФ мигрантов;

▪️С 5 июня один из родителей или детей военнослужащего в ряде случаев сможет получать отпуск вместе с ним;

▪️Также с 5 июня вступает в силу закон о возможности привлечения ВС РФ для защиты граждан России в случае их ареста, уголовного и иного преследования судами иностранных государств;

▪️С этой же даты начнет действовать закон, согласно которому профилактика правонарушений будет осуществляться по новым направлениям — защите исторической правды и исполнения воинской обязанности;

▪️С 1 июня вступает в силу закон о содействии ДОМ. РФ в сохранении объектов культурного наследия.

✔ [Подпишись на ТАСС в ""Максе""](https://max.ru/tass_agency)",28166,74,,tass_agency
378375,2026-06-01T05:39:29+00:00,"▶️ **Кадры задержания танкера в Атлантическом океане**.

По данным мониторингового ресурса VesselFinder, нефтяной танкер Tagor ходит под флагом Мадагаскара. Последний заход он совершил в порту Мурманска в начале мая.

Видео: Emmanuel Macron/X

✔ [Подпишись на ТАСС в ""Максе""](https://max.ru/tass_agency)",28315,127,,tass_agency
378374,2026-06-01T05:33:28+00:00,"**Семьям с детьми следует увеличить ипотечные каникулы с 6 до 12 месяцев** в случае наступления соответствующих обстоятельств, заявил председатель партии ""Справедливая Россия"" Миронов.

Такое решение будет способствовать предупреждению утраты единственного жилья и снижению риска образования большого просроченного долга по ипотеке.",27279,33,,tass_agency
378373,2026-06-01T05:19:29+00:00,"🚨 Франция при поддержке Британии и других партнеров задержала шедший из России танкер, утверждает Макрон.",29570,109,,tass_agency
378372,2026-06-01T05:09:25+00:00,"▶️ Споры о регулировании ставок по семейной ипотеке продолжаются, сообщил в интервью ТАСС Анатолий Аксаков в преддверии ПМЭФ.

Видео: ТАСС

#ПМЭФ2026

✔ [Подпишись на ТАСС в ""Максе""](https://max.ru/tass_agency)",29014,15,,tass_agency
378371,2026-06-01T04:59:01+00:00,"**Главные новости к этому часу:**

▪️Руководителей компаний по обмену и разблокировке замороженных активов [арестовали](https://tass.ru/proisshestviya/27593681).

▪️За ночь над регионами РФ [сбиты](https://tass.ru/armiya-i-opk/27594773) 72 украинских БПЛА, сообщили в Минобороны.

▪️Россияне с 1 июня могут [проходить](https://tass.ru/ekonomika/27593279) в самолет по биометрии на рейсах Москва — Петербург.

▪️Эксперт Пилкингтон [назвал](https://tass.ru/ekonomika/27593747) провалом санкций возможный отказ от лимита цен на нефть РФ.

▪️Испытания вакцины против рака [показали](https://tass.ru/obschestvo/27592797) беспрецедентные результаты, сообщает The Guardian.

▪️Сборная Финляндии в пятый раз [стала](https://tass.ru/sport/27593393) чемпионом мира по хоккею.

▪️Зеленский может [назначить](https://tass.ru/politika/27592801) Буданова* на должность главкома ВСУ.

__* Внесен в РФ в перечень террористов и экстремистов__


✔ [Подпишись на ТАСС в ""Максе""](https://max.ru/tass_agency)",28839,13,,tass_agency
378370,2026-06-01T04:51:01+00:00,"📹 ВСУ сделали целью людей, на которых держится безопасность ЗАЭС, заявил ТАСС директор станции Черничук.

Видео: Марина Осокина/ТАСС

✔ [Подпишись на ТАСС в ""Максе""](https://max.ru/tass_agency)",31958,34,,tass_agency
378369,2026-06-01T04:39:01+00:00,"The Guardian сообщила об **испытаниях вакцины против рака с ""беспрецедентными результатами"".**

По ее информации, международные испытания препарата Амивантамаб проводились в 11 странах. Препарат ввели 102 пациентам с раком органов головы и шеи. У 43 пациентов опухоли уменьшились в размерах или полностью исчезли. Из них у 28 наблюдалось значительное сокращение опухоли, а у 15 она была полностью устранена.",31572,180,,tass_agency
378368,2026-06-01T04:31:01+00:00,"▶️ Подростки могут официально работать при соблюдении ряда условий, рассказал ТАСС депутат Нилов.

Видео: Александра Горошилова/ТАСС

✔ [Подпишись на ТАСС в ""Максе""](https://max.ru/tass_agency)",39096,58,,tass_agency
378367,2026-06-01T04:23:48+00:00,"За ночь над регионами РФ сбиты 72 украинских БПЛА, сообщили в Минобороны.",30530,35,,tass_agency
378366,2026-06-01T03:44:38+00:00,"КСИР заявил, что нанес ответный удар по базе США, с которой осуществлялась атака на иранский остров.",33646,100,,tass_agency
378365,2026-06-01T03:26:42+00:00,"США нанесли удары по иранскому радару и пунктам управления беспилотниками, сообщает СЕНТКОМ.",37744,101,,tass_agency
378364,2026-06-01T03:19:32+00:00,"▶️ **Северный флот парирует все вызовы и угрозы в операционной зоне. **Об этом заявил командующий флотом адмирал Кабанцов в связи с 293-й годовщиной со дня образования Северного флота.

Видео: Пресс-служба Северного флота/ТАСС

✔ [Подпишись на ТАСС в ""Максе""](https://max.ru/tass_agency)",34628,53,,tass_agency
378363,2026-06-01T03:07:02+00:00,"**США предложили Израилю и Ливану новую инициативу о прекращении огня**, сообщил в X журналист Axios Барак Равид.

В качестве первого шага предлагается прекратить все атаки на Израиль радикальным шиитским движением ""Хезболлах"". Взамен Израиль воздержится от эскалации конфликта в Бейруте.

✔ [Подпишись на ТАСС в ""Максе""](https://max.ru/tass_agency)",30686,36,,tass_agency
378362,2026-06-01T02:54:01+00:00,"**Wildberries пока не планирует открывать ПВЗ в ОАЭ и Китае,** сообщила в интервью ТАСС в преддверии ПМЭФ основательница Wildberries Татьяна Ким.

#ПМЭФ2026",31405,26,,tass_agency
378361,2026-06-01T02:37:01+00:00,"Возможный отказ Брюсселя от лимита цен на нефть РФ демонстрирует **провал санкций ЕС и отсутствие разумной стратегии у бюрократов блока.** Такое мнение выразил ирландский экономист Пилкингтон.

""Европейские нефтяные санкции начинают рушиться. Существует большой шанс, что Россия усилит давление на ЕС, в то время как Брюссель будет умолять Россию возобновить поставки энергоносителей. У брюссельской диктатуры с низким IQ нет стратегии"", — написал он в X.",31860,74,,tass_agency
378360,2026-06-01T02:23:53+00:00,"📹 Аксаков допустил **перенос сроков внедрения цифрового рубля **для отдельных банков. Об этом депутат рассказал в интервью ТАСС в преддверии ПМЭФ.

Видео: ТАСС

#ПМЭФ2026",31535,37,,tass_agency
378359,2026-06-01T02:11:15+00:00,"**Полностью победить мошенничество можно**, сделав его организацию более затратной, сообщил в интервью ТАСС зампред правления Сбербанка Кузнецов в преддверии ПМЭФ.

Однако вывод похищенных денег за рубеж остается слабым местом в борьбе с мошенниками, отметил он. Через дроп-курьеров и криптовалюту в 2025 году аферисты вывели за рубеж около 120 млрд рублей. 

#ПМЭФ2026

✔ [Подпишись на ТАСС в ""Максе""](https://max.ru/tass_agency)",30995,52,,tass_agency
378358,2026-06-01T01:38:01+00:00,"**Заявление Москвы об ударах возмездия по Киеву стало предупреждением для Запада, **пишет журнал Die Weltwoche.

""Конфликт на Украине всегда был противостоянием России и Запада, однако теперь противники подошли еще ближе к прямому обмену ударами"", — говорится в статье издания о предупреждении РФ об ударах по Киеву.",31289,58,,tass_agency
378357,2026-06-01T01:21:34+00:00,"⚖️ **Руководителей компаний по обмену и разблокировке замороженных активов арестовали,** следует из электронной базы судов Москвы.

Главе ""Инвестиционной палаты"" Седушкину и руководителю европейского брокера Mind Money Хандошко предъявлено обвинение в мошенничестве в особо крупном размере.",33010,84,,tass_agency
378356,2026-06-01T00:34:27+00:00,"▶️ В ВС РФ начался летний период обучения, сообщили в МО.

Видео: Минобороны России/ТАСС

✔ [Подпишись на ТАСС в ""Максе""](https://max.ru/tass_agency)",32918,33,,tass_agency
378355,2026-05-31T23:02:01+00:00,"✈️ ""Аэрофлот"" с 1 июня возобновляет полеты из Москвы в Дубай после почти трех месяцев перерыва.",34138,96,,tass_agency
378354,2026-05-31T22:46:01+00:00,"Прием заявлений на получение новой ежегодной семейной налоговой выплаты начинается 1 июня.

Ее получат граждане РФ с двумя и более детьми и доходом ниже 1,5 регионального прожиточного минимума на человека.",34508,97,,tass_agency
378353,2026-05-31T22:33:01+00:00,"▶️ Первые пассажиры, воспользовавшиеся сервисом биометрической посадки, вылетели из Пулкова, передает корреспондент ТАСС с места событий.

Видео: Андрей Суетов/ТАСС

✔ [Подпишись на ТАСС в ""Максе""](https://max.ru/tass_agency)",35308,128,,tass_agency
378352,2026-05-31T22:25:06+00:00,🏅 Сборная Финляндии обыграла швейцарцев и в пятый раз стала чемпионом мира по хоккею.,32730,52,,tass_agency
378351,2026-05-31T22:12:20+00:00,"**В России стартует основной период ЕГЭ,** следует из приказов Минпросвещения РФ и Рособрнадзора, с которым ознакомился ТАСС.

▪️1 июня основной период сдачи истории, литературы, химии;
▪️4 июня — русского языка;
▪️8 июня — математики базового и профильного уровней;
▪️11 июня — обществознания, физики;
▪️15 июня — биологии, географии, письменной части экзамена по иностранным языкам;
▪️18-19 июня сдают информатику и устную часть экзамена по иностранным языкам.

22-25 июня — резервные дни для сдачи всех предметов. 8 и 9 июля — дни для пересдачи одного любого предмета по выбору выпускника.

✔ [Подпишись на ТАСС в ""Максе""](https://max.ru/tass_agency)",35647,172,,tass_agency
378350,2026-05-31T21:56:45+00:00,"🗓 Россиян в июне ждут длинные праздничные выходные в связи с празднованием Дня России.

Перед этим будет короткая рабочая неделя — всего 4 дня.",41865,178,,tass_agency
378349,2026-05-31T21:38:01+00:00,"✈️ Россияне с июня смогут проходить в самолет по биометрии на рейсах Москва — Петербург.

Сервис регистрации и посадки без паспорта, ""по улыбке"", будет работать на рейсах ""Аэрофлота"" в аэропортах Шереметьево и Пулково.",37111,92,,tass_agency
378348,2026-05-31T21:03:29+00:00,"📹 ВС России освободили 63 населенных пункта за весеннюю кампанию 2026 года, следует из подсчетов ТАСС на основе данных МО РФ.

Видео: ""Мастерская новых медиа""/ТАСС

✔ [Подпишись на ТАСС в ""Максе""](https://max.ru/tass_agency)",69951,236,,tass_agency
378347,2026-05-31T20:14:10+00:00,"**Более 200 человек погибли от ударов США по якобы судам наркокартелей** в Южной Америке, пишет The New York Times.

По ее сведениям, с начала американских атак осенью прошлого года ВС США нанесли более 60 ударов по катерам.",40187,41,,tass_agency
378346,2026-05-31T19:46:01+00:00,"Желтый уровень погодной опасности объявлен в Москве и Подмосковье из-за тумана, который ожидается ночью и утром, сообщили ТАСС в Гидрометцентре.",42135,148,,tass_agency
378345,2026-05-31T19:29:45+00:00,"RWB опровергла информацию о якобы приобретении ""Росгосстраха"". У объединенной компании Wildberries & Russ таких планов нет.

Ранее газета ""Коммерсантъ"" со ссылкой на источники сообщила, что RWB может войти в капитал ""Росгосстраха"" — одного из непрофильных активов, на который ВТБ ищет покупателя.

✔ [Подпишись на ТАСС в ""Максе""](https://max.ru/tass_agency)",42552,43,,tass_agency
378344,2026-05-31T18:58:39+00:00,"Врачи госпитализировали 31 человека после отравления в кафе в Пятигорске, рассказал ТАСС глава города Дмитрий Ворошилов.

30 мая сообщалось о вспышке острой кишечной инфекции. Изначально были госпитализированы девять человек. Роспотребнадзор выявил у них маркеры сальмонеллы.",42753,95,,tass_agency
378343,2026-05-31T18:41:01+00:00,"В Херсонской области из-за атаки украинских БПЛА обесточены девять округов, заявил Сальдо.

Ранее Балицкий также сообщил, что значительная часть Запорожской области обесточена из-за аварии.",42858,59,,tass_agency
378342,2026-05-31T18:31:44+00:00,"❗️Число пострадавших при атаке ВСУ на Геническ выросло до 11 человек, все в состоянии средней степени тяжести, сообщил Сальдо.

✔ [Подпишись на ТАСС в ""Максе""](https://max.ru/tass_agency)",42851,52,,tass_agency
378341,2026-05-31T18:30:42+00:00,"Зеленский намерен назначить главу своего офиса Буданова* главнокомандующим ВСУ, убрав Сырского. Об этом ТАСС сообщил источник, знакомый с ситуацией.

Он добавил, что эти решения обсуждались на фоне приезда в Киев американского сенатора-демократа Ричарда Блументаля, который считается одним из лоббистов военно-промышленного комплекса США.

__*Внесен в РФ в перечень террористов и экстремистов__",42679,113,,tass_agency
378340,2026-05-31T18:04:01+00:00,"ООН столкнулась с угрозой ""финансового коллапса"" и банкротства из-за отказа США и Китая выплачивать взносы по причинам разногласий с работой международной структуры, сообщает The Wall Street Journal.

По ее данным, при текущей бюджетной траектории организация исчерпает свои средства к середине августа.",40451,124,,tass_agency
378339,2026-05-31T17:39:48+00:00,"Все мероприятия ко Дню защиты детей отменили в Херсонской области из-за атак ВСУ, сообщает пресс-служба губернатора.",40126,46,,tass_agency
378338,2026-05-31T17:02:29+00:00,"**Главные новости к этому часу:**

▪МАГАТЭ [зафиксировало](https://tass.ru/proisshestviya/27591897) внешние повреждения машинного зала ЗАЭС.

▪Гимнастка Ильтерякова [выиграла](https://tass.ru/sport/27590983) чемпионат Европы в упражнениях с обручем.

▪ЕС [рассматривает](https://tass.ru/ekonomika/27590609) возможность временной отмены ограничений на цены на российскую нефть из-за конфликта вокруг Ирана, сообщает Bloomberg.

▪Мария Захарова в комментарии ""Известиям"" [объяснила](https://tass.ru/politika/27590661) оскорбления астронавта Келли в адрес России обидой.

▪Минск [определил](https://tass.ru/mezhdunarodnaya-panorama/27592021) ""очень серьезную цель"" в ответ на угрозы Киева, заявил Александр Лукашенко.

▪США [протестировали](https://tass.ru/mezhdunarodnaya-panorama/27590869) альтернативу дорогостоящим ракетам для борьбы с беспилотниками.

▪Спецкор ТАСС на МКС Сергей Кудь-Сверчков во время выхода в открытый космос [сделал](https://tass.ru/kosmos/27590577) селфи на фоне Земли.

✔ [Подпишись на ТАСС в ""Максе""](https://max.ru/tass_agency)",42957,13,,tass_agency
378337,2026-05-31T16:39:01+00:00,"▶️ 20 человек погибли и десятки ранены в результате детонации на складе взрывчатых веществ в Мьянме, сообщает EMG. Причина взрыва пока не установлена.

Видео: Min Ye Kyaw Swar/Х

✔ [Подпишись на ТАСС в ""Максе""](https://max.ru/tass_agency)",40950,45,,tass_agency
378336,2026-05-31T16:15:38+00:00,"🚨 Один ребенок погиб, шесть человек пострадали при атаке БПЛА ВСУ в Геническе, сообщила пресс-служба губернатора.

Видео: Официальный канал губернатора Херсонской области Владимира Сальдо в ""Максе""/ТАСС

✔ [Подпишись на ТАСС в ""Максе""](https://max.ru/tass_agency)",46326,150,,tass_agency
378335,2026-05-31T15:48:06+00:00,"Журналисты попросили Лукашенко прокомментировать звучащие из Киева агрессивные заявления, в том числе о неких определенных 500 потенциальных целях на территории Белоруссии:

""Они, может, и определили 500 целей. У нас есть одна цель очень серьезная с точными координатами и совсем недалеко от Беларуси. Это ж они тоже понимают"".

Президент также назвал трепом угрозы Зеленского в адрес белорусской стороны.",45574,146,,tass_agency
378334,2026-05-31T15:27:40+00:00,"**Минобрнауки изменило порядок приема в аспирантуру с 1 июня. **С приказом ведомства ознакомился ТАСС.

Подать заявления о приеме документов можно будет только через ""Госуслуги"". Изменить конкурсные группы и приоритеты зачисления, представить или отозвать документы абитуриент сможет не чаще одного раза в два часа.",44228,219,,tass_agency
378333,2026-05-31T14:32:23+00:00,"🚨 Гражданка России пострадала в ДТП в Турции и госпитализирована, сообщили ТАСС в посольстве РФ в Анкаре.

✔ [Подпишись на ТАСС в ""Максе""](https://max.ru/tass_agency)",43029,22,,tass_agency
378332,2026-05-31T13:58:23+00:00,"**МАГАТЭ зафиксировало внешние повреждения машинного зала ЗАЭС** после атаки украинского БПЛА. При осмотре эксперты обнаружили повреждения металлического люка, несколько обломков и остатки сгоревшего оптоволокна.

Уровень радиации на ЗАЭС после атаки БПЛА остается в норме, добавили в МАГАТЭ.",48007,73,,tass_agency
378331,2026-05-31T13:40:59+00:00,"**Эпидситуация по холере в России стабильная и находится под постоянным контролем,** сообщили в Роспотребнадзоре. Риски распространения заболевания в стране отсутствуют.

С начала года зарегистрировано более 78 тыс. случаев холеры в 23 странах мира. Наибольшее количество зафиксировано в Африке. Минздрав Нигерии сообщал о 943 подтвержденных случаях холеры, 37 летальных и более 1,7 тыс. подозрительных случаях.

✔ [Подпишись на ТАСС в ""Максе""](https://max.ru/tass_agency)",44845,43,,tass_agency
378330,2026-05-31T12:47:10+00:00,"🚨 ВСУ ударили по школе бокса в Энергодаре, повреждено остекление здания и автобус, сообщает мэр.",42658,98,,tass_agency
378327,2026-05-31T12:22:01+00:00,"Эксперты МАГАТЭ инспектируют место попадания украинского БПЛА на территории ЗАЭС, сообщил Михаил Ульянов.

Фото: Mikhail Ulyanov/X

✔ [Подпишись на ТАСС в ""Максе""](https://max.ru/tass_agency)",43993,118,,tass_agency
378326,2026-05-31T12:00:01+00:00,"780 человек задержаны в ходе беспорядков во Франции после победы ПСЖ в Лиге чемпионов, заявил глава МВД Лоран Нуньес.

Один человек погиб в ходе беспорядков, сообщает France Info со ссылкой на прокуратуру Парижа.",44000,66,,tass_agency
378325,2026-05-31T11:52:50+00:00,"**Лукашенко назвал враньем слова Пашиняна об организации транзита газа через Армению.** Подобные перспективы остаются неопределенными и вызывают множество вопросов.

Россия продает Армении беспошлинно природный газ по цене порядка в несколько раз ниже, чем он стоит на рынке ЕС, подчеркнул президент Белоруссии.

✔ [Подпишись на ТАСС в ""Максе""](https://max.ru/tass_agency)",40943,101,,tass_agency
378324,2026-05-31T11:14:00+00:00,"▶ Идет подготовка к ПМЭФ. Форум пройдет с 3 по 6 июня.

Видео: ТАСС

#ПМЭФ2026",43349,90,,tass_agency
378323,2026-05-31T10:51:00+00:00,"В Армении надеются, что проблемы с ввозом товаров в Россию носят технический характер и в скором времени будут устранены, заявил вице-премьер страны Мгер Григорян в интервью Павлу Зарубину для ""Вестей"".

Армения не планирует разрывать связи с ЕАЭС. Сейчас в этом нет никакой необходимости. Страна будет думать о выборе между ЕАЭС и ЕС, когда вопрос встанет ребром, отметил Григорян.

✔ [Подпишись на ТАСС в ""Максе""](https://max.ru/tass_agency)",65425,185,,tass_agency
378322,2026-05-31T10:39:00+00:00,"Немецкие предприниматели впервые за несколько лет официально примут участие в ПМЭФ. Об этом председатель правления Германо-российской ВТП Маттиас Шепп сообщил агентству DPA:

""Как и другие крупные западные страны, мы хотим сохранить экономический мост с Россией <...>, а также защитить немецкие активы в РФ, которые оцениваются более чем в €100 млрд"".

#ПМЭФ2026",38096,146,,tass_agency
378321,2026-05-31T10:28:12+00:00,"🚨 ВСУ ударили по транспортному цеху ЗАЭС, уничтожены 6 автобусов и 2 ""Газели"", сообщает станция.",42728,162,,tass_agency
378320,2026-05-31T10:22:00+00:00,"👔Лукашенко заявил, что белорусских солдат на Украине не было и не будет.

При этом он недвусмысленно предупредил: 

""Не дай бог с какой-то территории будет осуществлена военная атака на территорию Беларуси — война получит совершенно иное качество на Украине. Не буду конкретизировать"".",46125,154,,tass_agency
378319,2026-05-31T10:15:15+00:00,"ВСУ ударили по школе в запорожской Васильевке, повреждены школьный автобус и здание школы, пострадавших нет, сообщил Балицкий.

Фото: Канал Балицкого в ""Максе""",36297,95,,tass_agency
378318,2026-05-31T10:10:00+00:00,"**__""Единственное, что российские космонавты украли, — это победу в космической гонке у США"". __**Так Мария Захарова прокомментировала ""Известиям"" высказывания американского политика и бывшего астронавта Марка Келли о якобы воровстве в космосе.

✔ [Подпишись на ТАСС в ""Максе""](https://max.ru/tass_agency)",42027,77,,tass_agency
378317,2026-05-31T09:59:00+00:00,"**США протестировали альтернативу дорогостоящим ракетам для борьбы с беспилотниками**, сообщает The Wall Street Journal.

По ее информации, речь идет о комплексе MADIS на базе двух бронеавтомобилей JLTV. Одна машина оснащена радаром и 30-мм пушкой с неконтактными взрывателями, вторая — ракетами Stinger. Как напоминает издание, дешевые дроны противника приходится сбивать ракетами, стоимость которых может достигать $1 млн.",34414,47,,tass_agency
378316,2026-05-31T09:53:03+00:00,"В поселке в Ростовской области, где горит нефтебаза после атаки ВСУ, введен режим ЧС. Площадь пожара составляет 3 600 кв. м, сообщают власти.",42529,160,,tass_agency
378315,2026-05-31T09:51:00+00:00,"**__""Тут почасовой прогноз"". __**Относительно шагов США прогноз может быть только почасовым, сыронизировал Песков. Так он ответил на вопрос журналиста ""Вестей"" Зарубина, каких действий можно ждать от США на фоне просьб Киева о поставке дополнительных вооружений.

✔ [Подпишись на ТАСС в ""Максе""](https://max.ru/tass_agency)",42035,41,,tass_agency
378314,2026-05-31T09:40:03+00:00,Россиянка София Ильтерякова стала победительницей чемпионата Европы по художественной гимнастике в упражнениях с обручем.,36766,113,,tass_agency
378313,2026-05-31T09:33:00+00:00,"Латвии, Литве и Эстонии вряд ли удастся избежать рассмотрения дела в Международном суде ООН по ущемлению прав русских. Разбирательство может произойти до конца года, заявила Мария Захарова.

По ее словам, предмет российских претензий — системная дискриминация русских, вытеснение русского языка из всех сфер общественной жизни, а также героизация нацизма.

✔ [Подпишись на ТАСС в ""Максе""](https://max.ru/tass_agency)",34319,110,,tass_agency
378312,2026-05-31T09:26:00+00:00,"**Мошенники создают групповые чаты с подставными аккаунтами знакомых. **

Через срежиссированную переписку они вынуждают жертву перейти по ссылке, назвать код из СМС или установить приложение. После этого злоумышленники могут получить доступ в том числе к мессенджерам или банковским сервисам, рассказал ТАСС сенатор Артем Шейкин.",31823,121,,tass_agency
378311,2026-05-31T09:12:25+00:00,"**Главное из нового брифинга Минобороны России:**

▪В результате удара БПЛА ВСУ 30 мая по северной стороне 6-го энергоблока ЗАЭС поврежден фасад машинного зала;

▪️Российская авиация, дроны и артиллерия поразили различные тыловые объекты в тылу ВСУ;

▪Силы ПВО РФ за сутки сбили 4 управляемые авиабомбы и 405 беспилотников ВСУ;

▪ВСУ за сутки потеряли почти 1,4 тыс. военных на всех участках СВО.

✔ [Подпишись на ТАСС в ""Максе""](https://max.ru/tass_agency)",33874,54,,tass_agency
378310,2026-05-31T09:09:47+00:00,"В результате удара ВСУ 30 мая по ЗАЭС жертв нет, станция работает в штатном режиме, сообщает МО РФ.",33272,31,,tass_agency
378309,2026-05-31T08:56:00+00:00,"Бесконтрольная иммиграция стала одной из многих ошибок, которую бюрократы ЕС не могут признать и исправить, заявил Дмитриев.

Так он прокомментировал публикацию с критикой миграционной политики Европы из-за беспорядков в Париже, вспыхнувших после победы футбольного клуба ""Пари Сен-Жермен"" в финале Лиги чемпионов.",42072,99,,tass_agency
378308,2026-05-31T08:39:52+00:00,"❗️ЕС рассматривает возможность временной отмены ограничений на цены на российскую нефть из-за конфликта вокруг Ирана, сообщает Bloomberg.

✔ [Подпишись на ТАСС в ""Максе""](https://max.ru/tass_agency)",32925,103,,tass_agency
378307,2026-05-31T08:38:13+00:00,"🚨 Массовое ДТП с участие автобуса произошло в Подмосковье. Один человек погиб, 8 обратились за медицинской помощью, сообщили в ГУ МВД по Московской области.",32361,22,,tass_agency
378301,2026-05-31T08:33:46+00:00,"👨‍🚀 Спецкор ТАСС на МКС, космонавт Роскосмоса Сергей Кудь-Сверчков сделал селфи на фоне Земли во время первого в этом году выхода в открытый космос.

Фото: Сергей Кудь-Сверчков/ТАСС

#ТАССнаМКС

✔ [Подпишись на ТАСС в ""Максе""](https://max.ru/tass_agency)",30318,138,,tass_agency
378300,2026-05-31T08:24:01+00:00,"▶️ Более 350 трофеев СВО вошли в экспозицию выставки в центральном парке ""Патриот"", передает корреспондент ТАСС.

Видео:** **Сергей Булкин/ТАСС

✔️ [Подпишись на ТАСС в ""Максе""](https://max.ru/tass_agency)",31768,80,,tass_agency
378299,2026-05-31T08:19:00+00:00,"Один взрослый погиб и один ребенок пропал после опрокидывания моторной лодки на реке Ангаре в Иркутской области, сообщает МЧС.",31566,12,,tass_agency
378298,2026-05-31T08:16:00+00:00,"Объединенная компания Wildberries & Russ планирует запустить проект с безопасной интернет-средой для детей, сообщила в интервью ТАСС в преддверии ПМЭФ Татьяна Ким.

Компания также планирует запуск проектов для широкой аудитории, направленных на решение демографических проблем.

#ПМЭФ2026",31148,74,,tass_agency
378297,2026-05-31T08:08:00+00:00,"Мошенники от лица сотрудников банков выманивают данные карты под предлогом отмены банковской операции, сообщили ТАСС в МВД.

Злоумышленники сообщают о попытке списания средств, просят назвать код или данные карты для ""отмены операции"", а затем убеждают перевести деньги на ""безопасный счет"".

✔ [Подпишись на ТАСС в ""Максе""](https://max.ru/tass_agency)",29891,118,,tass_agency
378296,2026-05-31T07:57:12+00:00,"🚨 ВСУ несколько раз ударили по зданию администрации Энергодара, жилым домам, автозаправкам и въезду в город, сообщили на ЗАЭС.

Предварительно, есть разрушения в жилом секторе, информация о пострадавших не поступала.",31616,76,,tass_agency
378293,2026-05-31T07:55:25+00:00,"▶️ Беспорядки после победы ПСЖ в Лиге чемпионов охватили ряд городов Франции, сообщает Le Figaro со ссылкой на правоохранителей. Пострадали четыре человека, один из которых получил ножевое ранение.

Полиция задержала 416 человек, сообщает AFP со ссылкой на главу МВД Франции Лорана Нуньеса.

Видео: Europa . com/X/CLPRESSFR/X/Дмитрий Орлов/ТАСС

✔ [Подпишись на ТАСС в ""Максе""](https://max.ru/tass_agency)",30473,137,,tass_agency
378292,2026-05-31T07:08:04+00:00,"**Главные новости к этому часу:**

▪Медведев [заявил](https://tass.ru/politika/27588171) о возможности симметричного удара по украинским АЭС или АЭС в странах НАТО в случае разрушения ЗАЭС.

▪В Москве [арестовали](https://tass.ru/proisshestviya/27587983) мужчину по делу о попытке подрыва здания Минюста РФ.

▪Трамп [ужесточил](https://tass.ru/mezhdunarodnaya-panorama/27589027) условия меморандума США и Ирана и направил Тегерану новые предложения.

▪Министр обороны Израиля [объявил](https://tass.ru/mezhdunarodnaya-panorama/27590123) о захвате крепости крестоносцев Бофор на стратегически важной высоте севернее реки Литани в Ливане.

▪""Врачи без границ"" [заявили](https://tass.ru/mezhdunarodnaya-panorama/27587047) о беспрецедентных темпах распространения Эболы в ДРК.

▪Матвей Сафонов [стал](https://tass.ru/sport/27589969) первым российским футболистом, дважды выигравшим Лигу чемпионов.

✔ [Подпишись на ТАСС в ""Максе""](https://max.ru/tass_agency)",33483,27,,tass_agency
378291,2026-05-31T06:52:38+00:00,🚨 Министр обороны Израиля объявил о захвате крепости крестоносцев Бофор на стратегически важной высоте севернее реки Литани в Ливане.,32818,76,,tass_agency
378290,2026-05-31T06:37:04+00:00,"▶️ Банк России может снизить ключевую ставку до 10% к концу этого года. Об этом Анатолий Аксаков заявил ТАСС в преддверии ПМЭФ.

Видео: ТАСС

#ПМЭФ2026

✔️ [Подпишись на ТАСС в ""Максе""](https://max.ru/tass_agency)",34563,103,,tass_agency
378289,2026-05-31T06:19:01+00:00,"**Число погибших в ДТП в Турции увеличилось до 8**, в их числе 9-месячный ребенок. 33 человека получили травмы, сообщил телеканал TGRT Haber.

Автобус следовал из города Измир в Анталью. Авария произошла на автобане Денизли — Айдын у населенного пункта Саракёй, где автобус по неизвестным пока причинам врезался в дорожное ограждение и загорелся.

Фото: trthaber/X",34240,74,,tass_agency
378288,2026-05-31T06:09:53+00:00,"▶️ ЦБ может снизить ключевую ставку до 13,5% на ближайшем заседании директоров. Такое мнение выразил Анатолий Аксаков в интервью ТАСС в преддверии ПМЭФ.

Видео: ТАСС

#ПМЭФ2026

✔️ [Подпишись на ТАСС в ""Максе""](https://max.ru/tass_agency)",34783,63,,tass_agency
378287,2026-05-31T05:50:16+00:00,"Трамп заявил об успешном прохождении медицинского теста на когнитивные способности:

""В отличие от других президентов США, ни один из которых никогда не проходил утвержденный когнитивный тест высокой сложности, я набрал идеальные 30 баллов из 30, что считается ""выдающимся интеллектом"""".",34769,113,,tass_agency
378286,2026-05-31T05:10:05+00:00,"🚨 Беспилотники атаковали предприятие в Кировской области, пострадавших нет, сообщил губернатор.",40073,77,,tass_agency
378285,2026-05-31T04:54:01+00:00,"В ""Руспродсоюзе"" назвали ТАСС регионы с самыми дорогими и дешевыми яйцами.

Наиболее высокие цены на яйца в Чукотском АО и Магаданской области — 241,9 рубля и 201,2 рубля за десяток соответственно. Наиболее низкие — в Мордовии и Пензенской области — 80,9 руб.и 91,6 рубля за десяток.

В то же время средние розничные цены на яйца в Москве — около 125,5 рубля за десяток, а в Санкт-Петербурге — 123,8 рубля за десяток.

✔️ [Подпишись на ТАСС в ""Максе""](https://max.ru/tass_agency)",36662,63,,tass_agency
378284,2026-05-31T04:43:02+00:00,Жена Матвея Сафонова вышла на поле с флагом России после победы ПСЖ в Лиге чемпионов. Об этом сообщила журналистка Полина Лысенко в своем Telegram-канале.,34611,80,,tass_agency
378283,2026-05-31T04:38:23+00:00,"🚨 За ночь над регионами РФ сбиты 216 украинских БПЛА, сообщили в Минобороны.",34605,43,,tass_agency
378282,2026-05-31T04:31:01+00:00,"Украина с начала года потратила на закрытие бюджетных дыр **около $9 млрд** своих международных резервов, или порядка 16% от их общего объема. Это следует из данных Нацбанка страны, с которыми ознакомился ТАСС.

✔️ [Подпишись на ТАСС в ""Максе""](https://max.ru/tass_agency)",34341,23,,tass_agency
378281,2026-05-31T04:20:06+00:00,"Новая партия нефти из РФ прибыла в Японию на фоне перебоев с поставками с Ближнего Востока. Это следует из данных, с которыми ознакомился корреспондент ТАСС.",43204,81,,tass_agency
378280,2026-05-31T04:08:01+00:00,"ПВЗ, приложение и сайт Wildberries будут адаптированы для людей с ограниченными возможностями здоровья. Об этом сообщила в интервью ТАСС в преддверии ПМЭФ Татьяна Ким.

#ПМЭФ2026",35289,34,,tass_agency
378279,2026-05-31T04:01:01+00:00,"На Запорожье уничтожена группа наемников из Германии и Великобритании. Как сообщили ТАСС в российских силовых структурах, о принадлежности погибших свидетельствуют найденные при них документы.

✔️ [Подпишись на ТАСС в ""Максе""](https://max.ru/tass_agency)",50974,162,,tass_agency
378278,2026-05-31T03:48:01+00:00,"🚨 В ДТП с автобусом в Турции семь человек погибли, 30 пострадали, сообщил телеканал TRT Haber.",33337,23,,tass_agency
378277,2026-05-31T03:40:01+00:00,"ВСУ из медийных соображений заставили ""пинком под зад"" пройти отбор и вступить в украинский спецназ итальянского наемника Алекса Пинески. Об этом заявил итальянский журналист с гражданством РФ Андреа Лучиди.

Газета La Nazione 28 мая сообщила о ликвидации популярного в соцсетях военного инструктора Пинески.",41492,26,,tass_agency
378276,2026-05-31T03:17:01+00:00,"▶️ Дроны ВСУ практически постоянно фиксируются в районе ЗАЭС, заявил ТАСС директор станции Юрий Черничук.

Видео: Марина Осокина/ТАСС

✔️ [Подпишись на ТАСС в ""Максе""](https://max.ru/tass_agency)",33241,26,,tass_agency
378275,2026-05-31T03:12:32+00:00,"Боевики из ""Крокуса"" должны были стать шахидами (смертниками), но за сутки до теракта куратор приказал им ехать на границу с Украиной. Об этом говорится в имеющихся в распоряжении ТАСС документах.",30825,37,,tass_agency
378274,2026-05-31T03:08:35+00:00,"Wildberries планирует развивать собственную программу лояльности, такая необходимость продиктована появлением новых направлений в деятельности компании. Об этом сообщила в интервью ТАСС в преддверии ПМЭФ Татьяна Ким.

#ПМЭФ2026",31397,24,,tass_agency
378273,2026-05-31T02:55:07+00:00,"▶️ Экипаж БТР уничтожил диверсантов ВСУ и отбил ответную дроновую атаку, рассказал ТАСС морпех с позывным Камаз.

Видео: Илья Беликов/ТАСС

✔️ [Подпишись на ТАСС в ""Максе""](https://max.ru/tass_agency)",31173,28,,tass_agency
378272,2026-05-31T02:37:41+00:00,"🚨 Из-за атаки БПЛА в поселке Матвеево-Курган Ростовской области повреждены аптека, два магазина, авто, газовая труба. Поступление газа перекрыто, сообщили власти.",31600,73,,tass_agency
378271,2026-05-31T02:36:25+00:00,"Жителей частных домов возле горящего топливного хранилища в Ростовской области эвакуировали. Информации о пострадавших нет, сообщил Слюсарь.",30867,37,,tass_agency
378270,2026-05-31T02:33:09+00:00,"🚨 В Ростовской области из-за падения обломков БПЛА ВСУ произошло возгорание топливного хранилища частного предприятия, сообщил губернатор.

✔️ [Подпишись на ТАСС в ""Максе""](https://max.ru/tass_agency)",38529,59,,tass_agency
378269,2026-05-31T02:18:01+00:00,"На Украине в 2025 году ущерб от коррупции составил **не менее $450 млн**. Это следует из данных НАБУ, САП и Высшего антикоррупционного суда, с которыми ознакомился ТАСС.",32265,21,,tass_agency
378268,2026-05-31T02:09:17+00:00,"Гражданская инфраструктура повреждена из-за атаки БПЛА в Саратовской области, сообщил губернатор региона.",38715,52,,tass_agency
378267,2026-05-31T02:08:01+00:00,"▶️ Ударные дроны пресекли снабжение передовых позиций ВСУ в Запорожской области.

Видео: Минобороны России/ТАСС

✔️ [Подпишись на ТАСС в ""Максе""](https://max.ru/tass_agency)",31263,27,,tass_agency
378266,2026-05-31T01:54:01+00:00,"Силы ПВО Ирана сбили беспилотник США MQ1 над территориальными водами страны, заявили в КСИР.",32044,32,,tass_agency
378265,2026-05-31T01:42:01+00:00,"До 416 возросло число задержанных во Франции во время погромов после победы ПСЖ в финале Лиги чемпионов, сообщило агентство AFP.",29795,23,,tass_agency
378264,2026-05-31T01:29:01+00:00,"▶️ Европа потворствует ударам Киева по ЗАЭС в надежде, что Россия сдаст позиции. Такое мнение ТАСС высказал директор станции Юрий Черничук.

Видео: Марина Осокина/ТАСС

✔ [Подпишись на ТАСС в ""Максе""](https://max.ru/tass_agency)",30825,42,,tass_agency
378263,2026-05-31T01:23:01+00:00,"Мессенджер WhatsApp* имеет задолженность по штрафам в России **почти в 40 млн рублей**, сообщили ТАСС в правоохранительных органах.

__* Принадлежит Meta, признанной экстремистской и запрещенной в РФ__",28070,31,,tass_agency
378262,2026-05-31T01:17:01+00:00,"▶️ Пленный боец ВСУ рассказал ТАСС о возможных трансплантологах в Красноармейске.

Видео: Галина Зверева/ТАСС",31055,69,,tass_agency
378261,2026-05-31T01:12:01+00:00,"Трамп ужесточил условия меморандума США и Ирана и направил Тегерану новые предложения. Об этом сообщила The New York Times со ссылкой на источники.

Какие именно изменения внесены в текст потенциального соглашения, неизвестно. Источники издания указали, что Трампа беспокоят положения, касающиеся возможной разморозки иранских активов. 

✔ [Подпишись на ТАСС в ""Максе""](https://max.ru/tass_agency)",29629,41,,tass_agency
378260,2026-05-31T00:42:01+00:00,"Попытки атак Киева на инфраструктуру ЗАЭС говорят о том, что от бессилия он готов идти на любые провокации, игнорируя угрозу, которую создает для миллионов людей. Об этом заявил ТАСС Родион Мирошник.",30371,37,,tass_agency
378259,2026-05-31T00:31:01+00:00,Некоторые вузы учитывают итоговое сочинение как индивидуальное достижение и могут добавить **до 10 баллов к результатам ЕГЭ**. Об этом сообщила ТАСС эксперт Минпросвещения Татьяна Рассолова.,30769,69,,tass_agency
378258,2026-05-31T00:19:01+00:00,"Греция передала Украине через Чехию 190 артиллерийских орудий, сообщил портал pronews. gr. 

Поставка вооружений и соответствующее ослабление греческих подразделений осуществлялось в то время, когда ""Турция продолжает усиливать угрозы греческому суверенитету в Эгейском море и на островах"", подчеркнул портал.

✔ [Подпишись на ТАСС в ""Максе""](https://max.ru/tass_agency)",31455,95,,tass_agency
378257,2026-05-31T00:05:02+00:00,"Атакой на инфраструктуру ЗАЭС Киев открыто вышел на тропу ядерного терроризма, заявил ТАСС Родион Мирошник.",37622,51,,tass_agency
378256,2026-05-30T23:51:01+00:00,"В Румынии подвергают сомнению ее официальные версии инцидента с БПЛА в Галаце. Об этом заявил румынский публицист Ион Кристою.

Как он отмечает, ""намекают, что [инцидент] был организован вместе с украинцами, чтобы <...> дать им деньги для дронов, что это была уловка, чтобы быстро подписать [контракты по европейской программе вооружений] SAFE"", а также чтобы усилить антироссийскую истерию.",33020,94,,tass_agency
378255,2026-05-30T23:40:10+00:00,"Отмена ЕГЭ станет еще худшим решением, чем его введение. Такое мнение в беседе с ТАСС высказал академик РАН Геннадий Онищенко.

✔ [Подпишись на ТАСС в ""Максе""](https://max.ru/tass_agency)",50881,143,,tass_agency
378254,2026-05-30T23:22:01+00:00,"Необходимости создавать лекарство от Эболы в РФ нет, сказал ТАСС научный руководитель НИЦЭМ имени Н. Ф. Гамалеи Александр Гинцбург:

""Если мы ставим задачу только по нашим гражданам, которые только здесь в основном живут, то это не первоочередная задача нашего государства, потому что эпидемия Эболы не грозит"".",34332,29,,tass_agency
378253,2026-05-30T22:53:01+00:00,326 человек задержаны во Франции во время беспорядков после победы ПСЖ в Лиге чемпионов. Об этом сообщила газета Le Figaro со ссылкой на данные МВД.,38944,55,,tass_agency
378252,2026-05-30T21:51:01+00:00,"📸 Эйфелеву башню подсветили в цвета футбольного клуба ""Пари Сен-Жермен"", выигравшего Лигу чемпионов.

✔ [Подпишись на ТАСС в ""Максе""](https://max.ru/tass_agency)",36944,93,,tass_agency
378251,2026-05-30T21:27:01+00:00,"Второе полнолуние мая, или ""Голубая Луна"" наступит в 11:47 мск, сообщили ТАСС в Московском планетарии. 

При этом в Москве полная Луна взойдет в 22:06 мск.",38029,143,,tass_agency
378250,2026-05-30T20:49:46+00:00,"Гросси выразил обеспокоенность в связи с атакой БПЛА на машинный зал ЗАЭС, сообщили в МАГАТЭ.",38549,86,,tass_agency
378249,2026-05-30T20:47:41+00:00,"❗️МАГАТЭ сообщило, что получило информацию об атаке БПЛА на машинный зал ЗАЭС.

✔ [Подпишись на ТАСС в ""Максе""](https://max.ru/tass_agency)",48199,64,,tass_agency
378248,2026-05-30T20:40:01+00:00,"Нормализация ситуации с бензином в Крыму ожидается в течение 30 дней, сообщил глава республики Аксенов.",38746,63,,tass_agency
378247,2026-05-30T20:27:01+00:00,"Связанная с Трампом компания испытала человекоподобных роботов в зоне боев на Украине. Об этом сообщил CNBC со ссылкой на гендиректора Foundation Future Industries.

По информации телеканала, компания отправила две модели Phantom MK-1 для пилотной демонстрации. Это стало первым случаем применения роботов в зоне боевых действий.",72983,561,,tass_agency
378246,2026-05-30T19:57:58+00:00,"**__""Я подумываю привлечь вместо них Главную Звезду Мира"".__** Трамп может заменить ряд выступлений артистов к 250-летию США митингом с его участием.

Ранее организация Freedom 250 объявила список звезд, выступления которых запланированы на мероприятии, но большинство из них отказались от участия после публикации, сообщил CBS.

✔ [Подпишись на ТАСС в ""Максе""](https://max.ru/tass_agency)",40852,93,,tass_agency
378245,2026-05-30T19:24:43+00:00,"Власти построят новый педколледж вместо атакованного ВСУ в Старобельске, заявил Пасечник в эфире ""Соловьев Live"".",38997,60,,tass_agency
378244,2026-05-30T19:15:16+00:00,❕Медведев заявил о возможности симметричного удара по украинским АЭС или АЭС в странах НАТО в случае разрушения ЗАЭС.,48072,303,,tass_agency
378243,2026-05-30T19:13:54+00:00,"В случае катастрофического разрушения машинного или реакторного зала АЭС наступит ""новый Чернобыль"", заявил Медведев об атаке дрона ВСУ на ЗАЭС.

✔ [Подпишись на ТАСС в ""Максе""](https://max.ru/tass_agency)",49696,216,,tass_agency
378242,2026-05-30T19:11:11+00:00,"Матвей Сафонов стал первым российским футболистом, дважды выигравшим Лигу чемпионов.",78339,271,,tass_agency
378241,2026-05-30T19:01:37+00:00,"Французский футбольный клуб ""Пари Сен-Жермен"" с Матвеем Сафоновым в составе обыграл английский ""Арсенал"" и во второй раз подряд стал победителем Лиги чемпионов.

✔ [Подпишись на ТАСС в ""Максе""](https://max.ru/tass_agency)",43721,137,,tass_agency
378240,2026-05-30T18:47:38+00:00,"❕ООН выступает за недопущение атак на объекты критической инфраструктуры, сообщили ТАСС в офисе генсека после удара ВСУ по ЗАЭС.",41476,94,,tass_agency
378239,2026-05-30T18:27:01+00:00,"▶ В Тель-Авиве началась массовая антиправительственная акция, передает корреспондент ТАСС.

Участники акции требуют, в частности, отставки правительства Нетаньяху и проведения досрочных парламентских выборов.

Видео: Андрей Широков/ТАСС

✔ [Подпишись на ТАСС в ""Максе""](https://max.ru/tass_agency)",48530,196,,tass_agency
378238,2026-05-30T18:14:58+00:00,"⚖️ Суд в Москве арестовал Виталия Ларина по делу о попытке подрыва здания Минюста РФ, сообщили ТАСС в Мосгорсуде.

Фото: Официальный Telegram-канал судов общей юрисдикции города Москвы",39212,45,,tass_agency
378237,2026-05-30T17:53:04+00:00,"**Вспышка Эболы в ДРК распространяется беспрецедентными темпами,** заявили в организации ""Врачи без границ"".

Прежде никогда не фиксировалось такое количество случаев заражения за столь короткое время с начала эпидемии. Ситуация вызывает серьезную обеспокоенность, меры реагирования отстают от скорости распространения заболевания.

✔ [Подпишись на ТАСС в ""Максе""](https://max.ru/tass_agency)",45389,194,,tass_agency
378236,2026-05-30T17:00:56+00:00,"**Главные новости к этому часу:**

▪Попадание БПЛА в машинный зал ЗАЭС [стало](https://tass.ru/proisshestviya/27587341) первой атакой на основное оборудование, заявил Лихачев.

▪В Туапсе двух местных жителей [обвинили](https://tass.ru/proisshestviya/27585839) в подготовке к теракту.

▪Границы введенного в Таганроге режима ЧС [расширили](https://tass.ru/proisshestviya/27585535).

▪ Трамп [не уверен](https://tass.ru/mezhdunarodnaya-panorama/27587245), что Вэнс сможет возглавить США после него, пишет NYT.

▪Оценки за поведение [не будут выставлять ](https://tass.ru/obschestvo/27585903)первоклассникам.

▪Туск [призвал](https://tass.ru/mezhdunarodnaya-panorama/27586439) всерьез отнестись к словам о конце ""спокойного сна"" для европейцев.

▪Депутат ГД Панеш предлагает [ввести](https://tass.ru/ekonomika/27585213) кэшбэк за отдых в России.

▪️В Москве [арестовали](https://tass.ru/proisshestviya/27587547) мужчину, развратившего подростка в метро.

▪Мошенники [используют](https://tass.ru/kultura/27569075) легенды о ""компенсации за ущерб от ЧС"".

✔ [Подпишись на ТАСС в ""Максе""](https://max.ru/tass_agency)",42534,16,,tass_agency
378235,2026-05-30T16:40:58+00:00,"Роспотребнадзор начал проверку после сообщений о случаях заболевания сальмонеллезом среди посетителей ""Якитории"".

Ранее в СМИ сообщалось об отравлении роллами из ресторана на бульваре Дмитрия Донского. Так, в анализах пострадавшего ребенка якобы нашли сальмонеллез.",39030,81,,tass_agency
378234,2026-05-30T16:28:58+00:00,"Оставшийся без туристов аэропорт финского города Лаппеенранта обслужил **второй за более чем полгода пассажирский рейс**, рассказал ТАСС сотрудник аэропорта. Следующий рейс ожидают только 18 сентября.

Аэропорт находится под угрозой полного закрытия, часть пассажирского терминала сдается в аренду под офисы.

✔ [Подпишись на ТАСС в ""Максе""](https://max.ru/tass_agency)",41208,92,,tass_agency
378233,2026-05-30T16:11:58+00:00,"В Москве арестовали мужчину, развратившего 13-летнюю девочку в вагоне метро, двигающегося от станции ""Боровицкая"", сообщили в СК. Его действия снял на видео прохожий, который затем обратился в правоохранительные органы.",40875,93,,tass_agency
378232,2026-05-30T16:03:07+00:00,"❕Место удара ВСУ по машинному залу энергоблока ЗАЭС находится в нескольких метрах от реактора, сообщили на станции.",49617,306,,tass_agency
378231,2026-05-30T15:51:01+00:00,"👔Шеф Пентагона Хегсет ушел от прямого ответа на вопрос о возможности наращивания объемов поставок средств ПВО Украине:

""Мы помогли Украине там, где могли, и сделали, что могли, чтобы помочь Европе делать больше"".

✔ [Подпишись на ТАСС в ""Максе""](https://max.ru/tass_agency)",41790,49,,tass_agency
378230,2026-05-30T15:36:01+00:00,"**Трамп не уверен, что Вэнс сможет возглавить США после него,** пишет NYT со ссылкой на источники. 

В частных беседах с помощниками американский лидер сравнивал достижения Вэнса с собственными и обратил внимание на то, что тот всегда одерживал победу на выборах лишь с его поддержкой.",40104,65,,tass_agency
378229,2026-05-30T15:22:26+00:00,"❗️Попадание БПЛА в машинный зал блока №6 ЗАЭС является первой в мировой истории целенаправленной атакой на основное оборудование АЭС, сообщил Лихачев.

✔ [Подпишись на ТАСС в ""Максе""](https://max.ru/tass_agency)",48999,366,,tass_agency
378228,2026-05-30T15:19:21+00:00,"**Мир стал ближе к инциденту, от которого пострадают даже те, кто живет далеко**, заявил Лихачев.

Россия регулярно обращает внимание мирового сообщества на опасное поведение украинской стороны, многие не воспринимают всерьез атаки на АЭС, отметил он.",41610,142,,tass_agency
378227,2026-05-30T15:07:53+00:00,"❗️ВСУ переходят границы здравого смысла, от них можно ожидать ударов **непосредственно по атомному реактору и системам безопасности**, заявил Лихачев.

При атаке БПЛА ВСУ на Запорожскую АЭС обошлось без пострадавших и критических разрушений, уточняет станция.

✔ [Подпишись на ТАСС в ""Максе""](https://max.ru/tass_agency)",40133,192,,tass_agency
378226,2026-05-30T15:06:18+00:00,"❗️Дрон управлялся по оптоволокну, что исключает версию случайного попадания, отметил Лихачев.

✔ [Подпишись на ТАСС в ""Максе""](https://max.ru/tass_agency)",40092,147,,tass_agency
378225,2026-05-30T15:04:57+00:00,"❕Днем 30 мая украинский дрон сдетонировал у здания машинного зала блока №6 ЗАЭС, в результате взрыва основное оборудование не повреждено, сообщил Лихачев.",42478,237,,tass_agency
378224,2026-05-30T14:48:58+00:00,"▶️ Санду вбросила тезис, что Молдавия может войти в ЕС ""прицепчиком"" к Румынии, заявил ТАСС депутат парламента страны Константин Старыш.

Видео: Евгений Кузнецов/ТАСС

✔ [Подпишись на ТАСС в ""Максе""](https://max.ru/tass_agency)",44947,76,,tass_agency
378223,2026-05-30T13:52:01+00:00,"▶ ВВС Казахстана показали видео сопровождения борта Путина под ремикс ""Матушки"".

Видео: Страница azimbekjumanov в социальных сетях

✔ [Подпишись на ТАСС в ""Максе""](https://max.ru/tass_agency)",40421,236,,tass_agency
378222,2026-05-30T13:41:01+00:00,"Министерство защиты объектов появится в Нижегородской области, соответствующий указ подписал губернатор Никитин.

""Это и всестороннее содействие Министерству обороны РФ, и защита неба над регионом, объектов его коммунально-энергетического комплекса, которые являются одними из основных целей атак вражеских беспилотников"", — заявил он.

✔ [Подпишись на ТАСС в ""Максе""](https://max.ru/tass_agency)",38200,77,,tass_agency
378221,2026-05-30T13:19:47+00:00,"Церемония открытия мемориальной доски в память о после Александре Мацегоре состоялась в посольстве России в КНДР, передает корреспондент ТАСС.

Фото: Станислав Варивода/ТАСС",41628,39,,tass_agency
378220,2026-05-30T12:54:01+00:00,"☁️ **Небольшой дождь ожидается в Москве и Подмосковье в последнюю ночь весны**, сообщили ТАСС в Гидрометцентре.

Воздух в столице прогреется до плюс 4-6 градусов, по области столбики термометров покажут от плюс 1 до плюс 6 градусов. В воскресенье в отдельных районах не исключена гроза.

✔ [Подпишись на ТАСС в ""Максе""](https://max.ru/tass_agency)",36087,34,,tass_agency
378219,2026-05-30T12:37:01+00:00,"▶️ Санду и правящая в Молдавии партия действуют от имени меньшинства, что противоречит интересам народа, заявил ТАСС посетивший РФ депутат парламента Молдавии Константин Старыш.

Видео: Евгений Кузнецов/ТАСС

✔ [Подпишись на ТАСС в ""Максе""](https://max.ru/tass_agency)",39605,64,,tass_agency
378218,2026-05-30T12:17:25+00:00,"Туск призвал ""всех в НАТО"" всерьез отнестись к словам Дмитрия Медведева об окончании ""спокойного сна"" для европейцев.

Ранее зампред Совбеза, комментируя падение беспилотника на жилой дом в Румынии, заявил, что граждане стран ЕС как население воюющих государств не смогут спать спокойно, особенно там, где размещены производства БПЛА для киевского режима.

✔ [Подпишись на ТАСС в ""Максе""](https://max.ru/tass_agency)",41249,127,,tass_agency
378217,2026-05-30T11:36:01+00:00,"**Минздрав утвердил новый перечень медицинских должностей,** с документом ознакомился ТАСС:

▪С 1 сентября появятся врач по медицине здорового долголетия, врач физической и реабилитационной медицины, врач-медицинский микробиолог, медицинский логопед, медицинский психолог, нейропсихолог, специалист по физической реабилитации, специалист по эргореабилитации, а также нутрициолог;

▪Исключаются следующие должности: врач-акушер-гинеколог цехового врачебного участка, диабетолог, миколог, лаборант, лабораторный миколог, протезист, городской педиатр, подростковый участковый психиатр, психиатр нарколог участковый, сексолог, сурдолог-протезист, подростковый терапевт, зубной врач;

▪При этом врач-бактериолог, врач-вирусолог и паразитолог будут исключены из перечня 1 сентября 2028 года.",41944,448,,tass_agency
378216,2026-05-30T11:06:58+00:00,"▶️ **__""Это пока цветочки"".__** Медведев опубликовал ИИ-ролик с посланием европейцам, назвав их ответственными за теракт в Старобельске.

В видео появляются кадры отечественного стратегического вооружения и сгенерированные напуганные лица европейских политиков.

Видео: Официальный канал Дмитрия Медведева в ""Максе""/ТАСС

✔ [Подпишись на ТАСС в ""Максе""](https://max.ru/tass_agency)",48588,407,,tass_agency
378215,2026-05-30T10:57:01+00:00,"В МВД рассказали ТАСС, какие легенды используют мошенники для обмана жертв.

Злоумышленники применяют схемы якобы с ""компенсацией за ущерб от стихийных бедствий"", ""проверкой качества товаров"", ""участием в исследовании с выплатой вознаграждения"", ""наследством"" или ""неучтенными выплатами"".

✔ [Подпишись на ТАСС в ""Максе""](https://max.ru/tass_agency)",36009,48,,tass_agency
378214,2026-05-30T10:43:21+00:00,"Пятилетний ребенок выпал из окна квартиры на девятом этаже в Москве. Мальчик госпитализирован, сообщили в прокуратуре.",36418,57,,tass_agency
378213,2026-05-30T10:11:01+00:00,"**Мошенники похитили у 72-летней москвички деньги и украшения на более чем 37 млн рублей**, сообщили в прокуратуре.

Сначала женщине позвонил якобы сотрудник УК и сообщил о замене ключей от домофона. Пенсионерка сказала свои личные данные. Потом с женщиной связался лжесотрудник банковского надзора, заявив, что мошенники получили доступ к ее счетам. Злоумышленники посоветовали пенсионерке следовать их указаниям, чтобы сохранить деньги.",39380,226,,tass_agency
378212,2026-05-30T09:55:57+00:00,"📹 **Обвиняемым в подготовке теракта в Туапсе обещали от $300 до $500 за его совершение**, сообщает СК.

По версии следствия, куратор предложил 18-летнему местному жителю изготовить взрывное устройство и передать его через тайник. К реализации плана молодой человек привлек 17-летнего знакомого.

Видео: УФСБ России по Краснодарскому краю/Официальный канал СК России в ""Максе""/ТАСС

✔ [Подпишись на ТАСС в ""Максе""](https://max.ru/tass_agency)",44771,69,,tass_agency
378211,2026-05-30T09:29:01+00:00,"**КНДР и Россия разделяют общее мнение по всем стратегическим вопросам.** 

Расширение и развитие отношений с РФ на основе товарищества и доверия — неизменная политическая позиция КНДР, заявила министр иностранных дел народной республики Цой Сон Хи на церемонии открытия в посольстве РФ мемориальной доски бывшему послу [Александру Мацегоре](https://t.me/tass_agency/352422).",35930,63,,tass_agency
378210,2026-05-30T09:20:09+00:00,"**Главное из нового брифинга Минобороны России:**

▪Средства ПВО РФ сбили 10 управляемых авиационных бомб, реактивный снаряд HIMARS, 352 БПЛА за сутки;

▪ВСУ потеряли за сутки порядка 1 320 военных;

▪ВС РФ уничтожили в течение суток пункты дислокации формирований ВСУ и иностранных наемников в 148 районах.

✔ [Подпишись на ТАСС в ""Максе""](https://max.ru/tass_agency)",35653,56,,tass_agency
378209,2026-05-30T09:18:39+00:00,"❕ВС РФ нанесли групповой удар по военным аэродромам, объектам энергетической, транспортной инфраструктуры, используемым ВСУ, сообщает МО РФ.",35095,70,,tass_agency
378208,2026-05-30T08:51:46+00:00,"👔Межгосударственный диалог России и Германии находится ""ниже плинтуса"", предпосылок для его возобновления нет, заявил ТАСС замглавы МИД РФ Дмитрий Любинский:

""У нас диалог с Германией отсутствует полностью. Говорить, что реваншистские заявления [властей ФРГ] могут его как-то еще осложнить, было бы преувеличением, потому что осложнить его практически невозможно, он находится уже ниже плинтуса"".",36092,72,,tass_agency
378207,2026-05-30T08:37:01+00:00,"С 1 июня Соцфонд начнет принимать заявления **на получение семейной выплаты**, сообщает Минтруд.

Уплаченный в 2025 году налог будет пересчитан по ставке 6%, разницу Соцфонд вернет гражданину единым платежом. То есть родители, у которых были трудовые доходы в 2025 году, в 2026 году смогут вернуть часть выплаченного налога на доходы физических лиц.

✔ [Подпишись на ТАСС в ""Максе""](https://max.ru/tass_agency)",36302,243,,tass_agency
378206,2026-05-30T08:26:01+00:00,"**Россияне в эти выходные увидят второе полнолуние месяца, называемое ""Голубой Луной"" из-за его редкости.** В следующий раз такое событие ожидается в декабре 2028 года, сообщили ТАСС в Московском планетарии.

Полную фазу Луна примет в воскресенье, но наблюдать ее можно с вечера субботы.",41338,393,,tass_agency
378205,2026-05-30T08:18:01+00:00,"Оценки за поведение не будут выставляться в 1-м классе, следует из приказа Минпросвещения.",33388,44,,tass_agency
378204,2026-05-30T08:08:01+00:00,"Суд отклонил жалобу серийного убийцы Пичушкина, известного как битцевский маньяк, на отказ в переводе из колонии ""Полярная сова"" в колонию ближе к Москве, говорится в электронной базе данных столичных судов.

✔️ [Подпишись на ТАСС в ""Максе""](https://max.ru/tass_agency)",34922,83,,tass_agency
378203,2026-05-30T08:00:34+00:00,"❗️В Краснодарском крае два человека, в том числе подросток, обвиняются в подготовке к теракту, сообщает СК РФ.",32942,52,,tass_agency
378202,2026-05-30T07:55:16+00:00,"Дело замдиректора департамента международной деятельности МЧС РФ Арабидзе связано с хищениями на международных гуманитарных проектах министерства, говорится в имеющихся в распоряжении ТАСС судебных материалах.",34594,36,,tass_agency
378201,2026-05-30T07:48:01+00:00,"**Медосмотр Трампа не выявил у него проблем со здоровьем.** Он отвечает всем требованиям к выполнению обязанностей президента, говорится в опубликованном Белым домом заключении лечащего врача лидера США Барбареллы.

Подчеркивается, что у Трампа хорошая работа сердца, легких, нервной системы, а также нормальное общее физическое состояние.

✔️ [Подпишись на ТАСС в ""Максе""](https://max.ru/tass_agency)",40852,116,,tass_agency
378200,2026-05-30T07:40:57+00:00,"🚨 Власти Таганрога расширили границы режима ЧС. После атаки ВСУ в некоторых домах выбиты стекла, сообщила в Telegram-канале мэр города Камбулова.

Также ночью от атаки БПЛА пострадали мужчина и женщина, они доставлены в больницу, сообщил в Telegram-канале губернатор Ростовской области Слюсарь.",33499,66,,tass_agency
378199,2026-05-30T07:25:03+00:00,"**Расходы на отдых внутри страны следует включить в перечень соцвычетов** и возвращать до 65 тыс. рублей на семью, заявил ТАСС депутат Каплан Панеш (фракция ЛДПР).

Спрос на внутренний туризм колоссальный, но путешествия, особенно с детьми, бьют по бюджету, уточнил он.",40315,77,,tass_agency
378198,2026-05-30T07:03:36+00:00,"**Главные новости к этому часу:
**
▪Посла России в Армении [вызвали](https://tass.ru/politika/27585437) в Москву для консультаций в связи с шагами армянского руководства по сближению с ЕС.

▪Президент Румынии заявил, что дрон в Галаце мог [упасть](https://tass.ru/mezhdunarodnaya-panorama/27584955) из-за сил ПВО Украины.
 
▪США [отказались](https://tass.ru/ekonomika/27582915) от пошлин на поставки необработанного палладия из России.
 
▪Митрополит Иларион после задержания в Карловых Варах [прибыл](https://tass.ru/obschestvo/27583915) в Россию.
 
▪Россия [ввела](https://tass.ru/ekonomika/27583635) ограничения на импорт томатов, огурцов и клубники из Армении.
 
▪В Курской области 446 жителей [погибли](https://tass.ru/proisshestviya/27584457) в результате вторжения ВСУ, сообщил Хинштейн.

✔️ [Подпишись на ТАСС в ""Максе""](https://max.ru/tass_agency)",35741,22,,tass_agency
378197,2026-05-30T06:38:01+00:00,"Средняя стоимость приготовления окрошки в России за год снизилась на 0,5%, до 448,6 рубля, рассказал ТАСС исполнительный директор ""Руспродсоюза"" Дмитрий Востриков. Ранее она составляла 450,9 рубля.

За основу был взял рецепт окрошки, в который входят картофель, огурцы, яйца, редис, вареная колбаса, зелень свежая, квас и сметана.",37654,144,,tass_agency
378196,2026-05-30T06:08:42+00:00,"❗️Посол России в Армении вызван в Москву для консультаций в связи с шагами армянского руководства по сближению с ЕС, сообщает МИД РФ.

✔️ [Подпишись на ТАСС в ""Максе""](https://max.ru/tass_agency)",36026,95,,tass_agency
378195,2026-05-30T05:45:48+00:00,"**Зеленскому выгодно, чтобы дроны врезались в гражданские объекты Европы**, в то время как РФ не имеет причин нацеливаться на них. Это способ втянуть НАТО в конфликт и заставить западные страны продолжать поддерживать Украину, заявил член финской национально-консервативной партии ""Альянс свободы"" Армандо Мема.

По его мнению, причастность России к атаке по жилому дому в румынском городе Галаце не была доказана.",45860,108,,tass_agency
378194,2026-05-30T04:57:01+00:00,"Президент Румынии заявил, что дрон в Галаце мог упасть из-за сил ПВО Украины. Его слова приводит портал hotnews. ro.

Системы противовоздушной обороны ВСУ могли повредить БПЛА, вследствие чего он и попал на румынскую территорию, считает Никушор Дан.",43755,148,,tass_agency
378193,2026-05-30T04:33:56+00:00,"🚨 За ночь над регионами РФ сбиты 127 украинских БПЛА, сообщили в Минобороны.

✔️ [Подпишись на ТАСС в ""Максе""](https://max.ru/tass_agency)",36061,34,,tass_agency
378192,2026-05-30T04:32:01+00:00,"В СФ предупредили о подделке мошенниками процесса ""трудоустройства"".

""Работодатель"" связывается с соискателем, предлагает выполнить тестовое задание, рассказывает об условиях вакансии, а затем, под предлогом оформления, выманивает персональные данные, рассказал ТАСС сенатор Артем Шейкин.",36782,133,,tass_agency
378191,2026-05-30T04:21:01+00:00,"Украина в I квартале не выполнила шесть условий ЕС для транша на €2,4 млрд. Об этом свидетельствуют данные правительства страны, с которыми ознакомился ТАСС.",35063,26,,tass_agency
378190,2026-05-30T04:08:49+00:00,"Сеть полностью автоматизированных ПВЗ Wildberries будет расширена в 2026 году до 10 точек. Об этом сообщила в интервью ТАСС в преддверии ПМЭФ Татьяна Ким.

#ПМЭФ2026",35292,50,,tass_agency
378189,2026-05-30T03:54:01+00:00,"▶️ ЗАЭС остается потенциально самым опасным объектом конфликта на Украине, заявил ТАСС директор станции Юрий Черничук.

Видео: Марина Осокина/ТАСС

✔️ [Подпишись на ТАСС в ""Максе""](https://max.ru/tass_agency)",41525,50,,tass_agency
378188,2026-05-30T03:46:59+00:00,"Силы ПВО ночью уничтожили 13 БПЛА над Воронежской областью, сообщил губернатор.",33032,12,,tass_agency
378187,2026-05-30T03:44:01+00:00,Дезертировавший из ВСУ военный убил в Черниговской области депутата и командира разведподразделения Александра Новака из-за присвоения денег родных солдат. Об этом ТАСС сообщили в российских силовых структурах.,33867,82,,tass_agency
378186,2026-05-30T03:35:01+00:00,"▶️ ВСУ опасаются применять беспилотники ""Лютый"", потому что их сразу сбивают, рассказал ТАСС офицер с позывным Кот.

Видео: КБ ""Елка""/ТАСС

✔️ [Подпишись на ТАСС в ""Максе""](https://max.ru/tass_agency)",34565,48,,tass_agency
378185,2026-05-30T03:11:16+00:00,"Скидки на Wildberries останутся, это очень востребованный у продавцов и покупателей инструмент. Об этом сообщила в интервью ТАСС в преддверии ПМЭФ Татьяна Ким.

#ПМЭФ2026",32439,43,,tass_agency
378184,2026-05-30T03:08:39+00:00,"Шесть украинских БПЛА уничтожены ночью над Тульской областью, сообщил губернатор.",31939,21,,tass_agency
378183,2026-05-30T02:53:01+00:00,"🚨 Пожар на территории порта в Таганроге после атаки ВСУ ликвидирован. Разлива нефтепродуктов нет, сообщила мэр города Светлана Камбулова.

✔️ [Подпишись на ТАСС в ""Максе""](https://max.ru/tass_agency)",33572,44,,tass_agency
378182,2026-05-30T02:46:01+00:00,"В Курской области 446 жителей погибли в результате вторжения ВСУ, сообщил Хинштейн. По словам губернатора, продолжается поиск еще 332 человек.",34146,96,,tass_agency
378181,2026-05-30T02:41:09+00:00,"Пожар в административном здании на территории порта в Таганроге после атаки ВСУ ликвидирован, сообщила мэр города.",33243,32,,tass_agency
378180,2026-05-30T02:35:05+00:00,"▶️ Украинский военнопленный призвал наказать ВСУ за удар по детям в Старобельске. Попадание 16 дронов в одну точку не могло быть случайностью, сказал он ТАСС.

Видео: ТАСС

✔️ [Подпишись на ТАСС в ""Максе""](https://max.ru/tass_agency)",33143,59,,tass_agency
378179,2026-05-30T02:34:05+00:00,"В Петербурге зарегистрировали дело против автора ""Масяни"". Олега Куваева* обвинили в публичных призывах к осуществлению деятельности, направленной против безопасности государства.

__* Признан в РФ иноагентом__",31113,67,,tass_agency
378178,2026-05-30T02:25:11+00:00,"Экс-сенатор Рауф Арашуков, отбывающий пожизненное заключение, предлагал взятку в $5 млн за привилегии в колонии. Это следует из материалов суда, которые имеются в распоряжении ТАСС.",38892,64,,tass_agency
378177,2026-05-30T02:15:08+00:00,"▶️ Десантники ""Днепра"" выкурили ВСУ из ""кротовых нор"" у Запорожья.

Видео: Минобороны России/ТАСС

✔️ [Подпишись на ТАСС в ""Максе""](https://max.ru/tass_agency)",33032,38,,tass_agency
378176,2026-05-30T02:06:53+00:00,"🚨 В Таганроге после атаки ВСУ произошло возгорание танкера и резервуара с топливом, сообщил губернатор Ростовской области.",31084,88,,tass_agency
378175,2026-05-30T02:05:01+00:00,"Число дезертиров в ВСУ и самовольно оставивших части могло превысить 300 тыс., следует из подсчетов ТАСС.",29770,25,,tass_agency
378174,2026-05-30T01:31:02+00:00,"▶️ Пленный ВСУ рассказал ТАСС, что на позициях в Сумской области они ели ""две печеньки в день"".

Видео: Дарья Цыганкова/ТАСС

✔️ [Подпишись на ТАСС в ""Максе""](https://max.ru/tass_agency)",31488,46,,tass_agency
378173,2026-05-30T01:21:01+00:00,"Туристы из США купили один из самых дорогих туров по России. За $15 тыс. они будут путешествовать по Золотому кольцу, сообщили в АТОР.

По данным ""Невских сезонов"", средний чек поездки в Россию без учета стоимости авиабилетов этим летом находится в районе $1 тыс. с человека.",33416,98,,tass_agency
378172,2026-05-30T01:10:09+00:00,"▶️ Бухарест встал в очередь за освоением евробюджета, и эта провокация вряд ли последняя, заявил ТАСС Мирошник, комментируя инцидент с падением БПЛА в Румынии.

Видео: ТАСС",30338,40,,tass_agency
378171,2026-05-30T00:54:01+00:00,"Зенитный комплекс ""Цитадель"" испытали со 100-мм морской пушкой А190, рассказал ТАСС источник в ОПК.

Собеседник агентства отметил, что заинтересованные стороны ""остались довольны увиденным"".

✔️ [Подпишись на ТАСС в ""Максе""](https://max.ru/tass_agency)",28762,24,,tass_agency
378170,2026-05-30T00:38:01+00:00,"Средняя пенсия мужчин-курьеров в РФ может составить** почти 45 тыс. рублей**, сообщил ТАСС профессор Финуниверситета при правительстве РФ Александр Сафонов.

Такое возможно, если специалист трудился официально и получал зарплату в размере 130 тыс. рублей на протяжении 43 лет. При этом эксперт подчеркнул, что большая часть курьеров оформлены как самозанятые, поэтому им необходимо самостоятельно вносить взносы.",29838,87,,tass_agency
378169,2026-05-30T00:26:01+00:00,"Новейший зенитный комплекс ""Цитадель"" может получить колесную платформу, рассказал ТАСС источник в ОПК.",28976,49,,tass_agency
378168,2026-05-30T00:10:01+00:00,"▶️ Выделение ЕС средств на военные нужды стран Балтии — такая же коррупционная сделка, как строительство ""стены"" на российско-украинской границе. Об этом заявил ТАСС Родион Мирошник.

Видео: ТАСС

✔️ [Подпишись на ТАСС в ""Максе""](https://max.ru/tass_agency)",31047,40,,tass_agency
378167,2026-05-29T23:42:02+00:00,"Онищенко назвал ТАСС меры, необходимые для охраны границ РФ в связи со вспышкой Эболы в Африке.

Необходимо готовить первичную медицинскую сеть и брать под контроль всех прилетевших из Африки, сказал эпидемиолог. Проверка температуры при въезде в РФ не дает значимых результатов, добавил он.",30859,79,,tass_agency
378166,2026-05-29T23:31:01+00:00,"ВСУ отступили с северной части берега Северского Донца под Святогорском в ДНР, сообщил ТАСС Андрей Марочко.",30368,37,,tass_agency
378165,2026-05-29T23:21:13+00:00,"Пусковая площадка на мысе Канаверал сильно повреждена взрывом ракеты New Glenn компании Blue Origin, сообщило Associated Press.

✔️ [Подпишись на ТАСС в ""Максе""](https://max.ru/tass_agency)",36944,138,,tass_agency
378164,2026-05-29T23:10:10+00:00,"Экономическая делегация КНДР примет участие в ПМЭФ, сообщило ЦТАК.

#ПМЭФ2026",31854,40,,tass_agency
378163,2026-05-29T22:55:01+00:00,"Митрополит Иларион, ранее задержанный в Чехии, прибыл в Россию. Об этом сообщила редакция Telegram-канала митрополита.",32372,33,,tass_agency
378162,2026-05-29T22:53:01+00:00,"▶️ Дворцовый мост в Санкт-Петербурге развели вне графика под ""Гимн великому городу"" в честь 323-летия города. 

Видео: Александра Подервянская/ТАСС",34162,123,,tass_agency
378161,2026-05-29T22:48:01+00:00,"Средний размер пенсии мужчин в РФ вырос за год более чем на 2 тыс. рублей, выяснил ТАСС, изучив данные Соцфонда.

По последним данным за 2026 год, он составляет 25 353 рубля. В прошлом году — 23 028. Таким образом, разница составила 2 325 рублей.

✔️ [Подпишись на ТАСС в ""Максе""](https://max.ru/tass_agency)",32893,47,,tass_agency
378160,2026-05-29T22:24:58+00:00,"🚨 Мужчина погиб в результате детонации дрона в поселке Октябрьский Белгородской области, сообщили в оперштабе региона.",33005,35,,tass_agency
378159,2026-05-29T22:03:01+00:00,"Запад выдал Зеленскому индульгенцию на любое использование своих вооружений и теперь не должен удивляться , что ""долетает"" и до них. Об этом Мария Захарова заявила RT, комментируя инцидент с падением БПЛА в Румынии.",36016,78,,tass_agency
378158,2026-05-29T21:43:01+00:00,"Срок правовой охраны товарного знака Telegram в России истекает 30 мая. Однако компания имеет возможность продлить права, сообщил ТАСС адвокат и партнер ""Правовой группы"" Владимир Шалаев.

Речь идет о словесном товарном знаке Telegram, заявка на регистрацию которого была подана 30 мая 2016 года.

✔️ [Подпишись на ТАСС в ""Максе""](https://max.ru/tass_agency)",37362,81,,tass_agency
378157,2026-05-29T21:29:44+00:00,"🚨 Два человека погибли, еще двое пострадали в результате удара ВСУ в Белгородской области, сообщили в оперштабе региона.",37379,51,,tass_agency
378156,2026-05-29T21:10:01+00:00,"Россия с 30 мая ввела временные ограничения на импорт из Армении ряда ягод и свежих овощей, включая томаты, огурцы, перцы, зеленные культуры и клубнику.",42590,137,,tass_agency
378155,2026-05-29T20:45:01+00:00,"Планы Канады по производству БПЛА для ВСУ на ее территории говорят о переходе на новый уровень вовлеченности в украинский кризис. Об этом заявил ТАСС посол России в Оттаве Олег Степанов.

✔️ [Подпишись на ТАСС в ""Максе""](https://max.ru/tass_agency)",39852,92,,tass_agency
378154,2026-05-29T19:48:53+00:00,"Уникальный янтарь с пером птицы возрастом 40 млн лет нашли в Калининграде, сообщили в Музее мирового океана.

Там подчеркнули, что подобные находки встречаются нечасто. В России есть всего два образца янтаря с птичьими перьями.

Фото: Официальная страница Музея Мирового океана в ""ВКонтакте""",41436,459,,tass_agency
378153,2026-05-29T19:35:53+00:00,"**Власти Молдавии могут инсценировать падение БПЛА, чтобы спровоцировать новый виток эскалации в отношениях с РФ.** Об этом заявило посольство России в Кишиневе в связи с падением дрона в Румынии.

Там отметили, что обвинения в причастности РФ к падению беспилотника остались без доказательств, несмотря на просьбы предоставить конкретные факты. В посольстве не исключили вариант, при котором внешние кураторы подтолкнут Кишинев к провокациям с использованием БПЛА.",45654,135,,tass_agency
378152,2026-05-29T19:08:57+00:00,"▶️ Путин завершил государственный визит в Казахстан, Токаев проводил его в аэропорту, сообщает пресс-служба казахстанского лидера.

Видео: Kremlin. ru

✔️ [Подпишись на ТАСС в ""Максе""](https://max.ru/tass_agency)",39980,100,,tass_agency
378151,2026-05-29T19:03:21+00:00,"В Крыму с 30 мая ограничат продажу бензина АИ-95 объемом не более 20 литров в сутки в одни руки, сообщил Аксенов.

✔️ [Подпишись на ТАСС в ""Максе""](https://max.ru/tass_agency)",37809,228,,tass_agency
378150,2026-05-29T18:28:53+00:00,"В районе Бердянского округа на трассе ""Новороссия"" зафиксировано применение комплексной системы дистанционного минирования ВСУ, сообщил Балицкий.

Он добавил, что меры безопасности усилены над дорогами Запорожской области из-за дронов ВСУ.

✔️ [Подпишись на ТАСС в ""Максе""](https://max.ru/tass_agency)",36961,120,,tass_agency
378149,2026-05-29T18:23:53+00:00,"Минторг США отказался вводить пошлины на поставки российского палладия, говорится на сайте Федеральной комиссии по международной торговле страны.

Ранее там заключили, что поставки этой продукции из РФ в США не наносят ущерб американской промышленности.",36043,76,,tass_agency
378148,2026-05-29T18:01:20+00:00,"**Главные новости к этому часу:**

▪️Отношения с Астаной, инцидент в Румынии и сроки завершения СВО. Ключевые заявления Путина — в [материале](https://tass.ru/politika/27582643) ТАСС.

▪️Иран [требует](https://tass.ru/mezhdunarodnaya-panorama/27580923) от США выплатить $12 млрд для продолжения переговоров, сообщило агентство Fars.

▪️МИД Таиланда [объяснил](https://tass.ru/mezhdunarodnaya-panorama/27579435) сокращение безвизового пребывания в стране.

▪️Россия [не вводила](https://tass.ru/ekonomika/27581519) ограничения на ввоз овощей и фруктов из Узбекистана.

▪️Военного [обвинили](https://tass.ru/proisshestviya/27579093) в подделке работ Эрнста Неизвестного.

▪️Дети от 10 лет [смогут ](https://tass.ru/ekonomika/27580023)ездить на поездах без сопровождения с 1 июня.

▪️В ГД [предложили](https://tass.ru/obschestvo/27576253) установить единые требования по применению ИИ при проведении ЕГЭ.

▪️Минюст РФ р[асширил ](https://tass.ru/obschestvo/27579549)список иностранных агентов.


✔️ [Подпишись на ТАСС в ""Максе""](https://max.ru/tass_agency)",35266,23,,tass_agency
378147,2026-05-29T17:55:53+00:00,"☁️ Календарное лето в Москве и Подмосковье начнется кратковременным дождем и облачной погодой с прояснениями, сообщили ТАСС в Гидрометцентре.

✔️ [Подпишись на ТАСС в ""Максе""](https://max.ru/tass_agency)",31060,14,,tass_agency
378146,2026-05-29T17:42:53+00:00,"Румыния потребовала ПВО, но не стала созывать Совет НАТО после инцидента с БПЛА, заявила глава МИД Оана Цою изданию Politico.

Она отметила, что в альянсе согласились с озвученными ранее призывами Бухареста перенаправить стране военную технику. В ответ на инцидент с беспилотником Румыния запросит ускорение этих поставок.",32432,60,,tass_agency
378145,2026-05-29T17:25:53+00:00,"**Агентство Fars со ссылкой на источники опубликовало детали проекта соглашения Ирана и США.** Что о нем известно:

▪️$12 млрд будет немедленно выплачено Тегерану из замороженных активов за рубежом;

▪️Вопросы санкций и ядерная программа будут обсуждаться после перемирия в Ливане и разморозки части зарубежных активов;

▪️Демонтаж атомных объектов и утилизирование иранских ядерных материалов не подразумевается;

▪️В соглашении не говорится о том, что Тегеран не имеет права взимать плату за проход судов через Ормузский пролив. 

✔️ [Подпишись на ТАСС в ""Максе""](https://max.ru/tass_agency)",34256,108,,tass_agency
378144,2026-05-29T17:15:10+00:00,"Гражданин Украины Евгений Подгаецкий, обвиняемый в вымогательстве у основателя ГК ""Дело"" Сергея Шишкарева, объявлен в международный розыск, передает корреспондент ТАСС. Также он заочно арестован. 

Ранее Подгаецкий подал иск к Шишкареву о взыскании упущенной выгоды, а также о взыскании морального и репутационного ущерба.",32097,12,,tass_agency
378143,2026-05-29T16:55:41+00:00,"Россельхознадзор обратился в компетентное ведомство Узбекистана для проведения переговоров по выработке механизма, обеспечивающего безопасные и бесперебойные поставки узбекской плодоовощной продукции в Россию. 

Ограничительные меры на ввоз овощей и фруктов из Узбекистана не вводились, отметили в ведомстве.",32820,61,,tass_agency
378142,2026-05-29T16:43:42+00:00,"▶️ **Главные заявления Путина о ситуации в зоне спецоперации:**

▪️Называть конкретные сроки окончания СВО в условиях боевых действий опрометчиво;

▪️Путин рассказал, что сделал заявление о приближении развязки конфликта на Украине исходя из ситуации на поле боя;

▪️Ситуация на поле боя дает РФ право говорить, что конфликт близится к завершению;

▪️Президент заявил, что ему докладывают о новых попытках Киева ударить по территории РФ;

▪️Журналистам должно быть стыдно за коллег с Запада, замалчивающих трагедию в Старобельске;

▪️Путин назвал средствами массового одурачивания западные СМИ, молчащие о трагедии в Старобельске;

▪️Материалы западных СМИ ставят целью заставить европейцев раскошелиться;

▪️ВС РФ ежедневно наступают по всем направлениям;

▪️Западники поставляют дроны Киеву;

▪️РФ продолжит укреплять и совершенствовать ПВО.

Видео: Раптли/ТАСС

✔️ [Подпишись на ТАСС в ""Максе""](https://max.ru/tass_agency)",52262,168,,tass_agency
378141,2026-05-29T16:41:28+00:00,"**Главное из заявлений Путина об отношениях с Арменией: **

▪️Любые решения Еревана не испортят связей РФ и Армении;

▪️ Если Армения начнет переходить на стандарты ЕС, интеграцию с ней объективно придется свернуть;

▪️Армения имеет сейчас доступ к большому и развитому рынку ЕАЭС;

▪️Доля инвестиций российского капитала в Армении выше 86%;

 ▪️Путин задался вопросом, кому будет поставлять свою агропродукцию Армения, если РФ не сможет ввозить ее;

▪️Для граждан Армении в случае выхода из ЕАЭС будут действовать обычные требования к мигрантам;

▪️Тарифы на железнодорожные перевозки для Армении придется повысить с нынешних внутрироссийских;

▪️Армения потеряет 14% ВВП, если цены на энергоносители придется поднять из-за ее выхода из ЕАЭС;

▪️Рост экономики ЕАЭС был выше 11%, а в Европе — только 3%, напомнил Путин;

▪️ ЕАЭС просила бы Армению провести референдум насчет членства как можно раньше.

✔️ [Подпишись на ТАСС в ""Максе""](https://max.ru/tass_agency)",32057,124,,tass_agency
378140,2026-05-29T16:38:32+00:00,"Россия — одна из трех стран, развивающих суверенный искусственный интеллект, указал Путин. В высоких технологиях крайне важно сохранение суверенитета.

Самостоятельное развитие ИИ требует денег, но оно позволяет использовать наработки в обороне и госуправлении, отметил президент.

✔️ [Подпишись на ТАСС в ""Максе""](https://max.ru/tass_agency)",34700,62,,tass_agency
378139,2026-05-29T16:32:13+00:00,"❗️РФ всегда стремилась решить конфликт на Украине мирно, хочет этого и сейчас, заявил Путин.",29918,96,,tass_agency
378138,2026-05-29T16:29:34+00:00,"РФ не назначает Евросоюзу переговорщиков, это дело самого ЕС, отметил Путин.",30523,30,,tass_agency
378137,2026-05-29T16:28:29+00:00,"⚡️У России есть средства сровнять с землей всех, кто захочет сровнять с землей базы на ее территории, заявил Путин.",33462,255,,tass_agency
378136,2026-05-29T16:27:16+00:00,"Путин адресовал в Ереван вопрос о том, как долго можно сидеть на двух стульях.

✔️ [Подпишись на ТАСС в ""Максе""](https://max.ru/tass_agency)",33043,99,,tass_agency
378135,2026-05-29T16:25:28+00:00,"❗️РФ готова к переговорам по Украине и не отказывается от них, отметил президент России.",33151,83,,tass_agency
378134,2026-05-29T16:24:32+00:00,"❗️Контакты по Украине сохраняются, но переговоров нет, заявил Путин.",32609,83,,tass_agency
378133,2026-05-29T16:23:28+00:00,"Журналистам должно быть стыдно за коллег с Запада, замалчивающих трагедию в Старобельске, заявил Путин.

Президент РФ назвал средствами массового одурачивания западные СМИ, молчащие о трагедии.",32587,50,,tass_agency
378132,2026-05-29T16:22:00+00:00,"📹 Владимир Путин ответил на вопрос ТАСС об инциденте с беспилотником в Румынии.

Видео: Раптли/ТАСС

✔️ [Подпишись на ТАСС в ""Максе""](https://max.ru/tass_agency)",37291,73,,tass_agency
378131,2026-05-29T16:20:48+00:00,"❗️Именно политика ЕС привела к тому, что произошло на Украине, заявил Путин.",29417,85,,tass_agency
378130,2026-05-29T16:20:13+00:00,"▶️ Путин рассказал, что сделал заявление о приближении развязки конфликта на Украине исходя из ситуации на поле боя.

Видео: Раптли/ТАСС

✔️ [Подпишись на ТАСС в ""Максе""](https://max.ru/tass_agency)",32470,174,,tass_agency
378129,2026-05-29T16:19:09+00:00,"⚡️Ситуация на поле боя дает РФ право говорить, что конфликт близится к завершению, заявил Путин.",34149,477,,tass_agency
378128,2026-05-29T16:18:29+00:00,"❗️ВС РФ ежедневно наступают по всем направлениям, заявил Путин.

✔️ [Подпишись на ТАСС в ""Максе""](https://max.ru/tass_agency)",31838,111,,tass_agency
378127,2026-05-29T16:17:41+00:00,"Партнеры по ЕАЭС пришлют делегации на ПМЭФ, а один из наблюдателей при союзе станет главным гостем, сообщил Путин.",31992,19,,tass_agency
378126,2026-05-29T16:16:48+00:00,"❗️Называть конкретные сроки окончания СВО в условиях боевых действий опрометчиво, заявил Путин.",48827,231,,tass_agency
378125,2026-05-29T16:05:02+00:00,"❗️Армения потеряет 14% ВВП, если цены на энергоносители придется поднять из-за ее выхода из ЕАЭС, заявил Путин.",33189,74,,tass_agency
378124,2026-05-29T16:02:21+00:00,"❗️**Главное из заявлений Путина об инциденте с БПЛА в Румынии:**

▪️Никто не может утверждать, какого происхождения БПЛА, до экспертизы обломков;

▪️Украинские дроны залетали в разные страны, первая реакция была всегда ""русские бьют"";

▪️В Румынии, скорее всего, имел место инцидент с украинским дроном;

▪️РФ готова провести объективное расследование, если ей передадут обломки дрона, упавшего в Румынии.

✔️ [Подпишись на ТАСС в ""Максе""](https://max.ru/tass_agency)",33826,66,,tass_agency
378123,2026-05-29T16:01:23+00:00,"❗️Для граждан Армении в случае выхода из ЕАЭС будут действовать обычные требования к мигрантам, заявил Путин.

Видео: Раптли/ТАСС

✔️ [Подпишись на ТАСС в ""Максе""](https://max.ru/tass_agency)",30570,153,,tass_agency
378122,2026-05-29T15:59:00+00:00,"▶️ Любые решения Еревана не испортят связей РФ и Армении, заявил Путин. Русский и армянский народы связывают узы дружбы столетиями, отметил президент.

Видео: Раптли/ТАСС

✔️ [Подпишись на ТАСС в ""Максе""](https://max.ru/tass_agency)",30016,106,,tass_agency
378121,2026-05-29T15:58:39+00:00,"❗️Если Армения начнет переходить на стандарты ЕС, интеграцию с ней объективно придется свернуть, отметил Путин.",29327,116,,tass_agency
378120,2026-05-29T15:56:50+00:00,"❗️Кризис на Украине начался с похожей ситуации, что происходит с Арменией сейчас, заявил Путин.",31610,296,,tass_agency
378119,2026-05-29T15:52:50+00:00,"▶️ Все цели, поставленные госвизитом в Казахстан, достигнуты, заявил Путин.

Видео: Раптли/ТАСС

✔️ [Подпишись на ТАСС в ""Максе""](https://max.ru/tass_agency)",32194,94,,tass_agency
378118,2026-05-29T15:47:33+00:00,"❗️Украинские дроны залетали в разные страны, первая реакция была всегда **""русские бьют""**, заявил Путин.

Президент добавил, что РФ готова провести объективное расследование, если ей передадут обломки дрона, упавшего в Румынии.",31949,123,,tass_agency
378117,2026-05-29T15:45:22+00:00,"❗️ Путин заявил на вопрос ТАСС, что ему только что доложили о ситуации с БПЛА в Румынии.

Президент заявил, что никто не может утверждать, какого происхождения БПЛА, до экспертизы обломков. По его словам, в Румынии скорее всего имел место инцидент с украинским дроном.

Видео: Раптли/ТАСС

✔️ [Подпишись на ТАСС в ""Максе""](https://max.ru/tass_agency)",33631,150,,tass_agency
378116,2026-05-29T15:41:28+00:00,▶️ Путин проводит встречу с журналистами по итогам госвизита в Казахстан. Присоединяйтесь к нашей [трансляции](https://t.me/tass_live?livestream).,32973,128,,tass_agency
378114,2026-05-29T15:33:01+00:00,"**Между Зеленским и руководством ЕС идет скрытая война**, сообщает ""Страна"". Причина — нежелание Киева меняться для вступления в Евросоюз.

__""Эта война идет под взаимные комплименты и заверения в поддержке""__, — рассказывает источник издания в дипломатических кругах. Конфликт проявляется в частых провалах голосований за законопроекты, необходимых для интеграции Украины в ЕС.",33618,55,,tass_agency
378113,2026-05-29T15:22:01+00:00,"__""Так надо позвонить Путину. Приехать, сесть, по-мужски поговорить"".__

Так Лукашенко ответил Макрону во время их телефонного разговора на его слова о том, что президент Франции не исключает встречи с российским лидером в Минске.

✔️ [Подпишись на ТАСС в ""Максе""](https://max.ru/tass_agency)",48438,154,,tass_agency
378112,2026-05-29T15:11:10+00:00,"🚊 **Дети от 10 до 16 лет с 1 июня смогут ездить на поездах более чем по 20 маршрутам без сопровождения взрослых**, сообщили в РЖД.

В пути следования поезда за детьми будут присматривать начальник поезда и проводник. На станции прибытия ребенка передадут встречающему лицу, указанному в заявлении.

✔️ [Подпишись на ТАСС в ""Максе""](https://max.ru/tass_agency)",32957,129,,tass_agency
378111,2026-05-29T15:03:28+00:00,"**Трамп заявил, что большая часть пунктов по сделке с Ираном уже согласована. **Он добавил, что примет сегодня на совещании с помощниками окончательное решение.

По его словам, Иран должен согласиться на полный отказ от ядерного оружия. Также сделка предусматривает немедленное открытие Ормузского пролива, за проход через который не будет взиматься плата.

✔️ [Подпишись на ТАСС в ""Максе""](https://max.ru/tass_agency)",31868,44,,tass_agency
378110,2026-05-29T14:52:01+00:00,"👔Матвиенко призвала отслеживать факты дискриминации женщин при приеме на работу:

""Обратиться к губернаторам, собрать всех руководителей кадровых служб. <...> Предупредить, что если хоть один факт дискриминации женщины при приеме на работу [вскроется], тем более женщины с детьми, то они будут нести ответственность"".

✔️ [Подпишись на ТАСС в ""Максе""](https://max.ru/tass_agency)",34839,95,,tass_agency
378109,2026-05-29T14:44:01+00:00,"**В ГД предложили установить единые требования по применению ИИ при проведении ЕГЭ**. Документ есть в распоряжении ТАСС.

Депутаты думской фракции ""Новые люди"" Ярослав Самылин и Анна Скрозникова заявили, что применение машинного зрения повышает объективность оценки, однако из-за непрозрачности работы алгоритмов выпускники боятся фиксации нарушения за совершенно безобидное действие, такое как разминка спины или поворот головы.",28913,23,,tass_agency
378108,2026-05-29T14:41:59+00:00,"Режим ""Ракетная опасность"", впервые введенный на территории всего УрФО, отменен, сообщает Жога.",35199,50,,tass_agency
378107,2026-05-29T14:32:51+00:00,"▶️ __""Это позиция Александра Григорьевича, ее тоже все уважают""__. Песков заявил, что критика утильсбора Александром Лукашенко является предметом для работы на двустороннем и многостороннем уровне.

Ранее президент Белоруссии указал на высокие ставки утильсбора в рамках ЕАЭС, отметив, что скоро они могут превысить стоимость самих машин.

Видео: ТАСС

✔️ [Подпишись на ТАСС в ""Максе""](https://max.ru/tass_agency)",30558,96,,tass_agency
378106,2026-05-29T14:21:00+00:00,"Решение правительства Таиланда сократить срок безвизового пребывания с 60 до 30 дней обусловлено соображениями нацбезопасности и не направлено против какой-либо конкретной страны, сообщили ТАСС в таиландском МИД.",28583,18,,tass_agency
378105,2026-05-29T14:16:10+00:00,"Минюст РФ включил в реестр иноагентов писательницу Эльвиру Барякину, политолога Андрея Никулина и активистку Инну Курочкину, сообщили в ведомстве.

✔️ [Подпишись на ТАСС в ""Максе""](https://max.ru/tass_agency)",29017,22,,tass_agency
378104,2026-05-29T14:11:57+00:00,"**Военного обвинили в подделке работ Эрнста Неизвестного**, сообщила Светлана Петренко.

В 2020-2026 годах Максим Кошкарев в составе преступной группы изготовил не менее 30 предметов искусства без согласия правообладателей авторских прав от имени Эрнста Неизвестного. Участники группы заработали не менее 90 млн рублей. По уголовному делу проведены обыски, в том числе в Третьяковской галерее. Изъяты и осмотрены 37 картин и 10 скульптур.",30184,67,,tass_agency
378103,2026-05-29T14:01:09+00:00,"**Главные новости к этому часу:**

▪️ВС РФ за неделю [освободили](https://tass.ru/armiya-i-opk/27575057) 10 населенных пунктов в зоне СВО. 

▪️Румыния [закрывает](https://tass.ru/mezhdunarodnaya-panorama/27576973) генконсульство России в Констанце. Генеральный консул объявлен персоной нон грата.

▪️Путин в курсе инцидента с БПЛА в Румынии, заявил Песков. Ключевые заявления представителя Кремля — в [материале](https://tass.ru/politika/27577489) ТАСС. 

▪️Навроцкий [предложил](https://tass.ru/mezhdunarodnaya-panorama/27574801) отобрать у Зеленского высшую госнаграду Польши. 

▪️РЖД [назначили](https://tass.ru/ekonomika/27575607) прямой поезд из Москвы в Душанбе. 

▪️МИД Таиланда [опроверг](https://tass.ru/mezhdunarodnaya-panorama/27578329) данные о ""массовой депортации"" россиян. 

▪️Минтранс [предложил](https://tass.ru/ekonomika/27576123) ввести дорожный спецзнак для парковки многодетных. 

▪️МЧС [опровергло](https://tass.ru/obschestvo/27575375) сведения о введении запрета на использование телефонов на АЗС. 

▪️Россиянок [признали](https://tass.ru/obschestvo/27574713) одними из самых красивых в мире.

✔️ [Подпишись на ТАСС в ""Максе""](https://max.ru/tass_agency)",29532,17,,tass_agency
378102,2026-05-29T13:54:36+00:00,"**Главное из совместного заявления лидеров России, Белоруссии, Казахстана и Киргизии о ситуации вокруг стремления Армении в ЕС:**

▪️Лидеры выступают за проведение в Армении референдума о вступлении в ЕС или пребывании в ЕАЭС;

▪️ Доклад о возможных последствиях выхода Армении из ЕАЭС будет представлен в декабре 2026 года;

▪️Подготовка Армении к вступлению в ЕС несет существенные риски для экономической безопасности государств ЕАЭС.

✔️ [Подпишись на ТАСС в ""Максе""](https://max.ru/tass_agency)",28465,101,,tass_agency
378101,2026-05-29T13:52:20+00:00,"❗️Кремль опубликовал совместное заявление лидеров России, Белоруссии, Казахстана и Киргизии о ситуации вокруг стремления Армении в ЕС.

✔️ [Подпишись на ТАСС в ""Максе""](https://max.ru/tass_agency)",30993,153,,tass_agency
378100,2026-05-29T13:43:54+00:00,"Посол РФ призвал МИД Франции серьезно отнестись к призывам Москвы в адрес иностранных граждан покинуть Киев.

Также он указал на террористические действия Украины, предъявил фотографии последствий удара по Старобельску, сообщили ТАСС в посольстве.",33949,58,,tass_agency
378099,2026-05-29T13:27:01+00:00,"Европейские страны на неформальных консультациях по Украине в Лондоне 29 мая обсуждают, что ""пора договариваться с РФ"", сообщает источник ТАСС.",31220,89,,tass_agency
378098,2026-05-29T13:14:06+00:00,"▶️ Журналисты ""кремлевского пула"" собрались в Малом зале для переговоров Дворца независимости в Астане. Как ожидается, скоро к ним выйдет Путин, который пообщается с прессой перед вылетом из Астаны.

Видео: ТАСС

✔️ [Подпишись на ТАСС в ""Максе""](https://max.ru/tass_agency)",36282,48,,tass_agency
378097,2026-05-29T13:11:39+00:00,"Число подтвержденных случаев Эболы в Уганде достигло девяти, сообщил Минздрав страны.",30757,16,,tass_agency
378096,2026-05-29T13:04:55+00:00,"❗️Режим ""Ракетная опасность"" впервые введен на территории всего УрФО, сообщает Жога.",32399,288,,tass_agency
378095,2026-05-29T13:02:41+00:00,"Сведения о **""массовой депортации"" россиян из Таиланда** не соответствуют действительности. Об этом корреспонденту ТАСС сообщили в таиландском МИД, комментируя появившуюся в СМИ информацию о якобы участившихся случаях депортации россиян из королевства.",32343,0,,tass_agency
378094,2026-05-29T12:57:42+00:00,"🚨 Водитель ""Камаза"" погиб при подрыве на мине ВСУ на трассе ""Новороссия"", сообщил Сальдо.

Фото: Официальный Telegram-канал Губернатора Херсонской области

✔️ [Подпишись на ТАСС в ""Максе""](https://max.ru/tass_agency)",34471,128,,tass_agency
378093,2026-05-29T12:52:01+00:00,"Представители одной из крупнейших японских торговых компаний — Mitsui & Co — посещали Россию 26–27 мая, сообщили ТАСС в компании.

В эти же даты в Москве находились чиновники министерства экономики, торговли и промышленности и МИД Японии.",30601,41,,tass_agency
378092,2026-05-29T12:42:27+00:00,"▶️ Склады горят под Ростовом-на-Дону на площади 700 кв. метров, пожар локализован, сообщает МЧС.

Видео: Официальный канал ГУ МЧС России по Ростовской области в ""Максе""/ТАСС

✔️ [Подпишись на ТАСС в ""Максе""](https://max.ru/tass_agency)",31086,55,,tass_agency
378091,2026-05-29T12:38:01+00:00,"Президент Венгрии Тамаш Шуйок отказался уходить в отставку по требованию Петера Мадьяра и попросил Венецианскую комиссию оценить возникший между ними конфликт, сообщила пресс-служба дворца Шандора.

✔️ [Подпишись на ТАСС в ""Максе""](https://max.ru/tass_agency)",44679,66,,tass_agency
378090,2026-05-29T12:29:42+00:00,"Ущерб по делу экс-вице-губернатора Кубани Нестеренко, связанному с ремонтом херсонских школ, оценен почти в **150 млн рублей**, сообщил гособвинитель.",29157,43,,tass_agency
378089,2026-05-29T12:20:58+00:00,"Матвиенко предложила скорректировать поисковую выдачу по запросам об абортах.

По ее мнению, сначала должна появляться информация о центрах помощи семье, кризисных центрах помощи женщинам.",30400,71,,tass_agency
378088,2026-05-29T12:13:58+00:00,"▶️ Восемь человек застряли на американских горках из-за аварии в Техасе, сообщает ABC.

Как сообщил телеканал Fox, спасателям понадобилось более трех часов, чтобы провести полную эвакуацию пострадавших.

Видео: ТАСС/Reuters

✔ [Подпишись на ТАСС / Мир в ""Максе""](https://max.ru/mir_tass)",30218,244,,tass_agency
378087,2026-05-29T12:08:58+00:00,Минтранс предложил ввести дорожный спецзнак для парковки многодетных семей и провести эксперимент по предоставлению скидок на такси для них.,28777,68,,tass_agency
378086,2026-05-29T11:56:42+00:00,"**За неделю ВС РФ освободили 10 населенных пунктов:**

▪️Четыре в Харьковской области — Гранов, Нововасилевка, Бударки и Караичное;
▪️Два — Запселье и Рясное — в Сумской области;
▪️Три — Новоподгородное, Лесное и Добропасово — в Днепропетровской области;
▪️Воздвижевка в Запорожской области.

Видео: Карта СВО/ТАСС

✔️ [Подпишись на ТАСС в ""Максе""](https://max.ru/tass_agency)",34152,122,,tass_agency
378085,2026-05-29T11:48:52+00:00,"Шумиха вокруг беспилотника в Румынии нужна западникам для того, чтобы отвести внимание от убийства Зеленским детей в Старобельске, заявила Мария Захарова ТАСС.

✔️ [Подпишись на ТАСС в ""Максе""](https://max.ru/tass_agency)",29255,156,,tass_agency
378084,2026-05-29T11:48:06+00:00,"Меры России на объявление Румынией генконсула РФ persona non grata и закрытием генконсульства в Констанце не заставят себя ждать, заявила Мария Захарова ТАСС.",47598,220,,tass_agency
378083,2026-05-29T11:46:06+00:00,"Европейские БПЛА и иное вооружение, не говоря уже о разведданных, каждый день применяются в атаках на РФ, заявил Медведев.

Он указал, что все лидеры ЕС, ""начальнички"" стран этого ""недоделанного союза"", прекрасно знают, как закончить войну на Украине.

✔️ [Подпишись на ТАСС в ""Максе""](https://max.ru/tass_agency)",31836,83,,tass_agency
378082,2026-05-29T11:41:07+00:00,"Нужно разобраться, чей БПЛА упал на дом в Румынии, но странам ЕС лучше ""заткнуться"" на эту тему — они прямые участники войны с РФ, указал Медведев.",33066,229,,tass_agency
378081,2026-05-29T11:38:00+00:00,"❗️Румыния закрывает генеральное консульство РФ в Констанце, заявил президент.

✔️ [Подпишись на ТАСС в ""Максе""](https://max.ru/tass_agency)",36981,318,,tass_agency
378080,2026-05-29T11:37:00+00:00,"❕Генеральный консул России в румынской Констанце объявлен персоной нон-грата, заявил президент Румынии.",36820,243,,tass_agency
378079,2026-05-29T11:32:36+00:00,"Путин в курсе инцидента с БПЛА в Румынии, заявил Песков.

✔️ [Подпишись на ТАСС в ""Максе""](https://max.ru/tass_agency)",32384,92,,tass_agency
378078,2026-05-29T11:31:28+00:00,"Двигаться в сторону ЕС — суверенное право Армении, но она не должна делать это за счет финансов стран ЕАЭС, отметил Песков.",32470,43,,tass_agency
378077,2026-05-29T11:30:49+00:00,"▶️ Армения по мере сближения с ЕС неизбежно столкнется с проблемами в ЕАЭС, заявил Песков.

Видео: Алексей Голенищев/ТАСС",38813,49,,tass_agency
378076,2026-05-29T11:21:50+00:00,"▶️ **Армения обсуждалась на саммите ЕАЭС**, заявил Ушаков.

По его словам, вице-премьеру страны передано заявление четырех лидеров стран ЕАЭС.

Видео: Алексей Голенищев/ТАСС",37844,50,,tass_agency
378075,2026-05-29T11:15:58+00:00,"**Стресс на ЕГЭ усиливается, когда у выпускника есть шпаргалка или телефон**, заявил Кравцов.

Он посоветовал выпускникам перепроверить ответы, воспользоваться сначала черновиком и не спешить.

✔️ [Подпишись на ТАСС в ""Максе""](https://max.ru/tass_agency)",30630,126,,tass_agency
378072,2026-05-29T11:04:54+00:00,"🚨 Четыре человека, в том числе двое детей, погибли в ДТП под Пензой, сообщает прокуратура.",29100,39,,tass_agency
378071,2026-05-29T10:55:58+00:00,"📹 Более 10 школьниц подозревают в поджоге общежития в Кении, в результате которого погибли 16 человек. Они задержаны, сообщает Kenyans .co .ke.

79 человек получили травмы. В панике некоторые выпрыгивали из окон.

Видео: VIRAL VOLT/Х

✔️ [Подпишись на ТАСС в ""Максе""](https://max.ru/tass_agency)",29876,50,,tass_agency
378070,2026-05-29T10:37:16+00:00,"Армения намерена и далее добросовестно работать в рамках ЕАЭС, заявил вице-премьер.",32694,75,,tass_agency
378069,2026-05-29T10:30:40+00:00,"**Главное из заявлений Путина на заседании Высшего Евразийского экономического совета:**

▪️ЕАЭС функционирует в целом успешно и продолжает развиваться;

▪️Плотная евразийская интеграция приносит выгоду каждому участнику ЕАЭС;

▪️ЕАЭС открыт к взаимовыгодному и равноправному сотрудничеству с конструктивно настроенными странами и объединениями;

▪️Активизировались переговоры о либерализации торговли между ЕАЭС и Индией.

Видео: Раптли/ТАСС

✔️ [Подпишись на ТАСС в ""Максе""](https://max.ru/tass_agency)",31717,90,,tass_agency
378068,2026-05-29T10:23:42+00:00,"▶ Путин участвует в заседании Высшего Евразийского экономического совета в Астане. Присоединяйтесь к нашей [трансляции](https://t.me/tass_live?livestream).

Видео: Раптли/ТАСС",28593,22,,tass_agency
378067,2026-05-29T10:22:39+00:00,"**Прокуратура Нидерландов требует взыскать с футболиста Промеса €8 млн **по делу о контрабанде наркотиков, сообщает Telegraaf.

Футболист предстал перед судом вместе с двоюродным братом. Предполагается, что родственник руководил людьми, которые занимались ввозом наркотиков.

✔️ [Подпишись на ТАСС в ""Максе""](https://max.ru/tass_agency)",29346,31,,tass_agency
378066,2026-05-29T10:13:58+00:00,Фицо на фоне инцидента с БПЛА в Румынии призвал к немедленному диалогу между ЕС и РФ.,35668,100,,tass_agency
378065,2026-05-29T10:08:58+00:00,"**Музаев объяснил, почему экзамен по истории для 9-х классов будет устным.**

По его словам, это продиктовано необходимостью научить школьников аргументировать свою позицию и связно излагать мысли, а также наличием достаточного количества письменных экзаменов.

✔️ [Подпишись на ТАСС в ""Максе""](https://max.ru/tass_agency)",30375,63,,tass_agency
378064,2026-05-29T10:04:09+00:00,"**РЖД назначили прямой поезд из Москвы в Душанбе**. Он будет курсировать с 21 июня один раз в две недели, сообщили в холдинге.

Пассажирское ж/д-сообщение между столицами было приостановлено в связи с пандемией COVID-19 в 2020 году.",27953,70,,tass_agency
378063,2026-05-29T09:53:31+00:00,"▶️ Кадры освобождения населенного пункта Лесное в Днепропетровской области.

Видео: Минобороны России/ТАСС

✔️ [Подпишись на ТАСС в ""Максе""](https://max.ru/tass_agency)",30418,46,,tass_agency
378062,2026-05-29T09:50:59+00:00,"Посла Украины в Польше Василия Боднара вызвали в МИД из-за решения Зеленского присудить наименование ""имени героев УПА*"" подразделению ВСУ.

__* Признана экстремистской и запрещена в РФ.__",29707,68,,tass_agency
378061,2026-05-29T09:43:58+00:00,"**Ранее судимый житель Калужской области убил и расчленил тело своего знакомого**, сообщает СК.

Следствие установило, что злоумышленник сложил фрагменты тела в чемодан и скрыл его в реке Луже в черте Малоярославца. Подозреваемого заключили под стражу.",28169,33,,tass_agency
378060,2026-05-29T09:36:50+00:00,"▶️ Кадры освобождения населенных пунктов Караичное и Бударки в Харьковской области.

Видео: Минобороны России/ТАСС

✔️ [Подпишись на ТАСС в ""Максе""](https://max.ru/tass_agency)",29889,61,,tass_agency
378059,2026-05-29T09:35:13+00:00,"Освобождение Новоподгородного создает условия для продвижения всей группировки войск ""Центр"", заявил Белоусов.

✔️ [Подпишись на ТАСС в ""Максе""](https://max.ru/tass_agency)",29290,57,,tass_agency
378058,2026-05-29T09:31:23+00:00,"❕МЧС опровергло информацию о введении запрета на использование мобильных телефонов на АЗС, сообщили ТАСС в пресс-службе.",28962,235,,tass_agency
378057,2026-05-29T09:20:58+00:00,"**Россиянок признали одними из самых красивых в мире**, свидетельствуют данные World Population Review.

Согласно рейтингу Insider Monkey, на первом месте в списке оказалась Колумбия, Россия заняла четвертую строчку.

✔️ [Подпишись на ТАСС в ""Максе""](https://max.ru/tass_agency)",30222,198,,tass_agency
378056,2026-05-29T09:16:34+00:00,"**Главное из нового брифинга Минобороны России:**

▪️ВС РФ за неделю нанесли массированный и пять групповых ударов высокоточным оружием по предприятиям ВПК Украины и авиабазам;

▪️Российские средства ПВО сбили за неделю 3 крылатые ракеты Storm Shadow и 2 628 беспилотников ВСУ самолетного типа;

▪️ВСУ за неделю потеряли свыше 1 245 военных в зоне ответственности группировки ""Север"";

▪️ВСУ за неделю потеряли свыше 950 военнослужащих и 3 танка в зоне ответственности группировки войск ""Южная"";

▪️Недельные потери ВСУ в зоне ответственности группировки войск ""Запад"" составили более 1 340 солдат;

▪️ВСУ за неделю потеряли более 375 военных в зоне ответственности группировки ""Днепр"";

▪️ВСУ за неделю потеряли более 2 250 военнослужащих в зоне ответственности группировки войск ""Центр"";

▪️Недельные потери ВСУ в зоне ответственности группировки войск ""Восток"" составили свыше 1 970 солдат.

✔️ [Подпишись на ТАСС в ""Максе""](https://max.ru/tass_agency)",30467,58,,tass_agency
378055,2026-05-29T09:14:09+00:00,"❗️За неделю ВС РФ освободили 10 населенных пунктов в зоне СВО, сообщает Минобороны.",28700,62,,tass_agency
378054,2026-05-29T09:13:26+00:00,"⚡️ВС РФ за сутки взяли под контроль Лесное и Новоподгородное в Днепропетровской области, Караичное и Бударки в Харьковской области, сообщает МО РФ.",31384,106,,tass_agency
378053,2026-05-29T09:03:58+00:00,"**Президент Польши Навроцкий предложил отобрать у Зеленского высшую госнаграду республики** в связи с его решением присудить наименование ""имени героев УПА""* подразделению ВСУ.

Он подчеркнул, что оценивает шаг Зеленского очень критически и что он показывает неготовность Киева к вступлению в ЕС.

__* Украинская повстанческая армия, признана экстремистской и запрещена в РФ__",30734,200,,tass_agency
378052,2026-05-29T09:00:21+00:00,"**Главные новости к этому часу:**

▪Задание на подрыв железнодорожного пути. [Что известно ](https://tass.ru/proisshestviya/27574227)о предотвращении теракта в Новороссийске. 

▪Путин [приехал](https://tass.ru/ekonomika/27574101) во Дворец независимости Казахстана, где пройдет саммит ЕАЭС.

▪Невозможность посредничества Европы и слова Мадьяра. [Главное](https://tass.ru/politika/27574265) из заявлений Пескова.

▪Погибшие в Волгоградской области и пожар в порту в Темрюке. Последствия атак БПЛА — в [материале](https://tass.ru/proisshestviya/27573165) ТАСС.

▪Топ-менеджера Walt Disney Company [осудили](https://tass.ru/proisshestviya/27574141) за провоз в РФ мармелада с наркотиками.

▪Греция [готовит](https://tass.ru/mezhdunarodnaya-panorama/27574295) протест Украине после обнаружения дрона со взрывчаткой, пишет Euractiv.

▪В России [приостановили](https://tass.ru/ekonomika/27572815) реализацию 64,5 млн бутылок минеральной воды ""Джермук"".

✔️ [Подпишись на ТАСС в ""Максе""](https://max.ru/tass_agency)",28093,12,,tass_agency
378051,2026-05-29T08:53:58+00:00,"В РФ в отношении бельгийского Euroclear Bank открыли 58 производств о взыскании почти на 28 млрд рублей, следует из судебных и других материалов, с которыми ознакомился ТАСС.

Также на Euroclear Bank по исполнительному производству наложен арест.",28378,73,,tass_agency
378050,2026-05-29T08:45:46+00:00,"Экс-замглавы Кубани Нестеренко не признал вину по делу о превышении должностных полномочий при ремонте школ в Херсонской области, сообщает корреспондент ТАСС.

✔ [Подпишись на ТАСС в ""Максе""](https://max.ru/tass_agency)",28555,26,,tass_agency
378049,2026-05-29T08:37:59+00:00,"Попытки Зеленского получить от США ракеты с помощью шантажа направлены на то, чтобы ""нагадить Трампу"". Но в итоге это выйдет ему самому боком, заявил Медведчук.

По его словам, в этой ситуации естественно, что Трамп и его сторонники в ответ будут атаковать Зеленского.",28528,59,,tass_agency
378043,2026-05-29T08:26:09+00:00,"**🏅**** Российские юниоры добились успеха на чемпионате Европы по художественной гимнастике.** В их честь впервые после пятилетнего перерыва снова звучал гимн РФ и был поднят российский флаг.

Героиней четверга стала Яна Заикина, завоевавшая золотую медаль.

Фото: Игорь Ленкин/ТАСС

✔ [Подпишись на ТАСС в ""Максе""](https://max.ru/tass_agency)",29217,92,,tass_agency
378042,2026-05-29T08:13:58+00:00,"**Выпускной вечер не требует больших затрат. **Достаточно собраться в школе, поблагодарить учителей и сохранить добрую традицию, сообщил Кравцов, слова которого приводятся в канале ""Юнашев Live"" в ""Максе"".

Министр призвал не гнаться за дорогими выпускными, а сосредоточиться на атмосфере и благодарности педагогам.

✔️ [Подпишись на ТАСС в ""Максе""](https://max.ru/tass_agency)",28583,92,,tass_agency
378041,2026-05-29T08:09:02+00:00,"Взрыв во время испытаний тяжелой ракеты New Glenn может **увеличить сроки реализации лунной программы США**, заявил ТАСС историк космонавтики Железняков.

Ракета должна была запустить лунный посадочный модуль Blue Moon, а также использоваться для вывода грузов и при испытаниях на околоземной орбите. Также New Glenn должна была выводить на орбиту спутниковую группировку Amazon Leo.",28939,39,,tass_agency
378040,2026-05-29T08:04:35+00:00,"▶️ Путин приехал во Дворец независимости Казахстана, где пройдет саммит ЕАЭС.

Видео: Раптли/ТАСС

✔️ [Подпишись на ТАСС в ""Максе""](https://max.ru/tass_agency)",36814,56,,tass_agency
378039,2026-05-29T07:58:44+00:00,"**Греция направит протест Киеву** после обнаружения украинского надводного безэкипажного дрона со взрывчаткой у острова Лефкада, сообщает Euractiv.

Афины предупредили, что не допустят превращения Средиземного моря в театр военных действий. Ранее министр Нацобороны Дендиас потребовал от Украины извинений в связи с произошедшим.",35210,146,,tass_agency
378038,2026-05-29T07:52:01+00:00,"Суд дал топ-менеджеру The Walt Disney Company Датерао Джугала Судхира 2,5 года колонии за попытку провезти мармелад с наркотиками в аэропорту Шереметьево, сообщили ТАСС в объединенной пресс-службе судов Московской области.

Осужденный прилетел в РФ из Катара в январе, в зеленом коридоре аэропорта у него в багаже нашли наркотик. В суде он заявил, что вещество прописал врач в США для купирования последствий операции на мозге.",32807,117,,tass_agency
378037,2026-05-29T07:40:20+00:00,"Вспышка предпоследнего класса мощности M1.2 зафиксирована на Солнце впервые с 22 мая, сообщили ТАСС в Институте прикладной геофизики.

✔️ [Подпишись на ТАСС в ""Максе""](https://max.ru/tass_agency)",32070,145,,tass_agency
378036,2026-05-29T07:20:24+00:00,"❗️Госпитализированная после атаки БПЛА на Волгоградскую область женщина умерла в больнице, сообщают власти.",32846,60,,tass_agency
378035,2026-05-29T07:19:01+00:00,"👔Утечка топлива в нижней ступени может быть одной из причин взрыва тяжелой ракеты-носителя New Glenn, заявил ТАСС историк космонавтики Железняков:

""Еще рано говорить о причинах, потому что событие произошло совсем недавно <...>. Возгорание и какая-то вспышка произошли в хвостовой части ступени. Поэтому, возможно, при зажигании из-за этой утечки произошла такая аномалия"".",32285,29,,tass_agency
378034,2026-05-29T07:11:39+00:00,"📹 Куратор подготовки теракта на ж/д в Новороссийске преследовал цель массовой гибели людей, сообщает ФСБ.

Видео: ЦОС ФСБ России/ТАСС

✔️ [Подпишись на ТАСС в ""Максе""](https://max.ru/tass_agency)",48568,151,,tass_agency
378033,2026-05-29T07:03:01+00:00,"**__""Очень неудачно. Ракеты — это сложно"". __**Так Илон Маск прокомментировал в X взрыв тяжелой ракеты New Glenn на испытаниях во Флориде.",33434,84,,tass_agency
378032,2026-05-29T06:59:45+00:00,"Полный отказ от диалога с РФ является **самой большой ошибкой Брюсселя**, это причина тупика, в который зашли дипотношения, указал Песков.

✔️ [Подпишись на ТАСС в ""Максе""](https://max.ru/tass_agency)",33377,55,,tass_agency
378031,2026-05-29T06:54:50+00:00,"В Кремле позитивно оценивают решение Мадьяра не поставлять оружие на Украину, заявил Песков.

Если бы все страны перестали поставлять оружие Киеву, мир настал бы быстрее, отметил он.",36642,71,,tass_agency
378030,2026-05-29T06:53:42+00:00,"ЕС является стороной конфликта и не может выступать посредником в переговорах с Киевом, заявил Песков.",40086,133,,tass_agency
378029,2026-05-29T06:45:30+00:00,"❗️В Новороссийске задержан готовивший теракт на ж/д путях при прохождении пассажирского поезда, сообщает ФСБ.",41489,134,,tass_agency
378028,2026-05-29T06:11:01+00:00,"📹 Не менее трех человек погибли, пять ранены из-за взрыва в многоквартирном доме в Далласе в США, сообщает CBS. Причиной взрыва стала утечка газа.

Видео: AZ Intel/X

✔️ [Подпишись на ТАСС в ""Максе""](https://max.ru/tass_agency)",37853,75,,tass_agency
378027,2026-05-29T05:39:53+00:00,"🚨 В Темрюке из-за падения обломков БПЛА произошло возгорание на территории морского порта, предварительно, пострадавших нет, сообщает оперштаб Кубани.

✔️ [Подпишись на ТАСС в ""Максе""](https://max.ru/tass_agency)",38776,104,,tass_agency
378026,2026-05-29T05:22:01+00:00,"Роспотребнадзор приостановил реализацию 64,5 млн бутылок минеральной воды ""Джермук"" из-за превышения гидрокарбоната, сообщили в пресс-службе ведомства.",38147,88,,tass_agency
378025,2026-05-29T05:10:18+00:00,"❕Один человек погиб, двое пострадали из-за атаки БПЛА на Волгоградскую область, сообщает губернатор.",39026,119,,tass_agency
378024,2026-05-29T04:58:51+00:00,"**Главные новости к этому часу:**

▪️В Ярославской области обломки БПЛА [попали](https://tass.ru/proisshestviya/27572583) в промобъекты по хранению топлива.

▪️Небензя [охарактеризовал](https://tass.ru/politika/27570829) речь постпреда Украины пословицей ""на воре и шапка горит"".

▪️На испытаниях тяжелой ракеты New Glenn [произошел](https://tass.ru/proisshestviya/27571803) взрыв.

▪️Над регионами России за ночь [сбили](https://tass.ru/armiya-i-opk/27572577) 208 украинских БПЛА, сообщили в МО РФ.

▪Экс-президент Польши Валенса заявил, что больше не будет [поддерживать](https://tass.ru/mezhdunarodnaya-panorama/27570867) Зеленского из-за героизации УПА (запрещена в РФ).

▪️В Румынии БПЛА [врезался](https://tass.ru/proisshestviya/27572419) в жилой дом, сообщает агентство Mediafax.

▪️В Прибалтике [не должны](https://tass.ru/mezhdunarodnaya-panorama/27570571) говорить об ударах по Калининграду, заявил президент Хорватии.

▪️Сборная России по футболу [проиграла](https://tass.ru/sport/27570481) команде Египта в товарищеском матче.


✔️ [Подпишись на ТАСС в ""Максе""](https://max.ru/tass_agency)",38199,23,,tass_agency
378023,2026-05-29T04:56:51+00:00,"Россиянам **досрочно выплатят пенсии** перед длинными июньскими выходными. Выплаты придут до 11 июня включительно, сообщил ТАСС депутат Нилов.",32937,46,,tass_agency
378022,2026-05-29T04:51:51+00:00,"**Во Вьетнаме ликвидируют кладбище для строительства элитного ЖК компанией Трампа**, пишет Financial Times со ссылкой на источники.

По информации газеты, строительство элитного объекта с полем для гольфа в провинции Хынгйен обойдется в $1,5 млрд. Отмечается, что проект является символическим для связей между Ханоем и Вашингтоном.",34352,97,,tass_agency
378021,2026-05-29T04:40:51+00:00,"**Обучение детей технологиям ИИ позволит им распознать кибермошенников**, заявил ТАСС член ОП РФ Машаров.

Массовому внедрению ИИ в образовательную среду и коммуникации среди несовершеннолетних не нужно сопротивляться, отметил он. Эти знания позволят им самостоятельно распознавать фейковые фото и видео, через которые атакуют мошенники.

✔️ [Подпишись на ТАСС в ""Максе""](https://max.ru/tass_agency)",34596,31,,tass_agency
378020,2026-05-29T04:33:06+00:00,"Прерванное из-за атаки БПЛА движение в сторону Москвы возобновили в Ярославле, сообщил губернатор Евраев в ""Максе"".",33576,32,,tass_agency
378019,2026-05-29T04:24:03+00:00,"🚨 Обломки сбитых БПЛА попали в промышленные объекты по хранению топлива в Ярославской области, заявил губернатор.",35012,101,,tass_agency
378018,2026-05-29T04:22:26+00:00,"❕Средства ПВО за ночь сбили 208 украинских БПЛА над регионами России и акваторией Азовского моря, сообщили в МО РФ.

✔️ [Подпишись на ТАСС в ""Максе""](https://max.ru/tass_agency)",35675,68,,tass_agency
378017,2026-05-29T04:20:51+00:00,"**Закон о платформенной экономике пока не нуждается в изменениях**, сообщила Татьяна Ким в интервью ТАСС в преддверии ПМЭФ.

Однако позже могут потребоваться корректировки в части регулирования трудовых отношений, отметила она.

#ПМЭФ2026",36792,23,,tass_agency
378016,2026-05-29T04:08:51+00:00,"**БПЛА врезался в жилой дом в румынском городе Галац,** сообщило агентство Mediafax.

По его информации, при столкновении со зданием раздался взрыв, после чего в одной из квартир начался пожар, из-за которого пострадали два человека. Возгорание удалось ликвидировать.",38890,175,,tass_agency
378015,2026-05-29T04:01:51+00:00,"🚨 Более 80 БПЛА уничтожены в 9 районах Ростовской области, заявил губернатор.

✔️ [Подпишись на ТАСС в ""Максе""](https://max.ru/tass_agency)",35728,46,,tass_agency
378014,2026-05-29T03:54:27+00:00,"США потратили уже более $95,2 млрд на военную операцию в Иране, сообщил портал Iran War Cost Tracker.",35313,32,,tass_agency
378013,2026-05-29T03:38:51+00:00,"**На полигоне ВСУ в лесу под Харьковом выявлены десятки случаев небоевых потерь**, сообщили ТАСС силовики.

В частности, солдат П. Григорович умер спустя 4 дня после мобилизации. Его похороны прошли через месяц после смерти — командование подразделения пыталось скрыть убийство собственного солдата.",36663,60,,tass_agency
378012,2026-05-29T03:25:51+00:00,"Властям Швейцарии не хватило мужества **публично выразить России соболезнования в связи с терактом ВСУ в Старобельске**. Об этом ТАСС заявил посол РФ в Швейцарии Гармонин.

Они отважились сделать это лишь в частном порядке, в ходе личной беседы в МИД конфедерации, отметил он.",36368,75,,tass_agency
378011,2026-05-29T03:18:10+00:00,"Wildberries планирует запустить в РФ продажи товаров из Республики Корея и Индии, сообщила в интервью ТАСС в преддверии ПМЭФ Татьяна Ким.

#ПМЭФ2026

✔️ [Подпишись на ТАСС в ""Максе""](https://max.ru/tass_agency)",37084,176,,tass_agency
378010,2026-05-29T03:04:07+00:00,"**Сеть 5G может появиться в России в конце июня**, сообщают ""Известия"" со ссылкой на материалы Госкомиссии по радиочастотам.

Государство в ближайший месяц планирует выделить ""Вымпелкому"", МТС, ""Мегафону"" и T2 диапазон 4,63-4,99 ГГц, который позволит разворачивать сети 5G в мегаполисах.",36025,197,,tass_agency
378009,2026-05-29T02:48:51+00:00,"**Словакия против вступления Украины в ЕС до урегулирования отношений с РФ,** заявил ""Известиям"" замглавы правящей партии страны Любош Блаха.

Он отметил, что принятие Украины в ЕС в обход стандартных процедур нужно для того, чтобы использовать Киев в борьбе против РФ.",33582,48,,tass_agency
378008,2026-05-29T02:41:51+00:00,"Партнерство с ВТБ позволит Wildberries & Russ гораздо быстрее развивать собственные банковские сервисы. На это могли уйти годы, сообщила в интервью ТАСС в преддверии ПМЭФ Татьяна Ким.

#ПМЭФ2026",33441,59,,tass_agency
378007,2026-05-29T02:30:17+00:00,"▶️ На испытаниях тяжелой ракеты New Glenn компании Blue Origin произошел взрыв.

Видео: NASASpaceflight/X

✔️ [Подпишись на ТАСС в ""Максе""](https://max.ru/tass_agency)",33850,260,,tass_agency
378006,2026-05-29T02:19:24+00:00,"**Прибалтийские политики не должны говорить о возможности ударов НАТО по Калининградской области РФ**, заявил президент Хорватии Миланович.

""Неделя за неделей я слышу выкрики и призывы высокопоставленных чиновников некоторых прибалтийских государств к нападению на Калининградскую область. Это больше, чем несерьезность. Это не должны произносить"", — сказал он.",33127,99,,tass_agency
378005,2026-05-29T02:11:01+00:00,"📹 Бойцы ""Востока"" уничтожили систему траншей и полевые склады ВСУ в Запорожской области, сообщили в МО РФ.

Видео: Минобороны России/ТАСС

✔️ [Подпишись на ТАСС в ""Максе""](https://max.ru/tass_agency)",30375,35,,tass_agency
378002,2026-05-29T01:59:01+00:00,"**Нацисты в Донецке заставляли евреев ходить по левой стороне, угрожая расстрелом**. Это следует из документальных материалов о зверствах нацистов в оккупированных районах Украинской ССР, с которыми ознакомился ТАСС.",30988,88,,tass_agency
378001,2026-05-29T01:47:01+00:00,"**Разговор по мобильному телефону у бензоколонки с 1 июня** **грозит автовладельцам отказом в обслуживании **или внесением в черные списки АЗС.

Использование телефона вне салона авто опасно из-за случайной искры, согласно новым противопожарным требованиям МЧС, сообщила ТАСС адвокат Ирина Гребнева.",37165,831,,tass_agency
378000,2026-05-29T01:33:57+00:00,"▶️ **ЗАЭС будет управлять только Россия**, ""два руля у машины быть не может"", заявил ТАСС директор станции Черничук.

Видео: Марина Осокина/ТАСС

✔️ [Подпишись на ТАСС в ""Максе""](https://max.ru/tass_agency)",32901,81,,tass_agency
377999,2026-05-29T01:16:01+00:00,"Силы РФ на 10 км вклинились в глубину обороны ВСУ у Нововасилевки, сообщил ТАСС военный эксперт Марочко.",31536,16,,tass_agency
377998,2026-05-29T01:00:36+00:00,"🚗 Движение на выезде из Ярославля в сторону Москвы приостановлено из-за БПЛА, сообщил губернатор.",32229,48,,tass_agency
377997,2026-05-29T00:52:33+00:00,"▶️ Небензя охарактеризовал речь постпреда Украины пословицей **""на воре и шапка горит"".**

Украинский постпред не отрицал смерть людей в Старобельске, однако аргументировал произошедшее тем, что погибли не дети, а взрослые люди.

Видео: Раптли/ТАСС/UN Web TV

✔️ [Подпишись на ТАСС в ""Максе""](https://max.ru/tass_agency)",36141,86,,tass_agency
377996,2026-05-29T00:32:45+00:00,"**Живой экзамен дает более полную картину о знаниях, чем дипломная работа,** заявил ТАСС академик РАН Онищенко.

""У медиков дипломной работы нет, мы всегда сдавали экзамены на разных курсах, и даже у постели больного"", — отметил он.",32710,42,,tass_agency
377995,2026-05-29T00:07:33+00:00,"📹 Мобильные огневые группы Ленинградской армии ВВС и ПВО отработали отражение БПЛА на полигоне в Ленобласти, сообщили в МО РФ.

Видео: Минобороны России/ТАСС

✔️ [Подпишись на ТАСС в ""Максе""](https://max.ru/tass_agency)",36086,82,,tass_agency
377994,2026-05-28T22:39:01+00:00,"**Пенсии вырастут в июне в РФ для двух категорий граждан **— это те, кому исполнилось 80 лет, а также получившие I группу инвалидности. Выплата будет увеличена автоматически, сообщил ТАСС профессор Финуниверситета при правительстве РФ Сафонов.",34760,120,,tass_agency
377993,2026-05-28T21:57:24+00:00,"**Закрытие границ является неэффективной мерой против распространения лихорадки Эбола**, заявил глава ВОЗ Гебрейесус. 

Наиболее эффективной мерой является оперативное применение необходимых санитарных мер и оказание поддержки в очаге заболевания, отметил он.

✔️ [Подпишись на ТАСС в ""Максе""](https://max.ru/tass_agency)",49300,76,,tass_agency
377992,2026-05-28T21:49:58+00:00,"🚨 Силы ПВО отражают массированную атаку в Волгоградской области, удару подвергся жилой многоквартирный дом, пострадавших не зафиксировано, заявил губернатор.",36426,100,,tass_agency
377991,2026-05-28T21:42:01+00:00,"Роспотребнадзор зарегистрировал первый в РФ набор реагентов для обнаружения вируса гриппа птиц A(H5N8), сообщили в пресс-службе ведомства.",36692,39,,tass_agency
377990,2026-05-28T21:19:07+00:00,"Экс-президент Польши Валенса заявил, что больше не будет носить на груди флаг Украины и поддерживать Зеленского.

Это связано с решением Зеленского присудить подразделению ВСУ наименование ""имени героев УПА"" (Украинская повстанческая армия, запрещена в РФ).

✔️ [Подпишись на ТАСС в ""Максе""](https://max.ru/tass_agency)",41783,244,,tass_agency
377989,2026-05-28T21:02:01+00:00,"**Сотрудники ТЦК в Киеве начали проводить рейды в общественном транспорте**, пишет украинское издание ""Страна"".

Сообщается, что военкомы остановили автобус, заблокировали все двери и стали проверять документы находящихся внутри мужчин. Одного из пассажиров вывели, дальнейшая его судьба неизвестна.",41721,62,,tass_agency
377988,2026-05-28T20:48:48+00:00,"Иранские силы ПВО сбили американский беспилотник в провинции Бушер, сообщило агентство Tasnim.",37547,43,,tass_agency
377987,2026-05-28T20:39:01+00:00,"**Лидеры Европы окончательно и бесповоротно списали Украину**, пытаясь выиграть время для своей безумной подготовки к войне с РФ, заявил Небензя.

""Они готовы и дальше выжимать из многострадальной страны по максимуму, ее руками воюя с Россией до последнего украинца"", — сказал он.

✔️ [Подпишись на ТАСС в ""Максе""](https://max.ru/tass_agency)",38447,95,,tass_agency
377986,2026-05-28T20:27:59+00:00,"▶️ **Киевский режим вновь проявил свою террористическую сущность**, нанеся варварский прицельный удар по Старобельскому колледжу**,** заявил Небензя на заседании СБ ООН по Украине.

Ряд европейских стран предпочел не заметить трагедию, отметил он.

Видео: Раптли/ТАСС/UN Web TV

✔️ [Подпишись на ТАСС в ""Максе""](https://max.ru/tass_agency)",49637,69,,tass_agency
377985,2026-05-28T20:00:37+00:00,Сборная России по футболу со счетом 0:1 проиграла команде Египта в товарищеском матче в Каире.,37000,146,,tass_agency
377984,2026-05-28T19:52:28+00:00,"**Глава Минфина США Бессент подтвердил предварительную разработку купюры в $250 с портретом Трампа.**

По его словам, сейчас на американской валюте не может быть изображен ныне живущий человек, поэтому в Палате представителей Конгресса США и в Сенате на рассмотрении находится законопроект, меняющий это требование.

✔️ [Подпишись на ТАСС в ""Максе""](https://max.ru/tass_agency)",38855,166,,tass_agency
377983,2026-05-28T19:39:34+00:00,"🚨 Трое сотрудников коммунального предприятия погибли в ДНР от удара ВСУ по автомобилю ремонтной бригады, сообщил Пушилин.",37711,65,,tass_agency
377982,2026-05-28T19:20:26+00:00,"**Венгрия уведомила НАТО, что по-прежнему не будет поставлять вооружения и военную технику Украине**, сообщил Мадьяр.

Таким образом, он еще раз подтвердил, что будет придерживаться той же позиции по этому вопросу, что и предыдущее правительство во главе с Орбаном.

✔️ [Подпишись на ТАСС в ""Максе""](https://max.ru/tass_agency)",40304,162,,tass_agency
377981,2026-05-28T18:43:37+00:00,"Проект меморандума между Ираном и США еще не согласован и не утвержден, сообщает Tasnim со ссылкой на источник, близкий к переговорной команде.",36630,37,,tass_agency
377980,2026-05-28T18:28:53+00:00,"**США вывели из-под действия антироссийских санкций 11 физлиц и два танкера.** Об этом свидетельствуют данные, размещенные на сайте Управления по контролю за иностранными активами.

Речь идет, в частности, об экс-депутате ГД Чилингарове, экс-сенаторах СФ Лебедеве и Сахаровой, а также о танкерах LINDA и LADY D.

✔️ [Подпишись на ТАСС в ""Максе""](https://max.ru/tass_agency)",42573,105,,tass_agency
377978,2026-05-28T18:16:52+00:00,"В России воссоздадут Челябинское высшее танковое командное училище, расформированное в 2007 году, следует из распоряжения правительства.",47909,364,,tass_agency
377977,2026-05-28T18:00:31+00:00,"**Главные новости к этому часу:**

▪️РФ понимает и возможности, и риски внедрения ИИ, заявил Путин. ТАСС [собрал](https://tass.ru/ekonomika/27569295) главные заявления президента РФ на форуме ЕАЭС.

▪️Переговорщики США и Ирана согласовали проект меморандума, он ждет одобрения Трампа, сообщает Axios. Подробнее — в [материале](https://tass.ru/mezhdunarodnaya-panorama/27568387) ТАСС.

▪️Удар по Киеву, о котором Россия предупреждала, может быть нанесен в любой момент, заявил Шойгу. ТАСС [собрал](https://tass.ru/politika/27567909) ключевые заявления секретаря Совбеза РФ.

▪️Директора департамента Минтранса РФ Васильченко [арестовали.](https://tass.ru/proisshestviya/27568853)

▪️Апелляция[ смягчила](https://tass.ru/proisshestviya/27569617) приговор по делу генерала МО Галимуллина.

▪️Столичный детский омбудсмен [предложила](https://tass.ru/obschestvo/27568113) разрешить подросткам подрабатывать с 12 лет.

▪️Синоптик Макарова [рассказала](https://tass.ru/obschestvo/27556729), что смартфоны могут взрываться в грозу.

✔️ [Подпишись на ТАСС в ""Максе""](https://max.ru/tass_agency)",35003,19,,tass_agency
377976,2026-05-28T17:43:53+00:00,"▶️ **В Сеуле роботы приняли участие в модном показе**. Они продефилировали в различных нарядах: футуристичных куртках и комбинезонах с космической эстетикой. Один из них был и в джинсовом костюме и ковбойской шляпе, убедился корреспондент ТАСС.

Видео: Игорь Иванов/ТАСС

✔️ [Подпишись на ТАСС в ""Максе""](https://max.ru/tass_agency)",44388,189,,tass_agency
377975,2026-05-28T17:28:20+00:00,"⚖️ Суд смягчил приговор фигурантам дела генерал-майора Минобороны РФ Анвара Галимуллина.

Апелляция исключила из обвинительного приговора наказание в виде штрафа всем осужденным, сообщили ТАСС в пресс-службе суда.",38992,33,,tass_agency
377971,2026-05-28T17:16:33+00:00,"▶️ Путин с лидерами ЕАЭС осмотрел выставку достижений сообщества в ИИ.

Видео: kremlin. ru
Фото: Сергей Бобылев/POOL/ТАСС

✔️ [Подпишись на ТАСС в ""Максе""](https://max.ru/tass_agency)",32102,48,,tass_agency
377970,2026-05-28T17:10:00+00:00,"Претензии к арестованному директору департамента Минтранса Васильченко связаны с работой в правительстве Курской области, сообщил ТАСС источник.

✔ [Подпишись на ТАСС в ""Максе""](https://max.ru/tass_agency)",37154,57,,tass_agency
377969,2026-05-28T16:27:01+00:00,"**В США арестовали экс-сотрудника ЦРУ за кражу более 300 слитков золота на $40 млн**, сообщила телекомпания CBS со ссылкой на судебные документы.

ФБР обвиняет Дэвида Раша не только в присвоении золотых слитков, но и в ""получении завышенной зарплаты и оформлении отпуска по военной службе мошенническим путем"", а также в предоставлении ложных сведений о службе в вооруженных силах и образовании.",37155,111,,tass_agency
377968,2026-05-28T16:02:31+00:00,"""Единая Россия"" намерена добиться сокращения времени ожидания общественного транспорта. 

""Ждать автобус по 30-40 минут — ненормально. Нужно сделать работу транспорта удобной для людей: сокращать время ожидания, делать движение регулярным и понятным для пассажиров"", — сказал ТАСС заместитель руководителя фракции ""Единой России"" в Госдуме Евгений Ревенко. Предложения по решению этих проблем партия внесет в народную программу на выборах.",36070,117,,tass_agency
377967,2026-05-28T15:42:36+00:00,"🚨 Арестован директор департамента Минтранса РФ Васильченко по обвинению в получении взятки, сообщил Мосгорсуд.",35350,234,,tass_agency
377966,2026-05-28T15:38:27+00:00,"📹 **Главное из заявлений Путина на пленарном заседании Евразийского экономического форума:**

▪Евразийская интеграция приносит реальную выгоду каждому из участников ЕАЭС;

▪ЕАЭС уже использует общие цифровые стандарты в самых разных сферах;

▪У России есть преимущества в борьбе за технологии ИИ между государствами и транснациональными корпорациями;

▪Развитие ИИ требует солидного финансирования, и здесь РФ может сконцентрировать необходимые ресурсы;

▪РФ уже создает суверенные платформы развития ИИ, но только работа вместе с партнерами может дать ""совместный выхлоп"";

▪В мире формируется принципиально новый уклад промышленности, что меняет и политику, и соцсферу;

▪Возможности ИИ нужно использовать как драйвер экономического роста;

▪""Цифра"" позволяет принципиально поменять процесс принятия решений и перестраивает рынок труда;

▪Вопрос ИИ требует комплексного рассмотрения, в том числе на международных площадках.

Видео: Раптли/ТАСС

✔ [Подпишись на ТАСС в ""Максе""](https://max.ru/tass_agency)",39573,116,,tass_agency
377965,2026-05-28T15:32:26+00:00,"Замена низкоквалифицированных кадров на ИИ необратима и неизбежна, заявил Путин.",33031,210,,tass_agency
377964,2026-05-28T15:31:42+00:00,"❕Целые профессии могут исчезнуть из-за внедрения компьютерного разума, ИИ уже заменяет сотрудников младшего звена, заявил Путин.",32503,129,,tass_agency
377963,2026-05-28T15:29:19+00:00,"Академическая наука РФ готова к решению задач внедрения ИИ, есть необходимые для этого кадры, заявил Путин.

Президент РФ отметил, что ИИ требует огромного потребления энергии, и здесь у РФ тоже масса преимуществ.

✔ [Подпишись на ТАСС в ""Максе""](https://max.ru/tass_agency)",32598,66,,tass_agency
377962,2026-05-28T15:28:04+00:00,"❕РФ понимает и возможности, и риски внедрения ИИ, заявил Путин.",44816,78,,tass_agency
377961,2026-05-28T15:27:33+00:00,"Путин назвал ИИ стратегической технологией, обеспечивающей глобальные безопасность и прогресс.",31072,70,,tass_agency
377960,2026-05-28T15:25:22+00:00,"▶ Путин выступает на пленарном заседании Евразийского экономического форума. Присоединяйтесь к нашей [трансляции](https://t.me/tass_live?livestream).

Видео: Раптли/ТАСС",31461,24,,tass_agency
377959,2026-05-28T15:22:14+00:00,"Ушаков сомневается, что США ""сразу же побегут"" выполнять просьбу Украины о дополнительном вооружении. Об этом он сказал в интервью журналисту ""Вестей"" Зарубину.",29432,33,,tass_agency
377958,2026-05-28T15:07:21+00:00,"▶️ Владимир Путин прибыл в астанинский Конгресс-центр, где 28 мая открылся V Евразийский экономический форум.

Видео: Раптли/ТАСС

✔️ [Подпишись на ТАСС в ""Максе""](https://max.ru/tass_agency)",30476,56,,tass_agency
377957,2026-05-28T14:54:41+00:00,"**Что известно о согласованном переговорщиками США и Ирана проекте меморандума:**

▪️Проект предусматривает открытие Ормузского пролива, пишет Axios;

▪️Иран должен будет разминировать пролив за 30 дней;

▪️США снимут блокаду с Ирана по мере восстановления судоходства в Ормузском проливе;

▪️США обязуются обсудить разморозку активов Ирана и снятие с него санкций;

▪️Иран обязуется вести переговоры о проблеме обогащения урана и отказе от его запасов;

▪️В 60-дневном меморандуме о взаимопонимании будет указано, что судоходство в Ормузском проливе будет ""неограниченным"".

✔️ [Подпишись на ТАСС в ""Максе""](https://max.ru/tass_agency)",31776,73,,tass_agency
377956,2026-05-28T14:42:48+00:00,"**Идея снижения с 14 до 12 лет возраста трудоустройства детей требует серьезного обсуждения**, прежде чем такие поправки могут быть приняты, заявил ТАСС Ярослав Нилов.

Ранее детский омбудсмен Москвы Ольга Ярославская заявила, что уже с 12 лет почти все подростки хотят работать летом, поэтому необходимо менять законодательство.

✔️ [Подпишись на ТАСС в ""Максе""](https://max.ru/tass_agency)",32343,196,,tass_agency
377955,2026-05-28T14:31:57+00:00,"❗️Переговорщики США и Ирана согласовали проект меморандума, он ждет одобрения Трампа, сообщает Axios.

Руководство Ирана также пока не одобрило согласованный проект меморандума.",29294,45,,tass_agency
377954,2026-05-28T14:24:50+00:00,"**Смартфоны могут взрываться в грозу**, рассказала ТАСС синоптик Макарова.

Это связано не с попаданием молний, а с процессом индуцирования — когда под воздействием мощного электростатического поля грозового облака в проводниках на земле возникают электрические заряды. Случается такое очень редко.

✔️ [Подпишись на ТАСС в ""Максе""](https://max.ru/tass_agency)",46280,337,,tass_agency
377953,2026-05-28T14:17:51+00:00,"▶️ Бои роботов, выставка инновационных продуктов и сессии для бизнеса проходят в рамках технофестиваля Startup Village в центре ""Сколково"", передает корреспондент ТАСС.

Видео: Эмиль Вильданов/ТАСС

✔️ [Подпишись на ТАСС в ""Максе""](https://max.ru/tass_agency)",29260,117,,tass_agency
377952,2026-05-28T14:03:53+00:00,"**Главное из заявлений Сергея Шойгу на пресс-конференции на I Международном форуме по безопасности:**

▪️Нет предпосылок, чтобы военная база РФ в Армении была свернута;

▪️Договор Армении и США о стратегическом партнерстве похож на помощь в предвыборной кампании;

▪️РФ даже во время ближневосточного кризиса остается надежным поставщиком энергоносителей, продовольствия, удобрений;

▪️Ни одна страна не может сравниться с Россией по подготовленности и оснащенности армии;

▪️Урок событий в Персидском заливе требует создания механизма реагирования и формирования резервов;

▪️Правда о Донбассе, которую не хотели замечать на Западе, — причина СВО и всех остальных ответных действий РФ.

✔ [Подпишись на ТАСС в ""Максе""](https://max.ru/tass_agency)",29085,71,,tass_agency
377951,2026-05-28T14:00:26+00:00,"**Главные новости к этому часу:**

▪️Строительство Россией АЭС в Казахстане формирует в республике целую отрасль, отметил Путин. ТАСС [собрал](https://tass.ru/politika/27563655) ключевые заявления лидеров на переговорах.

▪️ВС РФ [установили](https://tass.ru/armiya-i-opk/27562423) контроль над Нововасилевкой в Харьковской области.

▪️России, ""конечно, есть"" о чем говорить с европейцами, заявил Ушаков. Ключевые заявления помощника президента — в [материале](https://tass.ru/politika/27564081) ТАСС.

▪️Россия с 30 мая [ограничит](https://tass.ru/ekonomika/27564805) ввоз плодоовощной продукции из Армении.

▪️Главы МИД ЕС не приняли никаких решений о возможности переговоров с Россией, [сообщает](https://tass.ru/mezhdunarodnaya-panorama/27566883) источник ТАСС.

▪️Иностранца [приговорили](https://tass.ru/proisshestviya/27566901) к 20 годам за подготовку теракта в Ессентуках.

▪️Комитет ГД [одобрил](https://tass.ru/politika/27563099) во II чтении второй пакет мер по противодействию мошенниками.

▪️Представители более 130 стран и территорий[ подтвердили](https://tass.ru/politika/27561891) свое участие в ПМЭФ.

▪️Маркетплейсы [опровергли](https://tass.ru/ekonomika/27563093) данные об изменении условий оплаты и возврата товаров.

▪️В Московском регионе ночью 29 мая могут [ударить](https://tass.ru/obschestvo/27565511) заморозки.

✔ [Подпишись на ТАСС в ""Максе""](https://max.ru/tass_agency)",31057,15,,tass_agency
377950,2026-05-28T13:52:05+00:00,"❗️Как только на Украине появляется предприятие по производству боеприпасов, ВС РФ наносят по нему удары, заявил Шойгу.",31175,120,,tass_agency
377949,2026-05-28T13:50:37+00:00,"▶️ У РФ есть все, чтобы нанести удар по Киеву, она это показала, заявил Шойгу.

Видео: Раптли/ТАСС

✔ [Подпишись на ТАСС в ""Максе""](https://max.ru/tass_agency)",32547,92,,tass_agency
377948,2026-05-28T13:37:25+00:00,"❗️Удар по Киеву, о котором Россия предупреждала, может быть нанесен в любой момент, отметил Шойгу, отвечая на вопрос ТАСС.",34881,237,,tass_agency
377947,2026-05-28T13:35:10+00:00,"❗️РФ показала, какой силы может быть удар по Киеву, заявил Шойгу в ответ на вопрос ТАСС.",32749,129,,tass_agency
377946,2026-05-28T13:34:25+00:00,"Предупреждение послам иностранных государств покинуть Киев — совершенно серьезное и осознанное, заявил Шойгу, отвечая на вопрос ТАСС.

Видео: Раптли/ТАСС

✔️ [Подпишись на ТАСС в ""Максе""](https://max.ru/tass_agency)",34300,174,,tass_agency
377945,2026-05-28T13:28:41+00:00,"▶️ Сергей Шойгу проводит пресс-конференцию на Международном форуме по безопасности. Присоединяйтесь к нашей [трансляции](https://t.me/tass_live?livestream).

Видео: Раптли/ТАСС",31910,30,,tass_agency
377944,2026-05-28T13:21:53+00:00,"❄️ Заморозки  от нуля до минус 2 градусов прогнозируются предстоящей ночью в Московском регионе, а также в Тверской, Владимирской и Рязанской областях, сообщили ТАСС в Гидрометцентре.

✔️ [Подпишись на ТАСС в ""Максе""](https://max.ru/tass_agency)",35468,516,,tass_agency
377943,2026-05-28T13:08:07+00:00,"**Главы МИД ЕС не приняли никаких решений о возможности переговоров с Россией** или о кандидатуре европейского переговорщика, сообщает источник ТАСС.

Вопрос об условиях ЕС для переговоров с Россией и о кандидатуре переговорщика будет вынесен на саммите ЕС в июне в Брюсселе.

✔️ [Подпишись на ТАСС в ""Максе""](https://max.ru/tass_agency)",29318,35,,tass_agency
377942,2026-05-28T13:04:33+00:00,"🚨 Иностранца приговорили к 20 годам за подготовку теракта в Ессентуках, сообщает прокуратура региона.",27988,44,,tass_agency
377941,2026-05-28T13:03:49+00:00,"🗣 **Главное из заявлений Марии Захаровой:**

▪️Кровь детей Старобельска на руках Запада, они соучастники преступления;

▪️Официальных обращений от Финляндии о посредничестве в диалоге ЕС — РФ не было, а Стубб делает все, чтобы его кандидатуру не рассматривали;

▪️Запад призывает Зеленского не сбавлять темп террора; 

▪️Украина пытается строить свою так называемую национальную идентичность буквально на костях, некромания давно стала отличительной чертой режима Зеленского;

▪️Отвод американских военных сил из Европы представлял бы собой рациональный и оправданный шаг;

▪️У РФ нет оснований быть удовлетворенными переброской американских военных в Европе, учитывая условия, с которыми ее увязывают;

▪️Швеции следует понимать, что поддержка терроризма Киева обернется против нее;

▪️Слова армянского руководства о заинтересованности сохранить отношения с РФ расходятся с делами;

▪️Отношение РФ к Армении не изменилось, Ереван — по-прежнему союзник Москвы;

▪️Армения неформально уведомила о нежелательности включения ряда граждан РФ в списки наблюдательной миссии на июньские выборы в республике;

▪️РФ рассматривает учения США и Японии с развертыванием комплекса Typhon как шаг, угрожающий интересам России и безопасности в регионе;

▪️Дипломат рассказала, что следующий еженедельный брифинг пройдет на полях ПМЭФ.

Видео: Раптли/ТАСС

✔️ [Подпишись на ТАСС в ""Максе""](https://max.ru/tass_agency)",29989,75,,tass_agency
377940,2026-05-28T12:52:37+00:00,"❗️332 жителя курского приграничья остаются пропавшими без вести, сообщил Хинштейн.

Он отметил, что 1 841 житель Курской области из реестра пропавших без вести найден, 1 395 живы.",28090,85,,tass_agency
377939,2026-05-28T12:42:08+00:00,"💲**Минфин США продвигает идею создания купюры в $250 с изображением Трампа**. В случае успеха он станет первым за 150 лет человеком, при жизни попавшим на долларовую банкноту, пишет The Washington Post со ссылкой на источники.

Чиновники предоставили макеты купюры с подписями президента США и главы Минфина. Их автор британский художник Иэн Александер рассказал, что даже разговаривал о банкноте с Трампом.

Фото: The Washington Post/Х

✔️ [Подпишись на ТАСС в ""Максе""](https://max.ru/tass_agency)",37220,329,,tass_agency
377938,2026-05-28T12:26:54+00:00,"▶️ Последствия удара дрона ВСУ по рейсовому автобусу Макеевка — Севастополь.

Видео: Дмитрий Ягодкин/ТАСС

✔️ [Подпишись на ТАСС в ""Максе""](https://max.ru/tass_agency)",29789,126,,tass_agency
377937,2026-05-28T12:16:57+00:00,"▶️ **Белоусов проинспектировал группировку войск ""Запад""**, заслушал доклады командования о текущей обстановке, сообщает Минобороны.

Министр обороны поручил наращивать эффективность применения ударных БПЛА и темпы продвижения группировки ""Запад"".

Видео: Минобороны России/ТАСС

✔️ [Подпишись на ТАСС в ""Максе""](https://max.ru/tass_agency)",31147,58,,tass_agency
377936,2026-05-28T12:10:06+00:00,"__""Тихо сам с собою я веду беседу""__. Мария Захарова ответила строчкой из советского шлягера на заявления главы евродипломатии Каи Каллас о возможных требованиях к России.

✔ [Подпишись на ТАСС в ""Максе""](https://max.ru/tass_agency)",32784,46,,tass_agency
377935,2026-05-28T11:53:53+00:00,"Фицо назвал себя единственным в ЕС, у кого есть прямой контакт с Путиным и Зеленским.

Он подтвердил, что ""правительство Словакии заинтересовано в нормальных отношениях с РФ"".",29402,57,,tass_agency
377934,2026-05-28T11:45:53+00:00,"▶️ Власти Бангладеш спасли редкого буйвола-альбиноса по кличке Дональд Трамп, которого хотели принести в жертву на Курбан-байрам. 

Правительство поместило его в национальный зоопарк, сообщило агентство PTI.

Видео: Upuknews/X

✔ [Подпишись на ТАСС / Мир в ""Максе""](https://max.ru/mir_tass)",28205,197,,tass_agency
377933,2026-05-28T11:32:53+00:00,"**Глобальное потепление вызвало беспрецедентное замедление скорости вращения Земли**, сообщает Би-би-си со ссылкой на исследование.

Ученые пришли к выводу, что нынешние темпы удлинения дня составляют приблизительно 1,33 мс на 100 лет. С практической точки зрения сдвиг продолжительности суток может отразиться на точности навигации космических аппаратов, а также GPS-навигации.",34373,258,,tass_agency
377932,2026-05-28T11:19:37+00:00,"▶️ Путин и Токаев посадили дуб в знак крепкой дружбы РФ и Казахстана.

Видео: ТАСС/Kremlin. ru

✔ [Подпишись на ТАСС в ""Максе""](https://max.ru/tass_agency)",43188,335,,tass_agency
377931,2026-05-28T11:13:53+00:00,"**Исландия стала самой дорогой для проживания страной в мире**, пишет шведское агентство ТТ со ссылкой на данные исландского профсоюза выпускников вузов Viska.

Цены в стране примерно на 3% выше, чем в Швейцарии. Основу экономики острова составляет туризм, что приводит к росту инфляции в сфере услуг и зарплаты в стране. Еще одна причина — высокие цены на жилье.

✔️ [Подпишись на ТАСС в ""Максе""](https://max.ru/tass_agency)",28131,105,,tass_agency
377930,2026-05-28T11:08:24+00:00,"**❕****Россия с 30 мая ограничит ввоз плодоовощной продукции из Армении**, сообщил Россельхознадзор.

Ограничения будут действовать до выработки алгоритма по обеспечению безопасности отгружаемой продукции.",27575,100,,tass_agency
377929,2026-05-28T11:02:53+00:00,"**Информация об изменении условий оплаты и возврата товаров на маркетплейсах ложная**, заявили ТАСС в пресс-службах Wildberries и Ozon.

Ранее в интернете массово распространялись сообщения о том, что с 1 июня маркетплейсы вводят платный возврат товаров ненадлежащего качества и отменяют постоплату.

✔️ [Подпишись на ТАСС в ""Максе""](https://max.ru/tass_agency)",27569,54,,tass_agency
377928,2026-05-28T10:58:33+00:00,"▶️ 10 человек, в том числе четверо детей, пострадали в ДТП с двумя автобусами в Казани, сообщили ТАСС в Минздраве Татарстана.

Видео: Официальный Telegram-канал Прокуратуры Республики Татарстан/ТАСС

✔ [Подпишись на ТАСС в ""Максе""](https://max.ru/tass_agency)",27955,21,,tass_agency
377927,2026-05-28T10:48:51+00:00,"▶️ Кадры [взятия](https://t.me/tass_agency/377906) под контроль села Нововасилевка в Харьковской области.

Видео: Минобороны России/ТАСС

✔ [Подпишись на ТАСС в ""Максе""](https://max.ru/tass_agency)",26753,51,,tass_agency
377926,2026-05-28T10:43:53+00:00,"**У Израиля не осталось рычагов влияния на Трампа в вопросе переговоров с Ираном**, пишет Al-Monitor.

Как указывает портал, проекты соглашения США и Ирана не отвечают интересам Израиля, поскольку игнорируют вопрос иранской ракетной программы. Кроме того, Израиль продолжает настаивать на полном запрете обогащения урана в исламской республике.",27744,41,,tass_agency
377925,2026-05-28T10:41:22+00:00,"▶ Валентина Матвиенко и Чжао Лэцзи посетили фотовыставку ТАСС, которая открылась к 25-летию подписания российско-китайского Договора о добрососедстве, дружбе и сотрудничестве.

Видео: ТАСС

✔ [Подпишись на ТАСС в ""Максе""](https://max.ru/tass_agency)",28366,16,,tass_agency
377924,2026-05-28T10:35:53+00:00,"В Латвии у границы с РФ начали устанавливать ""зубы дракона"" на изъятых у частных лиц участках, сообщает портал гостелерадио LSM.

✔️ [Подпишись на ТАСС в ""Максе""](https://max.ru/tass_agency)",28875,141,,tass_agency
377923,2026-05-28T10:31:53+00:00,"**В Европе начали понимать убыточность поддержки украинских беженцев** из-за роста финансового бремени, пишет The European Conservative

Журнал отмечает, что политика Германии, Ирландии и Чехии отражает общеевропейскую тенденцию по сокращению субсидий и переводу беженцев, предусматривающую их интеграцию в общество через трудоустройство.",27068,41,,tass_agency
377922,2026-05-28T10:28:41+00:00,"▶ Российское вооружение, включая тяжелые огнеметные системы ТОС-1А ""Солнцепек"" и многоцелевые истребители поколения 4+ Су-30СМ, были представлены на военном параде в Ереване.

Видео: Официальный YouTube-канал 24TV/ТАСС

✔ [Подпишись на ТАСС в ""Максе""](https://max.ru/tass_agency)",28258,99,,tass_agency
377921,2026-05-28T10:24:17+00:00,"Общая стоимость строительства первой АЭС в Казахстане составит $16,4 млрд, сообщает Агентство по атомной энергии республики.",26404,57,,tass_agency
377920,2026-05-28T10:17:37+00:00,"Ушаков в комментарии журналисту ""Вестей"" Зарубину назвал условия Каллас для переговоров по Украине ""уличными высказываниями, на которые мало кто реагирует"".

✔️ [Подпишись на ТАСС в ""Максе""](https://max.ru/tass_agency)",29003,51,,tass_agency
377919,2026-05-28T10:10:07+00:00,"Если Пашинян считает, что Армения разбогатеет, ""пусть обеспечит"", прокомментировал Лавров ""Вестям"" слова Пашиняна про отсутствие опасений в случае роста цен на сырье из РФ.",49913,204,,tass_agency
377918,2026-05-28T10:07:02+00:00,"Роспотребнадзор доставит в Республику Конго российские тест-системы для выявления вируса Бундибуджио (штамм Эболы).

Как сообщает ведомство, также планируется обучить местных специалистов диагностике и организации противоэпидемических мероприятий.

✔️ [Подпишись на ТАСС в ""Максе""](https://max.ru/tass_agency)",28411,31,,tass_agency
377917,2026-05-28T09:54:22+00:00,"РФ вызвала посла Люксембурга и заявила ему протест из-за эксгумации националиста Мельника и его жены для перезахоронения на Украине, заявила Мария Захарова.",28255,72,,tass_agency
377916,2026-05-28T09:50:46+00:00,"🗣 **Главное из заявлений Ушакова: **

▪️Никакого послания Трампу от Путина не передавалось;

▪️РФ передала США ""по соответствующим каналам"" рекомендацию в связи с ударами по Киеву, ответа пока не было;

▪️Достигнуты договоренности по всем вопросам, которые были на повестке визита Путина в Казахстан;

▪️Путин и Токаев в ходе дружеского обеда вчера могли подробно обсудить тему Украины;

▪️__""Ну что делать, пусть перебирают""__, — так Ушаков прокомментировал обсуждение в Европе кандидатур переговорщика с РФ;

▪️Тема Армении в ЕАЭС будет обсуждаться на саммите ""пятерки"" в пятницу. 

✔️ [Подпишись на ТАСС в ""Максе""](https://max.ru/tass_agency)",32349,81,,tass_agency
377915,2026-05-28T09:49:23+00:00,"России, ""конечно, есть"" о чем говорить с европейцами, заявил Ушаков на вопрос ТАСС.",24266,37,,tass_agency
377914,2026-05-28T09:47:53+00:00,"**Главное из заявлений главы комитета ГД по информполитике Боярского о поправках ко второму пакету мер по противодействию мошенникам:**

▪️Абоненты смогут устанавливать самозапрет на международные звонки;

▪️Никакой платы за внесение устройств в IMEI-базу взиматься не будет;

▪️Обязанность родителей сообщать о передаче сим-карты ребенку будет заменена на право;

▪️Клиенты смогут иметь более 5 карт в одном банке, но не более 20 в целом;

▪️""Красная кнопка"" для сообщения о мошенничестве появится в ""Максе"" и в приложениях банков.

✔️ [Подпишись на ТАСС в ""Максе""](https://max.ru/tass_agency)",27491,64,,tass_agency
377913,2026-05-28T09:42:36+00:00,📃 Комитет ГД по информполитике одобрил во II чтении второй пакет мер по противодействию мошенниками.,23899,9,,tass_agency
377912,2026-05-28T09:34:39+00:00,"**__""Безответственная разжигательница войны с низким IQ""__**. Дмитриев обвинил Каллас в подталкивании мира к третьей мировой войне.

Ранее глава евродипслужбы выступила против дискуссии между странами сообщества о выборе представителя ЕС для ведения переговоров с РФ по урегулированию украинского конфликта.

✔ [Подпишись на ТАСС в ""Максе""](https://max.ru/tass_agency)",25563,88,,tass_agency
377911,2026-05-28T09:25:53+00:00,"**Представители более 130 стран и территорий подтвердили участие в ПМЭФ**, который пройдет 3-6 июня, говорится в сообщении Росконгресса.

Трамп направил своего представителя, председателя Комиссии США по изящным искусствам Родни Кука для участия в мероприятиях форума. 

#ПМЭФ2026",24380,66,,tass_agency
377910,2026-05-28T09:23:32+00:00,"▶️ Токаев поблагодарил Путина за поддержку реинтродукции тигров в Казахстане.

Видео: Раптли/ТАСС

✔ [Подпишись на ТАСС в ""Максе""](https://max.ru/tass_agency)",24224,31,,tass_agency
377909,2026-05-28T09:21:28+00:00,"ЦИК, скорее всего, примет решение о проведении голосования на выборах в ГД в течение трех дней. По словам председателя Памфиловой, такой запрос исходит от избирателей.

✔ [Подпишись на ТАСС в ""Максе""](https://max.ru/tass_agency)",24533,36,,tass_agency
377908,2026-05-28T09:19:58+00:00,"Товарооборот РФ и Казахстана совсем скоро преодолеет отметку в $30 млрд, заявил Путин.",24064,31,,tass_agency
377907,2026-05-28T09:17:27+00:00,"**Главное из нового **[**брифинга**](https://t.me/tass_live/9510)** Минобороны России:**

▪️Российские войска поразили за сутки места хранения и запуска БПЛА дальнего действия ВСУ;

▪️Российские средства ПВО сбили за сутки 4 управляемые авиабомбы и 184 беспилотника ВСУ самолетного типа;

▪️Подразделения ВСУ потеряли за сутки в зоне ответственности всех группировок войск порядка 1 245 военнослужащих.

✔ [Подпишись на ТАСС в ""Максе""](https://max.ru/tass_agency)",26003,36,,tass_agency
377906,2026-05-28T09:16:11+00:00,"⚡️ ВС РФ установили контроль над Нововасилевкой в Харьковской области, сообщает МО России.",29885,49,,tass_agency
377905,2026-05-28T09:13:53+00:00,"**Новый порядок оформления больничных часто болеющим не потребует действий от пациента**, сообщили ТАСС в Минздраве.

Врач сам направит документы на комиссию, которая при необходимости продлит листок нетрудоспособности.",31263,30,,tass_agency
377904,2026-05-28T09:09:55+00:00,"▶️ Токаев и Путин подписали совместное заявление о семи основах дружбы народов двух стран.

Видео: Раптли/ТАСС

✔ [Подпишись на ТАСС в ""Максе""](https://max.ru/tass_agency)",32743,61,,tass_agency
377903,2026-05-28T09:05:49+00:00,"Токаев заявил, что Путин выполняет миссию, имеющую судьбоносное значение для России.",25996,129,,tass_agency
377902,2026-05-28T09:03:53+00:00,"▶️ Путину и Токаеву показали презентацию о семье амурских тигров, подаренных Астане.

Видео: Раптли/ТАСС

✔ [Подпишись на ТАСС в ""Максе""](https://max.ru/tass_agency)",24080,42,,tass_agency
377901,2026-05-28T09:00:24+00:00,"**Главные новости к этому часу:**

▪Отношения России и Казахстана сейчас на подъеме, вышли на уровень стратегического партнерства, заявил Путин. Главное о российско-казахстанских переговорах — в [материале](https://tass.ru/politika/27560875) ТАСС.

▪Все взявшие меч от него и погибнут, на том и стоит Россия. ТАСС собрал ключевые [заявления](https://tass.ru/politika/27560971) Нарышкина.

▪В центре Нижнего Новгорода повреждено здание областного суда. ТАСС собрал [основное](https://tass.ru/proisshestviya/27557865) о последствиях атак БПЛА на регионы.

▪Посольство США [опровергло](https://tass.ru/mezhdunarodnaya-panorama/27559835) информацию об эвакуации из Киева.

▪Европейский союз хоть и ищет переговорщиков, но никакой инициативы по переговорам с Россией у него нет, [заявил](https://tass.ru/politika/27561149) ТАСС Песков.

▪Лавров [назвал](https://tass.ru/politika/27561453) ""идиотскими"" заявления Каллас о намерении требовать от России военных ограничений.

▪Киев [ударил](https://tass.ru/proisshestviya/27560595) по детской площадке в Херсоне, где пострадала семья с двумя детьми и погиб отец, чтобы перебить возмущение от Старобельска, заявил Сальдо.

▪Лебедев [погасил](https://tass.ru/obschestvo/27557973) долг в размере 300 тысяч рублей по иску Мизулиной о защите чести и достоинства.

✔️ [Подпишись на ТАСС в ""Максе""](https://max.ru/tass_agency)",24687,4,,tass_agency
377900,2026-05-28T08:55:57+00:00,"▶️ Путин и Токаев завершили переговоры просмотром презентаций о партнерстве.

Видео: Раптли/ТАСС

✔ [Подпишись на ТАСС в ""Максе""](https://max.ru/tass_agency)",30215,25,,tass_agency
377899,2026-05-28T08:53:55+00:00,"❕РФ подписала в ходе визита Путина в Казахстан соглашение об основных принципах сотрудничества при строительстве первой АЭС в республике.

Видео: Раптли/ТАСС

✔ [Подпишись на ТАСС в ""Максе""](https://max.ru/tass_agency)",25180,63,,tass_agency
377898,2026-05-28T08:51:11+00:00,"📹 Россия предупредила персонал посольств о необходимости покинуть Киев, дальше все сами принимают решение, заявил Песков.

Видео: Алексей Голенищев/ТАСС

✔ [Подпишись на ТАСС в ""Максе""](https://max.ru/tass_agency)",67379,265,,tass_agency
377897,2026-05-28T08:46:59+00:00,"Заявления Каллас о намерении требовать от РФ военных ограничений являются ""идиотскими"", заявил Лавров.",45786,241,,tass_agency
377896,2026-05-28T08:38:52+00:00,"**В случае допуска российских хоккеистов вернут атлетов и в остальных видах**. Такое мнение ТАСС высказала депутат ГД Журова.

Ранее дисциплинарный орган Международной федерации хоккея аннулировал решение совета организации о недопуске сборных России к соревнованиям сезона-2026/27.

✔️ [Подпишись на ТАСС в ""Максе""](https://max.ru/tass_agency)",27107,26,,tass_agency
377895,2026-05-28T08:28:53+00:00,"**Киев ударил по детской площадке в Херсоне**, где пострадала семья с двумя детьми и погиб отец, чтобы перебить возмущение от Старобельска, заявил Сальдо.

Он добавил, что Киев ответит ""за погибших, за раненых детей, за страх, который они несут в мирные семьи"".",40606,271,,tass_agency
377894,2026-05-28T08:27:02+00:00,"ЕС хоть и ищет переговорщиков, никаких инициатив переговоров у него нет, заявил Песков ТАСС.

✔️ [Подпишись на ТАСС в ""Максе""](https://max.ru/tass_agency)",25161,31,,tass_agency
377893,2026-05-28T08:26:53+00:00,"ЕС не выходил на Россию с предложением переговоров, заявил Песков ТАСС.",25504,49,,tass_agency
377892,2026-05-28T08:25:21+00:00,"🗣 **Главное из заявлений Нарышкина на международной встрече высоких представителей, курирующих вопросы безопасности:**

▪️Многие современные политики демонстрируют все меньшую способность к ведению конструктивных переговоров;

▪️Европа семимильными шагами идет к тому, чтобы стать центром глобального конфликта;

▪️""Барабаны"" войны особенно громко звучат в Европе, ЕС усиленно вооружается;

▪️Европейским элитам выгодно как можно дольше затягивать украинский конфликт;

▪️Европейцы пытаются торпедировать любые попытки РФ урегулировать конфликт на Украине;

▪️Страны Европы просто ""сточили"" Украину об Россию;

▪️Поддержка Зеленского обходится европейским бюджетам все дороже и ведет к социальной напряженности;

▪️В Брюсселе принято решение закрывать глаза на любые злодеяния киевской хунты;

▪️Во властных структурах Европы тешат себя мыслью, что смогут с лихвой компенсировать потери за счет будущего разграбления России;

▪️Оружие с Украины свободно ""гуляет"" по Европе, а также попадает в руки террористов;

▪️НАТО последовательно наращивает военный потенциал на восточном фланге;

▪️Лондон подзуживает континентальных союзников на прямое столкновение с РФ;

▪️Де-факто идет практическая подготовка НАТО к масштабному вооруженному конфликту ""на Востоке"";

▪️Эпоха ядерного сдерживания еще даже не начиналась;

▪️Мир еще долго не будет безопасным, идет эпоха перемен, ""покой нам только снится"";

▪️Зеленскому далеко до Гитлера, но он способен сыграть эту роль в третьесортном фильме.

✔️ [Подпишись на ТАСС в ""Максе""](https://max.ru/tass_agency)",35153,192,,tass_agency
377891,2026-05-28T08:21:53+00:00,"**Взявшие меч от него и погибнут, на том и стоит Россия**, заявил Нарышкин.

Он выразил уверенность в том, что ""будущее за странами, которые черпают силу не в представлении о собственной исключительности, а в уважении к собственным и чужим традициям, стремятся не к наживе и господству, а к процветанию и согласию"".

✔ [Подпишись на ТАСС в ""Максе""](https://max.ru/tass_agency)",47294,382,,tass_agency
377890,2026-05-28T08:19:26+00:00,"Любые попытки заблокировать или захватить Калининград **приведут к тяжелейшим последствиям для НАТО**, у альянса ""нулевые"" шансы реализовать нечто подобное, заявил Грушко.

При этом он уточнил, что для подобных сценариев у России есть ""все необходимые ресурсы"".",24219,102,,tass_agency
377889,2026-05-28T08:17:32+00:00,"🗣 **Путин и Токаев провели переговоры.**
**
Главное из заявлений президента РФ:**

▪️Россия и Казахстан вместе чтут подвиг фронтовиков Великой Отечественной войны;

▪️РФ и Казахстан вместе реализуют семь инвестпроектов, и это только начало;

▪️Контакты и взаимодействие граждан России и Казахстана нужно укреплять, в том числе через образование;

▪️Путин отметил вклад Токаева в работу Международной организации по русскому языку, лидеры это обсуждали и тет-а-тет;

▪️РФ является одним из ключевых торгово-экономических партнеров Казахстана, в 2025 году товарооборот составил свыше $28 млрд

**Главное из заявлений президента Казахстана:**

▪️Казахстан и РФ успешно взаимодействуют в сфере образования, культуры и спорта, Дни культуры России в Казахстане встретили с воодушевлением;

▪️РФ и Казахстан сформировали пул из 177 совместных проектов на $53 млрд;

▪️Токаев выразил уверенность, что товарооборот РФ и Казахстана вскоре превысит $30 млрд;

▪️Роль России в развитии экономического потенциала Казахстана ""трудно переоценить"";

▪️Следующий форум межрегионального сотрудничества РФ и Казахстана состоится в Омске в августе, и эта дата подходит Астане;

▪️Россия показывает феноменальные результаты и ее будущее будет ярким под руководством Путина;

▪️Россия является лидером по вложениям прямых инвестиций в Казахстан, они составляют $29 млрд.

Видео: Раптли/ТАСС

✔ [Подпишись на ТАСС в ""Максе""](https://max.ru/tass_agency)",27990,114,,tass_agency
377888,2026-05-28T08:10:31+00:00,"⚖️ Суд удовлетворил иск прокуратуры о взыскании с бывшего вице-мэра Нижнего Новгорода Штокмана и его семьи 328 млн рублей, следует из решения.

✔ [Подпишись на ТАСС в ""Максе""](https://max.ru/tass_agency)",24480,38,,tass_agency
377887,2026-05-28T08:07:45+00:00,"ВККС дала согласие на возбуждение дела на судью из Калининградской области Сергея Ефименко за взятку, сообщили ТАСС в Верховном суде.",25391,24,,tass_agency
377886,2026-05-28T07:56:11+00:00,"📹 РФ продолжает удерживать четвертое место в мире по паритету покупательной способности, заявил Путин.

Видео: Раптли/ТАСС

✔ [Подпишись на ТАСС в ""Максе""](https://max.ru/tass_agency)",26519,61,,tass_agency
377884,2026-05-28T07:50:24+00:00,К подписанию в присутствии президентов России и Казахстана готовится действительно солидный пакет документов.,27307,81,,tass_agency
377883,2026-05-28T07:49:19+00:00,"▶️ Контакты и взаимодействие граждан России и Казахстана нужно укреплять, в том числе через образование, заявил Путин. 

Видео: Раптли/ТАСС

✔ [Подпишись на ТАСС в ""Максе""](https://max.ru/tass_agency)",26383,35,,tass_agency
377882,2026-05-28T07:47:27+00:00,"Токаев заявил, что РФ и Казахстан являются ""друзьями и братьями"", у которых много общего, и поблагодарил Путина за визит.",25907,75,,tass_agency
377881,2026-05-28T07:40:26+00:00,"Нарышкин напомнил Германии, как она ""брала на себя ответственность за Европу"" прошлого века, и посоветовал не повторять эту историю.

Также он посоветовал немцам и французам выучить уроки истории и не связываться с Британией.",32522,161,,tass_agency
377880,2026-05-28T07:36:09+00:00,"Посольство США на Украине опровергло информацию об эвакуации из Киева.

✔ [Подпишись на ТАСС в ""Максе""](https://max.ru/tass_agency)",26727,94,,tass_agency
377879,2026-05-28T07:31:51+00:00,"Токаев заявил, что между РФ и Казахстаном нет спорных вопросов, а есть положительная динамика отношений.",26989,36,,tass_agency
377878,2026-05-28T07:28:44+00:00,"▶️ Отношения РФ и Казахстана сейчас на подъеме, вышли на уровень стратегического партнерства, заявил Путин.

Видео: Раптли/ТАСС

✔ [Подпишись на ТАСС в ""Максе""](https://max.ru/tass_agency)",28439,67,,tass_agency
377877,2026-05-28T07:27:22+00:00,"Токаев заявил, что поддерживает открытие филиалов ""Сириуса"" в Астане и Алма-Ате и рассчитывает, что они могут появиться в других городах страны.",26106,44,,tass_agency
377876,2026-05-28T07:22:11+00:00,"Двустороннее сотрудничество Казахстана и РФ развивается во всех сферах, заявил Токаев на переговорах с Путиным.",25823,24,,tass_agency
377875,2026-05-28T07:20:10+00:00,"▶️ Путин принимает участие в Евразийском экономическом форуме. Присоединяйтесь к нашей [трансляции](https://t.me/tass_live?livestream).

Видео: ТАСС/Раптли",26344,10,,tass_agency
377874,2026-05-28T07:16:19+00:00,"ЕС превратился в полноценный военно-политический блок антироссийской направленности, заявил Шойгу.",26173,79,,tass_agency
377873,2026-05-28T07:13:16+00:00,"Представитель МИД Украины Георгий Тихий утверждает, что **посольство США не эвакуируется из украинской столицы**.

Ранее Каллас заявила, что американское посольство покидает Киев, в то время как диппредставительства стран ЕС остаются в украинской столице.",30479,80,,tass_agency
377872,2026-05-28T07:11:03+00:00,"▶️ Совместное фотографирование лидеров двух стран перед началом переговоров в Астане.

Видео: Kremlin. ru

✔ [Подпишись на ТАСС в ""Максе""](https://max.ru/tass_agency)",26303,34,,tass_agency
377871,2026-05-28T07:08:51+00:00,"Опасный рост террористической угрозы фиксируется в Африке, при этом известно о роли в этом Украины, подчеркнул Шойгу.

Также он отметил, что Киев выступает рьяным проводником неоколониальной политики Запада.",26115,62,,tass_agency
377870,2026-05-28T07:04:39+00:00,"▶️ Встреча представителей по вопросам безопасности в Москве началась с минуты молчания.

Видео: Раптли/ТАСС

✔ [Подпишись на ТАСС в ""Максе""](https://max.ru/tass_agency)",26979,43,,tass_agency
377869,2026-05-28T06:45:49+00:00,"▶️ Кортеж Путина сопроводили 16 мотоциклистов Службы государственной охраны Казахстана.

Видео: Раптли/ТАСС

✔ [Подпишись на ТАСС в ""Максе""](https://max.ru/tass_agency)",42369,159,,tass_agency
377868,2026-05-28T06:39:56+00:00,"▶️ Казахстан встретил Путина пышной церемонией во дворце-""юрте"", передает корреспондент ТАСС.

Видео: Раптли/ТАСС

✔ [Подпишись на ТАСС в ""Максе""](https://max.ru/tass_agency)",27155,104,,tass_agency
377867,2026-05-28T06:38:35+00:00,"▶ Путин находится с госвизитом в Казахстане. Присоединяйтесь к нашей [трансляции](https://t.me/tass_live/9502).

Видео: ТАСС/Раптли",25865,0,,tass_agency
377866,2026-05-28T06:33:57+00:00,"▶️ Самолеты окрасили небо над Астаной в цвета триколора РФ в честь визита Путина, передает корреспондент ТАСС.

Видео: Раптли/ТАСС

✔ [Подпишись на ТАСС в ""Максе""](https://max.ru/tass_agency)",33948,169,,tass_agency
377865,2026-05-28T06:29:57+00:00,"▶️ Церемония фотографирования участников XIV международной встречи высоких представителей, курирующих вопросы безопасности.

Видео: Арзу Пашаева/ТАСС

✔ [Подпишись на ТАСС в ""Максе""](https://max.ru/tass_agency)",28179,26,,tass_agency
377864,2026-05-28T06:24:32+00:00,"▶️ Последние приготовления к торжественной встрече Путина идут во Дворце независимости в Астане.

Видео: Kremlin. ru

✔ [Подпишись на ТАСС в ""Максе""](https://max.ru/tass_agency)",28362,17,,tass_agency
377863,2026-05-28T06:15:29+00:00,"Артемий Лебедев погасил долг в размере 300 тысяч рублей по иску Мизулиной о защите чести и достоинства, сообщил ТАСС адвокат дизайнера Калой Ахильгов.",28634,34,,tass_agency
377862,2026-05-28T06:12:17+00:00,"Путин поздравил Алиева с Днем независимости Азербайджанской Республики, сообщили в Кремле.",30532,75,,tass_agency
377861,2026-05-28T05:50:20+00:00,"🚨 Здание областного суда в центре Нижнего Новгорода получило повреждение в результате атаки БПЛА, сообщил губернатор.

Пострадавших, предварительно, нет, сообщил мэр.",31116,131,,tass_agency
377860,2026-05-28T05:47:22+00:00,"▶️ Представители США примут участие в международной встрече высоких представителей, курирующих вопросы безопасности, в Москве, передает корреспондент ТАСС.

Видео: ТАСС

✔ [Подпишись на ТАСС в ""Максе""](https://max.ru/tass_agency)",36584,60,,tass_agency
377859,2026-05-28T05:43:01+00:00,"ЕС хочет потребовать от России **ограничения ее вооруженных сил** в случае начала переговоров по Украине, заявила Каллас.

Она также отметила, что Евросоюз будет требовать ""вывода российских войск из Молдавии и Грузии"", подразумевая под Грузией территории Южной Осетии и Абхазии, так как в самой Грузии российских военных нет.

✔ [Подпишись на ТАСС в ""Максе""](https://max.ru/tass_agency)",35389,261,,tass_agency
377858,2026-05-28T05:32:01+00:00,"**Примеры из мемов и роликов нельзя приводить в сочинении на ЕГЭ**, сообщила ТАСС эксперт Александра Антонова.

Она пояснила, что экзаменационная работа должна опираться на литературный или реальный жизненный опыт выпускника.",30935,128,,tass_agency
377857,2026-05-28T05:21:48+00:00,"**Россиянам стоит избегать поездок в страны Африки из-за эпидемиологической ситуации.** Даже местные власти, скорее всего, будут этому препятствовать, заявил ТАСС академик РАН Онищенко.

Он добавил, что в Африке россиянам и делать нечего, за исключением миллионеров, которые летают туда на охоту.",49116,263,,tass_agency
377856,2026-05-28T04:59:04+00:00,"**Главные новости к этому часу:**

▪️Запад [находится](https://tass.ru/politika/27554607) близко к прямой конфронтации с РФ, заявил Полянский.

▪️США [нанесли](https://tass.ru/mezhdunarodnaya-panorama/27555943) удары по военному объекту в Иране, сообщает Reuters.

▪️Космонавты российского сегмента МКС [завершили](https://tass.ru/kosmos/27555081) выход в открытый космос.

▪️Путин [поздравил](https://tass.ru/obschestvo/27555737) пограничников с профессиональным праздником.

▪️Пашинян заявил, что Армения [сможет](https://tass.ru/mezhdunarodnaya-panorama/27554943) получать газ в обмен на его транзит.

▪️К 2031 году устойчивая связь [должна быть](https://tass.ru/obschestvo/27556043) на всех федеральных трассах России.

▪️В США [оценили](https://tass.ru/mezhdunarodnaya-panorama/27555729) сроки восполнения израсходованных в конфликте с Ираном боеприпасов.


✔ [Подпишись на ТАСС в ""Максе""](https://max.ru/tass_agency)",30723,14,,tass_agency
377855,2026-05-28T04:56:04+00:00,"**В ""Единой России"" заявили, что защитят права студентов при использовании ИИ. **

Студенты не должны переписывать работы из-за однобокого подхода к проверке курсовых и дипломов, заявил секретарь генсовета партии Якушев на круглом столе ""Использование ИИ в учебном процессе"".",29035,75,,tass_agency
377854,2026-05-28T04:52:04+00:00,"**Екатерина Мизулина сообщила о взыскании с Артемия Лебедева 300 тыс. руб. **по решению суда по иску о защите чести и достоинства.

Эти деньги глава Лиги безопасного интернета направила на поддержку участников спецоперации, написала она в Telegram-канале.",30785,78,,tass_agency
377853,2026-05-28T04:44:04+00:00,"📹  Тяжелый квадрокоптер ""Пепелац-20"" с массой полезной нагрузки 20 кг разработали в РФ. 

При разработке изделия учитывались пожелания бойцов из зоны СВО, рассказали ТАСС представители НПО ""Липтех"".

Видео: Алексей Жуков/ТАСС

✔ [Подпишись на ТАСС в ""Максе""](https://max.ru/tass_agency)",31712,143,,tass_agency
377852,2026-05-28T04:28:28+00:00,"Росавиация ожидает выдачи сертификата на **отечественный авиадвигатель** ПД-8 в начале июня. Об этом заявил глава ведомства Ядров в интервью ""Вестям"".",31095,31,,tass_agency
377851,2026-05-28T04:10:35+00:00,"За ночь над регионами России сбиты 62 украинских БПЛА, сообщили в МО РФ.",30704,36,,tass_agency
377850,2026-05-28T04:07:04+00:00,"▶️ Задержание митрополита Илариона вызвало непонимание у настоятеля подворья церкви Чехии. Об этом рассказал ТАСС архимандрит Серафим (Шемятовский).

Видео: Михаил Климовский/ТАСС

✔ [Подпишись на ТАСС в ""Максе""](https://max.ru/tass_agency)",32063,51,,tass_agency
377849,2026-05-28T03:59:04+00:00,"Под Харьковом расчеты БПЛА ""Кракена""* сбежали из-за потерь, сообщили ТАСС силовики.

__* Признан террористическим, запрещен в РФ__",29844,41,,tass_agency
377848,2026-05-28T03:52:05+00:00,"**В ФРГ опасаются притока украинских беженцев **после того, как в соседней Польше им урезали льготы. Об этом пишет Bild со ссылкой на секретный доклад органов безопасности ФРГ.

Отмечается, что на востоке Германии украинцы уже составляют значительную группу лиц. Этому способствует активизация контрабандистов, перевозящих нелегалов. Также с февраля 2022 года в Германии защиту получили около 1,35 млн украинцев.",31080,80,,tass_agency
377847,2026-05-28T03:46:04+00:00,"▶️ На многие беспилотники ВСУ наносится фашистская символика, сообщили в МО РФ.

Видео: Минобороны России/ТАСС

✔ [Подпишись на ТАСС в ""Максе""](https://max.ru/tass_agency)",30871,129,,tass_agency
377846,2026-05-28T03:38:04+00:00,"**Зеленский мешает урегулированию конфликта на Украине, **заявила член Конгресса США Паулина Луна:

""Вы мешаете сделке о мире, Владимир. Пришло время ее принять. <...> Не говоря уже о том, что вы отказываетесь от проведения выборов, а ваше правительство направляло предоставленные США средства обратно — на поддержку кампании по переизбранию Джо Байдена"".",30519,96,,tass_agency
377845,2026-05-28T03:29:04+00:00,"▶️ Усиление атак на ЗАЭС и Энергодар можно назвать ""весенним обострением"", заявил ТАСС директор станции Черничук.

Видео: Марина Осокина/ТАСС

✔ [Подпишись на ТАСС в ""Максе""](https://max.ru/tass_agency)",30637,23,,tass_agency
377844,2026-05-28T03:16:06+00:00,"📹 ВСУ в Мариуполе минировали технику и подходы к зданиям с жителями, рассказал в интервью ТАСС Герой России Владислав Головин.

Видео: ТАСС

✔ [Подпишись на ТАСС в ""Максе""](https://max.ru/tass_agency)",29392,37,,tass_agency
377843,2026-05-28T02:59:04+00:00,"▶️ Миронов предложил отдавать часть квартир в новостройках на социальное жилье. Это позволит решать в том числе демографическую проблему, заявил он ТАСС.

Видео: Александра Горошилова/ТАСС

✔ [Подпишись на ТАСС в ""Максе""](https://max.ru/tass_agency)",29278,50,,tass_agency
377842,2026-05-28T02:51:25+00:00,"**Направления с самым длинным сроком обучения в вузах **назвала ТАСС эксперт Президентской академии Подольская:

▪️**шестилетняя программа** предусмотрена для наиболее наукоемких направлений, таких как ""Востоковедение"" и ""Африканистика"";

▪️установлен** пятилетний срок** для инженеров, врачей и учителей, поскольку это специальности с высокой ответственностью и сложным фундаментальным блоком.

Ранее сообщалось, что ведущие вузы РФ начнут переход на новую систему высшего образования уже в 2026-2027 учебном году.",29273,114,,tass_agency
377841,2026-05-28T02:24:43+00:00,"📹 Перегруженный микроавтобус попал в ДТП в Китае, погибли 13 человек. Еще 3 получили травмы, сообщило Центральное телевидение Китая.

Видео: ТАСС/Reuters/Newsflare

✔ [Подпишись на ТАСС в ""Максе""](https://max.ru/tass_agency)",28463,33,,tass_agency
377840,2026-05-28T02:07:05+00:00,"▶️ Западные страны не начинают эвакуацию из Киева, потому что им плевать на своих граждан. Об этом заявил ТАСС экс-премьер Украины Азаров.

✔ [Подпишись на ТАСС в ""Максе""](https://max.ru/tass_agency)",28412,41,,tass_agency
377839,2026-05-28T01:59:04+00:00,"**США потребуется несколько лет на восполнение израсходованных в конфликте с Ираном боеприпасов**, говорится в докладе вашингтонского Центра стратегических и международных исследований*. 

Например, запасы применяемых США ракет Tomahawk смогут восполнить только к концу 2030 года или началу 2031 года, более тысячи боеприпасов для ЗРК Patriot — к середине 2029 года. 
__
* Признан нежелательной в РФ организацией__",31484,69,,tass_agency
377838,2026-05-28T01:42:04+00:00,"▶️ **Монтаж временной арены для боев UFC активно идет на Южной лужайке Белого дома,** передает корреспондент ТАСС.

Бои пройдут 14 июня и будут приурочены к 80-летию Трампа, а также ко Дню независимости США. Гвоздем вечера станет бой чемпиона UFC в легком весе испанца Илии Топурии и американца Джастина Гэтжи.

Видео: Дмитрий Кирсанов/ТАСС

✔ [Подпишись на ТАСС в ""Максе""](https://max.ru/tass_agency)",29191,49,,tass_agency
377837,2026-05-28T01:28:08+00:00,"Минюст США начал** расследование в отношении журналистки Элизабет Джин Кэрролл, обвинявшей Трампа в насилии,** сообщает CNN со ссылкой на источники.

Трамп ранее проиграл ей два судебных процесса на $5 млн и $83,3 млн. Новое расследование основывается на возможности дачи Кэррол ложных показаний об отсутствии финансовой поддержки извне для подачи иска. Позже выяснилось, что миллиардер Рид Хоффман оплатил часть ее судебных расходов.",27799,23,,tass_agency
377836,2026-05-28T01:06:23+00:00,"▶️ Запад причастен к удару по колледжу в Старобельске, заявил ТАСС экс-премьер Украины Азаров.

✔ [Подпишись на ТАСС в ""Максе""](https://max.ru/tass_agency)",28712,34,,tass_agency
377835,2026-05-28T00:49:40+00:00,"**Заросли борщевика не будут основанием для изъятия земли**, рассказал ТАСС депутат Владимир Кошелев.

Сейчас органы власти обязаны оценивать совокупность обстоятельств, а не выносить вердикт по одному растению, отметил он. Однако за владельцами участка сохраняется обязанность бороться с этим вредоносным сорняком.",30241,42,,tass_agency
377834,2026-05-28T00:19:04+00:00,"К 2031 году устойчивая связь должна быть на всех федеральных трассах России. Об этом говорится в правительственном документе, с которым ознакомился ТАСС.",29968,34,,tass_agency
377833,2026-05-28T00:03:21+00:00,"📹 Зеленский может написать Трампу хоть 100 писем, но они не дадут результата, заявил ТАСС экс-премьер Украины Азаров.

✔ [Подпишись на ТАСС в ""Максе""](https://max.ru/tass_agency)",31422,28,,tass_agency
377832,2026-05-27T23:24:06+00:00,"🚨 США нанесли удары по военному объекту в Иране, перехватили несколько иранских дронов. Об этом сообщает Reuters со ссылкой на источники.

✔ [Подпишись на ТАСС в ""Максе""](https://max.ru/tass_agency)",31685,45,,tass_agency
377831,2026-05-27T23:21:04+00:00,"**Отказ Би-би-си ехать в Старобельск подтверждает лицемерие западных СМИ,** заявил посол РФ в Лондоне Келин в интервью телеканалу ""Звезда"".

""Лондон и европейские столицы очень много говорят о свободе слова, однако ситуация на деле прямо противоположная. Подавляющее большинство британских СМИ старательно отрабатывают политический заказ по дискредитации нашей страны"", — сказал он.",31701,48,,tass_agency
377830,2026-05-27T23:08:04+00:00,"Мошенники начали рассылать россиянам, запланировавшим отпуск, **фальшивые сообщения об отмене бронирования жилья**. Об этом ТАСС сообщил эксперт ""Народного фронта. Аналитика"" Кучава.

Туристу приходит СМС якобы от сервиса бронирования с предупреждением об отмене заказа из-за ошибки оплаты. Для подтверждения предлагают перейти по ссылке, ведущей на сайт-клон для кражи банковских данных.",30119,123,,tass_agency
377829,2026-05-27T22:53:04+00:00,"▶️ Цены на анализы после укуса клеща в частных лабораториях вызывают недоумение. Их надо снижать, заявил ТАСС депутат от ЛДПР Сергей Леонов.

Видео: Александра Горошилова/ТАСС

✔ [Подпишись на ТАСС в ""Максе""](https://max.ru/tass_agency)",31220,60,,tass_agency
377828,2026-05-27T22:07:04+00:00,"Ботсвана и Сейшельские Острова **в ближайшее время** **откроют посольства в Москве**, заявили ТАСС директор департамента государств Африки (южнее Сахары) МИД РФ Башкин.",32291,75,,tass_agency
377827,2026-05-27T21:59:26+00:00,"**Россия не рассматривает выход из ОБСЕ.** Этот формат один из немногих, где Москву все еще вынуждены слушать, заявил ""Известиям"" постпред РФ при организации Полянский.

При этом он отметил, что отсутствие реакции у представителей стран Запада в ОБСЕ на теракт ВСУ в Старобельске страшно и кощунственно.

✔ [Подпишись на ТАСС в ""Максе""](https://max.ru/tass_agency)",33352,58,,tass_agency
377826,2026-05-27T21:48:25+00:00,"Замглавы Уралвагонзавода Семизорова арестовали по делу о **растрате более 50 млн руб**. при исполнении гособоронзаказа. 

Он отправлен под стражу до 26 июля, пишет РБК со ссылкой на источники, знакомые с материалами расследования.",34875,110,,tass_agency
377825,2026-05-27T21:36:04+00:00,"**Россия пока закрыла диалог о стратегической стабильности с США**, заявил ""Известиям"" замглавы МИД РФ Рябков.

""Мы предлагали американцам как минимум в течение года соблюдать добровольно взятые на себя ограничения по центральным количественным потолкам истекшего договора. Мы это предлагали. Это не подошло американцам"", — сказал он.",39851,104,,tass_agency
377824,2026-05-27T21:23:03+00:00,"▶️ Сотрудники Пограничной службы ФСБ РФ во время СВО на деле доказывают профессионализм и решительность. Об этом заявил Путин в видеообращении по случаю Дня пограничника.

Видео: Kremlin. ru

✔ [Подпишись на ТАСС в ""Максе""](https://max.ru/tass_agency)",36480,62,,tass_agency
377823,2026-05-27T21:13:51+00:00,"🚨 ВСУ атаковали под Донецком рейсовый автобус Макеевка — Севастополь, передает корреспондент ТАСС.

✔ [Подпишись на ТАСС в ""Максе""](https://max.ru/tass_agency)",36227,115,,tass_agency
377822,2026-05-27T21:06:43+00:00,"**Украина заняла первое место среди стран мира по количеству установленных памятников нацистам. **Об этом говорится в докладе МИД РФ ""О ситуации с правами человека на Украине"" на сайте ведомства.

При этом Киев потратил более €1 млрд на снос и переименования памятников советского периода, отмечается в документе.",38984,234,,tass_agency
377821,2026-05-27T20:32:52+00:00,"▶️ Космонавты завершили выход в открытый космос, во время которого была установлена аппаратура для изучения вспышек на Солнце, сообщает Роскосмос.

Видео: Роскосмос/Раптли/ТАСС

✔ [Подпишись на ТАСС в ""Максе""](https://max.ru/tass_agency)",38687,42,,tass_agency
377820,2026-05-27T19:33:23+00:00,"Спецкор ТАСС на МКС, командир станции космонавт Сергей Кудь-Сверчков во время работы в открытом космосе на модуле ""Наука"" показал листок бумаги с надписью ""Мама, я надел шапку"".

✔ [Подпишись на ТАСС в ""Максе""](https://max.ru/tass_agency)",81454,353,,tass_agency
377819,2026-05-27T19:20:13+00:00,"👔Запад находится близко к прямой конфронтации с Россией, заявил постоянный представитель РФ при ОБСЕ Дмитрий Полянский.

""Они действительно сейчас вплотную подошли к прямому участию в военных действиях. Если там [на Украине] размещается производство [западных] беспилотников, у нас есть все основания наносить по ним удары"", — сказал он ""Известиям"".",38794,110,,tass_agency
377818,2026-05-27T18:47:41+00:00,"Скелет тираннозавра возрастом 67 млн лет выставлен на аукцион с оценочной стоимостью не менее чем $30 млн, сообщает Financial Times со ссылкой на аукционный дом Sotheby’s.

Речь идет об одном из наиболее полных доступных скелетов ""ящера-титана"". Он получил прозвище Гас.

Фото: Сайт аукционного дома Sotheby’s",39512,351,,tass_agency
377817,2026-05-27T18:00:01+00:00,"**Главные новости к этому часу:**

▪Путин[ прибыл](https://tass.ru/politika/27551743) в Казахстан с госвизитом.

▪Российские космонавты впервые в 2026 году [вышли](https://tass.ru/kosmos/27551651) в открытый космос.

▪Россия посылает Армении серьезные сигналы насчет последствий выхода из ЕАЭС, заявил Оверчук. ТАСС [собрал](https://tass.ru/politika/27552971) ключевые заявления вице-премьера.

▪Трамп [возразил](https://tass.ru/mezhdunarodnaya-panorama/27554257) против идеи вывоза иранского обогащенного урана в РФ или КНР.

▪Отечественную линзу ""Ясень"" при катаракте можно будет [установить](https://tass.ru/obschestvo/27553799) бесплатно по ОМС.

▪Уганда [закрыла](https://tass.ru/obschestvo/27551625) границу с ДРК из-за вспышки Эболы.

▪Митрополит Иларион [уехал](https://tass.ru/obschestvo/27554107) из Чехии.

▪Гагарина [объяснила](https://tass.ru/kultura/27552065) подачу иска против Совета ЕС ограничением доступа к музыке.


✔ [Подпишись на ТАСС в ""Максе""](https://max.ru/tass_agency)",39245,31,,tass_agency
377816,2026-05-27T17:53:01+00:00,"**Первые российские бананы, выращенные в ИИ-теплицах в Сочи, прошли лабораторные исследования и признаны безопасными.** В них не обнаружено остаточного количества пестицидов и токсичных элементов, сообщили в Новороссийском филиале ФГБУ ""ЦОК АПК"".

Там отметили, что российские бананы оказались менее сладкими, чем импортные. Это особенность свежего плода, собранного на ранней стадии зрелости и не проходившего дозаривание газом, в отличие от зарубежных аналогов.",47946,373,,tass_agency
377815,2026-05-27T17:38:15+00:00,"✈ Росавиация разрешила танзанийской авиакомпании Air Tanzania совершать полеты по маршруту Дар-эс-Салам — Москва.

Прямые рейсы стартуют 2 июля, сообщил министр транспорта РФ Андрей Никитин.",37197,100,,tass_agency
377814,2026-05-27T17:07:39+00:00,"Трамп заявил, что возражает против идеи вывоза иранского обогащенного урана в РФ или КНР.",38580,99,,tass_agency
377813,2026-05-27T16:57:01+00:00,"▶️ Самолет Путина, прибывшего с госвизитом в Астану, сопровождали истребители сил воздушной обороны Казахстана, сообщили в пресс-службе Токаева.

Видео: Пресс-служба президента Казахстана/Раптли/ТАСС

✔ [Подпишись на ТАСС в ""Максе""](https://max.ru/tass_agency)",44674,173,,tass_agency
377812,2026-05-27T16:53:01+00:00,"Отечественную линзу ""Ясень"" при катаракте можно будет установить бесплатно по ОМС, сообщили в Минздраве РФ.

На первом этапе предприятие сможет выпускать до 12 тыс. линз в год.",36022,188,,tass_agency
377811,2026-05-27T16:50:17+00:00,"Митрополит Иларион, которого ранее задерживали в Карловых Варах, сообщил ТАСС, что уехал из Чехии.

Также он добавил, что планирует доложить патриарху Кириллу об обстоятельствах произошедшего.",40667,50,,tass_agency
377810,2026-05-27T16:42:01+00:00,"▶️ **Снежный барс был замечен в горах на северо-западе Китая**, сообщает ""Жэньминь жибао"".

Он считается редким и исчезающим видом в 12 странах, на территории которых обитает.

Видео: ТАСС/People's Daily, China/Х

✔ [Подпишись на ТАСС в ""Максе""](https://max.ru/tass_agency)",37891,164,,tass_agency
377809,2026-05-27T16:31:01+00:00,"Власти Армении не опасаются роста цен на сырье в случае ухудшения связей с Россией, потому что рассчитывают разбогатеть, превратив страну в ""перекресток мира"", заявил Пашинян.",40374,315,,tass_agency
377808,2026-05-27T16:19:01+00:00,"**В России начали производить линзу ""Ясень"".** Она заменяет работу хрусталика глаза при катаракте, сообщили в Минздраве РФ.",36261,228,,tass_agency
377807,2026-05-27T16:16:29+00:00,"🚨 ВСУ атаковали дронами гимназию в Сватове Луганской Народной Республики, сообщил глава региона.",40426,245,,tass_agency
377806,2026-05-27T16:05:05+00:00,"🚀 Кадры первого выхода российских космонавтов в открытый космос в 2026 году. 

Расчетная продолжительность внекорабельной деятельности составляет 5 часов 27 минут.

Видео: Роскосмос/ТАСС

✔ [Подпишись на ТАСС в ""Максе""](https://max.ru/tass_agency)",40277,115,,tass_agency
377805,2026-05-27T15:53:33+00:00,"▶️ Дети сыграли для Путина и Токаева музыкальную композицию на национальных казахских домбрах.

Видео: Kremlin. ru

✔ [Подпишись на ТАСС в ""Максе""](https://max.ru/tass_agency)",35280,85,,tass_agency
377804,2026-05-27T15:41:01+00:00,"**Уганда временно закрыла границу с ДРК из-за вспышки Эболы**, сообщает Минздрав страны.

Исключение делается только для групп реагирования на эпидемию, гуманитарных операций, транспортировки продовольствия и грузов, а также сотрудников служб безопасности.

✔ [Подпишись на ТАСС в ""Максе""](https://max.ru/tass_agency)",39876,48,,tass_agency
377803,2026-05-27T15:32:01+00:00,"Первые мошеннические кол-центры, где в том числе держали людей в рабстве, появились на Украине, сообщил замглавы МВД Игорь Зубов:

""Они [будущие сотрудники кол-центров] туда приезжают как легальные мигранты, потом их воруют, перевозят в третью страну, используют как рабов, если они не работают, то их избивают, мучают или просто убивают"".",34601,53,,tass_agency
377802,2026-05-27T15:24:01+00:00,"Полина Гагарина объяснила ТАСС подачу иска против Совета ЕС ограничением доступа к музыке:

""Я бы спокойно отнеслась к наложенным на меня санкциям, если бы мне не заблокировали те музыкальные площадки, где я могла свободно выкладывать свою музыку для моих слушателей"".

✔ [Подпишись на ТАСС в ""Максе""](https://max.ru/tass_agency)",35201,49,,tass_agency
377801,2026-05-27T15:16:15+00:00,Россия и Афганистан подписали соглашение о военно-техническом сотрудничестве на проходящем в РФ Международном форуме по безопасности.,38292,126,,tass_agency
377800,2026-05-27T15:07:45+00:00,"**Главное из заявлений вице-премьера Оверчука:**

▪️РФ изучает на всем пространстве ЕАЭС акты на предмет противоречий праву союза;

▪️Армения выполняет обязательства по ЕАЭС и ни разу не нарушала правила союза;

▪️Армения, понимая выгоды ЕАЭС, не спешит выходить, но ее политический курс противоречит идеям союза;

▪️Преференции ЕАЭС давались Армении пакетно, ""если хотят как в ЕС, цены должны быть, как в ЕС"". 

✔ [Подпишись на ТАСС в ""Максе""](https://max.ru/tass_agency)",33378,51,,tass_agency
377799,2026-05-27T15:03:05+00:00,"**Россия посылает Армении серьезные сигналы насчет последствий выхода из ЕАЭС**, заявил Оверчук в ответ на вопрос ТАСС. 

Он подчеркнул, что курс Еревана на выход из ЕАЭС приведет к падению уровня жизни и росту цен в Армении. Никто в ЕАЭС не хочет выхода Армении.",31703,64,,tass_agency
377798,2026-05-27T14:57:30+00:00,"▶ Российского лидера лично встретил на летном поле пригласивший его президент республики Касым-Жомарт Токаев.

Видео: Раптли/ТАСС

✔ [Подпишись на ТАСС в ""Максе""](https://max.ru/tass_agency)",34434,105,,tass_agency
377797,2026-05-27T14:51:20+00:00,"🚨 **Главное из заявлений мэра Энергодара о ситуации в городе: **

▪️Информация о некоем скором украинском ""контрнаступе"" ВСУ является ложной;

▪️Пухов опроверг распространяемые слухи об эвакуации города;

▪️Энергодар уже месяц подвергается ожесточенным атакам со стороны ВСУ;

▪️ВСУ нанесли удар по одному из ключевых пунктов управления интернет-провайдеров, из-за чего в Энергодаре нет связи.

✔ [Подпишись на ТАСС в ""Максе""](https://max.ru/tass_agency)",34862,66,,tass_agency
377796,2026-05-27T14:47:34+00:00,"▶️ Кадры прибытия Путина в Казахстан.

Видео: Раптли/ТАСС

✔ [Подпишись на ТАСС в ""Максе""](https://max.ru/tass_agency)",31484,42,,tass_agency
377795,2026-05-27T14:43:25+00:00,"ЕС имитирует желание переговоров с РФ по украинскому вопросу, а в реальности лишь подталкивает Украину воевать дальше, заявил Песков.",31378,71,,tass_agency
377794,2026-05-27T14:32:38+00:00,"▶ Путин прибывает в Астану с государственным визитом. Присоединяйтесь к нашей [трансляции](https://t.me/tass_live?livestream).
**
**Видео: ТАСС/Раптли",33054,2,,tass_agency
377793,2026-05-27T14:31:02+00:00,❗️Путин прибыл в Казахстан с государственным визитом.,32482,56,,tass_agency
377792,2026-05-27T14:28:50+00:00,"👨‍🚀 Российские космонавты впервые в 2026 году вышли в открытый космос, сообщает Роскосмос.

✔ [Подпишись на ТАСС в ""Максе""](https://max.ru/tass_agency)",33124,54,,tass_agency
377791,2026-05-27T14:24:00+00:00,"👔**Армянский народ будет решать вопрос нахождения республики в ЕС или ЕАЭС**, заявил Пашинян на встрече с избирателями. Он отметил, что его задача, чтобы у армян были альтернативы:

""Народ, это не я буду решать. <...> Сильнейший решит. Кто этот сильнейший? Гражданин Армении этот сильнейший, это вы будете решать"".

✔ [Подпишись на ТАСС в ""Максе""](https://max.ru/tass_agency)",34760,87,,tass_agency
377790,2026-05-27T14:11:14+00:00,"Минздрав разрабатывает проект о покупке рецептурных лекарств только по электронному рецепту, сообщила глава Росздравнадзора Алла Самойлова.",30995,109,,tass_agency
377789,2026-05-27T14:00:44+00:00,"**Главные новости к этому часу:**

▪ВС РФ [взяли под контроль](https://tass.ru/armiya-i-opk/27547301) Воздвижевку в Запорожской области и Гранов в Харьковской области, сообщает МО.

▪США [сокращают](https://tass.ru/mezhdunarodnaya-panorama/27546827) численность войск, которые могут отправить в Европу в случае конфликта, пишет WSJ.

▪Японские чиновники во время визита в Россию [провели встречи](https://tass.ru/ekonomika/27550949) с представителями Минэкономразвития и Минпромторга.

▪Льготы на газ, которые получает Армения, — это помощь со стороны России. ТАСС собрал [ключевые заявления](https://tass.ru/politika/27548417) Дмитрия Пескова.

▪В РФ [расширили](https://tass.ru/ekonomika/27549053) требования к операторам при сборе данных для силовых структур, сообщил ""Коммерсантъ"".

▪Александер Стубб [усомнился](https://tass.ru/mezhdunarodnaya-panorama/27549125), что Россия перенаправляет дроны ВСУ в сторону Хельсинки.

▪ГД [увеличила](https://tass.ru/obschestvo/27548647) в 12 раз штрафы за уклонение мигрантов от медосвидетельствования.

▪Суд ЕС [зарегистрировал](https://tass.ru/proisshestviya/27548339) иск Полины Гагариной против Совета Евросоюза.

▪Депутаты фракции ""Новые люди"" [предложили](https://tass.ru/ekonomika/27550669) обязать банки раскрывать причину отказа в кредите.

✔ [Подпишись на ТАСС в ""Максе""](https://max.ru/tass_agency)",33971,13,,tass_agency
377788,2026-05-27T13:58:24+00:00,"Мошенники обещают ""легкий заработок"" за фотографии надгробий погибших участников СВО или снимки ""аллеи героев"", сообщили в МВД,

За этими ""вакансиями"" стоит целенаправленная работа украинских спецслужб и мошеннических кол-центров. Полученные данные используют для звонков родственникам погибших под предлогом выплат от Минобороны.

✔ [Подпишись на ТАСС в ""Максе""](https://max.ru/tass_agency)",32833,66,,tass_agency
377787,2026-05-27T13:48:01+00:00,"Зеленский пожаловался в письме Трампу на критический дефицит ПВО Украины, сообщает ""Общественное"" со ссылкой на советника по коммуникациям Литвина.",33012,48,,tass_agency
377786,2026-05-27T13:41:01+00:00,"Развитие ИИ может привести к трансформации защиты дипломных работ в пользу проверки знаний не текста, а устного ответа, заявил Фальков. Это позволит объективно оценить реальные знания и компетенции студента.

✔ [Подпишись на ТАСС в ""Максе""](https://max.ru/tass_agency)",38405,515,,tass_agency
377785,2026-05-27T13:32:59+00:00,"Японские чиновники подтвердили важность продолжения диалога с РФ для ""защиты активов японских компаний"". Во время визита в Россию они встретились с представителями Минэкономразвития и Минпромторга.

На некоторых встречах в РФ были представители японских компаний, сообщили ТАСС в Минэкономики Японии.",33723,35,,tass_agency
377784,2026-05-27T13:16:23+00:00,"Депутаты фракции ""Новые люди"" предложили **обязать банки раскрывать причину отказа в кредите**.

Разъяснение об отказе может содержать обобщенные причины: недостаточность финансовых показателей, высокая долговая нагрузка, негативная кредитная история, недостоверность или неполнота документов, наличие сведений о просроченной задолженности.",34702,44,,tass_agency
377783,2026-05-27T13:03:59+00:00,"**Россияне не отказываются от туров в Африку из-за вспышки Эболы**, она не затронула популярные туристические локации, сообщили в РСТ:

""Куда летают наши туристы — это Южная Африка, Кения, Эфиопия, Танзания. Никаких вспышек нет и никаких отказов от путешествий мы там не фиксируем"".

✔ [Подпишись на ТАСС в ""Максе""](https://max.ru/tass_agency)",39117,58,,tass_agency
377782,2026-05-27T12:54:00+00:00,"Суд ЕС зарегистрировал иск Полины Гагариной против Совета Евросоюза, сообщили в суде. 

Певица была внесена в 14-й пакет санкций. Первый иск против Совета ЕС она подала в 2024 году, решение по нему еще не вынесено.",35350,83,,tass_agency
377781,2026-05-27T12:11:21+00:00,"👔Армения не собирается выходить из ЕАЭС, заявил Алексей Оверчук:

""Там очень хорошо понимают и объем преференций, и объем торговли с другими государствами — членами ЕАЭС. Это и нулевые таможенные пошлины, это и гармонизированные стандарты, гармонизированное техническое регулирование"".

✔ [Подпишись на ТАСС в ""Максе""](https://max.ru/tass_agency)",35285,80,,tass_agency
377780,2026-05-27T11:59:48+00:00,"МИД Армении получил уведомление РФ о возможности денонсации соглашения по поставкам газа, нефти и алмазов в случае вступления Еревана в ЕС, сообщила Мария Захарова.",35377,138,,tass_agency
377779,2026-05-27T11:51:01+00:00,"📃 ГД приняла в первом чтении законопроект
об **уголовной ответственности за незаконный майнинг криптовалюты**.

Если преступление совершается организованной группой или причиняет особо крупный ущерб, предусматривается лишение свободы до 5 лет с штрафом до 400 тысяч рублей или в размере дохода за период до полугода.

✔ [Подпишись на ТАСС в ""Максе""](https://max.ru/tass_agency)",35138,90,,tass_agency
377778,2026-05-27T11:38:00+00:00,"Запад переворачивает с ног на голову предупреждения о необходимости эвакуировать дипперсонал из Киева и пытается представить это ""как новое отражение якобы агрессивного курса Москвы"", заявил Рябков.",32797,67,,tass_agency
377777,2026-05-27T11:14:09+00:00,"👔Корреспонденты CNN вместо поездки на место трагедии в Старобельск рекламируют тех, кто совершил теракт. С высокой вероятностью они **снимали подготовку ВСУ к той атаке**, заявила Мария Захарова:

""Проведена целая рекламная кампания об эффективности украинских дронов. ВСУ нанимают CNN, чтобы запечатлеть работу своих убийц с беспилотниками"".

✔ [Подпишись на ТАСС в ""Максе""](https://max.ru/tass_agency)",32470,81,,tass_agency
377775,2026-05-27T11:12:01+00:00,"**В ""Москвариуме"" впервые появились морские ангелы**.

Им подготовили специально оборудованный аквариум, где для них воссозданы привычные условия среды, сообщили ТАСС в океанариуме. В природе они встречаются только в холодных водах и на большой глубине.

Фото: Пресс-служба ""Москвариума""

✔ [Подпишись на ТАСС / Москва в ""Максе""](https://max.ru/moscow_tass)",30475,148,,tass_agency
377774,2026-05-27T11:04:02+00:00,"Стубб усомнился, что РФ перенаправляет дроны ВСУ в сторону Хельсинки. Он заявил, что не стоит обращать внимание на каждую новость в The Telegraph.

Ранее газета The Telegraph написала, что Россия якобы перенаправляет украинские дроны в страны НАТО.

✔ [Подпишись на ТАСС в ""Максе""](https://max.ru/tass_agency)",33348,80,,tass_agency
377773,2026-05-27T10:57:45+00:00,"Минцифры расширило список данных, которые операторы связи должны собирать и предоставлять силовым структурам. Об этом сообщил ""Коммерсантъ"" со ссылкой на приказ министерства.

Как пишет газета, в обновленный перечень вошли паспортные и адресные сведения, ИНН, банковские реквизиты, IP-адреса, домены, логины, геокоординаты и сведения об организациях.

✔ [Подпишись на ТАСС в ""Максе""](https://max.ru/tass_agency)",30802,135,,tass_agency
377772,2026-05-27T10:49:01+00:00,"**Официальный фонд Совета мира оказался пуст**. Организация находится в политико-правовом тупике, что заблокировало реализацию проектов по восстановлению сектора Газа, сообщает Financial Times со ссылкой на источники.

По их словам, несмотря на заявленные международными донорами и Вашингтоном финансовые обязательства на $17 млрд, с момента основания организации на ее счета под управлением Всемирного банка не поступило никаких средств.",31106,81,,tass_agency
377771,2026-05-27T10:41:02+00:00,"💶Житель Чехии выиграл в лотерею €120 млн. Это крупнейшая в истории республики сумма выигрыша, сообщил новостной портал Idnes.",29930,121,,tass_agency
377770,2026-05-27T10:33:01+00:00,"ГД увеличила в 12 раз штрафы за уклонение мигрантов от медосвидетельствования.

Размер штрафов установлен на уровне 25-50 тыс. рублей, при этом сохраняется возможность выдворения иностранца из РФ по решению суда.",31630,59,,tass_agency
377769,2026-05-27T10:27:01+00:00,"☁ Желтый уровень погодной опасности объявили в Москве и Подмосковье из-за грозы с дождем во второй половине дня, сообщили ТАСС в Гидрометцентре.

✔ [Подпишись на ТАСС в ""Максе""](https://max.ru/tass_agency)",30204,76,,tass_agency
377768,2026-05-27T10:23:59+00:00,"Госдума приняла закон о **лишении свободы за подделку справок об отсутствии опасных заболеваний**, в том числе ВИЧ.

Преступникам будет грозить ограничение свободы на срок до 3 лет с возможным штрафом от 500 тыс. до 1 млн рублей, принудительные работы или лишение свободы на срок до 4 лет.",29474,113,,tass_agency
377767,2026-05-27T10:19:01+00:00,"📃 **Депутаты ГД приняли законопроект об усилении контроля за состоянием здоровья трудовых мигрантов:**

▪С 90 до 30 дней сокращается срок, в течение которого мигранты должны пройти медицинское освидетельствование;

▪Медосвидетельствование будут оплачивать сами мигранты или их работодатели;

▪Инициатива предусматривает запрет на посредничество при обследовании мигрантов — медосвидетельствование смогут проводить только уполномоченные организации;

▪Прохождение медицинского освидетельствования будет обязательным для получения разрешения на временное проживание или работу;

▪Если у мигрантов обнаружат опасные заболевания или выяснится, что иностранец употреблял наркотики, медорганизации должны в течение 24 часов уведомить об этом МВД и Роспотребнадзор для принятия решения о высылке.

✔ [Подпишись на ТАСС в ""Максе""](https://max.ru/tass_agency)",29153,110,,tass_agency
377766,2026-05-27T10:16:32+00:00,"Бутягин получил официальное решение Минюста Польши об отказе в экстрадиции на Украину. Это решение является окончательным, обязательным к исполнению и не подлежит обжалованию, сообщили близкие ученого.

Они отметили, что археолог не будет через суд добиваться возврата своей арестованной в Варшаве техники. Близкие Бутягина также передадут остаток собранных для него средств на благотворительность.",26216,30,,tass_agency
377765,2026-05-27T10:08:01+00:00,"▶️ Кадры взятия под контроль села Гранов в Харьковской области.

Видео: Минобороны России/ТАСС

✔ [Подпишись на ТАСС в ""Максе""](https://max.ru/tass_agency)",26572,33,,tass_agency
377764,2026-05-27T10:04:01+00:00,"**Минздрав планирует в этом году распространить на все регионы РФ сервис для онлайн-заказа медсправок.**

Среди таких документов сертификат о профилактических прививках, справки о временной нетрудоспособности, справки об отсутствии контакта с инфекционными больными, заключения о принадлежности несовершеннолетнего к медицинской группе для занятий физкультурой.",26293,59,,tass_agency
377763,2026-05-27T09:57:09+00:00,"▶️ Льготы на газ, которые получает Армения, — это помощь со стороны России, заявил Дмитрий Песков.

Видео: Алексей Голенищев/ТАСС

✔ [Подпишись на ТАСС в ""Максе""](https://max.ru/tass_agency)",30761,108,,tass_agency
377762,2026-05-27T09:53:55+00:00,"📃 Депутаты ГД приняли проект обращения в связи с атакой ВСУ на Старобельск, в котором призвали ООН, парламенты мира и международные парламентские организации осудить преступные действия киевского режима.",25125,27,,tass_agency
377761,2026-05-27T09:48:19+00:00,"▶️ Кадры освобождения населенного пункта Воздвижевка в Запорожской области.

Видео: Минобороны России/ТАСС

✔ [Подпишись на ТАСС в ""Максе""](https://max.ru/tass_agency)",32461,45,,tass_agency
377760,2026-05-27T09:46:01+00:00,"Оборонное соглашение, которое подпишут сегодня Великобритания и Польша, будет направлено против России, заявил Дональд Туск.

В мае 2025 года Варшава подписала аналогичное соглашение с Францией, а в июне такой документ будет подписан с ФРГ. Как отметила Gazeta Wyborcza, таким образом Варшава, Лондон, Берлин и Париж ведут работу над созданием ""НАТО внутри НАТО"".",26908,170,,tass_agency
377759,2026-05-27T09:38:01+00:00,"⚖️ Таганский суд Москвы **оштрафовал Telegram на 7 млн рублей **за неудаление экстремистского контента в соответствии с законодательством РФ. Об этом ТАСС сообщили в суде.

✔ [Подпишись на ТАСС в ""Максе""](https://max.ru/tass_agency)",25292,51,,tass_agency
377758,2026-05-27T09:33:01+00:00,"**Риски завоза лихорадки Эбола в Россию оцениваются как низкие. **На границе РФ усилен санитарно-карантинный контроль, сообщает Роспотребнадзор.

Ведомство разработало тест-систему для диагностики Эболы, вызываемой вирусом Бундибуджио, и организовало ее производство. Роспотребнадзор также оказывает помощь странам Африки в противодействии распространению лихорадки.",25534,25,,tass_agency
377757,2026-05-27T09:30:55+00:00,❗️СК располагает данными о разработке биологического оружия с участием Украины при финансировании США.,32858,114,,tass_agency
377756,2026-05-27T09:26:53+00:00,"🗣 **Главное из заявлений Дмитрия Пескова:** 

▪У Путина и Токаева особые личные отношения, позволяющие конструктивно обсуждать насущные вопросы;

▪Статья Путина была опубликована на двух языках, на нее уже обратили внимание;

▪Повестка встреч ЕАЭС непроста из-за ситуации с Арменией;

▪Армянский закон обязывает Ереван ориентироваться на ЕС;

▪Членство ЕС совсем не близко для кандидатов, перед Турцией много лет ""держат морковку"";

▪Дивиденды для Армении от ЕАЭС гарантированы, а будет ли это в ЕС, неизвестно;

▪Сами армяне должны решать, в каком объединении быть;

▪Песков направил в ""Газпром"" вопрос о возможной денонсации газовых соглашений с Арменией;

▪Никто не может упрашивать Армению остаться в ЕАЭС, но разъяснения нужны;

▪Действия Армении не должны мешать интеграции остальных;

▪Нынешний саммит не решит судьбу Армении, Ереван продолжит принимать участие в мероприятиях ЕАЭС;

 ▪""Двойные"" госвизиты были в истории, но это очень редко;

 ▪Пока нет планов контактов Путина и Пашиняна. 

Видео: Алексей Голенищев/ТАСС

✔ [Подпишись на ТАСС в ""Максе""](https://max.ru/tass_agency)",31289,108,,tass_agency
377755,2026-05-27T09:22:01+00:00,"США сокращают численность войск, которые могут отправить в Европу в случае конфликта, сообщает со ссылкой на источники The Wall Street Journal.

По их данным, соответствующее решение связано с переброской большего количества войск в Азиатско-Тихоокеанский регион с целью сдерживания Китая за счет сокращения присутствия в Европе.

✔ [Подпишись на ТАСС в ""Максе""](https://max.ru/tass_agency)",24552,48,,tass_agency
377754,2026-05-27T09:17:03+00:00,"**Главное из нового **[**брифинга**](https://t.me/tass_live/9498)** Минобороны РФ:**

▪ВС РФ за сутки поразили предприятие ВПК и объекты энергетики ВСУ;

▪Российские средства ПВО за сутки сбили 285 БПЛА ВСУ самолетного типа, 3 крылатые ракеты Storm Shadow;

▪Потери ВСУ в результате действий российских группировок войск составили порядка 1 220 военных за сутки;

▪ВСУ потеряли в зоне СВО немецкий танк Leopard.

✔ [Подпишись на ТАСС в ""Максе""](https://max.ru/tass_agency)",27318,35,,tass_agency
377753,2026-05-27T09:15:01+00:00,"❗️ВС РФ взяли под контроль Воздвижевку в Запорожской области и Гранов в Харьковской области, сообщает МО.",30247,79,,tass_agency
377752,2026-05-27T09:14:01+00:00,"Средняя стоимость аренды квартиры на даты проведения ПМЭФ-2026 в Петербурге составляет **6,4 тыс. рублей за ночь**. Об этом ТАСС сообщили в ""Авито Путешествиях"".

В среднем гости планируют провести в городе 4 ночи. При этом участники форума предпочитают выбирать жилье заранее: средняя глубина бронирования достигает 55 дней.

#ПМЭФ2026",25616,28,,tass_agency
377751,2026-05-27T09:06:01+00:00,"Ситуацию с распространением в ряде регионов РФ заболеваний животных удалось стабилизировать, сообщил вице-премьер Патрушев.

Он подчеркнул, что внутренний рынок полностью обеспечен продовольствием.",25917,24,,tass_agency
377750,2026-05-27T09:01:01+00:00,"**Главные новости к этому часу:**

▪Верховный суд РФ по поручению Игоря Краснова впервые [обобщит](https://tass.ru/obschestvo/27545895) судебную практику по делам, связанным с ИИ. 

▪В Таганроге ввели локальный режим ЧС после атаки ВСУ, в результате которой была повреждена городская котельная. Основное о последствиях — в [материале](https://tass.ru/proisshestviya/27546083) ТАСС.

▪Энергодар [подвергся](https://tass.ru/proisshestviya/27544227) беспрецедентной массированной атаке дронов ВСУ ночью, произошло более 50 взрывов, сообщили ТАСС на ЗАЭС.

▪Владимир Путин [поздравил](https://tass.ru/obschestvo/27544681) всех мусульман России с праздником Курбан-байрам.

▪Мария Захарова [назвала](https://tass.ru/politika/27544321) чудовищным кощунством реакцию Запада на теракт в Старобельске.

▪В Рязанской области [задержан](https://tass.ru/proisshestviya/27544825) агент Киева за передачу данных об объектах Минобороны.

▪В Армении [заявили](https://tass.ru/mezhdunarodnaya-panorama/27545771), что не получали писем от России по газу и алмазам.

▪Митрополит Иларион [рассказал](https://tass.ru/proisshestviya/27545129), что его держали в холодном изоляторе без книг, питания и подушек. 

▪Число выявленных случаев хантавируса после вспышки на MV Hondius [выросло](https://tass.ru/obschestvo/27544507) до 13.


✔ [Подпишись на ТАСС в ""Максе""](https://max.ru/tass_agency)",26521,15,,tass_agency
377749,2026-05-27T08:59:00+00:00,"▶️ Власти РФ контролируют доступность топлива для аграриев для проведения сезонных полевых работ, сообщил Патрушев.

Российские аграрии засеяли яровыми больше половины необходимых площадей.

Видео: Kremlin. ru

✔ [Подпишись на ТАСС в ""Максе""](https://max.ru/tass_agency)",24233,36,,tass_agency
377748,2026-05-27T08:54:01+00:00,"Парламент Венгрии нового созыва остановил выход страны из МУС, инициированный прошлым правительством во главе с Виктором Орбаном.",26509,57,,tass_agency
377747,2026-05-27T08:48:01+00:00,"**Попадание ракеты в здание банка и двое пострадавших. Последствия атаки на Севастополь:**

▪ВСУ атаковали Севастополь различными воздушными средствами, в том числе, предварительно, и ракетами Storm Shadow, сообщил Развожаев;

▪Сбиты более 20 БПЛА в районе Северной стороны, Фиолента, Севастопольской бухты и бухты Омега;

▪Ракета попала в здание отделения Центрального банка РФ, сообщил Развожаев;

▪В соседних домах взрывной волной повредило окна и балконы;

▪Два человека пострадали. Ими оказались пожилой мужчина и женщина, сообщил губернатор;

▪Женщина получила травму глаза, мужчина — перелом и закрытую черепно-мозговую травму;

▪ На Ластовой площади от ударной волны пострадал 8-этажный многоквартирный дом, повреждения получили фасад, окна и балконы;

▪В районе улицы Гоголя, по предварительной версии, ракета повредила административное здание, которое давно не использовалось;

▪В соседних жилых многоквартирных домах от ударной волны повреждены окна;

▪Целью ночного удара ВСУ была дестабилизация финансовой системы, но она не достигнута, заявил Развожаев.

✔ [Подпишись на ТАСС в ""Максе""](https://max.ru/tass_agency)",29322,76,,tass_agency
377746,2026-05-27T08:40:29+00:00,⚖️ Суд приговорил к 3 годам колонии девушку по делу об оскорблении чувств верующих **из-за кальяна на пасхальном куличе**. Об этом ТАСС сообщили в суде.,26185,170,,tass_agency
377745,2026-05-27T08:39:01+00:00,"▶️ Два человека пострадали в результате удара ВСУ по Севастополю, сообщил Развожаев.

Целью атаки ВСУ на здание управления Центробанка в Севастополе была дестабилизация финансовой системы, но она не достигнута.

Видео: Официальный Telegram-канал губернатора Севастополя Михаила Развожаева

✔ [Подпишись на ТАСС в ""Максе""](https://max.ru/tass_agency)",27864,74,,tass_agency
377744,2026-05-27T08:34:02+00:00,"**Условия прохода судов через Ормузский пролив изменятся. **Появится другой порядок, заявил ТАСС заместитель секретаря Высшего совета национальной безопасности Ирана Али Багери на полях I Международного форума по безопасности.

Иран и Оман ведут переговоры для выработки порядка прохода через Ормузский пролив.",26996,42,,tass_agency
377743,2026-05-27T08:26:01+00:00,"Армения не получала никаких писем от России о возможном расторжении договоренностей о поставках топлива и необработанных алмазов, заявили в Министерстве территориального управления и инфраструктуры.

Ранее газета ""Коммерсантъ"" сообщила, что РФ предупредила Армению о возможной приостановке или расторжении соглашения, если страна продолжит процесс вступления в ЕС.",27808,51,,tass_agency
377742,2026-05-27T08:20:07+00:00,"⚡ **Верховный суд РФ по поручению Игоря Краснова** **впервые обобщит судебную практику по делам, связанным с ИИ**. **Главное:**

▪Судам предстоит оценить, насколько часто использование ИИ становится предметом судебных споров или совершенных правонарушений;

▪Такое обобщение проводится впервые в масштабах страны и с учетом всех видов судопроизводства;

▪Верховный суд уделит особое внимание защите авторских прав при обучении нейросетей;

▪Отдельный блок посвящен защите чести, достоинства и деловой репутации при распространении порочащих сведений, созданных с помощью ИИ, включая случаи использования дипфейков, и защите интеллектуальной собственности, в том числе при обучении больших языковых моделей без согласия автора;

▪Верховный суд может предложить изменения в законы по результатам обобщения судебной практики по делам, связанным с ИИ;

▪Судам предстоит оценить практику признания доказательствами документов, сформированных искусственным интеллектом.

✔ [Подпишись на ТАСС в ""Максе""](https://max.ru/tass_agency)",32114,210,,tass_agency
377741,2026-05-27T08:07:17+00:00,Верховный суд РФ в обобщение судебной практики включит блок о защите авторских прав при обучении нейросетей.,27778,52,,tass_agency
377740,2026-05-27T08:06:50+00:00,"❗️Верховный суд РФ может предложить изменения в законы по результатам обобщения судебной практики по делам, связанным с ИИ.",28861,53,,tass_agency
377739,2026-05-27T08:06:20+00:00,"❗️Суды оценят практику признания доказательствами документов, сформированных ИИ, сообщает Верховный суд РФ.",33741,61,,tass_agency
377738,2026-05-27T08:04:07+00:00,"❗️Верховный суд РФ впервые проведет масштабное обобщение судебной практики по делам, связанным с использованием ИИ.

✔ [Подпишись на ТАСС в ""Максе""](https://max.ru/tass_agency)",30461,88,,tass_agency
377737,2026-05-27T07:58:33+00:00,"Локальный режим ЧС ввели в Таганроге после атаки ВСУ. Котельная повреждена в городе, несколько жилых домов остались без горячей воды, сообщили власти.",30688,57,,tass_agency
377736,2026-05-27T07:47:43+00:00,"Митрополит Иларион рассказал в своем Telegram-канале, что его содержали в холодном изоляторе:

""Было очень холодно в первом изоляторе. Постоянно приходилось двигаться, чтобы не замерзнуть. Это ухудшалось еще и из-за отсутствия питания. Не было никаких звуков, книг, бумаги, ручки. Подушек тоже не было — плоские нары"".",30403,62,,tass_agency
377735,2026-05-27T07:33:43+00:00,"**Канада вводит временные меры по контролю на границе из-за вспышки Эболы**, сообщается в пресс-релизе правительства страны.

С 27 мая сроком на 90 дней будет приостановлено действие иммиграционных документов для жителей Канады с ""высоким или очень высоким риском"" распространения заболевания. Речь идет о временных визах, электронных разрешениях на въезд и визах постоянного резидента. Также с 30 мая по 29 августа вводится обязательный карантин на 21 день для граждан, постоянных резидентов и иностранцев, посещавших ДРК, Уганду и Южный Судан в течение последних трех недель.",30150,56,,tass_agency
377734,2026-05-27T07:20:59+00:00,"**Последствия пожара и взрыва в Липецке. Главное:**

▪️В Липецке на улице Баумана произошел сильный пожар в частном жилом доме, сообщил Артамонов;

▪️По предварительной информации, происшествие сопровождалось взрывом. Здание получило серьезные повреждения, произошло частичное обрушение конструкций;

▪️Огонь перекинулся на стоящие рядом автомобили и надворные постройки. Пожар ликвидировали на площади 600 кв. м, сообщали ТАСС в МЧС России;

▪️Погибли две женщины и годовалый ребенок. Все они находились в доме в момент взрыва;

▪️Предварительная причина ЧП — взрыв бытового газа, сообщили ТАСС в пресс-службе региональной прокуратуры;

▪️Причиной возгорания могла стать утечка бытового газа, сообщили в СК РФ по региону.

✔ [Подпишись на ТАСС в ""Максе""](https://max.ru/tass_agency)",29207,18,,tass_agency
377733,2026-05-27T07:16:01+00:00,"▶️ Кадры задержания в Рязанской области гражданина РФ, передававшего данные об объектах Минобороны для военной разведки Украины.

Видео: ЦОС ФСБ России/ТАСС

✔ [Подпишись на ТАСС в ""Максе""](https://max.ru/tass_agency)",29691,91,,tass_agency
377732,2026-05-27T07:09:01+00:00,Путин поздравил всех мусульман России с праздником Курбан-байрам.,35375,100,,tass_agency
377731,2026-05-27T07:06:01+00:00,"🚨 В Казахстане потерпел крушение самолет Ан-2, один человек погиб, сообщило Министерство транспорта.",28774,65,,tass_agency
377725,2026-05-27T07:02:46+00:00,"▶️ Астана в ожидании госвизита Путина.

Видео и фото: Андрей Грязнов/ТАСС

✔ [Подпишись на ТАСС в ""Максе""](https://max.ru/tass_agency)",30644,81,,tass_agency
377724,2026-05-27T06:47:47+00:00,"❗️В Рязанской области задержан агент Киева за передачу данных об объектах Минобороны для военной разведки Украины, сообщили в ФСБ.

✔ [Подпишись на ТАСС в ""Максе""](https://max.ru/tass_agency)",31818,101,,tass_agency
377723,2026-05-27T06:35:32+00:00,"Бывший заместитель секретаря СБ РФ Олег Храмов назначен советником главы Сбера Германа Грефа, сообщил РБК со ссылкой на источник на финансовом рынке.

Ранее Путин освободил Храмова от должности, которую он занимал с 2017 года. Как сообщал ТАСС источник, его освобождение связано с достижением предельного возраста пребывания на госслужбе.",31453,57,,tass_agency
377722,2026-05-27T06:31:01+00:00,"Реакция западных стран на теракт в Старобельске является чудовищным, расчеловеченным кощунством, заявила Мария Захарова в эфире радио Sputnik:

""Можно же было просто сказать: да, погибли дети, и это чудовищно, и мы сопереживаем. Они теперь уже и это не говорят. То есть полностью расчехлились"".",30381,71,,tass_agency
377717,2026-05-27T06:19:53+00:00,"▶️ Мусульмане празднуют Курбан-байрам в Москве.

Видео: ТАСС/Ruptly; фото: Павел Селезнев/ТАСС

✔ [Подпишись на ТАСС в ""Максе""](https://max.ru/tass_agency)",53113,380,,tass_agency
377716,2026-05-27T06:07:59+00:00,"Глеб Калюжный планирует начать режиссерскую карьеру, в частности он может снять фильм ""За мечтой"" — о парне, который возвращается из армии и собирает музыкальную группу, рассказал ТАСС директор артиста Григорий Сухов.

✔ [Подпишись на ТАСС в ""Максе""](https://max.ru/tass_agency)",31513,56,,tass_agency
377715,2026-05-27T06:05:23+00:00,"Число выявленных случаев хантавируса после вспышки на MV Hondius выросло до 13, заявил глава ВОЗ Тедрос Аданом Гебрейесус.",30392,24,,tass_agency
377714,2026-05-27T05:35:03+00:00,"🚨 Энергодар перенес беспрецедентную массированную атаку БПЛА ВСУ минувшей ночью, прозвучало больше 50 взрывов, сообщили на ЗАЭС.

Зафиксированы сбросы с тяжелых гексакоптеров типа ""Баба-яга"" и атаки FPV-дронов. Также в результате атак в Энергодаре нет связи, часть города осталась без электричества, пострадавших нет.",38104,177,,tass_agency
377713,2026-05-27T05:29:49+00:00,"▶️ Роботы ""Импульс"" могут управляться как по каналу радиосвязи, так и с использованием оптоволокна и выполнять задачи в режиме полной автономности, сообщили ТАСС в Ростехе.

Видео: Ростех/ТАСС

✔ [Подпишись на ТАСС в ""Максе""](https://max.ru/tass_agency)",32432,37,,tass_agency
377712,2026-05-27T05:03:04+00:00,"**Главные новости к этому часу:**

▪️Ракета [попала](https://tass.ru/proisshestviya/27543545) в здание Южного управления Центрального банка Севастополя.
 
▪️В ГД [внесли](https://tass.ru/politika/27540979) проект обращения к ООН из-за атаки ВСУ на Старобельск.
 
▪️США в ООН [не присоединились](https://tass.ru/mezhdunarodnaya-panorama/27541085) к антироссийскому заявлению Украины.
 
▪️Международная федерация университетского спорта [допустила](https://tass.ru/sport/27541659) всех российских спортсменов до участия в соревнованиях.
 
▪️Польша [не будет эвакуировать](https://tass.ru/mezhdunarodnaya-panorama/27542091) посольство из Киева, заявил Сикорский.

✔ [Подпишись на ТАСС в ""Максе""](https://max.ru/tass_agency)",33011,40,,tass_agency
377711,2026-05-27T04:55:04+00:00,"Мошенники активизировались в период сдачи экзаменов в России, сообщили ТАСС в ИБ-компании F6. 

Они продают ""ответы"" на ЕГЭ, ОГЭ и ГВЭ в Telegram-каналах и ботах на большую аудиторию. При этом эти люди рискуют потерять свои средства и данные или позволить заразить свои гаджеты вредоносным ПО.",31267,69,,tass_agency
377710,2026-05-27T04:43:01+00:00,"▶️ Эффективность оружия в РФ обеспечивается за счет связи с фронтом, заявил сербский снайпер, участник боевых действий в Донбассе Деян Берич.

Видео: ТАСС",32095,18,,tass_agency
377709,2026-05-27T04:38:37+00:00,"🚨 В течение прошедшей ночи над регионами РФ сбиты 140 украинских БПЛА, сообщили в Минобороны.",31612,38,,tass_agency
377708,2026-05-27T04:17:26+00:00,"В ЛНР в результате агрессии со стороны ВСУ с 2014 года погибли 74 ребенка, 285 пострадали. Об этом ТАСС сообщила уполномоченный по правам ребенка в республике Инна Швенк.

✔ [Подпишись на ТАСС в ""Максе""](https://max.ru/tass_agency)",32375,33,,tass_agency
377707,2026-05-27T04:10:02+00:00,"Две женщины и годовалый ребенок погибли при пожаре в частном доме в Липецке, сообщил губернатор Игорь Артамонов.",32741,12,,tass_agency
377706,2026-05-27T04:05:01+00:00,"Одна их двух пострадавших в Таганроге из-за воздушной атаки находится в тяжелом состоянии, сообщил губернатор Ростовской области.",33092,42,,tass_agency
377705,2026-05-27T04:03:01+00:00,"▶️ ВСУ оставили под Красноармейском схрон для диверсий, сообщили в УФСБ по ДНР.

Видео: УФСБ России по ДНР/ТАСС

✔ [Подпишись на ТАСС в ""Максе""](https://max.ru/tass_agency)",34548,49,,tass_agency
377704,2026-05-27T03:53:55+00:00,"После атаки ВСУ в Севастополе повреждены многоквартирные дома и административное здание, сообщил губернатор.",35012,119,,tass_agency
377703,2026-05-27T03:53:13+00:00,"❗️Ракета попала в здание Южного управления Центрального банка Севастополя. Горит крыша, сообщил губернатор.",35319,163,,tass_agency
377702,2026-05-27T03:51:32+00:00,"🚨 ВСУ атаковали Севастополь различными воздушными средствами, в том числе, предварительно, ракетами Storm Shadow, также сбиты 20 БПЛА, сообщил губернатор.

✔ [Подпишись на ТАСС в ""Максе""](https://max.ru/tass_agency)",35842,139,,tass_agency
377701,2026-05-27T03:45:17+00:00,"❗️Два человека пострадали в Таганроге из-за воздушной атаки, сообщила глава города.",35571,66,,tass_agency
377700,2026-05-27T03:34:01+00:00,"Женщина из Уганды помещена на карантин на юге Индии с подозрением на Эболу, сообщила газета The Times of India.",35124,25,,tass_agency
377699,2026-05-27T03:14:43+00:00,"🚨 Ракета уничтожена в Таганроге при отражении воздушной атаки. Из-за падения обломков произошло возгорание машин, сообщил губернатор Ростовской области.

✔ [Подпишись на ТАСС в ""Максе""](https://max.ru/tass_agency)",36034,84,,tass_agency
377698,2026-05-27T03:10:01+00:00,"Глеб Калюжный провел первый день после службы в армии дома, в кругу семьи. Об этом ТАСС рассказал директор артиста Григорий Сухов.",34835,10,,tass_agency
377697,2026-05-27T02:31:59+00:00,Авиакомпанию Azur Air оштрафовали на 30 тыс. руб. за нарушение прав пассажиров при задержке рейса Красноярск — Пхукет почти на двое суток.,34170,33,,tass_agency
377696,2026-05-27T02:10:01+00:00,"▶️ Расчеты БПЛА уничтожили разведгруппу ВСУ на добропольском направлении.

Видео: Минобороны России/ТАСС

✔ [Подпишись на ТАСС в ""Максе""](https://max.ru/tass_agency)",34231,34,,tass_agency
377695,2026-05-27T01:55:53+00:00,"Более 15 фигурантов дела о подрыве основателя батальона ""Арбат"" Армена Саркисяна скрылись за границей. Они объявлены в розыск, сообщили ТАСС в правоохранительных органах.",31976,19,,tass_agency
377694,2026-05-27T01:50:01+00:00,"▶️ Киевский режим резко нарастил атаки на ЗАЭС после перемирия ко Дню Победы, заявил ТАСС директор станции Юрий Черничук.

Видео: Марина Осокина/ТАСС",32267,38,,tass_agency
377693,2026-05-27T01:33:40+00:00,"Представитель Японской федерации бизнеса отправился с визитом в Россию вместе с чиновниками Минэкономики и МИД. Об этом сообщил корреспонденту ТАСС представитель федерации.

✔ [Подпишись на ТАСС в ""Максе""](https://max.ru/tass_agency)",31407,30,,tass_agency
377692,2026-05-27T01:32:34+00:00,"США в ООН не присоединились к антироссийскому заявлению Украины, сообщил корреспондент ТАСС.",31061,68,,tass_agency
377691,2026-05-27T01:28:01+00:00,В России запатентовали заряжающую бронемашину-эвакуатор для РСЗО. С соответствующим документом ознакомился ТАСС.,31362,24,,tass_agency
377690,2026-05-27T01:10:01+00:00,"Мошенники выманивают личные данные через поддельные рабочие чаты. Об этом ТАСС сообщили в МВД в ответ на соответствующий запрос агентства.

Установив доверительный контакт, аферисты распространяют ссылки на ресурсы, схожие с официальными государственными порталами, где жертве предлагается ""пройти верификацию"".

✔ [Подпишись на ТАСС в ""Максе""](https://max.ru/tass_agency)",31666,51,,tass_agency
377689,2026-05-27T00:10:01+00:00,"▶️ При бегстве из Гришина ВСУ бросили без оружия и бронежилетов группу солдат, рассказал ТАСС врио командира штурмовой роты Айшет Люктугбара.

Видео: Галина Зверева/Игорь Романенков/ТАСС",29894,32,,tass_agency
377688,2026-05-26T23:53:01+00:00,"Пропавшую в Амурской области женщину с пятью детьми нашли живой, сообщили в поисково-спасательном отряде ""Амур"".",29496,26,,tass_agency
377687,2026-05-26T23:45:02+00:00,"В России вступил в силу обновленный перечень товаров для параллельного импорта. Соответствующий приказ Минпромторга утвержден в конце ноября 2025 года.

Согласно обновленному перечню, из списка товаров для параллельного импорта исключили несколько позиций компьютерной техники.

✔ [Подпишись на ТАСС в ""Максе""](https://max.ru/tass_agency)",30561,33,,tass_agency
377686,2026-05-26T23:33:01+00:00,"▶️ ВСУ в Гришине под Красноармейском маскировали взрывчатку в носки, рассказал ТАСС врио командира штурмовой роты Айшет Люктугбара.

Видео: Галина Зверева/Игорь Романенков/ТАСС",29709,37,,tass_agency
377685,2026-05-26T23:15:10+00:00,"Мошенники размещают в соцсетях объявления с выгодными предложениями аренды жилья на курортах. Об этом ТАСС сообщил эксперт ""Народного фронта. Аналитика"" Галактион Кучава.

Аферисты предлагают подтвердить бронь символическим переводом, после чего отправляют  ссылку на поддельный сайт для хищения персональных данных.",31994,87,,tass_agency
377684,2026-05-26T23:05:01+00:00,"▶️ МВД показало беспилотные воздушные суда, которые используются сотрудниками ведомства, на I Международном форуме по безопасности, передает корреспондент ТАСС.

Видео: Алексей Павливкер/ТАСС

✔ [Подпишись на ТАСС в ""Максе""](https://max.ru/tass_agency)",32078,39,,tass_agency
377683,2026-05-26T22:52:01+00:00,"Доходы от штрафов за нарушение ПДД разрешат тратить регионам только на улучшение дорог. Это следует из правительственного документа, с которым ознакомился ТАСС.",32660,79,,tass_agency
377682,2026-05-26T22:31:39+00:00,"Тело третьего погибшего обнаружено при разборе завалов в Липецке, сообщили в ГУ МЧС.",32259,14,,tass_agency
377681,2026-05-26T21:58:44+00:00,"🚨 Силы ПВО сбили 14 БПЛА в районе Северной стороны, Севастопольской бухты и бухты Омега, сообщил губернатор Развожаев.

✔ [Подпишись на ТАСС в ""Максе""](https://max.ru/tass_agency)",33640,21,,tass_agency
377680,2026-05-26T21:48:36+00:00,"🚨 Ребенок погиб при пожаре в доме в Липецке, его тело извлекли из-под завалов. Число погибших увеличилось до двух, сообщили в ГУ МЧС по региону.

Видео: Официальный канал ГУ МЧС России по Липецкой области в ""Максе""/ТАСС",34555,17,,tass_agency
377679,2026-05-26T21:38:01+00:00,"🚨 В Севастополе военные отражают атаку ВСУ, сбиты семь БПЛА, сообщил губернатор региона.",32940,38,,tass_agency
377678,2026-05-26T21:35:01+00:00,"Прибыль банковского сектора РФ по итогам 2026 года будет в диапазоне **3,6-3,9 трлн руб.** Об этом заявил в интервью ТАСС в преддверии ПМЭФ первый заместитель президента — председателя правления ВТБ Дмитрий Пьянов.

#ПМЭФ2026

✔ [Подпишись на ТАСС в ""Максе""](https://max.ru/tass_agency)",35925,70,,tass_agency
377677,2026-05-26T21:18:01+00:00,"Польша не будет эвакуировать посольство из Киева в связи с предупреждением МИД РФ об ударах возмездия по военным объектам, заявил глава польского МИД Сикорский.",35076,82,,tass_agency
377676,2026-05-26T21:00:01+00:00,"Три страны ЕС блокируют импорт сельскохозяйственной продукции с Украины. Об этом сообщило украинское издание ""Европейская правда"" со ссылкой на высокопоставленного чиновника ЕС.

По его словам, помимо Венгрии, в Польше и Словакии действуют односторонние запреты на импорт определенных видов украинской аграрной продукции.",44214,67,,tass_agency
377675,2026-05-26T19:42:49+00:00,"Международная федерация университетского спорта допустила всех российских атлетов до соревнований под эгидой организации, сообщил Дегтярев.

✔ [Подпишись на ТАСС в ""Максе""](https://max.ru/tass_agency)",36824,55,,tass_agency
377674,2026-05-26T19:39:17+00:00,"**Россия подарила Казахстану тигров.** Они скоро будут выпущены в дикую природу, сообщил Путин в статье, опубликованной в преддверии госвизита:

""В связи с просьбой казахстанских друзей о содействии в восстановлении в Казахстане популяции амурского тигра наши профильные ведомства провели за год необходимую работу. В Хабаровском крае были выловлены два взрослых тигра и пара тигрят"".",38018,117,,tass_agency
377673,2026-05-26T19:19:46+00:00,"**Путин опубликовал статью в ""Казахстанской правде"" в преддверии госвизита в Астану. Главное:**

▪Каспийский трубопроводный консорциум через территорию России обеспечивает поставки более 80% экспорта казахстанской нефти на мировые рынки;

▪Общая сумма накопленных капиталовложений РФ в казахстанскую экономику составляет почти $30 млрд;

▪Для устойчивого энергоснабжения Казахстана с участием ""Газпрома"" планируется оптимизация газотранспортной инфраструктуры;

▪Путин указал на важный совместный шаг Москвы и Астаны в области космонавтики — запуск российско-казахстанской ракеты ""Союз-5/Сункар"";

▪Партнерство РФ и Казахстана опирается на нерушимые принципы взаимного уважения и доверия;

▪Путин заявил, что у него с Токаевым выстроились ""действительно дружеские, искренние отношения"";

▪В России высоко ценят вклад Казахстана в работу в рамках Международной организации по русскому языку;

▪Роль межгосударственных объединений, в которых участвуют РФ и Казахстан, сейчас как никогда важна в условиях геополитической турбулентности;

▪РФ и Казахстан придают большое значение развитию транспортных коридоров Север — Юг и Европа — Западный Китай;

▪Путин сообщил о договоренности открыть в Казахстане второй комплекс ""Сириус"" в Астане;

▪Открытие школы ""Казахстан — Сириус"" и Центра по работе с талантами детей и молодежи запланировано на 2029 год.

✔ [Подпишись на ТАСС в ""Максе""](https://max.ru/tass_agency)",37294,148,,tass_agency
377672,2026-05-26T19:09:11+00:00,"Комфортным уровнем ключевой ставки, при котором не возникает серьезной переплаты по кредитам, **является диапазон в 8-9%**. Об этом в интервью ТАСС в преддверии ПМЭФ заявил первый заместитель президента — председателя правления ВТБ Дмитрий Пьянов.

Согласно среднесрочному прогнозу Банка России, средняя ключевая ставка в 2026 году составит 14-14,5%, в 2027 — 8-10%, а в 2028 году опустится до 7,5-8,5%.

#ПМЭФ2026",38650,97,,tass_agency
377671,2026-05-26T18:51:25+00:00,"📃 Комитет по международным делам внес в ГД проект обращения к ООН и парламентам мира в связи с атакой ВСУ на Старобельск, сообщил Слуцкий. Главное:

▪Депутаты считают, что с помощью терактов Киев пытается отвлечь внимание от коррупционного скандала внутри Украины, следует из проекта;

▪Депутаты ГД могут призвать парламентариев мира не оставаться в стороне и осудить преступления киевской хунты;

▪Депутаты могут призвать парламентариев мира требовать прекращения финансовой и военной помощи режиму Зеленского;

▪Отсутствие реакции на обращение ГД будет прямым соучастием зверств украинских неонацистов, отметил Слуцкий.

✔ [Подпишись на ТАСС в ""Максе""](https://max.ru/tass_agency)",34787,41,,tass_agency
377670,2026-05-26T18:35:30+00:00,"Замглавы МИД РФ Галузин 27 мая проведет для дипкорпуса брифинг по ответным ударам по военным объектам Киева, сообщила Мария Захарова в эфире KP. RU.

РФ даст дополнительные разъяснения по ударам по военным объектам Киева.",33797,86,,tass_agency
377669,2026-05-26T18:33:48+00:00,"Тело погибшего обнаружено при разборе завалов в Липецке, сообщает МЧС.",34650,14,,tass_agency
377668,2026-05-26T18:22:58+00:00,"Генсеку ООН следовало бы беспокоиться из-за совершенного Киевом убийства детей, заявила Мария Захарова ТАСС, говоря об озабоченности Гутерриша планами ударов по Киеву.",34958,67,,tass_agency
377667,2026-05-26T18:02:13+00:00,"**Главные новости к этому часу:**

▪Путин в Казахстане примет участие в работе V Евразийского экономического форума. ТАСС [собрал](https://tass.ru/politika/27538821) ключевые заявления помощника президента.

▪Посол РФ дал [понять](https://tass.ru/politika/27539365) ФРГ, что чаша терпения России переполнена.

▪В Московской воздушной зоне [установили](https://tass.ru/ekonomika/27540277) особый режим полетов.

▪Суд [удовлетворил](https://tass.ru/ekonomika/27539727) требование ЦБ об исполнении решения суда по иску к Euroclear.

▪Предварительной причиной пожара и обрушения дома в Липецке мог [стать](https://tass.ru/proisshestviya/27540483) взрыв газа.

▪Многие страны ЕС [готовы](https://tass.ru/ekonomika/27538969) присоединиться к жалобе на ЕК из-за запрета импорта российского газа, заявил Фицо.

▪В Амурской области месяц [ищут](https://tass.ru/proisshestviya/27539619) женщину и ее пятерых детей.

▪Бывший муж Хахалевой [пытался](https://tass.ru/proisshestviya/27539373) вывести за границу активы на 1 млрд рублей.

▪На Ямале в реке [обнаружили](https://tass.ru/proisshestviya/27538909) тело подростка.

▪В Новосибирском зоопарке [родился](https://tass.ru/obschestvo/27539147) детеныш краснокнижных оцелотов.

✔ [Подпишись на ТАСС в ""Максе""](https://max.ru/tass_agency)",34573,18,,tass_agency
377666,2026-05-26T17:56:01+00:00,"▶️ Пожар в частном доме в Липецке локализован на площади 600 кв. метров, сообщили ТАСС в МЧС.

Видео: Официальный канал ГУ МЧС по Липецкой области в ""Максе""/ТАСС

✔ [Подпишись на ТАСС в ""Максе""](https://max.ru/tass_agency)",35936,50,,tass_agency
377665,2026-05-26T17:52:27+00:00,"**__""Это не просто двойные стандарты, это моральный крах и полный позор"".__** Небензя назвал реакцию Запада на трагедию в Старобельске моральным крахом:

""Если страдания детей могут быть использованы против России, это немедленно становится международным скандалом, но когда дети погибают из-за умышленных действий киевского режима, трагедия исчезает за оговорками, сомнениями"".",39350,55,,tass_agency
377664,2026-05-26T17:41:27+00:00,"▶️ Небензя в ответ на вопрос ТАСС заявил, что скептически смотрит на идею международного расследования удара по колледжу в Старобельске.

Он отметил, что готов пригласить коллег по Совбезу в Старобельск, но сомневается, что все они откликнутся.

Видео: ТАСС/Ruptly/UNTV

✔ [Подпишись на ТАСС в ""Максе""](https://max.ru/tass_agency)",41177,54,,tass_agency
377663,2026-05-26T17:30:07+00:00,"Предварительной причиной пожара и обрушения частного дома в Липецке мог стать взрыв газа, сообщает прокуратура.

Под завалами, предположительно, могут находиться три человека.",36585,30,,tass_agency
377662,2026-05-26T17:06:36+00:00,"✈️ Минтранс и Росавиация получили представление от МО РФ **по особому режиму полетов гражданских судов в Московской воздушной зоне**, сообщает Росавиация.

Особый режим полетов касается малой авиации в Московской воздушной зоне. Ограничения не затронут регулярные и чартерные пассажирские рейсы и ряд других.

✔ [Подпишись на ТАСС в ""Максе""](https://max.ru/tass_agency)",41807,63,,tass_agency
377661,2026-05-26T17:04:55+00:00,"▶ Небензя проводит пресс-конференцию в связи с ударом ВСУ по педагогическому коллежу в Старобельске. Присоединяйтесь к нашей [трансляции](https://t.me/tass_live/9493).
**
**Видео: ТАСС/Ruptly/UNTV",33784,11,,tass_agency
377660,2026-05-26T17:02:59+00:00,"🚨 Частный жилой дом частично обрушился в результате пожара и взрыва в Липецке. Под завалами, предварительно, могут быть люди, сообщил губернатор.",32520,23,,tass_agency
377659,2026-05-26T17:02:05+00:00,"**__""Что ж, вероятно, у них есть лишние дипломаты"". __**Медведев увязал отказ ЕС эвакуировать дипломатов из Киева с готовностью ""сократить численность персонала"" диппредставительств.",40726,180,,tass_agency
377658,2026-05-26T16:56:01+00:00,"▶️ В Новосибирском зоопарке родился детеныш краснокнижных оцелотов, рассказали в пресс-службе учреждения.

Видео: Официальный Telegram-канал Новосибирского зоопарка имени Р.А. Шило/ТАСС

✔ [Подпишись на ТАСС в ""Максе""](https://max.ru/tass_agency)",33331,236,,tass_agency
377657,2026-05-26T16:44:01+00:00,"⚖ Суд удовлетворил ходатайство ЦБ об исполнении решения суда по иску к Euroclear. Об этом сообщили юристы, представляющие интересы Euroclear, Максим Кульков и Сергей Савельев.

20 мая Банк России направил в Арбитражный суд Москвы ходатайство об обращении решения по иску к Euroclear на **18,2 трлн руб.** к немедленному исполнению.",31825,57,,tass_agency
377656,2026-05-26T16:31:57+00:00,"Бизнес готов обсуждать финансирование мер по защите промышленных объектов от атак, заявил Шохин.

Подготовлены предложения по раннему обнаружению маршрутов БПЛА и по использованию новейших видов противодействия.

✔ [Подпишись на ТАСС в ""Максе""](https://max.ru/tass_agency)",34153,87,,tass_agency
377655,2026-05-26T16:13:01+00:00,"В Амурской области уже месяц ищут женщину и ее пятерых детей, сообщил поисково-спасательный отряд ""Амур"".

По его данным, 33-летняя женщина пропала 30 апреля, последний раз ее видели в Благовещенске. Сейчас местоположение пропавшей неизвестно, однако уточняется, что пятеро детей находятся вместе с ней.",33064,33,,tass_agency
377654,2026-05-26T16:03:29+00:00,"18-летний житель Липецкой области **переделал сигнальный пистолет в огнестрельный** и попросил друга убить своего отца. Об этом сообщили ТАСС в правоохранительных органах. Отмечается, что обвиняемый ранее не состоял на учете.",34037,47,,tass_agency
377653,2026-05-26T15:59:01+00:00,"Посол РФ Нечаев дал понять МИД ФРГ, что чаша терпения России из-за преступлений ВСУ после трагедии в Старобельске переполнена, сообщили в российском диппредставительстве.

Ранее Нечаев был вызван в МИД ФРГ в связи с ситуацией вокруг ударов возмездия российской армии по военным объектам в Киеве.

✔ [Подпишись на ТАСС в ""Максе""](https://max.ru/tass_agency)",40325,87,,tass_agency
377652,2026-05-26T15:54:06+00:00,"⚖️ **Экс-супруг бывшей судьи Хахалевой пытался вывести за границу активы на 1 млрд рублей,** заявил представитель истца в суде.

Роберт Хахалев по фиктивным договорам купли-продажи в 2022 году переоформил недвижимость на подконтрольную ему агрофирму, создав ложную видимость законности происхождения более 1 млрд рублей.",36194,88,,tass_agency
377651,2026-05-26T15:41:08+00:00,"❕Посол РФ выразил в МИД Германии разочарование тем, что правительство ФРГ не нашло слов сочувствия в связи с трагедией в Старобельске, сообщает дипмиссия.

✔ [Подпишись на ТАСС в ""Максе""](https://max.ru/tass_agency)",35592,60,,tass_agency
377650,2026-05-26T15:33:18+00:00,"Украинской ПВО становится все сложнее справляться с российскими БПЛА, заявил заместитель командующего Воздушными силами ВСУ Елизаров. Количество российских дронов, выпускаемых единовременно, стремительно растет.",35887,44,,tass_agency
377649,2026-05-26T15:10:27+00:00,"Многие страны ЕС готовы присоединиться к жалобе на ЕК из-за запрета импорта российского газа, заявил Фицо.

Словакия в апреле подала жалобу в Суд ЕС из-за запрета на закупки газа в РФ. По мнению Фицо, ""российские газ и нефть абсолютно необходимы"" ЕС.

✔ [Подпишись на ТАСС в ""Максе""](https://max.ru/tass_agency)",36247,57,,tass_agency
377648,2026-05-26T14:52:24+00:00,"🚨 **Тело подростка обнаружили в реке Преображенка на Ямале**, сообщили в СК. По данным СМИ, он мог упасть в реку во время фотосъемки, не удержался на мосту и сорвался в воду.

Видео: Официальный канал СУ СК России по ЯНАО в ""Максе""",33121,38,,tass_agency
377647,2026-05-26T14:41:51+00:00,"**Главные новости к этому часу:**

▪️ВС РФ [установили](https://tass.ru/armiya-i-opk/27532489) контроль над Рясным и Запсельем в Сумской области, сообщает МО РФ.

▪️Путин [совершит](https://tass.ru/politika/27537459) второй госвизит в Казахстан и примет участие в мероприятиях ЕАЭС 28-29 мая, заявил Ушаков.

▪️Митрополит Иларион, задержанный в Чехии, [выходит](https://tass.ru/obschestvo/27534995) на свободу. Что известно об освобождении митрополита Илариона в Чехии — в материале ТАСС.

▪️Удар по колледжу в Старобельске — это спланированная террористическая атака с прицельным наведением, [заявил](https://tass.ru/politika/27532865) Шойгу. 

▪️МИД РФ [заявил](https://tass.ru/politika/27531109) протест временному поверенному в делах Чехии из-за задержания митрополита Илариона. 

▪️Предупреждение об ударах и новый бизнес-омбудсмен. Ключевые заявления представителя Кремля — в [материале](https://tass.ru/politika/27534317) ТАСС.

▪️Новым замглавы МВД [стал](https://tass.ru/politika/27531113) генерал-майор полиции Алексей Макаров. 

▪️Великобритания [расширила](https://tass.ru/mezhdunarodnaya-panorama/27535495) антироссийский санкционный список на 18 позиций.

▪️ГД [приняла](https://tass.ru/nedvizhimost/27534077) закон об аресте имущества правонарушителей-релокантов.

✔ [Подпишись на ТАСС в ""Максе""](https://max.ru/tass_agency)",33560,4,,tass_agency
377646,2026-05-26T14:38:54+00:00,"**В Башкирии обвиняемый пытался пронести в здание суда наркотики в шаурме**, сообщили в ФССП.

Судебный пристав предложил ему добровольно предоставить запрещенные к проносу в суд предметы. Мужчина заявил, что ""запрещенки с собой не имеется"". Однако при досмотре пакетов с едой внутри шаурмы были замечены свертки с неизвестным веществом.

✔ [Подпишись на ТАСС в ""Максе""](https://max.ru/tass_agency)",30180,64,,tass_agency
377645,2026-05-26T14:06:33+00:00,"🗣 **Главное из заявлений Ушакова:**

▪Путин совершит госвизит в Казахстан и примет участие в мероприятиях ЕАЭС 28-29 мая;

▪Токаев лично встретит Путина, прибывающего в Астану вечером 27 мая;

▪Путин выступит на Евразийском экономическом форуме 28 мая;

▪Президент РФ на пленарном заседании Евразийского экономического форума даст оценку текущему уровню цифровизации и развития ИИ в мире и в рамках ЕАЭС;

▪Токаев даст государственный прием в честь визита Путина в Казахстан. Президента РФ встретят российским триколором совершающие торжественный пролет самолеты;

▪Визит Путина в Казахстан будет государственным вопреки протокольной традиции и подчеркнет высокий уровень отношений;

▪Путин и Токаев встречались уже 38 раз со вступления президента Казахстана в должность;

▪Более 30 человек входят в делегацию РФ во время визита Путина в Казахстан, включая глав госкорпораций и крупного бизнеса;

▪Соглашение о создании первой АЭС в Казахстане по российскому проекту и за счет кредита подпишут в ходе визита президента РФ;

▪Путин и Токаев также подпишут совместное заявление о семи основах дружбы народов двух стран. Всего будет подписано 16 документов;

▪Путин и Токаев выступят с заявлением для прессы;

▪Путин на пленарном заседании Евразийского экономического форума расскажет об усилиях РФ по внедрению ИИ;

▪РФ на Евразийском экономическом форуме представит делегация из 400 человек, включая представителей бизнеса и научно-экспертного сообщества;

▪Ушаков назвал энергетику одним из ключевых вопросов, который будет обсуждаться в рамках визита Путина в Казахстан;

▪Путин и Токаев обсудят в том числе военно-техническое сотрудничество, а также понаблюдают за закладкой капсулы на месте строительства центра ""Сириус"" в Астане;

▪Путин и лидеры ЕАЭС посетят выставку, посвященную достижениям стран союза в сфере цифровой трансформации отраслей экономики и развития ИИ;

▪Путин 29 мая примет участие в заседании Высшего евразийского экономического совета в узком и расширенном составах;

▪Три видеоролика о сотрудничестве Москвы и Астаны покажут по итогам переговоров Путина и Токаева;

▪На РФ приходится пятая часть торговли Казахстана, товарооборот достиг рекордных $29 млрд;

▪Инвестиции РФ в экономику Казахстана на конец прошлого года превысили $29,4 млрд;

▪76 регионов России напрямую сотрудничают с областями Казахстана;

▪С 1 января 2027 года председательство в ЕАЭС переходит к Киргизии;

▪Объем торговли стран ЕАЭС за время существования союза увеличился более чем в 2 раза, а товарооборот с третьими странами вырос на 72%.

✔ [Подпишись на ТАСС в ""Максе""](https://max.ru/tass_agency)",32805,76,,tass_agency
377644,2026-05-26T14:05:39+00:00,"▶ Путин в Казахстане примет участие в работе V Евразийского экономического форума, посвященного глобальной цифровой гонке и ИИ, сообщил Ушаков.

✔ [Подпишись на ТАСС в ""Максе""](https://max.ru/tass_agency)",26639,17,,tass_agency
377643,2026-05-26T14:04:32+00:00,"**Главное из заявлений Ушакова о сближении Армении с ЕС:**

▪Путин неоднократно обозначал отношение РФ к планам Армении вступить в ЕС и подчеркивал, что членство в двух объединениях невозможно;

▪Евразийская интеграция принесла Армении много преимуществ: с 2014 года ВВП страны удвоился с $11,6 млрд до $20,2 млрд;

▪Планы Армении по вступлению в ЕС и дальнейшему сотрудничеству с ЕАЭС не могут не вызывать озабоченность у стран евразийского союза;

▪На заседании ЕАЭС в узком составе будут обсуждены возможные последствия выхода Армении из союза, это ""представляется необходимым"";

▪Просто так исключить страну из ЕАЭС нельзя, возможен вариант, когда она сама прекращает сотрудничество в рамках объединения;

▪Армению на Евразийском экономическом форуме представит вице-премьер, Пашинян в связи с предстоящими выборами не приедет в Астану.",32175,80,,tass_agency
377642,2026-05-26T14:03:39+00:00,"▶ На РФ приходится пятая часть торговли Казахстана, товарооборот достиг рекордных $29 млрд, заявил Ушаков.

✔ [Подпишись на ТАСС в ""Максе""](https://max.ru/tass_agency)",25659,23,,tass_agency
377641,2026-05-26T14:02:30+00:00,"▶ Соглашение о создании первой АЭС в Казахстане по российскому проекту и за счет кредита подпишут в ходе визита Путина, сообщил Ушаков.

✔ [Подпишись на ТАСС в ""Максе""](https://max.ru/tass_agency)",27875,42,,tass_agency
377640,2026-05-26T14:01:54+00:00,"❕Ушаков назвал энергетику одним из ключевых вопросов, который будет обсуждаться в рамках визита Путина в Казахстан.

В частности, лидеры обсудят перспективы увеличения транзита российской нефти через Казахстан.",26660,22,,tass_agency
377639,2026-05-26T14:01:19+00:00,"▶ Визит Путина в Казахстан будет государственным вопреки протокольной традиции и подчеркнет высокий уровень отношений, сообщил Ушаков.

✔ [Подпишись на ТАСС в ""Максе""](https://max.ru/tass_agency)",27950,25,,tass_agency
377638,2026-05-26T14:00:34+00:00,"❗Путин совершит госвизит в Казахстан и примет участие в мероприятиях ЕАЭС 28-29 мая, сообщил Ушаков.

Токаев лично встретит президента РФ, прибывающего в Астану вечером 27 мая.

✔ [Подпишись на ТАСС в ""Максе""](https://max.ru/tass_agency)",28816,56,,tass_agency
377637,2026-05-26T13:53:01+00:00,"В информационном пространстве Запада ""поставили с ног на голову"" трагедию в Старобельске, заявила Мария Захарова.

Запад извратил трагедию в ЛНР, чтобы представить ответные удары РФ по центрам принятия решений на Украине как агрессивно-наступательные.",30320,44,,tass_agency
377636,2026-05-26T13:47:00+00:00,"▶️ Хинштейн находится в прямом контакте с врио губернаторов Белгородской и Брянской областей. Шуваев и Ковальчук глубоко погружаются в проблематику и задачи своих регионов, рассказал ТАСС Хинштейн в кулуарах ""Мастерской новых медиа"".

Видео: ""Мастерская новых медиа""/ТАСС

✔ [Подпишись на ТАСС в ""Максе""](https://max.ru/tass_agency)",31568,22,,tass_agency
377635,2026-05-26T13:34:34+00:00,"**Греческий остров продается дешевле элитной новостройки в Москве.** Остров Макри в Ионическом море выставлен на аукцион **за €247 тыс.**, пишет журнал TimeOut.

По текущему курсу валют, €247 тыс. — 21,1 млн руб. На первичном рынке элитного жилья столицы сейчас нет квартир дешевле 37,4 млн руб.",33188,505,,tass_agency
377634,2026-05-26T13:21:01+00:00,"👔**Зеленскому стоит бояться духа своего деда-фронтовика** после идеи перезахоронения останков украинских националистов Мельника и Коновальца в Киеве, заявил Медведев:

""Что должно было случиться с хилыми мозгами руководителей так называемой Украины, деды которых защищали нашу тогда общую страну от фашистов и всей душой ненавидели бандеровцев, чтобы склонять колени в ходе перезахоронения нацистских ублюдков"".

✔ [Подпишись на ТАСС в ""Максе""](https://max.ru/tass_agency)",36184,150,,tass_agency
377633,2026-05-26T13:10:01+00:00,"ЕС впервые перевел €1,5 млрд из фонда регионального развития ЕС на военные нужды Прибалтики из-за вторжения украинских дронов, сообщила фон дер Ляйен.",34785,131,,tass_agency
377632,2026-05-26T12:50:32+00:00,"👔**В Прибалтику вторгаются украинские дроны, но ЕС все равно осуждает РФ**, заявил лидер французской партии ""Патриоты"" Филиппо:

""В то время как украинские беспилотники уже несколько недель атакуют балтийские страны, Урсула фон дер Ляйен поехала в одну из них, Литву, чтобы ""осудить Россию""!""

✔ [Подпишись на ТАСС в ""Максе""](https://max.ru/tass_agency)",34335,83,,tass_agency
377631,2026-05-26T12:39:01+00:00,"Договоренностей о визите представителей США в Россию пока нет, сообщил Рябков.

РФ не отказывается от диалога с США, контакты на высоких уровнях зависят от американской стороны.

✔ [Подпишись на ТАСС в ""Максе""](https://max.ru/tass_agency)",33232,44,,tass_agency
377630,2026-05-26T12:36:56+00:00,"РФ донесла до США необходимость эвакуации дипломатов из Киева, сообщил Рябков.

Он отметил, что Лавров разъяснил Рубио, что именно привело РФ к решению наносить удары по Киеву.",35744,105,,tass_agency
377629,2026-05-26T12:32:19+00:00,"❗️Британские власти ввели санкции против Евразийского сберегательного банка, российской компании в сфере недвижимости Diamant Estate и компаний из Сальвадора и Грузии в рамках антироссийских рестрикций.

✔ [Подпишись на ТАСС в ""Максе""](https://max.ru/tass_agency)",30644,23,,tass_agency
377628,2026-05-26T12:25:52+00:00,"Россия имеет свои наработки по вакцине от нового штамма Эболы, сообщил Михаил Мурашко.

Благодаря таким вакцинным заготовкам можно доработать любой препарат для профилактики определенных заболеваний.",30657,24,,tass_agency
377627,2026-05-26T12:18:01+00:00,"▶️ Проводимые в Европе военные учения ""без всякого камуфляжа"" направлены против России и Белоруссии, заявил Сергей Шойгу по итогам заседания Комитета секретарей советов безопасности ОДКБ.

Видео: ТАСС/Ruptly

✔ [Подпишись на ТАСС в ""Максе""](https://max.ru/tass_agency)",29999,81,,tass_agency
377626,2026-05-26T12:15:51+00:00,"❕Великобритания расширила антироссийский санкционный список на 18 позиций, сообщает правительство.",29297,32,,tass_agency
377625,2026-05-26T12:12:38+00:00,"⚖️ Мосгорсуд утвердил решение о признании экстремистским объединением бизнесмена Александра Галицкого и корпорации ""Алмаз кэпитал партнерс"", передает корреспондент ТАСС.

Также утверждено решение об обращении в доход государства имущества Галицкого на 8 млрд рублей.

✔ [Подпишись на ТАСС в ""Максе""](https://max.ru/tass_agency)",32181,72,,tass_agency
377624,2026-05-26T12:08:01+00:00,"**Зеленый чай, орехи и ягоды помогут ребенку лучше сдать ЕГЭ.** В них содержатся питательные вещества, полезные для когнитивных функций, рассказали ТАСС в НГПУ.

В период подготовки к экзамену нужно сбалансировать рацион — отказаться от фастфуда и не переедать. Перед ЕГЭ не рекомендовано употреблять сладости, черный чай и кофе.

✔ [Подпишись на ТАСС в ""Максе""](https://max.ru/tass_agency)",31872,218,,tass_agency
377623,2026-05-26T11:57:01+00:00,"Обыски прошли в УГГУ в Екатеринбурге из-за организации схемы по закрытию задолженностей студентов за вознаграждение, сообщили ТАСС в правоохранительных органах.

В ней могли участвовать более 150 студентов, им грозит отчисление из вуза либо отзыв дипломов об образовании с обязательным информированием работодателя. Отмечается, что университет работает в штатном режиме.

✔ [Подпишись на ТАСС в ""Максе""](https://max.ru/tass_agency)",32963,106,,tass_agency
377622,2026-05-26T11:48:01+00:00,"Страны НАТО отрабатывают сценарии нанесения ударов по Союзному государству, заявил Шойгу.

Он добавил, что альянс проводит одновременно семь военных учений, не скрывая агрессивных планов в отношении России и Белоруссии.",33603,149,,tass_agency
377621,2026-05-26T11:41:49+00:00,"📃 ГД приняла во втором чтении законопроект о запрете на депортацию иностранцев, воевавших в составе ВС РФ.

✔ [Подпишись на ТАСС в ""Максе""](https://max.ru/tass_agency)",32756,55,,tass_agency
377620,2026-05-26T11:33:40+00:00,"Внесение педагогов из старобельского колледжа в базу ""Миротворца"" еще раз доказывает не случайности удара ВСУ по детям, сообщила ТАСС Лантратова.",34031,67,,tass_agency
377619,2026-05-26T11:26:01+00:00,"""Вкусвилл"" провел расследование после появления в интернете фото, на котором показано **мороженое с болтом внутри**, сообщили ТАСС в пресс-службе сети.

Там уточнили, что более полугода этого мороженого нет в продаже, а покупатель не обращался на горячую линию. Ранее Telegram-канал ""Shot проверка"" сообщил о том, что москвич обнаружил в пломбире ""Вкусвилла"" болт. Мужчина все-таки съел мороженое, а болт выкинул.

✔ [Подпишись на ТАСС в ""Максе""](https://max.ru/tass_agency)",34045,71,,tass_agency
377618,2026-05-26T11:19:01+00:00,"Суд Казани арестовал мужчину, обвиняемого в покушении на убийство малолетнего, сообщили в суде.

По данным следствия, он напал на 13-летнего подростка и начал его душить. Затем обвиняемый повалил мальчика в кусты и трижды ударил по голове.",33015,13,,tass_agency
377617,2026-05-26T11:11:30+00:00,"Роскомнадзор опроверг публикации о сборе IP-адресов пользователей операторов связи, такие данные не передаются.

Там подчеркнули, что операторы связи предоставляют данные об IP-адресах назначенного пользователям оборудования. Данные о самих пользователях в ведомство не поступают.

✔ [Подпишись на ТАСС в ""Максе""](https://max.ru/tass_agency)",53980,296,,tass_agency
377616,2026-05-26T11:09:01+00:00,"📃 ГД приняла закон об аресте имущества граждан, совершивших правонарушения против России за рубежом.

Правила распространяются на статьи о злоупотреблении свободой массовой информации, возбуждении ненависти либо вражды, дискредитации ВС РФ и призывах к действиям, направленным на нарушение территориальной целостности России.

✔ [Подпишись на ТАСС в ""Максе""](https://max.ru/tass_agency)",75503,195,,tass_agency
377615,2026-05-26T11:04:01+00:00,"ЕС не будет эвакуировать дипломатов из Киева, несмотря на предупреждение МИД РФ, заявила представитель ЕК Анита Хиппер.",32986,130,,tass_agency
377614,2026-05-26T10:59:00+00:00,"▶️ Мария Захарова назвала позором отказ японских журналистов посетить место теракта в ЛНР.

Если совесть у журналистов из Японии есть, то РФ найдет возможность для них провести отдельное ознакомление, отметила дипломат.

Видео: ТАСС/Ruptly

✔ [Подпишись на ТАСС в ""Максе""](https://max.ru/tass_agency)",31705,82,,tass_agency
377613,2026-05-26T10:54:00+00:00,"☀️ Выброс плазмы, которым сопровождалась вспышка на обратной стороне Солнца, достиг Земли. В окрестностях планеты наблюдается радиационный шторм, сообщили в лаборатории солнечной астрономии ИКИ РАН и ИСЗФ СО РАН.

Видео: Официальный Telegram-канал лаборатории солнечной астрономии ИКИ РАН

✔ [Подпишись на ТАСС в ""Максе""](https://max.ru/tass_agency)",30999,175,,tass_agency
377612,2026-05-26T10:47:10+00:00,"❕Митрополит Иларион, задержанный ранее в Чехии, выходит на свободу, говорится в Telegram-канале митрополита.

✔ [Подпишись на ТАСС в ""Максе""](https://max.ru/tass_agency)",30110,55,,tass_agency
377611,2026-05-26T10:41:01+00:00,"**Илон Маск должен понимать, что его спутники используют для убийства детей,** заявил Володин, комментируя теракт в Старобельске.

Он добавил, что респектабельный образ Маска не вяжется с тем, что происходит на самом деле.",30985,103,,tass_agency
377610,2026-05-26T10:33:00+00:00,"▶️ Теракт в Старобельске вызвал гнев не только в РФ, но и по всему миру, заявила Мария Захарова. 

Видео: ТАСС/Ruptly

✔ [Подпишись на ТАСС в ""Максе""](https://max.ru/tass_agency)",36712,81,,tass_agency
377609,2026-05-26T10:29:01+00:00,"▶️ Кадры установления контроля над населенными пунктами Рясное и Запселье в Сумской области.

Видео: Минобороны России/ТАСС

✔ [Подпишись на ТАСС в ""Максе""](https://max.ru/tass_agency)",28995,31,,tass_agency
377608,2026-05-26T10:26:15+00:00,"🗣 **Главное из заявлений Дмитрия Пескова:**

▪Кремль пока не располагает информацией о реакции США на предупреждение РФ о намерении наносить последовательные удары по ВПК в Киеве;

▪Киевский режим демонстрирует свою ""коричневую окраску"", заявил Песков о переносе останков нациста Мельника в Киев;

▪Фактически в центре Европы происходит официальное прославление нацистских приспешников;

▪Прославление нацистов Киевом лишний раз подчеркивает обоснованность решения о начале СВО.

Видео: Пресс-служба Кремля/ТАСС

✔ [Подпишись на ТАСС в ""Максе""](https://max.ru/tass_agency)",30748,83,,tass_agency
377607,2026-05-26T10:17:33+00:00,"Госвизит Путина в Казахстан состоится завтра, сообщил Песков.

✔ [Подпишись на ТАСС в ""Максе""](https://max.ru/tass_agency)",28548,75,,tass_agency
377606,2026-05-26T10:15:40+00:00,"Шохин станет новым бизнес-омбудсменом, сохранив также должность президента РСПП, заявил Песков.",36972,75,,tass_agency
377603,2026-05-26T10:12:41+00:00,"📹 По меньшей мере шесть человек пострадали из-за частичного обрушения эстакады в Сеуле во время работ по ее демонтажу, сообщило агентство Yonhap. 

Видео: The Korea Herald/Х, фото: Игорь Иванов/ТАСС 

✔️ [Подпишись на ТАСС / Мир в ""Максе""](https://max.ru/mir_tass)",26400,50,,tass_agency
377602,2026-05-26T10:04:00+00:00,"**Путин провел рабочую встречу с главой РСПП Шохиным. Главное:**

▪РСПП предлагает учредить автономную некоммерческую организацию вместо уполномоченного по правам предпринимателей. Путин поддержал эту реформу;

▪Принцип срока давности не должен применяться к преступлениям против человечности, в остальных случаях он необходим, указал Путин;

▪РСПП предлагает использовать залог как обеспечительную меру, вопрос прорабатывается с кабмином и правоохранительными органами, заявил Шохин;

▪Он отметил, что залог в качестве обеспечительной меры может быть привязан к сумме ущерба;

▪РСПП предлагает для обороны от атак на промобъекты использовать системы РЭБ и лазерные установки, рассказал Шохин;

▪РСПП просит не перебрасывать на другие участки резервистов, которые привлечены для обороны промобъектов от террористических атак.

Видео: ТАСС/Kremlin. ru

✔ [Подпишись на ТАСС в ""Максе""](https://max.ru/tass_agency)",32393,76,,tass_agency
377601,2026-05-26T09:58:44+00:00,"❕Украинские БПЛА пытались поразить элементы пограничной инфраструктуры Белоруссии, сообщает госсекретарь СБ республики.",29446,218,,tass_agency
377600,2026-05-26T09:57:01+00:00,"Процедура выхода Молдавии из СНГ запущена, но Кишинев хочет сохранить экономический аспект сотрудничества, заявил Лебедев.",30102,66,,tass_agency
377599,2026-05-26T09:54:15+00:00,"Реакция Запада на удар по Старобельску удивляет, фактически ни одна европейская страна не отреагировала на трагедию, заявил Шойгу.

✔ [Подпишись на ТАСС в ""Максе""](https://max.ru/tass_agency)",30995,62,,tass_agency
377598,2026-05-26T09:52:20+00:00,"Удар по колледжу в Старобельске не является случайностью, это спланированная террористическая атака с прицельным наведением, сообщил Шойгу.",31196,61,,tass_agency
377597,2026-05-26T09:49:00+00:00,"▶️ Принцип срока давности не должен применяться к преступлениям против человечности, в остальных случаях он необходим, заявил Путин на встрече с главой РСПП Шохиным.

Видео: Kremlin. ru

✔ [Подпишись на ТАСС в ""Максе""](https://max.ru/tass_agency)",31713,65,,tass_agency
377596,2026-05-26T09:43:10+00:00,"**Главное из нового брифинга Минобороны РФ:**

▪️ВС РФ нанесли поражение местам производства, хранения и запуска беспилотников ВСУ самолетного типа;

▪️Силы Черноморского флота уничтожили два безэкипажных катера ВСУ за сутки;

▪️Средства ПВО РФ за сутки сбили 3 авиационные ракеты большой дальности SCALP и 255 беспилотников ВСУ самолетного типа;

▪️ВСУ потеряли за сутки в зоне ответственности всех группировок войск около 1 075 военнослужащих.

✔ [Подпишись на ТАСС в ""Максе""](https://max.ru/tass_agency)",57450,50,,tass_agency
377595,2026-05-26T09:38:48+00:00,"⚡️ВС РФ установили контроль над Рясным и Запсельем в Сумской области, сообщает МО РФ.",31894,89,,tass_agency
377594,2026-05-26T09:34:01+00:00,"ЕС молчит об ударе по колледжу в Старобельске, так как он нанесен его оружием, написал в Il Fatto quotidiano директор газеты Марко Травальо.

Он также отметил, что Киев больше не знает, как рекрутировать людей, чтобы остановить наступление ВС РФ, поэтому атакует гражданские цели в России.

✔ [Подпишись на ТАСС в ""Максе""](https://max.ru/tass_agency)",32812,79,,tass_agency
377593,2026-05-26T09:26:02+00:00,"▶️ 18-летний сын признался в убийстве отца в Липецкой области. 42-летнего мужчину застрелили из самодельно переделанного оружия, сообщили в пресс-службе СК России.

Видео: Официальный канал СК России в ""Максе""/ТАСС

✔ [Подпишись на ТАСС в ""Максе""](https://max.ru/tass_agency)",32504,59,,tass_agency
377592,2026-05-26T09:21:58+00:00,"❕Генерал-майор полиции Алексей Макаров стал новым заместителем министра внутренних дел России, сообщает МВД.

Видео: Официальный Telegram-канал представителя МВД России Ирины Волк/ТАСС

✔ [Подпишись на ТАСС в ""Максе""](https://max.ru/tass_agency)",31610,50,,tass_agency
377591,2026-05-26T09:18:49+00:00,"Временному поверенному в делах Чехии заявлен решительный протест в связи с задержанием митрополита Илариона, сообщает МИД РФ.

Россия настоятельно требует безусловного и незамедлительного освобождения митрополита Илариона и прекращения гонений на представителей РПЦ в Чехии.",31448,40,,tass_agency
377590,2026-05-26T09:09:33+00:00,"**Главные новости к этому часу:**

▪️Превращение Украины в полигон для испытаний и цифровые лаборатории. Заявления Бортникова — в [материале](https://tass.ru/politika/27529579) ТАСС.

▪️Ситуация в сфере международной безопасности стремительно деградирует, заявил Шойгу. [Главное](https://tass.ru/politika/27530477) из заявлений секретаря Совета безопасности.

▪️Временный поверенный в делах Чехии [посетил](https://tass.ru/politika/27530807) МИД РФ на фоне задержания митрополита Илариона в Карловых Варах.

▪️В Красноярске после заражения 35 кадетов у работника пищеблока [выявили](https://tass.ru/obschestvo/27530073) норовирус.

▪️ Нетаньяху [госпитализировали](https://tass.ru/obschestvo/27530409) в Иерусалиме, сообщает The Times of Israel.

▪️Под Тулой после разбойного нападения [погибли](https://tass.ru/proisshestviya/27530171) женщина и ребенок.

▪️Глеб Калюжный [вернулся](https://tass.ru/kultura/27530983) из армии.

▪️В МВД [предупредили](https://tass.ru/obschestvo/27528721) о заражающем вирусами гаджет ""бесплатном VPN"".


✔ [Подпишись на ТАСС в ""Максе""](https://max.ru/tass_agency)",34221,20,,tass_agency
377589,2026-05-26T08:54:43+00:00,"⚖️ Суд в Москве признал законным решение взыскать 5,5 млрд рублей убытков с Чубайса по иску ""Роснано"", говорится в решении.

✔ [Подпишись на ТАСС в ""Максе""](https://max.ru/tass_agency)",33430,143,,tass_agency
377588,2026-05-26T08:48:01+00:00,"На Солнце 26-27 мая возможны вспышки высшего класса X, рассказали ТАСС в Институте прикладной геофизики.

Они могут сопровождаться выбросами солнечной плазмы, облака которой провоцируют магнитные бури.",35714,158,,tass_agency
377587,2026-05-26T08:41:01+00:00,"Глеб Калюжный завершил срочную службу в армии и вернулся домой, сообщил ТАСС его директор.

Он отметил, что актер ""вышел из армии достойно, с улыбкой на лице"".",37305,122,,tass_agency
377586,2026-05-26T08:34:01+00:00,"**ЕС нацелен на смещение Вучича**, сообщил посол РФ в Белграде Боцан-Харченко в эфире ""Вестей"".

Он отметил, что по мере приближения выборов в Сербии будет ожидаться ""дальнейшая активизация протестного движения"", целью которого станет дестабилизация обстановки в стране.

✔ [Подпишись на ТАСС в ""Максе""](https://max.ru/tass_agency)",34350,75,,tass_agency
377585,2026-05-26T08:29:00+00:00,"▶️ Мишустин провел встречу с главой Федерального фонда обязательного медицинского страхования Баланиным.

Премьер-министр поручил внимательно следить за тем, как в регионах выполняется президентский указ о повышении зарплат медицинским работникам.

Видео: ТАСС/Ruptly

✔ [Подпишись на ТАСС в ""Максе""](https://max.ru/tass_agency)",33005,33,,tass_agency
377584,2026-05-26T08:19:01+00:00,"👔Экс-глава МИД Украины Кулеба посоветовал покинуть Киев тем, у кого ""не выдерживают нервы"":

""Будет громко. Если у кого-то нервы уже не выдерживают, если ""кукуха"" уже не вытягивает, тогда вам надо взять паузу от жизни в Киеве"".",32510,105,,tass_agency
377583,2026-05-26T08:16:48+00:00,"▶️ Временный поверенный в делах Чехии покинул здание МИД РФ, передает корреспондент ТАСС.

Видео: Карина Горшкова/ТАСС

✔ [Подпишись на ТАСС в ""Максе""](https://max.ru/tass_agency)",32613,36,,tass_agency
377582,2026-05-26T08:11:00+00:00,"▶️ Новую радиолокационную станцию ""Гармонь-МЕ"" показали на I Международном форуме по безопасности, передает корреспондент ТАСС.

Видео: Алексей Жуков/ТАСС

✔️ [Подпишись на ТАСС в ""Максе""](https://max.ru/tass_agency)",32064,60,,tass_agency
377581,2026-05-26T08:06:53+00:00,"▶ Временный поверенный в делах Чехии прибыл в МИД РФ на фоне задержания митрополита Илариона, передает корреспондент ТАСС.

Видео: Карина Горшкова/ТАСС

✔ [Подпишись на ТАСС в ""Максе""](https://max.ru/tass_agency)",32790,51,,tass_agency
377580,2026-05-26T07:58:01+00:00,"🚨 Разбойное нападение совершено на один из домов в поселке Ханино Тульской области, погибли женщина и ребенок, сообщили ТАСС в СК.

Подозреваемые в убийстве — 35-летний мужчина и его сожительница — задержаны. По версии следствия, мужчина решил ограбить один из домов и избил деревянным бруском женщин и девочек, вместе со своей сожительницей похитил из дома ювелирные украшения и скрылся.",32748,60,,tass_agency
377579,2026-05-26T07:52:01+00:00,"Нетаньяху госпитализирован в медцентр Иерусалима для прохождения ""неопределенного стоматологического лечения"", сообщает The Times of Israel.

Уточняется, что канцелярия премьера опубликовала подтверждающее заявление после сообщений израильских СМИ о его госпитализации.",35622,114,,tass_agency
377578,2026-05-26T07:44:01+00:00,"Ситуация в сфере международной безопасности стремительно деградирует. Особенно напряженная обстановка складывается у западных рубежей ОДКБ, заявил Шойгу.",34078,95,,tass_agency
377577,2026-05-26T07:36:01+00:00,"▶️ Студентка из Старобельска перед гибелью успела отправить несколько видео родным.

Видео: Telegram-канал телеканала ""Луганск 24""

✔️ [Подпишись на ТАСС в ""Максе""](https://max.ru/tass_agency)",39599,181,,tass_agency
377576,2026-05-26T07:26:34+00:00,"**Ситуация в мире заметно осложнилась**, новые очаги нестабильности появились в том числе вблизи границ стран СНГ. Об этом говорится в обращении Путина к участникам 58-го заседания Совета руководителей органов безопасности и спецслужб стран СНГ.",36148,127,,tass_agency
377575,2026-05-26T07:21:13+00:00,"Норовирус обнаружен у сотрудника пищеблока после заражения 35 кадетов в Красноярске, сообщает Роспотребнадзор. Уточняется, что отравившиеся кадеты выздоровели.",34898,47,,tass_agency
377574,2026-05-26T07:17:01+00:00,"▶️ ""Калашников"" показал дрон ""Фортис"", а также комплексы с БПЛА ""Скат"" и барражирующие боеприпасы ""Куб"" на I Международном форуме по безопасности, передает корреспондент ТАСС.

Видео: Алексей Жуков/Алексей Павливкер/ТАСС

✔️ [Подпишись на ТАСС в ""Максе""](https://max.ru/tass_agency)",42837,113,,tass_agency
377573,2026-05-26T07:06:03+00:00,"18-летний сын погибшего и его друг задержаны по подозрению в убийстве мужчины в Липецкой области, сообщили ТАСС в пресс-службе региональной прокуратуры.",42336,26,,tass_agency
377572,2026-05-26T06:47:58+00:00,"▶️ Новейший комплекс ""Цитадель"" был представлен впервые на I Международном форуме по безопасности в Подмосковье, передает корреспондент ТАСС.

Видео: Алексей Павливкер/ТАСС",41173,153,,tass_agency
377571,2026-05-26T06:44:01+00:00,"▶️ Эскалация конфликта вокруг Ирана грозит дестабилизацией всего исламского мира, что отразится на безопасности стран СНГ, предупредил Бортников.

Видео: ЦОС ФСБ России/ТАСС

✔️ [Подпишись на ТАСС в ""Максе""](https://max.ru/tass_agency)",59046,93,,tass_agency
377570,2026-05-26T06:34:06+00:00,"❗️Запад создает сеть закрытых биолабораторий по всему миру, заявили в СБ РФ.

✔️ [Подпишись на ТАСС в ""Максе""](https://max.ru/tass_agency)",36451,119,,tass_agency
377569,2026-05-26T06:25:11+00:00,"❗️Ряд стран Запада передает террористам современное оружие и снабжает их разведывательной информацией, сообщает СБ РФ.",37926,87,,tass_agency
377568,2026-05-26T06:24:49+00:00,"▶️ Бортников о попытке Киева ввезти более 500 взрывных устройств в РФ для терактов.

Видео: ЦОС ФСБ России/ТАСС",44932,103,,tass_agency
377567,2026-05-26T06:12:08+00:00,"**Главное из заявлений главы ФСБ Бортникова:**

▪️В начале года пресечена попытка ввоза Киевом более 500 взрывных устройств в РФ для терактов;

▪️Украина стала крупнейшим в Европе центром контрабанды оружия;

▪️Под лживые обещания приема Украины в ЕС ее превратили в полигон для отработки новых форм войны;

▪️Спецслужбы Британии наращивают активность подконтрольных НКО в СНГ;

▪️НАТО продолжает программу создания биологического оружия, в том числе в биолабораториях в странах СНГ;

▪️Развитие технологий ИИ повышает риски актов биотерроризма;

▪️Внедрение Западом цифровых лабораторий в СНГ позволит манипулировать населением;

▪️Пояс производства синтетических наркотиков с возможным будущим транзитом в Россию и страны Запада формируется в азиатских странах;

▪️Глава ФСБ заявил об угрозе вовлечения выходцев из СНГ в ""прокси-силы"" против Ирана;

▪️Бортников назвал тревожным сигналом убийство руководства Ирана с помощью видеосистем в Тегеране;

▪️Он призвал коллег по СНГ к совместной работе на фоне рисков биотерроризма.

✔️ [Подпишись на ТАСС в ""Максе""](https://max.ru/tass_agency)",46319,245,,tass_agency
377566,2026-05-26T06:01:46+00:00,"❗️НАТО продолжает программу создания биологического оружия, в том числе в биолабораториях в странах СНГ, сообщает глава ФСБ.",34163,140,,tass_agency
377565,2026-05-26T06:00:55+00:00,"❗️Великобритания наращивает активность НКО, связанных с британскими спецслужбами, для взращивания в странах СНГ нового поколения, ориентированного на ущерб интересам и безопасности стран Содружества, заявил Бортников на заседании СОРБ государств-участников СНГ.",35927,98,,tass_agency
377564,2026-05-26T05:58:59+00:00,"❕Украина стала крупнейшим в Европе центром контрабанды оружия, отмечает глава ФСБ.

Под лживые обещания приема Украины в ЕС ее превратили в полигон для отработки новых форм войны.

✔️ [Подпишись на ТАСС в ""Максе""](https://max.ru/tass_agency)",36676,79,,tass_agency
377563,2026-05-26T05:57:52+00:00,"❗️В начале года пресечена попытка ввоза Киевом более 500 взрывных устройств в РФ для терактов, сообщает глава ФСБ.",36390,79,,tass_agency
377562,2026-05-26T05:40:06+00:00,"**В МВД предупредили о ""бесплатном VPN"", который заражает вирусами гаджет.** Мошенники под его видом распространяют банковский троян и загрузчик вредоносного ПО, после установки которого они получают доступ к банковским приложениям, сообщили в ведомстве.

Приложение может получать доступ к СМС, push-уведомлениям, данным банковских приложений и загружать на устройство другие вредоносные модули.",39263,336,,tass_agency
377561,2026-05-26T05:00:56+00:00,"**Главные новости к этому часу:**

▪️Лавров по поручению Путина [проинформировал](https://tass.ru/politika/27526093) Рубио о шагах ВС РФ в Киеве.
 
▪️Госсекретарь США [после разговора](https://tass.ru/mezhdunarodnaya-panorama/27528317) с Лавровым проинформировал Трампа о шагах России.
 
▪️Полянский [назвал](https://tass.ru/politika/27526865) провокацией и лицемерием ответ ОБСЕ на теракт в Старобельске.
 
▪️США [ударили](https://tass.ru/mezhdunarodnaya-panorama/27527279) по ракетным стартовым площадкам и катерам на юге Ирана, сообщила журналистка Fox News Дженнифер Гриффин.
 
▪️За неделю от ударов ВСУ [погибли](https://tass.ru/armiya-i-opk/27528301) более 50 жителей России, сообщил Мирошник.
 
▪️Пезешкиан распорядился [восстановить](https://tass.ru/mezhdunarodnaya-panorama/27526507) в Иране доступ к интернету, сообщило Tasnim.
 
▪️В парламенте Болгарии [идут дискуссии](https://tass.ru/mezhdunarodnaya-panorama/27527149) о снятии санкций с России, заявил ТАСС Ангел Георгиев.

✔️ [Подпишись на ТАСС в ""Максе""](https://max.ru/tass_agency)",38764,33,,tass_agency
377560,2026-05-26T04:27:57+00:00,"Володин поздравил выпускников с последним звонком:

""Дорогие выпускники! Сегодня для вас звучит последний звонок. Впереди большая жизнь. Время выбора, принятия решений и возможностей. Мечтайте! Ставьте перед собой высокие цели и идите к ним! Все получится! Удачи вам!""",35475,37,,tass_agency
377559,2026-05-26T04:22:01+00:00,"ВСУ перебросили к Рясному Сумской области идейных националистов из 225-го отдельного штурмового полка, причастных к многочисленным военным преступлениям. Об этом ТАСС сообщили в российских силовых структурах.

В январе силовики сообщали ТАСС, что националисты похищают военных из смежных подразделений и держат в подвалах.

✔️ [Подпишись на ТАСС в ""Максе""](https://max.ru/tass_agency)",35376,37,,tass_agency
377558,2026-05-26T04:15:10+00:00,"КНДР запустила неопознанный снаряд в сторону Желтого моря, сообщило Yonhap со ссылкой на ВС Республики Корея.",40147,46,,tass_agency
377557,2026-05-26T04:13:44+00:00,"Над регионами России за ночь сбили 59 украинских БПЛА, сообщили в Минобороны.",35760,31,,tass_agency
377556,2026-05-26T04:13:01+00:00,"Удар ВСУ по колледжу в Старобельске на минувшей неделе стал самой кровавой трагедией в РФ, заявил ТАСС Родион Мирошник.

✔️ [Подпишись на ТАСС в ""Максе""](https://max.ru/tass_agency)",36984,25,,tass_agency
377555,2026-05-26T04:10:01+00:00,"ВСУ на неделе до 150 раз в сутки атаковали Белгородскую область, сообщил ТАСС Родион Мирошник.",35809,37,,tass_agency
377554,2026-05-26T04:07:06+00:00,"За неделю от ударов ВСУ погибли более 50 жителей России, почти 200 человек получили ранения, сообщил ТАСС Родион Мирошник.",37765,114,,tass_agency
377553,2026-05-26T04:04:01+00:00,"❗️Рубио заявил, что после разговора с Лавровым проинформировал Трампа о шагах РФ.

✔️ [Подпишись на ТАСС в ""Максе""](https://max.ru/tass_agency)",37069,65,,tass_agency
377552,2026-05-26T03:44:56+00:00,"🚨 В Омской области в результате пожара погибли шесть человек, включая четырех детей, сообщили в СУ СК РФ.",34908,23,,tass_agency
377551,2026-05-26T03:32:01+00:00,"Прибывшие с визитом в РФ представители Минэкономики и МИД Японии обсудят поддержку работающих в России компаний, заявил японский министр экономики Рёсэй Акадзава.",37012,83,,tass_agency
377550,2026-05-26T03:27:01+00:00,"Никарагуа выразила соболезнования президенту РФ в связи с гибелью людей в результате террористической атаки ВСУ на колледж в Старобельске.

✔️ [Подпишись на ТАСС в ""Максе""](https://max.ru/tass_agency)",37370,48,,tass_agency
377549,2026-05-26T03:17:01+00:00,"Концерн ""Калашников"" впервые продемонстрирует дрон собственной разработки, который может нести на себе FPV-дроны. Об этом сообщили ТАСС в концерне.

""Фортис"" обладает устойчивой связью на удалении до 100 км и может доставлять грузы массой до 18 кг. Он в состоянии находиться в воздухе до восьми часов.",37591,107,,tass_agency
377548,2026-05-26T03:10:10+00:00,"Рубио заявил, что США продолжат содействовать урегулированию на Украине, сообщило AFP.",43594,43,,tass_agency
377547,2026-05-26T02:58:01+00:00,"⚖️ Суд признал объявление ""Яндекс Маркета"" о вакансии кладовщика мужчины дискриминацией по половому признаку. Об этом говорится в имеющихся в распоряжении ТАСС документах.

✔️ [Подпишись на ТАСС в ""Максе""](https://max.ru/tass_agency)",35584,68,,tass_agency
377546,2026-05-26T02:46:01+00:00,"▶️ Солдаты ВСУ в Добропасове ложно сдавались в плен и открывали огонь по ВС РФ, рассказал штурмовик с позывным Талант.

Видео: Минобороны России/ТАСС",39994,106,,tass_agency
377545,2026-05-26T02:33:42+00:00,"Единственная группа, подверженная риску заражения Эболой, — только те россияне, которые недавно были в Африке. Об этом ТАСС рассказал вирусолог Анатолий Альтштейн.",34213,32,,tass_agency
377544,2026-05-26T01:26:01+00:00,"▶️ Командование ВСУ забирало лишь части тел солдат, погибших в Серебрянском лесничестве, рассказал ТАСС украинский пленный.

Видео: Дарья Цыганкова/ТАСС

✔️ [Подпишись на ТАСС в ""Максе""](https://max.ru/tass_agency)",36996,51,,tass_agency
377543,2026-05-26T01:20:04+00:00,"Роскомнадзор **оштрафовал 85 сотовых операторов** за непредоставление сведений об IP-адресах своих абонентов. Об этом ""Известиям"" сообщили в ведомстве.",34690,101,,tass_agency
377542,2026-05-26T01:15:01+00:00,"На Украине запустили антикризисную кампанию на фоне заявлений МИД РФ о предстоящих ударах по военным объектам в Киеве, заявил ТАСС Мирошник:

""Западные технологи в Киеве, отойдя от первого шока, в который их погрузили удары ""Орешником"", ""Искандерами"" и ""Кинжалами"", включили антикризисный пиар, дабы не только население, но — самое главное — западные спонсоры не утонули в депрессии"".",35817,64,,tass_agency
377541,2026-05-26T01:10:01+00:00,"Урсула фон дер Ляйен замешана в коррупции в Болгарии, заявил в интервью ТАСС депутат болгарского парламента Ангел Георгиев:

""У Урсулы фон дер Ляйен была кампания с [экс-премьером Бойко] Борисовым. Все болгары знают, что он коррумпирован. И все равно она его использовала, потому что получила много голосов благодаря ему. Ей все равно, что он коррумпирован. Ей совершенно все равно"".

✔️ [Подпишись на ТАСС в ""Максе""](https://max.ru/tass_agency)",34058,72,,tass_agency
377540,2026-05-26T01:05:01+00:00,"▶️ Два подъезда поврежденного ВСУ дома в Рязани подлежат разбору, сообщил ТАСС губернатор Павел Малков.

Видео: ТАСС",32263,24,,tass_agency
377539,2026-05-26T00:55:09+00:00,"Риск эпидемии Эболы в РФ пока отсутствует, все необходимые меры принимаются, заявил ТАСС вирусолог Анатолий Альтштейн.

СМИ нужно быть аккуратнее в подаче информации по этой теме, чтобы не вызывать в обществе неоправданную тревогу, отметил он.",32267,25,,tass_agency
377538,2026-05-26T00:44:01+00:00,"Леонид Слуцкий попросил Институт русского языка РАН разъяснить значение слова ""шринкфляция"". Письмо есть в распоряжении ТАСС.

Как отмечается в письме, термин активно используется, однако его употребление носит ""вариативный и часто несистемный характер"". 

✔️ [Подпишись на ТАСС в ""Максе""](https://max.ru/tass_agency)",32560,65,,tass_agency
377537,2026-05-26T00:31:01+00:00,"ВСУ практически выбиты из Воздвижевки на Запорожье, сообщили ТАСС в российских силовых структурах.",31081,26,,tass_agency
377536,2026-05-26T00:19:01+00:00,Последние звонки в школах Донбасса и Новороссии пройдут с соблюдением особых мер безопасности на фоне удара по колледжу в Старобельске. Об этом сообщили ТАСС представители региональных властей.,33175,18,,tass_agency
377535,2026-05-26T00:10:01+00:00,"Зеленский постепенно начинает собирать вокруг себя нелегитимных ""правителей"", являющихся марионетками Запада. Об этом заявил ТАСС Родион Мирошник, комментируя приезд Тихановской на Украину.

✔️ [Подпишись на ТАСС в ""Максе""](https://max.ru/tass_agency)",34128,19,,tass_agency
377534,2026-05-26T00:05:01+00:00,"▶️ Двое пострадавших в результате атаки ВСУ на Рязань 15 мая остаются в больнице, сообщил ТАСС губернатор Павел Малков.

Видео: ТАСС",31106,5,,tass_agency
377533,2026-05-25T23:53:01+00:00,"Мошенники создают туристические чаты в Telegram, где продают несуществующие экскурсии и исчезают. Об этом ТАСС сообщил эксперт ""Народного фронта. Аналитика"" Галактион Кучава.",32262,64,,tass_agency
377532,2026-05-25T23:42:01+00:00,"Участники ЕГЭ могут выходить в туалет неограниченное количество раз, при этом организаторы фиксируют время выхода и возвращения в аудиторию. Об этом сообщили ТАСС в Рособрнадзоре.

✔️ [Подпишись на ТАСС в ""Максе""](https://max.ru/tass_agency)",33502,71,,tass_agency
377531,2026-05-25T23:32:41+00:00,"Урсула фон дер Ляйен была в ярости из-за запрета пропаганды ЛГБТ* в школах и детских садах в Болгарии. Об этом заявил в интервью ТАСС депутат болгарского парламента Ангел Георгиев.

__* Движение ЛГБТ признано в РФ экстремистским и запрещено__",33001,162,,tass_agency
377530,2026-05-25T23:27:01+00:00,"▶️ Запад сам отдаст Зеленского РФ, когда в нем пропадет нужда, заявил в интервью ТАСС Андрей Картаполов.

Видео: ТАСС",34133,99,,tass_agency
377529,2026-05-25T23:15:06+00:00,"Средний размер пенсии среди работающих граждан в апреле **более 30 тыс. рублей** отмечен в девяти регионах, выяснил ТАСС, изучив данные Соцфонда.

Это Сахалинская, Мурманская и Магаданская области, Ямало-Ненецкий, Ханты-Мансийский, Ненецкий и Чукотский АО, Камчатский край, Якутия.

✔️ [Подпишись на ТАСС в ""Максе""](https://max.ru/tass_agency)",34476,32,,tass_agency
377528,2026-05-25T23:02:11+00:00,"❗️США нанесли удары по ракетным стартовым площадкам и катерам на юге Ирана, сообщила журналистка Fox News Дженнифер Гриффин со ссылкой на СЕНТКОМ.",35157,103,,tass_agency
377527,2026-05-25T22:56:32+00:00,"Лавров и Рубио обменялись мнениями о конфликте на Украине, отношениях РФ и США, ситуации в Иране, сообщили в Госдепе.",34715,27,,tass_agency
377526,2026-05-25T22:44:01+00:00,"Трамп уверен, что иранский запас обогащенного урана будет уничтожен. Об этом президент США написал в Truth Social.

✔️ [Подпишись на ТАСС в ""Максе""](https://max.ru/tass_agency)",44696,50,,tass_agency
377525,2026-05-25T22:34:01+00:00,"В парламенте Болгарии идут дискуссии о снятии санкций с России, заявил в интервью ТАСС депутат болгарского парламента Ангел Георгиев.",36424,85,,tass_agency
377524,2026-05-25T22:25:01+00:00,"Продолжительность ежегодного отпуска стоит увеличить с 28 до 35 дней, в том числе для компенсации выходных, ""теряющихся"" внутри отпуска. Об этом ТАСС заявил депутат Госдумы Николай Новичков (""Справедливая Россия"").",36961,91,,tass_agency
377523,2026-05-25T21:20:11+00:00,"Болгария поставила Украине много оружия, это огромная ошибка, заявил в интервью ТАСС депутат парламента страны Ангел Георгиев.

Отвечая на вопрос, использовались ли американские базы НАТО в Болгарии для передачи оружия Украине, Георгиев сказал: ""Мы не можем сказать ""да"", так как это может быть секретная информация"".

✔️ [Подпишись на ТАСС в ""Максе""](https://max.ru/tass_agency)",48793,153,,tass_agency
377522,2026-05-25T21:14:01+00:00,"Более 2,5 млн россиян с начала года привились от клещевого вирусного энцефалита, сообщили в Роспотребнадзоре.",39704,47,,tass_agency
377521,2026-05-25T21:03:01+00:00,"Полянский назвал провокацией и лицемерием ответ ОБСЕ на теракт в Старобельске:

""Английские слова подобраны очень тщательно, но и намека на осуждение там нет. Зато там провокационно подчеркивается, что место, по которому ""по сообщениям"" нанесен удар, находится на ""временно оккупированной территории Украины"".",43128,97,,tass_agency
377520,2026-05-25T20:36:02+00:00,"Пезешкиан распорядился восстановить в Иране доступ к интернету, сообщило агентство Tasnim со ссылкой на источник в Минсвязи исламской республики.

По данным международной службы мониторинга NetBlocks, доступ в интернет на территории Ирана практически полностью отсутствует на протяжении более чем 86 дней.

✔️ [Подпишись на ТАСС в ""Максе""](https://max.ru/tass_agency)",52779,150,,tass_agency
377519,2026-05-25T20:18:01+00:00,"В базу экстремистского сайта ""Миротворец"" внесли сотрудников атакованного ВСУ колледжа в Старобельске. Об этом свидетельствуют данные ресурса, с которыми ознакомился ТАСС.

Всего в базу попали семь женщин и трое мужчин, среди них — заместители директора колледжа и педагоги. Авторы сайта, в частности, обвинили их в покушении на суверенитет Украины и в распространении пропаганды среди несовершеннолетних.",46428,136,,tass_agency
377518,2026-05-25T19:58:25+00:00,"РПЦ призывает органы следствия и суда Чехии обеспечить соблюдение прав митрополита Илариона, говорится в заявлении.

Отмечается, что РПЦ примет все законные меры для оказания помощи митрополиту Илариону.",46229,45,,tass_agency
377517,2026-05-25T19:46:11+00:00,"🚨 Семь человек погибли, 15 ранены в ДНР из-за ударов ВСУ за день, заявил Пушилин.

✔️ [Подпишись на ТАСС в ""Максе""](https://max.ru/tass_agency)",47122,126,,tass_agency
377516,2026-05-25T19:02:32+00:00,"В Испании выявили хантавирус у еще одного человека, находившегося на борту MV Hondius, сообщает Минздрав королевства.

✔️ [Подпишись на ТАСС в ""Максе""](https://max.ru/tass_agency)",48800,95,,tass_agency
377515,2026-05-25T18:44:15+00:00,"✈️ Ограничения в аэропорту Калининграда сняты, сообщает Росавиация.

Объявленная ранее беспилотная опасность также отменена, заявили в РСЧС.",52905,127,,tass_agency
377514,2026-05-25T18:22:59+00:00,"**Лавров и Рубио провели телефонный разговор, сообщает МИД РФ. Главное:**

▪️Лавров довел до Рубио информацию о шагах ВС РФ по поручению Путина;

▪️Лавров привлек внимание Рубио к рекомендации обеспечить эвакуацию из украинской столицы американского дипперсонала;

▪️Лавров и Рубио обменялись оценками дипломатических инициатив по Ормузскому проливу и относительно ситуации вокруг Кубы;

▪️Лавров и Рубио подтвердили обоюдный настрой, несмотря на известные разногласия, активизировать усилия по нормализации работы дипмиссий;

▪️Лавров в разговоре с Рубио выразил сожаление, что ""нахрапистые усилия евроэлит"" и киевского режима подрывают договоренности Анкориджа.

✔️ [Подпишись на ТАСС в ""Максе""](https://max.ru/tass_agency)",54106,216,,tass_agency
377513,2026-05-25T18:15:57+00:00,"Семь случаев бруцеллеза зарегистрировано среди церковнослужителей и прихожан в монастыре Астраханской области, сообщает Роспотребнадзор.

По предварительным данным, причиной заболевания стало употребление сырого козьего молока. Ранее СК заявлял, что в Астрахани проводится проверка по факту обнаружения бруцеллеза в продукции фермерского хозяйства Камызякского района.",41569,89,,tass_agency
377512,2026-05-25T18:07:11+00:00,"📞 **Лавров поговорил по телефону с Рубио,** сообщает МИД РФ.

Он довел до американской стороны, что ВС РФ приступают к системным ударам по расположенным в Киеве объектам, используемым для нужд ВСУ.",45076,401,,tass_agency
377511,2026-05-25T18:01:16+00:00,"**Главные новости к этому часу:**

▪️ВС России приступают к системным ударам по предприятиям ВПК в Киеве. Ключевые заявления МИД — в [материале](https://tass.ru/politika/27524267) ТАСС.

▪️Число погибших при атаке ВСУ на Рязань 15 мая [увеличилось](https://tass.ru/proisshestviya/27524627) до пяти.

▪️МИД РФ [вызовет](https://tass.ru/politika/27525533) главу посольства Чехии из-за задержания митрополита Илариона.

▪️[Подписан](https://tass.ru/politika/27524989) закон, разрешающий привлекать ВС РФ для защиты россиян за рубежом.

▪️Иран [готов](https://tass.ru/mezhdunarodnaya-panorama/27525139) вывезти высокообогащенный уран в Китай, сообщает Al Hadath.

▪️Участникам СВО, заключившим контракт с мая, [спишут](https://tass.ru/ekonomika/27524723) просроченные кредиты.

▪️СК [возбудил](https://tass.ru/proisshestviya/27523849) дело после исчезновения отца и сына в Липецкой области.

▪️В России [упростили](https://tass.ru/obschestvo/27525051) порядок отстранения от управления авто в пьяном виде.

▪️Единые учебники по информатике для старшеклассников [появятся](https://tass.ru/obschestvo/27524789) в 2027 году.

▪️В ГД [предложили](https://tass.ru/obschestvo/27524743) ввести бесплатные консультации психологов перед ЕГЭ.


✔️ [Подпишись на ТАСС в ""Максе""](https://max.ru/tass_agency)",51599,25,,tass_agency
377510,2026-05-25T17:54:06+00:00,"📃Путин подписал закон об освобождении участников СВО и их жен от обязательств по просроченным кредитам на сумму до 10 млн рублей.

Для этого контракт о прохождении военной службы на срок от одного года должен быть заключен не ранее 1 мая 2026 года.",41812,343,,tass_agency
377509,2026-05-25T17:32:42+00:00,"✈️ Временные ограничения на прием и выпуск самолетов введены в аэропорту Калининграда, сообщает Росавиация.

✔️ [Подпишись на ТАСС в ""Максе""](https://max.ru/tass_agency)",41555,123,,tass_agency
377507,2026-05-25T17:02:57+00:00,"💲Первое издание книги **""Гарри Поттер и философский камень""** ушло с молотка в Англии за $23 тыс. В 1997 году ее можно было приобрести за $13.

По информации The Mirror, рецензент Катрина Макникол получила книгу от букинистического магазина 30 лет назад, но так и не нашла времени ее прочесть. В результате экземпляр сохранил идеальное состояние, аукционный дом Hansons назвал его ""крайне редким"".

Фото: Аукционный дом Hansons",42481,204,,tass_agency
377506,2026-05-25T16:50:57+00:00,"▶️ Более 300 туристов в Индии застряли на высоте 150 м из-за сбоя в работе канатной дороги, сообщило агентство PTI. Спасательная операция продлилась семь часов. Всех спасли.

Видео: Kashmir Weather/X

✔️ [Подпишись на ТАСС в ""Максе""](https://max.ru/tass_agency)",38329,88,,tass_agency
377505,2026-05-25T16:43:57+00:00,В России предложили ввести предварительную оплату проезда в общественном транспорте по QR-кодам на остановках. Об этом сообщили ТАСС в Общественном совете при Минтрансе.,37073,68,,tass_agency
377504,2026-05-25T16:38:57+00:00,"📃 Путин подписал закон, предлагающий сократить количество процессуальных документов при освидетельствовании водителей на алкогольное опьянение.

✔️ [Подпишись на ТАСС в ""Максе""](https://max.ru/tass_agency)",39008,60,,tass_agency
377503,2026-05-25T16:33:46+00:00,"▶️ 75 человек, в том числе 30 детей, эвакуировали в Ингушетии из-за подтопления, сообщили в ГУ МЧС по региону.

Видео: Официальный Telegram-канал руководителя ЦУР Ингушетии Берса Банхаева/ТАСС

✔️ [Подпишись на ТАСС в ""Максе""](https://max.ru/tass_agency)",42372,57,,tass_agency
377502,2026-05-25T16:18:55+00:00,"Ввести бесплатные консультации психологов перед ЕГЭ предложили депутаты ГД от фракции ""Новые люди"".

Как заявил лидер партии Нечаев, это дополнительная поддержка для выпускников, чтобы они чувствовали себя увереннее перед экзаменами.",39260,48,,tass_agency
377501,2026-05-25T16:04:55+00:00,"СК проверяет версию о причастности сына к убийству отца в Липецкой области, сообщили в ведомстве.

Ранее тело мужчины с огнестрельными ранениями было найдено в лесу, добавили ТАСС в правоохранительных органах.

✔️ [Подпишись на ТАСС в ""Максе""](https://max.ru/tass_agency)",41084,14,,tass_agency
377500,2026-05-25T15:58:54+00:00,"❗️МИД РФ вызовет руководителя чешской дипмиссии в Москве, которому будет заявлен решительный протест в связи с задержанием митрополита, заявила Мария Захарова.",41146,106,,tass_agency
377499,2026-05-25T15:58:09+00:00,"РФ расценивает задержание в Чехии митрополита Илариона как срежиссированную провокацию с целью очернить его самого и православие, заявила Мария  Захарова.

Дипломат отметила, что Россия требует его безусловного немедленного освобождения и прекращения сфабрикованного разбирательства.",42174,131,,tass_agency
377498,2026-05-25T15:50:55+00:00,"**Версия похищения Усольцевых в Красноярском крае не нашла своего подтверждения**. Следствие также рассматривает иные криминальные версии случившегося с семьей, сообщили ТАСС в ГСУ СК России по Красноярскому краю и Хакасии.

✔️ [Подпишись на ТАСС в ""Максе""](https://max.ru/tass_agency)",38898,22,,tass_agency
377497,2026-05-25T15:45:55+00:00,"Иран выразил готовность вывезти со своей территории высокообогащенный уран при условии, что он будет передан Китаю, сообщил телеканал Al Hadath со ссылкой на высокопоставленные источники.",47123,138,,tass_agency
377496,2026-05-25T15:36:55+00:00,"▶️ **Традиционная гонка за сырной головкой прошла на холме английского Глостершира.** В ней участвовали представители Германии, США, Франции, Нидерландов и Англии, сообщает Би-би-си. Наградой традиционно служит сыр. 

Видео: ТАСС/Reuters/PA Media

✔️ [Подпишись на ТАСС в ""Максе""](https://max.ru/tass_agency)",41160,191,,tass_agency
377495,2026-05-25T15:29:29+00:00,"Местонахождение пропавшего вместе с отцом сына установлено, сообщили в региональной прокуратуре.",38349,10,,tass_agency
377493,2026-05-25T15:18:56+00:00,"❗️Полный текст заявления МИД РФ в связи с ударами ВСУ по гражданскому населению России.

✔️ [Подпишись на ТАСС в ""Максе""](https://max.ru/tass_agency)",55196,287,,tass_agency
377492,2026-05-25T15:08:38+00:00,"📃 Владимир Путин подписал закон, разрешающий привлекать ВС РФ для защиты арестованных за рубежом россиян.

✔️ [Подпишись на ТАСС в ""Максе""](https://max.ru/tass_agency)",40762,270,,tass_agency
377491,2026-05-25T15:03:57+00:00,"❗️**ВС РФ приступают к последовательному нанесению ударов по предприятиям украинского ВПК в Киеве**. Главное из заявлений МИД РФ:

▪️Удар по Старобельску переполнил чашу терпения;

▪️ВС РФ будут наносить удары и по центрам принятия решений, и по командным пунктам на Украине;

▪️РФ рекомендует иностранцам как можно скорее покинуть Киев, а его жителям — не приближаться к объектам военной и административной инфраструктуры;

▪️Удар по Старобельску стал вопиющим свидетельством нацистской и террористической сущности киевского режима.

✔️ [Подпишись на ТАСС в ""Максе""](https://max.ru/tass_agency)",39413,297,,tass_agency
377490,2026-05-25T14:51:01+00:00,📃 Комитет ГД по бюджету и налогам рекомендовал нижней палате парламента принять в I чтении законопроект о кратном росте госпошлин для мигрантов.,37380,28,,tass_agency
377489,2026-05-25T14:46:59+00:00,"В 2027 году появятся единые учебники по информатике для старшеклассников, сообщил Кравцов.

✔️ [Подпишись на ТАСС в ""Максе""](https://max.ru/tass_agency)",39665,44,,tass_agency
377488,2026-05-25T14:43:01+00:00,"🚨 Более 35 тыс. жителей Белгорода остались без воды и электричества после ракетных обстрелов ВСУ, сообщил врио губернатора региона Шуваев.",38391,65,,tass_agency
377487,2026-05-25T14:40:03+00:00,"🚨 Число погибших при атаке ВСУ на Рязань 15 мая увеличилось до 5, сообщил ТАСС губернатор.

✔️ [Подпишись на ТАСС в ""Максе""](https://max.ru/tass_agency)",39086,50,,tass_agency
377486,2026-05-25T14:33:55+00:00,"Украина испытывает серьезный дефицит ракет к системам ПВО, заявил спикер Воздушных сил ВСУ Юрий Игнат.",38892,46,,tass_agency
377485,2026-05-25T14:22:55+00:00,"**Подтвержденных жалоб гостей на стафилококк в суши-баре HATIMAKI в Москве нет**, заявила ТАСС владелица одного из заведений сети Юлия Леви.

Ранее Telegram‑канал ""Shot проверка"" сообщил, что после игры в детской комнате одного из суши-баров у ребенка якобы был выявлен стафилококк.",40017,32,,tass_agency
377484,2026-05-25T14:16:01+00:00,"▶️ В Париже злоумышленники протаранили витрину люксового бутика и украли несколько женских сумок общей стоимостью €200 тыс., сообщило радио Franceinfo со ссылкой на источник в правоохранительных органах. 

Неизвестные скрылись на автомобиле Peugeot 208, который был объявлен в розыск 19 мая. Грабители еще не найдены.

Видео: M6 Info/Х

✔️ [Подпишись на ТАСС / Мир в ""Максе""](https://max.ru/mir_tass)",39327,129,,tass_agency
377483,2026-05-25T14:07:55+00:00,"СК возбудил дело после исчезновения отца и сына в Липецкой области. Тело отца найдено, сообщили ТАСС в СК.

22 мая 42-летний мужчина совместно с 18-летним сыном на своем автомобиле возвращался из Липецка. Однако мужчины домой не вернулись и перестали выходить на связь. Позже было установлено местонахождение машины, рядом с которой было обнаружено тело его владельца с признаками насильственной смерти.",35306,38,,tass_agency
377482,2026-05-25T14:00:25+00:00,"**Главные новости к этому часу:**

▪️ВС РФ [освободили](https://tass.ru/armiya-i-opk/27522033) Добропасово в Днепропетровской области, сообщили в МО. 

▪️МИД РФ [сообщил](https://tass.ru/politika/27523897) о начале системных ударов по объектам ВПК в Киеве.

▪️Предотвращение теракта на газовозе в порту Усть-Луга. [Главное](https://tass.ru/proisshestviya/27522387).

▪️Виталия Шулику [назначили](https://tass.ru/armiya-i-opk/27522531) заместителем министра обороны РФ.

▪️Удар ""Орешником"", заявления Пашиняна и слова Звягинцева. Темы брифинга Пескова — в [материале](https://tass.ru/politika/27521879) ТАСС. 

▪️Глава ВОЗ [сообщил](https://tass.ru/obschestvo/27523181) о 220 возможных смертях от Эболы.

▪️Ответные удары и запреты Запада на материалы о Старобельске. [Главное](https://tass.ru/politika/27522507) из заявлений Марии Захаровой.

▪️ВККС [прекратила](https://tass.ru/proisshestviya/27523663) отставку экс-судьи Верховного суда Момотова.

▪️В ЦБ [указали](https://tass.ru/ekonomika/27519803) на необходимость ухода с рынка РФ Mastercard и Visa.

▪️В детском центре Калининграда [зафиксировали](https://tass.ru/obschestvo/27523369) вспышку сальмонеллеза.

▪️Киркоров [требует](https://tass.ru/obschestvo/27521485) более 1 млн рублей с изданий Shot и Life.

✔️ [Подпишись на ТАСС в ""Максе""](https://max.ru/tass_agency)",39092,14,,tass_agency
377481,2026-05-25T13:40:22+00:00,"⚖️ ВККС прекратила отставку бывшего судьи Верховного суда Виктора Момотова, передает корреспондент ТАСС.

Прекращение отставки судьи влечет за собой снятие соответствующих льгот и выплат, а также лишает бывшего судью неприкосновенности.",46425,83,,tass_agency
377480,2026-05-25T13:34:20+00:00,"❗️ВС РФ будут наносить удары и по центрам принятия решений, и по командным пунктам на Украине, следует из заявления МИД.",69998,991,,tass_agency
377479,2026-05-25T13:32:45+00:00,"❗️Удар по Старобельску переполнил чашу терпения, ВС РФ приступают к последовательному нанесению ударов по предприятиям украинского ВПК в Киеве, сообщает МИД РФ.

✔️ [Подпишись на ТАСС в ""Максе""](https://max.ru/tass_agency)",49915,827,,tass_agency
377478,2026-05-25T13:31:48+00:00,"❗️РФ рекомендует иностранцам как можно скорее покинуть Киев, а его жителям — не приближаться к объектам военной и административной инфраструктуры, сообщили в МИД.",68367,836,,tass_agency
377477,2026-05-25T13:20:52+00:00,"Европейские спонсоры киевского неонацистского режима должны понести ответственность за террористическую атаку на колледж в Старобельске, заявила Валентина Матвиенко.

✔️ [Подпишись на ТАСС в ""Максе""](https://max.ru/tass_agency)",49082,124,,tass_agency
377476,2026-05-25T13:14:12+00:00,"Уголовное дело возбуждено после смерти 9-летней девочки, проходившей лечение от туберкулеза, сообщили в СК.

Ранее в СМИ появилась информация о девочке, лечившейся от туберкулеза в детской больнице №11 в Екатеринбурге. Хотя у ребенка не было признаков болезни, ей назначили лекарства, от которых у нее отказала печень. Девочка умерла, проведя 11 дней в коме.",38286,108,,tass_agency
377475,2026-05-25T13:02:55+00:00,"Роспотребнадзор назвал фейком информацию о введении карантина из-за угрозы распространения Астраханской пятнистой лихорадки. На сегодняшний день зарегистрировано 4 случая АПЛ.

Ранее в соцсетях писали о якобы постановлении губернатора Астраханской области ""О введении неотложных ограничительных (карантинных) мероприятий в связи с угрозой распространения Астраханской пятнистой лихорадки"".

✔️ [Подпишись на ТАСС в ""Максе""](https://max.ru/tass_agency)",38006,54,,tass_agency
377474,2026-05-25T12:50:55+00:00,"**В детском центре Калининграда зафиксирована вспышка сальмонеллеза**. Более 15 человек заболели в ""Сказка лэнде"". Среди них — несовершеннолетние в возрасте от 2 до 5 лет, сообщили в управлении Роспотребнадзора по Калининградской области.",37820,88,,tass_agency
377473,2026-05-25T12:42:01+00:00,"▶️ **Государство не обязано прививать любовь к родине,** воспитывать патриотизм нужно внутри семьи. Об этом в интервью ТАСС рассказал народный артист РФ Александр Розенбаум.

Видео: Петр Ковалев/ТАСС

✔️ [Подпишись на ТАСС в ""Максе""](https://max.ru/tass_agency)",39709,139,,tass_agency
377472,2026-05-25T12:31:54+00:00,"❗️Число предполагаемых смертей от лихорадки Эбола в ДРК увеличилось до 220, заявил глава ВОЗ Тедрос Аданом Гебрейесус.",35355,33,,tass_agency
377471,2026-05-25T12:26:55+00:00,"Ростех разработал эффективный против БПЛА зенитный комплекс ""Цитадель"".

Его система наведения рассчитывает наиболее выгодную точку подрыва снаряда в зависимости от траектории полета цели. Таких снарядов для поражения одной цели требуется значительно меньше, чем обычных боеприпасов.

Фото: Ростех

✔️ [Подпишись на ТАСС в ""Максе""](https://max.ru/tass_agency)",44368,141,,tass_agency
377470,2026-05-25T12:18:55+00:00,"Рособрнадзор объявил предостережения о недопустимости нарушения обязательных требований трем вузам:

▪️Московской международной академии;
▪️Московскому государственному лингвистическому университету;
▪️Российскому университету медицины Министерства здравоохранения Российской Федерации.

✔️ [Подпишись на ТАСС в ""Максе""](https://max.ru/tass_agency)",35957,63,,tass_agency
377469,2026-05-25T12:08:22+00:00,"В Анапе с 1 июня откроется купальный сезон после ликвидации ЧС с танкерами. Он продлится до 30 сентября, сообщила мэр города-курорта Светлана Маслова.",37188,106,,tass_agency
377468,2026-05-25T11:52:01+00:00,"Эстонские пограничники рекомендовали не пользоваться Google Maps, потому что **сервис может случайно отправить судно в воды РФ. **Об этом сообщает ERR. 

Проблема возникла из-за отсутствия договоренности стран о расположении буев на реке Нарве. За последние месяцы зафиксировано как минимум четыре случая такого ""незаконного пересечения границы"".",41394,90,,tass_agency
377467,2026-05-25T11:36:54+00:00,"**Жительницу Ставрополья арестовали за мошенничество на 9,8 млн рублей**, сообщается в Telegram-канале судов региона.

Используя монету-хамелеон, она убедила женщину в том, что обладает паранормальными способностями, и заявила, что на нее наложена порча, пообещав за вознаграждение от этого избавиться.

✔️ [Подпишись на ТАСС в ""Максе""](https://max.ru/tass_agency)",37170,73,,tass_agency
377466,2026-05-25T11:19:11+00:00,"⚖️ Суд Москвы приговорил к 10 годам колонии бывшего первого замглавы столичного метро Дмитрия Дощатова, сообщает корреспондент ТАСС.",41179,93,,tass_agency
377465,2026-05-25T11:16:01+00:00,"▶️ СК РФ провел в Ливии следственные действия с атакованным ВСУ российским газовозом ""Арктик метагаз"", сообщила Светлана Петренко. Изъят бортовой самописец.

Видео: Официальный канал СК России в ""Максе""/ТАСС

✔️ [Подпишись на ТАСС в ""Максе""](https://max.ru/tass_agency)",36615,73,,tass_agency
377464,2026-05-25T11:09:41+00:00,"❕Виталий Шулика назначен заместителем министра обороны РФ, сообщает МО.",34562,75,,tass_agency
377463,2026-05-25T11:08:01+00:00,"▶️ **В Оренбурге задержали стрелявшего по машине из пневматического ружья**, сообщает МВД. 

Конфликт произошел из-за старых разногласий. Одна из пуль попала в заявителя. Пытаясь задержать машину, он запрыгнул на капот и проехал на нем около 100 метров.

Видео: Официальный канал УМВД России по Оренбургской области в ""Максе""/ТАСС

✔️ [Подпишись на ТАСС в ""Максе""](https://max.ru/tass_agency)",35669,28,,tass_agency
377462,2026-05-25T11:01:01+00:00,"**Митрополит Иларион назвал свое задержание в Чехии провокацией.** Он категорически отверг причастность к незаконному хранению запрещенных веществ.

Ранее ряд Telegram-каналов сообщил о задержании митрополита Илариона в Чехии, так как в его авто якобы нашли ""вещество белого цвета"".",35004,142,,tass_agency
377461,2026-05-25T10:56:54+00:00,"▶️ **Россиянам нужно отказаться от англицизмов,** чтобы сохранить чистоту родного языка. Об этом в интервью ТАСС рассказал народный артист России Александр Розенбаум.

Видео: Петр Ковалев/ТАСС

✔️ [Подпишись на ТАСС в ""Максе""](https://max.ru/tass_agency)",42392,150,,tass_agency
377460,2026-05-25T10:47:01+00:00,"**Гадалка Ермака Аникиевич, несмотря на ""мощного"" клиента, за два года заработала лишь $4,5 тысячи**, сообщил депутат украинского парламента Железняк, предположив, что она уходила от налогов.

Он обратил внимание, что в последний раз официально Аникиевич была трудоустроена в 2012 году. Затем в ее налоговой истории наступил перерыв в 12 лет.",33731,49,,tass_agency
377459,2026-05-25T10:41:22+00:00,"📹 ТАСС публикует кадры боев за населенный пункт Добропасово в Днепропетровской области.

Видео: Воин DV/ТАСС

✔️ [Подпишись на ТАСС в ""Максе""](https://max.ru/tass_agency)",33797,46,,tass_agency
377458,2026-05-25T10:41:03+00:00,"**Главное из нового **[**брифинга**](https://t.me/tass_live/9477)** Минобороны России:**

▪️Российские войска поразили за сутки склады боеприпасов и горючего, инфраструктуру военных аэродромов ВСУ;

▪️ВС РФ поразили за сутки места сборки безэкипажных катеров ВСУ;

▪️Российские средства ПВО сбили за сутки 17 снарядов системы HIMARS и 417 беспилотников ВСУ самолетного типа;

▪️Потери ВСУ в результате действий российских группировок войск составили порядка 1 135 военных за сутки.

✔️ [Подпишись на ТАСС в ""Максе""](https://max.ru/tass_agency)",34188,46,,tass_agency
377457,2026-05-25T10:37:33+00:00,"⚡️ ВС РФ освободили Добропасово в Днепропетровской области, сообщает Минобороны.",38246,82,,tass_agency
377456,2026-05-25T10:31:01+00:00,"📹 16 человек погибли, 8 пострадали в результате ДТП с участием автобуса и микроавтобуса на северо-западе Пакистана, сообщает Samaa TV.

Видео: Your Views Your News/Х

✔️ [Подпишись на ТАСС в ""Максе""](https://max.ru/tass_agency)",33708,28,,tass_agency
377455,2026-05-25T10:24:07+00:00,"**Ответные удары наносились и будут наноситься по Киеву**, заявила Мария Захарова.

Она отметила, что МИД РФ в ближайшее время выступит со спецзаявлением, где будет подробно изложено предупреждение зарубежному дипкорпусу.",45563,364,,tass_agency
377454,2026-05-25T10:21:51+00:00,"▶️ Кадры предотвращения теракта в порту Усть-Луга на заминированном судне, прибывшем из Бельгии.

В кормовой части судна ""Аррхениус"" были обнаружены две мины, сообщил капитан.

Видео: ЦОС ФСБ России/ТАСС

✔️ [Подпишись на ТАСС в ""Максе""](https://max.ru/tass_agency)",34191,141,,tass_agency
377453,2026-05-25T10:16:01+00:00,"**Киркоров требует более 1 млн руб. с Shot и Life из-за статей о долге за коммуналку**, сообщили ТАСС в Мосгорсуде.

Певец утверждает, что данная информация не соответствует действительности и может быть направлена на создание его негативного образа.",53938,137,,tass_agency
377452,2026-05-25T10:11:57+00:00,"▶️ Один человек пострадал при пожаре в хостеле на востоке Москвы. Произошло обрушение кровли на площади 50 кв. метров, сообщили ТАСС в оперативных службах.

Видео: Артем Геодакян/ТАСС

✔️ [Подпишись на ТАСС в ""Максе""](https://max.ru/tass_agency)",31654,17,,tass_agency
377451,2026-05-25T10:06:28+00:00,"**Управляющий директор ""Х5 транспорт"" Кузьменко уволен после ДТП в Москве**, сообщили в компании.

Представители X5 отметили, что, хотя авария произошла в нерабочее время и на личном авто Кузьменко, любой менеджер компании обязан соблюдать правила безопасности на дороге и подавать пример сотрудникам.

✔️ [Подпишись на ТАСС в ""Максе""](https://max.ru/tass_agency)",31330,83,,tass_agency
377450,2026-05-25T10:00:49+00:00,"Ряд западных корреспондентов, посетивших место теракта в Старобельске, получили запрет своих редакций на публикацию материалов, заявила Мария Захарова.",33640,136,,tass_agency
377449,2026-05-25T09:53:23+00:00,"🗣 **Главное из заявлений Дмитрия Пескова:**

▪️В Кремле услышали заявления Пашиняна о том, что Армения не будет заниматься антироссийской риторикой;

▪️РФ и Армения — друзья и остаются в диалоге;

▪️Путин на этой неделе отправится с госвизитом в Астану, где в том числе примет участие в мероприятиях ЕАЭС;

▪️РФ надеется, что Армения так или иначе будет участвовать в предстоящих мероприятиях ЕАЭС в Астане;

▪️Отказ ряда западных СМИ поехать в Старобельск не позволяет им называться объективными;

▪️Песков заявил, что не будет передавать Путину слова режиссера Звягинцева в Каннах;

▪️Звягинцев никогда не осуждал бойню, которую устроил Киев в Донбассе, потому не имеет право голоса по теме СВО;

▪️У Кремля нет информации о задержании митрополита Илариона в Карловых Варах.

Видео: ТАСС/Kremlin. ru

✔️ [Подпишись на ТАСС в ""Максе""](https://max.ru/tass_agency)",32721,82,,tass_agency
377448,2026-05-25T09:52:41+00:00,"Цена на газ РФ для Армении ""более чем льготная"", это изменится, если Ереван уйдет из ЕАЭС, заявил Песков.",29486,64,,tass_agency
377447,2026-05-25T09:52:02+00:00,"Песков указал, что вся информация об ударе ""Орешником"" по Украине была отражена в заявлении Минобороны РФ.",29116,21,,tass_agency
377446,2026-05-25T09:51:32+00:00,"Кремль обратил внимание, что ряд СМИ Запада под разными предлогами отказались ехать в Старобельск смотреть на последствия удара ВСУ, заявил Песков.",29978,33,,tass_agency
377445,2026-05-25T09:50:34+00:00,"▶️ **Главное из заявлений ФСБ о предотвращении теракта на прибывшем из Бельгии в порт Усть-Луга газовозе:**

▪️На прибывшем из Бельгии в Усть-Лугу судне были установлены магнитные мины, произведенные в одной из стран НАТО;

▪️Мины на прибывшем в Усть-Лугу судне из Бельгии не могли быть установлены в российских территориальных водах;

▪️Заминированное судно из Бельгии должно было отправиться из Усть-Луги в Турцию;

▪️Масса взрывчатки в каждой из мин на судне из Бельгии составляла около 7 кг;

▪️Прибывшее с минами в Усть-Лугу судно простояло на якорной стоянке в Бельгии около полутора суток якобы из-за забастовки работников порта;

▪️СК возбудил дело о покушении на теракт в связи с обнаружением мин на прибывшем из Бельгии судне.

Видео: Официальный канал СК России в ""Максе""/ТАСС

✔️ [Подпишись на ТАСС в ""Максе""](https://max.ru/tass_agency)",38505,330,,tass_agency
377444,2026-05-25T09:48:52+00:00,"Заминированное судно из Бельгии должно было отправиться из Усть-Луги в Турцию, сообщает ФСБ.",29223,93,,tass_agency
377443,2026-05-25T09:47:30+00:00,"Мины на прибывшем в Усть-Лугу судне из Бельгии не могли быть установлены в российских территориальных водах, сообщает ФСБ.",30509,118,,tass_agency
377442,2026-05-25T09:46:33+00:00,"На прибывшем из Бельгии в Усть-Лугу судне были установлены магнитные мины, произведенные в одной из стран НАТО, сообщает ФСБ.",32483,200,,tass_agency
377441,2026-05-25T09:45:32+00:00,"⚡️ Спецслужбы предотвратили теракт на прибывшем из Бельгии в порт Усть-Луга Ленинградской области заминированном газовозе, сообщает ФСБ.",32498,296,,tass_agency
377440,2026-05-25T09:43:46+00:00,"**Тихановская, видимо, ""спешила посмотреть орешник в цвету"", приехав в Киев**, однако вместо политического туризма ей стоило бы съездить в Старобельск, заявила ТАСС Мария Захарова, комментируя приезд осужденной в Белоруссии за госизмену Тихановской в столицу Украины.

✔️ [Подпишись на ТАСС в ""Максе""](https://max.ru/tass_agency)",31423,86,,tass_agency
377439,2026-05-25T09:41:01+00:00,"**Карты Visa и Mastercard должны уйти с российского рынка**, они не выполняют функционал, который обеспечивали, сообщила директор департамента Национальной платежной системы ЦБ Бакина.",30641,125,,tass_agency
377438,2026-05-25T09:35:16+00:00,"▶️ В Кабардино-Балкарии прошла церемония прощания с мэром Нальчика Таймуразом Ахоховым, передает корреспондент ТАСС.

Видео: Нуржан Кубадиева/ТАСС

✔️ [Подпишись на ТАСС в ""Максе""](https://max.ru/tass_agency)",30870,21,,tass_agency
377437,2026-05-25T09:29:44+00:00,"▶️ Открытое горение в хостеле на востоке Москвы ликвидировано, сообщают оперативные службы.

Видео: Официальный канал ГУ МЧС России по Москве в ""Максе""/ТАСС

✔️ [Подпишись на ТАСС в ""Максе""](https://max.ru/tass_agency)",29439,12,,tass_agency
377436,2026-05-25T09:23:58+00:00,"**РФ остается неотъемлемой частью мировой экономики**, она открыта к конструктивному взаимодействию со всеми, разделяющими принципы взаимоуважения, заявил Путин в приветствии участникам, организаторам и гостям XXIX ПМЭФ.

#ПМЭФ2026

✔️ [Подпишись на ТАСС в ""Максе""](https://max.ru/tass_agency)",29961,58,,tass_agency
377435,2026-05-25T09:19:50+00:00,"▶️ Народный артист России и болельщик петербургского ""Зенита"" Александр Розенбаум в интервью ТАСС рассказал, что всегда боится последних минут в матчах любимого клуба.

Видео: Петр Ковалев/ТАСС

✔️ [Подпишись на ТАСС в ""Максе""](https://max.ru/tass_agency)",29017,41,,tass_agency
377434,2026-05-25T09:12:53+00:00,"**☀️**** Массовые выбросы плазмы после крупных взрывов на Солнце зафиксировали в выходные**, сообщили в лаборатории солнечной астрономии ИКИ РАН и ИСЗФ СО РАН.

Подчеркивается, что угроз для Земли нет.

Видео: Telegram-канал лаборатории солнечной астрономии ИКИ РАН

✔️ [Подпишись на ТАСС в ""Максе""](https://max.ru/tass_agency)",29773,77,,tass_agency
377433,2026-05-25T09:06:19+00:00,"🚨 Воздушное судно совершило жесткую посадку в Красноярском крае, сообщает ГУ МЧС. Два человека пострадали.

Фото: Telegram-канал Западно-Сибирской транспортной прокуратуры",29285,45,,tass_agency
377432,2026-05-25T09:01:01+00:00,"**Главные новости к этому часу:**

▪️В Горловке из-за атаки ВСУ [погибли](https://tass.ru/proisshestviya/27519245) четыре человека.

▪️Новые образцы БПЛА и подразделения БПС. Подробнее о визите Белоусова группировки войск ""Восток"" — в [материале](http://tass.ru/armiya-i-opk/27518137) ТАСС.

▪️ВСУ [нанесли](https://tass.ru/proisshestviya/27517589) массированный удар из РСЗО ""Град"" по поселку Белая Березка в Брянской области, погиб человек. 

▪️Экс-мэр Курска [выступает ответчиком](https://tass.ru/proisshestviya/27519027) по делу о незаконной приватизации.

▪️В ЕС понимают, что Мадьяр [не будет исполнителем](https://tass.ru/mezhdunarodnaya-panorama/27518055) директив Брюсселя, пишет Die Weltwoche.

▪️В Нижегородской области [перевернулся](https://tass.ru/proisshestviya/27519349) автобус с 30 иностранцами.

▪️Число пострадавших в ДТП с 13 автомобилями в Подмосковье [выросло](https://tass.ru/proisshestviya/27517995) до 18, сообщили ТАСС в оперативных службах. 

▪️В МВД [назвали](https://tass.ru/obschestvo/27517629) признак давления мошенников на ребенка.

✔️ [Подпишись на ТАСС в ""Максе""](https://max.ru/tass_agency)",31107,3,,tass_agency
377431,2026-05-25T08:55:34+00:00,"🚨 Один человек погиб, еще один тяжело ранен из-за атаки ВСУ на АЗС в Углегорске, передает Минздрав ДНР.",30665,39,,tass_agency
377430,2026-05-25T08:54:03+00:00,"Площадь пожара в хостеле на востоке Москвы выросла до 400 кв. метров, на место выехал пожарный поезд, сообщают оперативные службы.",32736,39,,tass_agency
377429,2026-05-25T08:36:01+00:00,"▶️ **Парапланеристка выжила после столкновения с легкомоторным самолетом в Австрии**. Спортсменка смогла выпустить запасной воздушный купол и успешно приземлиться, сообщила местная полиция.

Видео: Sprinter Press Agency/Х

✔️ [Подпишись на ТАСС в ""Максе""](https://max.ru/tass_agency)",34057,337,,tass_agency
377428,2026-05-25T08:29:53+00:00,"❗️Трое из шести раненых в Горловке в результате удара ВСУ являются сотрудниками скорой помощи, сообщили ТАСС в Минздраве ДНР.",31892,41,,tass_agency
377427,2026-05-25T08:22:46+00:00,"🚨 Хостел загорелся на востоке Москвы, пожару присвоен повышенный ранг, сообщают оперативные службы. Площадь пожара составляет 300 кв. метров.",32320,46,,tass_agency
377426,2026-05-25T08:12:01+00:00,"▶️ **Медведь проник в отель на румынском горном курорте Пояна-Брашов**, а полиция отказалась выехать на место, сообщил портал Brașov Știri.

""Коллега позвонил по номеру 112, а ему сказали, что присутствие медведя в отеле не является чрезвычайной ситуацией и чтобы мы больше не звонили"", — рассказал сотрудник отеля.

Местные власти жалуются на неконтролируемое размножение хищников.

Видео: Romanya Haber/X

✔️ [Подпишись на ТАСС в ""Максе""](https://max.ru/tass_agency)",54924,782,,tass_agency
377425,2026-05-25T08:05:10+00:00,"🚨 Автобус с 30 иностранцами перевернулся в Нижегородской области, водитель получил незначительные травмы, сообщает ГУ МВД.

✔️ [Подпишись на ТАСС в ""Максе""](https://max.ru/tass_agency)",32398,37,,tass_agency
377424,2026-05-25T07:59:01+00:00,"Максимальный размер пенсии айтишников в РФ может составить почти 77 тыс. рублей, сообщил ТАСС профессор Финансового университета при правительстве РФ Сафонов.

Он отметил, что это возможно при зарплате в размере 250 тыс. рублей и стаже в 43 года.",35113,203,,tass_agency
377423,2026-05-25T07:58:15+00:00,"❕В Горловке из-за [атаки](https://t.me/tass_agency/377404) ВСУ погибли четыре человека, включая двоих детей, сообщает мэр.",33834,66,,tass_agency
377422,2026-05-25T07:51:55+00:00,"▶️ После пожара с пятью погибшими в Подмосковье завели дело, сообщили в ГСУ СК по области. Причиной стало замыкание электропроводки, уточнили в прокуратуре.

Ранее сообщалось, что в деревне Евсеево при тушении возгорания дачного дома были обнаружены тела троих взрослых и двоих детей.

Видео: Официальный канал ГСУ СК России по Московской области в ""Максе""/ТАСС

✔️ [Подпишись на ТАСС в ""Максе""](https://max.ru/tass_agency)",35387,21,,tass_agency
377421,2026-05-25T07:44:01+00:00,"❗️Экс-мэр Курска Куцак выступает ответчиком по делу о незаконной приватизации местной компанией части городской организации, сообщил Хинштейн. Прокуратура требует взыскать с компании более 150 млн рублей.",33851,51,,tass_agency
377420,2026-05-25T07:41:01+00:00,"Вопрос управления Ормузским проливом будет решаться странами региона, **он не обсуждается в контексте возможного соглашения с США**, сообщили в МИД Ирана.

✔️ [Подпишись на ТАСС в ""Максе""](https://max.ru/tass_agency)",34091,53,,tass_agency
377419,2026-05-25T07:37:46+00:00,"🚨 Энергодар находится под непрерывной атакой ВСУ с воскресенья, сообщает ЗАЭС.

В результате атак повреждено несколько автомобилей, информации о пострадавших не поступало. ЗАЭС работает штатно.",34550,47,,tass_agency
377418,2026-05-25T07:24:01+00:00,"Освобождение Рай-Александровки на севере ДНР откроет российским войскам ""восточные ворота"" в Славянск, сообщил ""Вестям"" Пушилин.

Он отметил, что ВСУ стараются удержать Рай-Александровку, потому что оно открывает путь на Славянск и Краматорск.",34439,55,,tass_agency
377417,2026-05-25T07:16:53+00:00,"▶️ Группу по незаконному получению лицензий на добычу золота задержали в Забайкалье.** В нее входили двое чиновников**, которые за взятки выдавали документы, сообщили ТАСС в СК и ФСБ.

Оценочная стоимость разведанных запасов золота на участках составляет 1,5 млрд рублей, отметили в ФСБ. У фигурантов дела арестовали имущество на 60 млн рублей, рассказала ТАСС Светлана Петренко.

Видео: Официальный канал СК России в ""Максе""/ЦОС ФСБ России/ТАСС

✔️ [Подпишись на ТАСС в ""Максе""](https://max.ru/tass_agency)",34729,80,,tass_agency
377416,2026-05-25T07:07:01+00:00,"Внезапный интерес ребенка к банковской карте взрослого является не просто любопытством, а признаком давления на него мошенников, сообщили в МВД.

В одном из недавних случаев аферисты связались с ребенком в игровом сообществе и сообщили о якобы выигранном призе. Под предлогом перевода ""выигрыша"" они убедили ребенка воспользоваться телефонами и банковскими приложениями родителей.",33061,95,,tass_agency
377415,2026-05-25T06:58:17+00:00,"▶️ Число погибших в результате подрыва поезда на юго-западе Пакистана увеличилось до 47, почти 100 человек пострадали, пишет Xinhua.

Видео: ТАСС/Reuters/EFE

✔️ [Подпишись на ТАСС в ""Максе""](https://max.ru/tass_agency)",34665,44,,tass_agency
377414,2026-05-25T06:49:01+00:00,"▶️ Операторы дронов уничтожили склад боеприпасов и антенны управления беспилотной авиацией ВСУ на константиновском направлении. 

Видео: Минобороны России/ТАСС

✔️ [Подпишись на ТАСС в ""Максе""](https://max.ru/tass_agency)",38788,33,,tass_agency
377413,2026-05-25T06:39:01+00:00,"**__""Он не русофоб, а потому говорит само собой разумеющиеся вещи"". __**В ЕС постепенно понимают, что Мадьяр не будет исполнителем директив Брюсселя, пишет Die Weltwoche.

Визит Мадьяра в Варшаву вызвал ""большую радость"" среди поляков. В частности, издание обратило внимание на его слова о том, что хотя он и победил Орбана, географическое положение Венгрии не изменилось — ""Россия осталась там, где она и была"".",37093,118,,tass_agency
377412,2026-05-25T06:22:01+00:00,"Киев на прошедшей неделе активизировал центры информационно-психологических операций и задействовал украинские СМИ, чтобы обелить действия ВСУ, сообщил военный эксперт Марочко.

Был сделан упор на искажении информации о трагедии в колледже в Старобельске ЛНР.",35501,53,,tass_agency
377411,2026-05-25T06:13:04+00:00,"▶️** Снайперы группировки войск ""Север"" успешно охотятся на БПЛА ВСУ. **Как рассказал ТАСС командир группы снайперов с позывным Неми, имеющиеся прицелы и навыки позволяют им поражать дроны на большой высоте для борьбы с БПЛА в Курской области.

Видео: Виктор Антонюк/ТАСС

✔️ [Подпишись на ТАСС в ""Максе""](https://max.ru/tass_agency)",37262,40,,tass_agency
377410,2026-05-25T06:02:46+00:00,"🚨 До 18 выросло число пострадавших в ДТП с 13 автомобилями в Подмосковье, сообщают ТАСС оперативные службы.",36349,25,,tass_agency
377409,2026-05-25T05:46:35+00:00,"▶️ Белоусов проинспектировал группировку войск ""Восток"" и заслушал доклады о выполнении боевых задач, сообщили в МО.

Командующий доложил министру обороны о подключении расчетов БПЛА к станциям спутниковой связи. Также Белоусов вручил ордена трем соединениям группировки за массовый героизм и отвагу.

Видео: Минобороны России/ТАСС

✔️ [Подпишись на ТАСС в ""Максе""](https://max.ru/tass_agency)",48957,78,,tass_agency
377408,2026-05-25T05:38:01+00:00,"Воспитатели детского сада в Кызыле, где родители воспитанников жаловались на уколы детям, отказались от дачи показаний. Об этом ТАСС сообщили в СУ СК России по Туве.",39441,101,,tass_agency
377407,2026-05-25T05:10:04+00:00,"🚨 Средства ПВО за ночь сбили 173 украинских БПЛА над регионами РФ, заявили в МО РФ.",36569,29,,tass_agency
377406,2026-05-25T05:08:51+00:00,"❗️ВСУ нанесли массированный целенаправленный удар из РСЗО ""Град"" по поселку Белая Березка в Брянской области, сообщил Ковальчук. Погиб мирный житель, ранен сотрудник пожарно-спасательной службы.",38258,84,,tass_agency
377405,2026-05-25T04:59:01+00:00,"**Главные новости к этому часу:**

▪В Белгородской области дрон атаковал автомобиль, [погиб](https://tass.ru/proisshestviya/27517405) мужчина, сообщает оперштаб.

▪️Украинские СМИ [пишут](https://tass.ru/mezhdunarodnaya-panorama/27516463) о провале системы ПВО в Киеве.

▪️Вучич [заявил](https://tass.ru/mezhdunarodnaya-panorama/27517167) о своей возможной отставке.

▪️Лондон и Париж [отказались](https://tass.ru/mezhdunarodnaya-panorama/27516081) тратить 0,25% ВВП на военную помощь Киеву, сообщает The Sunday Telegraph.

▪️Рамочное соглашение США и Ирана [согласовано](https://tass.ru/mezhdunarodnaya-panorama/27516501) на 95%, сообщает Fox News.

▪️Си Цзиньпин [раскритиковал](https://tass.ru/mezhdunarodnaya-panorama/27516653) премьера Японии на переговорах с США, пишет FT.

▪️Финляндия [не готова](https://tass.ru/mezhdunarodnaya-panorama/27516571) открыть границу с Россией, заявил Стубб.

▪️Россия [обратится](https://tass.ru/politika/27516547) в Международный суд ООН в связи с ущемлением русских в Прибалтике, сообщили в МИД РФ.


✔️ [Подпишись на ТАСС в ""Максе""](https://max.ru/tass_agency)",41514,22,,tass_agency
377404,2026-05-25T04:53:52+00:00,"🚨 Из-за атаки БПЛА ВСУ в Калининском районе Горловки ранены пять мирных жителей, заявил мэр.",37856,34,,tass_agency
377403,2026-05-25T04:33:32+00:00,"❕В Грайвороне Белгородской области дрон атаковал автомобиль, погиб мужчина, сообщает оперштаб.

✔️ [Подпишись на ТАСС в ""Максе""](https://max.ru/tass_agency)",40028,42,,tass_agency
377402,2026-05-25T04:23:01+00:00,**Вучич заявил о своей возможной отставке**. Заявление сербского лидера прозвучало во время его визита в Китай.,45602,168,,tass_agency
377401,2026-05-25T04:11:01+00:00,"Девять округов Херсонской области обесточены в результате атаки ВСУ, сообщил глава региона Сальдо в ""Максе"".",41195,44,,tass_agency
377400,2026-05-25T03:59:01+00:00,"▶️ Абитуриентам из сельской местности необходимо предоставлять** льготные билеты на дорогу для подачи документов в вуз**, заявил ТАСС Миронов.

Видео: Александра Горошилова/ТАСС

✔️ [Подпишись на ТАСС в ""Максе""](https://max.ru/tass_agency)",41981,51,,tass_agency
377399,2026-05-25T03:51:01+00:00,"Мошенники внедрили в **схемы обмана ""выплаты пенсионерам"" **от лица сотрудников органов соцзащиты и страховых компаний. Под предлогом программы поддержки, они требует внесения предоплаты, сообщили ТАСС в пресс-центре МВД РФ.",38586,54,,tass_agency
377398,2026-05-25T03:44:01+00:00,"**Атаке ВСУ по Старобельску нельзя найти никаких оправданий,** сообщает L’AntiDiplomatico.

Портал также напоминает, что ряд западных СМИ и международных организаций, несмотря на предложения российской стороны об участии в освещении трагедии, отказались приехать на место событий.",40169,43,,tass_agency
377396,2026-05-25T03:31:01+00:00,"**Запись о крещении дедушки Путина найдена в метрической книге** **села Дудино под Тверью. **

Крещение прошло в храме Вознесения Господня, хотя семья Спиридона Путина относилась к приходу села Тургиново, рассказал ТАСС автор исследования кандидат исторических наук Гершзон.

✔️ [Подпишись на ТАСС в ""Максе""](https://max.ru/tass_agency)",41750,227,,tass_agency
377395,2026-05-25T03:24:01+00:00,"ВСУ нанесли ракетный удар по Белгороду и Белгородскому округу, пострадал мужчина.

Обстрел привел к перебоям с водой и электричеством, сообщил региональный оперштаб в ""Максе"".",39230,56,,tass_agency
377394,2026-05-25T03:18:01+00:00,"Спасатели обследовали 7 кв. км труднопроходимой местности в горах Кутурчинского Белогорья в поисках пропавшей семьи Усольцевых. Поиски не дали результатов, сообщает отряд ""Спасатель"".",39702,27,,tass_agency
377393,2026-05-25T03:10:23+00:00,"🚨 На подлете к Ярославлю отражена массовая атака украинских БПЛА. Ранен один человек, сообщил губернатор.",39491,63,,tass_agency
377386,2026-05-25T02:59:01+00:00,"▶️ **На месте гибели парохода ""Князь Горчаков"" в Приморье установили памятную табличку,** сообщил корреспондент ТАСС.

Пароход затонул на подходе к Владивостоку в 1906 году. Он мог перевозить предметы быта для высокопоставленных и богатых местных жителей, сообщил ТАСС руководитель секции подводных исследований РГО Кондратюк.

Фото и видео: Юрий Смитюк/ТАСС

✔️ [Подпишись на ТАСС в ""Максе""](https://max.ru/tass_agency)",40189,30,,tass_agency
377385,2026-05-25T02:41:50+00:00,"**Самолет с главой МО Британии потерял спутниковый сигнал вблизи границы с РФ,** пишет The Times.

Джон Хили 21 мая посещал британские войска в Эстонии. Отмечается, что пилот в течение всех трех часов рейса пользовался инерциальной навигационной системой, которая не требует внешних сигналов. Газета не делает вывода, были ли помехи результатом целенаправленных действий именно против этого борта.",39151,104,,tass_agency
377384,2026-05-25T00:34:59+00:00,Слуцкий попросил ФАС проверить производителей и торговые сети на предмет** скрытого уменьшения объема и веса товаров при сохранении прежней цены.** Документ есть в распоряжении ТАСС.,41278,71,,tass_agency
377383,2026-05-25T00:17:33+00:00,"**Жалобы на приговор Блиновской дошли до кассационной инстанции**, рассказал ТАСС участник процесса.

После оглашения апелляционного определения блогер была этапирована во Владимирскую область, где отбывает наказание в отряде женской ИК-1 за уход от налогов через схему дробления бизнеса и отмывания денег.",41935,38,,tass_agency
377382,2026-05-24T23:54:21+00:00,"🚗 Движение на выезде из Ярославля в сторону Москвы перекрыто из-за атаки БПЛА, сообщил губернатор Ярославской области Евраев в ""Максе"".

✔️ [Подпишись на ТАСС в ""Максе""](https://max.ru/tass_agency)",59264,98,,tass_agency
377381,2026-05-24T23:19:01+00:00,"**Россия обратится в Международный суд ООН в связи с ущемлением русских в Прибалтике.** Попытки РФ решить вопрос путем переговоров ни к чему не привели, сообщили в МИД РФ ""Известиям"".

""Под надуманным предлогом борьбы с ""российской пропагандой"" продолжается зачистка латвийского информационного поля от любого ""инакомыслия"", — отметили в министерстве.",41687,181,,tass_agency
377380,2026-05-24T23:12:01+00:00,"Си Цзиньпин на переговорах с Трампом **раскритиковал премьера Японии Такаити за ремилитаризацию страны**. Об этом пишет Financial Times со ссылкой на семь источников.

Как говорится в статье, Трамп в ответ выступил в защиту Такаити, обосновав ее действия якобы существующей угрозой со стороны КНДР.",40322,72,,tass_agency
377379,2026-05-24T22:56:01+00:00,"**""Индульгенция"" Европы для Киева провоцирует удары ВСУ по гражданским объектам**, заявил Мирошник ""Известиям"".

""Здесь уже стоит вопрос о том, что международное гуманитарное право в виде Женевских конвенций, дополнительных протоколов, целого перечня конвенций должно быть заметено под ковер, либо же международное гуманитарное право является обязательным для всех"", — сказал он.

✔️ [Подпишись на ТАСС в ""Максе""](https://max.ru/tass_agency)",43019,55,,tass_agency
377378,2026-05-24T22:44:01+00:00,"Число предположительных случаев заражения вирусом Эбола в ДРК превысило 900, сообщил глава ВОЗ Гебрейесус в Х.",39592,68,,tass_agency
377377,2026-05-24T22:29:02+00:00,"✈️ Транспортный самолет США, вылетевший из Румынии, подал сигнал бедствия в небе над Европой. Об этом сообщил ТАСС источник в авиадиспетчерских кругах ЕС.",41063,48,,tass_agency
377376,2026-05-24T22:22:01+00:00,"**Рамочное соглашение США и Ирана согласовано на 95%**, сообщает Fox News.

""У нас есть сделка по ядерному арсеналу и Ормузскому проливу, но мы обсуждаем формулировки"", — сказал телеканалу неназванный чиновник, отметив, что на это может уйти еще 5-7 дней.

✔️ [Подпишись на ТАСС в ""Максе""](https://max.ru/tass_agency)",45591,38,,tass_agency
377375,2026-05-24T22:12:01+00:00,"**Финляндия не готова открыть границу с Россией,** заявил Стубб в интервью Yle Radio Suomi.

Нет гарантий, что РФ не будет использовать мигрантов и беженцев ""в качестве орудия"" против его страны, отметил финский президент. При этом он не привел ни одного случая применения Москвой подобных мер.",51681,140,,tass_agency
377374,2026-05-24T21:09:55+00:00,"Система ПВО Украины не смогла отразить удары российских ракет по военным объектам в Киеве минувшей ночью. Об этом сообщило украинское издание ""Страна"" со ссылкой на источники.",53528,76,,tass_agency
377373,2026-05-24T19:39:01+00:00,"Взрослый россиянин может употреблять порцию окрошки в 350-400 г без вреда для здоровья, рассказала ТАСС врач-эндокринолог и диетолог Дарья Подчиненова.

Для приготовления эксперт рекомендовала использовать только натуральный квас или кефир.

✔️ [Подпишись на ТАСС в ""Максе""](https://max.ru/tass_agency)",52702,342,,tass_agency
377372,2026-05-24T19:12:04+00:00,"Обучение в Старобельском профессиональном колледже Луганского педуниверситета будет продолжено в дистанционном режиме, сообщает ректор.

Отмечается, что экзаменационные комиссии в полном составе готовы приступить к итоговой аттестации в колледже дистанционно.",52491,39,,tass_agency
377371,2026-05-24T18:49:15+00:00,"▶️ Футболисты ""Спартака"" сломали трофей после победы в Кубке России, сообщает корреспондент ТАСС с места событий.

Видео: Официальный Telegram-канал FONBET Кубка России по футболу/Роман Шлуинский/ТАСС

✔️ [Подпишись на ТАСС в ""Максе""](https://max.ru/tass_agency)",52680,394,,tass_agency
377370,2026-05-24T18:30:57+00:00,"**Британия и Франция отказались тратить 0,25% ВВП на военную помощь Украине**, сообщает газета The Sunday Telegraph со ссылкой на источники.

Предложение генсека НАТО также отвергли Испания, Италия и Канада. Как говорится в статье, Рютте** **надеялся, что инициативу одобрят на саммите альянса 7-8 июля.",47254,116,,tass_agency
377361,2026-05-24T17:55:15+00:00,"📷 Парад корги прошел в Москве в парке ""Сокольники"".

Фото: Артем Геодакян/ТАСС

✔️ [Подпишись на ТАСС в ""Максе""](https://max.ru/tass_agency)",46097,601,,tass_agency
377360,2026-05-24T17:41:02+00:00,"**Публичный конфликт разгорелся между министром обороны Украины Федоровым и главкомом ВСУ Сырским **из-за контроля над закупками вооружений, сообщили ТАСС силовики.

По словам собеседника агентства, глава оборонного ведомства пытается полностью отстранить кадровых военнослужащих от обеспечения армии.",43717,90,,tass_agency
377355,2026-05-24T17:23:57+00:00,"🏆 Московский ""Спартак"" обыграл ""Краснодар"" в суперфинале Кубка России по футболу и в пятый раз завоевал трофей.

Видео: Роман Шлуинский/Андрей Пчелинцев/ТАСС
Фото: Сергей Фадеичев/ТАСС

✔️ [Подпишись на ТАСС в ""Максе""](https://max.ru/tass_agency)",41958,131,,tass_agency
377354,2026-05-24T17:10:06+00:00,"**Эксперт назвала самое полезное мороженое:** полезными считаются классический сливочный пломбир и фруктовый сорбет на природных загустителях из-за сбалансированного состава, рассказала ТАСС Анна Косенкова.

Однако злоупотреблять ими в жаркую погоду не стоит из-за калорийности и высоких рисков переохлаждения, отметила врач.

✔️ [Подпишись на ТАСС в ""Максе""](https://max.ru/tass_agency)",40996,166,,tass_agency
377353,2026-05-24T17:00:44+00:00,"**Главные новости к этому часу:**

▪️""Я вижу терроризм"". ТАСС собрал [основное](https://tass.ru/obschestvo/27515529) о визите зарубежных журналистов на место трагедии в Старобельске.

▪️ВС РФ [нанесли](https://tass.ru/armiya-i-opk/27513209) ответный удар ""Орешником"" по объектам военного управления Украины, заявили в Минобороны России.

▪️При атаке ВСУ на колледж в Старобельске [пострадали](https://tass.ru/proisshestviya/27513559) больше 60 детей, заявила омбудсмен Яна Лантратова.

▪️ВСУ [атаковали](https://tass.ru/proisshestviya/27514355) ж/д пути в Льговском районе Курской области.

▪️Мэр столицы Кабардино-Балкарии Таймураз Ахохов [умер](https://tass.ru/politika/27512567) на 55-м году жизни.

▪️В Москве в ДТП попала [машина футболиста](https://tass.ru/proisshestviya/27515097) Александра Прудникова.

▪️Число погибших при взрыве на железной дороге в Пакистане [достигло ](https://tass.ru/proisshestviya/27514841)24.

▪️Александер Стубб [допустил](https://tass.ru/mezhdunarodnaya-panorama/27514739), что Европа может вступить в диалог с Россией уже в текущем году. 

▪️В Петербурге [задержали](https://tass.ru/proisshestviya/27513431) мужчину, стрелявшего в 11-летнего уличного музыканта.

▪️Спасатели Южной Осетии [нашли тело](https://tass.ru/proisshestviya/27513019) россиянки Анны Тыц, упавшей в горную реку и пропавшей 21 мая. 

▪️Дожди [будут идти](https://tass.ru/obschestvo/27514293) в Москве всю предстоящую рабочую неделю.

✔️ [Подпишись на ТАСС в ""Максе""](https://max.ru/tass_agency)",43180,34,,tass_agency
377352,2026-05-24T16:44:00+00:00,"❗️Роскомнадзор не получал решений уполномоченных органов об ограничении Deepseek, сообщает ведомство.

✔ [Подпишись на ТАСС / Мир в ""Максе""](https://max.ru/mir_tass)",44126,142,,tass_agency
377351,2026-05-24T16:24:08+00:00,"💶 **Во Франции задержали участников банды, угнавшей автомобили на €2 млн**. Около 50 человек украли десятки дорогих машин с охраняемой парковки в Париже в ночь с 16 на 17 мая, пишет газета Le Figaro.

21 из 27 автомобилей нашли. Среди них Porsche, Ferrari и Maserati. Некоторые из машин оказались ""повреждены или частично сожжены"". При этом злоумышленники успели развезти их по всей стране.",40822,76,,tass_agency
377345,2026-05-24T16:04:41+00:00,"📸 Фестиваль цветов в узбекском Намангане вошел в Книгу рекордов Гиннесса — для него за один месяц высадили более 29,4 млн растений. 

Фото и видео: Дарья Храмочкина/ТАСС

✔ [Подпишись на ТАСС / Мир в ""Максе""](https://max.ru/mir_tass)",39611,162,,tass_agency
377344,2026-05-24T15:51:16+00:00,"▶️ КНР запустила космический корабль ""Шэньчжоу-23"", сообщило Центральное телевидение Китая.

Видео: CGTN Europe Breaking News/Х

✔️ [Подпишись на ТАСС в ""Максе""](https://max.ru/tass_agency)",42114,78,,tass_agency
377343,2026-05-24T15:39:59+00:00,"▶️ Финал Кубка России по футболу начался с минуты молчания в память о жертвах теракта в Старобельске, сообщает корреспондент ТАСС с места событий.

Видео: Даниил Сорокин/ТАСС

✔️ [Подпишись на ТАСС в ""Максе""](https://max.ru/tass_agency)",46047,54,,tass_agency
377342,2026-05-24T15:23:59+00:00,"☁️ Дожди будут идти в Москве всю предстоящую рабочую неделю. Температура воздуха заметно понизится, сообщили ТАСС в Гидрометцентре.

Днем в понедельник столбики термометров не поднимутся выше 21 градуса тепла.

✔️ [Подпишись на ТАСС в ""Максе""](https://max.ru/tass_agency)",42444,146,,tass_agency
377338,2026-05-24T15:07:39+00:00,"▶️ **Машина российского футболиста Александра Прудникова попала в ДТП в Москве**, сообщил источник ТАСС в правоохранительных органах. Есть пострадавшая.

Прудников играл за ""Спартак"", также выступал за ""Динамо"", ""Рубин"", ""Анжи"" и ряд других клубов.

Видео и фото: Илья Лазарев/ТАСС

✔️ [Подпишись на ТАСС в ""Максе""](https://max.ru/tass_agency)",39914,45,,tass_agency
377337,2026-05-24T15:03:03+00:00,"🚨 Один человек погиб в результате массового ДТП с участием 13 автомобилей в Подмосковье. Шестеро обратились за медпомощью, сообщили в ГУ МВД по Московской области.

Предварительная причина ДТП — выезд на встречную полосу грузовой машины с полуприцепом.

✔ [Подпишись на ТАСС в ""Максе""](https://max.ru/tass_agency)",40182,52,,tass_agency
377336,2026-05-24T15:00:59+00:00,"❗️На международный форум по безопасности в РФ приедут 140 делегаций из 120 стран, сообщает СБ РФ.

В работе форума примут участие неофициальные представители из 12 недружественных стран.",41154,91,,tass_agency
377335,2026-05-24T14:51:46+00:00,"🚨 13 машин столкнулись в Подмосковье. Массовое ДТП произошло на Ярославском шоссе, сообщили в Мособлпожспасе.",40890,158,,tass_agency
377334,2026-05-24T14:44:09+00:00,"▶️ Владимир Путин встретился с патриархом Кириллом, чтобы поздравить его с днем тезоименитства.

Видео: Kremlin. ru

✔ [Подпишись на ТАСС в ""Максе""](https://max.ru/tass_agency)",40803,51,,tass_agency
377333,2026-05-24T14:37:41+00:00,"Семьи с детьми должны иметь право на выплаты в 10 тыс. рублей по модели безусловного базового дохода, начать можно с двух таких выплат — к 1 июня и 1 сентября, заявил ТАСС депутат ГД Николай Новичков.",41813,91,,tass_agency
377332,2026-05-24T14:30:51+00:00,"▶️ Такие проявления фашизма, как при ударе по колледжу в ЛНР, недопустимы в XXI веке, заявил Пасечник.

Видео: Евгений Мартынов/ТАСС

✔ [Подпишись на ТАСС в ""Максе""](https://max.ru/tass_agency)",41550,72,,tass_agency
377331,2026-05-24T14:23:03+00:00,"Стубб допустил, что Европа может вступить в диалог с Россией уже в текущем году. 

Также в ответ на вопрос слушателей телерадиокомпании Yle, готов ли он выступить посредником, президент Финляндии сказал, что ""если попросят, то, вероятно, будет сложно ответить отрицательно"".

✔ [Подпишись на ТАСС в ""Максе""](https://max.ru/tass_agency)",42301,68,,tass_agency
377330,2026-05-24T13:58:35+00:00,"❗️При атаке ВСУ на колледж в Старобельске пострадали 65 детей, сообщил Пасечник.",41561,59,,tass_agency
377329,2026-05-24T13:56:30+00:00,"▶️ Раненые дети босиком бежали в укрытие из разрушенного общежития в ЛНР, рассказал ТАСС командир отделения пожарно-спасательной части МЧС ЛНР Роман Антонов.

Видео: Евгений Мартынов/ТАСС

✔ [Подпишись на ТАСС в ""Максе""](https://max.ru/tass_agency)",44426,66,,tass_agency
377328,2026-05-24T13:50:11+00:00,"**Петербуржец облил свою бывшую девушку кислотой после ссоры**, выстрелил из сигнального пистолета, нанес ей ножевые ранения и скрылся. 27-летний мужчина задержан, сообщила Ирина Волк.

Преступление было совершено вечером 23 мая в квартире одного из домов на Железноводской улице. Пострадавшая была госпитализирована в тяжелом состоянии.",58885,273,,tass_agency
377327,2026-05-24T13:43:28+00:00,"▶️ Удар ВСУ по учебному корпусу и общежитию в Старобельске мог быть связан с желанием уничтожить русский язык. Таким мнением с ТАСС поделился греческий журналист Димитрис Ляцос.

Видео: Евгений Мартынов/ТАСС

✔ [Подпишись на ТАСС в ""Максе""](https://max.ru/tass_agency)",47430,135,,tass_agency
377326,2026-05-24T13:36:01+00:00,"🚨 Число погибших при взрыве на железной дороге в Пакистане достигло 24. Более 50 человек получили ранения, пишет Pakistan Observer.",40333,10,,tass_agency
377325,2026-05-24T13:31:51+00:00,"▶️ Иностранные журналисты прибыли в республиканскую больницу Луганска, куда госпитализированы тяжелораненые из педколледжа Старобельска, передает корреспондент ТАСС.

Видео: Евгений Мартынов/ТАСС

✔ [Подпишись на ТАСС в ""Максе""](https://max.ru/tass_agency)",45852,110,,tass_agency
377324,2026-05-24T13:16:36+00:00,"▶️ Кадры из разрушенного общежития в Старобельске.

Видео: Александр Река/ТАСС

✔ [Подпишись на ТАСС в ""Максе""](https://max.ru/tass_agency)",41503,87,,tass_agency
377323,2026-05-24T13:02:17+00:00,"▶️ ВСУ специально мешали доставать детей из-под завалов в Старобельске, рассказал ТАСС командир отделения пожарно-спасательной части МЧС ЛНР Роман Антонов.

Видео: Евгений Мартынов/ТАСС

✔ [Подпишись на ТАСС в ""Максе""](https://max.ru/tass_agency)",43341,135,,tass_agency
377322,2026-05-24T12:49:01+00:00,"▶️ Шеф-корреспондент Al Arabiya Саад Халаф в беседе с ТАСС поблагодарил российскую сторону за возможность увидеть правду на месте трагедии в Старобельске.

Видео: Евгений Мартынов/ТАСС

✔ [Подпишись на ТАСС в ""Максе""](https://max.ru/tass_agency)",43189,122,,tass_agency
377321,2026-05-24T12:43:32+00:00,"Кадры французских журналистов из Старобельска могли бы укрепить Макрона в мысли, что он поддержкой Киева финансирует терроризм, заявила ТАСС Мария Захарова.

✔ [Подпишись на ТАСС в ""Максе""](https://max.ru/tass_agency)",43862,87,,tass_agency
377320,2026-05-24T12:41:46+00:00,"📞 Лукашенко и Макрон провели телефонный разговор по инициативе французской стороны, сообщает ""Пул первого"".

Лидеры обсудили региональные проблемы и взаимоотношения Белоруссии с ЕС.",43245,86,,tass_agency
377319,2026-05-24T12:32:57+00:00,"▶️ Украинские власти убивают жителей Донбасса, при этом называя их ""своими"", рассказала Яна Лантратова.

Видео: Евгений Мартынов/ТАСС

✔ [Подпишись на ТАСС в ""Максе""](https://max.ru/tass_agency)",45326,110,,tass_agency
377318,2026-05-24T12:22:53+00:00,"**ВСУ атаковали ж/д пути в Льговском районе Курской области**, **произошло возгорание вагона с топливом**. Погибших и пострадавших нет, сообщил Хинштейн.

Курские власти временно отселят 76 человек из близлежащего населенного пункта. 

✔ [Подпишись на ТАСС в ""Максе""](https://max.ru/tass_agency)",44349,47,,tass_agency
377317,2026-05-24T12:17:57+00:00,"**Большинство погибших в Старобельске студенток похоронят в подвенечных платьях**, рассказала Яна Лантратова.

Она подчеркнула, что возраст большей части погибших студентов — от 14 до 18 лет.",48253,286,,tass_agency
377316,2026-05-24T11:52:41+00:00,"▶️ Сестра одной из [погибших](https://t.me/tass_agency/377311) при атаке ВСУ на колледж рассказала, что девушка планировала свадьбу. Через месяц ее жених должен был вернуться из армии.

Видео: Вадим Белозерцев/ТАСС

✔ [Подпишись на ТАСС в ""Максе""](https://max.ru/tass_agency)",45226,118,,tass_agency
377315,2026-05-24T11:37:57+00:00,"Шесть человек, в том числе ребенок, пострадали в результате столкновения ""Камаза"" и пассажирской ""Газели"" в Дагестане, сообщает МЧС.",43986,22,,tass_agency
377314,2026-05-24T11:28:50+00:00,"▶️ Журналист итальянской газеты La Stampa Джованни Пигни назвал ужасными последствия атаки ВСУ на общежитие в Старобельске ЛНР, передает корреспондент ТАСС.

Видео: Александр Река/Евгений Мартынов/ТАСС

✔ [Подпишись на ТАСС в ""Максе""](https://max.ru/tass_agency)",47623,196,,tass_agency
377313,2026-05-24T11:25:57+00:00,"**Мошенники стали чаще использовать схему с голосовым подтверждением в начале аферы**, сообщили в МВД.

Злоумышленники звонят от имени поликлиники, оператора связи или госоргана и просят повторить фразу, касающуюся ""подтверждения"" неких данных. Затем они внушают жертве, что голос использовался для оформления доверенности, входа в сервисы или кражи биометрии, и приступают к классической атаке.",43726,220,,tass_agency
377312,2026-05-24T11:03:32+00:00,"▶️ Сотрудник МЧС РФ рассказал, как спасал детей после удара ВСУ по колледжу в Старобельске, передает корреспондент ТАСС. 

Видео: Александр Река/Евгений Мартынов/ТАСС

✔ [Подпишись на ТАСС в ""Максе""](https://max.ru/tass_agency)",45143,60,,tass_agency
377311,2026-05-24T10:59:00+00:00,"▶️ Первые похороны после атаки ВСУ на колледж прошли в Старобельске. 

Похоронили одну из погибших студенток — Анну Погрибниченко, передает корреспондент ТАСС.

Видео: Вадим Белозерцев/ТАСС

✔ [Подпишись на ТАСС в ""Максе""](https://max.ru/tass_agency)",43230,104,,tass_agency
377310,2026-05-24T10:38:10+00:00,"▶️ Западные СМИ не прокомментировали атаку ВСУ на общежитие в Старобельске ЛНР, для них ""ничего не случилось"", заявил ТАСС ирландский журналист Боуз.

Видео: Александр Река/Евгений Мартынов/ТАСС

✔ [Подпишись на ТАСС в ""Максе""](https://max.ru/tass_agency)",45040,187,,tass_agency
377309,2026-05-24T10:35:42+00:00,"▶️ **Ирландский журналист Боуз назвал атаку ВСУ на общежитие в Старобельске ЛНР терроризмом**, военных объектов на месте он не увидел.

По его словам, западным журналистам преподнесли атаку ВСУ на общежитие в Старобельске ЛНР как несчастный случай.

Видео: Александр Река/Евгений Мартынов/ТАСС",47499,248,,tass_agency
377308,2026-05-24T10:25:48+00:00,"▶️ Яна Лантратова назвала атаку на колледж в Старобельске и реакцию Запада на трагедию абсолютным лицемерием.

Видео: Евгений Мартынов/Александр Река/ТАСС

✔ [Подпишись на ТАСС в ""Максе""](https://max.ru/tass_agency)",67027,117,,tass_agency
377307,2026-05-24T10:10:49+00:00,"⚡️ В результате удара ВС РФ в Киеве и Киевской области поражены пункты управления главного командования сухопутных войск, ГУР МО Украины, сообщает МО РФ.",57419,401,,tass_agency
377306,2026-05-24T10:10:13+00:00,"Среди пораженных 24 мая в ходе удара по Киеву и Киевской области ракетами ""Орешник"", ""Искандер"", ""Кинжал"" — **объекты украинского ВПК**, сообщили в МО РФ.

✔ [Подпишись на ТАСС в ""Максе""](https://max.ru/tass_agency)",49756,177,,tass_agency
377305,2026-05-24T10:09:30+00:00,"❗️ По объектам гражданской инфраструктуры Украины никаких ударов не планировалось и не осуществлялось, сообщает МО РФ.",49772,143,,tass_agency
377304,2026-05-24T09:56:46+00:00,"▶️ Иностранные журналисты на месте атаки ВСУ на колледж в Старобельске.

Видео: Евгений Мартынов/ТАСС

✔ [Подпишись на ТАСС в ""Максе""](https://max.ru/tass_agency)",52651,233,,tass_agency
377303,2026-05-24T09:53:11+00:00,"📹 **При атаке ВСУ на колледж в Старобельске пострадали больше 60 детей**, заявила Лантратова.

По ее словам, ВСУ ждали, когда дети начнут выбегать из общежития в Старобельске ЛНР, для нанесения ударов.

Видео: Евгений Мартынов/Александр Река/ТАСС

✔ [Подпишись на ТАСС в ""Максе""](https://max.ru/tass_agency)",49897,162,,tass_agency
377302,2026-05-24T09:43:05+00:00,"❗️**Иностранные журналисты прибыли на место атаки ВСУ на педколледж в Старобельске ЛНР**, передает корреспондент ТАСС.

На место удара ВСУ также прибыла уполномоченный по правам человека в РФ Яна Лантратова.",53455,128,,tass_agency
377301,2026-05-24T09:32:11+00:00,"**В Петербурге задержали мужчину, стрелявшего в 11-летнего уличного музыканта**, сообщила Ирина Волк.

По ее словам, 23 мая мальчик играл на улице на саксофоне. Это не понравилось мужчине из соседнего дома. Решив ""наказать"" музыканта, злоумышленник из окна выстрелил в него из пневматического оружия. Ребенок госпитализирован.

✔ [Подпишись на ТАСС в ""Максе""](https://max.ru/tass_agency)",49935,122,,tass_agency
377300,2026-05-24T08:54:23+00:00,"Причиной смерти Таймураза Ахохова могла стать тромбоэмболия. Мэр столицы Кабардино-Балкарии скоропостижно умер у себя дома, сообщили ТАСС в оперативных службах региона.",49533,38,,tass_agency
377299,2026-05-24T08:37:04+00:00,❕Исполком Европейского гимнастического союза вернул флаг и гимн российским спортсменам.,49834,96,,tass_agency
377298,2026-05-24T08:34:09+00:00,"**Главное из нового брифинга Минобороны России:**

▪️Силами Черноморского флота уничтожен безэкипажный катер ВСУ;

▪️ВС РФ поразили объекты нефтепереработки, энергетики и транспорта, используемые в интересах ВСУ ;

▪️Средства ПВО РФ сбили 7 управляемых авиационных бомб, 6 ракет РСЗО Vampire чешского производства и 320 БПЛА;

▪️ВСУ потеряли за сутки порядка 1 065 военных.

✔ [Подпишись на ТАСС в ""Максе""](https://max.ru/tass_agency)",51705,82,,tass_agency
377297,2026-05-24T08:30:06+00:00,"⚡️ВС РФ нанесли массированный удар комплексом ""Орешник"", ракетами ""Искандер"", ""Кинжал"", ""Циркон"" по объектам военного управления Украины, сообщили в МО РФ.

Удар нанесен в ответ на террористические атаки Украины по гражданским объектам РФ.",53922,409,,tass_agency
377296,2026-05-24T08:00:08+00:00,"▶️ Люди второй день несут цветы и мягкие игрушки к стихийному мемориалу в Старобельске в знак траура о погибших студентах колледжа, передает корреспондент ТАСС.

Видео: Евгений Мартынов/ТАСС

✔ [Подпишись на ТАСС в ""Максе""](https://max.ru/tass_agency)",49970,76,,tass_agency
377295,2026-05-24T07:49:30+00:00,"Спасатели Южной Осетии нашли тело россиянки Анны Тыц, упавшей в горную реку и пропавшей 21 мая, в 35 км ниже по течению от места происшествия, сообщили в МЧС республики.",45945,26,,tass_agency
377294,2026-05-24T07:32:17+00:00,"❗️Более 50 журналистов из 19 стран направились на место трагедии в Старобельске, сообщила Мария Захарова.

✔ [Подпишись на ТАСС в ""Максе""](https://max.ru/tass_agency)",50501,142,,tass_agency
377293,2026-05-24T07:18:01+00:00,"**Необходимости предоставлять страховку для регистрации автомобиля в России нет**, сообщили ТАСС в пресс-центре МВД РФ.

Кроме того, скорректирован порядок прекращения и возобновления государственного учета транспортных средств, а также внесены другие изменения для приведения административных процедур, связанных с государственной регистрацией транспортных средств.",48892,63,,tass_agency
377292,2026-05-24T07:06:01+00:00,"Мэр столицы Кабардино-Балкарии Таймураз Ахохов умер на 55-м году жизни, сообщили в администрации главы региона.",46113,67,,tass_agency
377291,2026-05-24T07:00:23+00:00,"**Главные новости к этому часу:**

▪Число погибших в колледже в Старобельске [увеличилось](https://tass.ru/proisshestviya/27511211) до 21, поисковые работы завершены, сообщили в МЧС.

▪Зеленский и его свора ударом по колледжу в ЛНР вызвали жесткий ответ России, [заявил](https://tass.ru/politika/27512719) Медведев.

▪Стрельба произошла у Белого дома, где находился Трамп. Главное — в [материале](https://tass.ru/proisshestviya/27511563) ТАСС.

▪Трамп [заявил](https://tass.ru/mezhdunarodnaya-panorama/27511235), что проект будущего соглашения с Ираном в целом согласован.

▪Российские спортсменки [выступят](https://tass.ru/sport/27512201) под флагом своей страны на чемпионате Европы по художественной гимнастике в Болгарии.

▪Не менее 16 человек [погибли](https://tass.ru/proisshestviya/27512637), несколько пострадали при подрыве поезда в Пакистане.

▪В Белграде [закончились](https://tass.ru/mezhdunarodnaya-panorama/27511433) столкновения протестующих с полицией.

▪Отношения Армении с США и ЕС не нацелены против России, [сообщили](https://tass.ru/mezhdunarodnaya-panorama/27511123) в армянском МИД.

▪Обещанного Евросоюзом Украине кредита в €90 млрд хватит менее чем на год, следует из [подсчетов](https://tass.ru/mezhdunarodnaya-panorama/27512025) ТАСС.

▪Российские власти [продумают возможность](https://tass.ru/obschestvo/27511959) поэтапно допускать начинающих водителей к управлению автомобилем.

✔ [Подпишись на ТАСС в ""Максе""](https://max.ru/tass_agency)",45846,14,,tass_agency
377290,2026-05-24T06:55:01+00:00,"▶️ При подрыве поезда в Пакистане пострадало более 20 человек, сообщает телеканал Geo.

Видео: Wolverine Update/Х

✔ [Подпишись на ТАСС в ""Максе""](https://max.ru/tass_agency)",40472,33,,tass_agency
377289,2026-05-24T06:50:09+00:00,"В ЛНР установили имена всех погибших при ударе ВСУ по колледжу в Старобельске, сообщили власти.

Фото: Официальный канал администрации Главы ЛНР в ""Максе""",50159,183,,tass_agency
377288,2026-05-24T06:49:09+00:00,"Зеленский и его свора террористическими ударами по детям вызвали жесткий ответ из России, заявил Медведев.

Также он добавил, что руины и пепел на месте столичных символов киевского режима деморализуют врага не слабее утраты боевого знамени.

✔ [Подпишись на ТАСС в ""Максе""](https://max.ru/tass_agency)",40392,109,,tass_agency
377287,2026-05-24T06:48:09+00:00,"❗️Медведев заявил, что по Украине ""надо бить — как сегодня и еще гораздо сильнее"".",41590,190,,tass_agency
377286,2026-05-24T06:46:47+00:00,"Польские самолеты были подняты в воздух якобы из-за активности авиации России, утверждает оперативное командование ВС Польши.",41308,38,,tass_agency
377285,2026-05-24T06:41:01+00:00,"**Госдума рассмотрит законопроект, направленный на повышение налоговых пошлин для мигрантов**, заявил Вячеслав Володин.

Инициативой предложено увеличить в 12 раз — с 4 200 до 50 000 рублей — размер пошлины при оформлении российского гражданства, в 8 раз — с 1 920 до 15 000 рублей — при оформлении разрешения на временное проживание, в 5 раз — с 6 000 до 30 000 рублей — при оформлении вида на жительство.

✔ [Подпишись на ТАСС в ""Максе""](https://max.ru/tass_agency)",52381,175,,tass_agency
377284,2026-05-24T06:29:24+00:00,"🚨 Не менее 16 человек погибли, несколько пострадали при подрыве поезда в Пакистане, сообщает агентство Associated Press of Pakistan.",40839,25,,tass_agency
377283,2026-05-24T06:20:10+00:00,"Путин поздравил лидеров африканских стран с Днем Африки и отметил, что будет рад их видеть в Москве на саммите в октябре.

Президент отметил общее стремление к построению многополярного мира без диктата и дискриминации.",51420,106,,tass_agency
377282,2026-05-24T06:04:30+00:00,"▶️ По меньшей мере 1 человек погиб и 17 пострадали в результате сильного ливня на юго-западе Китая, передает Xinhua.

В регионе выпало максимальное количество осадков — 296,6 миллиметров.

Видео: Shanghai Daily/Х

✔ [Подпишись на ТАСС в ""Максе""](https://max.ru/tass_agency)",44596,46,,tass_agency
377281,2026-05-24T05:24:09+00:00,"Документы в детский сад лучше подавать сразу после рождения ребенка и выбирать несколько подходящих учреждений, рассказал ТАСС депутат Госдумы Сергей Колунов (""Единая Россия"").

Очередь формируется по дате подачи заявления, поэтому ранняя регистрация повышает шансы попасть в нужный садик.

✔ [Подпишись на ТАСС в ""Максе""](https://max.ru/tass_agency)",47540,186,,tass_agency
377280,2026-05-24T04:43:45+00:00,Российские спортсменки **выступят под флагом своей страны** на чемпионате Европы по художественной гимнастике в Болгарии. Об этом сообщается на сайте European Gymnastics.,61855,143,,tass_agency
377279,2026-05-24T04:28:04+00:00,"За ночь над регионами РФ сбиты 33 украинских БПЛА, сообщили в Минобороны России.",53341,48,,tass_agency
377278,2026-05-24T04:25:25+00:00,"📹 Ветераны СВО готовы прийти друг другу на выручку, рассказал ТАСС Герой России Антон Старостин.

Видео: ТАСС

✔ [Подпишись на ТАСС в ""Максе""](https://max.ru/tass_agency)",46827,31,,tass_agency
377277,2026-05-24T04:13:05+00:00,"У Волчанска пропали без вести как минимум 786 военных ВСУ, сообщили ТАСС силовики.",45423,71,,tass_agency
377276,2026-05-24T03:51:04+00:00,"**Проект двустороннего меморандума о мире между США и Ираном** опубликовал портал Axios.

▪️Он предполагает продление прекращения огня на 60 дней.

▪️По проекту соглашения, США снимут блокаду с портов Ирана и ослабят санкции против него.

▪️Во время перемирия Ормузский пролив будет открыт для судоходства, а Иран сможет свободно торговать нефтью.

▪️Проект соглашения предусматривает, что Иран начнет расчищать Ормузский пролив от мин.

▪️США сохранят военное присутствие вокруг Ирана до заключения полноценной сделки.

▪️Иран и США во время перемирия продолжат переговоры по ядерной программе Тегерана.

✔ [Подпишись на ТАСС в ""Максе""](https://max.ru/tass_agency)",47602,119,,tass_agency
377275,2026-05-24T03:44:21+00:00,"🚨 Во Владимирской области в результате атаки БПЛА возник пожар площадью 800 кв. м, сообщил губернатор.",41868,70,,tass_agency
377274,2026-05-24T03:32:04+00:00,"**Обещанного Евросоюзом Украине кредита в €90 млрд хватит менее чем на восемь месяцев**, следует из подсчетов ТАСС.

Ранее в Киеве оценили текущий уровень расходов примерно в €387 млн в день. Доходы Украины в 2026 году при этом составляют около $69 млрд. Этого хватит всего на 153 дня ведения боевых действий.",43992,71,,tass_agency
377273,2026-05-24T03:24:04+00:00,"В РФ могут ввести для начинающих водителей поэтапный допуск к управлению авто. Это следует из утвержденного правительством документа, с которым ознакомился ТАСС.",50919,96,,tass_agency
377272,2026-05-24T03:12:08+00:00,"▶️ Операторы дронов уничтожили пункты управления БПЛА ВСУ в Харьковской области, сообщили в МО РФ.

Видео: Минобороны России/ТАСС

✔ [Подпишись на ТАСС в ""Максе""](https://max.ru/tass_agency)",43553,41,,tass_agency
377271,2026-05-24T02:38:04+00:00,"**Размер маткапитала в ближайшие годы превысит 1 млн руб**., сообщил ТАСС глава Минтруда РФ Антон Котяков.

Материнский капитал ежегодно индексируется, пояснил министр. Он также подчеркнул, что многодетные семьи при рождении третьего ребенка могут получить еще 450 тыс. рублей для погашения ипотеки.",42632,95,,tass_agency
377270,2026-05-24T02:26:04+00:00,"Спасатели в поисках Усольцевых под Красноярском прошли 6 км тайги. Семья не найдена, сообщает краевая служба ""Спасатель"".",42101,22,,tass_agency
377269,2026-05-24T02:12:04+00:00,"▶️ Расчеты войск беспилотных систем ВС РФ сорвали ротацию ВСУ у Доброполья, сообщили в МО РФ.

Видео: Минобороны России/ТАСС

✔ [Подпишись на ТАСС в ""Максе""](https://max.ru/tass_agency)",43110,42,,tass_agency
377268,2026-05-24T01:59:04+00:00,"Мошенники научились **подделывать всплывающие окна авторизации популярных сайтов**, сообщил ТАСС сенатор Шейкин.

▪️Настоящее всплывающее окно обычно можно **перемещать по экрану,** сворачивать или закрывать как отдельный элемент браузера. Фальшивое — часто ""приклеено"" к странице.

▪️Проверять подлинность можно путем **введения неправильного пароля: **если система принимает заведомо неправильные данные, то окно авторизации ненастоящее.

▪️Проверять нужно не только то, как выглядит окно, но и на каком именно ресурсе вы находитесь и **зачем вас просят вводить данные**.

Визуально у окна может быть тот же дизайн, те же кнопки, привычный адрес в верхней строке, знакомый интерфейс почтового сервиса или платформы, отметил он.",41297,351,,tass_agency
377267,2026-05-24T01:47:04+00:00,"**Подозреваемым в стрельбе рядом с Белым домом является Несир Бест**, сообщает NBC News со ссылкой источники.

Темнокожий мужчина был душевнобольным и верил, что он Иисус Христос, отмечает The New York Post.",38922,67,,tass_agency
377266,2026-05-24T01:39:22+00:00,"📹 Обстановка на территории комплекса Белого дома после стрельбы. 

Трамп и другие охраняемые лица не пострадали в ходе инцидента, сообщает Секретная служба. Никаких видимых дополнительных мер безопасности уже не принимается. 

Видео: Дмитрий Кирсанов/ТАСС

✔ [Подпишись на ТАСС в ""Максе""](https://max.ru/tass_agency)",41244,31,,tass_agency
377265,2026-05-24T00:46:04+00:00,"Мошенники начали добавлять жертв в закрытые чаты с рекламой **""гарантированного"" заработка от инвестиций.** Это следует из материалов МВД РФ, с которыми ознакомился ТАСС.

Отмечается, что вложить можно любую, даже небольшую сумму денег, при этом доход будет гораздо выше.",40143,66,,tass_agency
377264,2026-05-24T00:33:04+00:00,"**Необходимости массовой вакцинации россиян от вируса Эболы нет, **рассказал ТАСС научный руководитель НИЦЭМ имени Н. Ф. Гамалеи Гинцбург.

Эпидемиологический потенциал у вируса в РФ низкий, отметил он.",42642,27,,tass_agency
377263,2026-05-24T00:21:50+00:00,"▶️ Полиция просит не приближаться к улицам у Белого дома после стрельбы.

Виновник стрельбы умер в больнице, сообщает WSJ.

Видео: Дмитрий Кирсанов/ТАСС

✔ [Подпишись на ТАСС в ""Максе""](https://max.ru/tass_agency)",43258,49,,tass_agency
377262,2026-05-23T23:52:40+00:00,"Число возможных жертв лихорадки Эбола в ДР Конго превысило 200 человек, сообщило Министерство связи и по делам СМИ в X.",40335,38,,tass_agency
377261,2026-05-23T23:24:51+00:00,"**Виновник стрельбы у Белого дома выжил**, он госпитализирован в критическом состоянии. Пострадавший прохожий находится в тяжелом состоянии, сообщает CBS.

Виновник стрельбы возле Белого дома был вооружен пистолетом, сообщает NewsNation.",42584,72,,tass_agency
377260,2026-05-23T23:06:04+00:00,"**‎Отношения Армении с США и ЕС не нацелены против России**, заявил глава МИД Армении Мирзоян в беседе с news. am.

Он также отметил, что в Ереване надеются на скорое решение проблем с ввозом товаров в РФ. Многие из проблем с экспортом были и ранее, 10-15 лет назад: ввоз абрикосов, вина, водки и так далее, добавил министр.

✔ [Подпишись на ТАСС в ""Максе""](https://max.ru/tass_agency)",48050,78,,tass_agency
377259,2026-05-23T22:59:15+00:00,"Трамп не пострадал в результате стрельбы возле Белого дома, сообщает PBS.",43309,75,,tass_agency
377258,2026-05-23T22:55:35+00:00,"Инцидент у Белого дома исчерпан, **стрелявший нейтрализован**. Задет случайный прохожий, сообщает Fox News.

Ранее секретная служба США открыла ответный огонь по злоумышленнику, стрелявшему в направлении Белого дома.",55951,113,,tass_agency
377257,2026-05-23T22:37:35+00:00,"Трамп во время стрельбы находился в Белом доме, сообщает DC News Now.

✔ [Подпишись на ТАСС в ""Максе""](https://max.ru/tass_agency)",43984,98,,tass_agency
377256,2026-05-23T22:23:41+00:00,"📹 Серия выстрелов прозвучала возле Белого дома в Вашингтоне, сообщает NewsNation.

Видео: selinawangtv/X

✔ [Подпишись на ТАСС в ""Максе""](https://max.ru/tass_agency)",44859,143,,tass_agency
377255,2026-05-23T21:57:33+00:00,"Столкновения между полицией и противниками Вучича в Белграде закончились. По данным МВД республики, задержано 23 человека.",44132,34,,tass_agency
377254,2026-05-23T21:28:04+00:00,"**Фицо призвал к диалогу ЕС и РФ по Украине ради мира в Европе.**

""Без него единственный заблудившийся дрон — а таких в последнее время много, главным образом украинских, — может вызвать третью мировую войну. <...>. Если кто-то в странах ЕС устал от 80 лет мира, то это точно не я"", — сказал он.

✔ [Подпишись на ТАСС в ""Максе""](https://max.ru/tass_agency)",46697,109,,tass_agency
377253,2026-05-23T21:11:04+00:00,"**Соглашение между США и Ираном длиной в одну страницу могут обнародовать 24 мая,** сообщил корреспондент портала Axios Барак Равид.

По словам регионального источника, переговоры идут хорошо, написал он в X.",45011,45,,tass_agency
377252,2026-05-23T20:48:49+00:00,Глава ЛНР объявил 24 и 25 мая днями траура в память о жертвах удара ВСУ в Старобельске.,49452,102,,tass_agency
377251,2026-05-23T20:41:01+00:00,"**Проект будущего соглашения с Ираном в целом согласован, **заявил Трамп.

Он отметил, что в рамках сделки с Ираном Ормузский пролив будет открыт, другие детали вскоре объявят.

✔ [Подпишись на ТАСС в ""Максе""](https://max.ru/tass_agency)",48758,90,,tass_agency
377250,2026-05-23T20:35:41+00:00,"10 человек остаются в больницах после атаки беспилотников ВСУ на колледж в Старобельске. 32 пострадавшим помощь оказана амбулаторно, сообщают оперслужбы.",46838,48,,tass_agency
377249,2026-05-23T20:28:53+00:00,"❕ Число погибших в колледже в Старобельске увеличилось до 21, поисковые работы завершены, сообщили в МЧС.",52165,240,,tass_agency
377248,2026-05-23T19:53:00+00:00,"▶ Сотрудники правоохранительных органов оттеснили протестующих от лагеря сторонников Вучича возле парламента Сербии, передает корреспондент ТАСС.

Демонстранты подожгли мусорные баки и кидали бутылки в сотрудников полиции.

Видео: Иван Попов/ТАСС

✔ [Подпишись на ТАСС в ""Максе""](https://max.ru/tass_agency)",50771,92,,tass_agency
377247,2026-05-23T18:56:00+00:00,"▶ Часть студентов, спасаясь от налетающих на колледж Старобельска в ЛНР дронов, скрылась за туями, которые защитили их от осколков БПЛА. Об этом сообщила Марина Антонова — мать 15-летней студентки Марии Мысник.

Видео: Александр Река/ТАСС

✔ [Подпишись на ТАСС в ""Максе""](https://max.ru/tass_agency)",54275,110,,tass_agency
377246,2026-05-23T18:17:13+00:00,"Студент колледжа в Старобельске Максим Богач рассказал ТАСС, что первый дрон упал напротив охраны, затем два прилетели за учебный корпус — в парк. 

Сам он был присыпан обломками, получил травму головы. Волной взрыва его выбросило на улицу. Местные жители первыми пришли на помощь раненым студентам.",46629,71,,tass_agency
377240,2026-05-23T17:43:00+00:00,"Акция в память о жертвах обстрела Старобельского колледжа в Луганске.

Похороны погибших возьмут на себя власти и общественники, сообщает кабмин ЛНР.

Фото: Александр Река/ТАСС",51585,155,,tass_agency
377239,2026-05-23T17:18:01+00:00,"Пашинян заявил, что готов уйти с поста премьера, если против него выступят 300-500 тысяч граждан:

""Очень важно, брат, что как только 300-500 тыс. человек встанут рядом с тобой, обещаю, что через пять минут уйду. Идите собирайтесь. Если 50% +1 выскажется за то, чтобы Никол ушел, кто такой Никол, чтобы не уходить. Никол — слуга"".",56400,242,,tass_agency
377238,2026-05-23T17:01:01+00:00,"**Главные новости к этому часу:**

▪В ЛНР [установили](https://tass.ru/obschestvo/27510069) имена 17 погибших при ударе ВСУ по колледжу в Старобельске.

▪Россия в кратчайшие сроки организует поездку для иностранных корреспондентов на место удара в ЛНР, [заявила](https://tass.ru/politika/27509157) Мария Захарова.

▪Медведев [указал](https://tass.ru/politika/27508011) Пашиняну на неизбежность перехода Армении на европейские цены на газ.

▪Трамп [заявил](https://tass.ru/mezhdunarodnaya-panorama/27510255), что 24 мая примет решение о возможном возобновлении войны с Ираном.

▪В Анталье 2 из 14 россиян, пострадавших в результате ДТП, [ожидают](https://tass.ru/proisshestviya/27508401) операции, остальные вернулись в гостиницы.

▪Система ""Честный знак"" по поручению Роспотребнадзора [заблокировала](https://tass.ru/ekonomika/27509467) продажу 37 млн бутылок воды ""Джермук"" из Армении.

✔ [Подпишись на ТАСС в ""Максе""](https://max.ru/tass_agency)",43253,34,,tass_agency
377236,2026-05-23T16:38:38+00:00,"🚨 Два человека ранены в центре Луганска в результате атаки ВСУ при помощи дрона, сообщил Пасечник.

ВСУ атаковали центр Луганска в момент, когда республика переживает чудовищный удар по студенческому общежитию в Старобельске, отметил он.

Фото: Официальный Telegram-канал Главы ЛНР Леонида Пасечника; видео: Вадим Белозерцев/ТАСС",43207,115,,tass_agency
377235,2026-05-23T16:28:32+00:00,"🚨 Шесть человек пострадали в результате атак ВСУ на поселок Борисовка в Белгородской области, сообщает оперштаб.",40579,25,,tass_agency
377234,2026-05-23T16:22:00+00:00,"📹 Девушка, раненная при атаке ВСУ на колледж в ЛНР, и ее мать рассказали о трагедии.

Видео: Александр Река/ТАСС

✔ [Подпишись на ТАСС в ""Максе""](https://max.ru/tass_agency)",48030,165,,tass_agency
377233,2026-05-23T16:09:01+00:00,"Мединский назвал выродками представителей в ООН, не ""чувствующих стыда"" за Старобельск.

По школам, училищам, пионерским лагерям, по детям прицельно били только нацисты в Великую Отечественную, заявил Мединский, комментируя атаку на Старобельск.",45539,174,,tass_agency
377232,2026-05-23T16:03:00+00:00,"▶️ Попавший в плен колумбийский наемник Уильям-Андрес Гальего Ороско призвал сограждан в рядах ВСУ сдаваться в плен российским военным.

Видео: ТАСС

✔ [Подпишись на ТАСС в ""Максе""](https://max.ru/tass_agency)",40941,73,,tass_agency
377231,2026-05-23T15:48:22+00:00,"Трамп заявил в интервью Axios, что 24 мая примет решение о возможном возобновлении войны с Ираном.

✔ [Подпишись на ТАСС в ""Максе""](https://max.ru/tass_agency)",40938,120,,tass_agency
377230,2026-05-23T15:40:51+00:00,"🚨 ВСУ вновь ударили по транспортному цеху ЗАЭС, повреждены 8 автобусов для персонала, сообщили на станции.

ВСУ не снижают интенсивность атак по городу — спутнику ЗАЭС Энергодару, повреждены 2 пассажирских автобуса.",43795,64,,tass_agency
377229,2026-05-23T15:38:55+00:00,"▶️ Лантратова опубликовала кадры с места удара ВСУ по общежитию колледжа в Старобельске, где продолжаются спасательные работы.

Видео: Официальный канал уполномоченной по правам человека в России Яны Лантратовой в ""Максе""/ТАСС

✔ [Подпишись на ТАСС в ""Максе""](https://max.ru/tass_agency)",41976,108,,tass_agency
377225,2026-05-23T15:17:29+00:00,"Администрация главы ЛНР опубликовала список с именами 17 погибших, 43 раненых и 4 пропавших без вести при атаке ВСУ по колледжу в Старобельске.

Фото: Официальный канал администрации Главы ЛНР в ""Максе""",47619,231,,tass_agency
377224,2026-05-23T15:01:36+00:00,"❗️В ЛНР установили имена 17 из 18 погибших при ударе ВСУ по колледжу в Старобельске, сообщают власти.

✔ [Подпишись на ТАСС в ""Максе""](https://max.ru/tass_agency)",40084,57,,tass_agency
377223,2026-05-23T14:53:48+00:00,"Иран в рамках переговоров с США предложил приостановить обогащение урана выше 3,6% на 10 лет, сообщает Al Hadath со ссылкой на источники.",40361,35,,tass_agency
377222,2026-05-23T14:21:01+00:00,"▶️ В числе пострадавших при атаке на колледж есть несовершеннолетние, сообщила уполномоченный по правам ребенка в ЛНР Инна Швенк.

Видео: Евгений Мартынов/ТАСС

✔ [Подпишись на ТАСС в ""Максе""](https://max.ru/tass_agency)",41669,55,,tass_agency
377221,2026-05-23T14:17:19+00:00,"Рубио заявил о прогрессе на переговорах с Ираном и допустил появление ""новостей в ближайшие дни"".

Он добавил, что США решат проблему Ирана ""тем или иным способом"", но предпочитают дипломатию.

✔ [Подпишись на ТАСС в ""Максе""](https://max.ru/tass_agency)",43438,37,,tass_agency
377220,2026-05-23T13:49:39+00:00,"Система ""Честный знак"" по поручению Роспотребнадзора заблокировала продажу 37 млн бутылок воды ""Джермук"", сообщили в Центре развития перспективных технологий.",41090,152,,tass_agency
377219,2026-05-23T13:19:16+00:00,"Предварительно, под завалами общежития колледжа в Старобельске могут находиться еще 3 человека, сообщает МЧС.",40959,64,,tass_agency
377218,2026-05-23T13:17:21+00:00,"❗️Число погибших при атаке украинских боевиков на колледж в Старобельске увеличилось до 18, сообщает МЧС.

✔ [Подпишись на ТАСС в ""Максе""](https://max.ru/tass_agency)",42945,157,,tass_agency
377217,2026-05-23T13:09:02+00:00,"Зеленский отклонил предложение Мерца предоставить Украине ассоциированное членство в Евросоюзе, назвав его, в частности, ""несправедливым"". Об этом пишет Reuters.",47409,74,,tass_agency
377216,2026-05-23T13:01:23+00:00,"Студенты из Старобельска переведены на дистанционное обучение. Минпросвещения окажет поддержку пострадавшим.

Министерство также направит пострадавших студентов в детские центры.",41638,37,,tass_agency
377215,2026-05-23T12:48:01+00:00,"**Главное из заявлений Марии Захаровой о трагедии в Старобельске:**

▪Киевский режим каждый день бьет по гражданским объектам, дети — одна из главных его целей;

▪РФ в кратчайшие сроки организует поездку инкоров на место удара в Старобельске;

▪Токио запретил японским корреспондентам освещать теракт в Старобельске;

▪Корпорация Би-би-си отказалась приезжать в Старобельск. Это является доказательством намеренной лжи Запада;

▪Большое количество иностранных журналистов изъявило желание приехать на место трагедии;

▪Запад утратил человеческое достоинство, отрицая трагедию в Старобельске;

▪Россия получила после слов постпреда Латвии в ООН призывы, чтобы подобное больше там не раздавалось, потому что это прямая ложь.

✔ [Подпишись на ТАСС в ""Максе""](https://max.ru/tass_agency)",41876,114,,tass_agency
377214,2026-05-23T12:37:44+00:00,"❗️Тела еще четверых человек извлечены из-под завалов колледжа в Старобельске, число погибших увеличилось до 16, сообщает МЧС.",37322,164,,tass_agency
377213,2026-05-23T12:28:26+00:00,"❗️Большое количество иностранных журналистов изъявило желание приехать на место трагедии в Старобельске, заявила Мария Захарова.

✔ [Подпишись на ТАСС в ""Максе""](https://max.ru/tass_agency)",38168,93,,tass_agency
377212,2026-05-23T12:27:53+00:00,"Токио запретил японским корреспондентам освещать теракт в Старобельске, заявила Мария Захарова.

Также корпорация Би-би-си отказалась приезжать в Старобельск.",38303,147,,tass_agency
377211,2026-05-23T12:26:20+00:00,"РФ в кратчайшие сроки организует поездку инкоров на место удара в Старобельске, заявила Мария Захарова.

Киевский режим каждый день бьет по гражданским объектам, дети - одна из главных его целей, подчеркнула дипломат.",35523,61,,tass_agency
377210,2026-05-23T12:00:31+00:00,"▶️ Обстановка на месте трагедии в Старобельске.

Видео: Евгений Мартынов/ТАСС

✔ [Подпишись на ТАСС в ""Максе""](https://max.ru/tass_agency)",39431,70,,tass_agency
377209,2026-05-23T11:41:14+00:00,"☁️ В Москве за сутки выпала четверть месячной нормы осадков, сообщил ведущий специалист центра погоды ""Фобос"" Евгений Тишковец.",40007,63,,tass_agency
377208,2026-05-23T10:57:43+00:00,"🚨 ВСУ атаковали город — спутник ЗАЭС Энергодар и Каменку-Днепровскую, есть разрушения, сообщил Балицкий.

✔ [Подпишись на ТАСС в ""Максе""](https://max.ru/tass_agency)",45868,63,,tass_agency
377207,2026-05-23T10:32:59+00:00,"❗️До 12 выросло число погибших детей при атаке украинских беспилотников на колледж в Старобельске. Под завалами остаются 9 человек, сообщает МЧС.",42394,158,,tass_agency
377206,2026-05-23T10:26:01+00:00,"В Латвии неизвестный беспилотник упал в озеро и сдетонировал, сообщила полиция республики.

19 мая пресс-бюро СВР РФ сообщило, что киевские власти убедили Ригу дать согласие на проведение операции с применением беспилотников против России.",41719,100,,tass_agency
377205,2026-05-23T10:15:44+00:00,"❗️Британская телекорпорация Би-би-си официально отказалась посещать место трагедии в Старобельске, а компания CNN ""в отпуске"", сообщила Мария Захарова.

✔ [Подпишись на ТАСС в ""Максе""](https://max.ru/tass_agency)",41104,164,,tass_agency
377202,2026-05-23T09:54:01+00:00,"Установлены имена погибших и пострадавших студентов атакованного ВСУ колледжа в Старобельске ЛНР, сообщил Пасечник.

Фото: Официальный Telegram-канал Леонида Пасечника",39822,231,,tass_agency
377201,2026-05-23T09:52:01+00:00,"**В Анталье произошло ДТП с участием автобуса, в котором находились 14 российских туристов. **Они получили различные травмы и были доставлены в больницы, сообщили ТАСС в диппредставительстве на этом турецком курорте.

Двум пострадавшим планируется провести операции, заявили в генконсульстве.",37428,28,,tass_agency
377200,2026-05-23T09:44:55+00:00,"Продолжается поиск 10 пропавших без вести студенток атакованного ВСУ колледжа в Старобельске, сообщил Пасечник.",37408,46,,tass_agency
377199,2026-05-23T09:44:34+00:00,"❗️Число жертв удара ВСУ по колледжу в Старобельске увеличилось до 11, пострадавших — до 41, заявил Пасечник.

✔ [Подпишись на ТАСС в ""Максе""](https://max.ru/tass_agency)",35227,57,,tass_agency
377198,2026-05-23T09:40:23+00:00,"Средства ПВО отражают атаку беспилотников ВСУ в Старобельске ЛНР, где идут поисковые работы в поврежденном украинскими военными колледже, сообщил Мирошник.",35709,78,,tass_agency
377197,2026-05-23T09:32:01+00:00,"👔Медведев указал Пашиняну на неизбежность перехода Армении на европейские цены на газ.

""Как известно, тот, кто старается усидеть между стульями, рискует больно приземлиться прямо на свою вялую задницу"", — написал он и подчеркнул, что Пашинян именно это собрался сделать в ближайшее время, так как ""настойчиво затаскивает свою супердержаву в ЕС, при этом стараясь сохранить все выгоды от участия в ЕАЭС"".",36206,161,,tass_agency
377196,2026-05-23T09:28:00+00:00,Путин выразил соболезнования Си Цзиньпину в связи с катастрофой на угольной шахте в провинции Шаньси.,31344,53,,tass_agency
377195,2026-05-23T09:17:57+00:00,"**Главное из нового брифинга Минобороны России:**

▪️ВС РФ за сутки нанесли поражение предприятию военной промышленности Украины;

▪️Российские средства ПВО сбили за сутки 800 украинских беспилотников самолетного типа;

▪️Потери ВСУ за сутки составили порядка 1 210 военнослужащих на всех направлениях СВО.

✔ [Подпишись на ТАСС в ""Максе""](https://max.ru/tass_agency)",30288,44,,tass_agency
377194,2026-05-23T08:58:40+00:00,"**Главное из заявлений Лаврова на ежегодной Ассамблее Совета по внешней и оборонной политике:**

▪Армению пытаются втянуть в ошибочную логику, чтобы навредить России;

▪Запад пытается растащить союзников РФ, прежде всего ее соседей, включая Армению;

▪За СВО пристально наблюдают друзья и враги России;

▪Главная цель для укрепления роли России в мире — выполнить все задачи СВО;

▪В Евразии сейчас вовсю идет война нового типа;

▪В Латинской Америке еще не все закончено с точки зрения конфликтов.

✔ [Подпишись на ТАСС в ""Максе""](https://max.ru/tass_agency)",37254,99,,tass_agency
377193,2026-05-23T08:55:29+00:00,"Главная цель для укрепления роли России в мире — выполнить все задачи СВО, заявил Лавров.",29701,85,,tass_agency
377192,2026-05-23T08:54:45+00:00,"За СВО пристально наблюдают друзья и враги России, отметил Лавров.

✔ [Подпишись на ТАСС в ""Максе""](https://max.ru/tass_agency)",30483,22,,tass_agency
377191,2026-05-23T08:54:01+00:00,"Синоптик Александр Шувалов рассказал, что россиянам в течение ближайших 20 лет будет тяжелее переносить жару:

""Зима станет короче, будет расширение летнего периода и сокращение зимнего. Лето будет жарче, будет больше периодов с экстремальной жарой"".

Также будет происходить сдвиг природных зон на север. Степи будут завоевывать те места, где раньше были умеренные леса, а леса будут появляться в тундре.",32376,265,,tass_agency
377190,2026-05-23T08:53:13+00:00,"Армению пытаются втянуть в ошибочную логику, чтобы навредить России, заявил Лавров.

Запад пытается растащить союзников РФ, прежде всего ее соседей, включая Армению.",27561,69,,tass_agency
377189,2026-05-23T08:47:48+00:00,"▶ Лавров принимает участие в работе ежегодной XXXIV Ассамблеи Совета по внешней и оборонной политике. Присоединяйтесь к нашей [трансляции](https://t.me/tass_live/9476).

Видео: ТАСС/Ruptly",30118,27,,tass_agency
377188,2026-05-23T08:39:01+00:00,"**Стремление придерживаться антироссийского курса ведет ЕС к неизбежному экономическому кризису**, заявил колумнист портала L'Antidiplomatico Мишель Бланко.

Он отметил, что Россия продает энергоносители США и Индии, в то время как из-за бесполезной антироссийской позиции европейских бюрократов страны ЕС вынуждены его покупать в несколько раз дороже.",29036,32,,tass_agency
377187,2026-05-23T08:23:48+00:00,"Состояние одного из пострадавших при атаке БПЛА ВСУ в Старобельске крайне тяжелое, врачи борются за его жизнь, сообщает Минздрав РФ.

✔ [Подпишись на ТАСС в ""Максе""](https://max.ru/tass_agency)",31066,23,,tass_agency
377186,2026-05-23T08:22:20+00:00,"❕РФ в связи с заявлениями западников о том, что ударов по колледжу в ЛНР якобы не было, организовывает для инкоров посещение места трагедии, заявила Мария Захарова.",32240,105,,tass_agency
377185,2026-05-23T08:17:39+00:00,"**Станцию Джанкой в Крыму закрыли для посадки и высадки пассажиров**, на три часа опаздывают три поезда. Причины не уточняются, сообщает перевозчик ""Гранд Сервис Экспресс"" в Telegram-канале.

Опаздывают поезда №174 Евпатория — Москва отправлением 22 мая, №092 Севастополь — Москва отправлением 22 мая, а также №098 Симферополь — Москва отправлением 23 мая.",32385,76,,tass_agency
377184,2026-05-23T08:03:01+00:00,"▶️ Более 200 человек, представители МЧС, МВД и Минобороны Южной Осетии, а также БПЛА задействованы в поисках пропавшей россиянки Анны Тыц, сообщили в МЧС.

Видео: Пресс-служба МВД Южной Осетии/ТАСС

✔️ [Подпишись на ТАСС в ""Максе""](https://max.ru/tass_agency)",32219,24,,tass_agency
377183,2026-05-23T07:49:52+00:00,"👔Мария Захарова сравнила постпреда Латвии в ООН с медсестрами Саласпилса.

""Вот из таких, как представитель Латвии в ООН — Саниты Павлюты-Десландес, — в Саласпилсе набирали медсестер, отбиравших у детей кровь для солдат Третьего рейха"", — заявила представитель МИД РФ ""Известиям"".

Ранее постпред Латвии в ООН заявила, что удар ВСУ по зданию учебного корпуса и общежития Старобельского профессионального колледжа якобы является ""провокацией и фейком Кремля"".",31610,119,,tass_agency
377182,2026-05-23T07:31:39+00:00,"**Главные новости к этому часу:**

▪Число погибших при атаке ВСУ на общежитие колледжа в ЛНР [выросло](https://tass.ru/proisshestviya/27507193) до 10, пострадали 38 человек, сообщили ТАСС в МЧС.

▪ФСБ [предотвратила](https://tass.ru/proisshestviya/27507055) попытку теракта в Белгородской области с участием завербованной местной жительницы. 

▪82 человека [погибло](https://tass.ru/proisshestviya/27506855) в результате аварии в шахте в КНР.

▪Иран [обвинил](https://tass.ru/mezhdunarodnaya-panorama/27506187) США в провале обзорной конференции Договора о нераспространении ядерного оружия.

▪В Пентагоне и разведсообществе США [готовятся](https://tass.ru/mezhdunarodnaya-panorama/27505965) к ударам по Ирану в эти выходные, сообщает CBS со ссылкой на источники.

▪Трамп [подтвердил](https://tass.ru/mezhdunarodnaya-panorama/27504027), что Тулси Габбард покидает пост директора Национальной разведки США.

▪Минпросвещения [установило](https://tass.ru/obschestvo/27505843) порядок проведения последнего звонка в школах в 2026 году.

▪Зеленского и его покровителей в Европе ожидает Нюрнбергский трибунал, [заявил](https://tass.ru/politika/27507177) Володин.

▪Гарри Каспарова (признан в РФ иноагентом, внесен в реестр террористов) [объявили](https://tass.ru/proisshestviya/27506861) в международный розыск.

▪В России [приостановили](https://tass.ru/ekonomika/27506353) продажу некоторых видов коньяка и вин из Армении.

▪МВД [сообщило](https://tass.ru/obschestvo/27506193) об обмане подростков под предлогом проблем со сдачей ЕГЭ.

✔ [Подпишись на ТАСС в ""Максе""](https://max.ru/tass_agency)",32216,13,,tass_agency
377181,2026-05-23T07:27:48+00:00,Открытое горение ликвидировали в здании НИИ благородных и редких металлов и алмазов в Иркутске. Об этом сообщили в ГУ МЧС по региону.,30663,22,,tass_agency
377180,2026-05-23T07:07:01+00:00,"Допустимая порция клубники для взрослого человека при отсутствии противопоказаний **составляет в среднем 250-300 г в день**, сообщила ТАСС главный диетолог Москвы Антонина Стародубова.

Несмотря на полезные свойства и невысокую калорийность, клубнику не рекомендуется употреблять в чрезмерных количествах.",34675,301,,tass_agency
377179,2026-05-23T06:35:17+00:00,"▶️ Кадры предотвращения попытки теракта с участием завербованной Киевом жительницы Белгородской области.

Видео: ЦОС ФСБ России/ТАСС

✔️ [Подпишись на ТАСС в ""Максе""](https://max.ru/tass_agency)",46876,88,,tass_agency
377178,2026-05-23T06:23:46+00:00,"Судьба 11 студентов атакованного ВСУ колледжа в Старобельске остается неизвестной, сообщил Пасечник.",36304,74,,tass_agency
377177,2026-05-23T06:17:30+00:00,"🚨 Число погибших при атаке ВСУ на общежитие колледжа в ЛНР выросло до 10, пострадали 38 человек, сообщили ТАСС в МЧС.",49560,132,,tass_agency
377176,2026-05-23T06:12:54+00:00,"Европейские государства используют террористический киевский режим, чтобы остановить развитие России и уничтожить ее, заявил Володин.

Он добавил, что ВСУ наносят удары по гражданским объектам на территории России, понимая, что там находятся больницы, образовательные учреждения, жилые дома.

✔ [Подпишись на ТАСС в ""Максе""](https://max.ru/tass_agency)",39386,71,,tass_agency
377175,2026-05-23T05:51:53+00:00,"🚨 **ФСБ предотвратила попытку теракта в Белгородской области **с участием завербованной украинскими спецслужбами местной жительницы. 

Женщина избежала участи стать ""живой бомбой"", обратившись в органы безопасности. По плану куратора, она должна была изъять из тайника взрывное устройство, доставить его в людное место и активировать. Подрыв неминуемо привел бы к ее гибели и значительным жертвам среди гражданского населения.",43286,140,,tass_agency
377174,2026-05-23T05:35:16+00:00,"🚨 82 человека погибло после взрыва газа в угольной шахте в провинции Шаньси, сообщает Xinhua.

Отмечается, что лица, ответственные за инцидент, ""взяты под контроль"" в соответствии с законом, спасательные работы еще продолжаются. Других подробностей не приводится.

Видео: China Xinhua News/ТАСС

✔ [Подпишись на ТАСС в ""Максе""](https://max.ru/tass_agency)",37861,69,,tass_agency
377173,2026-05-23T05:13:53+00:00,"Гарри Каспарова* объявили в международный розыск за оправдание терроризма и нарушение порядка деятельности иноагента.

* Признан в РФ иноагентом, внесен в реестр террористов и экстремистов

✔ [Подпишись на ТАСС в ""Максе""](https://max.ru/tass_agency)",38167,108,,tass_agency
377172,2026-05-23T04:58:48+00:00,"ЕС вместо утверждений о ""фейках"" РФ об Армении лучше посмотреть видео Пашиняна, заявила Мария Захарова. 

Так дипломат прокомментировала публикации западных СМИ о якобы российской кампании по дезинформации в преддверии выборов в Армении.",36415,39,,tass_agency
377171,2026-05-23T04:37:57+00:00,"🚨 В Иркутске загорелся научный институт на площади 700 кв. м, сообщили в ГУ МЧС по региону.

Видео: Официальный канал МЧС Иркутской области в ""Максе""/ТАСС",35648,104,,tass_agency
377170,2026-05-23T04:33:22+00:00,Республика Конго заинтересована в углублении сотрудничества с Россией и ее опыте в области реагирования на новые вызовы безопасности. Об этом заявил министр Жан-Доминик Окемба в интервью ТАСС.,34550,28,,tass_agency
377169,2026-05-23T04:24:57+00:00,"Украинцы за неделю как минимум трижды успешно отбили мужчин у военкомов, свидетельствуют подсчеты ТАСС.

18 мая в Одесской области двое мужчин и женщина ворвались в больницу с оружием и отбили мужчину у ТЦК.

В Черкассах 19 мая жители одного из дворов выгнали военкомов. В тот же день во Львове толпа людей разбила окно в микроавтобусе ТЦК и достала ""бусифицированного"" мужчину.

✔ [Подпишись на ТАСС в ""Максе""](https://max.ru/tass_agency)",35692,46,,tass_agency
377168,2026-05-23T04:20:15+00:00,"🚨 Средства ПВО с 20:00 мск вчерашнего вечера сбили 348 украинских БПЛА, сообщили в Минобороны.",33694,41,,tass_agency
377167,2026-05-23T04:09:11+00:00,"Два беспилотника уничтожены в небе над Тульской областью, пострадавших нет, сообщил губернатор региона.",34993,11,,tass_agency
377166,2026-05-23T03:54:02+00:00,"Под Харьков на полигон ВСУ прибыла следственная группа из иностранцев, сообщили ТАСС в российских силовых структурах.

✔ [Подпишись на ТАСС в ""Максе""](https://max.ru/tass_agency)",37135,33,,tass_agency
377165,2026-05-23T03:42:01+00:00,"▶️ Характер ветеранов спецоперации придаст РФ ускорение в развитии, заявил ТАСС Герой России и военный корреспондент Евгений Поддубный.

Видео: ТАСС",36281,53,,tass_agency
377164,2026-05-23T03:41:26+00:00,"🚨 Пять беспилотников уничтожены в небе над Калужской областью, пострадавших нет, сообщил губернатор региона.",33234,11,,tass_agency
377163,2026-05-23T03:34:19+00:00,"✈️ Шереметьево принимает и отправляет самолеты по согласованию из-за временных ограничений, сообщили в Росавиации.",33031,21,,tass_agency
377162,2026-05-23T03:24:57+00:00,"Госдеп проводит программы по изучению инфекционных болезней, туберкулеза и ВИЧ в более чем 500 медучреждениях на Украине, в том числе 25 лабораториях. Об этом свидетельствуют данные посольства США на Украине, с которыми ознакомился ТАСС.

✔ [Подпишись на ТАСС в ""Максе""](https://max.ru/tass_agency)",34631,69,,tass_agency
377161,2026-05-23T03:20:01+00:00,"▶️ ВС РФ при помощи БПЛА отводят украинских боевиков от береговой линии Днепра, рассказал ТАСС оператор-корректировщик с позывным Жнец.

Видео: Даниил Михайлов/ТАСС",31935,12,,tass_agency
377160,2026-05-23T03:03:37+00:00,"Роспотребнадзор приостановил продажу в РФ ряда алкогольных напитков из Армении, сообщили в ведомстве.",32232,125,,tass_agency
377159,2026-05-23T02:55:51+00:00,"✈️ Аэропорт Домодедово принимает и отправляет самолеты по согласованию из-за временных ограничений, сообщили в Росавиации.

✔ [Подпишись на ТАСС в ""Максе""](https://max.ru/tass_agency)",31066,12,,tass_agency
377158,2026-05-23T02:49:48+00:00,"▶️ Авиарегулятор США зафиксировал ""аномалию"" во время полета ракеты Starship. 

Она затронула ракетный ускоритель Super Heavy во время разворота над Мексиканским заливом. Сообщений о пострадавших или повреждении имущества нет, говорится в заявлении ведомства.

Видео: SpaceX/X",32925,113,,tass_agency
377157,2026-05-23T02:32:57+00:00,Мошенники обманывают подростков под предлогом проблем с ЕГЭ и регистрацией на образовательных платформах. Об этом ТАСС сообщили в МВД в ответ на соответствующий запрос агентства.,30163,45,,tass_agency
377156,2026-05-23T02:22:58+00:00,"Мошенники рассылают сообщения от якобы председателей СНТ и требуют с граждан деньги на ""текущие расходы товариществ"". Об этом рассказал ТАСС сенатор Артем Шейкин.

✔ [Подпишись на ТАСС в ""Максе""](https://max.ru/tass_agency)",30986,75,,tass_agency
377155,2026-05-23T02:13:02+00:00,"▶️ ВСУ в Верхней Терсе перепутали бойцов РФ с сослуживцами и пустили на позиции, рассказал ТАСС штурмовик с позывным Бес.

Видео:  Игорь Романенков/ТАСС",32046,65,,tass_agency
377154,2026-05-23T01:51:57+00:00,"В Пентагоне и разведсообществе США готовятся к ударам по Ирану в эти выходные, сообщила CBS со ссылкой на источники.

Телекомпания подчеркивает, что по состоянию на вечер пятницы окончательного решения по поводу возможных новых ударов не принято.",29447,67,,tass_agency
377153,2026-05-23T01:29:57+00:00,"Экс-премьер Польши Лешек Миллер отметил лицемерие ЕС после слов Мадьяра о российском газе:

""Когда подобное утверждал Орбан, возмущение не знало границ. Говорили об ""агенте Кремля"", ""разрушении единства Запада"" и ""пророссийской риторике"". Когда же подобное заявляет новый премьер-министр Венгрии, это ""предвестник политического реализма, который все сильнее пробивается в Европе"". Ведь в политике главное не то, что говорят. Главное — кто говорит"".

✔ [Подпишись на ТАСС в ""Максе""](https://max.ru/tass_agency)",33848,88,,tass_agency
377152,2026-05-23T00:42:57+00:00,"Минпросвещения установило **порядок проведения последнего звонка** в школах в 2026 году. Соответствующие рекомендации имеются в распоряжении ТАСС.

Школам рекомендовано включить в сценарий церемонию поднятия флага и исполнение гимна, выступление родителей, в том числе представляющих разные народы, а также добавить в программу патриотические песни и номера, отражающие идеи единства народов России.",30733,136,,tass_agency
377151,2026-05-23T00:37:02+00:00,"▶️ FPV-дрон ""Буратино"" поразил цель ВСУ на рекордной дистанции в 85 км, сообщил ТАСС оператор-корректировщик с позывным Жнец.

Видео: Даниил Михайлов/ТАСС",29790,32,,tass_agency
377150,2026-05-23T00:32:23+00:00,"Отсутствие сборной России стало одной из причин отмены чемпионата мира по хоккею с мячом 2027 года. Представители Швеции, Норвегии и Финляндии подали предложение о проведении турнира раз в два года. Об этом сообщили в Международной федерации бенди.

✔ [Подпишись на ТАСС в ""Максе""](https://max.ru/tass_agency)",30964,25,,tass_agency
377149,2026-05-23T00:22:57+00:00,"Глава Нацразведки США Тулси Габбард опубликует перед отставкой итоги ряда громких расследований, сообщил The Daily Wire со ссылкой на источники.",33104,44,,tass_agency
377148,2026-05-22T23:37:57+00:00,"▶️ SpaceX запустила ракету-носитель с прототипом космического корабля Starship в 12-й испытательный полет.

Это самая большая ракета в истории, ее высота составляет 124 м, а тяга — около 8 тыс. тонн.

 Видео: SpaceX/X",33837,130,,tass_agency
377147,2026-05-22T23:11:18+00:00,"Количество пострадавших при атаке БПЛА на Новороссийск увеличилось до двух, сообщили в оперштабе Краснодарского края.

✔ [Подпишись на ТАСС в ""Максе""](https://max.ru/tass_agency)",30906,31,,tass_agency
377146,2026-05-22T23:09:57+00:00,"▶️ Золотые медалисты школ должны получать выплату в 5 тыс. рублей, заявил ТАСС Сергей Миронов.

Видео: Александра Горошилова/ТАСС",32090,70,,tass_agency
377145,2026-05-22T23:02:28+00:00,"В Новороссийске из-за атаки БПЛА пострадал один человек, сообщили в оперштабе Краснодарского края.",32297,27,,tass_agency
377144,2026-05-22T22:54:30+00:00,"🚨 Возгорание произошло на нефтебазе в Новороссийске из-за падения обломков БПЛА, сообщили в оперштабе Краснодарского края.

✔ [Подпишись на ТАСС в ""Максе""](https://max.ru/tass_agency)",33594,74,,tass_agency
377143,2026-05-22T22:39:57+00:00,"Западные европейцы должны принять, что мир изменился, есть другие страны, которые хотят иметь одинаковые возможности. Об этом заявил в интервью ТАСС заместитель генсека ООН Мигель Анхель Моратинос.",34956,36,,tass_agency
377142,2026-05-22T22:27:44+00:00,"🚨 16 человек пострадали в результате пожара и взрыва на барже в Нью-Йорке. Трое госпитализированы в тяжелом состоянии, сообщил телеканал CBS.

Отмечается, что травмы получили 13 пожарных, двое сотрудников скорой помощи и один прохожий.",34452,24,,tass_agency
377141,2026-05-22T22:11:36+00:00,"📹 В Донецке у разбитой ВСУ школы прошла памятная акция о трагедии в Старобельске, передает корреспондент ТАСС.

Видео: Сергей Гаврилюк/ТАСС

✔ [Подпишись на ТАСС в ""Максе""](https://max.ru/tass_agency)",34061,54,,tass_agency
377140,2026-05-22T21:55:07+00:00,"Обзорная конференция ДНЯО, проходящая в ООН, не смогла согласовать итоговый документ. Об этом сообщил постпред Вьетнама при ООН До Хунг Вьет.",31574,27,,tass_agency
377135,2026-05-22T21:37:57+00:00,"Нацисты в концлагере ""Шталаг-326"" вербовали украинцев и внушали ненависть к русским, следует из обнародованных документов ЦОС ФСБ.

Фото: ЦОС ФСБ",51007,381,,tass_agency
377134,2026-05-22T21:27:57+00:00,"В ООН согласны с Россией, что диалог о положении дел в мире абсолютно необходим. Об этом заявил в интервью ТАСС заместитель генсекретаря всемирной организации Мигель Анхель Моратинос.

✔ [Подпишись на ТАСС в ""Максе""](https://max.ru/tass_agency)",32870,48,,tass_agency
377133,2026-05-22T21:13:57+00:00,"Небензя ответил постпреду Дании при ООН на сомнения по поводу удара по Старобельску. Российский дипломат подчеркнул, что даже генштаб ВСУ подтвердил, что бил по этому городу.",34015,119,,tass_agency
377132,2026-05-22T21:11:12+00:00,"🚨 Мирный житель погиб в Брянской области после удара ВСУ по автомобилю, заявил врио губернатора.",34106,26,,tass_agency
377131,2026-05-22T21:05:57+00:00,"**Постпред РФ при ООН Василий** **Небензя заявил:**

▪️Уровень цинизма европейских членов СБ ООН зашкаливает;

▪️Ни один из европейских членов СБ ООН не удосужился упомянуть о погибших детях в Старобельске;

▪️Слушать выступления европейских членов СБ ООН — оскорбление чувств всех пострадавших;

▪️Постпред РФ при ООН сказал, что ему было отвратительно слышать выступления европейских членов СБ ООН.

Видео: ТАСС/Ruptly/UN Web TV

✔ [Подпишись на ТАСС в ""Максе""](https://max.ru/tass_agency)",45243,206,,tass_agency
377130,2026-05-22T20:58:43+00:00,"ВСУ за минувшие сутки атаковали школу и администрацию Энергодара, сообщил мэр города.",34043,52,,tass_agency
377129,2026-05-22T20:50:57+00:00,"Выступления европейских членов СБ ООН являются откровенным глумлением над детскими жертвами, заявил Небензя.",37265,129,,tass_agency
377128,2026-05-22T20:34:57+00:00,"Китай выразил обеспокоенность ударом по школе в Старобельске, заявил постпред КНР при ООН Фу Цун.

✔ [Подпишись на ТАСС в ""Максе""](https://max.ru/tass_agency)",36251,89,,tass_agency
377127,2026-05-22T20:31:57+00:00,"‎Армянский оппозиционер Андраник Теванян заключен под стражу в рамках дела о госизмене, сообщило Общественное телевидение.",36396,61,,tass_agency
377126,2026-05-22T20:06:56+00:00,"🚨 Сбиты еще три БПЛА, летевших на Москву, сообщил Собянин.",35594,43,,tass_agency
377125,2026-05-22T19:46:01+00:00,"**Удар ВСУ в Старобельске является военным преступлением. Главное из заявлений Небензи на заседании СБ ООН:**

▪Удар ВСУ по колледжу в ЛНР не мог быть случайным и не мог быть результатом работы ПВО. Рядом с колледжем нет никаких военных объектов;

▪Преднамеренный удар ВСУ по колледжу явно совершен с целью максимизировать количество жертв;

▪Киев использует для ударов по гражданской инфраструктуре России крылатые ракеты, дальнобойную реактивную артиллерию стран Запада;

▪Удар ВСУ является свидетельством террористической и античеловеческой сущности киевских властей;

▪Киевский неонацистский режим никогда не прекращал атаки на мирное население и гражданскую инфраструктуру России;

▪Киев в своей агонии наносит удары при попустительстве и замалчивании этих преступлений на Западе;

▪Число погибших и пострадавших от удара ВСУ по колледжу в Старобельске может вырасти;

▪Удар ВСУ подтверждает вероломство и недоговороспособность Киева;

▪Киев при поощрении западных спонсоров не настроен на мирное урегулирование и открыто его саботирует;

▪Россия располагает достоверной информацией, что западные столицы снабжают ВСУ разведданными;

▪Многие страны Запада являются основными поставщиками оружия режиму Зеленского и не скрывают, что считают это своим правом;

▪Без начала СВО на Украине трагедии, подобные произошедшей в Старобельске, происходили бы каждый день;

▪Небензя указал странам Запада, что их ответственность за соучастие в актах терроризма Киева будет неминуема;

▪Россия призывает мировую общественность дать честную оценку преступным действиям режима Зеленского;

▪Небензя призвал осудить теракт в Старобельске и указал, что молчание будет равносильно пособничеству кровавым деяниям киевских террористов.

Видео: ТАСС/Ruptly/UN Web TV

✔ [Подпишись на ТАСС в ""Максе""](https://max.ru/tass_agency)",44766,244,,tass_agency
377124,2026-05-22T19:40:29+00:00,"🚨 Силы ПВО Минобороны сбили два БПЛА, летевших на Москву, сообщил Собянин.",33862,26,,tass_agency
377123,2026-05-22T19:34:43+00:00,"Многие страны Запада являются основными поставщиками оружия режиму Зеленского и не скрывают, что считают это своим правом, заявил Небензя.",35463,41,,tass_agency
377122,2026-05-22T19:27:58+00:00,"Преднамеренный удар ВСУ по колледжу в Старобельске явно совершен с целью максимизировать количество жертв, заявил Небензя.

Этот удар является свидетельством террористической и античеловеческой сущности киевских властей.",36628,58,,tass_agency
377121,2026-05-22T19:26:58+00:00,"Удар ВСУ по колледжу в ЛНР не мог быть случайным и не мог быть результатом работы ПВО, заявил Небензя.

Он подчеркнул, что рядом с колледжем в Старобельске нет никаких военных объектов.",48173,81,,tass_agency
377120,2026-05-22T19:06:07+00:00,"▶ #Прямосейчас проходит запрошенное Россией экстренное заседание СБ ООН в связи с ударом ВСУ по общежитию в Старобельске. Присоединяйтесь к нашей [трансляции](https://t.me/tass_live?livestream).

Видео: ТАСС/Ruptly/UN Web TV",36732,54,,tass_agency
377119,2026-05-22T18:17:24+00:00,"Трамп подтвердил, что Тулси Габбард покидает пост директора Национальной разведки США.

Временно исполняющим обязанности главы Нацразведки будет первый заместитель Габбард Эрон Лукас, уточнил президент.",36040,41,,tass_agency
377118,2026-05-22T18:04:07+00:00,"Венгрия вводит запрет на импорт сельскохозяйственной продукции с Украины, сообщил премьер.",36373,117,,tass_agency
377117,2026-05-22T18:00:19+00:00,"**Главные новости к этому часу:**

▪Ответ на удар по Старобельску, ""Время героев"" и ситуация в зоне СВО. Главные заявления Путина — в [материале](https://tass.ru/obschestvo/27503011) ТАСС.

▪Пасечник [сообщил ](https://tass.ru/proisshestviya/27503811)о введении режима ЧС регионального характера из-за атаки на колледж в Старобельске.

▪ООН решительно [осуждает](https://tass.ru/obschestvo/27503569) любые нападения на гражданское население.

▪Собянин и Белозеров [открыли ](https://tass.ru/obschestvo/27500593)Ленинградский вокзал после масштабного обновления.

▪Студентку Костикову (внесена в РФ в перечень террористов) [приговорили](https://tass.ru/proisshestviya/27502683) к пяти годам колонии за попытку вступить в РДК (признан террористической организацией, запрещен в РФ).

▪Путин [присвоил](https://tass.ru/kultura/27501569) звание заслуженного деятеля искусств РФ Николаю Агутину.

▪Глава Нацразведки США Тулси Габбард [уходит](https://tass.ru/mezhdunarodnaya-panorama/27503765) в отставку из-за болезни мужа, сообщил Fox News.

▪Пентагон [обнародовал](https://tass.ru/mezhdunarodnaya-panorama/27500669) новые данные об НЛО.

▪Роспотребнадзор [приостановил](https://tass.ru/ekonomika/27502607) ввоз и оборот минеральной воды ""Джермук"".


✔ [Подпишись на ТАСС в ""Максе""](https://max.ru/tass_agency)",38509,16,,tass_agency
377116,2026-05-22T17:49:55+00:00,"▶️ Путин провел оперативное совещание с Совбезом.

Видео: ТАСС/Ruptly

✔ [Подпишись на ТАСС в ""Максе""](https://max.ru/tass_agency)",33336,66,,tass_agency
377115,2026-05-22T17:44:37+00:00,Путин на Совбезе РФ вновь назвал удар по Старобельску террористической атакой киевской хунты.,33524,66,,tass_agency
377114,2026-05-22T17:38:01+00:00,"**Британия проводит моделирование военных действий против России на территории Эстонии.** События данного сценария происходят в 2030 году, сообщил телеканал Sky News.

Телеканал назвал необычным тот факт, что МО Великобритании открыто назвало РФ потенциальным противником в этой игре, учитывая, что в большинстве других натовских учениях речь идет о безымянном противнике. Москва неоднократно отвергала утверждения западных политиков о якобы возможном нападении на страны Прибалтики.",39292,133,,tass_agency
377113,2026-05-22T17:26:01+00:00,"Киев ликует от убийства детей и не скрывает этого, заявила Мария Захарова, комментируя подтверждение Генштабом ВСУ удара по Старобельску.

""Оскотинивание киевского режима дошло до той стадии, когда <...> ликуют от убийства детей и не скрывают этого"", — сказала дипломат ""Известиям"".",36208,107,,tass_agency
377112,2026-05-22T17:16:01+00:00,"Глава Нацразведки США Тулси Габбард уходит в отставку, чтобы поддержать мужа в борьбе с редкой формой рака костей, сообщил телеканал Fox News.

✔ [Подпишись на ТАСС в ""Максе""](https://max.ru/tass_agency)",37590,86,,tass_agency
377111,2026-05-22T17:12:25+00:00,❕Глава ЛНР сообщил о введении режима ЧС регионального характера из-за атаки на колледж в Старобельске.,34552,35,,tass_agency
377110,2026-05-22T17:08:01+00:00,"Операторы БПЛА при атаке на колледж в Старобельске прекрасно видели цель атаки и знали, что совершают теракт. Такое мнение ТАСС высказал военный эксперт Андрей Марочко.

Он добавил, что точные дальнобойные дроны собираются на совместных предприятиях в западных странах.

✔ [Подпишись на ТАСС в ""Максе""](https://max.ru/tass_agency)",36105,28,,tass_agency
377109,2026-05-22T16:57:42+00:00,"🚨 Мирная жительница погибла, еще одна женщина ранена в Брянской области после удара БПЛА по автомобилю, сообщил врио губернатора.",35539,57,,tass_agency
377108,2026-05-22T16:47:51+00:00,"ООН решительно осуждает любые нападения на гражданское население, заявили в офисе генсека, комментируя удар ВСУ по колледжу в ЛНР.

Такие нападения запрещены международным и гуманитарным правом. ООН настоятельно призывает воздерживаться от действий, которые могут привести к дальнейшей эскалации.",41047,132,,tass_agency
377102,2026-05-22T15:56:01+00:00,"📷 **Ленинградский вокзал открыли после масштабного обновления. 
**
Мэр Москвы Сергей Собянин и гендиректор — председатель правления ОАО ""РЖД"" Олег Белозеров отметили, что планируется реконструировать всю территорию площади трех вокзалов.

Фото: Георгий Чернышов/ТАСС; видео: ТАСС/Ruptly

✔ [Подпишись на ТАСС / Москва в ""Максе""](https://max.ru/moscow_tass)",33808,278,,tass_agency
377101,2026-05-22T15:47:23+00:00,"Роспотребнадзор приостановил ввоз и оборот в России всех партий минеральной воды ""Джермук"".",41075,118,,tass_agency
377100,2026-05-22T15:21:26+00:00,"⚖️  Военный суд приговорил к 5 годам колонии студентку Полину Костикову* за попытку вступить в запрещенный РДК** медиком, передает корреспондент ТАСС__.

* Внесена в РФ в перечень террористов
** Запрещенная в России террористическая организация__

✔ [Подпишись на ТАСС в ""Максе""](https://max.ru/tass_agency)",42397,44,,tass_agency
377099,2026-05-22T15:10:40+00:00,📃Владимир Путин присвоил звание заслуженного деятеля искусств РФ Николаю Агутину.,33208,44,,tass_agency
377098,2026-05-22T14:59:01+00:00,"❕**Главное из заявлений Путина на встрече с выпускниками программы ""Время героев"": **

▪️Личный пример героев поможет молодежи делать правильный выбор;

▪️В России испокон веков с уважением относились к защитникам Отечества;

▪️""Время героев"" — уникальный способ поддержки ветеранов, такого раньше не было;

▪️Президент заявил, что знает ""обстановку на земле"";

▪️Киевские руководители покрывают воровство и помогают друг другу сбегать, например в Израиль;

▪️Украинская власть ворует все, включая экипировку и средства защиты тех, кого отправляют на фронт;

▪️Преступления нужны Киеву, чтобы отвлечь внимание, вызвать реакцию России и все дальше свалить на РФ;

▪️Россия всегда выходила из любых тяжелых испытаний, с опорой на людей;

▪️Российский лидер назвал важной работу в рамках ""Юнармии"", ведь патриотическое воспитание — одна из основных составляющих работы с молодежью;

▪️Борьба за воспитание, за умы детей — это ""новый фронт"";

▪️Проблемы в том числе в социальной сфере означают сбой в госсистеме, так к ним и нужно относиться. 

Видео: ТАСС/Ruptly

✔ [Подпишись на ТАСС в ""Максе""](https://max.ru/tass_agency)",34990,88,,tass_agency
377097,2026-05-22T14:53:21+00:00,"▶️ **Герои, прошедшие СВО, — ""соль земли русской"",** они должны составить костяк будущих управленцев, заявил Путин.

Видео: ТАСС/Ruptly

✔ [Подпишись на ТАСС в ""Максе""](https://max.ru/tass_agency)",31219,114,,tass_agency
377096,2026-05-22T14:40:47+00:00,"▶️ Путин призвал украинских солдат не участвовать в преступлениях киевского режима.

Видео: ТАСС/Ruptly

✔ [Подпишись на ТАСС в ""Максе""](https://max.ru/tass_agency)",33819,116,,tass_agency
377095,2026-05-22T14:36:06+00:00,"📹 Путин и выпускники первого потока программы ""Время героев"" минутой молчания почтили память погибших при ударе ВСУ по колледжу в Старобельске.

Видео: ТАСС/Ruptly

✔ [Подпишись на ТАСС в ""Максе""](https://max.ru/tass_agency)",34729,74,,tass_agency
377094,2026-05-22T14:32:37+00:00,"⚡️ **Главное из заявлений Путина об ударе ВСУ по общежитию колледжа в Старобельске: **

▪️Российский лидер отверг утверждения, что попадание БПЛА ВСУ по колледжу могло быть результатом работы ПВО или РЭБ;

▪️Число погибших при ударе Киева по общежитию в Старобельске возросло до шести;

▪️Президент осудил удар ВСУ по общежитию колледжа;

▪️Путин заслушал доклады глав ЛНР, Минобороны, МЧС, ФСБ об ударе;

▪️Никаких военных объектов рядом с общежитием в Старобельске нет;

▪️По итогам атаки на Старобельск ""будут сделаны выводы"";

▪️Удар по Старобельску не был случайным, три волны беспилотников били в одно и то же место;

▪️Удар по Старобельску подтверждает террористический и неонацистский характер киевского режима;

▪️Путин призвал украинских солдат не участвовать в преступлениях киевского режима и не выполнять приказы. 

Видео: ТАСС/Ruptly

✔ [Подпишись на ТАСС в ""Максе""](https://max.ru/tass_agency)",33335,209,,tass_agency
377093,2026-05-22T14:26:51+00:00,"❗️Путин заявил, что поручил Минобороны подготовить предложения по ответу на удар по Старобельску, ограничиться заявлениями нельзя.

✔ [Подпишись на ТАСС в ""Максе""](https://max.ru/tass_agency)",39438,394,,tass_agency
377092,2026-05-22T14:24:05+00:00,"❗️Удар по Старобельску подтверждает террористический и неонацистский характер киевского режима, заявил Путин.

Киевский режим терпит провалы на фронте, не помогает ни разворовываемая помощь, ни отлов на улицах людей, словно собак.",32589,143,,tass_agency
377091,2026-05-22T14:22:35+00:00,"❗️Удар по Старобельску не был случайным, три волны беспилотников били в одно и то же место, заявил Путин.

✔ [Подпишись на ТАСС в ""Максе""](https://max.ru/tass_agency)",33893,178,,tass_agency
377090,2026-05-22T14:20:36+00:00,"⚡️ Путин отверг утверждения, что попадание БПЛА ВСУ по колледжу в Старобельске могло быть результатом работы ПВО или РЭБ.",32405,147,,tass_agency
377089,2026-05-22T14:19:43+00:00,"❗️Число погибших при ударе Киева по общежитию в Старобельске возросло до шести, сообщил Путин.",38483,149,,tass_agency
377088,2026-05-22T14:17:34+00:00,"❗️Путин сообщил, что заслушал доклады глав ЛНР, Минобороны, МЧС, ФСБ об ударе в Старобельске.",35002,135,,tass_agency
377087,2026-05-22T14:17:34+00:00,❗️Путин осудил удар ВСУ по общежитию колледжа в Старобельске.,34836,169,,tass_agency
377086,2026-05-22T14:16:33+00:00,"▶ Путин проводит встречу с выпускниками программы ""Время героев"". Присоединяйтесь к нашей [трансляции](https://t.me/tass_live?livestream).

Видео: ТАСС/Ruptly",33178,23,,tass_agency
377081,2026-05-22T14:14:01+00:00,"▶ **Пентагон обнародовал новый массив данных об НЛО.**

Среди этого блока сведений — видеозапись неидентифицированного летающего объекта над Ираком от 1 мая 2022 года. Она содержит пояснение, что на этой пленке запечатлен, возможно, истребитель Су-27 или Су-35.

Видео и фото: Сайт Военного министерства США/ТАСС

✔ [Подпишись на ТАСС в ""Максе""](https://max.ru/tass_agency)",27310,110,,tass_agency
377080,2026-05-22T14:11:39+00:00,"**Главные новости к этому часу:**

▪ВС РФ [освободили](https://tass.ru/armiya-i-opk/27496015) Верхнюю Терсу в Запорожской области, сообщили в МО. 

▪Удары, как атака на Старобельск, [осуществляются](https://tass.ru/politika/27500791) при содействии НАТО, сообщили в МИД РФ.

▪Удар ВСУ по колледжу в Старобельске и наказание для Киева. Темы брифинга Пескова — в [материале](http://tass.ru/politika/27497027) ТАСС.

▪В белые списки будут поэтапно [включать](https://tass.ru/ekonomika/27498637) банки и страховщиков, заявила Набиуллина.

▪Есть погибший. [Что известно](https://tass.ru/proisshestviya/27498939) о взрыве на предприятии MOL в Венгрии.

▪В Москве из-за драки на свадьбе [задержали](https://tass.ru/proisshestviya/27496833) более 30 человек.

▪В РФ предложили [не снижать](https://tass.ru/obschestvo/27496709) оценки за 10% ИИ-контента в студенческих работах.

▪Директор департамента ЦБ Данилов [назвал](https://tass.ru/ekonomika/27498637) шокирующими цены на квартиры в Москве.

▪Почти 1,2 млрд жителей Земли [страдают](https://tass.ru/obschestvo/27495649) психическими расстройствами.

▪В МВД [предупредили](https://tass.ru/obschestvo/27500075) об использовании мошенниками объявлений о щенках как приманки.

✔️ [Подпишись на ТАСС в ""Максе""](https://max.ru/tass_agency)",28367,18,,tass_agency
377079,2026-05-22T14:04:34+00:00,"Норовирус стал причиной заболевания 16 детей в лагере в Башкирии. Инфекция была обнаружена у работника пищеблока, сообщили в Роспотребнадзоре.",27811,31,,tass_agency
377078,2026-05-22T13:47:39+00:00,"📹 Российские бойцы ударили снарядами ""За Старобельск"" по позициям ВСУ.

Видео: ТАСС

✔ [Подпишись на ТАСС в ""Максе""](https://max.ru/tass_agency)",32230,120,,tass_agency
377077,2026-05-22T13:42:01+00:00,"▶️ **__""Это действительно бесчеловечный, безжалостный и бессердечный поступок"".__** Удар ВСУ по Старобельскому профессиональному колледжу показал безжалостность киевского режима, заявил ТАСС депутат регионального парламента Павел Пилавов.

Видео: Евгений Мартынов/ТАСС

✔ [Подпишись на ТАСС в ""Максе""](https://max.ru/tass_agency)",30344,45,,tass_agency
377076,2026-05-22T13:25:07+00:00,"❕**Удары, подобные атаке в Старобельске, осуществляются при техническом содействии специалистов НАТО. **Главное из заявлений МИД РФ:

▪️Совершив атаку в Старобельске, киевский режим и его кураторы берут на себя всю полноту ответственности за эскалацию боевых действий;

▪️РФ располагает достоверной информацией, что западные столицы снабжают ВСУ разведданными и помогают с целенаведением;

▪️Снисхождения никому из виновных в атаке на колледж в Старобельске не будет;

▪️Киевский режим, терпящий поражение на поле боя, открывает новую страницу в вооруженном конфликте;

▪️Удар ВСУ по общежитию в Старобельске был целенаправленной атакой в духе германских нацистов;

▪️РФ призывает международные структуры дать честную оценку преступлению Киева и решительно осудить кровавый теракт в Старобельске.

✔️ [Подпишись на ТАСС в ""Максе""](https://max.ru/tass_agency)",33366,158,,tass_agency
377075,2026-05-22T13:23:30+00:00,"▶️ Атакованные ВСУ здания Старобельского профессионального колледжа Луганского государственного педагогического университета не подлежат восстановлению, сообщила ТАСС ректор вуза Жанна Марфина.

Видео: Евгений Мартынов/ТАСС

✔ [Подпишись на ТАСС в ""Максе""](https://max.ru/tass_agency)",32242,83,,tass_agency
377074,2026-05-22T13:18:51+00:00,"Запрошенное Россией экстренное заседание СБ ООН в связи с ударом ВСУ по общежитию в Старобельске начнется в 22:00 мск, сообщает постпредство.",34373,104,,tass_agency
377073,2026-05-22T12:53:13+00:00,"18-летнему юноше грозит ампутация руки после атаки ВСУ на колледж в Старобельске, сообщил замглавврача Луганской республиканской клинической больницы Котуха.

✔️ [Подпишись на ТАСС в ""Максе""](https://max.ru/tass_agency)",34473,92,,tass_agency
377072,2026-05-22T12:48:44+00:00,"Число выявленных случаев хантавируса в связи со вспышкой на судне Hondius **возросло до 12**, заявил глава ВОЗ Тедрос Аданом Гебрейесус.",34721,31,,tass_agency
377071,2026-05-22T12:44:25+00:00,"**Мошенники часто используют объявления о щенках кавалер-кинг-чарльз-спаниеля как приманку,** сообщили в МВД.

Фотографии животных нередко оказываются украденными из соцсетей или вовсе сгенерированными нейросетями. Любые просьбы о срочной предоплате, переводе денег ""за бронь"", ""доставку"" или ""лечение"" без возможности проверить информацию — повод насторожиться.

✔️ [Подпишись на ТАСС в ""Максе""](https://max.ru/tass_agency)",37294,111,,tass_agency
377070,2026-05-22T12:21:03+00:00,"Россия запросила экстренное заседание СБ ООН после удара ВСУ по общежитию в Старобельске, сообщает постпредство при всемирной организации.",36404,118,,tass_agency
377069,2026-05-22T12:14:01+00:00,"**__""Я не знаю, сколько надо зарабатывать, чтобы это покупать"".__** Директор департамента банковской аналитики и регулирования ЦБ Данилов заявил, что был шокирован ценами на квартиры в Москве.

Он также подчеркнул, что доля рассрочки при продаже жилья застройщиками стабилизировалась, ЦБ ждет принятия закона для регулирования сделок с этим механизмом.

✔ [Подпишись на ТАСС в ""Максе""](https://max.ru/tass_agency)",38656,230,,tass_agency
377068,2026-05-22T12:07:05+00:00,"⚖️Суд отправил под домашний арест сотрудника РАН Светлану Месяц по обвинению в особо крупном мошенничестве, сообщили ТАСС в суде.",36968,43,,tass_agency
377067,2026-05-22T11:57:44+00:00,"Открытое горение на территории колледжа в Старобельске ликвидировано, площадь пожара составила 1,3 тыс. кв. метров. Об этом ТАСС сообщили в оперативных службах.

✔ [Подпишись на ТАСС в ""Максе""](https://max.ru/tass_agency)",36925,32,,tass_agency
377066,2026-05-22T11:44:01+00:00,"""Вкусвилл"" провел проверку партии молока после сообщений о кишечной палочке, отклонений не выявлено, рассказали ТАСС в компании.

Там отметили, что на развитие микроорганизмов могут повлиять условия транспортировки и смена температуры. Ранее Telegram-канал ""Shot проверка"" сообщил о том, что кишечную палочку нашли в молоке из ""Вкусвилла"" в Брянске.",37897,65,,tass_agency
377065,2026-05-22T11:35:54+00:00,"📹 Кадры последствий атаки ВСУ на колледж в Старобельске в ЛНР.

Видео: Официальный канал ГУ МЧС России по ЛНР в ""Максе""/ТАСС

✔ [Подпишись на ТАСС в ""Максе""](https://max.ru/tass_agency)",43599,148,,tass_agency
377064,2026-05-22T11:28:01+00:00,"Банки и страховщики будут поэтапно включаться в белые списки Минцифры, сообщила Набиуллина.

✔ [Подпишись на ТАСС в ""Максе""](https://max.ru/tass_agency)",35059,50,,tass_agency
377063,2026-05-22T11:20:09+00:00,"Запад является соучастником преступлений ВСУ и несет ответственность за атаку на общежитие колледжа в Старобельске, заявил ТАСС Слуцкий.",33592,43,,tass_agency
377062,2026-05-22T11:14:41+00:00,"📹 Упавшую в реку в Южной Осетии россиянку могло унести в Грузию, сообщил ТАСС глава югоосетинской делегации в рамках МПРИ Егор Кочиев.

Женщина 1974 года рождения упала в реку Лиахва вечером 21 мая. Поисковые мероприятия вели вдоль берега, но результатов нет. Югоосетинская сторона обратилась к грузинской за помощью.

Видео: МЧС Республики Южная Осетия/ТАСС

✔ [Подпишись на ТАСС в ""Максе""](https://max.ru/tass_agency)",34760,80,,tass_agency
377061,2026-05-22T10:58:22+00:00,"▶ ""Калашников"" впервые показал управляемый боеприпас ""Куб-10МЭ"" с дальностью полета свыше 100 км, передает корреспондент ТАСС.

Видео: Алексей Жуков/Михаил Скуратов/ТАСС

✔ [Подпишись на ТАСС в ""Максе""](https://max.ru/tass_agency)",33827,147,,tass_agency
377060,2026-05-22T10:38:01+00:00,"Запад под флагами нацизма и реваншизма создает общеевропейскую группу нападения на РФ, заявил Лавров интернет-изданию ""Детская редакция"".

✔ [Подпишись на ТАСС в ""Максе""](https://max.ru/tass_agency)",37812,268,,tass_agency
377059,2026-05-22T10:20:35+00:00,"Уголовное дело возбуждено в Туве после сообщений об уколах четверым воспитанникам детсада, сообщает МВД.",33703,63,,tass_agency
377058,2026-05-22T10:11:40+00:00,"▶️ Более 30 человек задержаны из-за драки на свадьбе в Москве на улице Юных Ленинцев, сообщили ТАСС в МВД.

Видео: Официальный канал ГУ МВД России по Москве в ""Максе""/ТАСС

✔ [Подпишись на ТАСС / Москва в ""Максе""](https://max.ru/moscow_tass)",34257,168,,tass_agency
